Periods,Solar PV,Wind
1,0.0,20341.536534170464
2,0.0,18865.278812545585
3,0.0,18051.916414426276
4,0.0,15231.82969088527
5,0.0,13254.54717218779
6,0.0,13161.12539177203
7,0.0,15195.868938755943
8,42.76076356751907,24886.062736523516
9,125.50976944122468,28612.86052647313
10,208.9510704672354,29024.163235418913
11,280.66769155450754,27607.77544698019
12,331.0487418393362,24641.659207707413
13,354.2501493727074,22129.034927252855
14,348.0009704943182,21926.049144790955
15,313.10967188345086,24324.96765156645
16,253.3688931489776,28742.93766950014
17,176.13480397683884,35407.33750041942
18,92.17396392109666,45283.07925071989
19,10.151561604089942,50232.605011696425
20,0.0,48319.31834041898
21,0.0,44544.019125444545
22,0.0,41140.457336092935
23,0.0,35294.91530364608
24,0.0,32228.41791400339
25,0.0,31207.09351002965
26,0.0,30331.896062268373
27,0.0,26878.103486397584
28,0.0,26112.111721820373
29,0.0,26549.993910576715
30,0.0,24401.542638901232
31,0.0,20501.986718951197
32,41.9856915031189,28721.8909210162
33,120.46595152028928,37544.677115350096
34,199.99484202536652,40134.31287149911
35,269.0000592959977,38565.08325363844
36,318.0672239944323,36538.58739690147
37,341.1790251256347,34981.91932050173
38,335.7371338258191,35170.47145132141
39,302.41274983205886,36716.690631335
40,245.05018924023287,39244.77699692306
41,170.70926024244454,40870.99304321175
42,90.214790429363,39287.002534046325
43,12.395915624702342,32975.6203586126
44,0.0,27685.478056496893
45,0.0,24266.219177411782
46,0.0,19885.160327490037
47,0.0,17712.783559360214
48,0.0,18030.563521441854
49,0.0,19227.848517016697
50,0.0,22472.981685096434
51,0.0,28456.047697611884
52,0.0,31125.1437323215
53,0.0,32253.278215419337
54,0.0,35454.22211082944
55,0.0,37633.825299280295
56,41.68011031392178,48760.45145345543
57,123.49383626905929,53108.28092614771
58,206.41268654442231,51961.03221708439
59,278.1049320747283,48914.91453497096
60,328.8385739958906,44257.98868766591
61,352.6719102051125,39306.435964577286
62,347.16505801214095,37133.29144010006
63,312.9443154200169,39167.781799733784
64,253.7348937049915,43109.32178733137
65,176.92420363017152,47160.009983504155
66,93.27843566302168,49212.50713203396
67,11.090863221129906,45914.04323284467
68,0.0,42497.437073444715
69,0.0,40966.51058949455
70,0.0,36995.47048291617
71,0.0,33110.317616515844
72,0.0,29595.128222081108
73,0.0,26592.363611645193
74,0.0,24342.85915056034
75,0.0,23347.53875431603
76,0.0,23531.994254852794
77,0.0,25039.79623419415
78,0.0,26771.217463853252
79,0.0,27389.832710115337
80,41.19121529402624,35823.69028594924
81,124.56857024127268,39484.14806938641
82,209.26880731979404,40694.06246052905
83,282.4556505577886,41822.84634195329
84,334.0461089785821,42542.93159361599
85,358.3061731546312,42863.25883431593
86,352.80899961166176,43502.60077202446
87,318.2172617431826,45387.681735483755
88,258.1148605620212,48207.80446642513
89,180.02131951476235,50989.20332621332
90,94.8962677105462,51771.76349026691
91,10.52314551724347,48215.02002489979
92,0.0,44592.69293001189
93,0.0,40201.53235698298
94,0.0,35280.124007738465
95,0.0,30694.54347540722
96,0.0,27574.521257471777
97,0.0,24974.290394296622
98,0.0,20990.758195601316
99,0.0,18874.98880961949
100,0.0,18309.926303021173
101,0.0,16779.43332026216
102,0.0,15389.345598183698
103,0.0,14051.465347101917
104,40.758177139952274,16937.151723089628
105,123.19128419187778,19931.79981661853
106,206.8204401399379,20423.19691035154
107,279.27736270198386,20762.495425945242
108,330.63578922407646,21007.697833079514
109,354.94976513731183,21835.491475526338
110,349.78337032860105,23691.679402696074
111,315.7898238242685,26385.996188369394
112,256.46301237311826,30078.220031331675
113,179.24291495955254,33863.9472573694
114,94.99413373037228,36162.61809116214
115,11.192820887253692,34746.94701524826
116,0.0,31542.362384072203
117,0.0,29466.88704130001
118,0.0,26346.545749507542
119,0.0,24203.79893026139
120,0.0,23239.93719370611
121,0.0,23040.092639998435
122,0.0,24650.506257906454
123,0.0,25565.420925023558
124,0.0,26725.99117097475
125,0.0,25798.072909652896
126,0.0,23219.804656695153
127,0.0,20884.69112746542
128,37.87402779895119,22776.016798820594
129,103.68637925307657,21203.59540104675
130,171.20987130154165,21092.45659046549
131,230.42541709003692,20342.177707121707
132,273.04629279749287,18621.988787303366
133,293.53405936395666,18427.097894937277
134,289.7363673034902,20354.596768975873
135,261.7651038926141,24817.546539440522
136,213.18314924271735,31489.90927962954
137,150.3383734051982,38324.076825427575
138,82.32452990366083,42942.67201472109
139,17.620304979961197,42381.027835121866
140,0.0,39598.70177299535
141,0.0,36837.15288914567
142,0.0,34395.65099518795
143,0.0,30668.77636263181
144,0.0,27490.68411175739
145,0.0,25159.642366880908
146,0.0,24080.746931743335
147,0.0,22824.584068484357
148,0.0,20897.26015017076
149,0.0,19489.85042459197
150,0.0,17671.551615626857
151,0.0,16238.003983726256
152,37.02810740549743,21247.181943094605
153,101.27769323193571,20826.696272219342
154,167.62018716492588,19998.672285257933
155,225.92516487151403,20840.592036609272
156,267.70100043369445,23933.5488403279
157,287.7155443057553,27510.27383889435
158,283.8038712292552,30606.225431296007
159,256.3831256062845,33108.85560679428
160,208.8097750859723,34725.78926644891
161,147.40938250127732,35733.79801380752
162,81.12339906888397,36842.214190562496
163,18.24680220365237,37812.91038266182
164,0.0,37693.72898108823
165,0.0,36095.87070295527
166,0.0,33346.33704990637
167,0.0,30120.458415359608
168,0.0,26258.118775100837
169,0.0,23915.985722641224
170,0.0,23539.01308023413
171,0.0,22973.158397054554
172,0.0,21873.952755951384
173,0.0,18799.128704699884
174,0.0,16159.950380115848
175,0.0,15570.431205181814
176,38.33033690886319,27680.013183187944
177,109.74175877542788,35804.25670595773
178,182.8681285172218,35308.583821187116
179,246.94673193728812,31837.51804478036
180,293.219957843556,28192.745794374816
181,315.66418082569703,25955.71582402262
182,311.29082097801864,25831.61768465446
183,281.0435179497831,28323.5839470456
184,228.84119734285773,32570.293473110007
185,161.3594273190224,38106.57677079974
186,88.12810559878885,44190.11565720027
187,19.728929591649656,46973.2827087549
188,0.0,48114.80321144536
189,0.0,46946.48509727121
190,0.0,43944.903996940084
191,0.0,41982.71110410527
192,0.0,40294.89457238731
193,0.0,39131.42066717021
194,0.0,37438.36067020479
195,0.0,35829.88420361319
196,0.0,34216.62057627235
197,0.0,31341.627921184103
198,0.0,27734.919951326512
199,0.0,26006.566447543188
200,38.73904196947439,36701.13682524295
201,117.25981138401905,39573.688597602784
202,197.4064281722241,37157.99456556102
203,267.1874730936308,34040.142218699984
204,317.08755714027626,31880.684790147207
205,341.123865411087,31206.41738775912
206,336.80117705703884,31982.042143676463
207,304.71197070854976,34009.83270790783
208,248.53606053118605,37588.85460389632
209,175.19282512782735,42852.06737905909
210,94.85844725005046,47535.742765547286
211,19.275214780728405,48741.90791847826
212,0.0,48257.49602888565
213,0.0,47245.38065670904
214,0.0,47559.20584288229
215,0.0,45265.671397806684
216,0.0,42752.321307120386
217,0.0,40441.211294655644
218,0.0,37731.81045382517
219,0.0,34628.2145118872
220,0.0,31182.624195332402
221,0.0,28349.594435969007
222,0.0,27598.12726783975
223,0.0,27247.990967889786
224,38.17115276649815,26742.27195117812
225,114.63737729737736,20929.14162011732
226,192.9670381133544,17059.069145409645
227,261.5078717360152,15781.784661328638
228,310.7572935233684,15221.193766930957
229,334.674131792826,16249.904218280622
230,330.8387319791694,19038.292312849935
231,299.66606555945265,22829.914984092644
232,244.6737967454121,27968.693773699997
233,172.78137353241047,34228.66426166391
234,94.08756728520062,39898.20196341505
235,20.19254613456822,41337.284698517884
236,0.0,39865.859913838314
237,0.0,36656.011721640236
238,0.0,33110.99182130218
239,0.0,30176.92363784072
240,0.0,28131.12918950774
241,0.0,25581.87562597334
242,0.0,24036.90299686266
243,0.0,22088.61293565855
244,0.0,19344.00593299495
245,0.0,15462.742424052667
246,0.0,12842.618460211901
247,0.0,12065.819886774256
248,37.96969461838176,14260.660800737773
249,116.94142155223724,13128.383387832035
250,197.82354485725008,12425.515702023911
251,268.5552128996027,13727.390104844668
252,319.3088404111276,15655.115305617875
253,344.09989326051027,17214.60584603661
254,340.3362146087356,19392.193066342345
255,308.4654434445613,22331.676833172565
256,252.01036308129065,25783.244113878096
257,178.0251729617989,29481.3576140636
258,96.79139875513886,31180.066894143754
259,20.319811537389004,29250.97755719523
260,0.0,26169.52311300322
261,0.0,23678.295648014893
262,0.0,20549.300355405037
263,0.0,19163.017640911243
264,0.0,17864.61319381783
265,0.0,15954.99681961115
266,0.0,16823.281248891126
267,0.0,18667.25199046416
268,0.0,20203.66848692745
269,0.0,19556.43853576111
270,0.0,17590.01969514302
271,0.0,16175.014140045238
272,37.6682299102045,19216.762599260677
273,117.97585430765656,19308.637860846557
274,200.50379332692503,19129.67592904972
275,272.57957453139335,18835.483104209314
276,323.8683094870428,18512.83624170197
277,348.668774384954,17005.28339915703
278,344.62131711164085,15346.759404511626
279,312.24901544508145,15045.581669596102
280,255.14454763322357,16955.82439271027
281,180.2829540935475,21518.52640330882
282,98.1255532044578,26246.107009317806
283,20.65116676592417,29628.123052924955
284,0.0,29972.505482172044
285,0.0,30766.38746971359
286,0.0,31174.19272880997
287,0.0,30026.817090943332
288,0.0,29468.695629781545
289,0.0,27306.8863518675
290,0.0,26105.9557294424
291,0.0,25711.917163243048
292,0.0,23428.069939886067
293,0.0,20152.62802752502
294,0.0,16855.801525995357
295,0.0,14995.09230783158
296,37.24048818434016,16325.754569750032
297,117.31584260707436,15582.557597761872
298,199.28729571051784,16006.819245754852
299,270.991216267632,17050.682596151855
300,322.6267173412773,18346.214869218576
301,348.2077177363637,21095.774034731294
302,344.9745662998177,25188.199956746448
303,313.15298382273664,28223.420236833852
304,256.14969953870235,29703.70801771545
305,181.15236303657235,32093.600135495384
306,98.8070565334613,36392.00354191258
307,21.14638520978849,38633.838403530994
308,0.0,37296.42791165355
309,0.0,37071.665251855215
310,0.0,37792.143349320504
311,0.0,38032.13854170708
312,0.0,34481.5528356547
313,0.0,28079.512064684295
314,0.0,21181.470940140833
315,0.0,17193.093200874875
316,0.0,16805.488519468036
317,0.0,17893.06017576626
318,0.0,18951.44373701091
319,0.0,17653.86694530263
320,36.841394862504416,19769.611052362776
321,116.5434468909818,18082.834398146246
322,198.2636825736109,16181.973452269689
323,269.8558268293769,14228.165523605148
324,321.4266323582434,11918.81380261051
325,346.79437974286225,11006.631109548594
326,343.5482821571272,12937.274083364304
327,312.0658082221128,17068.37273007435
328,255.60141915421283,22879.55647351024
329,181.12932091232744,28830.38328365456
330,99.1194726804442,33783.13943623173
331,21.709295206054996,33763.38830576431
332,0.0,30693.224119227023
333,0.0,29848.036471719028
334,0.0,30844.28471408839
335,0.0,29203.366028327287
336,0.0,23714.595334735215
337,0.0,19176.13862822032
338,0.0,16784.60390879321
339,0.0,17219.63090963876
340,0.0,20827.602269083916
341,0.0,21361.632278170804
342,0.0,19017.053654002633
343,0.0,15852.049616816066
344,36.49988772376837,16060.686821252853
345,117.17560715526416,13193.233026525133
346,199.8698697861008,12148.061033538524
347,272.25497841064947,13606.23366891262
348,324.5110647770947,15330.59300523553
349,350.5032614406459,16724.405446682205
350,347.62113358857306,17612.40633507181
351,315.8164125037159,16913.059374341094
352,258.64953983178054,17739.118986944468
353,183.32636369415917,20376.893569960313
354,100.40505696218534,25207.763605997006
355,22.02660499948392,31953.47994467476
356,0.0,35351.46108490105
357,0.0,36768.51470793726
358,0.0,39199.0957658506
359,0.0,38461.86575235
360,0.0,33801.42812692991
361,0.0,29523.383067654013
362,0.0,27100.01944503499
363,0.0,26479.511731169543
364,0.0,24673.733119236596
365,0.0,20202.15309078089
366,0.0,14805.540896541566
367,0.0,11809.865587377235
368,36.1414252852306,16986.06916323013
369,115.65607377493536,16251.74773329744
370,197.46560746884265,14040.641151076543
371,269.32054301016746,13031.36629924387
372,321.00094629738976,12714.550809081136
373,346.3473420800736,12653.799659467293
374,342.9909719363111,13778.798172550032
375,311.3836269129671,16159.28415514343
376,255.13830190356103,20350.195793101986
377,181.1492314719264,26235.364010236084
378,99.6974172330056,33183.17677716215
379,22.71946966369977,38424.38699277684
380,0.0,40458.805578772866
381,0.0,38461.93384204544
382,0.0,34753.789219455306
383,0.0,31791.343681749022
384,0.0,29264.653123361782
385,0.0,27670.420905264666
386,0.0,27476.47647013161
387,0.0,25943.01628904028
388,0.0,23060.08894054467
389,0.0,18516.332374804726
390,0.0,14209.247896963538
391,0.0,11485.294348379637
392,35.83449876493391,15027.57792037721
393,116.02004408834796,15981.478946574947
394,198.3008465450444,16511.841051876836
395,270.41147088521933,16264.060665113473
396,322.5480304560401,15367.819240618723
397,348.541364776013,16537.071457828897
398,345.78094137749406,20584.389756804205
399,314.61548423376405,25722.443867466154
400,258.35469146731646,31717.312949040184
401,183.8025409760452,37713.392100439196
402,101.3353777544422,43082.413292895915
403,23.14221190694129,43611.53600992008
404,0.0,42260.91761295633
405,0.0,42584.529629688055
406,0.0,42406.57761425154
407,0.0,40463.923606922894
408,0.0,36165.85599961273
409,0.0,32415.22217163211
410,0.0,29003.416016025294
411,0.0,25199.141517941847
412,0.0,20267.996995113048
413,0.0,15508.757355712956
414,0.0,12099.438413257929
415,0.0,12337.690506301225
416,35.51281690495175,15480.572070812235
417,115.8999713078904,13677.498553325331
418,198.51901667799555,11019.674231622377
419,271.1081686565268,9882.84416758408
420,323.5845400742752,10579.592561477208
421,349.66025365947434,12556.079028692233
422,346.86677004119406,16018.346790501748
423,315.64519709016497,21361.167615720948
424,259.3099233209385,27453.366938228573
425,184.7177752610665,35100.94323671372
426,102.11186349650742,43128.6557470747
427,23.631202070233265,44517.177538658834
428,0.0,42565.61112931959
429,0.0,41580.189064601866
430,0.0,39550.51065541294
431,0.0,37489.456420145136
432,0.0,34687.93668517138
433,0.0,32340.298025598237
434,0.0,30757.96443060241
435,0.0,27453.853219719236
436,0.0,21879.318195031177
437,0.0,14144.977076156338
438,0.0,10409.651938452782
439,0.0,11275.930986913434
440,33.55722599299453,14721.476967951141
441,100.4429932583224,14717.246891147706
442,169.93694988266728,14412.218852586891
443,231.67099903525957,13535.850469117402
444,276.8382571091914,13184.801164919758
445,299.7252367775876,13411.406412290811
446,297.72193934220115,14862.762457476483
447,271.2424861012205,18186.627563041082
448,223.00919752528395,22786.77286619995
449,159.4360542390646,26716.9154145438
450,89.79116015259683,29448.179264773004
451,24.349984389640813,30184.50844635022
452,0.0,29853.70007942293
453,0.0,29141.296511246303
454,0.0,28183.374921410115
455,0.0,28251.59756588469
456,0.0,28262.76708506591
457,0.0,26574.110115836476
458,0.0,25421.11498565249
459,0.0,25686.272280362693
460,0.0,25570.09123340906
461,0.0,20983.839795948417
462,0.0,13518.607420681763
463,0.0,8655.816547586828
464,33.07519359704045,13951.435511478385
465,99.07590403795622,17000.831046465413
466,167.80879952931886,19452.608500616494
467,228.92932413815748,21246.34400998018
468,273.6360103052908,22102.928950231293
469,296.19859948168977,21781.9304676773
470,294.0494886025977,21539.347807324728
471,267.6144531771215,22811.103625048298
472,220.0679750406232,25450.106268147338
473,157.49105841325866,30152.60047549008
474,89.04746323457786,36997.62654623164
475,24.620756245449314,40604.26610328324
476,0.0,39894.04628679462
477,0.0,38577.279474281284
478,0.0,36119.699017081526
479,0.0,32645.983339452134
480,0.0,26859.715215440978
481,0.0,20067.235613329583
482,0.0,14206.52255074658
483,0.0,10639.050286488384
484,0.0,10165.859391582846
485,0.0,11701.936225424888
486,0.0,14142.213186045863
487,0.0,18137.22618378093
488,33.43526710061727,26711.151523735687
489,102.50822090637098,29114.28493617079
490,174.2916534103408,29419.262089252516
491,238.02944173831497,30118.526172122187
492,284.8485916087212,30825.169691307845
493,308.8207028263145,30527.98271205199
494,306.7937319547383,29801.01542681664
495,279.19971868664896,29674.334601743547
496,229.49365024257028,31119.706228426425
497,164.1725302823286,34453.68443715736
498,92.64170823463576,40925.79447424792
499,25.192739053863026,46251.11163837887
500,0.0,46535.78523412251
501,0.0,43816.350180501
502,0.0,39117.08927532022
503,0.0,35713.0234171809
504,0.0,33116.418247999274
505,0.0,32106.460715762743
506,0.0,31894.15928782702
507,0.0,33131.68181192326
508,0.0,31758.515491639628
509,0.0,26821.02876158868
510,0.0,22334.366728465167
511,0.0,19300.83877110355
512,34.48148269237955,32483.05182011907
513,117.45297597373178,40014.6591384193
514,202.7964677776745,42903.440595386
515,277.8454315986808,43438.79859812394
516,332.4211531477013,42335.50015445665
517,360.06314782048406,41128.051085247374
518,357.9525990451709,41285.81689241848
519,326.411578143555,43858.98326145103
520,268.8050794885377,47871.59799024333
521,192.0610797742772,52903.28547703833
522,106.7666850613964,57232.11350703767
523,25.3142607179431,58249.47002612099
524,0.0,55062.50526278439
525,0.0,50463.09038571691
526,0.0,47157.206377209535
527,0.0,43832.470541761235
528,0.0,42838.68664371241
529,0.0,41086.06503542319
530,0.0,39791.14906497682
531,0.0,39510.252373326395
532,0.0,38678.4488463033
533,0.0,37394.48414620225
534,0.0,37573.2998216929
535,0.0,38653.5606513157
536,34.1096398211616,51007.23460301075
537,113.32479336918531,53092.156895191256
538,195.14004227916627,49958.878922581425
539,267.3787857599036,45765.40498088865
540,320.11730769203905,43295.10722974114
541,346.9650893942451,43092.788408335815
542,345.0591213902346,43390.444977035746
543,314.6826125907958,44707.4581748561
544,259.2592510673825,47470.51532107554
545,185.62059482663264,52223.84962788071
546,103.94532878467224,57785.722375021694
547,26.05074246044097,60039.017194670916
548,0.0,59049.93565950156
549,0.0,55402.64176077123
550,0.0,51481.86188789029
551,0.0,47122.356783972755
552,0.0,43613.01273135718
553,0.0,41390.030780209854
554,0.0,41900.51763303106
555,0.0,42817.80539550186
556,0.0,41084.874221060796
557,0.0,37685.58926979778
558,0.0,34135.5352457021
559,0.0,33931.194786276355
560,33.94415354497158,41944.15010373017
561,115.36983653452964,43786.31076935064
562,199.37206377838376,40979.85736214118
563,273.3792819254875,35046.58430944913
564,327.20678110243847,27364.252135794115
565,354.52917917519545,21576.421308441302
566,352.70239555624335,19019.492947477138
567,321.86464668218554,19547.22272046821
568,265.2372906100692,23418.522879448457
569,189.9677108941176,28872.44735425926
570,106.2357591558694,35001.77860555984
571,26.29731847582911,38879.353350487814
572,0.0,37419.80163785345
573,0.0,34683.059496504524
574,0.0,32587.843753932477
575,0.0,30902.58392355656
576,0.0,28894.959774363484
577,0.0,27833.619210828994
578,0.0,27573.409319180864
579,0.0,27214.712735828234
580,0.0,26640.270853894872
581,0.0,28616.849682901964
582,0.0,26748.566588780577
583,0.0,24557.47513921452
584,33.646478457939935,25891.921979526454
585,113.05203894769978,21953.14750085534
586,195.102463637259,17148.66281324365
587,267.4850945675041,13297.237798631426
588,320.1297132270512,10311.819671614607
589,346.92366051811894,9204.88213384309
590,345.1771135489141,10413.273137523538
591,315.1618335850612,13749.364838332694
592,260.18086828129464,20271.88453137439
593,186.7521260670769,29528.273749507935
594,105.029174657004,39476.378888680636
595,26.853270794522324,44991.17287218974
596,0.0,45226.84558769325
597,0.0,45336.848445930256
598,0.0,45373.59642708626
599,0.0,40946.69862503539
600,0.0,32465.633859595946
601,0.0,22136.348811968895
602,0.0,14335.18359262845
603,0.0,11363.585328406505
604,0.0,12669.639580868725
605,0.0,14682.920176697407
606,0.0,14030.386050423369
607,0.0,12521.718436393405
608,33.391004211335826,13798.453718862685
609,111.83697580782604,12817.068711635788
610,192.96035785305256,11971.642943078034
611,264.689447248539,11512.02140951119
612,317.0710022474011,10479.666933090422
613,343.8301245460995,10011.630384351687
614,342.2809307864219,11042.287659411395
615,312.5732987825856,13728.413436020172
616,258.0691772726198,19471.16193789362
617,185.3817488917636,29269.42619111532
618,104.55413992204478,40124.41256168789
619,27.27231979838292,41730.85742239446
620,0.0,35437.68856993634
621,0.0,33229.72350776331
622,0.0,33580.697809321166
623,0.0,30249.32761727534
624,0.0,24540.623110518172
625,0.0,19312.774898995765
626,0.0,14253.68589411228
627,0.0,9689.5112049246
628,0.0,7780.633592998638
629,0.0,6947.615482581538
630,0.0,6069.970413660351
631,0.0,5943.1447655778475
632,33.21431140801953,8135.8635215159775
633,111.65435788379072,6344.839393388291
634,193.1646304917966,3637.4040813607153
635,265.5555990350318,2788.401464119164
636,318.2016979254631,2669.3826868992624
637,344.4019226315765,3144.9872076011047
638,342.6453534167184,3711.891452660248
639,312.7353419402718,5123.595797614099
640,257.82516881629005,7352.9057703745775
641,184.97411027071985,12123.241407789988
642,104.38754979679652,23081.679344504624
643,27.574752875080897,35493.370757125565
644,0.0,36172.84273416837
645,0.0,31900.460999049013
646,0.0,29537.193734848483
647,0.0,27638.79268279685
648,0.0,25630.89362823916
649,0.0,22713.261775941104
650,0.0,17880.593713880884
651,0.0,13636.735477501781
652,0.0,10927.217631703601
653,0.0,11451.349804206055
654,0.0,9605.937457967917
655,0.0,7046.045521560604
656,32.47367734523659,6611.8019294841615
657,105.89451301732583,5588.3559184108435
658,182.6376293489776,6293.395536744227
659,251.14568513382045,7366.988756274207
660,301.68962658167953,8767.583437544527
661,327.9182066739702,11353.017502794568
662,326.98007337918204,13334.490820115252
663,298.8337613144986,13757.09746760876
664,246.6324411245805,12359.540124858117
665,177.12250294434432,11023.645032874252
666,100.38319814654652,11486.188663841194
667,27.787862046238622,12580.947992556385
668,0.0,12315.739387822648
669,0.0,11090.43165062311
670,0.0,10875.77186978959
671,0.0,11209.265748447138
672,0.0,9571.331241327001
673,0.0,7902.950349987634
674,0.0,7362.348832168159
675,0.0,7609.407201900177
676,0.0,8508.651055489525
677,0.0,10088.169357434419
678,0.0,11733.661732647246
679,0.0,13036.919636989162
680,33.01104365130172,17168.732905402278
681,113.64960283579968,16447.56322805215
682,197.20179995258172,16079.1434027804
683,271.0291493711234,18840.816545166752
684,325.1336454409547,23334.202697290053
685,353.18376389357786,26933.204445835
686,352.2556198753991,29950.31498202312
687,322.20626035087224,31739.2480030543
688,266.20831301054733,32471.65372009754
689,191.3478967348084,33571.90994783336
690,107.99958716392538,36015.572172901855
691,28.348275937372847,35821.5884110463
692,0.0,33962.59418528212
693,0.0,34263.1750762341
694,0.0,34884.94769314707
695,0.0,33024.681308145344
696,0.0,29243.394384018957
697,0.0,28135.183365714052
698,0.0,30759.670681809595
699,0.0,29552.054905140172
700,0.0,27541.778506742652
701,0.0,25062.5788566828
702,0.0,21484.905820650103
703,0.0,20594.691568124934
704,32.953941751848966,26801.154770914265
705,115.72073126681153,26758.27312448422
706,201.36178866941196,24539.664126518852
707,277.1710595158902,23046.562998935216
708,332.6688997021056,22493.079681079456
709,361.2585876714083,23181.57593999647
710,360.2999132148593,24848.99614673634
711,329.6663410206583,26246.842911795713
712,272.64782185570886,27775.045267513753
713,196.03240486194943,30024.85306552243
714,110.52713350411214,32504.479062311653
715,28.682882706853665,33302.796801771394
716,0.0,32568.677368575092
717,0.0,32742.60322663227
718,0.0,34198.2317551373
719,0.0,32871.25281772556
720,0.0,29766.641111679703
721,0.0,26609.901389083465
722,0.0,23144.79864694981
723,0.0,19354.425737146154
724,0.0,17571.175718917268
725,0.0,16640.498829863263
726,0.0,14789.824817879748
727,0.0,14260.833932536148
728,32.258235520286405,23923.921503738202
729,107.5072189928418,25428.43855758482
730,185.8713285750731,24155.931868036234
731,255.53138566501505,23429.88948113022
732,306.7382474269699,23548.905306516055
733,333.02692315732776,26265.376082570678
734,331.98888375442755,31421.05126902565
735,304.01819572953565,38990.63465707191
736,251.5090063422847,46050.94102115057
737,181.1501677283329,49003.41872581271
738,103.0629514227876,49910.9061448171
739,28.752043044165323,48223.65896723877
740,0.0,46972.60568203944
741,0.0,45351.62544757933
742,0.0,43015.601254354144
743,0.0,39512.03759713963
744,0.0,35090.28618504784
745,0.0,31867.267280027518
746,0.0,29722.49034335459
747,0.0,29669.40855233108
748,0.0,9705.614249950244
749,0.0,7171.686720258669
750,0.0,5692.506393505154
751,0.0,5611.616717177933
752,32.45594460938825,9678.55566334858
753,110.58091544141112,10175.622638344543
754,191.7103538056012,9629.823829950197
755,263.75291316468315,9625.369088042418
756,316.72193017605923,10667.560909750828
757,344.28958196254496,11451.677471120198
758,343.441222887874,12927.966117144113
759,314.3682049156725,15661.394061127778
760,260.202477113581,19530.255998387533
761,187.59235202430705,24098.090336790716
762,106.66900479124222,27972.624556611725
763,29.27794014477525,31636.871153034488
764,0.0,32365.03478212952
765,0.0,32068.821259267483
766,0.0,31397.77149885406
767,0.0,29265.950547737262
768,0.0,26119.117556005607
769,0.0,21539.72153648756
770,0.0,17029.310560838265
771,0.0,15342.82928342378
772,0.0,13287.83201435531
773,0.0,12447.468415234069
774,0.0,12643.180741574055
775,0.0,12766.383689871996
776,31.838810705049912,16251.24835227175
777,105.3681250176424,15071.507212455492
778,181.84220516302116,13331.265669360273
779,249.71903240200135,11905.762566573709
780,299.3450786019006,9994.290626550976
781,324.9046828175362,8694.402929801832
782,323.83224467458524,9725.111028872037
783,296.28131901913173,13576.47029052155
784,245.3542374540415,19671.30759965817
785,177.37138219929483,29211.081115923225
786,101.69600840574554,42202.33775070659
787,29.15437419138549,50410.09622222922
788,0.0,48004.17927980565
789,0.0,43411.11773454504
790,0.0,40360.1794677739
791,0.0,37632.67029971263
792,0.0,34379.28120548246
793,0.0,29627.737892381898
794,0.0,24544.489236032405
795,0.0,21048.591561821573
796,0.0,18424.80195039107
797,0.0,13654.74568514701
798,0.0,10858.82383406896
799,0.0,11701.339165354257
800,32.394296053325284,17050.45949814072
801,111.3261075264518,18815.822235743435
802,193.19416825741484,19707.41914284925
803,265.7122836183757,20485.607292466586
804,318.8538847524099,20985.814034501374
805,346.4069941146337,21484.973783056175
806,345.59427636811307,22845.01619786335
807,316.50910148650075,25996.94869225113
808,262.30551566973287,31912.12954623738
809,189.4799736777266,39566.59166611484
810,108.07066729452973,46453.274705989825
811,29.914450885514917,47890.44517377609
812,0.0,46953.781682212604
813,0.0,44164.41807708642
814,0.0,39798.02745250679
815,0.0,34563.37502825609
816,0.0,31230.246746629484
817,0.0,28674.112946523703
818,0.0,24499.85982350702
819,0.0,19671.51795413673
820,0.0,16632.969768392333
821,0.0,16101.910308618086
822,0.0,16604.800324237156
823,0.0,14037.376604864892
824,32.478120777393336,15647.894541727655
825,113.05677432637148,14839.692623137129
826,196.77524528405203,14528.577677315783
827,270.93796897467263,15178.619156352637
828,325.4082180913828,17058.214100876114
829,353.6793835536652,19877.180831740425
830,352.9554137645821,24474.900903192673
831,323.3958426970317,31528.765285152946
832,268.08972793768976,38701.01218130772
833,193.70726912446645,46128.41009493924
834,110.39760856230797,51563.689745976626
835,30.3640984521796,52486.96014626734
836,0.0,50734.33493920123
837,0.0,49275.447157295384
838,0.0,47911.13525921283
839,0.0,45664.88160419382
840,0.0,42203.78323276285
841,0.0,39067.40792159025
842,0.0,36351.15165055509
843,0.0,34117.09068956388
844,0.0,32827.525969296235
845,0.0,33711.755356905465
846,0.0,33522.43707712651
847,0.0,32706.293274057276
848,32.72200768255726,40125.06930592272
849,118.03038686536811,40785.336487564695
850,206.36967809485083,40068.940519300275
851,284.4504070220686,39392.14389906228
852,341.60857840741653,39485.7562975907
853,371.3057374457902,40367.90570402243
854,370.71863579744144,43067.65412857324
855,339.9367940719919,47512.517247716234
856,282.16072772535136,52748.097355478545
857,203.96737432161703,57697.34086864102
858,115.86095326569802,61942.358689331624
859,30.85983538491264,63543.96111422695
860,0.0,62895.374018477174
861,0.0,60308.45611740161
862,0.0,55399.503243916326
863,0.0,50550.867694952045
864,0.0,46372.15435831064
865,0.0,43254.683435507606
866,0.0,39461.709823314784
867,0.0,37281.37643479498
868,0.0,37134.11757369011
869,0.0,38966.779709432456
870,0.0,38093.037886040955
871,0.0,35709.116237885275
872,32.81495921855709,44453.74680545331
873,119.64013644546876,45596.418142193805
874,209.279301211868,44952.65190491877
875,288.40371877027525,43948.47913328524
876,346.58548725701166,42492.90140648109
877,376.9633886493168,39217.931426040755
878,376.3019580263398,35181.45392049323
879,344.85322188372265,32697.599976290523
880,285.8783907846205,31886.297451660193
881,206.4240994882654,34712.35617851795
882,117.17319395273483,40995.58995650907
883,31.09164341310322,45227.90651362428
884,0.0,42385.50074649127
885,0.0,38255.378270938774
886,0.0,35050.38553700294
887,0.0,32073.01043522861
888,0.0,29233.263269518986
889,0.0,27287.510495179955
890,0.0,27872.52243824502
891,0.0,28646.627679484907
892,0.0,30213.751366991775
893,0.0,29416.233035040994
894,0.0,28613.440796936033
895,0.0,27612.934356070662
896,31.08192323421266,41167.444345297714
897,102.97544791612589,47846.42602151625
898,178.09218546291018,48170.15286036899
899,245.27625259197632,46655.87420710319
900,295.1573892670477,45272.08696760829
901,321.5250013084413,43228.60947558783
902,321.3596042707907,41971.56715505722
903,294.5694252482825,42554.97751375501
904,244.19953706808923,44208.67084729748
905,176.6781447372362,46473.39937038085
906,101.56014289053547,47496.21434570107
907,29.90876105614168,46922.03744721372
908,0.0,47328.304476644444
909,0.0,47751.433566168314
910,0.0,47864.44176388676
911,0.0,46460.153518885476
912,0.0,44865.35455468976
913,0.0,43021.75228377671
914,0.0,39916.35318229858
915,0.0,37361.15525858574
916,0.0,34716.31829953707
917,0.0,36126.66062026893
918,0.0,38070.46752699492
919,0.0,39513.26058378105
920,32.01678589055104,51789.79002989596
921,109.91812977093872,56242.519796485685
922,191.0118446415701,57118.005015086615
923,263.2257438950343,57465.94796079713
924,316.5950262918327,57306.75210257261
925,344.64796906266264,56096.18268349792
926,344.5217112851843,55229.68963214486
927,316.2756994245232,57273.3082964269
928,262.5661463935313,61443.42830122469
929,190.0221493286887,63863.281162103645
930,108.86686459381374,63076.58725071204
931,31.03825548698625,59886.69854693458
932,0.0,54971.8359398981
933,0.0,50493.484268437634
934,0.0,46851.14384816648
935,0.0,43689.68007943698
936,0.0,40568.6030559058
937,0.0,39687.192317667046
938,0.0,42759.88946719194
939,0.0,47133.78090100629
940,0.0,49956.07944278321
941,0.0,51985.336431284435
942,0.0,51183.523262289425
943,0.0,52376.25913039134
944,32.39140111336204,61760.373179409224
945,113.06943841859454,65626.58364629393
946,196.9592305369144,66932.85876752701
947,271.6113910431994,66932.73752977823
948,326.74876501891373,65622.43401607744
949,355.74436210225707,62916.1670102224
950,355.79805165330504,61153.47334907428
951,326.4929137813988,61559.323997855034
952,270.82081061715417,62792.422179804635
953,195.7803209157981,62580.76167477459
954,111.92165658648976,61070.7178789065
955,31.49264327845292,57633.87201739704
956,0.0,54510.52158923594
957,0.0,52429.60901518356
958,0.0,50892.57864059915
959,0.0,50956.939578374964
960,0.0,50949.78630695907
961,0.0,51233.008754789946
962,0.0,50682.65120014507
963,0.0,49568.98009956854
964,0.0,48836.455891180936
965,0.0,47829.18797542655
966,0.0,47266.24555352285
967,0.0,45471.482229442394
968,33.043196512527,50037.2011759236
969,119.7716980187281,46755.51307694973
970,209.57825697679127,40733.95250362142
971,289.10751631858807,36022.89613339003
972,347.5090084754693,33227.177562948826
973,377.9939796112751,31395.899285275565
974,377.6047785173516,31310.46124041334
975,346.4515803717294,32495.56159370216
976,287.60333612695894,34461.04112288926
977,208.0258568184847,36990.727513854814
978,118.5105570208018,39440.44149947126
979,32.18411918660209,38957.26184043587
980,0.0,37748.114168564316
981,0.0,35220.06343946321
982,0.0,32212.22118975915
983,0.0,30021.654911968126
984,0.0,25692.480670922643
985,0.0,22081.78263240943
986,0.0,19564.83253373052
987,0.0,18804.332609254256
988,0.0,20014.520670256476
989,0.0,19075.7192985111
990,0.0,17690.698528371307
991,0.0,16570.10473091962
992,33.29984117825673,21626.640023362863
993,122.17611342199818,23936.317739586397
994,213.8462684862094,21787.568956195635
995,294.8354973634508,18286.85374113415
996,354.1746682216936,16495.58337861472
997,385.1029863151901,16588.92421167238
998,384.7136548272725,18493.739985030315
999,353.11387951513285,21683.314238425675
1000,293.36905807658104,25688.52012355159
1001,212.346023174358,30437.675864340345
1002,120.92902410230523,35746.47655183218
1003,32.50568389496753,38024.32761579515
1004,0.0,36890.468190932916
1005,0.0,33395.203011440135
1006,0.0,28938.806836386735
1007,0.0,25064.705163069426
1008,0.0,22068.2970206266
1009,0.0,19659.13130661483
1010,0.0,17912.047350561304
1011,0.0,16777.935898874137
1012,0.0,16309.305885334212
1013,0.0,15775.216690451247
1014,0.0,14938.656122330522
1015,0.0,13098.19251107488
1016,33.38536736413377,14255.34825801932
1017,121.64660507687172,14838.923240688375
1018,212.64128318957003,15069.686971127947
1019,292.9973785959969,15507.905677962868
1020,351.9169657098129,17055.15900320836
1021,382.820446042003,19739.360070334133
1022,382.6357161692288,22736.5009342559
1023,351.38205188865174,25837.91227186188
1024,292.0541377795085,28744.15835901354
1025,211.47615294719787,30929.561395302735
1026,120.5790131048564,31982.65454982815
1027,32.69199828112038,29342.09321261232
1028,0.0,25788.631616828945
1029,0.0,23061.866219929678
1030,0.0,19670.10913597645
1031,0.0,16305.6453155589
1032,0.0,14055.59117181016
1033,0.0,13245.779933997519
1034,0.0,12292.131685630291
1035,0.0,11563.986417152295
1036,0.0,10544.60201452076
1037,0.0,9256.51706940173
1038,0.0,8162.829147915441
1039,0.0,8026.305718304116
1040,33.40618222357237,8941.946907522724
1041,120.6472170887677,9393.848253830733
1042,210.84391150367009,10121.29966959005
1043,290.63853810064546,10615.232826586545
1044,349.27175912512024,11895.931543426472
1045,380.00670168741664,13395.028769814027
1046,379.7523748717468,15582.373830201379
1047,348.6136764680025,18540.58221585825
1048,289.64862679049253,22066.83432899799
1049,209.72741653953463,25179.709012375653
1050,119.69964086155882,27350.28000365644
1051,32.778379731066046,27573.525713143146
1052,0.0,25977.938846810535
1053,0.0,23455.19369698666
1054,0.0,20286.94600562057
1055,0.0,18587.771051028412
1056,0.0,18103.007047547908
1057,0.0,17416.622573546178
1058,0.0,16859.715730043674
1059,0.0,16830.45902753141
1060,0.0,16730.623378929984
1061,0.0,16654.551717595717
1062,0.0,15857.84661395226
1063,0.0,14083.683917756516
1064,33.44585693283902,14169.117423640317
1065,120.31003278159636,12293.663771772619
1066,210.24501039455816,10065.076155061017
1067,289.8853995954305,8852.085684984908
1068,348.28987008959,8433.38925277945
1069,378.7771692883389,8178.579322135128
1070,378.3545584016894,8801.424101358181
1071,347.23521823879213,10986.133217792169
1072,288.5154448453088,13875.934658369593
1073,208.9428791600904,16864.977175621705
1074,119.37551921651244,20346.459655623687
1075,32.897928806246064,22956.392647006724
1076,0.0,23773.84814184077
1077,0.0,23018.024338218835
1078,0.0,21950.15083907314
1079,0.0,19612.45727655046
1080,0.0,17035.191248067582
1081,0.0,15150.72920115512
1082,0.0,13441.934915422127
1083,0.0,12367.93047481029
1084,0.0,10704.865987280373
1085,0.0,9309.187449709567
1086,0.0,7575.789715419316
1087,0.0,6095.13763041099
1088,29.04526127130509,6591.826096622579
1089,93.32139667097316,6135.6084852984495
1090,160.84206414544784,5516.617095415899
1091,221.63624266947497,5302.380357699276
1092,267.0808643595021,6130.472791476571
1093,291.24508824227905,8136.388681349898
1094,290.98954255597096,11191.81066269321
1095,266.53325404091686,15004.527811213551
1096,220.87117173670632,19222.693345314518
1097,159.94320438622358,23332.10829523071
1098,92.56073787539673,26168.657040744518
1099,28.556576038847044,25784.550080278903
1100,0.0,23589.980250087527
1101,0.0,20769.965380037276
1102,0.0,19190.522448658372
1103,0.0,18047.535507753422
1104,0.0,16453.654237228806
1105,0.0,14394.586795618454
1106,0.0,11888.707734215757
1107,0.0,10381.008282318408
1108,0.0,9351.604161104155
1109,0.0,8873.170631898714
1110,0.0,9039.94621234353
1111,0.0,9701.62841112923
1112,30.66505020959578,13093.529234596272
1113,100.83980060703156,12700.993147386509
1114,174.2605758640266,10568.623625283642
1115,239.9634534382642,8574.686910470724
1116,288.7509013627096,8337.249640160177
1117,314.55309861273093,10646.884964068242
1118,314.4004278173304,15079.132861889753
1119,288.22729921852994,20591.16476095222
1120,239.07059246455387,25815.988939352283
1121,173.20159565180032,29705.817066236203
1122,99.96501141533224,32568.497277709364
1123,30.119239288575685,33533.91196789128
1124,0.0,33538.85282038423
1125,0.0,32573.66465619438
1126,0.0,30965.512957172286
1127,0.0,29051.940611047692
1128,0.0,27190.907015770226
1129,0.0,27551.03243092775
1130,0.0,26440.633725327985
1131,0.0,24108.84541681393
1132,0.0,21001.175798332522
1133,0.0,17611.42492829831
1134,0.0,14874.805281861807
1135,0.0,13171.871737973575
1136,33.49854063611451,13657.644921543766
1137,116.92608561854344,12378.075351569842
1138,203.40046475999276,12455.885067935049
1139,280.0833588500068,12767.223017161401
1140,336.5382993742526,13083.69249989589
1141,366.03352834276734,13359.887525269585
1142,365.68558634259,14316.561895591425
1143,335.5244752938594,16244.363170717088
1144,278.6497883646741,19117.84875900102
1145,201.89991094710476,21945.458503996695
1146,115.7226860552558,24267.617287111512
1147,32.74779710961846,25690.050805310893
1148,0.0,25856.761646978088
1149,0.0,25406.65596049391
1150,0.0,24708.740893183425
1151,0.0,23840.735273268838
1152,0.0,22144.432752748322
1153,0.0,21284.699893914763
1154,0.0,20059.807564568062
1155,0.0,18743.562235172514
1156,0.0,19959.421331725753
1157,0.0,18646.816041600745
1158,0.0,15690.786473799291
1159,0.0,14098.283376901465
1160,33.99972706053459,13974.392867239021
1161,119.56465322272132,12363.243352040054
1162,208.1230157615128,10929.729376464044
1163,286.5071382419531,9476.717588665897
1164,344.04704106649666,8831.981653930121
1165,374.1140832830685,9299.655967763843
1166,373.7514480485483,11967.037311372813
1167,343.027283597134,16206.258594611447
1168,285.11087690218767,21989.962736845926
1169,206.72390080803825,27930.24157055327
1170,118.42942150578877,33449.623773575804
1171,33.18417933816789,36159.83082623731
1172,0.0,36201.181032550165
1173,0.0,34763.34781838657
1174,0.0,33244.51023780344
1175,0.0,30518.03865618702
1176,0.0,26622.043046970593
1177,0.0,22178.63992415979
1178,0.0,18856.809386089953
1179,0.0,16713.663458697578
1180,0.0,16095.092562060649
1181,0.0,15521.234771306126
1182,0.0,13526.872551191731
1183,0.0,10851.362563442535
1184,34.46856926342283,8411.686526819256
1185,121.4683513834598,5294.680531216278
1186,211.2600259129025,3633.271441461596
1187,290.42846498251214,3683.4967585576405
1188,348.2920574594523,5374.476447995322
1189,378.4340881811018,7567.860649400528
1190,378.092740865049,10843.077490875063
1191,347.3198052291227,17104.0928425995
1192,289.13402103999664,25473.207083331752
1193,209.91750366165329,33439.972017225205
1194,120.27566254752892,39046.36853144866
1195,33.50432549891444,41648.717169279626
1196,0.0,41584.57146985714
1197,0.0,40088.35086821919
1198,0.0,36925.34309380951
1199,0.0,32255.102896734206
1200,0.0,26774.580155059484
1201,0.0,21140.566538309147
1202,0.0,15129.250777706455
1203,0.0,11032.98257825331
1204,0.0,8960.73011338244
1205,0.0,8380.636933218695
1206,0.0,7856.447733624353
1207,0.0,7755.630514178459
1208,34.78045856584083,8881.000104830058
1209,122.45479903461776,8113.341342067193
1210,213.1170373804908,7998.738434373064
1211,293.2316064832611,8800.552363384686
1212,351.92483133023427,10419.932666884613
1213,382.7397582330081,12838.723401907477
1214,382.6956141987537,15777.403607650309
1215,351.47366751149144,19303.62570884229
1216,292.0977802754616,22640.40457950662
1217,211.62384567683188,25314.94926436237
1218,120.99159287180493,26395.963364707608
1219,33.5877491454589,26408.79242510696
1220,0.0,26294.984118937613
1221,0.0,25922.022481011834
1222,0.0,25018.378181827888
1223,0.0,24700.83824384989
1224,0.0,24993.060720346115
1225,0.0,24009.709453734446
1226,0.0,23391.509855400975
1227,0.0,21516.571431611523
1228,0.0,19216.961639133267
1229,0.0,19281.464941136735
1230,0.0,17361.75857469467
1231,0.0,15660.720874716644
1232,35.13476378487409,17553.43827235652
1233,123.68147138891442,16727.972762447724
1234,215.244501717088,15318.582672091412
1235,296.14557310198273,14351.570989777896
1236,355.34858892053,14646.665328196843
1237,386.2036078186159,15114.047336648953
1238,385.6395864898341,15913.613048495463
1239,353.8973564822357,17916.11830250429
1240,294.10511257204735,20658.19370339333
1241,213.12997773869355,22954.139615490454
1242,121.86640960501964,24012.030289646103
1243,33.74147919218606,24847.066679310396
1244,0.0,25233.556487902315
1245,0.0,24463.769590754982
1246,0.0,22992.137979275398
1247,0.0,20769.753491180556
1248,0.0,18815.379909135696
1249,0.0,16990.509057116124
1250,0.0,14585.941321455177
1251,0.0,12256.450308417441
1252,0.0,10773.65610010943
1253,0.0,9152.181900654896
1254,0.0,7896.524426281166
1255,0.0,6638.026365188998
1256,34.14816864460796,7699.488870215025
1257,116.0270704630265,8285.726967855835
1258,201.08198680256655,8689.965063774582
1259,277.17517898172326,9084.443391159268
1260,333.6556385214316,9479.170957486303
1261,363.5716715821562,9714.338306218042
1262,363.4702474745941,10860.155715447998
1263,333.47241851658265,12373.87664571412
1264,276.7241872915759,12752.970129166999
1265,200.2202799484889,11705.9866495528
1266,114.6025933564132,10102.417464183827
1267,32.68144653762662,8956.754477618288
1268,0.0,8545.24556507979
1269,0.0,7439.77227654218
1270,0.0,5534.103532448155
1271,0.0,4492.42296205166
1272,0.0,5129.486161912621
1273,0.0,4905.822267051713
1274,0.0,5562.012784670153
1275,0.0,6754.915807488077
1276,0.0,8491.24753936471
1277,0.0,11240.066331510465
1278,0.0,13821.783326307968
1279,0.0,13649.490317294647
1280,34.925411451248515,12616.790504392788
1281,119.16424446287976,11179.955020708649
1282,206.27101277284984,11621.967414297475
1283,283.32342328415484,12111.949243778043
1284,340.0033010011043,12817.873550299151
1285,369.5196598175156,13897.826396782872
1286,368.9450948619334,17098.599793049947
1287,338.6023133885481,24132.540090067105
1288,281.6478322427495,32057.080951595995
1289,204.2739573170364,38359.385757328055
1290,117.03283517667036,40824.72659993118
1291,33.07174393088015,40017.87012909848
1292,0.0,37911.20133132367
1293,0.0,39525.79234894798
1294,0.0,43709.84628918764
1295,0.0,45592.13298879285
1296,0.0,44032.6851178234
1297,0.0,35997.72742502118
1298,0.0,27133.97576345187
1299,0.0,18397.811504700832
1300,0.0,13972.280193863546
1301,0.0,11102.943635733984
1302,0.0,7824.75004816492
1303,0.0,5538.898165376899
1304,31.3118323247317,4640.881562253804
1305,101.19147376461228,3580.354480228196
1306,174.37001921586116,2743.2372222636627
1307,240.1125881051153,2296.085594773845
1308,288.9488744357881,2526.3893061340386
1309,314.56409469497123,3374.7235981093327
1310,314.01955570176585,5800.560900906624
1311,287.57890222413374,9773.75807278592
1312,238.12070768444084,14494.229646087582
1313,172.1772384412814,18794.77157019138
1314,99.02521673750584,22370.07848302515
1315,29.503365364578944,23765.369343260776
1316,0.0,23647.62003603645
1317,0.0,22860.89874362804
1318,0.0,19871.088119354787
1319,0.0,15194.187958976323
1320,0.0,11374.405621224994
1321,0.0,9626.421221906763
1322,0.0,9327.961993463183
1323,0.0,11556.920618761684
1324,0.0,13530.316609877273
1325,0.0,14223.952920534251
1326,0.0,13951.209024668693
1327,0.0,13924.925955553863
1328,34.46441234587467,16159.9842338535
1329,114.6366364505098,14521.380139135117
1330,197.83035371931223,11755.905110263328
1331,271.38432789423774,9344.947576924393
1332,325.5558277444812,8386.25056665695
1333,353.5580564808586,9611.459202656171
1334,352.8479758750878,13010.51357811085
1335,323.7943873738114,18170.607740329102
1336,269.03060865601924,24032.43901550527
1337,195.0897893058639,28833.168556848243
1338,112.0129146778162,31989.971599430468
1339,32.16772643506669,33090.316242388006
1340,0.0,32507.965470299947
1341,0.0,31112.339939485202
1342,0.0,29688.35941678979
1343,0.0,28071.321723272646
1344,0.0,25697.560896620314
1345,0.0,22617.981948254117
1346,0.0,17932.928495890956
1347,0.0,14270.003751878749
1348,0.0,11803.356640141381
1349,0.0,10662.263047027316
1350,0.0,10937.858456160639
1351,0.0,12099.369102407993
1352,34.47502049788658,14265.896403894849
1353,113.6969300963954,14271.051785301786
1354,195.79779232114956,14542.977584551329
1355,268.50997056669803,15528.13238162551
1356,321.88826699795345,16498.274546952798
1357,349.7165747070365,18595.564149419755
1358,348.9107133209451,22874.868940210035
1359,319.7628760990916,27209.784695743747
1360,265.2305117826916,31320.63431869001
1361,192.07588667853477,34536.88254670957
1362,110.23987397991404,37647.244091035675
1363,31.75807316477908,39346.01351321877
1364,0.0,37889.88329435391
1365,0.0,36135.30809282863
1366,0.0,35392.217886664715
1367,0.0,34124.04711396118
1368,0.0,32688.512786506963
1369,0.0,29766.26025108504
1370,0.0,28094.33507564128
1371,0.0,26855.55473629922
1372,0.0,27273.789416194242
1373,0.0,26552.165766742302
1374,0.0,25315.903840594703
1375,0.0,24329.199305805945
1376,35.78448223978432,26209.56448241236
1377,118.8261298423709,23301.2465989094
1378,204.98234528824287,19916.860846197924
1379,281.4864823899441,17910.9395683556
1380,337.68116504119746,16491.12826657467
1381,366.8571805547947,15661.417482087776
1382,366.0645422086548,16203.82840108167
1383,335.48422503874326,16875.287485866942
1384,278.23706044734035,17645.698046338508
1385,201.2111389701068,18428.627591791468
1386,115.10481225741069,20787.501206907316
1387,32.602974608135774,23943.444215927455
1388,0.0,24573.150497648126
1389,0.0,26096.076504014025
1390,0.0,30039.192451772582
1391,0.0,31346.378329039093
1392,0.0,24587.155892915987
1393,0.0,17700.200349353152
1394,0.0,16087.182520533725
1395,0.0,15072.173449568549
1396,0.0,14956.63746565326
1397,0.0,14979.431829257566
1398,0.0,15953.78560705891
1399,0.0,17129.913364035106
1400,37.383505388600376,18495.224844554083
1401,125.14050205061378,15492.476836166907
1402,215.48499108336475,13223.042526780127
1403,294.81852441846155,11793.978157721778
1404,352.5826168985979,10440.410705877184
1405,382.1650408730014,10539.343411229438
1406,380.9245895487157,13083.411301261855
1407,349.3938060046445,18057.95234152045
1408,290.25281893307766,25099.962810606758
1409,210.2533095646305,32856.709319811824
1410,120.33839982237882,39771.815870256476
1411,33.52395803393864,40897.94120299615
1412,0.0,37479.43717975332
1413,0.0,34931.73253731364
1414,0.0,33446.998677632226
1415,0.0,30847.018430066866
1416,0.0,28404.510237304476
1417,0.0,24800.169357209918
1418,0.0,20052.784632911284
1419,0.0,16422.5052032466
1420,0.0,5448.344218303803
1421,0.0,4184.930835109891
1422,0.0,3374.27622608296
1423,0.0,2468.0520227330485
1424,33.372289983403064,2338.9323028922818
1425,106.99543846230318,2684.757334532549
1426,183.88311620589172,2665.9069683388816
1427,252.763378695401,2509.624718490692
1428,303.82852247510885,2732.5188425730935
1429,330.5434149247034,3511.686354260665
1430,329.72231063823887,6051.442401164904
1431,301.4576414194894,9055.716059904044
1432,249.12706170362145,11839.953166885685
1433,179.6829302062035,13091.7648766298
1434,102.81848162664876,13437.9952218835
1435,29.84376569737339,12392.54606500962
1436,0.0,10138.755129484853
1437,0.0,7335.6929984798335
1438,0.0,4111.834436963418
1439,0.0,2155.8041474199426
1440,0.0,488.34957154636106
1441,0.0,236.6249910591899
1442,0.0,53.12012832814299
1443,0.0,0.0
1444,0.0,8.58473636285957
1445,0.0,157.94302519990012
1446,0.0,270.4193011957042
1447,0.0,297.18540310921486
1448,38.064943430948766,290.26420888768524
1449,125.97025995555651,282.19938308742724
1450,216.770756589768,266.2540085846882
1451,296.86035167185406,262.30455540282213
1452,355.24677158951016,367.109973976938
1453,385.2619597783994,1390.2163969007765
1454,384.05644603294377,3243.091022505643
1455,351.7861670149621,5727.617088702374
1456,291.5823975542888,8265.631625928687
1457,210.6198955231616,11209.186514337587
1458,120.11244984765042,13906.362791159745
1459,33.30451661162607,15325.643479163826
1460,0.0,16016.418954880604
1461,0.0,16120.32863767325
1462,0.0,14697.69309273223
1463,0.0,12356.47083349891
1464,0.0,9800.151170221809
1465,0.0,8730.500210327906
1466,0.0,8049.945829979391
1467,0.0,7765.4478902537285
1468,0.0,7679.319672906394
1469,0.0,7492.206069536714
1470,0.0,7286.497540038095
1471,0.0,7147.358558398407
1472,37.43712260496155,8393.288066354196
1473,121.8211722773946,8786.957788454625
1474,208.96644464649484,8703.133346693554
1475,285.794964809228,8595.369286751153
1476,341.94408766561503,9863.903568847547
1477,370.9163061333033,13103.008493320523
1478,369.8300934244811,16445.545510374257
1479,338.6840344749523,19344.651107089612
1480,280.69586818818794,22405.117392475477
1481,202.80642997774407,25748.857240195095
1482,115.76787834096356,29116.6133156251
1483,32.36476192675074,30658.20209663687
1484,0.0,31005.47905004458
1485,0.0,29924.944830525
1486,0.0,26954.88847144385
1487,0.0,23265.314993766617
1488,0.0,18758.070057949735
1489,0.0,16153.787204423432
1490,0.0,15945.089894394847
1491,0.0,17319.82992084347
1492,0.0,21174.99685938775
1493,0.0,21236.81847955824
1494,0.0,19480.16776065557
1495,0.0,17853.521093781048
1496,39.75158223123992,19584.416062877957
1497,130.41569462459034,18443.36309117079
1498,223.4857448900899,16907.705850869075
1499,305.20858972524263,16586.78572599981
1500,364.6098064563874,16606.228963610476
1501,395.0787931475989,16821.782219312176
1502,393.7543070451008,18138.287412918085
1503,360.78772176029,20087.80989062161
1504,299.3478119730736,21802.22246680075
1505,216.46028489603785,23022.06061780406
1506,123.33671650762942,23776.888271540065
1507,33.715903555834885,22954.921572545234
1508,0.0,21146.587695737107
1509,0.0,18152.000586700124
1510,0.0,16492.311596649837
1511,0.0,14493.340991712634
1512,0.0,11768.317260425543
1513,0.0,10456.891434119188
1514,0.0,9256.768678662896
1515,0.0,7624.26280261891
1516,0.0,6108.839282385814
1517,0.0,4750.925307258812
1518,0.0,3367.7132259867262
1519,0.0,2615.0154060919153
1520,40.141052077551805,3788.6299316403783
1521,130.54641217745706,4455.198779005012
1522,223.44633590760776,3505.86515525322
1523,305.0551771758537,2482.7281158342034
1524,364.2734694077213,2410.989525813494
1525,394.4931479256672,3796.2545493810717
1526,393.0306403193704,7186.593005922341
1527,360.1156308860287,12363.428546780044
1528,298.83203279372793,17215.283074486924
1529,216.1071988716071,20130.881403606352
1530,123.11855538948976,19908.161326305868
1531,33.599947920879686,16522.554446499267
1532,0.0,11956.115960171132
1533,0.0,9517.010255085403
1534,0.0,8962.287284360209
1535,0.0,10274.93204780796
1536,0.0,11014.381763461934
1537,0.0,9417.024994786534
1538,0.0,8263.695639903694
1539,0.0,8116.9364756490095
1540,0.0,8410.344140750161
1541,0.0,8361.214282494164
1542,0.0,8140.3704816396385
1543,0.0,7954.3753478628
1544,40.50612355899702,8767.9962927733
1545,130.57435119318646,8829.880914549121
1546,222.8516490759341,9260.753957984049
1547,303.75658883185326,9511.962537873434
1548,362.4171836947999,10481.442036691296
1549,392.3458489024815,12210.022543322088
1550,390.7432196403005,14594.240728835974
1551,357.8852374364787,17925.700296732015
1552,296.8980261492085,23089.723465756742
1553,214.68485453504343,28579.35805304449
1554,122.3121952713378,32685.673624407307
1555,33.35655175407487,32896.05147642722
1556,0.0,30388.836984038953
1557,0.0,25599.84696075216
1558,0.0,20529.5655959341
1559,0.0,19058.935285774758
1560,0.0,18769.640058755347
1561,0.0,19052.982600689596
1562,0.0,19075.001443137447
1563,0.0,19507.248080538382
1564,0.0,19257.81465875489
1565,0.0,18037.492452827035
1566,0.0,15793.19325228986
1567,0.0,12715.709975334075
1568,39.72801774785378,13221.290317932702
1569,126.28193360314222,11485.241193805023
1570,215.30998117512567,9309.437833218431
1571,293.6281055365757,8623.81164939206
1572,350.68970530405954,9488.411420940607
1573,379.8696842934016,12034.353793548198
1574,378.3914758906745,15394.122459887712
1575,346.4368495937392,19486.243621552105
1576,287.0079288926273,23263.97457382917
1577,207.14855447947008,26099.302562610457
1578,117.82830430565774,27087.99296161267
1579,32.2994862723478,25377.413020396
1580,0.0,22061.796893931765
1581,0.0,18167.564595333144
1582,0.0,14926.485010752156
1583,0.0,13005.2255335113
1584,0.0,11140.06054668579
1585,0.0,7729.23779700303
1586,0.0,3472.6061350538935
1587,0.0,1267.8844619166955
1588,0.0,878.7978985144726
1589,0.0,1456.656820090926
1590,0.0,892.6678044164421
1591,0.0,330.9871934364158
1592,40.486273858719095,330.83928547546657
1593,127.9626508330246,368.1287288719836
1594,217.8679157600656,498.3805475043924
1595,296.84148995335573,1891.2702955186016
1596,354.1920749865486,4033.7603715964674
1597,383.50098418406105,7828.830010635713
1598,381.98075881396056,11262.368319387957
1599,349.5748825665666,14143.947232349477
1600,289.6034967643479,16096.94555972991
1601,208.9367194652,17177.44935663847
1602,118.75135053707284,17887.901921285913
1603,32.36062231166877,17876.303137050763
1604,0.0,16288.768255246912
1605,0.0,13698.66350154721
1606,0.0,11519.118869522354
1607,0.0,10454.76847777592
1608,0.0,9249.65585328557
1609,0.0,9353.956711222982
1610,0.0,10288.641374148398
1611,0.0,10159.966785339822
1612,0.0,8768.217431149098
1613,0.0,6428.482514529411
1614,0.0,4156.666549690647
1615,0.0,2332.035908151735
1616,37.54594198999669,2282.5242044874135
1617,116.3225252394574,1303.2797609973097
1618,197.7827019161503,378.6158353221658
1619,269.754495038856,271.91762262517005
1620,322.47476605882355,336.2368522511704
1621,349.4621368593621,1607.9074308728693
1622,347.88587299049914,4809.4046880391215
1623,317.9989362651626,9185.96099831344
1624,262.89450111760465,14415.164217750751
1625,189.24362319923068,17467.073575092785
1626,107.441593896255,18459.285901116677
1627,29.689267887768917,17962.81034761448
1628,0.0,16610.501224164407
1629,0.0,15503.324943261068
1630,0.0,14492.722494839281
1631,0.0,13747.652032233716
1632,0.0,11949.991374712627
1633,0.0,9135.210764570675
1634,0.0,6096.662823665927
1635,0.0,3241.890736845686
1636,0.0,1271.242884383288
1637,0.0,318.673455283825
1638,0.0,107.22525383836535
1639,0.0,0.0
1640,36.53801947292087,0.0
1641,112.25507692608576,0.0
1642,190.8536466054553,0.0
1643,260.5884222749256,0.0
1644,311.62796392267325,0.0
1645,337.49749969174206,0.0
1646,335.48855317929275,0.0
1647,305.766886656215,354.60129748366666
1648,251.86626575721309,2830.5921638228983
1649,180.80334343012012,7331.99073863906
1650,102.50140820749724,13174.074606360116
1651,28.364554789015543,18764.14036733373
1652,0.0,21228.601560289364
1653,0.0,21667.30247757025
1654,0.0,20996.50637711965
1655,0.0,18167.900039246266
1656,0.0,16070.534206278304
1657,0.0,13677.517318053631
1658,0.0,11143.866316769045
1659,0.0,9504.368425981651
1660,0.0,8385.57887015002
1661,0.0,7076.681119211411
1662,0.0,5424.721318355015
1663,0.0,4049.775187684625
1664,41.884157537898886,4112.1090851418385
1665,129.3718276462824,3254.1107971649526
1666,218.81817407106917,2866.0276190278178
1667,297.01381991664874,2652.5768684408677
1668,353.65999974131233,3497.6427222260754
1669,382.45477149861966,6246.523676509012
1670,380.5635587528893,9859.659120368802
1671,348.06389135975434,14421.932854732087
1672,288.1192707113553,19091.135157289853
1673,207.70386776804287,23235.801459888087
1674,117.79484000968252,26111.75350187082
1675,31.73141009012129,28396.318055753272
1676,0.0,30156.714094773237
1677,0.0,31111.263014835313
1678,0.0,30781.840144850732
1679,0.0,28417.853172791907
1680,0.0,25714.228066570282
1681,0.0,22942.180599175896
1682,0.0,19019.67967473583
1683,0.0,14738.380124029924
1684,0.0,11667.607521975693
1685,0.0,8760.338414519982
1686,0.0,6760.939064878577
1687,0.0,5742.464078587221
1688,42.80914167319301,6322.59546978381
1689,131.4404801982365,5489.478850678512
1690,221.9913816596942,5032.901055296362
1691,301.0921264580792,5120.514002526585
1692,358.24180794248963,5442.244259822539
1693,387.01066194978233,6160.840686220246
1694,384.7430953660062,8100.428810418117
1695,351.6533357822055,11436.797800959168
1696,290.9179585439081,15709.804966515325
1697,209.63305100235465,20040.220190632706
1698,118.8334000690836,24414.58058595835
1699,31.84413511935564,27539.758753855178
1700,0.0,28599.88436197201
1701,0.0,28525.9845306277
1702,0.0,27831.70593749929
1703,0.0,26396.15935666638
1704,0.0,24521.55989224415
1705,0.0,23976.79630510643
1706,0.0,24230.435693015326
1707,0.0,24804.66225626876
1708,0.0,24167.35711871747
1709,0.0,23438.09634588124
1710,0.0,22540.886203768576
1711,0.0,21572.880394451386
1712,42.95987036869927,24897.093146835072
1713,130.66257549123196,22221.96084644867
1714,220.2378637438712,17874.43101472142
1715,298.47573820345906,14392.438910246505
1716,355.0182129053597,12157.278222604731
1717,383.4781129596054,11927.385138356258
1718,381.2082629768131,14241.041453784115
1719,348.4122315359204,18241.60136562143
1720,288.27665904306656,22759.43635378414
1721,207.6563842458694,25905.047914858395
1722,117.57888237892878,28466.57013162872
1723,31.38262807271847,29936.466037682894
1724,0.0,30567.027345250044
1725,0.0,30900.308253243817
1726,0.0,29972.110467390772
1727,0.0,27799.230311999927
1728,0.0,24854.20313947902
1729,0.0,22700.196134490336
1730,0.0,20955.27676182937
1731,0.0,19366.39238439369
1732,0.0,17308.840334608198
1733,0.0,15180.04589895562
1734,0.0,13093.730005825082
1735,0.0,10993.43729219089
1736,44.60195975476511,9201.25637948834
1737,135.04293470770324,7477.342589016945
1738,227.17840567610355,6290.471192341196
1739,307.445646025046,6066.877606865677
1740,365.1795890740592,6474.885776325642
1741,393.9969702844039,7134.7513330652655
1742,391.24990181330656,8820.386175900208
1743,357.2917946349967,12292.259550569244
1744,295.4420512539229,16537.272023112422
1745,212.7812806454396,20757.150771764787
1746,120.40884823146033,24185.71172797244
1747,31.88856944243388,26773.607034141576
1748,0.0,27906.09731153469
1749,0.0,27480.441171304206
1750,0.0,26244.835540470445
1751,0.0,24134.532403281963
1752,0.0,22479.960050778307
1753,0.0,20761.048567800233
1754,0.0,19312.03679660846
1755,0.0,17541.95995376058
1756,0.0,15737.871595643013
1757,0.0,13208.540950550907
1758,0.0,10068.044015611553
1759,0.0,8199.182361492258
1760,44.4345790887616,7299.229393317505
1761,133.24174596483263,5267.132868106602
1762,223.83160192503573,3670.4304352585877
1763,302.7760094694983,3232.172757553541
1764,359.5797391998912,3291.236893925447
1765,387.9401519334431,3943.565389521642
1766,385.1391536264715,5914.155355669366
1767,351.60671674158954,8897.934151591347
1768,290.5403593962666,12678.842910785132
1769,209.04344370236515,15938.025455172157
1770,118.14396537199184,19499.177674341983
1771,31.20548841109605,22200.29521077033
1772,0.0,23188.01660375259
1773,0.0,23638.15149688101
1774,0.0,23570.964030568204
1775,0.0,23555.79502405503
1776,0.0,23187.907409500178
1777,0.0,21113.543073189856
1778,0.0,18279.66203988504
1779,0.0,15945.070712624602
1780,0.0,13545.949844787403
1781,0.0,10937.90323424483
1782,0.0,8778.353687940367
1783,0.0,6864.306134001638
1784,44.704440336170926,4727.609478156608
1785,132.9696796478798,2903.642696132342
1786,222.846686299428,1827.8285587262264
1787,301.06993781329504,1350.0388225482939
1788,357.2788658053462,1831.4447241617088
1789,385.2200179138408,2940.873101176605
1790,382.266720171818,5797.198979128826
1791,348.8799573879533,10729.010288851836
1792,288.1672579390667,16510.563143389747
1793,207.19458575475093,22270.645030354604
1794,116.98936643091116,26990.15430739102
1795,30.766560838801983,30118.97712269289
1796,0.0,30940.894827164582
1797,0.0,29803.408491131657
1798,0.0,27639.850412621643
1799,0.0,24364.443020143437
1800,0.0,20202.057254807252
1801,0.0,16817.15906213853
1802,0.0,15251.556587146315
1803,0.0,13828.941534776219
1804,0.0,11871.625728361338
1805,0.0,9736.942981897319
1806,0.0,8381.077437742822
1807,0.0,6686.247549549786
1808,44.991543956638736,4825.4371974326405
1809,132.80173032270503,3204.050310144908
1810,222.15997863517828,2541.5013360730995
1811,299.9319341227851,2262.3035544679797
1812,355.7990173281211,2461.1778007676667
1813,383.5235786005287,3170.1467291353683
1814,380.5094094205097,5603.832030491181
1815,347.0961675115531,9562.855499918716
1816,286.4934405862772,14801.383713853245
1817,205.7812322081743,19532.923871277424
1818,115.99461637923127,22525.337100642915
1819,30.34128036759001,22913.27430215339
1820,0.0,21709.39388593247
1821,0.0,20742.25316811599
1822,0.0,20213.86499031081
1823,0.0,20018.591082288207
1824,0.0,17791.464211115293
1825,0.0,14573.446059490081
1826,0.0,11795.17929019267
1827,0.0,9680.02909062423
1828,0.0,7434.154416726724
1829,0.0,5298.667304179223
1830,0.0,3701.3215223685766
1831,0.0,2599.6870189726633
1832,45.14630192563284,1704.8607055179596
1833,132.44984376647972,710.0704688175871
1834,221.46402432217857,383.5909352757552
1835,298.8012660446054,336.7304191799805
1836,354.4859078364279,320.3644053819253
1837,382.1897858276092,396.34102612071797
1838,379.2195563760721,1409.5817802543502
1839,345.67861880885346,3043.4059870035385
1840,284.9604507002694,5710.729291212642
1841,204.24139443954937,8607.046978700491
1842,114.79576749441355,11256.205208152562
1843,29.814390784207568,12915.582059851013
1844,0.0,14046.186092137783
1845,0.0,15182.601238256375
1846,0.0,16929.660444860692
1847,0.0,17992.211947739925
1848,0.0,16970.130335108934
1849,0.0,15533.347089819186
1850,0.0,13662.18663367071
1851,0.0,12129.547126145315
1852,0.0,10905.190364514167
1853,0.0,10007.550010166628
1854,0.0,9283.383501508086
1855,0.0,8495.57591100957
1856,46.499487087093264,8701.618164295598
1857,135.37750838133684,7155.422214355494
1858,225.85959867120215,4720.838657801265
1859,304.3355538790241,3286.7643757463866
1860,360.70584675967046,2944.602081560457
1861,388.92957916690096,3367.7533891154326
1862,385.8765195892468,4982.342236778374
1863,351.7170726197846,7685.117488506248
1864,289.8842781597535,11263.16347651143
1865,207.7788073712966,15060.727412943927
1866,116.70207390016448,17785.618082612313
1867,30.101203489361623,18826.80709066771
1868,0.0,18466.373247539974
1869,0.0,18003.966236886437
1870,0.0,16886.970687883302
1871,0.0,14729.19073859765
1872,0.0,11555.36874650408
1873,0.0,9929.255337703104
1874,0.0,9241.04778358941
1875,0.0,9104.353821058558
1876,0.0,9413.577564369289
1877,0.0,10058.12033105196
1878,0.0,10487.447657482619
1879,0.0,10320.683659281076
1880,45.77797572754076,12133.669805406576
1881,132.19563525365552,9303.656497117257
1882,220.21272881218448,7125.324002489577
1883,296.659563487965,6259.02818149065
1884,351.38289054437706,6726.881519670597
1885,377.9109125816405,8903.896450904296
1886,373.8097423755999,12922.864127738567
1887,340.1078141501625,18145.311399612532
1888,280.19637210777745,25918.21212459218
1889,200.8848716962826,35107.82319303972
1890,112.90237153584631,43212.96663580058
1891,29.03413543576746,45056.756991819486
1892,0.0,43955.09281735907
1893,0.0,42727.869678031944
1894,0.0,39824.171835343834
1895,0.0,35934.37603033661
1896,0.0,31915.87173863741
1897,0.0,28250.546260649277
1898,0.0,25329.11167013197
1899,0.0,21974.63819045729
1900,0.0,20715.898480266573
1901,0.0,22033.590937876477
1902,0.0,20243.844105187527
1903,0.0,17058.81134598648
1904,45.91341565226664,15500.675250530643
1905,131.49379129393353,11996.675216692349
1906,218.41250343224212,10810.87288297478
1907,293.84127142145525,11342.52155992825
1908,347.843656335582,12097.076881977831
1909,374.3746317452709,13738.99473006352
1910,370.7832263556059,16880.23133001764
1911,337.41859425652314,22023.214579145268
1912,277.7820014159552,27772.973868549736
1913,198.94368660558848,34042.23533702414
1914,111.6116281648872,40193.11669709382
1915,28.492919586077065,44690.15654973736
1916,0.0,46216.11113462315
1917,0.0,45692.28607696918
1918,0.0,43064.11913719051
1919,0.0,39184.03306241262
1920,0.0,35203.05886920401
1921,0.0,30994.35961423194
1922,0.0,26595.075448568587
1923,0.0,23054.664865932817
1924,0.0,19368.677731375625
1925,0.0,16400.359487872283
1926,0.0,15436.195161763697
1927,0.0,14737.250030141431
1928,47.67794365807335,13660.627385497231
1929,135.63205176980205,10827.49574713963
1930,224.7556266451536,8873.204526139965
1931,301.8452744099471,8276.12947416331
1932,356.7528990670989,8252.735442338299
1933,383.34856809647977,8892.144617875887
1934,379.3099310036756,11802.54338102
1935,345.1318006000548,16627.095421857117
1936,284.1210064520332,23566.974582905084
1937,203.46563153924063,31281.13626419406
1938,114.06810594330176,40042.40024996947
1939,28.942125541246032,45854.353252977744
1940,0.0,46830.178363044804
1941,0.0,45576.58392779348
1942,0.0,43772.414935469475
1943,0.0,40723.9015489716
1944,0.0,36632.72420931427
1945,0.0,31621.116761203626
1946,0.0,26670.272292959984
1947,0.0,23005.254391762486
1948,0.0,20351.963383356248
1949,0.0,17319.5513507176
1950,0.0,15236.182993548766
1951,0.0,13035.576990457503
1952,49.90872150173495,11086.17511734796
1953,140.64797182130974,8120.625034702313
1954,232.32406547292743,6750.9599140010305
1955,311.3205828533427,6399.798239147886
1956,367.4057813251145,6936.283736860193
1957,394.6169566511935,9285.093734546086
1958,390.6024398488738,14366.892699850563
1959,355.6905479581817,21766.790153923106
1960,293.1918911602197,30111.07074019415
1961,210.16716876128825,37418.774694968204
1962,117.81916254764096,42856.72916019522
1963,9.40262588355283,44207.10516116951
1964,0.0,43109.74494058186
1965,0.0,40496.94273919857
1966,0.0,36624.34249061725
1967,0.0,32858.11786354985
1968,0.0,28501.670201661564
1969,0.0,25206.581033398583
1970,0.0,24381.467648752892
1971,0.0,24207.751425900216
1972,0.0,24154.786351135404
1973,0.0,22448.88878055073
1974,0.0,19744.60900457693
1975,0.0,18226.290760458636
1976,47.65784529809522,18790.036418383985
1977,133.71994771761118,17128.190974350782
1978,220.9662475142706,17850.98526290428
1979,296.459882097581,20799.747506672873
1980,350.22520598702334,23970.26452853839
1981,376.4177516825257,27305.232121354544
1982,372.5974424330674,30933.273247783894
1983,338.84113222367563,34169.45867764489
1984,278.52905889136895,36621.6126533444
1985,198.99209555137185,38081.56463049854
1986,111.07461664468006,38451.82267827281
1987,11.90120824943076,37840.65194955892
1988,0.0,37186.8600263548
1989,0.0,36392.824450194305
1990,0.0,35594.919523194185
1991,0.0,34036.80024026719
1992,0.0,33335.36356060467
1993,0.0,33454.35974011413
1994,0.0,33610.75291274989
1995,0.0,34618.03031008099
1996,0.0,34799.19523123819
1997,0.0,32602.10325577329
1998,0.0,30259.187496296956
1999,0.0,28705.52644455254
2000,48.62682663614062,29694.714508675195
2001,135.4366833090932,28129.745501056215
2002,223.40079239532523,26778.950671627914
2003,299.51795782236775,26930.294400441864
2004,353.7556123311423,28035.930196765003
2005,379.8621679640954,29909.42083179417
2006,375.534154055778,32275.718121056696
2007,341.2766756607096,35293.286500781716
2008,280.40444693416924,38802.66998350548
2009,200.22748782069996,42563.87728864926
2010,111.63792847939004,44890.662274108545
2011,11.281550693957405,44161.49298164093
2012,0.0,42281.149444699135
2013,0.0,39495.55140348488
2014,0.0,36754.9243783753
2015,0.0,34622.965976330765
2016,0.0,32935.02071803906
2017,0.0,31912.843490847536
2018,0.0,30565.33268146353
2019,0.0,28120.7982220832
2020,0.0,25468.941179769452
2021,0.0,24217.996993859833
2022,0.0,22679.687475772105
2023,0.0,21916.945638892237
2024,48.91280202412031,27473.180143260233
2025,135.3042413791854,27430.34832504575
2026,222.8256559978631,25932.401529559716
2027,298.5844144346449,24775.617987142385
2028,352.55703571217714,23983.790295144943
2029,378.6778058383051,23756.665849958714
2030,374.3200941459126,24629.04851850087
2031,340.027082673678,27200.08962328082
2032,279.22926158787834,30851.117383530567
2033,199.1536459317329,34735.96427428971
2034,110.84827302038872,38680.09766482253
2035,11.251735793032648,40525.92615932822
2036,0.0,40021.62328238101
2037,0.0,38948.33881913733
2038,0.0,38050.165147621876
2039,0.0,36087.28372558829
2040,0.0,33330.101584423406
2041,0.0,30722.79207511418
2042,0.0,28537.985739767508
2043,0.0,25755.456676833743
2044,0.0,23153.35400043234
2045,0.0,20436.899043864418
2046,0.0,17883.03205076647
2047,0.0,16461.167335727838
2048,49.75267440794275,16024.500999215841
2049,136.66611879045698,13729.65936177056
2050,224.49111389059732,12120.683169538092
2051,300.1081573276509,11239.314897173648
2052,353.67855546773654,11293.106458714687
2053,379.3820985651802,13626.768938336436
2054,374.7747509001671,17182.80194646156
2055,340.26728189886853,21315.001571231565
2056,279.47834657149383,25211.400293938863
2057,199.252218556565,28259.11201457574
2058,110.80327198119558,32059.878779553776
2059,10.912461429409834,34285.41707361407
2060,0.0,34131.3858241821
2061,0.0,32458.141267703806
2062,0.0,30421.39663069108
2063,0.0,26724.279055568128
2064,0.0,22746.169822350214
2065,0.0,19460.20091180628
2066,0.0,18088.37315216694
2067,0.0,17864.5868154825
2068,0.0,17748.13318485802
2069,0.0,17383.90883852347
2070,0.0,16552.33792233531
2071,0.0,14552.955571211785
2072,48.5938070889932,13369.068422266608
2073,132.8895045803511,10625.761591647222
2074,218.33289657004832,10054.971732893004
2075,292.2669187343231,10270.163441494491
2076,344.8121693381632,10094.662971712698
2077,369.9041974933164,10571.652415246937
2078,365.1656597948236,12785.286984759066
2079,331.16367613039256,16084.38426638135
2080,271.4168851767296,20875.87850974757
2081,193.12557562753315,26168.23892369463
2082,107.08629704574308,31405.48249997705
2083,11.87396628548591,33686.42110269332
2084,0.0,33837.46149859669
2085,0.0,32629.428929500315
2086,0.0,30117.44363796738
2087,0.0,25783.420991014
2088,0.0,21514.494915104417
2089,0.0,19188.299998950282
2090,0.0,18239.69541083556
2091,0.0,16887.36283270767
2092,0.0,15186.255246727282
2093,0.0,13199.181689860116
2094,0.0,11428.394760226465
2095,0.0,9417.432042582062
2096,49.73438551109589,7719.050676149175
2097,135.05844907159826,4946.158732521283
2098,221.2433658266611,3236.7882993815906
2099,295.5235869728773,2757.39191468745
2100,348.19723063655056,2741.649892402866
2101,373.3345793344509,3658.436256239237
2102,368.5622092797044,6520.451750047112
2103,334.4625872297104,10053.108797341853
2104,274.1529641161289,15347.901754284194
2105,195.0620178772873,20977.69075807369
2106,107.95440369920098,25413.853287273512
2107,11.19975823961946,27932.995490270296
2108,0.0,29492.417025803356
2109,0.0,29169.08709734501
2110,0.0,26437.883830294402
2111,0.0,22657.6850203829
2112,0.0,18493.647492227916
2113,0.0,15817.483967810404
2114,0.0,13710.333176058926
2115,0.0,12319.468934741872
2116,0.0,11699.747275967722
2117,0.0,10773.553824318604
2118,0.0,10047.287402470509
2119,0.0,9266.274497358718
2120,50.14296125679036,8311.103521200253
2121,135.24445460577363,5580.596979234634
2122,221.1700945074891,3616.4645285014435
2123,295.24259650580234,3214.3147793910675
2124,347.69105682703923,3867.1558273125434
2125,372.6257010157208,6966.603795529618
2126,367.722686531527,11522.90925154139
2127,333.3922840824422,16814.517593284705
2128,273.1011124556187,22508.36936210684
2129,194.1188160918717,26599.63932162071
2130,107.31181567896904,29743.76596818578
2131,10.986747398496496,31620.24896480158
2132,0.0,32013.946442034758
2133,0.0,30461.266326843328
2134,0.0,27560.43211357588
2135,0.0,25576.9390360514
2136,0.0,23257.863424639196
2137,0.0,20991.453308172833
2138,0.0,18450.419073900946
2139,0.0,17208.503347303493
2140,0.0,18232.689043279515
2141,0.0,18241.792459931476
2142,0.0,17804.26549996218
2143,0.0,17502.14762334162
2144,50.87956588923409,17604.00759762453
2145,136.36456021207582,14463.50007127922
2146,222.6580258421892,11317.06478197595
2147,297.07053460542807,9209.814935999466
2148,349.7615723646877,9115.623327616026
2149,374.7122851754728,11938.87697690726
2150,369.56008856708496,15819.538685396068
2151,334.7949084568857,19325.14252470027
2152,274.0980672036735,23160.81623125897
2153,194.7035751013613,26653.500484962107
2154,107.53165909545343,29844.034650872938
2155,10.579228318563882,30375.735688451423
2156,0.0,28902.410179059854
2157,0.0,27354.921224163238
2158,0.0,27216.141267432242
2159,0.0,27547.096073051114
2160,0.0,27759.57283982876
2161,0.0,28626.72883260456
2162,0.0,28644.601596762815
2163,0.0,27789.90474722743
2164,0.0,6800.434070961808
2165,0.0,6060.359034017067
2166,0.0,5010.167012681288
2167,0.0,4090.5461409366203
2168,54.49934399579268,3501.7611038058553
2169,144.6669920981151,3578.3200291789844
2170,235.7114843871507,3606.323891391696
2171,314.26779717109355,4075.090452279619
2172,369.78598183985895,5340.466879390668
2173,396.19904217473766,6611.84243168591
2174,390.7687282053871,6950.950542699589
2175,354.0979481877442,5579.208754449696
2176,289.7604670519583,3370.9360016558435
2177,205.57110566023755,2049.6146954692954
2178,113.36190800394928,1340.3457982546306
2179,8.406306595974941,1526.424586527433
2180,0.0,1920.6472269173346
2181,0.0,2269.3896799355084
2182,0.0,2560.94256250052
2183,0.0,3017.3007649334286
2184,0.0,3426.0303273429477
2185,0.0,3675.383061891647
2186,0.0,3707.4642588299516
2187,0.0,3371.475610967413
2188,0.0,3073.9938802684464
2189,0.0,2934.9947515109347
2190,0.0,2826.297086758361
2191,0.0,2731.320333169429
2192,53.04654959712293,2680.502710276553
2193,140.43708830349777,2770.8884396214985
2194,228.7255852111411,2769.562608178072
2195,304.73999791521777,2464.714477527756
2196,358.3032634779959,2075.1104570125444
2197,383.453281693157,1682.772306932457
2198,377.9205077996082,1880.462617590395
2199,342.0875812153212,2600.8241586451823
2200,279.6893459505694,3475.2768915539573
2201,198.16644544812024,4674.872818100378
2202,109.01609568122468,5880.824324887547
2203,9.537234358709576,7126.598235199544
2204,0.0,7465.874339204967
2205,0.0,7439.827242644947
2206,0.0,7630.0360041275
2207,0.0,7968.750822168222
2208,0.0,8197.063083625953
2209,0.0,8268.093290705201
2210,0.0,7989.257958646176
2211,0.0,7357.882490454979
2212,0.0,6477.390125647517
2213,0.0,5622.806203400408
2214,0.0,4950.103876040947
2215,0.0,4670.918166049269
2216,53.0343849952808,5171.806377500726
2217,139.60217978223807,5896.7029363008305
2218,226.9083854622547,6345.328915520162
2219,302.3103356982724,7017.781537173679
2220,355.71818658345654,7929.637051107404
2221,380.7393554394787,8203.6713268099
2222,374.9481774572957,8310.420108272485
2223,339.09828153808894,8985.103589571945
2224,276.8736976372647,9981.264816786786
2225,195.8957716941576,10711.330738366782
2226,107.52454952740652,10571.961455409355
2227,9.652389028377415,10063.339789887366
2228,0.0,9425.07807325241
2229,0.0,8508.60473678604
2230,0.0,8066.961449960608
2231,0.0,7375.171729247174
2232,0.0,6654.488745181875
2233,0.0,6026.871631617819
2234,0.0,5526.246458290769
2235,0.0,5230.329910375108
2236,0.0,4929.713863896393
2237,0.0,4982.296664147016
2238,0.0,4851.371239336685
2239,0.0,4747.506133287476
2240,52.22131677531568,4738.109152025274
2241,137.0162362557878,5371.907827118385
2242,222.5758487087958,5634.765250563539
2243,296.32858983554445,5742.89560733152
2244,348.60026434112297,6727.516750875605
2245,373.04594237942285,7967.458594050691
2246,367.26785266202495,9447.237324632315
2247,331.903025557777,11290.318892443709
2248,270.6068423801586,11697.495740941038
2249,191.1658202011314,10706.895017776606
2250,104.61584218415382,9446.9935749622
2251,10.162215302039906,9296.781339064219
2252,0.0,9142.37648817498
2253,0.0,8844.399977260175
2254,0.0,8653.264418461204
2255,0.0,8458.16303275971
2256,0.0,8350.691806030667
2257,0.0,8033.211826614882
2258,0.0,7670.844018917553
2259,0.0,7170.647153363664
2260,0.0,6865.996153209364
2261,0.0,6951.7075606135795
2262,0.0,7259.713120816916
2263,0.0,7545.848116433831
2264,54.658422111339085,7302.599108069036
2265,141.84202025296102,6662.544370000778
2266,229.70097368191475,4860.061282519385
2267,305.2998227956015,2870.7210638703755
2268,358.86121369309006,1809.598302857024
2269,383.8930350690293,1689.4932718706455
2270,377.8336573674172,2120.8125866531627
2271,341.47087254818445,2945.6073113795724
2272,278.6014129601564,3871.8090840540062
2273,196.9538709376189,4981.271082202961
2274,107.87176684109792,5955.648390914399
2275,8.857773092019578,7669.248615724314
2276,0.0,8861.972481374743
2277,0.0,8890.68906515937
2278,0.0,8694.399330645583
2279,0.0,8413.365787630712
2280,0.0,8241.546502005285
2281,0.0,8307.554570852248
2282,0.0,8578.275647881595
2283,0.0,8655.257073861541
2284,0.0,8467.926305272094
2285,0.0,7995.323042899615
2286,0.0,7535.15430495606
2287,0.0,6785.12478995363
2288,55.69272866924106,5740.689373158155
2289,143.60723496298533,4297.182650244264
2290,231.95986128331936,2938.4897616531116
2291,307.7738571444582,2316.5158279328152
2292,361.2606459114882,2139.8170301084906
2293,386.2459492145346,2314.004641397791
2294,379.844240341736,3043.1294376641417
2295,342.9879685606497,4575.376809907531
2296,279.7061695862466,6491.294349666606
2297,197.69634988218584,7792.414711382787
2298,108.2780244262859,8502.102501510892
2299,8.415517963980117,10233.768599091809
2300,0.0,11393.268664986987
2301,0.0,11070.34884256105
2302,0.0,10812.736551389211
2303,0.0,10677.783353508228
2304,0.0,10565.208536846538
2305,0.0,11043.279404233806
2306,0.0,12224.078386716978
2307,0.0,14074.169432691395
2308,0.0,16593.14349018774
2309,0.0,19581.02446077589
2310,0.0,21870.19569027073
2311,0.0,21279.635451213955
2312,51.87060627182581,20492.940158281363
2313,134.2529502783561,20012.16719109413
2314,217.42933208838883,16158.967030994289
2315,289.1739424564125,12365.89412762679
2316,339.719763262593,9092.252417025338
2317,363.0109076246174,7677.661307214266
2318,356.66173807444625,7885.343639856514
2319,321.6253840240163,9041.45609454899
2320,261.7791194757252,10784.115326581312
2321,184.4450339132648,12938.307423586573
2322,100.44123626800238,13706.857300572363
2323,10.171294453713433,13729.074558472272
2324,0.0,13174.9946567172
2325,0.0,12386.270275713041
2326,0.0,12070.051815450155
2327,0.0,11790.395728230382
2328,0.0,11840.423306253571
2329,0.0,12064.250013366885
2330,0.0,12704.128465838281
2331,0.0,13687.338037848054
2332,0.0,12894.65449713273
2333,0.0,11582.143617791573
2334,0.0,9834.930867176205
2335,0.0,7962.313545669001
2336,57.368589772075694,6219.304099592092
2337,146.2517667395823,5174.913192105684
2338,235.41608606769125,4411.210902169533
2339,311.6741786077899,4032.745432523567
2340,365.2863418285247,3931.8740306809314
2341,389.89260442146593,4737.920421734635
2342,383.113206333652,6451.1624666906
2343,345.9308607117204,8357.817661122195
2344,281.9598518292213,10361.122557980425
2345,199.0429760618359,12531.633176010191
2346,108.7257107076622,14170.522602026187
2347,7.680259548669712,15267.40098727595
2348,0.0,15262.514030345637
2349,0.0,14849.63165054599
2350,0.0,14465.711183015203
2351,0.0,13840.954579880083
2352,0.0,13374.784834544731
2353,0.0,12763.829502936007
2354,0.0,12219.783308086295
2355,0.0,12090.22176033704
2356,0.0,11823.10971369623
2357,0.0,11652.86924941316
2358,0.0,11736.828984588903
2359,0.0,11613.89122151876
2360,55.16600117709869,10964.40289469664
2361,140.49178982984785,11287.676232701317
2362,226.275211419726,11186.212721669242
2363,299.7824041420105,11912.166292968974
2364,351.2876279662081,13445.599644455913
2365,374.91431164832017,15118.958107309174
2366,368.3578789917215,16866.560219560542
2367,332.32152845932654,19173.84341387201
2368,270.56595919622765,21904.701579325603
2369,190.6438675309525,24798.614760682216
2370,103.7371022955924,26773.023634147605
2371,8.775743520730003,27064.781219458022
2372,0.0,26876.342619836454
2373,0.0,28014.445974828006
2374,0.0,28192.303852289682
2375,0.0,27738.77007538137
2376,0.0,26084.705490663444
2377,0.0,23729.61321855917
2378,0.0,22335.489861772086
2379,0.0,21897.641109276425
2380,0.0,22830.320649963112
2381,0.0,23001.722124224132
2382,0.0,22245.80528334425
2383,0.0,22523.016421409633
2384,47.52962094436877,21761.119854077122
2385,122.83605347877425,25545.28080095553
2386,199.0449839016714,27006.734460610547
2387,265.009979039088,27798.418165165866
2388,311.7623493587842,28770.443207830394
2389,333.34042025179656,30271.933800139643
2390,327.28907707508955,32205.917832788247
2391,294.3825105443102,35753.427599325594
2392,238.4515139479941,39345.818578306076
2393,166.8468998505114,40193.178617106896
2394,89.6738587534216,37940.828092354175
2395,11.29803251720082,34291.04698883342
2396,0.0,32892.76082619712
2397,0.0,32201.45085859796
2398,0.0,30630.124036437985
2399,0.0,27892.291879594137
2400,0.0,25450.75264863636
2401,0.0,23339.419149574947
2402,0.0,21975.887934569117
2403,0.0,20397.944877668186
2404,0.0,18962.370744339158
2405,0.0,17738.4970037684
2406,0.0,15967.351798322637
2407,0.0,13832.51474380698
2408,50.798624549510336,12802.782583089765
2409,129.67994916109342,16896.170597252363
2410,209.45487003477496,23533.20520940446
2411,278.43903820313346,31902.092625705856
2412,327.19072059550933,39228.40162777733
2413,349.68157098590217,43345.445166555204
2414,343.72134859029507,43981.20491006633
2415,309.4885023905395,41410.239824990145
2416,251.0822164896704,35946.02568409114
2417,175.7910082083974,31079.21476161834
2418,94.53596055564373,27027.125032975953
2419,10.227681249999916,23498.11264655942
2420,0.0,19950.97689546865
2421,0.0,16518.75353904927
2422,0.0,14490.562853406738
2423,0.0,12963.830522801429
2424,0.0,11923.204889845081
2425,0.0,10615.741142108414
2426,0.0,8993.837094532437
2427,0.0,7501.574050528551
2428,0.0,5875.716658264959
2429,0.0,3590.9786585408256
2430,0.0,2617.8534423356077
2431,0.0,1628.0414047645143
2432,48.662211169612775,1160.032792992438
2433,124.74376329130573,1668.783771034098
2434,201.75524814287212,2759.263917454067
2435,268.4025531968554,4813.515478475646
2436,315.49633300822074,7347.5650577671295
2437,336.9856265199133,9320.943797744008
2438,330.4359397129556,11309.166957326133
2439,296.6911458555236,12737.986523974712
2440,239.97062395556557,13589.287949867325
2441,167.52319903946508,14441.190561679276
2442,89.67546144067991,14222.483583445774
2443,10.700206598344693,14398.091026491593
2444,0.0,15709.690615412452
2445,0.0,16562.81873025239
2446,0.0,16318.043311756524
2447,0.0,14947.50971708993
2448,0.0,13499.049759610225
2449,0.0,12157.472057343668
2450,0.0,11474.963795329235
2451,0.0,11554.482625407942
2452,0.0,11577.491269396764
2453,0.0,11122.134341581053
2454,0.0,9628.504924988954
2455,0.0,7982.091023825065
2456,50.76880085653438,5910.20303199004
2457,128.9274589463354,4843.435924691796
2458,207.84674214815888,3610.9031343217216
2459,276.0085412244519,2920.0983182779482
2460,323.9668903463242,2354.4525127539737
2461,345.7502217740982,2174.0495781436666
2462,339.0348194397272,2515.984822705987
2463,304.56223406929763,3375.0763230801313
2464,246.37479887325023,4533.215055931244
2465,172.04896416439013,5340.088927793798
2466,92.20548424602327,5307.211227899835
2467,9.987423676032424,5487.015826836687
2468,0.0,6381.880206670852
2469,0.0,7120.882880955803
2470,0.0,8053.050942863525
2471,0.0,8232.93254444452
2472,0.0,8341.727561305766
2473,0.0,8509.115488732887
2474,0.0,8574.5714542563
2475,0.0,8289.925162109295
2476,0.0,7725.493638110433
2477,0.0,7111.1892259051965
2478,0.0,6832.778075528558
2479,0.0,6658.134251729358
2480,55.25788924925514,6633.796026557816
2481,138.24763119819374,8142.393665513017
2482,221.71888437555387,9616.877816945851
2483,293.4019426133316,11534.823808156141
2484,343.72364614117424,13093.724142441837
2485,366.6087925906184,14196.157250742242
2486,359.62292038493354,15562.530409283498
2487,323.4786018980421,17752.820643417006
2488,262.1196789030666,19601.948227745695
2489,183.49175956207708,20125.65864745139
2490,98.73260147967731,17981.926499649064
2491,8.507739163529674,14217.123656258103
2492,0.0,11233.42560834109
2493,0.0,9376.324731755498
2494,0.0,8560.226835545249
2495,0.0,7848.650127332227
2496,0.0,7084.174119244754
2497,0.0,6769.772553036413
2498,0.0,7337.700868132316
2499,0.0,8302.449310951559
2500,0.0,9327.90184629284
2501,0.0,10764.770166739567
2502,0.0,12317.8362530795
2503,0.0,13264.642332247295
2504,52.634170438629,13056.061056067168
2505,132.25133003838343,15451.156229939763
2506,212.53798966532125,18396.41142477154
2507,281.6928226901367,18991.081477755928
2508,330.4087561460572,17712.772901077587
2509,352.5750801569254,15743.542038068246
2510,345.6779614837363,14374.59131101585
2511,310.5020517837003,12419.924740727796
2512,251.0272573949084,11481.867341098641
2513,175.11075256205547,9876.02364259299
2514,93.61219403543429,8927.335716612242
2515,9.245194660911098,8636.707087827666
2516,0.0,8598.863452838883
2517,0.0,8241.69760382801
2518,0.0,6965.846166626182
2519,0.0,6261.89888921342
2520,0.0,6059.35483964992
2521,0.0,6596.121203394533
2522,0.0,7297.014058796399
2523,0.0,7893.637738898474
2524,0.0,8064.709996864606
2525,0.0,7271.862571210506
2526,0.0,7259.360646001414
2527,0.0,7240.309095384753
2528,32.12214099373115,6983.577509731599
2529,77.86242269933099,8410.029402143524
2530,127.90376510146048,10515.794230737863
2531,171.97050871693196,11323.265442758417
2532,203.5057834783927,12313.693283530483
2533,217.9124085058561,13824.1792264015
2534,213.20820236095017,15512.282607615147
2535,190.02961803746723,18530.61194357975
2536,151.74049661184523,22385.719472244327
2537,103.94968433739552,25155.712717098577
2538,54.21649477086839,26430.532892926065
2539,10.652233449164532,26676.961042017927
2540,0.0,26220.11417770375
2541,0.0,23165.135484546063
2542,0.0,19449.228351646223
2543,0.0,16845.377775817502
2544,0.0,14953.173955191243
2545,0.0,13336.953232119824
2546,0.0,13687.202699113706
2547,0.0,15635.37586652863
2548,0.0,18941.633451045334
2549,0.0,22193.409872191845
2550,0.0,22769.631610901015
2551,0.0,18162.540546533433
2552,58.66652939353636,12858.652649067099
2553,143.90316864143173,11343.683533344802
2554,229.29462014630693,8792.775401891799
2555,302.43302968731666,6897.304716628168
2556,353.3806092661829,5315.228082229065
2557,376.1777853448282,4793.453675134817
2558,368.4056235867913,5040.9750588291
2559,331.06278663519134,5376.776923306577
2560,268.1374935797349,5329.577226540331
2561,187.68023224348485,5332.4785895248515
2562,100.92226668808225,5375.070140318094
2563,7.196642030976852,6141.101240984524
2564,0.0,6810.316221958085
2565,0.0,6601.031690593147
2566,0.0,6418.234540521048
2567,0.0,7423.589454980069
2568,0.0,9256.254280104285
2569,0.0,11412.991167682803
2570,0.0,11899.506415870706
2571,0.0,9928.457162396508
2572,0.0,7407.13692087975
2573,0.0,5414.320656401717
2574,0.0,4068.231476780019
2575,0.0,3324.2333658031753
2576,47.17556987584333,2784.362923672018
2577,119.21738583084692,2945.1909691007804
2578,192.15239671438937,3666.363836657742
2579,255.147807282566,4847.41790674236
2580,299.53066199676346,6409.78130543689
2581,319.5899649330213,7760.243859149133
2582,312.91683912018607,9489.621856999136
2583,280.5137665276789,12459.479478095256
2584,225.87208114047576,16669.456047726802
2585,156.4490667118745,22605.594254646305
2586,82.49251053201326,28022.625136035876
2587,9.905686479527033,34836.62992374988
2588,0.0,40868.95024418852
2589,0.0,44814.86902421529
2590,0.0,43450.516926090204
2591,0.0,36793.70263870143
2592,0.0,27937.0562036298
2593,0.0,21080.219717524113
2594,0.0,19523.02953246266
2595,0.0,19199.8284293819
2596,0.0,18516.505562798902
2597,0.0,17725.71985983652
2598,0.0,18095.09524660664
2599,0.0,20563.60321271708
2600,33.1879145565025,19622.33019345266
2601,82.75953493528688,21642.864759885044
2602,135.27100251086267,24031.05567347775
2603,181.48137035596204,24447.34553027223
2604,214.4792086183022,25380.742240206782
2605,229.5093880766254,27358.586969259264
2606,224.55542873738025,29909.689109208146
2607,200.1121073116532,31520.050880429208
2608,159.66372631962395,30767.183066787704
2609,109.20284920635858,26661.52542138242
2610,56.17758969800549,21702.254816127464
2611,10.177665591196565,20665.688192232006
2612,0.0,20674.37267946966
2613,0.0,21360.828177729025
2614,0.0,22466.25337352278
2615,0.0,23328.3411549132
2616,0.0,23787.463546560914
2617,0.0,23533.036456935686
2618,0.0,23875.38044558893
2619,0.0,23329.050589989725
2620,0.0,21182.46927469877
2621,0.0,20357.18817739382
2622,0.0,19592.242460622274
2623,0.0,18470.891896096375
2624,47.819348678609245,15610.015499565654
2625,120.0659207074418,14459.293481730963
2626,193.36205611537207,14923.418444734409
2627,256.7967881804601,14608.77261797404
2628,301.3306172038376,14295.669193500198
2629,321.35031421769435,15765.119617888628
2630,314.2995693774204,17481.240675793342
2631,281.2116121106636,18713.537821774742
2632,226.12075994699475,18533.5823677935
2633,156.43248914591166,17772.664097819154
2634,82.2663256957492,16533.193122270226
2635,9.468215400219933,17789.589760887557
2636,0.0,19591.706610268662
2637,0.0,20904.385581553193
2638,0.0,22296.78949568448
2639,0.0,23091.16221015937
2640,0.0,23544.805759058374
2641,0.0,24029.286659405883
2642,0.0,25103.93609160977
2643,0.0,26362.537308350526
2644,0.0,26771.35360750531
2645,0.0,25674.99585710572
2646,0.0,23286.183570189547
2647,0.0,20706.765685302005
2648,44.73617788877161,17610.633012117836
2649,113.02837124562583,17999.03525973338
2650,182.27851604635856,18763.53028240126
2651,242.1960535305487,17720.416906168328
2652,284.3142803826232,16758.029436701487
2653,303.1236643694352,16263.661795274733
2654,296.3524946526766,15521.58252799625
2655,264.70719893011284,13971.418034920856
2656,212.24392720662848,12933.850303850806
2657,146.22453866037944,12510.948238627965
2658,76.3757956818734,13132.313676516787
2659,9.645488304690849,15195.456500890403
2660,0.0,16313.756450332825
2661,0.0,16546.95981524689
2662,0.0,15890.556438374193
2663,0.0,14079.2598513584
2664,0.0,12293.255204397761
2665,0.0,10723.374738777633
2666,0.0,10116.58786759085
2667,0.0,10225.97271629935
2668,0.0,9856.773222887947
2669,0.0,8508.40377067745
2670,0.0,7145.375359782412
2671,0.0,6551.645711017686
2672,58.35481442268393,5235.775668995153
2673,141.54448786888423,4496.872552825013
2674,224.93794629302192,4529.814531927395
2675,296.11327107063687,4890.555625119365
2676,345.4631391094076,5846.914615463646
2677,367.18717093693607,7083.796856342191
2678,358.9380952023062,8089.236407794651
2679,321.69418371822843,7856.098059502221
2680,259.70771174553295,6594.4773779795205
2681,180.8435472753725,4851.823441521681
2682,96.32204132843148,3461.562956429918
2683,7.018113796058637,3021.095351489249
2684,0.0,2808.8409016840487
2685,0.0,2606.5478520325755
2686,0.0,2597.2242505985178
2687,0.0,2896.534554111554
2688,0.0,3371.5020295860454
2689,0.0,4027.1748838162757
2690,0.0,4756.7422606677765
2691,0.0,4835.175060842556
2692,0.0,4436.52188685247
2693,0.0,4065.4747065989873
2694,0.0,3620.3199292412155
2695,0.0,3622.0519948622
2696,26.08456031282937,3584.5074938717944
2697,59.0029395643976,3538.9353835009733
2698,88.96275132847376,5266.400566002891
2699,120.01313580666648,8174.577649623982
2700,142.25555825587526,12006.856558387512
2701,152.28042119936305,15635.099448499717
2702,148.57287246437355,17313.288261354035
2703,131.67058155193502,17965.04210808025
2704,104.15204626700132,15752.674389745593
2705,72.78455009288349,10119.534360948493
2706,41.80694804627325,3335.126396336475
2707,7.224292613516764,438.5720288598154
2708,0.0,2080.5811035051156
2709,0.0,5571.456476980363
2710,0.0,3431.191756391753
2711,0.0,3386.6973652176266
2712,0.0,3456.7911806230804
2713,0.0,2477.2884270480245
2714,0.0,2055.868934057321
2715,0.0,2199.9102008884906
2716,0.0,2380.810385056419
2717,0.0,1914.0108065800089
2718,0.0,962.3686038974973
2719,0.0,337.2754300271138
2720,48.58064542894056,137.16707822655476
2721,120.48807674321613,49.171479644543474
2722,193.1002507217643,153.39473371107104
2723,255.8453756393693,1429.6611521655566
2724,299.69313319981626,6882.600615023467
2725,319.0488826500592,12564.751950233176
2726,311.65927241701763,16055.537222898625
2727,278.4480840594806,18198.28109008308
2728,223.54893850033787,21030.077197661525
2729,154.3407236745977,23697.4399932183
2730,80.67889043272353,22557.880843203086
2731,8.619132581138969,20458.501383140443
2732,0.0,20114.47528238545
2733,0.0,19635.343352826338
2734,0.0,17848.13670492576
2735,0.0,15999.409521467749
2736,0.0,15170.460923422128
2737,0.0,15535.998290680827
2738,0.0,16883.41439478127
2739,0.0,18313.391482233572
2740,0.0,19285.17283725031
2741,0.0,19340.655752451006
2742,0.0,19306.902830454124
2743,0.0,20482.510199053453
2744,31.623742572054343,20153.94489760147
2745,72.12880042310503,20461.198126521762
2746,118.24944379971176,21880.592969317528
2747,158.82127363888372,20922.839797026983
2748,187.7489095745545,19440.466408197804
2749,200.6759652397627,18471.013398376475
2750,195.68978136574268,18092.38707154562
2751,173.58717284014668,18053.690940394852
2752,137.65066483503912,17516.79136664419
2753,93.23450161103924,16071.147788090786
2754,50.08534284557329,14577.991835030753
2755,8.370916465882528,14471.037056643525
2756,0.0,14388.831923730508
2757,0.0,14113.114342166531
2758,0.0,13077.626339440525
2759,0.0,10764.380806606181
2760,0.0,8211.233976810638
2761,0.0,6403.6243127744265
2762,0.0,5224.467035828838
2763,0.0,4691.468980217367
2764,0.0,4840.367044980229
2765,0.0,5520.943558175288
2766,0.0,6119.13035244272
2767,0.0,6731.217058515638
2768,56.50433498997504,6780.936305802988
2769,136.3305453513463,8018.270327627415
2770,216.3133023464287,9549.520138663876
2771,284.803323592724,12709.568233594226
2772,332.43120354829813,16708.721711853646
2773,353.487625535694,19070.30802539486
2774,345.31426259938536,20212.963555539314
2775,308.8569437663474,21627.361197533377
2776,248.60456597251445,22556.626245520485
2777,172.3953958504448,22515.248465112738
2778,91.06578750465668,20493.7222785107
2779,7.009474056069339,18524.171605133208
2780,0.0,16667.931062890024
2781,0.0,15360.621760231481
2782,0.0,14203.113646658914
2783,0.0,12801.256182130923
2784,0.0,11916.166478549943
2785,0.0,11295.199337598198
2786,0.0,11151.319567132341
2787,0.0,12209.59330983962
2788,0.0,14791.705495245162
2789,0.0,16773.518893213557
2790,0.0,18319.615494117043
2791,0.0,17922.543721333863
2792,38.99217804006065,16405.943017650723
2793,99.03613223946964,15183.021435063285
2794,160.14234382745417,17718.197226423323
2795,213.13944706435257,20733.671123772358
2796,250.3976644427296,22727.55926731246
2797,266.83530308060386,24423.00392325423
2798,260.28219584716,26266.89618304358
2799,231.61455908811428,27523.598268307283
2800,184.6786302442818,28723.127330156192
2801,126.13612669098984,26255.75271456421
2802,64.59037188461288,22427.71605972071
2803,8.715994592535292,20698.36838737881
2804,0.0,19992.135142725107
2805,0.0,18348.040078296737
2806,0.0,15972.55706142622
2807,0.0,14830.668635557242
2808,0.0,14615.456341296907
2809,0.0,14578.285207962848
2810,0.0,14574.285684729999
2811,0.0,14722.145899488467
2812,0.0,14463.590177518674
2813,0.0,13590.353202906566
2814,0.0,12293.802601548241
2815,0.0,11271.388315896593
2816,51.17155148217235,9711.146864633105
2817,125.02953347185712,8311.651338893165
2818,199.4329313105096,9449.66111656944
2819,263.3657299866478,12211.457532375449
2820,307.90837732375616,14605.118000957573
2821,327.4178977479596,16200.649419590369
2822,319.5373550350795,16411.15402243341
2823,285.2287079379222,14327.328612597646
2824,228.63939564064543,9285.687910026585
2825,157.45543842882395,4625.972150227666
2826,82.07906264504997,2905.4549282800435
2827,7.598704479058192,4343.9670132558385
2828,0.0,8394.047481783782
2829,0.0,8818.645510015414
2830,0.0,6969.146933242047
2831,0.0,5291.173303879469
2832,0.0,3612.1086008725533
2833,0.0,2771.288707225975
2834,0.0,2095.3689800670472
2835,0.0,2100.308256578083
2836,0.0,2656.221709524055
2837,0.0,3869.5271849965125
2838,0.0,6242.522724640046
2839,0.0,9331.543388086508
2840,30.13258286743501,12431.431695085652
2841,67.37375270648671,13139.40367814742
2842,107.69915215941376,16822.62099970621
2843,144.49351426656466,21440.07319615275
2844,170.63059344115345,27435.806271411137
2845,182.2760388109468,32034.26738480735
2846,177.63569946072778,31993.68235540781
2847,157.36579465628384,26371.806626850706
2848,124.43933919049282,20015.77263784504
2849,83.85467330105205,20333.793665815305
2850,46.609731858741554,23518.539479360083
2851,7.288235396505912,26392.74266281895
2852,0.0,28687.878678632012
2853,0.0,28146.28995118759
2854,0.0,26605.985395212585
2855,0.0,24202.915285757495
2856,0.0,21814.685069282354
2857,0.0,19897.124850786342
2858,0.0,20059.10394691349
2859,0.0,22383.904257962244
2860,0.0,26534.581137925645
2861,0.0,29592.093720170316
2862,0.0,30180.26426255314
2863,0.0,31098.43283075911
2864,41.552709334352286,28987.801668341133
2865,104.2089959211713,30888.970754617916
2866,167.65222417453012,34725.00804487971
2867,222.59395519771084,37382.421056022715
2868,261.0751412521059,39721.116622385256
2869,277.88103604438624,39441.52365809526
2870,270.8275354179173,37327.00234378424
2871,240.94030477286125,35950.05503078602
2872,192.19464546203383,35650.574794108834
2873,131.32446605818674,35005.51382203294
2874,67.21065684069157,31655.067698775107
2875,8.125892784282811,35247.80413020178
2876,0.0,43509.05743389968
2877,0.0,46945.35808658535
2878,0.0,53279.541925575046
2879,0.0,56111.4648185007
2880,0.0,60580.7166754772
2881,0.0,57967.56547453686
2882,0.0,45562.154182397346
2883,0.0,31991.465292281355
2884,0.0,13330.847253893071
2885,0.0,13333.903173502738
2886,0.0,12816.6001194595
2887,0.0,11324.403050276862
2888,67.0062041223778,9449.063817742872
2889,155.33689016306369,10058.914919203053
2890,243.01330964295,10575.844332891784
2891,317.195383620575,11200.774813004393
2892,368.2175452924344,12209.186190444065
2893,390.2594556029632,13942.64388294491
2894,380.8504345486485,16205.896361997917
2895,341.12715033931954,18394.80854019388
2896,275.5499350106429,19696.104868980958
2897,192.30822100714892,19076.156820847278
2898,102.87216509807251,16650.85423098527
2899,4.290375661576984,13359.308181533144
2900,0.0,10800.320903547254
2901,0.0,9699.259561535657
2902,0.0,9386.97967602899
2903,0.0,9590.444841241371
2904,0.0,10087.760652692687
2905,0.0,10865.590112260936
2906,0.0,11769.099400006528
2907,0.0,12817.206279566723
2908,0.0,13730.826392303676
2909,0.0,13901.702285909663
2910,0.0,13380.187264035916
2911,0.0,12243.76655036407
2912,67.23156246085607,11655.182421634097
2913,155.35710125581804,12864.188231908705
2914,242.6550835071795,12419.592991004742
2915,316.3460323719946,12159.81761788805
2916,366.7281331898564,12673.383675252684
2917,388.2139618219576,14200.825560516705
2918,378.7923404946166,16307.253407327256
2919,339.4406228043546,18050.43367351785
2920,274.3161958871625,19117.87346646901
2921,191.41968949169976,19317.78854291041
2922,102.43696919212076,18589.26255957141
2923,4.207463783378644,16489.856239576333
2924,0.0,14801.864789923107
2925,0.0,13774.84711741775
2926,0.0,13679.71872964379
2927,0.0,13975.748277632156
2928,0.0,14150.298954644599
2929,0.0,14710.360588427337
2930,0.0,14684.535962607524
2931,0.0,14601.517906166893
2932,0.0,14389.7357103092
2933,0.0,14174.353972671472
2934,0.0,14185.538376342733
2935,0.0,13266.112212014934
2936,65.74154386372726,11749.852686294995
2937,151.9760823201055,12078.235091911254
2938,237.3286195632535,12030.472856182136
2939,309.51917552375176,12894.937157975115
2940,358.94758552428374,14392.911595600095
2941,380.0896702571058,15809.200390287082
2942,370.8542623199653,17007.75700848204
2943,332.2404915064089,18048.699857537536
2944,268.31417861758234,19069.150610144174
2945,187.0107821620701,20261.188663498364
2946,99.80183170673465,20978.43942215592
2947,4.4752190327521335,20136.20796773554
2948,0.0,17711.69766306584
2949,0.0,15993.292353104853
2950,0.0,14320.314931311203
2951,0.0,13533.093974858852
2952,0.0,13149.178650028516
2953,0.0,13316.638122389202
2954,0.0,12979.46350159087
2955,0.0,12220.775760030881
2956,0.0,11740.53122188085
2957,0.0,11745.28219721989
2958,0.0,12472.472462783971
2959,0.0,12401.007225971905
2960,33.24617051203307,11621.439561694122
2961,80.08506125588855,12711.611908443565
2962,130.33629127131374,16316.766072200053
2963,174.21083899733054,22173.58354613041
2964,205.3033590524534,28474.66022052681
2965,219.1214821819484,33150.98364488744
2966,213.46171994993705,36158.34920919594
2967,189.1424496003261,37102.18720406544
2968,149.75665213609705,34818.13035588659
2969,101.06819581660996,30634.54325314653
2970,50.454354845399145,25261.363252314924
2971,7.326944097695217,21869.92951802828
2972,0.0,20989.247681923764
2973,0.0,19299.70567488768
2974,0.0,17642.55346246389
2975,0.0,15411.960079664055
2976,0.0,12926.24223034595
2977,0.0,12718.463913653584
2978,0.0,14336.204433778239
2979,0.0,15511.685160054743
2980,0.0,16268.909570065653
2981,0.0,14166.883758659756
2982,0.0,12451.585896876511
2983,0.0,11886.982935269294
2984,57.25926949709564,11610.073425409326
2985,135.72480443582427,15763.104830998773
2986,213.9845302845779,19603.606894981134
2987,280.6596117886967,23153.66354744578
2988,326.78508248049883,25748.083312609342
2989,346.7833835165517,27645.535828459408
2990,338.26118415780144,29050.750380545447
2991,301.9617378329192,31734.35103949402
2992,242.1919137760692,34790.49113685713
2993,167.1333650209871,36091.19961563129
2994,87.60253632476035,32905.02893059707
2995,5.941150876772548,31074.963217544962
2996,0.0,33649.693451153995
2997,0.0,31125.1609756279
2998,0.0,29098.29881864039
2999,0.0,25395.76824534249
3000,0.0,23481.31120048825
3001,0.0,21572.964059165166
3002,0.0,20079.363698897785
3003,0.0,17821.201156899813
3004,0.0,16424.466699230732
3005,0.0,16792.59686480699
3006,0.0,17822.919221825592
3007,0.0,17785.572812894276
3008,50.17049960423603,16059.00720260222
3009,121.50219685063244,17250.907491800597
3010,193.18117636365528,21731.182570523466
3011,254.73569990131148,25118.070429943276
3012,297.45865431130585,27975.786912830627
3013,316.1943296596815,29811.792318210788
3014,308.3540375045072,32737.707634009595
3015,274.7751031914937,35014.826131882386
3016,219.70096921439463,34218.3035406014
3017,150.68713215765572,28596.70784130936
3018,77.87857600749416,23862.787232182516
3019,6.725487740258541,22941.265921291593
3020,0.0,23329.259133080595
3021,0.0,23134.626456166734
3022,0.0,21884.432009666994
3023,0.0,20526.19607930009
3024,0.0,18808.98687075264
3025,0.0,18955.63733888092
3026,0.0,22751.822066907444
3027,0.0,23521.49273208527
3028,0.0,23870.4791739396
3029,0.0,27567.25558251585
3030,0.0,38777.69578704474
3031,0.0,51959.97308005952
3032,60.96162156614836,55653.52903885645
3033,142.965728144102,42066.678215186264
3034,224.9073029336916,34953.445968551925
3035,294.36205747145704,30290.112884888324
3036,342.1129333403534,24956.0350939529
3037,362.6455221661474,23485.40718903235
3038,353.473734102484,23937.64570746282
3039,315.65335986252023,22169.03802590225
3040,253.55887734986996,18200.806610263193
3041,175.36449164743686,16185.492194015016
3042,92.3215608654682,18150.437163999595
3043,5.210573761422832,20017.519046584406
3044,0.0,21268.885202744324
3045,0.0,21091.565943511905
3046,0.0,19730.896317344384
3047,0.0,21183.32079293821
3048,0.0,23180.3196877119
3049,0.0,24397.457006890112
3050,0.0,25031.024869074783
3051,0.0,25461.067999690324
3052,0.0,26664.54160186473
3053,0.0,27021.57123936627
3054,0.0,27539.061348853535
3055,0.0,28287.972510378593
3056,57.326992598987125,27760.12494481828
3057,135.54320504108108,29184.786566832805
3058,213.8958439888669,34488.42189488384
3059,280.85512572932697,43197.900600462934
3060,327.17175099195543,51689.44674286482
3061,347.28024760990473,55403.560165188785
3062,338.7347088649387,54611.290109711466
3063,302.3578106599916,51635.1669464352
3064,242.51613050420588,51224.33023384335
3065,167.24700852108634,52450.54187938713
3066,87.4669086921341,53929.900129216076
3067,5.681411442974739,59747.414655669345
3068,0.0,62906.29032863336
3069,0.0,58394.8943085376
3070,0.0,48820.00171370058
3071,0.0,42152.75875827133
3072,0.0,44299.783081281974
3073,0.0,46946.02084754402
3074,0.0,45626.216425565806
3075,0.0,44505.186615405975
3076,0.0,43778.73013522468
3077,0.0,42166.56367081886
3078,0.0,44202.546932133926
3079,0.0,41581.088222178536
3080,18.683290519647183,37068.224120367166
3081,41.60581923171444,36108.76952504196
3082,61.33690704856488,40516.62714219907
3083,79.52289681010227,42094.49662862004
3084,94.26085833485632,41570.020257386896
3085,100.7274823907536,41730.92889323962
3086,97.83772069901887,42914.21661466558
3087,86.10076551763512,43615.13115090191
3088,67.83516970229479,44256.37794339338
3089,49.717502047812566,43082.524688620346
3090,27.926375554804714,41925.94514531879
3091,3.8109748988330456,44103.97811438763
3092,0.0,44751.17018720695
3093,0.0,43813.76102138124
3094,0.0,42433.68196485529
3095,0.0,44607.84468879424
3096,0.0,45005.15245908627
3097,0.0,45244.41142406897
3098,0.0,40336.794128737056
3099,0.0,34733.044322632275
3100,0.0,29080.708924418417
3101,0.0,25415.66823820984
3102,0.0,22897.58507990118
3103,0.0,22230.483291504912
3104,32.927539721547284,20886.256571729475
3105,78.40270218549567,23360.877572915833
3106,127.50960294560912,31010.140305064557
3107,170.25710591609584,36590.85089788082
3108,200.4616940270037,41421.98647235162
3109,213.70948631093611,44082.726544745216
3110,207.9416124031932,45742.89482538215
3111,183.9307438362748,46274.44509164125
3112,145.26446902038867,44868.99690822181
3113,97.73953279297034,38802.41678080341
3114,49.03713967790614,32691.716700967332
3115,6.668562352794464,32149.856065974014
3116,0.0,33094.598718686095
3117,0.0,34516.54769974984
3118,0.0,36473.42508127611
3119,0.0,37467.685586419495
3120,0.0,41980.03910887983
3121,0.0,42644.05398923924
3122,0.0,41150.88019093435
3123,0.0,38861.77358845279
3124,0.0,37894.661238228866
3125,0.0,36833.54026480246
3126,0.0,34701.59592177716
3127,0.0,32281.304534053575
3128,43.36189875936342,28395.829871101254
3129,107.21232139820629,28534.939309012334
3130,171.74945830037524,35850.67653008634
3131,227.40873972629888,38050.72102047505
3132,266.1471514329847,39431.04973098982
3133,282.875004316469,41685.151487596675
3134,275.5649184202624,43027.08199745687
3135,244.8835244192969,43738.51437067411
3136,194.8568194497637,43499.777572533734
3137,132.65624428527676,39270.84722986086
3138,67.43979570472196,36312.109282313795
3139,6.77106012440356,35766.717096004126
3140,0.0,34806.15847783016
3141,0.0,35294.31916660344
3142,0.0,37960.25225253978
3143,0.0,39377.58999432762
3144,0.0,38107.66722054566
3145,0.0,35438.26751172016
3146,0.0,32867.107264200895
3147,0.0,30404.582463386745
3148,0.0,28192.41267866375
3149,0.0,27093.73792991865
3150,0.0,25068.02351203318
3151,0.0,22941.35150493584
3152,60.9695165183573,21721.503243397387
3153,141.9768608793821,25057.782985423008
3154,222.97833633883775,28118.64844774751
3155,291.960818393172,31098.197914674867
3156,339.4489726616578,33965.678092529655
3157,359.65252556696527,34138.14629743704
3158,350.55313423270644,33110.56341774962
3159,312.91392941232976,33657.96669449642
3160,251.27661274024385,35439.052093240076
3161,173.77230329813602,33918.93122347087
3162,91.48664755843429,32485.257740428235
3163,4.907355294191385,32383.307620403844
3164,0.0,31787.639034374057
3165,0.0,31523.407286448615
3166,0.0,30584.300995110894
3167,0.0,28545.798442141633
3168,0.0,26593.882225841917
3169,0.0,25029.186721877624
3170,0.0,23586.720790306474
3171,0.0,23002.12580392801
3172,0.0,21596.429593503533
3173,0.0,21097.17542968091
3174,0.0,21227.991208357354
3175,0.0,20850.33034491679
3176,42.25277396102262,18609.297709886752
3177,104.85986590538246,17776.160503266732
3178,168.18392403564346,23943.91574707553
3179,222.80344261721743,28646.995160963674
3180,260.9113114543704,31044.69797182251
3181,277.2754675073372,31302.330483543385
3182,269.83722735241133,30933.38162715203
3183,239.60523979038325,30219.539694446572
3184,190.58849503716567,28455.407617401903
3185,129.6110787591735,24969.792187445433
3186,65.73111664566392,20175.2126397627
3187,6.682755793562316,19540.318102126475
3188,0.0,19544.935907641346
3189,0.0,19755.161478252623
3190,0.0,21663.663035829322
3191,0.0,22166.89774543217
3192,0.0,20071.491577711236
3193,0.0,19582.25521098914
3194,0.0,21018.56514077607
3195,0.0,22120.813644436734
3196,0.0,23059.740743160324
3197,0.0,23851.12554690952
3198,0.0,23533.306835145984
3199,0.0,23066.750707995354
3200,63.20654410280758,22454.68709611759
3201,145.82294993969532,21218.966556916163
3202,228.200912195606,27959.062465870506
3203,298.137648680984,32861.72685082334
3204,346.3439062181157,33933.6805117898
3205,367.0526199879955,33460.1442840504
3206,357.79684266110473,32261.805513045485
3207,319.68722141782865,30914.9529559915
3208,257.16960523346154,29252.016312077667
3209,178.2302311287347,26140.69338369805
3210,94.3047891196586,21516.506611770285
3211,4.45638875803172,21111.51336987869
3212,0.0,21915.02834011045
3213,0.0,20339.59372711711
3214,0.0,18162.168488958574
3215,0.0,16860.804147003913
3216,0.0,16494.166345059042
3217,0.0,16119.12751225497
3218,0.0,16098.75737373971
3219,0.0,16369.624492318535
3220,0.0,17350.828521294377
3221,0.0,19322.566257936633
3222,0.0,21709.883262036154
3223,0.0,22939.2486334972
3224,63.13860352183512,21560.656549154395
3225,145.52829772003108,23117.246941050882
3226,227.57674017402368,29764.82649681133
3227,297.26706637616576,33353.07692927828
3228,345.10461720874065,35842.778899715166
3229,365.5562377526777,36911.896530427744
3230,356.416673465188,37660.68219445464
3231,318.5928080102612,39184.60490031402
3232,256.33284776147576,40766.00283387313
3233,177.76659402020567,41375.299416862385
3234,94.16117931832108,36051.214467804166
3235,4.424030009107366,31769.38150927794
3236,0.0,32492.172954591704
3237,0.0,33102.3608408762
3238,0.0,36520.3289615959
3239,0.0,37505.51388063976
3240,0.0,35558.35843197908
3241,0.0,34077.76206478543
3242,0.0,32947.65377656146
3243,0.0,31656.323820976086
3244,0.0,31504.3176830228
3245,0.0,33037.93839290977
3246,0.0,34915.3264644871
3247,0.0,34251.70911348696
3248,65.79803568209935,28635.797533525274
3249,150.27818519869226,33483.920023838524
3250,234.2956525825092,36039.50099637247
3251,305.4853150489532,36716.39745247858
3252,354.3487602938538,37641.49603961101
3253,375.1980302365593,38517.51344595565
3254,365.8371328407092,39189.93079312613
3255,327.1918272778944,39902.39814569071
3256,263.6517376057632,41005.089907738606
3257,183.3205463292206,41914.53612643559
3258,97.65176109864656,39239.14123088746
3259,3.9751082880751607,37280.10943179009
3260,0.0,38877.32797115786
3261,0.0,38602.30916626166
3262,0.0,36829.07516792626
3263,0.0,35433.29077313744
3264,0.0,33254.36264048744
3265,0.0,30385.159833546557
3266,0.0,28732.206386974554
3267,0.0,28111.3577497093
3268,0.0,28311.022976923792
3269,0.0,28739.126104693587
3270,0.0,30326.647091649553
3271,0.0,32188.409427098624
3272,60.695751003700295,32493.825704246345
3273,140.88104264615865,38941.20860465816
3274,220.7262587122564,42283.651484951166
3275,288.7330194831595,43669.20419927529
3276,335.5552406432886,45331.11878737814
3277,355.5571771253469,46779.33685871157
3278,346.5821067698261,48331.913683415565
3279,309.55379389568776,49616.78983393264
3280,248.78128173342563,50268.66336073977
3281,172.2374511690096,49847.90654148053
3282,90.8682259830801,45414.08953522808
3283,4.775413045047418,40870.69066455509
3284,0.0,42727.318084616156
3285,0.0,43095.4164142265
3286,0.0,43849.45759660809
3287,0.0,44674.073435927494
3288,0.0,45711.07589364068
3289,0.0,45759.09823343441
3290,0.0,47138.539055459136
3291,0.0,46670.76458995715
3292,0.0,47368.54844877149
3293,0.0,47207.448028069026
3294,0.0,46145.167971442635
3295,0.0,45280.16644102252
3296,32.199144874820526,43633.35948962602
3297,76.89009330677702,50739.62524769018
3298,125.17400964148736,59952.35432398203
3299,167.27128365678857,62939.28617812348
3300,196.92339215099423,64413.9899082088
3301,209.77321253517053,64890.96851364246
3302,204.01757395096217,65288.9824980493
3303,180.48546329920123,65649.63574587625
3304,142.55096349729826,65711.16481868744
3305,95.82594377431488,64534.814809335294
3306,47.95603697170169,59720.4323707902
3307,6.296645527523023,55281.29508207257
3308,0.0,53039.37077503835
3309,0.0,54163.10435059877
3310,0.0,50781.94718569164
3311,0.0,42988.81161620042
3312,0.0,40656.50206258157
3313,0.0,40605.71057850106
3314,0.0,37630.76238412917
3315,0.0,34117.18421187759
3316,0.0,39251.58498582329
3317,0.0,38294.83342170642
3318,0.0,37332.66368226035
3319,0.0,37115.91578590018
3320,57.79142350197262,36857.658053874286
3321,135.2834402766457,44822.23142914929
3322,212.65029192393948,54121.492206293835
3323,278.66317963925314,58122.87047550817
3324,324.2654677554313,60156.529321245376
3325,343.9009683556654,60849.42475613546
3326,335.3567531667896,61215.89135453487
3327,299.4538352915385,61753.43944700628
3328,240.41502057796149,62347.640855146594
3329,166.0833162321253,60358.59947970336
3330,87.22145982243627,50866.98274895734
3331,5.11515200681911,45247.512581502895
3332,0.0,41037.93025027164
3333,0.0,41749.385865245364
3334,0.0,43951.1638983687
3335,0.0,43292.375000528176
3336,0.0,43208.97423815107
3337,0.0,41513.2414221677
3338,0.0,42425.58993825733
3339,0.0,40205.26281714791
3340,0.0,38991.1287071489
3341,0.0,37314.66398981904
3342,0.0,36351.224041169204
3343,0.0,35946.3433890946
3344,54.59911656705239,34149.30759312397
3345,129.2375491217104,42497.08698688191
3346,203.90173548769584,51791.75797958001
3347,267.795018508228,56524.54402519513
3348,312.0690292636077,60663.27844331927
3349,331.1396489610352,63684.42427770507
3350,322.8221577386568,65499.655864372195
3351,287.9947471760481,66474.63006781737
3352,230.86035247731672,66670.44836714673
3353,159.07975578857483,65342.310987806806
3354,83.06727854091027,57366.09346045085
3355,5.497418569846511,50560.46968350671
3356,0.0,46496.26571387081
3357,0.0,43391.194125755814
3358,0.0,42503.1427846852
3359,0.0,41104.966642789586
3360,0.0,39858.51913627268
3361,0.0,40110.920220241365
3362,0.0,39089.416642357195
3363,0.0,38266.37044914017
3364,0.0,39866.61234899072
3365,0.0,39616.83377215061
3366,0.0,38409.09509814166
3367,0.0,36463.83271939296
3368,62.289477564029646,35597.12315605949
3369,143.52414863006953,46075.66286892948
3370,224.43647599453007,55187.45115663862
3371,293.3380861184544,59559.86965008023
3372,340.8104889627012,62512.40822796103
3373,361.2041049690329,63728.43043151831
3374,352.24229914301026,63368.38972158503
3375,314.87626396924566,62738.4738946
3376,253.47795925120133,62371.5569807722
3377,175.93337655907266,61733.33788573395
3378,93.37774025678786,55913.371505320145
3379,4.447242064551512,53119.250271676814
3380,0.0,53686.75595828296
3381,0.0,54954.88015007091
3382,0.0,54546.85416783615
3383,0.0,48780.75452847483
3384,0.0,46335.93174978835
3385,0.0,48553.94872163509
3386,0.0,48428.05120373172
3387,0.0,50342.687161652626
3388,0.0,48181.20689848225
3389,0.0,49164.996355484465
3390,0.0,47886.83052028784
3391,0.0,46704.18834402407
3392,56.00768317633158,46088.96810010342
3393,131.87902163378877,60427.623728590355
3394,207.71388309825227,66045.73611901856
3395,272.55262492015663,66342.5980879463
3396,317.46675918722667,66829.89485114055
3397,336.8260420164497,66724.96602440401
3398,328.3512565643713,66053.88786948512
3399,293.0780147881924,65670.21810702053
3400,235.19078470026903,65128.58711227445
3401,162.35631965492618,63693.37353640924
3402,85.12250862445282,58235.57137817622
3403,5.311107916540635,53533.099913343394
3404,0.0,53063.1430969549
3405,0.0,52448.975867481
3406,0.0,52059.40149310277
3407,0.0,50946.519654909454
3408,0.0,49471.46065453266
3409,0.0,48095.99458124427
3410,0.0,47235.476862310294
3411,0.0,48653.363949229664
3412,0.0,51203.469723388574
3413,0.0,52255.69235432261
3414,0.0,52300.99607548434
3415,0.0,51064.682559987516
3416,45.41366624142239,46777.121610266215
3417,111.38690684282238,54796.27889244835
3418,177.9040150859882,61606.21051660815
3419,235.1742786081347,62398.701673800584
3420,275.1433583239719,62552.947035125224
3421,292.4718393420381,62376.57972218505
3422,284.9745761540971,62274.068143812496
3423,253.60236746649505,62661.9332668656
3424,202.314690512816,62494.441137573755
3425,138.2936136588991,60778.22878228544
3426,70.93071072269652,51729.69804784401
3427,6.327692115849891,42531.0069864343
3428,0.0,37350.179558401025
3429,0.0,37653.692838435934
3430,0.0,36162.19889217929
3431,0.0,35623.2452311527
3432,0.0,35088.825009180604
3433,0.0,34277.31745838961
3434,0.0,35378.7111266589
3435,0.0,37118.271376620825
3436,0.0,37199.22120512123
3437,0.0,37654.253679420486
3438,0.0,38549.92588844252
3439,0.0,40810.29958733469
3440,60.7821008169259,39425.13316097857
3441,140.78897248703765,51327.26937114277
3442,220.54250087459943,57193.937021379636
3443,288.6567584171636,58382.18362672185
3444,335.78694001670226,59379.52246054806
3445,356.1436502709228,60643.82229054386
3446,347.45412920862776,61563.73414434195
3447,310.6599220283462,62374.54224480912
3448,250.0216657085357,62620.89659711041
3449,173.46659003067367,61578.05967878294
3450,92.035864068692,55263.081151369945
3451,4.669770549213631,45356.606238902976
3452,0.0,41437.292971328076
3453,0.0,44298.8419694761
3454,0.0,46001.21563808395
3455,0.0,45105.285476703044
3456,0.0,42676.96426107704
3457,0.0,39527.128707417745
3458,0.0,37606.37720362793
3459,0.0,37621.78319446072
3460,0.0,37143.17251886344
3461,0.0,36243.74029832161
3462,0.0,33300.566672033645
3463,0.0,31465.430702384023
3464,62.74190525207612,28502.935526624336
3465,144.36370263886792,35049.81535628789
3466,225.68038037909216,38641.35325155441
3467,294.8237283964608,39510.785702805355
3468,342.58090427766706,40050.777215621274
3469,363.1903536878019,40887.05106652093
3470,354.35996339672226,42237.360920655556
3471,317.0375253123755,44291.16548447532
3472,255.5306155702561,45922.648367250134
3473,177.74907863046457,45902.58186746109
3474,94.80686411472652,42131.788050371964
3475,4.360430971016101,36176.02382914976
3476,0.0,34683.86974606475
3477,0.0,35321.417073349534
3478,0.0,36992.13234803092
3479,0.0,36134.974980362495
3480,0.0,34595.5671615289
3481,0.0,33607.78113071145
3482,0.0,34754.793573123105
3483,0.0,35269.207148859365
3484,0.0,35281.4759546496
3485,0.0,36258.15630192281
3486,0.0,36022.48153929352
3487,0.0,34798.11684625721
3488,45.04723252431693,32685.847247660648
3489,110.86462151342268,40140.26904134899
3490,177.19882011039806,44537.355090739184
3491,234.3778675739674,46336.944700921566
3492,274.2861661130271,47595.33618053042
3493,291.66388535852684,48064.94405351151
3494,284.2401494564642,48020.63773043788
3495,252.99317074957224,48069.21794214836
3496,201.96867039235687,48091.08357812081
3497,138.233844786487,47178.83589590273
3498,71.04570009106565,43163.75733043505
3499,6.420521278071411,37806.42233237049
3500,0.0,38101.14735607088
3501,0.0,38406.233273409336
3502,0.0,38002.302907988
3503,0.0,37632.5694187053
3504,0.0,38228.195426304825
3505,0.0,38532.13115806745
3506,0.0,39559.03609355462
3507,0.0,41294.06605871248
3508,0.0,42126.008156174095
3509,0.0,43489.74083132402
3510,0.0,44604.28438870787
3511,0.0,43817.49368919774
3512,25.753125116320664,40835.49854458914
3513,58.000905758312406,49681.169798286726
3514,88.80246894596642,53826.614171437395
3515,119.83156270554976,56240.599319169676
3516,142.05795508813998,57094.93869379977
3517,151.97259034274467,54548.44351039927
3518,147.901172616376,50572.28717048334
3519,130.5852180502075,46841.38309283479
3520,102.62380200719754,42885.05590465442
3521,70.07839860820194,36492.87703693479
3522,39.433276200977545,31861.212320454368
3523,5.346387488750898,32347.03315668866
3524,0.0,34550.966344343586
3525,0.0,34990.635669385716
3526,0.0,34871.618386083
3527,0.0,36346.733169417486
3528,0.0,38549.48771199929
3529,0.0,40518.95974917236
3530,0.0,41522.0188407137
3531,0.0,41211.67551281966
3532,0.0,38531.48113238802
3533,0.0,34168.328099304475
3534,0.0,30243.470596947325
3535,0.0,33386.114956178586
3536,50.93021340864061,34675.44433001047
3537,122.74175207458784,31352.189099225317
3538,194.997605716558,34630.831392870015
3539,256.9538465836856,38040.4725875121
3540,300.0466547594005,38910.825462014815
3541,318.7514244469804,37591.45745728856
3542,311.02891167723965,36289.21363297093
3543,277.43991954721224,34830.81455222029
3544,222.30611095773745,33778.21150971186
3545,153.0595665445192,31539.317293504457
3546,79.84993545683834,25901.63606848994
3547,5.988237724761037,25396.598875713487
3548,0.0,26161.54396364496
3549,0.0,26862.627246832068
3550,0.0,26896.613616640545
3551,0.0,27177.481771997078
3552,0.0,27432.01413687142
3553,0.0,26987.445875636055
3554,0.0,28626.810849023015
3555,0.0,33298.41244641434
3556,0.0,34927.35295889302
3557,0.0,35974.196371979895
3558,0.0,36206.69230270283
3559,0.0,35908.265872361924
3560,40.54674205700432,33556.017361531885
3561,102.19396738389533,28768.207893371866
3562,164.7739748451062,37201.0376603457
3563,219.02708941704245,43777.615820466475
3564,257.0570632988183,46545.31454609056
3565,273.72907471105805,49174.2804482833
3566,266.8672071753788,50795.25700495114
3567,237.3060575308236,49976.74596578883
3568,188.99082465686533,46359.55910106573
3569,128.80338403843112,39642.10362555183
3570,65.64600591947593,36626.84670332925
3571,6.791236504860174,36302.47232101468
3572,0.0,37823.74653821865
3573,0.0,39757.74465013835
3574,0.0,41341.03474093416
3575,0.0,42336.68186214311
3576,0.0,40854.27814024491
3577,0.0,36797.64664440222
3578,0.0,33360.278906455074
3579,0.0,31002.234332849435
3580,0.0,28884.54329342589
3581,0.0,26084.31871370092
3582,0.0,23786.528498936652
3583,0.0,22358.826042480036
3584,58.7801416592824,20940.488352844
3585,137.42640453399412,25068.47652997851
3586,215.98663395258143,31306.390298828177
3587,283.25781245375043,34422.04136134635
3588,330.01944759906434,37832.08881462785
3589,350.3792693198216,39842.674594038835
3590,342.03591835492733,41059.50501004042
3591,305.9462016413768,41694.04641398666
3592,246.3923796575806,42206.43102349203
3593,171.21598001952535,41070.513086061466
3594,91.1827093286968,33975.48556528597
3595,5.028649246555555,28729.08157137802
3596,0.0,29438.187408711707
3597,0.0,32114.87060974189
3598,0.0,34174.121959612574
3599,0.0,35779.689888423585
3600,0.0,36485.58705226379
3601,0.0,36313.92817209042
3602,0.0,34160.19092554089
3603,0.0,32582.208576291636
3604,0.0,32871.12566640161
3605,0.0,31757.130323569083
3606,0.0,31720.493334545063
3607,0.0,29387.95787846023
3608,61.5977833673654,25098.772103314514
3609,142.66714938201105,31829.028532982044
3610,223.7297031979098,38105.66424519636
3611,292.9785868896358,37671.14661958754
3612,340.9814586557946,36741.689503786205
3613,361.9436654343628,35998.71565192698
3614,353.513183340673,35933.872568788494
3615,316.6436414657747,35762.77702105486
3616,255.55162713247375,35244.585006180954
3617,178.1547929386063,32678.81734077342
3618,95.51283161104432,26062.692342331644
3619,4.617572503940289,25783.43095343717
3620,0.0,29156.05057513008
3621,0.0,32841.25332087405
3622,0.0,34254.091803921154
3623,0.0,33817.16798833815
3624,0.0,34119.37566443882
3625,0.0,34162.87740803513
3626,0.0,36884.123849060976
3627,0.0,39044.256935982376
3628,0.0,37945.59699729498
3629,0.0,37557.53912169352
3630,0.0,38931.12401939136
3631,0.0,39082.32096019616
3632,55.36446710227567,35750.707222872756
3633,131.36785111546698,41728.38610922382
3634,207.64404758217887,48509.21261864648
3635,273.09270996555733,49752.9140148084
3636,318.7165247182457,50414.657824272756
3637,338.73275346229207,51076.38267961799
3638,330.8032779103437,50913.75414647462
3639,295.7599248546456,49899.08922263672
3640,237.93422674960345,48618.241709026275
3641,164.9764700591371,44939.37239517378
3642,87.45366417105723,37004.726455993004
3643,5.603064111200159,35036.223418379945
3644,0.0,35355.554545471816
3645,0.0,35326.33887402904
3646,0.0,34795.48025525443
3647,0.0,33679.08340202655
3648,0.0,32237.115821395273
3649,0.0,30637.66927589784
3650,0.0,29059.90946720063
3651,0.0,29662.291772506767
3652,0.0,32085.297828603067
3653,0.0,32730.792603030433
3654,0.0,32229.609849781147
3655,0.0,30595.24962924072
3656,55.41964884177827,27574.912750206026
3657,131.58001303983093,36144.049087403946
3658,207.98524569749367,44914.90747598863
3659,273.48391007858544,48783.099112804
3660,319.10283905850497,50255.4393587949
3661,339.1747347352071,49843.90073514591
3662,331.2812976906009,48127.51332253713
3663,296.2837664168612,46736.91169804211
3664,238.38084241916067,46387.45231380718
3665,165.38120959375607,45912.41254679426
3666,87.81220155049446,40748.85127174488
3667,5.627462556177671,37765.989981453975
3668,0.0,37064.35613091354
3669,0.0,36737.43550979335
3670,0.0,36336.411572067846
3671,0.0,35836.55397710923
3672,0.0,36372.8581547354
3673,0.0,36825.151595665135
3674,0.0,37572.02242305956
3675,0.0,36649.16679194504
3676,0.0,36871.70883354786
3677,0.0,36893.035356416345
3678,0.0,36380.51641342475
3679,0.0,34833.16956585357
3680,62.970402526456745,30447.28541491088
3681,145.33027501524768,33334.92728398133
3682,227.68195544003487,36978.841185689664
3683,298.02842727097465,37519.31604795501
3684,346.83930525155813,37234.227690343956
3685,368.2739373433254,37160.08189537902
3686,359.93490980912287,37316.17912525888
3687,322.74054204546803,37266.2042520306
3688,260.97700029089464,37733.85843483433
3689,182.51333784297967,37395.37985755234
3690,98.59377189804844,33988.347184290666
3691,4.443099893019025,31094.2483590586
3692,0.0,31768.924035479748
3693,0.0,34497.731512574064
3694,0.0,35350.00570427421
3695,0.0,35219.32207255533
3696,0.0,34363.42438148164
3697,0.0,32814.17071265591
3698,0.0,30986.446628911675
3699,0.0,28094.546606739907
3700,0.0,24786.03809497876
3701,0.0,22127.172110325093
3702,0.0,21416.960590115785
3703,0.0,22532.561503488716
3704,59.59137368649061,22255.373883553806
3705,139.37662746243066,25495.292422978502
3706,219.2273405367473,29433.3622068712
3707,287.5583578559462,29682.758750770132
3708,334.86765617462754,30667.642509523033
3709,355.6055550424879,32628.4917922261
3710,347.500968917227,35311.29810943261
3711,311.4040779289394,38132.56981522957
3712,251.49062104872377,39581.14540900289
3713,175.52603761433858,38686.792524654375
3714,94.3701743043534,34275.2625307513
3715,5.04403916261983,30608.33816250679
3716,0.0,30339.64098848114
3717,0.0,28763.551980050805
3718,0.0,27052.18631829141
3719,0.0,25481.37171830298
3720,0.0,23508.41198341761
3721,0.0,21783.04644584159
3722,0.0,20283.02865105598
3723,0.0,19980.675796300704
3724,0.0,20664.905530549324
3725,0.0,21323.10683562028
3726,0.0,21101.382066459057
3727,0.0,20145.20025084061
3728,61.22417186409885,18321.362658704867
3729,142.3621188307604,21662.964703639824
3730,223.54714911518525,24281.91340916408
3731,292.93743136575466,25231.506796215694
3732,341.04066146282685,26347.51844241993
3733,362.1767589363825,27581.668969214694
3734,354.02091563467974,28160.374125620256
3735,317.4708444152637,28408.28129675931
3736,256.74290512538363,28872.493507758023
3737,179.61622762908493,28773.52442617166
3738,97.077630574089,25125.04654747459
3739,4.762855661390003,21075.461604800337
3740,0.0,21412.25574436047
3741,0.0,23810.060261301995
3742,0.0,25413.08966183303
3743,0.0,26351.194383853166
3744,0.0,27776.262807584382
3745,0.0,29827.64504148839
3746,0.0,31836.223305914584
3747,0.0,33214.754220914554
3748,0.0,33159.77868898029
3749,0.0,32468.415810654446
3750,0.0,31680.604759554855
3751,0.0,26774.120475024294
3752,52.255261811525415,21922.796016983262
3753,126.0097928035622,24857.960038097845
3754,200.28682173727756,28441.208964937377
3755,264.2021135877642,33589.87532222521
3756,308.8836233799087,38968.111656585505
3757,328.654832727659,43318.057516456836
3758,321.24323604204665,46290.73307933664
3759,287.4590099733509,49482.1398811466
3760,231.40655069683532,52460.406078732936
3761,160.646961241935,53747.80644045217
3762,85.31810281686775,50820.37216553646
3763,6.2311950212204605,46885.51999882824
3764,0.0,42919.78641333268
3765,0.0,41143.25281970978
3766,0.0,45277.20875784555
3767,0.0,49447.92748300682
3768,0.0,50870.32063401605
3769,0.0,49837.135264236946
3770,0.0,48213.25911124378
3771,0.0,46361.2257194101
3772,0.0,45292.0498308724
3773,0.0,44617.68756231161
3774,0.0,44795.03430843984
3775,0.0,45084.03443365469
3776,57.934530646829685,42873.067080833396
3777,136.61031829538638,49767.08973565877
3778,215.5194768558281,56587.44279376169
3779,283.1978570703196,61642.84104527172
3780,330.4407512951963,64826.76967814693
3781,351.4599202376191,66266.86537454861
3782,343.80550205362016,68383.09113001262
3783,308.2657000937112,69982.39714579773
3784,249.0827559429984,68851.71494102705
3785,173.98964853558437,66151.67326287086
3786,93.6937420343754,58949.6446464889
3787,5.400014903812197,53090.08294444852
3788,0.0,52159.902037047716
3789,0.0,52341.04928070897
3790,0.0,52726.73305322218
3791,0.0,54038.87034099655
3792,0.0,50562.18171341293
3793,0.0,49570.43978783282
3794,0.0,49070.167281382535
3795,0.0,49898.934983653795
3796,0.0,51725.527814254885
3797,0.0,52197.37879129558
3798,0.0,50455.40190647541
3799,0.0,50813.07088313027
3800,46.49817164765014,51426.908765753324
3801,115.32713506706096,66207.7772915667
3802,184.96351509721788,73305.92755605606
3803,245.31747487270275,75576.14891534526
3804,287.6940908357212,76751.07881014631
3805,306.602252423431,77537.76954247926
3806,299.8231306427323,77706.19982238961
3807,268.1112150788332,77062.40664273921
3808,215.3935334326233,75871.67010338817
3809,148.88847954810026,73854.77517928088
3810,78.2918434347764,70032.4179607646
3811,7.096810550134406,66672.08942875182
3812,0.0,67755.91335331598
3813,0.0,67597.35061773173
3814,0.0,68395.59739899395
3815,0.0,67122.02776510251
3816,0.0,64754.0388876926
3817,0.0,59159.59670697763
3818,0.0,52450.10094108724
3819,0.0,52825.848024086634
3820,0.0,53521.98581269197
3821,0.0,54997.87879058913
3822,0.0,56554.899389688064
3823,0.0,55321.67072179935
3824,56.86304199056373,53043.93538451444
3825,135.05100094902224,56466.028293722804
3826,213.58563089656,60294.70250869228
3827,281.1642123612525,60139.45511693693
3828,328.578518220352,59940.111562829574
3829,350.01566141068184,59152.05244853508
3830,342.72745933014875,57462.3693396451
3831,307.4656170193598,56791.00462470157
3832,248.36832559131253,57602.64050146612
3833,173.4378982247725,58805.58900069888
3834,93.4781425113245,56548.34242824719
3835,5.6865472297017865,55809.33232485955
3836,0.0,58656.062325591345
3837,0.0,59809.353992547614
3838,0.0,59997.10200757058
3839,0.0,57802.55851876248
3840,0.0,55870.53221783128
3841,0.0,54800.081674522145
3842,0.0,53415.94986372639
3843,0.0,52242.450451273085
3844,0.0,51556.406209601446
3845,0.0,51403.76911467118
3846,0.0,53028.74327570171
3847,0.0,56065.38688927853
3848,46.93791072870484,57715.75432648323
3849,116.51479153211322,67514.92479025708
3850,186.95492615327476,74430.3867641563
3851,247.895211689776,76019.32784011237
3852,290.8275134704457,76020.09616100963
3853,310.13279158254807,75435.6901809577
3854,303.27448528038593,75093.74526788507
3855,271.2797468260757,74078.7928880087
3856,218.13222104988196,72206.68323135798
3857,151.0769787476054,68848.01797251917
3858,79.81237484702869,60021.97574643691
3859,7.210959976457312,51210.77613114661
3860,0.0,47249.42110296787
3861,0.0,46813.9983881438
3862,0.0,45891.41246403025
3863,0.0,46672.559203745244
3864,0.0,47488.12856275447
3865,0.0,48264.94260363819
3866,0.0,49337.531864114826
3867,0.0,49318.906030559134
3868,0.0,48111.79632169344
3869,0.0,48740.288953267605
3870,0.0,47344.050848883715
3871,0.0,46948.280374201844
3872,42.73635940000856,47183.933023981815
3873,108.5094399721803,51873.962872361306
3874,175.3662528329923,62346.782758821086
3875,233.56988680442487,67173.95928720784
3876,274.7471758352045,67879.74217126101
3877,293.30722958715734,67132.56720749626
3878,286.7628920995122,66379.21191798117
3879,255.88230855595057,66420.37482784264
3880,205.1509683481008,66882.7697284223
3881,141.50813476238204,66470.29383715946
3882,74.14211780139708,61621.758639709464
3883,7.753506241516465,52790.45120447765
3884,0.0,45081.74712241747
3885,0.0,42336.9794914508
3886,0.0,44310.020670953454
3887,0.0,45186.50040288038
3888,0.0,44794.03640861892
3889,0.0,45077.814431264946
3890,0.0,46937.04786840036
3891,0.0,46885.81710689503
3892,0.0,46272.64617056348
3893,0.0,44777.020151468816
3894,0.0,42701.073761187814
3895,0.0,44760.845822948024
3896,46.358416043352726,42402.97028913526
3897,115.70247277271471,56176.81427644707
3898,185.95754624675095,62739.64439507307
3899,247.03171045631623,64638.91849871632
3900,290.16069239836395,65752.6982801596
3901,309.7781507687698,67106.8619546888
3902,303.3951432143119,69086.59549937067
3903,271.6642425234465,70986.66350730867
3904,218.63374132542145,71205.8617622981
3905,151.55983656560517,67759.32024220383
3906,80.22092740717379,58815.60329858362
3907,7.468890259652799,49123.43412028532
3908,0.0,44776.45284370856
3909,0.0,44992.37585658281
3910,0.0,44739.96183936596
3911,0.0,46388.370119034924
3912,0.0,45874.49272111244
3913,0.0,42748.6820646624
3914,0.0,42930.95357384598
3915,0.0,46378.453756259645
3916,0.0,48627.051553870246
3917,0.0,48820.98313332945
3918,0.0,43987.8105641458
3919,0.0,42715.781522040306
3920,54.45434836388213,45294.36717782453
3921,131.20101076283484,60909.83531813925
3922,208.5685193311513,68256.71449762765
3923,275.4842409389267,71497.03006488006
3924,322.49377677403686,73607.97436587393
3925,343.7584875625415,73429.79895405068
3926,336.7223472119577,72447.56176957367
3927,302.2150659346276,71821.94504962217
3928,244.60585182098444,72426.76327182024
3929,171.1730751278474,72136.93109429476
3930,92.4451502969498,70253.19815994945
3931,6.320366940485167,68595.72852941722
3932,0.0,69256.58390126766
3933,0.0,69758.54930405474
3934,0.0,69410.19996518038
3935,0.0,68551.38691797231
3936,0.0,65865.51063101583
3937,0.0,60693.2383151913
3938,0.0,58273.15459743484
3939,0.0,53882.75507096439
3940,0.0,56297.055597734834
3941,0.0,58914.73662240233
3942,0.0,62890.21580216108
3943,0.0,64540.65121700747
3944,52.43848481575469,63604.81208724286
3945,127.76647284154008,67553.34476296628
3946,203.98634015244988,70867.85747950293
3947,269.7693556623204,72513.04836524781
3948,316.0218661227175,75193.76483668333
3949,337.1898472981971,77305.8734574156
3950,330.59614868640296,76620.90589022244
3951,296.6063334367508,74324.48994023885
3952,239.54625899245264,72127.15813473756
3953,167.2716656390972,68047.0245178984
3954,90.10226713422936,62593.609724621034
3955,6.741695968321167,58782.752791718245
3956,0.0,56324.87336864859
3957,0.0,53449.55544380155
3958,0.0,54796.57659971385
3959,0.0,58957.85571968656
3960,0.0,64596.26900665849
3961,0.0,67875.52027718673
3962,0.0,69861.68873623697
3963,0.0,71407.75780978735
3964,0.0,73610.61602856065
3965,0.0,71462.80009151569
3966,0.0,68944.57737975447
3967,0.0,66178.89564978452
3968,40.419137558369,64235.10436843614
3969,104.49273541389776,73780.631518513
3970,169.7785734086964,76350.59748558742
3971,226.6392125332009,76822.39665267753
3972,267.03561718811176,77795.61309378568
3973,285.6567922577796,77447.74915337721
3974,279.7091782625117,75936.45741248073
3975,250.14790884323725,74760.35922168838
3976,200.8747220754298,73743.37350442715
3977,138.76091011424109,71575.3175022136
3978,72.87236049812543,64965.859689044
3979,8.415010971120322,57834.054118120075
3980,0.0,52623.78450101308
3981,0.0,51155.44974581972
3982,0.0,52220.846213938836
3983,0.0,53312.979517268635
3984,0.0,56799.18516176033
3985,0.0,58690.288476215355
3986,0.0,58965.39735625561
3987,0.0,60081.141419818545
3988,0.0,57519.37144052337
3989,0.0,53089.981768241676
3990,0.0,48118.5941455687
3991,0.0,44192.21978695216
3992,50.64467300599773,39719.66740008406
3993,124.66781411163258,51628.0593691456
3994,199.63854266339288,56956.26261951575
3995,264.59756900440686,58194.25341090746
3996,310.4639518384932,58518.78799346948
3997,331.22113236889703,58632.392922279265
3998,324.5436899747493,58617.77405800422
3999,291.27667343808804,58371.185190957265
4000,235.5167720328874,57724.79990682494
4001,164.63279930365957,56665.29273556595
4002,88.7659083302973,51196.21134924785
4003,7.181193481004929,43051.9843321715
4004,0.0,39547.5549026909
4005,0.0,37638.36951860931
4006,0.0,37432.21309915675
4007,0.0,37799.639793327384
4008,0.0,37223.30722430148
4009,0.0,35514.8719312523
4010,0.0,32460.994263014865
4011,0.0,29025.989652893844
4012,0.0,27651.20087852008
4013,0.0,24528.16462695946
4014,0.0,21473.0396886785
4015,0.0,19522.71093150397
4016,41.248953859597215,18151.340797552417
4017,106.540352087642,21836.007085780042
4018,173.00110524892492,22173.754574979957
4019,230.849372014215,21787.241883626117
4020,271.87934014508846,22587.97881413304
4021,290.69795437996595,24381.13949194596
4022,284.89135009813174,26338.47195974804
4023,255.15494048772084,27837.519020850308
4024,205.36472609770345,28828.330629635282
4025,142.33254351068337,29314.610639715225
4026,75.23494605914682,28439.988012070626
4027,8.576681071811567,26416.366276125933
4028,0.0,26251.444591187574
4029,0.0,26764.00235549939
4030,0.0,27501.821037247355
4031,0.0,29379.9729961455
4032,0.0,30634.811761779994
4033,0.0,31133.281215066905
4034,0.0,31098.3882891802
4035,0.0,30608.55938313839
4036,0.0,30106.52169739072
4037,0.0,28576.23274216295
4038,0.0,27352.81537934457
4039,0.0,26387.004565941945
4040,46.920797464163606,26227.508256424677
4041,117.9619470807023,31672.71031408217
4042,190.02464068003815,34026.23469721365
4043,252.56466971238927,35555.01369425739
4044,296.7727924996274,37740.10064602931
4045,317.0024702364077,40559.919846378674
4046,310.81835024834567,43256.4990522584
4047,278.93216933145,45622.41587372586
4048,225.36069773278905,47344.90360245111
4049,157.2243073659332,47477.15091098811
4050,84.38350465007282,44898.18003940157
4051,7.959072360497629,38058.409095984614
4052,0.0,35768.48720438765
4053,0.0,38898.86139007194
4054,0.0,37475.66601612309
4055,0.0,35302.22821920235
4056,0.0,33210.82353974483
4057,0.0,32699.982080214722
4058,0.0,32763.83957973536
4059,0.0,32153.580471860645
4060,0.0,31228.717002778245
4061,0.0,32220.679778023845
4062,0.0,32419.02358500431
4063,0.0,31587.70956010954
4064,53.4872728672712,31610.937438055655
4065,130.4804793881102,38062.523015860315
4066,208.31843749181832,41174.20676173667
4067,275.5916265956286,44105.98449500284
4068,323.1010166207949,47915.0585738484
4069,344.9726635658168,52394.042244831275
4070,338.5560860949422,57255.419506150945
4071,304.7058371460852,61431.86024404703
4072,247.28046068782876,64699.852089948006
4073,173.86028385811835,66623.55971382152
4074,94.875201295859,65470.1118084209
4075,6.842005339897766,62389.35349822116
4076,0.0,62814.336850610336
4077,0.0,64997.05088604358
4078,0.0,66136.52057077769
4079,0.0,66133.13397746472
4080,0.0,64507.67451027071
4081,0.0,62947.13659995095
4082,0.0,60635.232342375966
4083,0.0,59337.12915281084
4084,0.0,58934.64282638984
4085,0.0,56794.29825457489
4086,0.0,55361.04444819947
4087,0.0,54433.70238807913
4088,49.80903000539829,52882.30971926798
4089,123.84253326463946,63494.701106884786
4090,198.77764378178892,66925.14382631145
4091,263.7941249142628,66898.3358915448
4092,309.7904156665331,66280.2617066867
4093,331.15587476206457,66542.14663197676
4094,325.2012862003492,67813.88473904865
4095,292.4911049230772,68946.15470854397
4096,237.03230812874097,69840.28510085115
4097,166.13155624434063,68823.15824743755
4098,90.11951092172042,62747.78564965656
4099,7.643019296436236,54252.72945375073
4100,0.0,54598.71714674262
4101,0.0,54106.17298473281
4102,0.0,54605.28655811671
4103,0.0,55579.099660458174
4104,0.0,56686.99823167664
4105,0.0,56579.93086913172
4106,0.0,54142.071904165365
4107,0.0,53654.28590211065
4108,0.0,48035.48115728714
4109,0.0,47286.598085578
4110,0.0,46365.23582469171
4111,0.0,45951.5243397327
4112,50.12642554433927,42811.81764315517
4113,124.67361672429892,50898.2510267368
4114,200.18378209156936,64815.42662267062
4115,265.7564582574939,68165.50667095526
4116,312.1477322712473,68858.06011448114
4117,333.3822841773448,68933.38874624623
4118,327.24438290187123,69067.02720866146
4119,294.5458048425719,68854.72184102658
4120,238.98948466659897,67549.75720780886
4121,167.74058831333278,65463.72307135644
4122,91.17430618316538,60120.921285197306
4123,7.674324267804311,51578.4836103962
4124,0.0,45598.770906658974
4125,0.0,45701.00248478596
4126,0.0,46597.234368406054
4127,0.0,43889.803706574276
4128,0.0,40364.56117794212
4129,0.0,42613.61351786688
4130,0.0,42139.608886033064
4131,0.0,40094.31361320072
4132,0.0,37482.733431003115
4133,0.0,35555.044816869886
4134,0.0,36372.54072771625
4135,0.0,36157.5279399805
4136,54.57874470039511,35226.64436427004
4137,133.21038994555525,41523.48201562305
4138,212.71276890389493,52254.17356950316
4139,281.4552379419752,54467.50362552364
4140,330.0880101665287,53699.25146647152
4141,352.5583246721941,54139.52127851665
4142,346.36512864083323,55688.50805518678
4143,312.0051637818464,58131.30829878556
4144,253.5964282972807,59552.855922298855
4145,178.83657278513465,59130.002894279525
4146,98.37039119330196,53664.29720357114
4147,6.7700002969228015,49725.38447703237
4148,0.0,49079.57740274912
4149,0.0,44768.01255596564
4150,0.0,40083.6371493273
4151,0.0,36987.75129574856
4152,0.0,38995.64073659041
4153,0.0,39789.98862013399
4154,0.0,36617.82877198879
4155,0.0,33756.179088087236
4156,0.0,32248.061176769515
4157,0.0,34160.14590128342
4158,0.0,39804.6946187522
4159,0.0,39645.75182985354
4160,46.08524988345843,35647.1834082328
4161,117.40466901183795,46338.57399457308
4162,189.88714996820616,56463.30367473843
4163,252.9945616108137,59695.89932378826
4164,297.8705843353011,59740.35690741098
4165,318.6677150812448,58076.83904554334
4166,313.0003968812897,57458.108408517364
4167,281.49264363732885,57953.96752181992
4168,228.01863307574,58480.70342597548
4169,159.7274929640215,56819.23660975488
4170,86.36985778125752,52483.91221697832
4171,8.569309309372228,49758.990175788516
4172,0.0,51981.71023051082
4173,0.0,55477.613407947494
4174,0.0,54951.752709196946
4175,0.0,53325.799697089016
4176,0.0,50874.99607198509
4177,0.0,50867.36284761259
4178,0.0,51173.69009815816
4179,0.0,50338.04801468063
4180,0.0,49438.59853482796
4181,0.0,47805.56368586926
4182,0.0,47761.7818622867
4183,0.0,46984.97933447107
4184,59.00376851790016,44216.66561815396
4185,141.55731148461516,52597.45168730901
4186,224.94600049596363,59732.06695051438
4187,296.9423468059212,59176.38768910849
4188,347.7964021565587,56881.19091780017
4189,371.33972926196543,55609.93579981936
4190,365.061660855292,55366.921498779375
4191,329.61971741512,54652.69676320682
4192,268.9704425894176,53395.07419643069
4193,190.8465193131416,52033.13119687752
4194,106.32195773766624,48119.6090114699
4195,5.707460734991981,44101.21864498383
4196,0.0,45319.73189018828
4197,0.0,47820.807904613095
4198,0.0,51862.241211346314
4199,0.0,53925.319121253444
4200,0.0,53944.91777727616
4201,0.0,53983.700903983634
4202,0.0,54137.46046806988
4203,0.0,52844.30113580309
4204,0.0,50284.00182519816
4205,0.0,46505.21257299821
4206,0.0,41008.8535056536
4207,0.0,36218.746676647956
4208,49.28282468849744,32527.78369121848
4209,123.8690322579474,34049.25178015211
4210,199.68473515500816,34811.17681441845
4211,265.8199799655257,36312.014149239556
4212,312.9488559690631,40477.23013569836
4213,335.08579866766235,45303.219404890115
4214,329.58905828233065,48001.03975359174
4215,296.9149436624241,48406.46769248947
4216,240.99965601414425,47181.1615399624
4217,169.39406303457625,46554.43107159453
4218,92.60313642389684,43770.72250549166
4219,8.138620502108875,40763.04758993316
4220,0.0,41313.93590685925
4221,0.0,42888.54134742836
4222,0.0,42282.18061892617
4223,0.0,44194.62759478532
4224,0.0,45835.664524140986
4225,0.0,45696.122915714855
4226,0.0,44980.241333312995
4227,0.0,44288.88230245434
4228,0.0,43802.92636585003
4229,0.0,42988.11122641666
4230,0.0,41284.470407911635
4231,0.0,39956.94865763688
4232,55.6031889483626,37630.58626373676
4233,135.90181085592164,45546.22235067028
4234,217.2138034281418,51222.804517224344
4235,287.792057908533,51788.80243530435
4236,337.8020061411046,51702.419258710856
4237,361.07137014423097,51681.493051157966
4238,355.3035208737809,51319.51706661224
4239,320.90737098288247,51180.027490745924
4240,261.6727636214912,49837.49257571332
4241,185.297414176596,47131.03973634965
4242,102.82123657951128,42548.72044842883
4243,6.699847120276186,38844.29543453715
4244,0.0,39214.40612955804
4245,0.0,39130.365303329956
4246,0.0,38826.78741395851
4247,0.0,40822.06057802545
4248,0.0,41347.380945809666
4249,0.0,40332.52476389365
4250,0.0,39090.75435880276
4251,0.0,40735.10815652731
4252,0.0,42528.28861108196
4253,0.0,43704.08265197125
4254,0.0,44817.1734853718
4255,0.0,45338.58237336504
4256,55.48441567336247,44348.118702870925
4257,135.8552720510504,50750.03587255749
4258,217.35810172458704,54485.06523989973
4259,288.1439019927266,54380.54283594702
4260,338.44863173946817,54343.949702975784
4261,361.7466497943532,55121.27761498385
4262,355.6883936651511,56710.56226992373
4263,321.13724750298,57611.48753085525
4264,261.94848869300864,57749.34042754313
4265,185.7387967534872,57052.79977635483
4266,103.30734986629577,52988.34997472345
4267,6.724918725641409,48848.41669144062
4268,0.0,48499.98786700623
4269,0.0,47899.64119885993
4270,0.0,47202.89378324722
4271,0.0,48035.8992689253
4272,0.0,49713.12642884676
4273,0.0,49551.729030051196
4274,0.0,47504.16320591939
4275,0.0,45346.72782509884
4276,0.0,39758.62621416605
4277,0.0,37127.472290151
4278,0.0,37116.01727188496
4279,0.0,35861.79910031745
4280,48.92813256709427,32214.9028253983
4281,123.89135034166192,36432.71027674916
4282,199.9625621378238,43922.61783522727
4283,266.28191176299265,45486.26073847238
4284,313.6636555175909,46142.94861637014
4285,335.9744204159599,46379.57573021391
4286,330.6324763662499,46579.122201420425
4287,298.23917838416656,47345.84067866365
4288,242.68222187554483,47951.46749543647
4289,171.22784149920105,47095.65697783924
4290,94.09202736210302,40565.271559859335
4291,8.435243212999575,33394.065787078805
4292,0.0,33462.42058042515
4293,0.0,32453.2548335194
4294,0.0,35107.70607003335
4295,0.0,38663.000282315996
4296,0.0,37018.85280503805
4297,0.0,36415.65896566106
4298,0.0,36906.3556920649
4299,0.0,37228.21845955114
4300,0.0,35659.37224583423
4301,0.0,33601.05957294952
4302,0.0,31984.08031633625
4303,0.0,29878.267911606992
4304,46.26040047728862,26005.26018280665
4305,118.90463126071452,30751.471987408764
4306,192.86177130155,33191.78263468528
4307,257.4263817718452,33692.3938893306
4308,303.6034252606792,34261.22186029068
4309,325.4322458004218,35469.24247361006
4310,320.2714304284968,36775.03286085611
4311,288.72696896106726,38527.873761248295
4312,234.6534411188727,40130.2386225867
4313,165.24065082370225,40833.46525298218
4314,90.46984803016052,36720.01347174093
4315,9.074905153474756,30113.135535099234
4316,0.0,29193.894855241324
4317,0.0,28965.2647884059
4318,0.0,30687.44701944532
4319,0.0,34517.31017383278
4320,0.0,37014.3121163932
4321,0.0,35747.92901655112
4322,0.0,35165.73308657277
4323,0.0,36142.14616322295
4324,0.0,35118.928343177846
4325,0.0,35095.20095313704
4326,0.0,36501.93893098547
4327,0.0,37301.265517261665
4328,54.89885278084537,34365.40989179305
4329,135.33718617838127,39291.3294710005
4330,216.7365337580661,43603.15297562677
4331,287.45404913626106,42526.478501930025
4332,337.6950680483524,41146.22641017963
4333,361.4284379126417,40280.96418332721
4334,356.00430062550583,39802.214571785364
4335,321.8864855730281,39222.69679341477
4336,262.98979079860464,38781.36370633606
4337,186.90801617738865,38750.030128337
4338,104.42018062416186,35016.12290810502
4339,6.9681688422835535,31608.674473103576
4340,0.0,31180.944663108945
4341,0.0,31140.93236604901
4342,0.0,33314.50961138436
4343,0.0,34884.49741180652
4344,0.0,35131.63385702152
4345,0.0,34491.01281825727
4346,0.0,32270.456596613345
4347,0.0,30811.770066885692
4348,0.0,57649.77130460347
4349,0.0,56691.964066152126
4350,0.0,55644.51809337765
4351,0.0,56204.69755280316
4352,53.43825709150242,56450.66215197715
4353,132.99164492907093,61502.39493632572
4354,213.9291506585156,62502.24203013173
4355,284.4722719463759,61510.98027589708
4356,334.7727994978956,60810.572977134805
4357,358.61892107315856,60622.25734172098
4358,353.29906476595994,61277.22621368049
4359,319.37585872747457,61383.22987453318
4360,260.7441830211615,60915.02204023816
4361,185.09345746223192,59926.727864796376
4362,103.18388908476516,56430.15585879133
4363,7.457963829696398,54259.19152463322
4364,0.0,55515.065363092705
4365,0.0,57546.12463874852
4366,0.0,57553.11559269027
4367,0.0,56586.278613023525
4368,0.0,55952.32823030127
4369,0.0,57628.99258764189
4370,0.0,60511.67354903645
4371,0.0,61381.27121199875
4372,0.0,62164.713652134415
4373,0.0,60840.98963655516
4374,0.0,59080.5023310608
4375,0.0,54515.38760744659
4376,52.14772109368084,49480.71495701931
4377,130.85747572858327,50898.27592363756
4378,210.9581533481121,53469.50551334825
4379,280.79465939184,52494.53898075298
4380,330.6836211840062,51313.31652097304
4381,354.3488967191087,50683.46862279008
4382,349.0656891310685,50621.83186977854
4383,315.52061570615297,50747.2834349154
4384,257.58760190469445,51319.96065262534
4385,182.76697030459863,51354.63476384359
4386,101.7707647712258,48338.893443747984
4387,7.867152507441085,44951.29725804632
4388,0.0,45097.73050095414
4389,0.0,47755.169788932995
4390,0.0,51666.063011076505
4391,0.0,54269.47193302074
4392,0.0,56393.65488707855
4393,0.0,57856.84344938939
4394,0.0,58607.76967826324
4395,0.0,56474.98237539032
4396,0.0,50229.35103186517
4397,0.0,47286.223407571226
4398,0.0,45065.675114346916
4399,0.0,43979.64353206072
4400,45.92675716989311,41961.01241310513
4401,119.24620719259546,49093.12668611146
4402,194.2862744981317,56137.84743463279
4403,259.8831955692504,58067.620230320805
4404,306.93981705328014,57870.70759702903
4405,329.397783422896,56683.306580644974
4406,324.519404507849,55332.214162657736
4407,292.93697312477934,55192.53271679984
4408,238.47172262471352,56324.25605017341
4409,168.36359490602908,56704.253621549164
4410,92.66799234650784,53003.66444677854
4411,9.525465938458323,49645.53810918719
4412,0.0,49457.6307938495
4413,0.0,49414.52546667827
4414,0.0,49194.87118555121
4415,0.0,48749.60086070252
4416,0.0,48677.48021585969
4417,0.0,48111.52916460658
4418,0.0,47128.142057679994
4419,0.0,45002.96073502063
4420,0.0,43016.81180292427
4421,0.0,42483.668200246946
4422,0.0,41033.81666296166
4423,0.0,40786.48744694801
4424,39.00247301570551,38206.861955146625
4425,105.64753736150033,43914.30241218377
4426,174.16296012991276,46826.59083941939
4427,234.47120304667584,45805.58859257722
4428,277.90242872227986,44716.971675406596
4429,298.7086753364748,44860.47953573591
4430,294.1631740009525,45843.104320225066
4431,264.95188072791245,47550.12704661996
4432,214.8633278075721,49641.01380123402
4433,150.7291341180533,50533.99692528767
4434,81.79737502538862,47497.69683811315
4435,10.97874486735699,44530.66135447701
4436,0.0,47769.109370453065
4437,0.0,50267.7033641476
4438,0.0,48760.400880667716
4439,0.0,46120.64132290627
4440,0.0,44326.17707889006
4441,0.0,44705.18507655705
4442,0.0,45331.453101160354
4443,0.0,45748.58702701713
4444,0.0,46098.56162435472
4445,0.0,46778.98145508332
4446,0.0,45242.954255007135
4447,0.0,41585.584454683114
4448,45.02007697843457,36677.53193445343
4449,117.9282943770708,37884.3331292291
4450,192.5139049808027,44467.95442564794
4451,257.8191970520347,47433.87006744026
4452,304.81394664727907,50602.22808106177
4453,327.3011675632549,53059.7335768152
4454,322.52077796052924,54529.1219728782
4455,291.22671372196714,54851.480249808534
4456,237.14294096532075,54238.97113137215
4457,167.45401352002656,52527.91619254972
4458,92.25628953995196,46853.73008626984
4459,9.912163646371036,42572.34183331473
4460,0.0,42672.2633365547
4461,0.0,47696.913908055554
4462,0.0,49105.34064454607
4463,0.0,49850.559428523215
4464,0.0,50651.0185058644
4465,0.0,51026.745998088496
4466,0.0,49491.99138339974
4467,0.0,48251.103504123195
4468,0.0,45765.19880478052
4469,0.0,43552.926547618874
4470,0.0,41158.709009094964
4471,0.0,37032.96830437831
4472,50.74942819995276,33706.54239337607
4473,129.0747795903743,43191.559029301185
4474,208.86497939695693,52434.01555404586
4475,278.58933178305153,53626.436703822226
4476,328.5127035784725,53655.04567518597
4477,352.4584593984387,53483.52038703563
4478,347.6434574068682,54007.82637823082
4479,314.5981264599142,54221.77761769132
4480,257.15174655383044,54480.35466902895
4481,182.7809563236522,54667.42465792655
4482,102.12736777949064,51932.81837436217
4483,8.448497145212897,44439.98755453944
4484,0.0,39067.19327034662
4485,0.0,38334.706491141376
4486,0.0,38327.14081416917
4487,0.0,38146.476928593576
4488,0.0,38095.70142442351
4489,0.0,38398.98800786049
4490,0.0,41829.79251737727
4491,0.0,46345.64949337645
4492,0.0,47376.89470565481
4493,0.0,46314.21860507454
4494,0.0,44956.54137322013
4495,0.0,44210.69065788153
4496,41.12147136812833,41900.936408374066
4497,110.53672543246545,44925.98707071055
4498,181.70651342461164,50888.71667924348
4499,244.27045028880488,52296.603002820455
4500,289.40935782897213,54010.31703430589
4501,311.1546227268617,55622.992720936
4502,306.84335909482337,57183.92317632007
4503,276.9758309675344,58789.80406009176
4504,225.276199963546,59880.51780303002
4505,158.74712754170932,59724.19038763804
4506,86.98346667903425,52193.227082421574
4507,10.938863159751769,45033.45724369292
4508,0.0,43980.23551966079
4509,0.0,45170.26465445814
4510,0.0,48704.47863428538
4511,0.0,52126.60191797819
4512,0.0,53801.58022910998
4513,0.0,55240.90421992544
4514,0.0,56730.092379889174
4515,0.0,56698.982990716686
4516,0.0,55686.28158354972
4517,0.0,54450.56637913455
4518,0.0,52974.23597269203
4519,0.0,51292.78364279959
4520,52.31357568448052,47299.84882495296
4521,132.40889838157074,51004.49173224118
4522,213.94014024428492,57339.13203008829
4523,285.0587237085645,58958.085068106906
4524,335.9621642800872,58834.02193194107
4525,360.4290678678786,58119.30173142116
4526,355.72771705921565,56823.54738361516
4527,322.2757007577093,55658.233589589014
4528,263.9081688180379,54419.04172285987
4529,188.18224792105832,52230.34265469245
4530,105.78482555586068,44824.71500850919
4531,8.045030523854036,39200.174259627725
4532,0.0,41621.94848484683
4533,0.0,42381.772315034206
4534,0.0,42078.90229754171
4535,0.0,42971.655896472934
4536,0.0,43542.94143165359
4537,0.0,44707.87683464932
4538,0.0,45607.07952717855
4539,0.0,45210.084012233725
4540,0.0,45140.77621212208
4541,0.0,45354.68002270965
4542,0.0,46936.48254652285
4543,0.0,47147.59667996701
4544,44.541677814684,44669.27474057184
4545,117.71234856588023,48352.61608730524
4546,192.61852169140036,49470.17404937392
4547,258.38957249215355,48447.07006403045
4548,305.7661685464519,49280.033516606774
4549,328.6066662970424,50360.51586154981
4550,324.1949101025015,51306.93359178641
4551,293.0958921914225,52118.556585832695
4552,239.06779106491237,53260.380302738704
4553,169.2572847858657,53602.394048409464
4554,93.68968943561372,51738.67279630599
4555,10.371422040643788,50059.89170688788
4556,0.0,50589.24411183088
4557,0.0,51496.98367982479
4558,0.0,52723.567087654694
4559,0.0,54371.74626504617
4560,0.0,54888.5544019303
4561,0.0,55306.87896887248
4562,0.0,55453.862477944764
4563,0.0,53764.94015051566
4564,0.0,52078.69790314556
4565,0.0,50378.153338397504
4566,0.0,47756.54530610872
4567,0.0,45427.188562380376
4568,50.49802087311873,41329.22001908691
4569,129.444124028045,46967.722752993635
4570,210.0371533423944,51182.058978474095
4571,280.3923245657426,52151.00383426496
4572,330.910232202123,52560.30630148796
4573,355.3495299965008,52650.21559315669
4574,350.8241869739502,52782.90995204964
4575,317.7858686102836,52615.8326982666
4576,260.14821163259,52792.240410113474
4577,185.3438248267542,53092.98953076605
4578,104.01090273103432,50503.18860776451
4579,8.703624366951138,47852.54372579887
4580,0.0,48533.13985753313
4581,0.0,49690.434358517865
4582,0.0,50175.36778845385
4583,0.0,49216.322743231125
4584,0.0,46540.03655284215
4585,0.0,43967.07556829517
4586,0.0,42116.219283089216
4587,0.0,40961.240712550665
4588,0.0,39392.40450838458
4589,0.0,37561.94257195196
4590,0.0,35367.491068632466
4591,0.0,33662.259060892706
4592,44.01841411963962,30754.837413598398
4593,117.12084446431678,33449.05845127376
4594,192.03035002365,38299.97043730664
4595,257.7717594703936,38958.19367871327
4596,305.2533957665592,38964.47807746032
4597,328.28599743040763,37893.97947600815
4598,324.1622060190064,37548.76149474183
4599,293.2826341169672,39402.696558553704
4600,239.3835830173091,42760.384240645304
4601,169.60491088140316,47006.7401045429
4602,93.98900726037044,47669.98087468059
4603,10.653379109036,45470.99925250658
4604,0.0,44159.43663815688
4605,0.0,44570.22844780152
4606,0.0,45109.899280126236
4607,0.0,44752.58291660324
4608,0.0,43596.322094225325
4609,0.0,44736.810971375075
4610,0.0,46766.69536145332
4611,0.0,45729.86134055788
4612,0.0,42731.42433084597
4613,0.0,41181.381899634594
4614,0.0,39556.0366041923
4615,0.0,39679.45474336265
4616,41.975399734491866,40582.60205819421
4617,113.20398995989972,49825.14289551708
4618,186.39040684809265,54203.69674702499
4619,250.77837264864397,56987.73577855742
4620,297.2285264700648,60195.00105270837
4621,319.88478452756533,63634.78625363608
4622,315.95046565638324,67405.65240139056
4623,285.7173831813452,71111.09697200009
4624,232.92500021302564,73766.75987983834
4625,164.73764456736632,74629.45481024163
4626,90.972531323466,72135.6369502368
4627,11.2226488999796,69315.36624893126
4628,0.0,67704.80086159745
4629,0.0,66918.10157794361
4630,0.0,65953.38489286209
4631,0.0,67587.20690474311
4632,0.0,66319.28059333628
4633,0.0,64338.12514181235
4634,0.0,63378.38926481467
4635,0.0,60833.97319875792
4636,0.0,57228.85436511775
4637,0.0,57127.43505960649
4638,0.0,55696.98259587624
4639,0.0,54359.36795482282
4640,47.50728520001592,53596.681098839086
4641,124.34967605129503,59967.885326144584
4642,203.0202446994102,63573.010753102346
4643,272.0443862335481,66230.33817077843
4644,321.76715474258606,68726.41110116077
4645,345.9848208062322,70309.09531258424
4646,341.81724639085576,70379.84788527948
4647,309.69787246612776,70296.55965281052
4648,253.4836348404656,70841.42408689862
4649,180.36537967041605,70073.76111587131
4650,100.88430323014934,64812.338341182905
4651,9.791006241321888,57716.653176154716
4652,0.0,55301.56867587705
4653,0.0,54448.143407233496
4654,0.0,51750.97744616513
4655,0.0,49369.94868840914
4656,0.0,49549.78117657807
4657,0.0,50780.94126506863
4658,0.0,51598.80646000224
4659,0.0,52854.96966856408
4660,0.0,53156.24842294614
4661,0.0,50449.32287194595
4662,0.0,48058.08451714873
4663,0.0,46372.229085925035
4664,46.19409795489772,42694.234444670205
4665,121.94138169714536,47690.192382796835
4666,199.5625770800901,50082.63801868069
4667,267.7176076369739,50638.559974044
4668,316.8636501715588,51799.422308710724
4669,340.71987013076773,53732.765951812675
4670,336.59852782354835,56799.54450465247
4671,304.937335260344,59472.392242870446
4672,249.43092805110533,59590.50865399521
4673,177.357405849793,57864.57580549932
4674,99.0403729935634,54209.45768560698
4675,10.255584714692969,50078.363055299844
4676,0.0,48603.9345936205
4677,0.0,49840.75844643472
4678,0.0,52252.454948695246
4679,0.0,53619.866650138305
4680,0.0,54709.41821716624
4681,0.0,57893.62520619853
4682,0.0,57857.81952582041
4683,0.0,56428.26635765687
4684,0.0,54898.70486328074
4685,0.0,53139.911987728345
4686,0.0,51924.77361973637
4687,0.0,51808.00552689177
4688,44.95768254152868,51534.65177223575
4689,119.61303444460655,59145.07838420514
4690,196.21311500673283,59509.498425782724
4691,263.52694093528964,58338.85758352497
4692,312.0723041847704,57424.795647460436
4693,335.7328197033074,56262.97919791086
4694,331.7276044948264,55001.71187275313
4695,300.5004266730568,54728.803802310584
4696,245.8204657541685,54812.40438518819
4697,174.74278229006472,54722.18990402903
4698,97.43305085199958,49834.55190085867
4699,10.641417742498875,40564.48227788254
4700,0.0,36281.872857714465
4701,0.0,33906.59948400813
4702,0.0,32451.954708430385
4703,0.0,29892.07927379438
4704,0.0,32020.708215478448
4705,0.0,37415.11734975507
4706,0.0,40233.850607936736
4707,0.0,39631.667089534734
4708,0.0,35654.4426463026
4709,0.0,31281.885806771017
4710,0.0,27728.729786300923
4711,0.0,26705.69724987961
4712,41.23417210846011,25822.115464596685
4713,112.29745177199094,39342.86586689478
4714,185.2487870432809,50604.102997726295
4715,249.5583120250215,55160.66603768854
4716,296.17427087085645,57627.22608197435
4717,318.91985056657745,58757.276272410185
4718,315.0932207981282,59748.89352853107
4719,285.0785395451202,60268.29284606034
4720,232.5937286769812,59852.09190050284
4721,164.71524554909223,58732.3681365338
4722,91.21289446131512,53698.864171878966
4723,11.703205422910374,47204.525324184106
4724,0.0,48992.2365321777
4725,0.0,49373.03716942768
4726,0.0,48095.29402747791
4727,0.0,43726.899210498115
4728,0.0,42002.864083143446
4729,0.0,42760.63123756347
4730,0.0,42598.55417938887
4731,0.0,38652.08003271369
4732,0.0,38570.148919770436
4733,0.0,36465.45551342196
4734,0.0,33749.241363251975
4735,0.0,33248.07213120608
4736,48.95976699117246,32973.373996227965
4737,127.7942313856149,46437.26185848157
4738,208.22317855328023,56034.7652687426
4739,278.7672218986716,59137.982721600936
4740,329.6334398606354,60612.08413183566
4741,354.42617141897824,62272.41070262562
4742,350.30070036202375,63202.99147670952
4743,317.7943334861824,63692.15053442225
4744,260.5885259148392,63518.77380314482
4745,186.03847659597884,62421.81491933085
4746,104.7636766568018,55827.646511280334
4747,9.42858424522172,47393.70712432567
4748,0.0,46513.83341500371
4749,0.0,47979.23100420705
4750,0.0,45603.95038586379
4751,0.0,43947.3069056017
4752,0.0,44195.815703126056
4753,0.0,45709.84406750904
4754,0.0,40723.76661648893
4755,0.0,38089.88281744068
4756,0.0,39003.93906203812
4757,0.0,38162.03049614202
4758,0.0,37469.41691986723
4759,0.0,38979.99540691965
4760,36.66932303564237,35910.81584909742
4761,102.99495438955742,46087.85688131375
4762,171.44357321863498,48390.82959675366
4763,231.8356052205669,47926.75410005259
4764,275.70249181171346,48061.685967722784
4765,297.2276117680632,49596.72705517178
4766,293.69848987383034,51919.06024370527
4767,265.5276957127292,54039.2594393395
4768,216.33535980846813,55291.70888628311
4769,152.71106779010222,54984.578513695276
4770,83.85733520855686,52320.01992783512
4771,12.832064770180516,45011.40841717124
4772,0.0,38160.15785426279
4773,0.0,38327.65725707874
4774,0.0,40119.62369145413
4775,0.0,42598.7137599714
4776,0.0,45785.628027331855
4777,0.0,48389.90939335368
4778,0.0,51006.62268694977
4779,0.0,56126.42204478829
4780,0.0,55029.0817928149
4781,0.0,51366.98642080772
4782,0.0,51014.20997360374
4783,0.0,51723.112886038165
4784,45.7109770814236,52105.338279682815
4785,121.6932391617988,61630.51176188303
4786,199.5816028678634,63763.730788175504
4787,268.0664852717482,62653.151201545545
4788,317.5621086085158,62193.758143536405
4789,341.78010991685267,62251.82226648745
4790,337.9103557209694,62234.185815527395
4791,306.34577448649105,61838.466524641924
4792,250.8730895794592,61105.58140007675
4793,178.68904783632473,60085.65924318171
4794,100.08826231878837,54307.985425241815
4795,10.60622566129594,47313.31621905975
4796,0.0,48144.044387653885
4797,0.0,50089.13142862008
4798,0.0,53112.641171196025
4799,0.0,54509.357171108764
4800,0.0,52173.7562700939
4801,0.0,51792.456172116996
4802,0.0,48796.09100281115
4803,0.0,45392.4111249084
4804,0.0,42072.654969766576
4805,0.0,40594.91767508543
4806,0.0,40485.82504655999
4807,0.0,39313.1945433521
4808,47.66502018356376,40402.23388707597
4809,125.72961959628724,50743.30048000012
4810,205.68665525676363,53669.88316362382
4811,275.8324263433184,53855.33361278683
4812,326.41923109182534,54266.45910328027
4813,351.1013883755382,54426.696066742734
4814,347.12258571911696,54424.6028432185
4815,314.95203853210324,55160.93430051633
4816,258.39736272323086,56777.47479660361
4817,184.5286599303749,58227.87945693666
4818,103.83996001132763,55765.19321927486
4819,9.994477411558991,51064.62572672676
4820,0.0,50110.26863276229
4821,0.0,48997.837830583965
4822,0.0,47806.962422370794
4823,0.0,47782.21315500222
4824,0.0,46839.85274558965
4825,0.0,45354.54813521794
4826,0.0,43318.606645721295
4827,0.0,42002.70216448565
4828,0.0,40022.96326044357
4829,0.0,38205.69556655947
4830,0.0,37240.774948130005
4831,0.0,36476.76739062825
4832,44.91429694958534,39997.21507895274
4833,120.52750606557451,48436.706536752165
4834,198.16637986596768,51586.66691731824
4835,266.47835416839445,53191.339383198894
4836,315.874249836822,54895.172184093266
4837,340.04064664719124,55568.90371455634
4838,336.289544215556,55722.788435972354
4839,304.9472052250588,55444.02514188518
4840,249.73193892399453,54188.377510629995
4841,177.82423793856725,52044.535898789116
4842,99.5481451679502,47956.159825220755
4843,11.011970723609576,42014.67153331728
4844,0.0,40150.6106705282
4845,0.0,40002.913965558655
4846,0.0,40071.65075117358
4847,0.0,40240.213419975255
4848,0.0,40710.03606640425
4849,0.0,42240.7485825704
4850,0.0,43593.116061850684
4851,0.0,43667.78082011414
4852,0.0,41749.70726661345
4853,0.0,38380.56564461299
4854,0.0,35706.09581615473
4855,0.0,34928.15869875538
4856,46.09751155965565,36609.8574811866
4857,122.94755050591868,41987.91599240237
4858,201.7673767172652,45303.035793605064
4859,271.00545789002814,49135.34799580105
4860,321.3495709070607,51610.75710167647
4861,346.56125650538075,51151.36200774829
4862,343.0231055192561,49396.18093089335
4863,310.8471250103807,48271.84257031659
4864,254.50365920869172,48911.71910966842
4865,181.46901558955395,48677.446420900436
4866,101.8007530846488,45464.80645739454
4867,10.673387714620032,43358.60822759735
4868,0.0,44042.46063848395
4869,0.0,48896.752131420886
4870,0.0,49827.080003419986
4871,0.0,48780.81070462071
4872,0.0,48487.44867845448
4873,0.0,50719.416561524034
4874,0.0,52464.195959885765
4875,0.0,54156.84414100753
4876,0.0,52481.7239330488
4877,0.0,50440.270465646674
4878,0.0,46368.15381524237
4879,0.0,42593.284959581
4880,46.60545284342722,43026.759273914155
4881,124.14632411948628,46601.91576590951
4882,203.6381856961321,46700.313821276366
4883,273.4656424229814,46924.88723489655
4884,323.98031678605435,48247.87207527728
4885,348.7789189595809,50681.66875520663
4886,344.989253026306,53130.330869509424
4887,313.038853274277,55020.60825765649
4888,256.6386655079465,55885.70469617097
4889,183.1593122708228,55266.16283009156
4890,102.95562631848924,52753.74710490919
4891,10.575153453652392,46765.052536667084
4892,0.0,47082.491429601345
4893,0.0,49671.670821787746
4894,0.0,51874.03912601802
4895,0.0,53327.47532118492
4896,0.0,53307.64965788226
4897,0.0,50826.6177407175
4898,0.0,47247.801055210635
4899,0.0,43749.03336925422
4900,0.0,42817.314176046835
4901,0.0,41790.39018402106
4902,0.0,37367.98385341312
4903,0.0,31570.66892414905
4904,41.63582762091127,30208.110997940872
4905,114.21057434208689,32684.448479504965
4906,189.00537357135488,35647.92124328911
4907,255.0239756254519,40288.878760619256
4908,302.901773064289,46341.62823250782
4909,326.2711618805177,53324.089796663095
4910,322.4792165141306,59978.07836374778
4911,292.21736486635155,63861.19574999731
4912,238.9460219202218,66002.78559535208
4913,169.71114179843457,64048.05604499501
4914,94.45015415050182,56443.776348535794
4915,12.21242492023323,43464.57339112192
4916,0.0,36499.398869592915
4917,0.0,39314.77763487055
4918,0.0,44990.53962609366
4919,0.0,48647.66217441049
4920,0.0,49517.28475342598
4921,0.0,49744.4925147493
4922,0.0,51073.584824093836
4923,0.0,51412.98502560011
4924,0.0,51435.15033017662
4925,0.0,50074.927409360396
4926,0.0,47340.54317000195
4927,0.0,44414.57669353013
4928,35.14697035809269,47123.45842274519
4929,100.27501699372328,53958.70953824477
4930,167.6251240400062,54843.085716911766
4931,227.3359447910126,54472.925220817706
4932,270.81953167797576,53805.28275871742
4933,292.2973978810484,53716.796267456324
4934,289.0788052685876,54216.39743408873
4935,261.48765948267067,54291.918730220284
4936,213.0367565003483,53803.29668266893
4937,150.3717961979188,53166.39127856271
4938,82.57005000699112,50203.1630092722
4939,13.728785656162602,43584.25435311066
4940,0.0,37347.80451037693
4941,0.0,37096.14328282278
4942,0.0,39613.663880186854
4943,0.0,47884.37760135903
4944,0.0,49641.73943346659
4945,0.0,50828.86948213597
4946,0.0,52648.992569868366
4947,0.0,54240.93921845281
4948,0.0,55132.418702273375
4949,0.0,56007.65716219235
4950,0.0,55756.248614666736
4951,0.0,53264.241648174895
4952,42.62039639713564,54619.62619854489
4953,116.34471556484144,60521.37244745194
4954,192.28308200047903,62851.648076486425
4955,259.2144849609992,65323.00720515131
4956,307.6192584842589,67682.02832154126
4957,331.4057074434368,69356.00973711228
4958,327.75731984251667,69257.31955411215
4959,297.0904498157372,68127.21882211731
4960,243.05845045519308,66357.43181862347
4961,172.80014098041923,63907.4750243411
4962,96.3716044179612,60135.27643322466
4963,11.996014506816596,55620.33436551636
4964,0.0,56334.62030793583
4965,0.0,57758.23697502586
4966,0.0,59963.51429899532
4967,0.0,60594.678033344615
4968,0.0,60563.88914817186
4969,0.0,60924.915384914
4970,0.0,61381.03496848918
4971,0.0,60864.81312524923
4972,0.0,59650.18862839648
4973,0.0,57940.8373436303
4974,0.0,56964.34276205662
4975,0.0,55610.81322909701
4976,46.23976622183685,56451.14793321045
4977,123.8554927469227,60052.37312862092
4978,203.47177482307148,59393.21112920446
4979,273.3049379281244,59878.173136153906
4980,323.7752992309684,61737.43430289352
4981,348.6196606454963,63627.828035884435
4982,344.98535401271283,65228.82738957475
4983,313.15204597276767,66516.14675697855
4984,256.8803763749768,67024.14145757523
4985,183.3440850475632,66728.74875277701
4986,102.99654886520464,65152.350799033484
4987,10.873356260802456,60093.05485168819
4988,0.0,57391.29197989854
4989,0.0,58613.96608520276
4990,0.0,58597.919354883634
4991,0.0,55424.07470508276
4992,0.0,50923.29786861915
4993,0.0,49674.48223278747
4994,0.0,50952.599118077494
4995,0.0,49017.17113042148
4996,0.0,43000.019829413664
4997,0.0,38309.776353251444
4998,0.0,36784.15247216324
4999,0.0,36552.954345566985
5000,41.897802539418215,42371.88859584582
5001,114.95735520299397,47522.30639793402
5002,190.16330385397492,47151.40902087732
5003,256.4188337338095,46489.21168124215
5004,304.32905307276104,47177.446222633014
5005,327.82679107719633,47820.71763772227
5006,324.23901010074337,48503.89809485347
5007,293.9243791018856,49685.4978906692
5008,240.5097221599983,49989.45548685313
5009,170.99513359199273,49033.40977794444
5010,95.26999564941336,46184.844150224344
5011,12.349771236161727,39537.05394058598
5012,0.0,33727.63020549647
5013,0.0,38533.060850193724
5014,0.0,41550.705584838164
5015,0.0,44307.56209618893
5016,0.0,45822.33758008043
5017,0.0,48969.17554589023
5018,0.0,51790.96545317481
5019,0.0,53971.28124811235
5020,0.0,54155.07386876274
5021,0.0,53133.35076414722
5022,0.0,52180.92728086805
5023,0.0,50230.752197333815
5024,48.36125049164547,53129.26732658153
5025,128.1918882016141,56865.298972301374
5026,209.9039043504793,55777.59523782061
5027,281.5052094706093,54987.18855555226
5028,333.0230168126206,55366.13836588654
5029,358.2496560057116,57566.053244223585
5030,354.4763996079121,60515.999891067586
5031,322.04790230803985,63217.0057138607
5032,264.5545475511048,65083.028708377366
5033,189.2605898956927,65596.41463647876
5034,106.75615057808562,63778.17806343343
5035,10.160978896625286,57858.70159488903
5036,0.0,53502.39945290376
5037,0.0,50086.542707979526
5038,0.0,49450.680500958784
5039,0.0,54178.33556805039
5040,0.0,56952.30758107949
5041,0.0,59090.66976412023
5042,0.0,60154.487982174476
5043,0.0,56495.35520738682
5044,0.0,54677.17318017196
5045,0.0,54947.7637801846
5046,0.0,53971.63471697642
5047,0.0,51826.15592384473
5048,47.96118511585772,49142.71213907603
5049,127.51131315347637,55823.91613611793
5050,208.86138638961933,56253.65721791406
5051,280.2186402666381,56059.591708663
5052,331.74555240740875,56228.115703398624
5053,357.0045870726267,56992.13469331944
5054,353.1887491944388,57823.91037015713
5055,320.65271347333294,58454.18679679565
5056,263.16902451413887,57974.716394012255
5057,188.07402942667116,56117.41185676462
5058,105.95719060168646,51927.03367121788
5059,10.36662596449852,41991.61191488187
5060,0.0,37800.826563756025
5061,0.0,37268.70688149551
5062,0.0,36819.48062300226
5063,0.0,37203.6881413769
5064,0.0,37564.45196459721
5065,0.0,38496.99259596458
5066,0.0,38654.2590201897
5067,0.0,36802.36429617448
5068,0.0,39534.856994854636
5069,0.0,40377.26472975958
5070,0.0,40838.84228402056
5071,0.0,40594.914893729554
5072,42.34913171157587,41114.17475836348
5073,116.06561703610504,49080.44175542999
5074,191.7712169472105,52392.098326893574
5075,258.498328468178,53053.55170500313
5076,306.8302402311308,54774.440083396614
5077,330.574569721744,55966.65899912306
5078,326.9188121131891,56096.77413378787
5079,296.2954559072619,56416.67925421909
5080,242.4126690370966,56863.42485559894
5081,172.2503492160326,56948.19979321743
5082,95.93286317300483,53587.68968029306
5083,12.37896415574942,43738.17002241323
5084,0.0,43192.28641586424
5085,0.0,46452.31571206986
5086,0.0,49861.6768896088
5087,0.0,48902.15489874646
5088,0.0,46671.72832118171
5089,0.0,45543.27631917599
5090,0.0,44809.81074662265
5091,0.0,43657.98171449289
5092,0.0,17525.085398637322
5093,0.0,16643.24468591943
5094,0.0,14973.427969466999
5095,0.0,13536.706670848995
5096,34.34781615476234,13372.451538684027
5097,98.57440620612786,18207.912043118256
5098,164.92296777045215,22800.137923190563
5099,223.6892558553436,27275.537336232483
5100,266.3845772436906,30821.221017085594
5101,287.3400690832414,31992.529765207502
5102,283.857895767344,32446.824632649674
5103,256.64032683462483,34445.32761643762
5104,209.02078355203489,35729.84175930302
5105,147.42668674107622,35673.1552900316
5106,80.80983220895091,34048.16058989996
5107,14.225927309600513,29528.84553496785
5108,0.0,29239.02459263964
5109,0.0,32388.357402245332
5110,0.0,32440.080069869633
5111,0.0,31285.047684954836
5112,0.0,29036.435184756927
5113,0.0,26013.341791412706
5114,0.0,23942.16458041659
5115,0.0,25574.91671602409
5116,0.0,24823.592951979794
5117,0.0,21855.798922612743
5118,0.0,20962.43992196252
5119,0.0,19658.624713342557
5120,46.70832471409846,22263.762343131097
5121,125.17460790265802,31520.189981193264
5122,205.28831462245304,38368.4548773236
5123,275.60951677049235,42051.75142723835
5124,326.32878124338947,43667.614394102886
5125,351.2931313154144,44176.08445215261
5126,347.5453183501012,44450.46323423478
5127,315.5455460155918,44903.63346446755
5128,258.80709797084427,46444.00051974606
5129,184.6094578269278,46670.981324731176
5130,103.5603819808554,44413.63775089361
5131,10.98636229661785,38383.04520524493
5132,0.0,36463.305845899944
5133,0.0,41520.28711233179
5134,0.0,44896.16236393498
5135,0.0,42916.03355968121
5136,0.0,35800.20754768047
5137,0.0,34851.099439682366
5138,0.0,38110.799221790076
5139,0.0,40294.32241029669
5140,0.0,41404.63996147224
5141,0.0,39483.74696611473
5142,0.0,38570.268513712144
5143,0.0,37202.54714053272
5144,46.56100795772286,37438.67220529232
5145,124.85515182280824,45759.482076718785
5146,204.8779503235439,48788.90022233662
5147,275.09135718059395,51169.60081682882
5148,325.65945750303104,53020.68087137315
5149,350.5489020500955,53841.11642806256
5150,346.8006962644937,54013.988411826285
5151,314.72588681637217,55397.17491970168
5152,258.0530335106636,57688.238285434665
5153,184.08633268711,58637.56525355206
5154,103.22681006332677,56911.20975772569
5155,11.09844786682931,47621.747425146204
5156,0.0,41932.26950301479
5157,0.0,42075.90828831317
5158,0.0,45884.04561020513
5159,0.0,46630.10531664592
5160,0.0,44538.46070573394
5161,0.0,43081.18769909571
5162,0.0,40106.87148701314
5163,0.0,37987.22978224855
5164,0.0,38475.297378384945
5165,0.0,37832.896747044084
5166,0.0,34212.89529865373
5167,0.0,30707.502468562354
5168,50.82165347529545,27929.253876951745
5169,133.62046458097984,42136.461642444505
5170,217.95164162611812,51509.40717794966
5171,291.4625055169621,54616.960911836555
5172,344.27308911457794,55269.12816047641
5173,370.1299734460077,54315.83259914848
5174,366.1059489512261,53558.68254281092
5175,332.5580506916209,53015.32696838373
5176,273.2115632985111,52907.20305032279
5177,195.5066072765864,51885.35356843603
5178,110.367797878441,48610.74782020006
5179,9.420274650942773,42159.95293379479
5180,0.0,39088.740666705555
5181,0.0,39530.88223962187
5182,0.0,39969.52550511918
5183,0.0,40349.507418403795
5184,0.0,39473.798567481186
5185,0.0,38581.16659901876
5186,0.0,36747.32067473337
5187,0.0,35156.79364398182
5188,0.0,33012.49983743927
5189,0.0,30782.585460592174
5190,0.0,27978.043882192847
5191,0.0,24356.747074451687
5192,26.788891826839368,21829.186513632176
5193,78.9677140371288,28962.082699736984
5194,133.6550639076837,33119.06040293107
5195,182.5629237841248,36218.06031222561
5196,218.44762160634463,38693.65940733492
5197,236.08941833866248,41603.57580678147
5198,233.20810579713697,46019.58292023739
5199,210.10986772203847,48676.39414132897
5200,170.10342563078893,48332.85570522123
5201,118.89028180242862,46530.6903932526
5202,63.96997374267304,43633.35728154972
5203,14.57195888794845,36923.58241329494
5204,0.0,32328.317106316365
5205,0.0,29544.587973028818
5206,0.0,28161.921817080998
5207,0.0,27027.95610919616
5208,0.0,25636.134634010472
5209,0.0,25318.89239797067
5210,0.0,26103.218882754903
5211,0.0,26914.79628192975
5212,0.0,26683.62892841244
5213,0.0,25074.476216977964
5214,0.0,22768.023958359587
5215,0.0,21158.954681570085
5216,40.92818702202335,22981.716809585643
5217,112.9033529579968,33302.12905132963
5218,186.724526435824,38882.88015570926
5219,251.7508062001673,43077.94138330241
5220,298.89543273985845,45637.97328010446
5221,322.13540180523506,47644.40475258906
5222,318.52477070594097,48208.97314281844
5223,288.3134814886936,49176.72276379645
5224,235.424337787865,51720.13739444675
5225,166.79256059063664,51353.22948909135
5226,92.30799151096925,45651.62075583322
5227,13.0244779022272,35840.872084082795
5228,0.0,34787.82312666885
5229,0.0,36938.75487092323
5230,0.0,37058.39137715818
5231,0.0,35641.60381783323
5232,0.0,35431.281265719204
5233,0.0,36912.74062325903
5234,0.0,36362.26088420772
5235,0.0,36858.88023913015
5236,0.0,34853.565354355545
5237,0.0,35326.40476389262
5238,0.0,34105.23285589493
5239,0.0,34142.71498109265
5240,44.04734612220465,32974.4688442535
5241,119.50695420643096,38362.73263976305
5242,196.8108532484495,40201.01622095104
5243,265.1388773195693,39528.16607282762
5244,314.64847341684947,40020.11340417717
5245,338.7299145490781,40868.78063912574
5246,334.4790800027757,42048.714916424295
5247,302.84232095971424,45045.1872476938
5248,247.56185133020173,48379.08288269298
5249,175.78494684850705,50025.35855464641
5250,97.73405025463626,48389.49349937416
5251,12.110623902669252,41033.26264660233
5252,0.0,42041.823772873664
5253,0.0,46719.65773208418
5254,0.0,49295.02569282281
5255,0.0,48883.29521041134
5256,0.0,47155.389307352125
5257,0.0,43126.5489715662
5258,0.0,38520.204655461064
5259,0.0,36043.83616244577
5260,0.0,33620.462507762466
5261,0.0,30701.499347769026
5262,0.0,28524.1048126975
5263,0.0,27496.526909044587
5264,48.630654770885165,24606.50838423594
5265,129.22957668048713,28276.966513407075
5266,211.58883912223928,29974.480205114698
5267,283.40977140573216,30582.14318122504
5268,334.9472789366397,31539.0547427121
5269,360.1168787956407,32828.434914018595
5270,355.8551759556674,35576.283409062315
5271,322.6650877687066,39371.915501345116
5272,264.4246643498087,42665.090081465896
5273,188.47008583903815,44699.38419620537
5274,105.53843664598402,43767.61652980563
5275,10.490954136771744,37156.44131706943
5276,0.0,34155.54087025667
5277,0.0,32468.828972809988
5278,0.0,35182.85972027012
5279,0.0,37430.640495644424
5280,0.0,38688.125198004724
5281,0.0,37381.995800399505
5282,0.0,34344.590883653065
5283,0.0,31571.035469124537
5284,0.0,28708.697145178678
5285,0.0,26008.401889516907
5286,0.0,23008.04994005067
5287,0.0,20973.677124080285
5288,51.14709659170568,21861.960103481048
5289,134.15870855729048,28438.13877160434
5290,218.7361897704559,32146.847254302407
5291,292.5263941293438,35049.66520657709
5292,345.5122413466128,38936.71124909819
5293,371.2320915010122,43052.81087757026
5294,367.0095096609328,46980.018471211086
5295,333.1297486668049,50668.413970687776
5296,273.348430663872,54280.21567119111
5297,195.1631784398332,56583.90769632991
5298,109.63495460532582,55732.90401712237
5299,9.494042588068533,49065.04267820001
5300,0.0,42500.99386635204
5301,0.0,40190.89390141266
5302,0.0,40714.18482890787
5303,0.0,43165.092932346684
5304,0.0,39997.39446183814
5305,0.0,40663.651327158346
5306,0.0,40685.45876159767
5307,0.0,41202.808921808384
5308,0.0,41710.12549841483
5309,0.0,42990.38610699656
5310,0.0,46322.104147844875
5311,0.0,46310.76160905177
5312,50.15388814480121,46103.71566388582
5313,132.1453879814842,55235.54088171621
5314,215.770671567705,59074.72720150536
5315,288.8585109991792,62658.26057357494
5316,341.3807234155115,65220.54093356477
5317,366.8436925413608,66042.75935665982
5318,362.47506763483983,65904.9796609893
5319,328.73807506261386,65512.817118003884
5320,269.41492638680506,64389.31597528356
5321,192.01527153253625,62179.838185877226
5322,107.50515874472056,58162.570656996155
5323,9.980360606465403,52453.46909750583
5324,0.0,50260.903805118476
5325,0.0,50607.02815074548
5326,0.0,50708.932091587165
5327,0.0,52812.24717953942
5328,0.0,53819.38998433146
5329,0.0,55548.62612713378
5330,0.0,56280.62584044467
5331,0.0,54682.15849246863
5332,0.0,52868.342293520414
5333,0.0,50259.57808988039
5334,0.0,49084.167144425
5335,0.0,48874.896599481384
5336,50.78941595521125,50092.23200668251
5337,133.34770140826004,57497.33306435903
5338,217.5477204654388,57688.375241443726
5339,291.01121319605056,57214.237314792044
5340,343.68548260433386,57601.674167252604
5341,369.2107008050284,57740.83524267158
5342,364.9040235748816,58255.488100282084
5343,330.97943504853635,59552.58670223689
5344,271.2691038556489,60706.25678964746
5345,193.35904496640663,60240.35179701779
5346,108.23190397283692,57932.90513914936
5347,9.758109056667854,55271.26155182673
5348,0.0,55317.36540832277
5349,0.0,53954.32561645253
5350,0.0,51443.521218778005
5351,0.0,51465.41722448569
5352,0.0,50163.31431352692
5353,0.0,47902.94490485281
5354,0.0,45181.519809103804
5355,0.0,41210.66642569642
5356,0.0,40675.90146824359
5357,0.0,40000.32864517077
5358,0.0,37200.91660614278
5359,0.0,34500.69539635147
5360,37.20905335616918,34230.10925509133
5361,103.8339620753388,37704.76727723431
5362,172.4340950099511,40417.9876060817
5363,232.8789608478085,44630.476048378776
5364,276.7962345949207,50027.350764029965
5365,297.92762319168503,53728.44471783667
5366,293.9716820647957,54463.82447956379
5367,265.54519609021645,55373.897709540724
5368,215.97728263217908,56270.45618265291
5369,152.06770166800408,56118.078320076704
5370,83.00128906108102,53707.103910303595
5371,13.922907796367983,47148.378503922504
5372,0.0,42237.73342052137
5373,0.0,39750.400169087094
5374,0.0,41423.32715466371
5375,0.0,41793.12641664932
5376,0.0,40379.578552271465
5377,0.0,41805.14031367612
5378,0.0,44151.71625858804
5379,0.0,42307.33227804106
5380,0.0,39154.689450712314
5381,0.0,37775.96250576638
5382,0.0,37801.4286666516
5383,0.0,37771.94803246901
5384,44.06600729002292,40176.93026787995
5385,118.91887168796974,47805.11401798549
5386,195.63009945281044,50680.23096012026
5387,263.00706094672626,51878.92162321043
5388,311.45822950420984,52193.764795884614
5389,334.83243751456644,52873.694460243714
5390,330.532304216118,54335.43666616452
5391,298.9424461883831,55558.64089594379
5392,243.94924244852305,56449.37262843788
5393,172.66802450726823,55916.394497554116
5394,95.27716629453248,52799.61444546163
5395,12.309462601557884,44037.81584490093
5396,0.0,42729.05157985316
5397,0.0,44888.558679763264
5398,0.0,48165.00818623272
5399,0.0,50026.536763296244
5400,0.0,50653.59985466219
5401,0.0,51483.2081820077
5402,0.0,51633.91005205078
5403,0.0,50442.98202355492
5404,0.0,49914.09583752764
5405,0.0,49585.4013694484
5406,0.0,48446.3228409019
5407,0.0,48798.087209464116
5408,50.65905151473495,49783.862295136394
5409,132.83762499079748,52339.849460366146
5410,216.5576415375796,53018.57954962083
5411,289.5120402922333,54581.3373480484
5412,341.66345235277777,56084.95048787075
5413,366.7043928855731,57524.119616224
5414,362.0173753930896,58687.324742056815
5415,328.05862571521675,59418.17173878713
5416,268.5788300935635,59656.4990647986
5417,191.04311303500145,58827.91847716306
5418,106.41877131267596,56877.38511941809
5419,9.953169233686406,53015.09110733119
5420,0.0,52085.596211484575
5421,0.0,53336.96255747978
5422,0.0,54292.155416409194
5423,0.0,53874.8757812824
5424,0.0,54176.12640353125
5425,0.0,55880.23508542083
5426,0.0,57381.075741089655
5427,0.0,56933.1196498169
5428,0.0,55759.494684567275
5429,0.0,54133.23404909343
5430,0.0,53375.266183267064
5431,0.0,51482.636363132806
5432,52.78985619223387,49944.145421976864
5433,137.1141838959158,54724.4637476243
5434,222.72845782295585,55559.52225263943
5435,297.21789323895104,57257.166700801274
5436,350.4463373759257,59210.44139681722
5437,376.0290631279364,60304.761904252686
5438,371.2704641913513,61271.19739092462
5439,336.5595571610533,62308.31402738568
5440,275.64013759859904,62484.39763925914
5441,196.2106301091233,61595.07226000534
5442,109.45918073934936,59224.18319565413
5443,9.090324765692198,51982.187342000514
5444,0.0,46046.592366512414
5445,0.0,44536.34539003874
5446,0.0,45849.828480027114
5447,0.0,48260.02875857051
5448,0.0,47482.25101234762
5449,0.0,46139.32782911864
5450,0.0,47101.44158606483
5451,0.0,47110.59798744382
5452,0.0,42181.38377232177
5453,0.0,41345.421144558335
5454,0.0,41195.81528469435
5455,0.0,37231.5264471561
5456,49.37195656816132,36401.907002707965
5457,129.89810150969885,48405.895232244446
5458,211.894616474119,50934.50336843936
5459,283.4248807578906,51364.230207714274
5460,334.6125870421166,52256.510827691185
5461,359.19861577129524,52365.71361136388
5462,354.5015967667369,52273.98084438512
5463,320.9097414033309,53169.42469611238
5464,262.2010452443721,55084.59575997857
5465,185.9408950559504,57227.75155221799
5466,102.98483847539562,57412.68074768597
5467,10.540184987472554,53720.36363167369
5468,0.0,54138.30624810125
5469,0.0,56041.289140415945
5470,0.0,55673.25051513595
5471,0.0,53447.91003881619
5472,0.0,50652.73291703154
5473,0.0,49442.66605867539
5474,0.0,48329.583958804826
5475,0.0,47784.48434940699
5476,0.0,46035.10534329091
5477,0.0,43628.26959869485
5478,0.0,40945.88881372865
5479,0.0,38644.83218159474
5480,51.40210854466244,38489.196037508904
5481,134.00078868592612,44311.87567940784
5482,218.0072564484241,45546.275079858635
5483,291.04318759014603,47215.00130662491
5484,343.08676437549303,50046.513792110905
5485,367.91591643505245,53184.759331512265
5486,362.9505744572128,55703.108450197484
5487,328.6498884650219,58153.97720724967
5488,268.74443694850663,59511.126604110315
5489,190.83860784221412,59283.58552921317
5490,105.8565887055544,57926.11813732645
5491,9.77179695082418,54167.01780637517
5492,0.0,54486.71454241198
5493,0.0,58069.17842942421
5494,0.0,58203.75501562775
5495,0.0,56882.17079081502
5496,0.0,55758.81467226413
5497,0.0,54821.2116464461
5498,0.0,54936.939974352405
5499,0.0,53423.27456766124
5500,0.0,50732.89225156258
5501,0.0,47527.39464782346
5502,0.0,44126.99328651211
5503,0.0,42962.26065858621
5504,50.9702197558872,43299.97218426107
5505,133.0270728858761,50882.047509980395
5506,216.4847461852561,53443.91636841038
5507,288.91280884427687,55137.12371360611
5508,340.53889609060104,56664.518511556766
5509,365.1403234307304,57804.61485480735
5510,360.09965783203904,59016.62309174837
5511,325.84051947586823,60242.37103374991
5512,266.231526194459,60519.78142678461
5513,188.77108837969817,60279.21101355463
5514,104.38904284152795,59374.210207154
5515,9.99204281358038,56289.335676460665
5516,0.0,55335.85968354602
5517,0.0,55427.41474193368
5518,0.0,57069.523392421834
5519,0.0,57980.95249246933
5520,0.0,60690.9839805409
5521,0.0,62221.006059327316
5522,0.0,61723.22344504031
5523,0.0,58669.03356497169
5524,0.0,53296.07893847865
5525,0.0,47178.740362184915
5526,0.0,42218.876386256874
5527,0.0,38259.70497630358
5528,52.86019656052656,38592.43717563183
5529,136.72153449076032,43744.7646480067
5530,221.78406011597676,45942.64461101959
5531,295.5524569193819,48947.77437249721
5532,348.00182625288454,50179.74280737821
5533,372.8944045339812,50233.72707060756
5534,367.5356868586788,50285.6074295455
5535,332.5736841700026,50769.489647190545
5536,271.815073852704,51180.9599461932
5537,192.8606843334963,50658.369895213145
5538,106.7910654353111,48959.40760220217
5539,9.244610753795511,46288.75175487522
5540,0.0,46922.93471936243
5541,0.0,50857.06342048413
5542,0.0,56184.701668484726
5543,0.0,56462.81342031716
5544,0.0,55848.66805599064
5545,0.0,56028.03762196887
5546,0.0,57259.087483401825
5547,0.0,56459.3502450798
5548,0.0,54840.006495306734
5549,0.0,49624.257881277874
5550,0.0,43633.51335702427
5551,0.0,38055.74197550885
5552,52.15397704268592,34690.953248111575
5553,135.21786602828246,37127.57762248729
5554,219.45546217649968,37038.58177235476
5555,292.401708907589,39132.258007769095
5556,344.1107244483036,42971.510490622684
5557,368.53885523792894,46477.39764343866
5558,363.1245811733429,49483.93682750543
5559,328.30666345763655,51960.57564241033
5560,267.9976133037026,54034.92115904522
5561,189.802734522792,55506.19819093891
5562,104.7344775210823,55110.99298417927
5563,9.56089094812372,50347.01384378964
5564,0.0,46564.631325385155
5565,0.0,46980.03841420048
5566,0.0,48246.578466705214
5567,0.0,49427.15938367563
5568,0.0,49828.23627581907
5569,0.0,51319.038579474945
5570,0.0,53085.19634588996
5571,0.0,54319.058170062475
5572,0.0,55089.86274743327
5573,0.0,52430.70169079805
5574,0.0,48567.99835650634
5575,0.0,45878.31673959849
5576,51.73217439673444,47776.75006643592
5577,133.95483881066244,52076.0881949505
5578,217.27447533115725,51537.25342417492
5579,289.61396222002304,55157.39619701507
5580,341.1064538872773,61080.53476620804
5581,365.4692276096448,65756.05437708573
5582,360.063990161812,68424.45444320822
5583,325.42993152840853,69217.67503853333
5584,265.46501831589023,68625.85207372102
5585,187.7554987153926,67751.65648101548
5586,103.303874561462,66360.27839336364
5587,9.73042303453608,60122.36523140167
5588,0.0,56407.54961065312
5589,0.0,58402.32910470279
5590,0.0,59722.527611720536
5591,0.0,59664.742106295285
5592,0.0,60706.51572856013
5593,0.0,59922.62472793932
5594,0.0,56986.60069062831
5595,0.0,54205.09857709541
5596,0.0,52017.9023666848
5597,0.0,53665.78157397005
5598,0.0,54137.578301454276
5599,0.0,54795.72352514228
5600,52.96220920985215,61665.72252178207
5601,136.2986533265546,69397.15838817965
5602,220.7238712315513,70037.41733425361
5603,293.98931182936786,70584.04406008185
5604,345.9240321924262,70004.77682970431
5605,370.3302712051257,69659.44511978811
5606,364.6091090678789,70399.88360502526
5607,329.4546114603744,71282.18927957445
5608,268.8963600237664,71017.44864889157
5609,190.2083194479254,69478.04357444188
5610,104.60642019670996,66960.29679925054
5611,9.256681119288862,62169.93150785149
5612,0.0,60356.22636893671
5613,0.0,62748.50308874133
5614,0.0,66105.66433606506
5615,0.0,66227.51337671779
5616,0.0,66666.32348747928
5617,0.0,65639.08464229436
5618,0.0,63366.185031348024
5619,0.0,59794.334256453745
5620,0.0,55458.932029428724
5621,0.0,53214.45730172051
5622,0.0,48557.17142094659
5623,0.0,47853.84785505166
5624,30.484546354011385,52315.0555107087
5625,82.1419258951739,65992.43531511357
5626,136.4768341081394,69729.40394850296
5627,184.6536006242599,70744.11976343789
5628,219.53680146120956,71166.13087671314
5629,236.2350122972899,70943.78596085795
5630,232.39721251847243,70699.31689870381
5631,208.44159328123905,70005.26444226474
5632,167.81967111295037,68286.93386011665
5633,116.29089505061717,66575.50005061309
5634,61.56517530919214,64032.69016974977
5635,13.15547494798144,58057.94120077383
5636,0.0,55286.44322313917
5637,0.0,54712.8377943732
5638,0.0,53812.873005893896
5639,0.0,50620.63742217891
5640,0.0,48349.84909055498
5641,0.0,47125.704439908
5642,0.0,46695.8286063483
5643,0.0,45230.13931666639
5644,0.0,41640.6298813621
5645,0.0,38890.26796455336
5646,0.0,36574.226853291984
5647,0.0,35299.525895763094
5648,43.63738526675584,37612.75359636738
5649,115.36305103415144,44535.65378756268
5650,188.52516001792543,46402.34409306856
5651,252.4664614955709,46406.26196601837
5652,298.0748503484629,45660.167358515835
5653,319.4878305375282,44056.05365515116
5654,314.202634708875,43386.79150131301
5655,282.8243768866957,44436.9440034841
5656,229.17690686113863,46695.88122330359
5657,160.46446532398986,49027.29455129634
5658,86.59752947920558,49565.057587476
5659,12.168290766058396,43254.60356782858
5660,0.0,38941.749241070786
5661,0.0,38220.72683226474
5662,0.0,38164.84455412834
5663,0.0,38880.30149135504
5664,0.0,39210.845464772276
5665,0.0,40785.86790114328
5666,0.0,42585.75574861708
5667,0.0,45172.897937896894
5668,0.0,43868.33974584366
5669,0.0,41727.386884772866
5670,0.0,36955.51033181791
5671,0.0,33260.71118443391
5672,50.624696972941024,34012.60272132646
5673,130.54657561718298,43577.2287416101
5674,211.47878651828808,46173.43785952206
5675,281.69557182735446,46974.301150313324
5676,331.61042765830894,47131.64623094466
5677,355.0052782573035,46789.33114896648
5678,349.16644116949925,47388.453156301526
5679,314.7007799938181,48908.398491303466
5680,255.7834357760067,49847.78920482336
5681,179.9446267068955,49946.99014962565
5682,97.91136316559796,47996.094310657456
5683,10.190122988961086,41844.65617676188
5684,0.0,37383.51401115931
5685,0.0,37286.716752593995
5686,0.0,40233.98383184017
5687,0.0,40554.466817381224
5688,0.0,40601.14022895182
5689,0.0,40697.94219378282
5690,0.0,38933.34953822829
5691,0.0,40106.0373751134
5692,0.0,38254.88728593767
5693,0.0,36792.03561720235
5694,0.0,34661.30799880545
5695,0.0,33554.69023874476
5696,53.85302306309946,33409.59267680135
5697,137.31643673577716,37504.98426614928
5698,221.4985816602752,38232.14384366408
5699,294.25140814820446,40119.953341034714
5700,345.6628036905969,42633.47599020049
5701,369.5127145183977,44918.185433376144
5702,363.27180272210217,47329.932784077355
5703,327.6674292638916,49599.84474310438
5704,266.61163383580987,50989.811636133614
5705,187.81098126303436,51953.68948027431
5706,102.39837945466904,52219.660796150456
5707,9.06756417441009,48107.21593108188
5708,0.0,46060.07476514313
5709,0.0,47068.231575267455
5710,0.0,45347.81737282794
5711,0.0,42315.09386941934
5712,0.0,40793.36349002841
5713,0.0,39493.57562918231
5714,0.0,37908.19924422315
5715,0.0,36406.767293709534
5716,0.0,34961.08317320153
5717,0.0,33453.73394918621
5718,0.0,32568.518353073017
5719,0.0,30574.129009201966
5720,54.75490846501644,32655.156740553157
5721,138.85626262039133,35573.41633950934
5722,223.67348956185828,38211.38717785865
5723,296.9056436779787,41786.332357939675
5724,348.4693789575698,43669.89681761489
5725,372.3559714714735,44775.397188716335
5726,366.015898634849,46210.0716208679
5727,330.0701392961453,47088.57984446286
5728,268.50319257582987,46864.77577026034
5729,189.04279222979315,46235.62840984722
5730,102.93741555762996,44701.46591856433
5731,8.73422064227033,39284.41889236915
5732,0.0,35373.711793259514
5733,0.0,35297.594144030816
5734,0.0,34311.84717538146
5735,0.0,33306.06964115345
5736,0.0,34210.75285988416
5737,0.0,37055.554088140445
5738,0.0,43651.49821987281
5739,0.0,49799.517475568406
5740,0.0,51598.06307524139
5741,0.0,50281.069238539974
5742,0.0,48971.93117907343
5743,0.0,47055.91883546077
5744,56.14590149892636,49491.19433058277
5745,141.59375949412632,52161.60517982041
5746,227.6811791505069,52467.64364122322
5747,301.8358970334812,53961.429540667996
5748,354.08358220643566,55328.75732259248
5749,378.149168105794,55361.60840478129
5750,371.4976135033889,55232.96311110164
5751,334.8401444308377,55374.77635005778
5752,272.2812606304166,55245.53756979601
5753,191.62318078778443,53855.67885468645
5754,104.22576016954996,50646.27009241883
5755,8.205578354465743,42564.924255197984
5756,0.0,37716.53162626709
5757,0.0,37765.29811938131
5758,0.0,37737.379968799745
5759,0.0,37486.408618460344
5760,0.0,35236.350638760196
5761,0.0,32935.35951998422
5762,0.0,31089.082172282728
5763,0.0,28993.509934543534
5764,0.0,26597.557461294557
5765,0.0,25331.96432028404
5766,0.0,24551.747709935964
5767,0.0,26361.801893323398
5768,57.39098962228827,27809.636490713907
5769,143.86089392151118,34721.4429825593
5770,230.6731012042555,38591.717738192274
5771,305.26373940465294,42000.16305284222
5772,357.56897398928066,45100.52447109788
5773,381.5821855191852,46913.509674184716
5774,374.73084132730446,48285.70909418357
5775,337.83111046475744,50363.076041922286
5776,274.7930905154436,51934.39610663958
5777,193.3398894062213,52113.22509836723
5778,105.08667511488778,48967.84802266718
5779,7.726327247513283,39350.01164643821
5780,0.0,33065.73070570353
5781,0.0,30925.884942781577
5782,0.0,31733.947386342992
5783,0.0,32241.13455725102
5784,0.0,33588.23642577912
5785,0.0,35117.382258686535
5786,0.0,34707.306312214256
5787,0.0,34916.33503576687
5788,0.0,32647.338326430083
5789,0.0,27825.126004823524
5790,0.0,25015.46219957302
5791,0.0,23746.032183599567
5792,54.47102913579376,26375.172494321418
5793,137.2596323271528,31275.493593748462
5794,220.67447766350875,31904.612986472584
5795,292.5228125745448,31824.95903293643
5796,343.12980622708113,32464.040156323765
5797,366.3966049259584,33177.36213154353
5798,359.72022098339926,34591.17795229965
5799,323.7747044784778,36667.46472386581
5800,262.68195842622526,39584.796969812545
5801,184.1684505289522,41762.72214545235
5802,99.39997522366622,41839.89574353124
5803,8.819525119869304,36431.82775862556
5804,0.0,32379.488542258452
5805,0.0,31399.287839343495
5806,0.0,30482.83546363501
5807,0.0,29324.13560408303
5808,0.0,27859.55397652584
5809,0.0,27279.23104991256
5810,0.0,27844.061160214173
5811,0.0,27831.84812133079
5812,0.0,27836.977359271285
5813,0.0,25683.391691540408
5814,0.0,27054.820192672
5815,0.0,26224.282887447094
5816,54.267100296858544,31359.686141844846
5817,136.4334186987597,34654.4191271433
5818,219.24497116905383,33590.40111615888
5819,290.55657662716817,32162.412621656877
5820,340.5360220376156,30961.845740079363
5821,363.2863048057483,30770.29127978903
5822,356.3796762668363,31487.862347378406
5823,320.5731911806848,33156.862260412396
5824,259.852231697053,35010.61554161224
5825,181.92370958083904,36047.468829066594
5826,97.86992500201134,36135.227384506594
5827,8.898907691433026,33127.159915890414
5828,0.0,30504.214054360902
5829,0.0,32715.431962348437
5830,0.0,34425.496562046435
5831,0.0,34759.32080870907
5832,0.0,33873.54448421457
5833,0.0,32838.67130086398
5834,0.0,30234.773048688294
5835,0.0,29287.189134115713
5836,0.0,32816.86701246015
5837,0.0,33602.696135499114
5838,0.0,32263.830547657613
5839,0.0,30184.25377324868
5840,49.9064480773239,34078.88099501946
5841,126.5120725182994,39543.92863137457
5842,203.8887187920805,43274.36405629759
5843,270.7578913977516,45955.29110880493
5844,317.8208438958751,48342.586206724445
5845,339.3117986874352,49436.28442701563
5846,332.5868021015354,50047.87269269029
5847,298.43944064090226,50904.19280832124
5848,241.04786885969864,51022.93039001812
5849,167.9401251653973,49094.526740786176
5850,89.6097581362752,44517.93045681687
5851,10.152746286689396,36185.950888698564
5852,0.0,32291.99643768551
5853,0.0,32656.75250543709
5854,0.0,34087.427768344256
5855,0.0,34728.61311909185
5856,0.0,35332.841717232455
5857,0.0,34738.52680111365
5858,0.0,34235.48647128005
5859,0.0,31661.580499354233
5860,0.0,29507.5107643234
5861,0.0,26741.153247725237
5862,0.0,23743.620020604736
5863,0.0,22234.915317920448
5864,51.172919029286206,25578.559830165446
5865,128.94505346209962,27436.579834139353
5866,207.37274267758764,27853.192572484826
5867,274.96842995620176,29549.947451875483
5868,322.3828213892744,31486.013579542574
5869,343.8533326855509,32899.33087942307
5870,336.9921193943895,34429.337003082226
5871,302.4948959143914,36216.100753208484
5872,244.4356407776904,37810.5772781818
5873,170.31800683645957,37892.479082949096
5874,90.78229790462086,36525.78581419065
5875,9.780444378043278,32760.299413246277
5876,0.0,29815.658694384954
5877,0.0,28972.84551710194
5878,0.0,29621.256104427077
5879,0.0,31820.571229493355
5880,0.0,33741.77785248961
5881,0.0,33498.59685528605
5882,0.0,32240.216057961716
5883,0.0,30302.605843304565
5884,0.0,29415.20062966662
5885,0.0,29877.02541527713
5886,0.0,30452.12885687596
5887,0.0,30983.427883592663
5888,57.36519609622474,36607.924291428986
5889,142.1917269587643,40225.26463470587
5890,227.24703414150403,40498.84695159627
5891,300.0827630381539,40272.81172118563
5892,350.9223319468265,40483.17079963558
5893,373.8089740690117,42305.56068641269
5894,366.30475646623256,46082.071939250716
5895,329.1778151687836,50068.478524602695
5896,266.5112552128659,52885.69774887178
5897,186.2425944355008,54144.35344173203
5898,99.66469252947893,53786.882018902725
5899,7.839510903257168,49511.80854678299
5900,0.0,47264.53039146418
5901,0.0,46688.120769496694
5902,0.0,44085.15121026277
5903,0.0,41895.50450601191
5904,0.0,41710.96002252398
5905,0.0,44591.467406583026
5906,0.0,45266.655240733875
5907,0.0,44726.589510874466
5908,0.0,41667.210408263556
5909,0.0,38172.44512011808
5910,0.0,32502.700367416717
5911,0.0,28876.31401936758
5912,55.64173916243578,32130.112444342343
5913,138.02405359338238,35055.711251491266
5914,220.82977315013937,36817.88041902766
5915,291.7280324439536,40625.886425329096
5916,341.17082739068115,45140.10477299555
5917,363.3302917764118,49695.31088981576
5918,355.7892905721773,54211.500245795265
5919,319.3478225626597,58092.88880910308
5920,258.05821249396587,60244.043658398805
5921,179.80819240826204,60356.139453905475
5922,95.70752067760212,58474.256746015875
5923,8.400339567882044,51298.334808835396
5924,0.0,47043.88657811336
5925,0.0,48404.82359475313
5926,0.0,48680.71824027152
5927,0.0,47573.10752364377
5928,0.0,45907.773588933174
5929,0.0,47635.07737075058
5930,0.0,48563.57179830125
5931,0.0,47355.33333388413
5932,0.0,45136.77734604166
5933,0.0,41516.448316745766
5934,0.0,37759.92546004623
5935,0.0,35012.70351365392
5936,56.2560994507054,38686.306189219955
5937,139.0322651519645,40403.318882672414
5938,222.022429512787,41082.42139470767
5939,293.0319458506453,43707.95044904679
5940,342.60397489221634,47317.830140080834
5941,364.731519635828,50730.19931865186
5942,357.0468661002318,53120.4686806228
5943,320.3690140398711,54799.70694149352
5944,258.7880974674317,55528.37011877462
5945,180.1512429089038,55055.66773011583
5946,95.6811218044746,53739.01028733199
5947,8.172825237789958,50131.44366999383
5948,0.0,47556.20982284424
5949,0.0,46528.2750543255
5950,0.0,47066.16630742959
5951,0.0,43880.33814634523
5952,0.0,45056.96298854338
5953,0.0,44195.47492837822
5954,0.0,43261.10626308317
5955,0.0,41082.0686914241
5956,0.0,39996.02895854739
5957,0.0,38726.505160882996
5958,0.0,37120.456773393686
5959,0.0,36062.97171006951
5960,54.84375244269996,41543.54626765982
5961,135.43891129955892,44394.92570099768
5962,216.24357764660587,44614.33696477417
5963,285.4533816463081,46483.46068370941
5964,333.5910621570455,49801.63868186002
5965,354.95122841375024,52492.55539457809
5966,347.1933841786777,55391.06223176146
5967,311.1596352172926,58270.217786166046
5968,250.95146913731477,59764.26613026327
5969,174.2959786305338,59015.60384591509
5970,92.14811985054544,56187.95792993365
5971,8.535702279642779,49766.52759936315
5972,0.0,44404.826421070946
5973,0.0,43339.217036217764
5974,0.0,43426.830938614126
5975,0.0,44036.771670318085
5976,0.0,43874.21565728604
5977,0.0,45418.99802609491
5978,0.0,46757.20146151268
5979,0.0,48714.19843805116
5980,0.0,44601.349242759825
5981,0.0,38716.718672484356
5982,0.0,33417.20733476547
5983,0.0,28711.755498892937
5984,59.62969039534377,34145.759098145856
5985,145.49335842051804,40724.81151617067
5986,231.27488237400203,43188.51728125942
5987,304.3878216560442,43782.04424939399
5988,355.10268620249246,43640.3009773037
5989,377.4589845327407,43425.91989804135
5990,369.1604644234496,44964.74153876262
5991,331.0311632682769,47514.35145961176
5992,267.2380421224405,49426.05192641124
5993,185.8123744051656,50598.36691129841
5994,98.3997780534471,50430.57664177006
5995,7.026243812314711,46614.47166335471
5996,0.0,43196.36875092699
5997,0.0,39948.23486705628
5998,0.0,37801.76458451746
5999,0.0,35830.44309352751
6000,0.0,34988.61913087842
6001,0.0,36924.15818670656
6002,0.0,40784.29304235824
6003,0.0,45221.862734679955
6004,0.0,46477.30895986934
6005,0.0,48124.28739388461
6006,0.0,47124.14849015841
6007,0.0,43048.940785765415
6008,62.44054249807618,47201.496998554976
6009,151.29939552704053,50124.693431659856
6010,239.73626996959635,48388.475776204774
6011,314.84515842306376,47192.107286465645
6012,366.7520210857834,47983.70693286326
6013,389.6031215762651,50489.80714952705
6014,380.95980524384095,54182.58582805327
6015,341.6207784855877,57973.850533817444
6016,275.90722508468235,60555.09680053397
6017,191.9727901415038,62099.39808322618
6018,101.57774841202196,61823.83214188003
6019,6.02816260248984,56569.23090966205
6020,0.0,53906.13651460529
6021,0.0,54006.07534226216
6022,0.0,52926.57965128886
6023,0.0,50765.36278330152
6024,0.0,48261.71866377613
6025,0.0,47681.55172296403
6026,0.0,47076.243309042584
6027,0.0,43442.49755883475
6028,0.0,42931.73863746396
6029,0.0,43136.85593658039
6030,0.0,41773.09903057635
6031,0.0,40249.500859035674
6032,59.993413394640086,50794.28003179426
6033,145.4823914917797,56652.47496927928
6034,230.7878734411665,57569.12372721644
6035,303.41663553996614,58278.74911782866
6036,353.3945838406352,59694.69336151301
6037,375.3019992019695,61035.950467913324
6038,366.6953641202997,61547.631101538245
6039,328.5260964963919,61674.191441941875
6040,264.8145276474856,61747.97225641739
6041,183.5948960066928,60325.70588889814
6042,96.59118947472922,59606.34123499835
6043,6.900073957645216,56360.25069025375
6044,0.0,54744.30107030146
6045,0.0,54942.559327174546
6046,0.0,54044.683243312844
6047,0.0,54659.035041908726
6048,0.0,53363.91433483996
6049,0.0,52928.45981164568
6050,0.0,52799.512755321804
6051,0.0,52233.69363490041
6052,0.0,50782.822324110675
6053,0.0,49461.09952035237
6054,0.0,48973.34327132055
6055,0.0,49125.67629943015
6056,59.772280026159805,55719.67062563053
6057,144.59618428581766,58761.501956505694
6058,229.22946938479944,60350.80759029339
6059,301.31730743131084,61223.19580758651
6060,351.1344120188808,61727.13897525613
6061,372.7992917916262,62720.62080334983
6062,363.99639966918016,64656.90338164105
6063,325.715862555218,67362.01990008967
6064,262.20104882646046,68716.33486048372
6065,181.4989384520541,66845.05429653378
6066,95.09933648131118,62514.26515407825
6067,6.955410075947394,56714.53124364205
6068,0.0,53547.05344263914
6069,0.0,53409.52546037535
6070,0.0,52263.8563854242
6071,0.0,50023.88862163821
6072,0.0,46308.71345346984
6073,0.0,45670.494640950266
6074,0.0,47078.105455989615
6075,0.0,48932.538034615645
6076,0.0,47747.71233396405
6077,0.0,45028.12765105971
6078,0.0,44030.58154686709
6079,0.0,44916.2901660003
6080,64.10308245369842,51637.300541379365
6081,153.81169494133297,54758.40934614465
6082,242.86036288235044,55111.09250003759
6083,318.35656778808846,55613.10169541662
6084,370.1347321909827,55980.200337274684
6085,392.40399349743245,57058.82047508421
6086,382.93534900481086,58931.195084574036
6087,342.745343063649,61163.481048991496
6088,276.1493214544222,62262.1794768479
6089,191.35256147389785,61587.64215148081
6090,100.3224516418872,58610.47565432213
6091,5.529771340104935,52780.424955299226
6092,0.0,48787.36874045838
6093,0.0,46888.27822366615
6094,0.0,43951.8716894008
6095,0.0,40382.07682066684
6096,0.0,38641.10766962258
6097,0.0,38513.66092692999
6098,0.0,37870.714472436615
6099,0.0,36914.212394792485
6100,0.0,35614.11590168107
6101,0.0,33678.82001238162
6102,0.0,31420.37315387722
6103,0.0,31381.02902918066
6104,62.90750330278611,39233.407036267425
6105,150.70096182034325,42937.11257617755
6106,237.98870605996868,44483.0064654824
6107,311.84556318127943,45194.47139598175
6108,362.4334764667082,46383.865257348734
6109,384.00629746968167,46701.184144764266
6110,374.5639764275675,46990.621753109495
6111,334.9428723577521,47855.79471701675
6112,269.401461932743,49198.14350783219
6113,186.29882786963245,50230.92273100146
6114,97.25065790800102,49787.927381212015
6115,5.928948495851032,45698.69054854669
6116,0.0,44175.81390840419
6117,0.0,45136.429387117
6118,0.0,44239.73362000301
6119,0.0,41671.92376572695
6120,0.0,39639.275390875846
6121,0.0,40258.18888810765
6122,0.0,42268.57923139541
6123,0.0,42016.18310723649
6124,0.0,38972.84477702108
6125,0.0,36223.23414832948
6126,0.0,32448.49513824988
6127,0.0,28270.44267303712
6128,60.18318915566523,33470.84091515585
6129,144.11296628764345,42001.653504453076
6130,227.530600018052,48870.03406583421
6131,298.36154640796286,54161.92970190395
6132,347.13836364792354,58287.7418269544
6133,368.1817270111056,60705.73668321126
6134,359.0195139055828,62461.84238970837
6135,320.6381889007304,64624.068936816926
6136,257.33624496780874,65624.90196460987
6137,177.29890200735164,64872.278949603715
6138,92.01459030328844,61290.889461443716
6139,6.691090550479666,54863.83676322184
6140,0.0,49951.28698900249
6141,0.0,47326.27502275387
6142,0.0,45399.352444010445
6143,0.0,42347.7771891683
6144,0.0,39429.862692269555
6145,0.0,36852.39498046616
6146,0.0,33402.12008682924
6147,0.0,31634.962606529545
6148,0.0,31021.913206851983
6149,0.0,29763.505957819587
6150,0.0,28821.307232117208
6151,0.0,27206.783820825036
6152,63.63476050080334,31216.76301060374
6153,151.3346806528628,33844.59325719265
6154,238.12154007071427,36087.00951189014
6155,311.32245840398554,39335.83538489429
6156,361.4226955775748,41603.41966689969
6157,382.6382215569328,42839.14844999873
6158,372.8713746009255,43974.955573695246
6159,333.01765637951195,45166.389778656834
6160,267.4053762223245,44876.45391131984
6161,184.34890076871676,43652.10356180856
6162,95.6069857046858,41494.010591287704
6163,5.664468499360867,37700.8726401468
6164,0.0,36638.07826574004
6165,0.0,37046.55081670735
6166,0.0,35197.897022759906
6167,0.0,32618.673235238475
6168,0.0,29338.334605046926
6169,0.0,26719.323512996758
6170,0.0,24949.533820489873
6171,0.0,25779.636887800858
6172,0.0,28709.83232266195
6173,0.0,28338.5142875218
6174,0.0,30804.21895240431
6175,0.0,32488.387979442225
6176,64.04257780251258,40628.21551591352
6177,151.8586921305232,42693.270122886315
6178,238.999972753924,40863.692489622445
6179,312.5584297058725,38487.05478022503
6180,362.7581483907706,36267.75452386707
6181,383.8307048850015,34573.754494399196
6182,373.609514616358,33964.93885143414
6183,333.3610633258711,34558.29984195742
6184,267.5132155879248,35802.28086075236
6185,184.20554456289548,36988.01042607282
6186,95.20494878378275,37084.41572130256
6187,5.498032122847916,35215.00225889993
6188,0.0,33485.12296934975
6189,0.0,31534.106641850714
6190,0.0,29414.731184524164
6191,0.0,27323.40095097802
6192,0.0,26640.14252975877
6193,0.0,25979.612619610525
6194,0.0,24424.71562805961
6195,0.0,23108.991758747325
6196,0.0,23031.700161323875
6197,0.0,22939.884563845542
6198,0.0,22681.964804244286
6199,0.0,23221.335208142555
6200,67.15512356724668,27044.942406323906
6201,158.30121494090346,28379.753460350574
6202,248.17002315164456,30053.995553282894
6203,323.607089020895,31932.65017696035
6204,374.8834661719656,34108.647907006496
6205,396.2975298518784,36246.38141929622
6206,385.8209488618513,39293.62161988114
6207,344.3843266791518,43061.21011848724
6208,276.4035337522342,45744.3732897448
6209,190.2920731237327,46747.4364325493
6210,98.17591686136272,45420.821644005475
6211,4.559818995059368,39453.38979495864
6212,0.0,32750.00946068882
6213,0.0,30347.346773874768
6214,0.0,28577.874581662494
6215,0.0,27818.043111976134
6216,0.0,27371.05690062285
6217,0.0,27259.468313209294
6218,0.0,27382.350839980307
6219,0.0,26412.03454071772
6220,0.0,24834.281341959744
6221,0.0,22952.05611488308
6222,0.0,20597.903912598827
6223,0.0,18517.52461989583
6224,68.3323474181622,19922.07878651368
6225,160.43823087512254,21621.20165578036
6226,251.1654342111908,24595.298886541186
6227,327.30981533597475,29381.08624300457
6228,378.8884505428061,33984.15896503027
6229,400.50919186073446,36565.36090989709
6230,389.82111964871086,37639.16105201497
6231,347.8084900904653,38458.763076758325
6232,278.9432007064328,38878.836420340835
6233,191.83002880070887,38811.06800063836
6234,98.68453593235962,37720.02556712066
6235,4.187935250039629,34611.4896156783
6236,0.0,32766.82831858715
6237,0.0,32144.562741695772
6238,0.0,30442.34775728222
6239,0.0,27322.514341363487
6240,0.0,24651.93495682182
6241,0.0,23749.973055449125
6242,0.0,24327.1286901443
6243,0.0,23805.574798998598
6244,0.0,22151.907804764895
6245,0.0,20904.197050595616
6246,0.0,20151.67229741864
6247,0.0,19632.18030056943
6248,65.740084537422,23129.03055310359
6249,154.10395765490009,26132.158395507075
6250,241.22159184306528,27203.43128335119
6251,314.3982289423062,28430.593839671812
6252,364.1039690812707,30401.04686699536
6253,384.5933614403928,32721.318441784882
6254,373.9226870987226,34877.43175946665
6255,333.0467228886082,37573.30472448407
6256,266.5587433264126,39964.205560409
6257,182.74047796267155,41270.902544465906
6258,93.48556751746187,40389.748993664776
6259,4.926509806725373,34271.0067018911
6260,0.0,28816.47759132481
6261,0.0,27307.04894843213
6262,0.0,26993.910961492526
6263,0.0,25973.437194423794
6264,0.0,25109.899687712896
6265,0.0,23888.165406206557
6266,0.0,22341.119992632524
6267,0.0,20920.96003243283
6268,0.0,18962.145907456674
6269,0.0,17537.52086798105
6270,0.0,16468.876536362397
6271,0.0,14913.98551622808
6272,52.568486009309886,15537.971667897269
6273,123.6071859728212,21919.023363541975
6274,194.34486846236024,24998.09433264701
6275,254.5161711920924,26935.3368002635
6276,295.76185930032733,26841.407114427595
6277,312.8685075257158,26731.905485394578
6278,303.7805549341014,28883.717170597985
6279,269.5607518700227,31137.90185222479
6280,214.45198482432585,31716.248399620297
6281,145.95707076336743,31351.54382509905
6282,73.97929789269519,29845.213479798404
6283,7.179570443637445,25887.88645091153
6284,0.0,22646.850846175086
6285,0.0,21051.49710559816
6286,0.0,20995.00683357993
6287,0.0,21119.322074374988
6288,0.0,22325.825714397943
6289,0.0,23936.192803318543
6290,0.0,26147.829805538553
6291,0.0,28144.126272258396
6292,0.0,31278.19271552947
6293,0.0,30623.475999094004
6294,0.0,31565.552607493657
6295,0.0,33815.144497735084
6296,46.32851944393318,37820.47099612048
6297,108.87183044370084,49839.7887571457
6298,171.5832825575247,53804.02470300903
6299,225.3414859847644,54369.920440758964
6300,262.43243152437566,54825.61634313059
6301,277.7671665721936,55465.4349721936
6302,269.4226960512088,55759.162402430615
6303,238.50290842233932,55642.83189162902
6304,189.04076499303903,54915.26102774938
6305,128.01418729650973,53568.4840843333
6306,64.46598136645657,49705.396713862436
6307,7.298127297273389,39096.408249085864
6308,0.0,33500.270008265674
6309,0.0,33493.62269718382
6310,0.0,33781.8505550993
6311,0.0,32940.935674771885
6312,0.0,33205.697240329224
6313,0.0,34203.53391368144
6314,0.0,34705.81535210948
6315,0.0,34844.34652459422
6316,0.0,34576.094539208665
6317,0.0,34795.51212649651
6318,0.0,34917.780210976154
6319,0.0,36965.07600956917
6320,65.78270751036294,46754.9984543462
6321,152.81656214597777,58141.47732184651
6322,238.55218948489824,59948.344167263385
6323,310.53847173687427,60034.46834556493
6324,359.26512592764925,60377.9544912571
6325,379.1662361381122,59662.57602666392
6326,368.1201527766105,59467.185855042786
6327,327.1166805234891,59117.98463163281
6328,260.92182903366233,58813.15071566128
6329,177.99523832001302,59587.170778013424
6330,90.07553989127284,59285.791883348924
6331,4.711866549588006,53403.13480728989
6332,0.0,48480.578602118614
6333,0.0,46877.615375801564
6334,0.0,49690.51575114105
6335,0.0,50440.354777581764
6336,0.0,50690.369512794234
6337,0.0,51580.10202557684
6338,0.0,50145.84457189142
6339,0.0,47524.73931476565
6340,0.0,44766.30173623735
6341,0.0,42244.85998859265
6342,0.0,40042.69223402009
6343,0.0,37574.68349529746
6344,67.65636294695426,40612.30901114306
6345,156.55276725757213,49859.95122082509
6346,243.92827262478875,50044.76195565203
6347,317.0406663040209,48801.731895682125
6348,366.374086995798,48769.97521836977
6349,386.2894739927119,49029.71862087295
6350,374.8834516134231,49024.8623122617
6351,333.1731539060201,48901.26239609759
6352,265.87409620514575,48364.65900064858
6353,181.2167222619999,47829.17191834708
6354,91.42457051617028,46794.25454813877
6355,4.227448353208895,43030.678958271725
6356,0.0,39892.91875969985
6357,0.0,37080.36691285237
6358,0.0,35179.367230968404
6359,0.0,33791.15733047001
6360,0.0,31071.14191949192
6361,0.0,30135.41654383198
6362,0.0,29836.123150389598
6363,0.0,28627.28271367288
6364,0.0,26468.2177506801
6365,0.0,23095.78649930942
6366,0.0,20490.39897822612
6367,0.0,19131.26297708279
6368,63.765857936846274,19531.963897066697
6369,147.28688206664006,24325.427628466092
6370,229.51931470710585,26494.7525271175
6371,298.330119010416,28763.4506478982
6372,344.9276263660728,31446.576168755862
6373,363.7744162860179,34053.29066746843
6374,352.8619006695673,36243.42281274911
6375,313.19866963256214,38070.614186716535
6376,249.2293674506188,38587.94515606217
6377,169.314983185606,37905.49114024899
6378,85.03172087264664,35844.43097684109
6379,4.984580223912219,31489.273509897692
6380,0.0,27762.867714433916
6381,0.0,25593.67175824616
6382,0.0,25135.150659754374
6383,0.0,23328.97385044063
6384,0.0,23174.48625333867
6385,0.0,25039.352583502
6386,0.0,26362.049097561485
6387,0.0,27897.069956162057
6388,0.0,29964.629790332827
6389,0.0,30316.58398628399
6390,0.0,28329.198176175432
6391,0.0,24566.794682286658
6392,68.90964572545003,30189.505226122223
6393,158.47486406071712,33311.54916375497
6394,246.31459714157177,34792.64016842228
6395,319.6599240850595,35921.5473495932
6396,368.76609115876136,37594.16916221966
6397,388.36291448473,38332.12076344837
6398,376.511106520366,38656.40091368685
6399,334.2865133665932,39043.00232177706
6400,266.3273179229081,39402.20711118744
6401,181.0587147387405,38479.240686786885
6402,90.71097335140736,35966.708584893095
6403,3.7956343691050503,30796.2193159081
6404,0.0,26995.925183909923
6405,0.0,23510.263034821295
6406,0.0,19450.529860046285
6407,0.0,17118.361237893918
6408,0.0,15532.529586186172
6409,0.0,15407.050752323523
6410,0.0,15836.959647500056
6411,0.0,15821.656112793078
6412,0.0,14918.993224405893
6413,0.0,14874.026682382078
6414,0.0,14435.573595090471
6415,0.0,14593.504563751269
6416,68.49005941862448,17356.091845719464
6417,157.14073905937184,20113.574842213973
6418,243.98505678796505,20409.78222387672
6419,316.4962404440817,21273.687315282226
6420,365.1237986872998,22598.864464451548
6421,384.39408565370167,23668.48048981357
6422,372.3852129578093,24646.966574472786
6423,330.3063523440142,26044.844408550754
6424,262.7595680846047,27566.106672402224
6425,178.2780560852708,28425.50203382574
6426,88.96506511032509,28330.75853516385
6427,3.8155342568891775,26317.958818034065
6428,0.0,24522.723018893932
6429,0.0,24351.901471500307
6430,0.0,24224.451443078742
6431,0.0,23613.710825918584
6432,0.0,22512.05614415062
6433,0.0,21018.401896808144
6434,0.0,19223.285554552018
6435,0.0,17507.073778868
6436,0.0,16067.078952667149
6437,0.0,14773.999463928749
6438,0.0,13674.158327329718
6439,0.0,12582.96340572785
6440,68.39147642136032,14385.90096225016
6441,156.39276748740446,16245.983563020998
6442,242.46766953274437,17233.53448021399
6443,314.1807892035382,18553.473209447013
6444,362.2124652462993,19864.304738825544
6445,381.16225579320746,21251.42362977877
6446,369.1039588111363,22527.128857758198
6447,327.1878932839295,23960.110110618014
6448,260.113788140847,25065.826029624717
6449,176.2620536010436,26045.42857619082
6450,87.67983505666767,26440.893534542985
6451,3.763030573205321,24890.42793631865
6452,0.0,23372.51790803209
6453,0.0,22697.804948158107
6454,0.0,23836.546697662096
6455,0.0,25071.870872709642
6456,0.0,24974.517509645444
6457,0.0,25934.76706027518
6458,0.0,26685.317671934063
6459,0.0,26262.51723790452
6460,0.0,24665.964352174407
6461,0.0,22447.245133247936
6462,0.0,20780.37101416752
6463,0.0,18488.188422121242
6464,69.1735323634443,20409.292762670793
6465,157.66935098386315,22831.676982438195
6466,244.2057750344212,24035.65103590787
6467,316.2908621273838,25783.5043476648
6468,364.3987840257345,28124.09527925043
6469,383.195249814525,30349.33635690447
6470,370.955225085956,32698.284877070717
6471,328.65523602672715,34695.621797163716
6472,260.998418828946,36633.94063637692
6473,176.60072361690624,37897.06208496954
6474,87.50318932350126,37567.3990161731
6475,3.5076459793898462,35096.424648917884
6476,0.0,33348.138099707205
6477,0.0,33001.99139739724
6478,0.0,33734.81058130214
6479,0.0,32058.240721615315
6480,0.0,29723.700716999792
6481,0.0,28720.28156774543
6482,0.0,28334.607438754356
6483,0.0,25749.643912541713
6484,0.0,21588.77790003266
6485,0.0,17481.953567591503
6486,0.0,14178.620676276374
6487,0.0,13923.466878569277
6488,65.71816659755504,17651.22436572562
6489,149.1957255750808,25216.540046269314
6490,230.91654551125163,32726.330858952122
6491,299.2160589873498,36582.66859293011
6492,344.94360597776785,39963.1964692639
6493,362.69505370622704,42736.739074256126
6494,350.5959208341768,44181.22084408679
6495,309.9978822913606,46975.99276172943
6496,245.6245039984211,50563.59373487776
6497,165.7682582382512,53358.02475705775
6498,81.91128096328507,53842.46932486567
6499,4.043222771680001,48884.86835683547
6500,0.0,43176.195189883656
6501,0.0,39594.22845557727
6502,0.0,37648.53308980833
6503,0.0,35047.93031379648
6504,0.0,32814.038592304874
6505,0.0,34513.4519280267
6506,0.0,35278.11293659609
6507,0.0,34111.46167257661
6508,0.0,38181.106148008
6509,0.0,42402.84252950244
6510,0.0,44724.807162092206
6511,0.0,46333.692183435865
6512,65.32415392534266,53308.2862777264
6513,147.80623442446958,57128.732256686795
6514,228.83127332690336,55990.61942951043
6515,296.4389309185433,55409.20614061565
6516,341.71173007531456,55934.49400356053
6517,359.2634839959628,56862.41716549624
6518,347.2281597298764,57698.573521224134
6519,306.94124306111024,58491.411762484226
6520,242.98934911715247,59246.39868866725
6521,163.7332381412651,58487.46517913269
6522,80.57931913105642,55279.793564703046
6523,3.970499438990494,48285.66287569619
6524,0.0,42397.559022592766
6525,0.0,41679.67645252244
6526,0.0,41918.302373857165
6527,0.0,42617.64080669105
6528,0.0,42913.320293790945
6529,0.0,41198.967635321314
6530,0.0,39643.32054376206
6531,0.0,37685.17491282344
6532,0.0,34230.88108165333
6533,0.0,32054.1353017568
6534,0.0,30278.777643638867
6535,0.0,29463.58359036331
6536,70.58365808378002,34745.591009907155
6537,159.54964717395185,40027.892652932955
6538,246.43383490670087,41217.786582024135
6539,318.5939997861988,41367.8804358419
6540,366.4387821465645,41573.58969342439
6541,384.7966177559634,43142.16524721124
6542,371.8511706994984,46037.30715638256
6543,328.8253739376508,49096.01888605202
6544,260.4266532310515,50945.3394806158
6545,175.40765240975853,51402.468758517985
6546,85.98283465676462,50199.97857436413
6547,3.017352004671575,43600.745725822
6548,0.0,38365.98656317695
6549,0.0,36348.109127513046
6550,0.0,37270.85768156457
6551,0.0,39372.622307039695
6552,0.0,39545.230244368664
6553,0.0,39431.870152873336
6554,0.0,37966.32653949405
6555,0.0,35871.13504765031
6556,0.0,33673.35259872776
6557,0.0,31101.97749138658
6558,0.0,28571.863779712214
6559,0.0,25716.683949309085
6560,70.54386705268392,28304.388345456024
6561,159.06273653246413,30704.98101030869
6562,245.2276295572324,32278.920180968737
6563,316.5612142985952,33428.54302470622
6564,363.9139493840879,34484.496312249656
6565,381.7523270478269,36540.94758956571
6566,368.5705566408577,39167.57839962999
6567,325.7708456331606,41260.80078115333
6568,257.828598736513,42279.95830226883
6569,173.48131113755102,43404.75521405024
6570,84.75913080412522,42946.25455222406
6571,2.969080547804994,39091.37146124211
6572,0.0,36352.33820890005
6573,0.0,35084.65118905663
6574,0.0,33657.74579295955
6575,0.0,32550.44084524715
6576,0.0,32198.027419441973
6577,0.0,31031.539213387357
6578,0.0,29820.54729751985
6579,0.0,28468.73617908167
6580,0.0,25607.255822715182
6581,0.0,22789.18234723108
6582,0.0,21365.506933938665
6583,0.0,21176.618465818683
6584,72.30664367393142,23448.040363380125
6585,162.7664728750573,25627.96401209518
6586,250.75538684588992,28155.08025677315
6587,323.5674435145432,31511.94586452399
6588,371.6795028680626,34932.30442801218
6589,389.8470384038521,37590.23359615969
6590,376.2858566604872,40562.84425262852
6591,332.3886266850983,43503.41318762811
6592,262.96656263597845,45709.08357390616
6593,176.70925386146502,46030.539444763745
6594,85.97872852841626,43952.19576527098
6595,2.588243879534235,39839.27368898459
6596,0.0,37287.877011547185
6597,0.0,36223.13752554346
6598,0.0,35455.73751313775
6599,0.0,34463.43299944176
6600,0.0,31848.87839513926
6601,0.0,28500.363826672703
6602,0.0,25583.08125490503
6603,0.0,23630.481846502324
6604,0.0,22418.565344407096
6605,0.0,19920.831807733673
6606,0.0,18292.775228801544
6607,0.0,17464.12563279595
6608,71.2585368548716,21165.90549922496
6609,159.70208026971838,24691.705865873202
6610,245.7000539554981,25746.021171139673
6611,316.9027007705108,26746.949715551622
6612,363.98782160903977,28366.799366454205
6613,381.65599519615006,29508.44059219418
6614,368.1880166800863,30480.583506972147
6615,324.97542042403853,31227.009951054217
6616,256.84865142763886,31682.855386445834
6617,172.40201670149904,32099.319328688216
6618,83.6464360742543,32657.472023540297
6619,2.652773877574597,32833.46670923054
6620,0.0,32948.26278773166
6621,0.0,33024.389183216415
6622,0.0,33507.660744371016
6623,0.0,32360.156510728048
6624,0.0,29222.0671343923
6625,0.0,24956.931236819837
6626,0.0,23364.02684752851
6627,0.0,23991.44866163149
6628,0.0,21231.11357574615
6629,0.0,17108.114940707965
6630,0.0,13874.200909369154
6631,0.0,10711.65178526446
6632,68.71891328252427,11487.777457811813
6633,153.28773924389347,14608.011975118827
6634,235.68364879807447,17231.607514144496
6635,304.0868731915044,20010.562896681065
6636,349.5444268935405,22820.968685755768
6637,366.5878393783587,25011.06297880757
6638,353.49050758039687,28341.75022753449
6639,311.6337323655809,32313.907602964904
6640,245.80252156679308,35756.65975693587
6641,164.53797807037586,38007.807728348605
6642,79.60248494499338,38008.103895062166
6643,2.897750977908449,35507.420221796696
6644,0.0,33641.05067970759
6645,0.0,30736.034405345737
6646,0.0,29383.681061197396
6647,0.0,31018.694147334092
6648,0.0,31659.842645942255
6649,0.0,31115.609921949515
6650,0.0,29749.9695209842
6651,0.0,28297.380336232713
6652,0.0,28557.632127785902
6653,0.0,27321.880419403056
6654,0.0,25761.750161778582
6655,0.0,24284.23009158941
6656,71.07411426254949,28965.986691951835
6657,158.45184399141144,34770.35761162571
6658,243.451571233498,36062.45290284696
6659,313.75936610835714,36734.222619523134
6660,360.2353412952778,38101.724395056524
6661,377.5917650851182,40160.30665415321
6662,364.0722833513741,42014.453466505576
6663,320.9827431642966,43483.43301850395
6664,253.16200466411905,45242.66875947879
6665,169.33553586646894,46702.24985493521
6666,81.57619678794795,46763.63702015059
6667,2.4686896319132674,41818.61221132268
6668,0.0,38616.69157770327
6669,0.0,34565.72552252891
6670,0.0,27229.28576923009
6671,0.0,24118.847877699223
6672,0.0,22764.44265186741
6673,0.0,21670.341087412395
6674,0.0,22524.193953878363
6675,0.0,24605.44949841142
6676,0.0,25358.724410025166
6677,0.0,24693.693079212942
6678,0.0,23957.522116955304
6679,0.0,22139.706310469635
6680,62.68664691369453,24832.23075135236
6681,138.4875019168657,29077.038175155518
6682,212.79803443521237,32837.917723681385
6683,274.7966108018022,36456.44591611134
6684,316.0020947524898,40252.28241788415
6685,331.36847502673834,44027.71741745488
6686,319.09556118966594,47169.315962281755
6687,280.5976360596435,48331.531110065625
6688,220.56430408777865,46602.98854588601
6689,147.17029008600352,42706.53664115253
6690,71.02952877426057,37860.15568735003
6691,3.190488768030169,33138.20709349653
6692,0.0,31050.050376895342
6693,0.0,29804.333220930166
6694,0.0,27590.96641457588
6695,0.0,24964.765201782335
6696,0.0,24522.882795526813
6697,0.0,25158.676468434038
6698,0.0,23912.962023510914
6699,0.0,21449.6576339674
6700,0.0,19850.89694314086
6701,0.0,18001.880915756294
6702,0.0,16026.535759283732
6703,0.0,14047.866343124551
6704,69.13584268480139,15495.412698482723
6705,153.12452932994904,19507.85218859998
6706,234.92540951788743,23139.549423019136
6707,302.6413432589056,26139.356536208143
6708,347.29375491349435,29662.164493960765
6709,363.76334153066335,33764.938705215456
6710,350.363805257628,37519.10020917231
6711,308.45920283766736,40836.16806284455
6712,242.74741858327985,42757.05894769158
6713,161.87215258557518,42657.41895246136
6714,77.58214368563753,40348.938097683334
6715,2.505921952995944,36146.48148190553
6716,0.0,32623.818412424647
6717,0.0,30046.86676839253
6718,0.0,27640.28424292765
6719,0.0,26517.874653605417
6720,0.0,23436.262120684012
6721,0.0,22803.571983215043
6722,0.0,20767.637420138497
6723,0.0,18038.53702722968
6724,0.0,16164.863357574024
6725,0.0,14855.839913830028
6726,0.0,13744.947694001003
6727,0.0,12180.34264307375
6728,73.20421797391909,15740.932857333435
6729,162.41013522356585,19282.20718265643
6730,248.85993974680557,21903.494079799882
6731,320.1301666245372,24041.685280467256
6732,366.8149472822258,25745.746720271683
6733,383.7119835947833,26712.180821557846
6734,369.3935532435128,27978.423968225066
6735,325.1875128245147,28811.040736942658
6736,256.0525186132673,29657.213570440872
6737,170.7049768447585,29649.40223868718
6738,81.36371472245163,27978.08641959611
6739,1.936590194398073,24744.0345574343
6740,0.0,22086.987102128758
6741,0.0,20338.719135501786
6742,0.0,18534.645329736002
6743,0.0,16941.174957426592
6744,0.0,15673.141055872005
6745,0.0,15031.196957188511
6746,0.0,13574.9508805823
6747,0.0,11857.922737217845
6748,0.0,10899.014588956448
6749,0.0,9743.210931031232
6750,0.0,8942.122346208356
6751,0.0,8336.804739273208
6752,75.28089259595824,9167.97140648155
6753,167.09949864944977,11762.02567192127
6754,255.83883914449183,14328.972100210693
6755,328.548898917268,16435.171412595333
6756,375.7645418349551,18321.029908253506
6757,392.7748935576741,20223.48348693625
6758,377.9174317028107,21528.535544937142
6759,332.5345421984883,22558.989165049028
6760,261.6949860700251,23821.80905929499
6761,174.26385604520036,25560.269278767093
6762,82.6785388773139,27186.366149808844
6763,1.6207559218568923,27956.474396400434
6764,0.0,27626.676936606746
6765,0.0,26077.365154576448
6766,0.0,23020.04200418641
6767,0.0,19734.98283869089
6768,0.0,16279.661988256104
6769,0.0,13053.635005858865
6770,0.0,11750.575603480846
6771,0.0,11482.441018620044
6772,0.0,11492.912633582428
6773,0.0,11280.45290118538
6774,0.0,10720.21368673463
6775,0.0,9789.940159467904
6776,75.32345670925213,10631.281601831794
6777,166.768723548251,10252.68633903881
6778,255.01291375460812,9728.989703977928
6779,327.31076552240376,9729.011465017938
6780,374.3423853402304,10911.834208987608
6781,391.2704960306746,12689.578202037474
6782,376.4596268949392,14617.574648326152
6783,331.2821771154323,16296.466255264162
6784,260.6177669882821,18593.329171302972
6785,173.32749373678334,20607.79873260507
6786,81.9059939908293,21719.24654317001
6787,1.515771715018029,21643.041545399123
6788,0.0,19707.05110022714
6789,0.0,18288.904475155432
6790,0.0,16207.821114600934
6791,0.0,13780.724847739488
6792,0.0,12570.662655214914
6793,0.0,12880.398168927763
6794,0.0,13826.151662160812
6795,0.0,14915.475662827446
6796,0.0,15583.066921331723
6797,0.0,15781.747743456026
6798,0.0,15129.840287829007
6799,0.0,13547.043463177375
6800,74.36756178857067,15097.618529048024
6801,164.23058680705853,14448.029357475472
6802,251.05493092416893,13624.00625290326
6803,322.2382043003333,14028.3703274483
6804,368.6471058598105,15470.687358265946
6805,385.2371977644571,17140.380003000988
6806,370.4691733192825,19100.445044132157
6807,325.7244846192582,21047.346088622344
6808,255.9554340371916,22909.629261577826
6809,170.02808188741,24136.27887965461
6810,80.18010473679408,24654.970788387967
6811,1.5367989791028367,23380.777844001055
6812,0.0,18572.215230235164
6813,0.0,13106.962699531774
6814,0.0,9218.731115642824
6815,0.0,7404.145475583988
6816,0.0,6989.548530251831
6817,0.0,7623.008383523292
6818,0.0,9200.943433271206
6819,0.0,11579.90788112261
6820,0.0,11921.505030699947
6821,0.0,10300.515607993011
6822,0.0,8716.042732484077
6823,0.0,7706.3978033092835
6824,69.15607172462963,8544.828684891027
6825,151.37432163844267,8319.941706501604
6826,231.0613882460985,8962.873666469075
6827,296.6634892869045,10461.950894392192
6828,339.52972746696446,12480.147533238609
6829,354.7934009748268,14094.4216286186
6830,340.9619368256479,16036.841716608686
6831,299.41840786641194,18601.820610607538
6832,234.86625843861333,21093.137175222833
6833,155.82816534335237,22087.573813831532
6834,73.70854754064213,20959.8685944072
6835,1.938944497391919,18444.067345408672
6836,0.0,15576.198243623892
6837,0.0,11604.992609344235
6838,0.0,9053.814752900627
6839,0.0,9400.621898257827
6840,0.0,10295.569732698
6841,0.0,10073.449606782055
6842,0.0,9745.111259540994
6843,0.0,9096.864248913222
6844,0.0,7546.725718341053
6845,0.0,6065.360406763011
6846,0.0,5085.140220784575
6847,0.0,4687.014114538766
6848,73.44583913581893,7359.556349987738
6849,161.3623417099482,8418.19311498069
6850,246.34786970063143,9292.4021721646
6851,316.1436502499073,11007.480409225707
6852,361.6473686231664,13962.241307626857
6853,377.8044700058061,17084.21145027262
6854,363.0094721160333,20009.703217205806
6855,318.8954239588708,22496.003824374122
6856,250.10823249554176,24313.690438611156
6857,165.66071926610002,25516.997002517368
6858,77.72859989925458,25756.952057917253
6859,1.476925306274865,24868.095381404877
6860,0.0,23367.578327182968
6861,0.0,21996.321133741232
6862,0.0,22797.10175128377
6863,0.0,25979.907282193737
6864,0.0,29812.64410431863
6865,0.0,32690.607325275738
6866,0.0,34463.72408281198
6867,0.0,35312.422501365494
6868,0.0,35398.151747420656
6869,0.0,34374.16825375042
6870,0.0,30540.753613822446
6871,0.0,27370.4038466107
6872,70.14242548059921,28686.474113452303
6873,153.14776344882904,28166.32351824399
6874,233.587425700498,27754.100449200105
6875,299.81752094975127,29670.12160899092
6876,343.1441036600104,33513.81449376142
6877,358.52824688083,38613.38779467959
6878,344.32629374075697,43636.51393404183
6879,302.0620160336938,47720.87309802343
6880,236.69306086126187,50346.856392484144
6881,156.70232750128244,51012.45847010794
6882,73.6589912889628,49671.3106953715
6883,1.6662994197113437,46529.55703532546
6884,0.0,45989.0745366974
6885,0.0,45023.276405070596
6886,0.0,41698.81571710524
6887,0.0,40303.41095995014
6888,0.0,37046.17166131123
6889,0.0,37358.927128111645
6890,0.0,33256.00293625516
6891,0.0,27246.01979521887
6892,0.0,22741.095130615457
6893,0.0,20088.29159331788
6894,0.0,18849.416482526478
6895,0.1392675525913365,19092.725183553244
6896,72.38688158007778,27976.759089914132
6897,158.37420725371945,32346.10852349191
6898,241.5762016723607,33590.274734626044
6899,309.663581936758,33930.789597070565
6900,353.8463454305005,35031.43501135504
6901,369.322748676591,36936.399854698364
6902,354.64179611309345,39701.137389308526
6903,311.2474909069796,42538.230480839884
6904,243.9427369954408,44337.93514156242
6905,161.3134953705371,44211.41580865398
6906,75.3908131576239,42437.31942094059
6907,1.4120649745542373,38367.962098993594
6908,0.0,35132.68135779091
6909,0.0,33180.24406363223
6910,0.0,32673.30047848819
6911,0.0,31661.125130056756
6912,0.0,31001.792058185565
6913,0.0,28445.571442778783
6914,0.0,25380.416739830456
6915,0.0,22885.92648428727
6916,0.0,20909.757523166816
6917,0.0,18497.307585530514
6918,0.0,15667.931484105122
6919,0.2642709378193919,12960.008607640473
6920,74.07031514448958,12392.98862533056
6921,162.1769467645694,11708.865249385979
6922,247.1653542215925,12526.523895221779
6923,316.5870637903171,14864.218551364478
6924,361.57535830790766,18658.162147732102
6925,377.3064617398349,21930.287878348983
6926,362.0845317807208,23950.94640658526
6927,317.6021077282289,25928.392071404425
6928,248.74312014785085,27267.42873679696
6929,164.31216342788713,26633.85295294067
6930,76.4268641987487,24766.38761281482
6931,1.211416884713522,23238.35830962725
6932,0.0,23303.380320329026
6933,0.0,22527.28646775821
6934,0.0,20730.20588501903
6935,0.0,19431.857756523845
6936,0.0,17700.96914281788
6937,0.0,15712.41134413427
6938,0.0,14223.17709498781
6939,0.0,13103.888909381762
6940,0.0,12205.554519501155
6941,0.0,11363.57335168891
6942,0.0,10656.424922616654
6943,0.4141140295000239,10455.664466629958
6944,73.43109560381725,11292.136766131505
6945,160.33201848955432,11371.433609239068
6946,244.0514416127204,12453.017988197538
6947,312.51618835735746,14482.410951272328
6948,356.8845259228468,16147.453309642817
6949,372.2788453729772,17259.53545163919
6950,357.1588145585218,19209.648789657866
6951,313.0967141750096,21676.255845132175
6952,245.0751892993399,24581.069345624917
6953,161.75563776343105,26703.986153627884
6954,75.12154087333478,27565.271165799793
6955,1.190850636171148,26287.901227433595
6956,0.0,23602.647135145464
6957,0.0,19418.939808563817
6958,0.0,16968.205021925554
6959,0.0,17171.506697149496
6960,0.0,17279.32187749077
6961,0.0,16178.745885358723
6962,0.0,14803.84012279745
6963,0.0,13535.429783064994
6964,0.0,12201.706806062348
6965,0.0,10857.494097938346
6966,0.0,9394.865728702352
6967,0.536677834488987,8598.04960923068
6968,73.58855532994265,10200.46203419485
6969,160.59856819309277,10000.544943879311
6970,244.41409457087744,9398.875162955168
6971,312.9133040074542,9402.858714692884
6972,357.2828859259029,10357.4068966108
6973,372.5862467244091,11604.444680636776
6974,357.38464082783173,12893.398076995976
6975,313.1677187946288,15251.40211216759
6976,244.95254382956225,19238.4421973203
6977,161.46924925508557,23153.039353319717
6978,74.75024029733402,25085.814620174337
6979,1.1001679248969471,24105.574232927254
6980,0.0,21789.328314153372
6981,0.0,20230.83113679956
6982,0.0,18562.129225378572
6983,0.0,19022.840040566476
6984,0.0,21913.604913253283
6985,0.0,24848.50346885276
6986,0.0,23772.485233809013
6987,0.0,22311.298679214047
6988,0.0,18768.214966688232
6989,0.0,16484.1929144074
6990,0.0,13140.946847404877
6991,0.6965034706540876,9456.06811357731
6992,72.61633285871136,8990.302565163935
6993,158.02726479721852,8308.26321337861
6994,240.4160933423577,7441.783380807097
6995,307.83276272250737,7207.625287812967
6996,351.55831675684885,8470.478852953178
6997,366.5012318180952,11299.815349900586
6998,351.4383615227508,14132.73909726666
6999,307.81382076234763,15829.826869830953
7000,240.5659870665897,17259.449725677132
7001,158.430633145863,18194.00614944894
7002,73.30006571922097,18438.03504025746
7003,1.094288910477868,16652.489499853367
7004,0.0,14607.262670940998
7005,0.0,13549.00394022408
7006,0.0,13725.303771412599
7007,0.0,14921.774985681624
7008,0.0,15153.125355238064
7009,0.0,15532.898494534655
7010,0.0,15339.330354264743
7011,0.0,13791.14806428556
7012,0.0,12641.730199582003
7013,0.0,12666.725223245634
7014,0.0,12641.37206539121
7015,0.8480507908117234,12723.012340341156
7016,72.23679725433831,16172.669364947102
7017,156.79495129294867,19211.03716377372
7018,238.39427214615944,20196.978059076086
7019,305.2733594942789,21341.02770305191
7020,348.5429472944295,23301.094338552863
7021,363.37601152703326,26165.103291610827
7022,348.4260589550209,29788.48663098382
7023,305.09499067495614,32978.25743222065
7024,238.32710503193132,35135.75915059006
7025,156.84606201420664,35743.2724037254
7026,72.45850015780181,34329.41724813643
7027,1.0671799714116572,30420.71889646975
7028,0.0,25595.508889439858
7029,0.0,20629.791429485267
7030,0.0,19077.38758464944
7031,0.0,21190.92987220385
7032,0.0,24194.46311195506
7033,0.0,26587.51770116372
7034,0.0,25671.871263872497
7035,0.0,22815.806528809317
7036,0.0,22697.14046927691
7037,0.0,22244.955208613486
7038,0.0,22623.99343700562
7039,0.931171886808062,23717.965644164506
7040,72.93209815822945,27561.304675695686
7041,158.46411595689537,30800.823836590283
7042,240.90116254772497,30328.354406582814
7043,308.4901848492347,29739.66100841017
7044,352.2036262160045,30864.758782311485
7045,367.20968678927375,31965.614647144008
7046,352.0524245886323,33309.27489859658
7047,308.15774340120004,35172.39755961222
7048,240.5820840538325,37259.99948819813
7049,158.1009320130758,38917.11173205013
7050,72.76976428734793,39042.50134521638
7051,0.9694555767276836,36061.68059287012
7052,0.0,33497.72819847538
7053,0.0,31145.913055298723
7054,0.0,30540.04086108288
7055,0.0,33772.29831330076
7056,0.0,34320.14888318257
7057,0.0,34788.58917208926
7058,0.0,34688.65381962866
7059,0.0,35604.18752093274
7060,0.0,37594.63011269766
7061,0.0,38450.579140414644
7062,0.0,37050.92585311838
7063,1.2046122787274578,33681.721779764135
7064,69.71096743317055,34393.88520045289
7065,150.4387709177729,34627.592738357096
7066,228.599043918534,34609.79075973028
7067,292.67875061659623,35259.70168965246
7068,334.14638857879913,37093.244184054594
7069,348.2984803244206,40152.361754557234
7070,333.71689382045804,43613.51037282228
7071,291.9071616667335,46554.57828421361
7072,227.68199300329184,48163.563440445105
7073,149.67419414162157,48310.21626278918
7074,69.22354181410248,47530.729728192615
7075,1.0655743610377932,45202.459952495534
7076,0.0,41764.60027519476
7077,0.0,34364.66097912635
7078,0.0,29212.50255660059
7079,0.0,29720.091957108765
7080,0.0,32483.79984786631
7081,0.0,35847.253272868205
7082,0.0,37677.23220590584
7083,0.0,37552.714430349064
7084,0.0,35634.33601484731
7085,0.0,31030.838139969375
7086,0.0,28858.995100552977
7087,1.6596249091444413,26327.597043007736
7088,55.58433045799279,32926.06726492163
7089,117.13603187987448,44506.909596514066
7090,177.6335023832203,50921.16645216226
7091,227.98991111381383,56317.415276615844
7092,261.16406182921924,59924.82580234096
7093,272.6463939440452,61910.62006005439
7094,260.7886632671456,62820.04501120165
7095,227.28694632172693,63378.63844503755
7096,176.70179599203394,64456.43527553369
7097,116.25599170703718,64737.67383441713
7098,54.89049356477327,61950.866715379874
7099,1.2731544877248049,53721.96683493983
7100,0.0,46834.80996362929
7101,0.0,41731.89938878328
7102,0.0,38545.62613768562
7103,0.0,36316.00452326867
7104,0.0,32939.27241960455
7105,0.0,31156.360717602194
7106,0.0,31037.393669840643
7107,0.0,30199.934675634875
7108,0.0,27985.00720854134
7109,0.0,23718.19443251895
7110,0.0,20204.560361411273
7111,1.696672713249317,17851.95600086307
7112,62.94908033794336,27937.473400677132
7113,133.7679053534844,38562.920235725804
7114,202.7560618115047,43502.49759771592
7115,259.77462251065595,45344.24001577014
7116,297.1366363859934,45573.35113641712
7117,310.0137477856134,45020.471640679425
7118,296.91863757264554,45987.836986330585
7119,259.499015274133,46732.17379885658
7120,202.11300492341437,45647.325897138835
7121,132.82494177798722,42233.17648020899
7122,61.975863273873806,37065.64447171598
7123,1.1512963729777026,30116.405965634924
7124,0.0,23537.976462309816
7125,0.0,19472.84625147688
7126,0.0,18055.888612319883
7127,0.0,16858.89533723903
7128,0.0,15710.186634421758
7129,0.0,15574.591591610397
7130,0.0,16635.674616051547
7131,0.0,17076.556227692283
7132,0.0,16994.799493280047
7133,0.0,18425.009236286794
7134,0.0,18263.099182495444
7135,1.147130052683997,16563.526770459106
7136,74.94376807294351,19449.82228339265
7137,163.30589874178767,20909.512419273997
7138,248.21289752885704,18824.428539832774
7139,317.40117891757365,16305.485990733117
7140,361.93954693069406,14876.425523807418
7141,377.0226275800705,14674.76544099511
7142,361.0689076614385,15605.77786877135
7143,315.71161756384134,17367.347497002203
7144,246.06461799633496,19652.951531626553
7145,161.1664187809415,21208.172121518022
7146,73.23217883818384,20923.348608367756
7147,0.6999734511830091,18312.075108183508
7148,0.0,15050.050589757164
7149,0.0,13466.108746213362
7150,0.0,13323.614697758347
7151,0.0,13806.999372414097
7152,0.0,15038.575369715269
7153,0.0,15248.990363645175
7154,0.0,14240.546813407047
7155,0.0,12220.235337303586
7156,0.0,9469.614909529804
7157,0.0,8041.705669290983
7158,0.0,5650.080147946514
7159,1.2483557631061606,4112.392187585093
7160,74.57667171936605,6397.297396109005
7161,162.26220038339451,8535.372917191311
7162,246.47476095982557,9027.350308903464
7163,315.09328702512846,9404.290335615256
7164,359.1717319461049,10936.861451438575
7165,374.03747050524464,12874.717626253685
7166,358.1251783025046,14688.260418998565
7167,313.0858911305666,16922.145823966006
7168,243.9781398948071,19844.4488496494
7169,159.7791948163829,22436.552470393603
7170,72.55805899902118,23870.939668402658
7171,0.6968276731367248,22272.703327984997
7172,0.0,18895.648874243107
7173,0.0,15930.17342133158
7174,0.0,13432.302424296182
7175,0.0,11503.752139409033
7176,0.0,10131.4632797223
7177,0.0,8873.143001736615
7178,0.0,7665.534301513744
7179,0.0,6490.012675150067
7180,0.0,5472.690515730949
7181,0.0,5055.235236844825
7182,0.0,5178.3726114271085
7183,1.323550315039545,5582.096647202586
7184,74.42842106453514,5941.822023499669
7185,161.9533246298711,5948.635792922235
7186,245.87532664006724,6072.572203396133
7187,314.06903126606176,6184.321243676841
7188,357.81682162717595,6633.67456290303
7189,372.3937169435167,8060.174957806572
7190,356.52977679387715,11144.606467691525
7191,311.70655102401065,14703.21852291536
7192,242.8790412345452,17878.313488453805
7193,158.9793404745136,21013.261842961085
7194,72.1216139324866,23052.375503851326
7195,0.6870346359894105,22776.94574814339
7196,0.0,20943.769966836815
7197,0.0,18774.725059031385
7198,0.0,15583.604912130533
7199,0.0,13968.19374831475
7200,0.0,13227.283199355254
7201,0.0,12508.148551312283
7202,0.0,11590.113821455298
7203,0.0,10122.1430852116
7204,0.0,9384.72405195014
7205,0.0,9689.246534998556
7206,0.0,10020.400607471682
7207,1.3965284481289015,8734.838663850664
7208,74.22659617731168,7648.640262812597
7209,161.50854811689285,6187.828505067541
7210,245.24063417920647,4771.206375817049
7211,313.3589641006341,4081.365668057231
7212,357.0679871326628,4584.345659758572
7213,371.55242708335817,6213.814683050858
7214,355.48389951789574,8456.768484807117
7215,310.5410230842254,11675.746419572866
7216,241.80572502756104,15332.063917135029
7217,158.19539219204043,19051.71625821389
7218,71.68947587576578,22138.383684096916
7219,0.6856263879262392,22451.879103374926
7220,0.0,21101.971465834107
7221,0.0,19024.826238288588
7222,0.0,16399.185263027965
7223,0.0,13858.3914654383
7224,0.0,11802.058196850392
7225,0.0,9579.447835885334
7226,0.0,8303.07677605496
7227,0.0,7299.661555238977
7228,0.0,6817.887268744227
7229,0.0,7194.394830126819
7230,0.0,8423.117757297174
7231,1.3777052782529176,9065.823397016506
7232,74.58384483536184,11489.764439299264
7233,162.71857383350664,14810.121983780173
7234,247.5037692504127,15776.652287156765
7235,316.6190624149505,15629.454235142566
7236,361.0337449264723,16208.666113466845
7237,375.9552835107221,18202.16726782211
7238,359.8728516502781,21220.62263277539
7239,314.455284599624,24388.88493391248
7240,244.7311562897505,27262.16262729098
7241,159.8720468438642,29672.062335700335
7242,72.127943744117,30239.977733811196
7243,0.6518242712415413,27117.55517189359
7244,0.0,23368.233229712674
7245,0.0,22324.930058536353
7246,0.0,20125.52896351046
7247,0.0,18620.48586612778
7248,0.0,17442.327680237428
7249,0.0,17493.106149148534
7250,0.0,17487.87111677038
7251,0.0,17590.810580102792
7252,0.0,16298.201234677468
7253,0.0,15707.770826289736
7254,0.0,14954.735619311881
7255,1.588175214292881,15156.126623544482
7256,72.97003415404552,16413.664240385995
7257,158.51125389846294,17987.796174393494
7258,240.90728255862345,17469.710018208152
7259,307.94262131001915,17546.09434918797
7260,351.1103765820805,19083.242469126595
7261,365.7284627040164,21219.29455781491
7262,349.995386908177,23285.602704567078
7263,305.762535149255,25099.10820889177
7264,238.0398974512088,26596.078381372783
7265,155.62717021317715,27305.732220743022
7266,70.48476942597287,26544.300850168656
7267,0.7327341023934101,23333.09413259066
7268,0.0,19446.79860863433
7269,0.0,15805.220437880775
7270,0.0,13197.43850969259
7271,0.0,11872.082520634798
7272,0.0,11187.663783945227
7273,0.0,10223.250620974879
7274,0.0,9580.122010809846
7275,0.0,9870.861229328757
7276,0.0,11434.257661523625
7277,0.0,12810.232939476833
7278,0.0,13748.750287766174
7279,1.920425707702159,14009.869116536718
7280,69.87435560869984,17023.493652791694
7281,150.36319475237747,23665.20414561947
7282,228.11738006385383,28240.858080392278
7283,291.98057680913354,32861.109809132075
7284,333.55192226674376,37060.01408217156
7285,347.76210490565984,41384.333332183436
7286,332.88444339211435,44876.14263897122
7287,290.5117787356681,47064.40748744873
7288,225.8314763739343,47079.24611378532
7289,147.69594506491893,45143.79716234369
7290,67.45552845686096,41615.979146096266
7291,0.8774939391901607,35245.52046896019
7292,0.0,28403.612940238905
7293,0.0,27300.770320221545
7294,0.0,26194.105687477673
7295,0.0,28680.607253376525
7296,0.0,29888.116123338372
7297,0.0,28281.30132336511
7298,0.0,26630.828206996335
7299,0.0,27301.78311906674
7300,0.0,28208.53859120256
7301,0.0,28540.162096555825
7302,0.0,28319.401540526767
7303,1.8983740942184943,26149.600299384365
7304,70.3427727536014,25487.18999871533
7305,151.83016529209115,27914.129219412578
7306,230.62541231034976,28418.59500193169
7307,295.3461818883818,28833.471432976767
7308,337.33108443547684,30202.574613820496
7309,351.6453495867234,32097.017557952866
7310,336.4411674327477,33079.633859662405
7311,293.4116585008718,33428.6623127739
7312,228.0286560254347,33286.02801516918
7313,149.07737061628552,32653.06577484795
7314,67.91644844718903,30140.462070910216
7315,0.8723240267709267,24720.749843506746
7316,0.0,21531.564999785063
7317,0.0,20412.936422534134
7318,0.0,19287.721210076143
7319,0.0,18573.425092222253
7320,0.0,18274.08819716802
7321,0.0,17256.600263371416
7322,0.0,16255.605775738733
7323,0.0,16047.845056159218
7324,0.0,16071.37610969442
7325,0.0,16940.7730068516
7326,0.0,18181.955483649916
7327,1.536070986570014,18204.975619560504
7328,73.730053942773,18146.615464088965
7329,161.22969851982216,21441.05522122005
7330,245.33760302488963,22730.84135556817
7331,314.0851764037712,22544.48919616229
7332,358.36285598791795,22430.256506848003
7333,373.2410944879686,21856.887144287135
7334,357.1462365105199,20783.608604412388
7335,311.8482389117996,20388.732850109696
7336,242.4585202072305,20325.83401473095
7337,158.09206055815946,19311.229178380487
7338,71.04807735944885,17129.044812212247
7339,0.717126783873182,15061.557470018006
7340,0.0,14550.936344600444
7341,0.0,15403.12231226126
7342,0.0,16614.1104026064
7343,0.0,17121.44845953536
7344,0.0,17485.356192771003
7345,0.0,16503.55784012299
7346,0.0,15053.308980601461
7347,0.0,13423.672062741043
7348,0.0,11425.140060366859
7349,0.0,9829.989003039482
7350,0.0,9112.055699406115
7351,1.740434603520929,8228.809774131281
7352,72.10734540602176,7706.8856891850955
7353,157.03939207346454,8146.657398858055
7354,238.97421573124467,8107.9155134357325
7355,306.2103225204446,8182.04775550385
7356,349.7139135558263,9170.865297638973
7357,364.0524532837384,11709.12785973631
7358,348.03335683617786,14851.798808980571
7359,303.5626466121062,18822.952650468247
7360,235.88369883877493,22429.64446873807
7361,153.8960529689776,23657.41265277718
7362,69.5142544654255,22477.527442151273
7363,0.8366821901771411,18159.577914245925
7364,0.0,13981.217088137879
7365,0.0,12447.507019826082
7366,0.0,10982.50459575713
7367,0.0,9271.199513004693
7368,0.0,7907.147307553491
7369,0.0,6441.712190666202
7370,0.0,5023.421655592354
7371,0.0,4411.997924206528
7372,0.0,3683.106681276513
7373,0.0,2898.8428601497844
7374,0.0,1949.1273685204505
7375,1.6183533772824843,1401.1514299100345
7376,72.96943648458772,1595.4470370797005
7377,159.67567567393783,2920.8280356998225
7378,243.03414943018328,4226.471192612052
7379,311.0948094140632,5719.605171224531
7380,355.1451760780454,8026.288004266689
7381,369.98344595311687,10950.877532428838
7382,354.1397578055917,13884.09684612874
7383,309.1455739666625,16658.672009372014
7384,240.30746654836452,19774.271785284862
7385,156.69625334732666,21940.53049824145
7386,70.44310007217943,21356.644871600743
7387,0.8101643669520076,19268.66765402569
7388,0.0,17995.997630048587
7389,0.0,16411.49694113911
7390,0.0,16506.97049164295
7391,0.0,17807.002593099456
7392,0.0,19979.329088991137
7393,0.0,21891.869673498415
7394,0.0,25106.87353432385
7395,0.0,29019.56122600234
7396,0.0,32267.662376808225
7397,0.0,31564.4921200621
7398,0.0,25474.160354639724
7399,2.148806415380223,20532.541752099693
7400,67.46477906645192,19084.00767543852
7401,144.98973482320685,19327.54812574367
7402,220.14391747413777,14115.306057096637
7403,282.0744320975447,9268.501937330697
7404,322.3026714543691,6914.9936211101995
7405,335.81699770472306,6327.152254800501
7406,321.012047051849,6876.007329103823
7407,280.0688776695274,8062.392614667393
7408,217.79918138964567,9253.438617460894
7409,142.49631497959578,10523.887860690405
7410,65.30523601879773,11111.399623099696
7411,1.1320066537452522,9688.667522559506
7412,0.0,8214.045652011351
7413,0.0,7289.316157208885
7414,0.0,6978.099111565743
7415,0.0,7249.442067591256
7416,0.0,7959.136598744664
7417,0.0,8363.174909565376
7418,0.0,9045.101148815838
7419,0.0,9606.909389752474
7420,0.0,9132.18771486574
7421,0.0,7318.445802289781
7422,0.0,4580.4978540131615
7423,1.7529214092326602,2811.3519864193704
7424,71.24030104108888,2596.045067353949
7425,155.58521633375148,3075.58645451412
7426,236.82063518211072,3248.768361480362
7427,303.3830504652895,3452.035778740653
7428,346.7646326426817,4452.098713076596
7429,361.6704204351801,5672.633245372658
7430,346.354004894452,6734.005765763079
7431,302.3930424443446,7544.072480449891
7432,235.1217373485592,8245.654419991162
7433,153.3828381547011,8526.54295433249
7434,69.23595508950926,8382.083898130048
7435,0.98217103151145,7797.359693312073
7436,0.0,6854.831319104625
7437,0.0,5279.518468686684
7438,0.0,4018.2621846511697
7439,0.0,3404.1613640001133
7440,0.0,3020.71355945015
7441,0.0,2836.6505127698706
7442,0.0,2727.1487468647365
7443,0.0,2592.049480464217
7444,0.0,2490.8221656544297
7445,0.0,2224.1324558251895
7446,0.0,1751.9857653522959
7447,1.7394207709986538,1021.7219930204586
7448,71.12788831781917,551.5964435708778
7449,155.57372225684858,569.2889039074721
7450,237.14678266750855,440.952569889131
7451,304.1750027716626,410.0083323275647
7452,347.5357897809165,405.73601834703453
7453,362.2585232827649,411.3346344863154
7454,346.6107292123248,449.9062286246918
7455,302.3671625593296,1247.8381555847448
7456,234.86100746838747,2158.2905465295676
7457,153.1588768001561,3033.9917006495753
7458,69.10766103564566,3516.8414105036786
7459,1.0413469817774554,3566.458585707699
7460,0.0,3379.529938508718
7461,0.0,2736.4186877376974
7462,0.0,2190.42693453766
7463,0.0,1721.6013971861812
7464,0.0,1237.297948547342
7465,0.0,871.7300447759233
7466,0.0,653.4573507311641
7467,0.0,446.29646305849826
7468,0.0,446.770397128123
7469,0.0,442.0620527994512
7470,0.0,411.7075288099574
7471,1.4388017287806787,335.8227036634621
7472,72.7942150592071,278.39204079720804
7473,161.13091862043262,244.11923871597614
7474,246.24481735597016,196.16011415253874
7475,315.4591139880157,208.55842307238254
7476,359.6055700678304,275.0062790544224
7477,374.2690966952361,361.37258451335464
7478,358.0853452092155,791.9853383632994
7479,312.57727646871746,2374.1714462257396
7480,243.0367014698864,4342.813293353209
7481,158.2801578455031,6308.819710469477
7482,70.77801910793784,7329.177073839346
7483,0.9283914248521644,8514.801193827188
7484,0.0,9177.249162647136
7485,0.0,8608.507636126982
7486,0.0,7865.971186054798
7487,0.0,7236.372825340436
7488,0.0,6797.210093602886
7489,0.0,6681.951445403784
7490,0.0,7137.181366177476
7491,0.0,7522.519980253757
7492,0.0,7452.398426500593
7493,0.0,7089.150197305578
7494,0.0,6464.218649030009
7495,1.443198332162032,5615.7200568685885
7496,72.16935664394416,4255.52988282507
7497,159.42489499856612,2878.757456477813
7498,243.16232919514317,1619.315824919964
7499,311.3350327996169,967.7248044766078
7500,355.22430906075414,1264.8700957736023
7501,369.97963343760006,2618.4753526580703
7502,354.1609050508248,4752.739345556717
7503,309.3906745635334,7306.2363312666885
7504,240.71833152434053,9671.636453450503
7505,157.02045405619782,11905.043857999299
7506,70.39336000006257,12797.804204476659
7507,1.0105617667096527,12900.84657693594
7508,0.0,11155.763848442659
7509,0.0,9244.97081696642
7510,0.0,8480.511525318556
7511,0.0,8578.673088756905
7512,0.0,8657.983425695053
7513,0.0,8003.226408807217
7514,0.0,7051.37606502597
7515,0.0,6720.362458302887
7516,0.0,6615.291911322241
7517,0.0,6369.808342503593
7518,0.0,5817.961798739379
7519,1.4577350295323956,4982.728470239793
7520,71.4854513057107,4839.837016384076
7521,158.0428434475687,4552.226508518459
7522,241.3917708031016,3537.681959690786
7523,309.49603867702257,2697.088886712062
7524,353.5035884126917,2352.3294182539366
7525,368.3829937937186,2604.587927698933
7526,352.55941974244865,3531.446879788683
7527,307.8127559118718,5626.0092239908845
7528,239.38441198382023,8067.796402870346
7529,156.18953662316838,9956.848653591353
7530,70.17043917125466,10934.743185413572
7531,1.1180309580677408,10212.827509793266
7532,0.0,8542.666960263652
7533,0.0,7333.375568440192
7534,0.0,6192.8217879117665
7535,0.0,4920.033158977727
7536,0.0,4072.9215593386916
7537,0.0,3868.9089099622142
7538,0.0,4887.677603030275
7539,0.0,8107.509720289365
7540,0.0,12256.146480279362
7541,0.0,12729.70452958702
7542,0.0,7629.036373432645
7543,1.241833719384904,2614.0624677608935
7544,72.24054177575502,857.0856808601987
7545,161.1710403155182,767.5459963311131
7546,246.39623455215823,816.0216191782671
7547,315.6853962016938,931.1415011276748
7548,360.30208253053263,1576.512051210584
7549,375.2846248937682,3227.573605526339
7550,359.2328096963984,6426.23340622889
7551,313.88570446157854,9343.934088031521
7552,244.2473623879029,12424.372677594947
7553,159.2479121697991,14269.375926871367
7554,71.11493737474157,14724.895114862808
7555,1.0470421143076178,13283.655794022745
7556,0.0,10672.259724093918
7557,0.0,8724.74553080131
7558,0.0,7948.359832547203
7559,0.0,7303.983856865504
7560,0.0,6551.8574434257935
7561,0.0,5461.871398760599
7562,0.0,3809.730624718355
7563,0.0,2541.2094736554504
7564,0.0,1261.7770037458572
7565,0.0,422.4863165598685
7566,0.0,302.4307585626918
7567,1.258367711495915,180.19976963509072
7568,71.52494922046826,169.50697243118054
7569,159.3573009345048,180.1665772114155
7570,243.54269768964195,219.19502186628273
7571,312.10250026116495,295.54450039704733
7572,356.3283597914563,652.5104281920081
7573,371.2728318562973,2666.6333227984164
7574,355.6031612837692,5773.351915253915
7575,310.8779786349594,8857.0413403733
7576,242.00433746786968,11623.081301084512
7577,157.90509026170258,13189.156467545343
7578,70.71141221661173,13232.331891704758
7579,1.1724008866641795,11671.397355700909
7580,0.0,9013.6807069838
7581,0.0,6890.938536544506
7582,0.0,5230.414235619146
7583,0.0,3852.248995390307
7584,0.0,3051.9020898631693
7585,0.0,2450.4657244456566
7586,0.0,1685.1933645162294
7587,0.0,699.7497167440573
7588,0.0,360.98934730140724
7589,0.0,264.3810538668174
7590,0.0,203.4600649994362
7591,1.1469414471450077,149.10575172265894
7592,71.47246053331057,168.9239445311818
7593,160.05147778909304,220.46439551823883
7594,245.03258741008045,291.5239111541425
7595,314.28560488767226,404.94479474212994
7596,359.0312865017697,1390.756267515181
7597,374.2311714476464,2929.0275115594345
7598,358.383031025663,6282.0837965562705
7599,313.31430949712126,11849.708405513682
7600,243.98714572397063,18565.6379510718
7601,159.22385410676364,20839.035307234153
7602,71.18423798048738,18310.222966861777
7603,1.192372272809783,16772.55727290838
7604,0.0,16489.988235562036
7605,0.0,15454.955990137856
7606,0.0,13920.533709986352
7607,0.0,12994.254867655887
7608,0.0,12012.645862657728
7609,0.0,11046.406829315523
7610,0.0,9972.181928339656
7611,0.0,8963.129510403498
7612,0.0,7516.58443401505
7613,0.0,6584.452718511394
7614,0.0,6873.226316558004
7615,1.217129464739554,7237.093611822498
7616,70.1158511930744,7529.771122422656
7617,156.54444856996557,7798.780166543075
7618,239.8894811661356,7676.450992523853
7619,308.1328425822467,7575.360924240906
7620,352.5459785092001,7950.265499373232
7621,368.06432271186617,8597.620112528828
7622,352.5153271184365,9925.278510623073
7623,308.22957474818304,12577.969850429132
7624,240.12528203011888,14229.636577593243
7625,156.7252597772839,13883.894309775025
7626,70.42893100274964,11846.063257589743
7627,1.4216416144342212,9205.614983690755
7628,0.0,7857.308134822398
7629,0.0,7389.861436143468
7630,0.0,7833.34378850237
7631,0.0,8551.062884441884
7632,0.0,9004.217133857823
7633,0.0,8823.868978390892
7634,0.0,7541.433595524734
7635,0.0,4647.695396181828
7636,0.0,2074.739093148209
7637,0.0,325.64006335146956
7638,0.0,103.27947328143499
7639,1.13435965506972,67.17375953423593
7640,69.91069702451297,197.07703200729193
7641,156.63737127452083,253.8440416767568
7642,240.0423044043584,295.10608499082565
7643,308.1547582573574,362.82323981907905
7644,352.2144413277701,723.5186325880629
7645,367.2893382323024,1877.495718158471
7646,352.03455033451297,3352.168844770068
7647,307.8274752842664,6356.01207332066
7648,239.8139110372736,10077.80374098509
7649,156.69555174613924,13587.901571428407
7650,70.5178003812644,15593.499580139372
7651,1.494807332248535,16521.317896942437
7652,0.0,16437.195276324182
7653,0.0,16005.70978950026
7654,0.0,15375.5255685898
7655,0.0,14512.511322709495
7656,0.0,13522.4557528725
7657,0.0,12707.975003495221
7658,0.0,11621.952872619651
7659,0.0,10117.635551987716
7660,0.0,8921.196447655817
7661,0.0,8333.551441989293
7662,0.0,7979.9207548452405
7663,1.0229778141868244,7690.847695604588
7664,69.77747937547392,7748.201825146722
7665,157.08492139801908,7193.3656426823345
7666,241.14181884582965,6268.33030797503
7667,309.71902829059263,4908.934431783286
7668,354.13372829158857,4456.278636850993
7669,369.604993743422,4897.766406431713
7670,354.23320881531055,6172.1697315128695
7671,309.8137025732668,8095.014203564969
7672,241.3873821520875,11128.798550398378
7673,157.7375248257834,15185.745713212005
7674,70.9188836562248,19328.219534437245
7675,1.5327396313430015,22107.42381602723
7676,0.0,23088.687476009552
7677,0.0,22749.1745084247
7678,0.0,21903.4457500736
7679,0.0,20111.54037868074
7680,0.0,17391.188903604412
7681,0.0,15743.264156107507
7682,0.0,13916.955804795452
7683,0.0,12420.6562624927
7684,0.0,10955.625420687351
7685,0.0,9334.844891161818
7686,0.0,8070.716228650467
7687,1.2322670157840532,6874.988393948898
7688,66.66971775465629,6334.490448223327
7689,147.8202409319046,5112.161664351948
7690,226.21898750891916,3437.5236186542757
7691,290.56223747379914,2405.510193212283
7692,332.5562003726455,2131.2151749846275
7693,347.1562263857558,3018.4008741721746
7694,332.82862302329363,5242.986344627204
7695,291.1484107630316,8430.023941057374
7696,227.03851966037237,12287.642157722345
7697,148.98656254285194,16024.050691762513
7698,68.26040478941286,19447.269892022614
7699,2.124916943973514,21894.438125148376
7700,0.0,22296.43873483563
7701,0.0,20812.19836348918
7702,0.0,18226.019524721898
7703,0.0,15501.796995072227
7704,0.0,12837.533778588824
7705,0.0,10650.044325587964
7706,0.0,9272.826966212624
7707,0.0,8864.47134136721
7708,0.0,8646.401239557623
7709,0.0,8644.892283033563
7710,0.0,8360.151368635507
7711,1.2289959747976873,7751.068612880041
7712,64.8954435723861,7826.214717420508
7713,143.0497549238637,7439.873011342793
7714,218.75584477069657,5695.834850343065
7715,281.12260569010465,3963.619604897143
7716,321.84721547111906,3507.923491097903
7717,336.10016728669905,4685.551188978459
7718,322.39737921696843,7168.971846491973
7719,282.12919809804555,10369.062910175542
7720,220.16708333942796,14069.887063110013
7721,144.7873437634257,17455.6064998758
7722,66.92983439164665,19949.10692885801
7723,2.465500101431501,20411.869897833643
7724,0.0,19298.22296669198
7725,0.0,18256.35474298589
7726,0.0,17493.666281942988
7727,0.0,16971.013267307837
7728,0.0,17085.767298111143
7729,0.0,17436.141244558974
7730,0.0,17591.82999723732
7731,0.0,17555.15251721961
7732,0.0,17345.24972363849
7733,0.0,16919.03731734561
7734,0.0,16171.049728027872
7735,0.9209371248924574,14013.469364606923
7736,66.99983642662416,14819.952079741332
7737,150.56096597865528,14103.35774233183
7738,231.33353712907584,12206.275891121551
7739,297.63973568420226,10832.43962506948
7740,340.9337883596096,10429.64462986631
7741,356.11569277962286,11328.502669106645
7742,341.70010347506417,13528.01922251507
7743,299.1898237153362,16066.478920636664
7744,233.4639780928361,18690.447894209155
7745,153.1153431168813,21240.914553817816
7746,69.83634020616772,22913.487888971562
7747,2.1835267570000894,22309.129547929908
7748,0.0,20282.36381456138
7749,0.0,17665.863350010553
7750,0.0,15945.247608427477
7751,0.0,14172.634341998599
7752,0.0,13045.567152513551
7753,0.0,11970.696183731237
7754,0.0,11056.320588056466
7755,0.0,10184.033596369338
7756,0.0,9742.129846825163
7757,0.0,9275.10067727338
7758,0.0,8581.169322986781
7759,0.8016296381588917,8182.588779770925
7760,66.70375158965669,9213.58207366175
7761,150.59081268807716,9212.353923413302
7762,231.7569200798048,9178.92215327321
7763,298.3960453395779,9577.214716878763
7764,341.8833821191031,10779.354780558113
7765,357.2164376415843,12275.012370110642
7766,342.7853171769999,13934.237418361603
7767,300.1512137546889,15651.382171854999
7768,234.260732289294,17528.16221335346
7769,153.7194195206727,20369.397929378956
7770,70.1858684029885,23471.157806268064
7771,2.288686121027,25402.105667463653
7772,0.0,25472.14795869713
7773,0.0,23785.00515811405
7774,0.0,20940.291631556687
7775,0.0,17998.438641858324
7776,0.0,15881.612919507563
7777,0.0,13988.416955490904
7778,0.0,12735.817171774017
7779,0.0,11931.027050762117
7780,0.0,11869.67252147538
7781,0.0,12239.488073917682
7782,0.0,12225.437400877161
7783,0.8205995731389535,11764.382775063703
7784,64.10491639224625,13231.79109890241
7785,142.98651129019927,12906.825347873144
7786,219.63427371065907,12130.128104418649
7787,282.87376505351904,10612.429440231348
7788,324.36832304051825,9447.335047160128
7789,339.1054447460509,9431.748292834009
7790,325.5431875833423,10816.659953506658
7791,285.1522296296089,13236.005091450586
7792,222.7638249671738,15740.804665594173
7793,146.72560609384166,18379.595282104478
7794,68.05325657637805,20611.52782531834
7795,2.8935816878502845,20474.46441661368
7796,0.0,19428.109441763198
7797,0.0,19053.806809675523
7798,0.0,19358.39778917524
7799,0.0,19160.36804276229
7800,0.0,17733.686613758175
7801,0.0,16856.843476940387
7802,0.0,15282.276610307208
7803,0.0,12896.74509376027
7804,0.0,10400.004692171113
7805,0.0,8535.305339624758
7806,0.0,7468.068588563124
7807,0.5115209114190472,6330.479377764234
7808,66.63128359766695,5070.070853347195
7809,152.6883528062006,3500.4529347605962
7810,235.9435459727076,2981.7875087804273
7811,304.3332458277521,2917.7738059512358
7812,349.11350200029983,3377.510048150601
7813,365.0827215281572,4128.7980980214525
7814,350.54782443227015,4896.984441223618
7815,307.1659013850717,6542.0217335257785
7816,239.84110077632096,8345.886582824236
7817,157.38035502076923,10489.936634019203
7818,71.63147366018451,12258.060044648726
7819,2.3100526682214397,14126.577595880379
7820,0.0,14810.506985749787
7821,0.0,14172.903964916342
7822,0.0,13440.237230349765
7823,0.0,12981.247023256288
7824,0.0,12744.047397429518
7825,0.0,12361.263555138115
7826,0.0,11533.52856570699
7827,0.0,10451.136075594535
7828,0.0,8972.536210958437
7829,0.0,7436.630697446503
7830,0.0,5686.492442404117
7831,0.4460635927257863,3881.246745296961
7832,65.18776440216736,2885.819934548081
7833,148.71591998779525,1718.053464401526
7834,229.5700327352694,827.7755895984538
7835,296.0841365998438,656.5104214815748
7836,339.6913219624649,1564.1426688014535
7837,355.375172484571,3372.6046239143984
7838,341.491459468976,6352.711168517622
7839,299.46453561233955,9138.072016148828
7840,234.18391024589053,12747.52479612883
7841,154.0613011337521,16729.585072313424
7842,70.80547230793955,20140.658119085365
7843,2.727981991262092,19729.487340310006
7844,0.0,17122.11274207543
7845,0.0,15173.214108164948
7846,0.0,13408.229855747602
7847,0.0,11500.872220557345
7848,0.0,9320.425265374657
7849,0.0,8765.414217854592
7850,0.0,8202.430833425224
7851,0.0,7401.239079922961
7852,0.0,6314.063580400425
7853,0.0,4897.517455462557
7854,0.0,3308.4600637944304
7855,0.2872237262165261,2113.750647766163
7856,65.36360880874534,1431.016827902009
7857,150.73342502506983,694.2525170706443
7858,233.35187064424025,407.67963863490206
7859,301.2691677028285,434.47582740488
7860,345.79813319101464,1477.9230893237507
7861,361.84807063192034,3266.5250810329394
7862,347.9288344638052,6379.602431308326
7863,305.28882681890053,9246.957587792394
7864,238.8103015129977,12047.941599785572
7865,157.1042357224996,13793.600278276032
7866,71.9440511638893,14416.675124423531
7867,2.62967150705588,14198.305564093618
7868,0.0,12258.07400826293
7869,0.0,9982.828004312523
7870,0.0,8228.49667366759
7871,0.0,7213.995165983971
7872,0.0,6650.948867099772
7873,0.0,6638.544637370756
7874,0.0,7151.489708060324
7875,0.0,7750.447167602885
7876,0.0,8175.932700918133
7877,0.0,8382.519422079877
7878,0.0,8306.53387636776
7879,0.1772335924493413,7735.282888543245
7880,64.19017180529451,7095.8897101076
7881,147.65221069271692,5909.534559971927
7882,228.68972259420443,4447.214424428527
7883,295.5316149359655,3436.0187413663007
7884,339.55104480179176,3309.25471071895
7885,355.6141021857897,4356.377375992867
7886,342.00792673238925,7009.237482480265
7887,300.2587788343159,10331.035245953026
7888,234.98427743593356,14002.629332031789
7889,154.82802214483868,17646.781165177425
7890,71.38607464225608,20516.090389364264
7891,3.0223932881483457,21708.241998482383
7892,0.0,21547.755831975057
7893,0.0,20698.98873900831
7894,0.0,18919.306211658084
7895,0.0,16351.47762867527
7896,0.0,13714.271482666434
7897,0.0,12486.857871604054
7898,0.0,11760.484144074984
7899,0.0,11187.220039741289
7900,0.0,10824.188739760095
7901,0.0,10388.12433641222
7902,0.0,10054.887324314666
7903,0.0354696270128834,9331.78898945659
7904,63.77088163430555,10934.69686925807
7905,147.39150933566614,10937.457388064686
7906,228.45081225734316,10966.94534608779
7907,295.205688765552,10889.787748784942
7908,338.9256646125496,11569.162115049243
7909,354.6992692939779,13944.431318395733
7910,341.0490992639423,18022.32804770729
7911,299.5189807057343,23914.869985444795
7912,234.77598103278424,30203.049409634914
7913,155.057434973615,36493.7281909147
7914,71.76038438915606,42414.21627639984
7915,3.14450242940988,44208.851938079904
7916,0.0,45916.96806962449
7917,0.0,48077.87597901219
7918,0.0,48636.70777804102
7919,0.0,46115.70279763756
7920,0.0,40461.304922742245
7921,0.0,35240.55526304852
7922,0.0,32148.209748332236
7923,0.0,31365.582871346745
7924,0.0,30593.431543394483
7925,0.0,28309.93923423322
7926,0.0,23848.103349998903
7927,0.0,18529.647152727022
7928,63.31604604896175,20994.13627146994
7929,147.09585640275583,21058.201837418226
7930,228.4488273920468,18757.58758606754
7931,295.4931741320989,16037.70338189099
7932,339.65794206344145,14014.689675722404
7933,355.9717022040712,13312.60217086889
7934,342.76684695288435,13743.14204832917
7935,301.2220545518921,14293.879956553008
7936,236.05345078043496,15338.81734356213
7937,155.69902542249852,16036.638658271648
7938,72.03850429375531,17660.23074296134
7939,3.281309097650357,21795.88132994394
7940,0.0,26784.392023183053
7941,0.0,30477.314639831762
7942,0.0,31012.717858686046
7943,0.0,28972.3569287758
7944,0.0,25943.722909956774
7945,0.0,22443.381767353123
7946,0.0,19340.389362784594
7947,0.0,17260.625735971724
7948,0.0,16603.789627325747
7949,0.0,15973.909036686675
7950,0.0,15751.092764168328
7951,0.0,14875.689939147052
7952,63.601131596096266,18854.389193364532
7953,149.79571098645673,21308.16342373622
7954,233.4467671013816,20532.232994347687
7955,302.45266711438387,18457.650166069026
7956,347.842279312028,16720.1335239247
7957,364.8025962194996,16849.690150324976
7958,351.1121122559085,17835.37761572159
7959,308.6082591432952,19081.137368989537
7960,241.98167277509015,20571.78588834925
7961,159.63893954081786,22993.110190402527
7962,73.54960834404726,24542.898151935948
7963,3.0442181918850357,23612.090144616523
7964,0.0,23061.582750681606
7965,0.0,21768.579276947756
7966,0.0,19835.474574343953
7967,0.0,18425.454563175597
7968,0.0,17470.512483171766
7969,0.0,17659.037637485475
7970,0.0,17867.64778266552
7971,0.0,18812.31150630016
7972,0.0,19343.155058535944
7973,0.0,19345.792203586443
7974,0.0,19884.892035939272
7975,0.0,19476.984149062908
7976,62.77128784137647,20719.38899360042
7977,148.28725397382084,19521.44691576226
7978,231.4943275616276,17864.734474792844
7979,300.2001442866175,16434.607905064622
7980,345.4782827872406,15670.66169020302
7981,362.32681491073447,15993.020489310014
7982,348.95376118146004,17157.88366964432
7983,306.8780670712785,19571.063470118872
7984,240.83272691398608,22521.610141201098
7985,159.1432764764321,24951.540142475224
7986,73.66924250141516,26672.523162429916
7987,3.281739624113726,27623.679670557853
7988,0.0,27573.37891042734
7989,0.0,26712.307885953214
7990,0.0,24734.02492953441
7991,0.0,22692.42762907992
7992,0.0,21094.54865100506
7993,0.0,18195.072073059677
7994,0.0,16224.114386875119
7995,0.0,16633.548763659714
7996,0.0,16733.757814553275
7997,0.0,16947.52164213306
7998,0.0,17523.27270748286
7999,0.0,17462.034568777348
8000,61.96619951151357,18978.251365712727
8001,146.71285542237558,16519.523268238572
8002,229.25747582761176,13517.053120647683
8003,297.5158307604518,10956.575761697457
8004,342.5136534240329,9254.47728036878
8005,359.31854148977413,9203.190661108838
8006,346.27592281237213,10664.097422907005
8007,304.78921143308656,12671.027495401833
8008,239.41666498741571,15335.325811035093
8009,158.51179200187875,17864.71964314308
8010,73.78809970497245,20038.691347198997
8011,3.591283512242098,20349.86556284492
8012,0.0,19540.920563758675
8013,0.0,19576.206380034753
8014,0.0,18676.285206466764
8015,0.0,16809.272165504248
8016,0.0,15650.191852738568
8017,0.0,13714.768321759244
8018,0.0,11509.501401983996
8019,0.0,9346.711617357732
8020,0.0,13779.036248114264
8021,0.0,13818.154416239946
8022,0.0,13529.390313410637
8023,0.0,12315.849336787385
8024,61.70820572718552,11087.315642779473
8025,147.10096597148012,9028.678883333132
8026,230.3509009251112,7877.702064153384
8027,299.1473428435586,7158.197507116052
8028,344.5749083313012,6940.933614872388
8029,361.5858496960475,8092.434509255834
8030,348.5873126857419,10594.264184812067
8031,306.9617244129188,14113.016573018447
8032,241.26855610029787,18087.221182147732
8033,159.8715926936277,21978.244284346085
8034,74.53009080880335,24062.142633047206
8035,3.666314811424708,23212.93565965166
8036,0.0,21368.265816672687
8037,0.0,18914.066343978426
8038,0.0,16694.314969918923
8039,0.0,14589.527429752214
8040,0.0,13195.620911433969
8041,0.0,12238.98701052151
8042,0.0,11435.060101461126
8043,0.0,11055.294224017623
8044,0.0,10249.76878921507
8045,0.0,9652.208564800172
8046,0.0,9338.881980559874
8047,0.0,8759.615893190576
8048,61.15618087900164,8646.881021469959
8049,146.56782283567935,7688.767045333147
8050,229.7545369337896,6534.017140401146
8051,298.5707254906392,5541.537194792794
8052,344.1579169071874,5368.531827644948
8053,361.3986354618181,7266.463345367621
8054,348.8073489253395,11237.71016476898
8055,307.33797357469746,16040.596684978502
8056,241.64142264955944,21017.506881261394
8057,160.29652671861749,25276.369548682014
8058,74.93200047784384,28296.60800215365
8059,3.809222351810021,28507.58844585006
8060,0.0,26797.897386489378
8061,0.0,25090.140063277464
8062,0.0,23194.851401563963
8063,0.0,20247.340770705392
8064,0.0,16983.646138307955
8065,0.0,15071.336077893553
8066,0.0,14348.198026097236
8067,0.0,14246.215756024705
8068,0.0,14799.642523405075
8069,0.0,15462.286353955345
8070,0.0,15772.792949218676
8071,0.0,15526.932491437978
8072,60.16581147859287,18983.024467372255
8073,144.30405108898162,18790.79639361335
8074,226.50126572490225,17646.875076527143
8075,294.8215713230022,17461.70586452248
8076,340.3092512394787,19398.4958455099
8077,357.8676941411453,22467.728577889848
8078,345.7548871608448,25527.516357038116
8079,304.8864656269172,28037.417606522034
8080,239.93841773238648,29430.43359376437
8081,159.43688026366692,30346.285121007273
8082,74.98744275667708,29984.341675352476
8083,4.198503767068847,27756.55263262529
8084,0.0,25084.864172737543
8085,0.0,23535.764933867093
8086,0.0,22487.706663303663
8087,0.0,21770.61587911614
8088,0.0,20417.18646094501
8089,0.0,19280.250395874715
8090,0.0,18015.280768330467
8091,0.0,16866.53287120492
8092,0.0,16345.45894803496
8093,0.0,15808.706928242871
8094,0.0,15482.375387970445
8095,0.0,14985.401585554771
8096,60.154116957923165,15776.881668249964
8097,146.7399857992586,15204.791355097605
8098,231.33891430605823,15316.357391752015
8099,301.53684678029515,15439.395424514916
8100,348.2068945759086,15834.05027915415
8101,366.1439522174519,17017.816919176523
8102,353.6763898078622,19687.01342442638
8103,312.0081498969183,22982.694539003816
8104,245.7512363420623,26370.16034481675
8105,163.29139981446733,29887.88290078671
8106,76.47344341916784,31851.265192638104
8107,3.8244599983937553,29719.34142105095
8108,0.0,25883.056116819662
8109,0.0,23181.276300731708
8110,0.0,18960.392177774793
8111,0.0,14905.827301720139
8112,0.0,12622.950015778888
8113,0.0,11292.014234836908
8114,0.0,10602.795472661932
8115,0.0,10916.91859946656
8116,0.0,11293.32704146874
8117,0.0,11866.423109989242
8118,0.0,12005.336636978725
8119,0.0,10726.07576124629
8120,59.61099456981854,11752.149771443139
8121,146.49068831263017,10312.421008548248
8122,231.37734402196992,8746.795757967984
8123,301.8855017945661,8162.163890074199
8124,348.8040837462951,8462.39546511199
8125,366.90251758208353,10582.358736936145
8126,354.5901679905479,14707.573190503621
8127,313.20901020158215,19466.24031427601
8128,246.92961983011276,24148.492562013318
8129,164.20986591024587,28223.343666254736
8130,77.02052475994583,30770.470417112054
8131,3.871329092692221,30176.20157021516
8132,0.0,28251.408550102147
8133,0.0,25008.468089136873
8134,0.0,22021.105613759133
8135,0.0,18160.789488498718
8136,0.0,15297.402200598954
8137,0.0,13969.35351712768
8138,0.0,13090.194180154296
8139,0.0,12608.735734687478
8140,0.0,12421.868664765854
8141,0.0,12879.006627208764
8142,0.0,13414.308781584477
8143,0.0,12082.184770554875
8144,58.622259231072576,13918.886296834582
8145,143.7846216039871,12960.71685719029
8146,227.00344783613048,10592.810534540291
8147,296.2189119134358,8890.771463591613
8148,342.46212183988774,8987.280691146956
8149,360.4641427949956,10345.74319799164
8150,348.60645971149347,12633.94339576567
8151,308.0407957687933,15433.067078468217
8152,243.1034476387553,19493.474318919114
8153,162.1456143276279,25082.516224095867
8154,76.75391848627883,30852.73495898058
8155,4.436396295134196,34006.93537955604
8156,0.0,33889.47717123022
8157,0.0,32933.177793565155
8158,0.0,31160.442396434737
8159,0.0,28331.040570540517
8160,0.0,25405.465614033477
8161,0.0,22340.183584439867
8162,0.0,20134.52943759823
8163,0.0,18742.985493017866
8164,0.0,18131.61640172604
8165,0.0,17459.72347206019
8166,0.0,16468.9028524133
8167,0.0,14313.929604050398
8168,55.41295852470228,13877.570947745664
8169,131.10207006274115,10861.222505101096
8170,205.7376676123473,8334.856129608701
8171,268.37316407758647,6905.131717200639
8172,310.631702119018,6691.4300272574865
8173,327.49225592463466,7992.624119166629
8174,316.92416406435547,11259.569209312118
8175,280.1896336479731,16067.97628025707
8176,221.64415466747823,22235.113131386806
8177,148.9610109844495,27346.3717623636
8178,72.6506670675199,30021.83730268439
8179,6.651589916449455,28987.86740988466
8180,0.0,26803.499859423016
8181,0.0,24613.158278677627
8182,0.0,22664.410798234177
8183,0.0,20653.529691169373
8184,0.0,18205.69522635439
8185,0.0,16095.149633456684
8186,0.0,14235.95255729316
8187,0.0,12402.55602284781
8188,0.0,10606.24329041309
8189,0.0,9408.543098283413
8190,0.0,8897.442073887769
8191,0.0,7997.4259568943235
8192,56.97796874490919,7214.075069716925
8193,140.2351500421044,6022.771625470908
8194,222.0518151640517,5132.895703823254
8195,290.4787742975649,4329.285219628592
8196,336.56842977636046,4530.931162938569
8197,355.03829504791366,5970.9561021116415
8198,343.76733976283515,7727.728842135424
8199,304.0297550742194,9953.936139940633
8200,240.2848162596948,13108.736666490915
8201,160.79754336923884,16261.972546194853
8202,77.02266942269951,18121.09674068942
8203,5.290143335540543,17580.325063531498
8204,0.0,15450.298628740857
8205,0.0,13624.30149249604
8206,0.0,11622.249644140973
8207,0.0,9456.061955726125
8208,0.0,7863.335285388814
8209,0.0,6961.394934889874
8210,0.0,6210.3046732867915
8211,0.0,4754.056992488298
8212,0.0,3324.7038484870054
8213,0.0,2242.5636555906603
8214,0.0,1285.6810766144931
8215,0.0,613.770622723005
8216,56.094094610843015,537.9749042436525
8217,137.7970327672976,430.3420632175599
8218,218.18466195488827,352.86827231509125
8219,285.5348478241582,302.3769059777186
8220,331.05550163886727,394.09659867525005
8221,349.401846037632,1745.1994342617218
8222,338.61321811097264,3626.688277814879
8223,299.7425246901814,6542.676466513083
8224,237.20962152235933,8772.585644023007
8225,159.14431647592374,10844.297579314994
8226,76.82796705431745,11991.296604014353
8227,5.904193479721948,11512.340327045224
8228,0.0,9930.369318407187
8229,0.0,8614.428938283865
8230,0.0,7562.311707079606
8231,0.0,6817.229940429139
8232,0.0,6011.046601330125
8233,0.0,5387.746706363936
8234,0.0,4606.082950894289
8235,0.0,3548.6980693399305
8236,0.0,2897.02933642699
8237,0.0,2423.2896699939974
8238,0.0,2081.974039248877
8239,0.0,2008.5765630457752
8240,55.80963258016822,2275.047799791856
8241,139.00140507075656,2004.8686700207943
8242,220.93375788259397,1486.805319344982
8243,289.5902283554436,1408.637254920217
8244,335.9877908435082,2141.0287920223022
8245,354.74468258839784,3484.702158978209
8246,343.8450013871748,6375.829910695582
8247,304.4733351912676,9065.806854377954
8248,241.0737903578812,11758.461425037365
8249,161.8175387652134,14456.625582743287
8250,78.07892710077952,16373.686572607796
8251,5.692386145801929,16498.324866227387
8252,0.0,15288.170932363886
8253,0.0,13417.031446769675
8254,0.0,11410.962576191321
8255,0.0,9357.97731531699
8256,0.0,8004.447584812354
8257,0.0,6520.559004618616
8258,0.0,4858.410521053468
8259,0.0,3565.5988534729763
8260,0.0,2929.6669252058073
8261,0.0,2487.47149349287
8262,0.0,2303.4293953774445
8263,0.0,2339.1752825088
8264,55.08419024377776,2988.9507141021986
8265,137.70912309683123,3428.3495905426603
8266,219.18893649945264,3309.064430335127
8267,287.6928970115497,3241.497502215586
8268,334.1786139790283,4024.514434655206
8269,353.1180544265841,6295.013214924703
8270,342.4714376429022,9355.232952851256
8271,303.4443332153216,13594.197048025484
8272,240.4777239326806,17532.567526924984
8273,161.68633678469993,21507.542820550727
8274,78.38841681296022,23621.475502143625
8275,6.025132176952683,23442.643013283305
8276,0.0,21966.27598450447
8277,0.0,19788.336601987863
8278,0.0,16450.15251719034
8279,0.0,13704.620526461398
8280,0.0,10804.60537395926
8281,0.0,8267.021859975443
8282,0.0,7512.455035341417
8283,0.0,6867.160255507318
8284,0.0,6423.292104417184
8285,0.0,6208.091962128433
8286,0.0,6015.18499076338
8287,0.0,5788.800934195165
8288,54.57034874903475,6730.212612767333
8289,137.9124430388207,7392.164936137977
8290,220.1761413456965,8350.505470966398
8291,289.38117951450505,10008.384906104564
8292,336.34222950482655,12778.669749688444
8293,355.645068361564,16005.555956558694
8294,345.31185920804427,19723.244279491657
8295,306.22014380156764,23609.385234886486
8296,242.86562716217537,27480.996482031245
8297,163.43784883137053,31334.46675157633
8298,79.32542159191708,33004.343098439116
8299,6.0226991444751645,31415.247470458293
8300,0.0,28148.55916058384
8301,0.0,25511.662999311542
8302,0.0,23328.052851200533
8303,0.0,20008.21435064727
8304,0.0,17500.479753840908
8305,0.0,17429.109042759235
8306,0.0,17461.755449245928
8307,0.0,17440.427392395573
8308,0.0,17439.650499410578
8309,0.0,17516.60785725597
8310,0.0,17561.243795701885
8311,0.0,16938.931052728618
8312,53.62301655656144,19956.600179322566
8313,135.2331544958939,20370.778039481665
8314,215.9794498404684,19841.830705903016
8315,284.0053992535617,19674.94359734302
8316,330.2532228278585,19817.100952791567
8317,349.3389874583518,21143.48583628802
8318,339.31316802042903,24150.313551725667
8319,301.1346516362953,27656.82038840361
8320,239.19412042586265,31208.932104012663
8321,161.47821632861636,34400.3855183329
8322,79.09904067015478,36376.663273864324
8323,6.730540197852464,35701.01213811158
8324,0.0,35148.14696441194
8325,0.0,34664.60422935317
8326,0.0,33551.62213891698
8327,0.0,30339.007679187467
8328,0.0,26507.712089518463
8329,0.0,23753.821555344803
8330,0.0,20207.698147686027
8331,0.0,17687.65761066597
8332,0.0,15697.602718883267
8333,0.0,14598.309176691428
8334,0.0,14156.252213812519
8335,0.0,12876.558474192163
8336,53.51237338905697,12009.128265473046
8337,137.57700386623026,9268.725676489716
8338,220.7373730649923,8015.682117481893
8339,290.7004695597292,8002.443229817861
8340,338.2691955859827,8713.357586781123
8341,358.0169038285398,10545.69285407893
8342,347.8987696081327,13397.507583641564
8343,308.93955147180685,15845.389162846159
8344,245.45900208349371,18273.534597648686
8345,165.63037556591328,20259.8141643086
8346,80.8248231759678,21190.552550771805
8347,6.192710770112878,19493.48436574361
8348,0.0,16773.950938759284
8349,0.0,14493.629801091975
8350,0.0,11903.120482254792
8351,0.0,9663.14483364065
8352,0.0,7804.866955417469
8353,0.0,6305.304415217764
8354,0.0,5180.038805758099
8355,0.0,3873.300485807696
8356,0.0,3249.6799214858943
8357,0.0,2798.70940197698
8358,0.0,2242.261864011868
8359,0.0,1322.5059196861382
8360,52.41201876052287,498.68656998051296
8361,133.18052702175893,285.7503518224737
8362,213.03034063008656,125.27175298554585
8363,280.3767895115237,14.237184842795015
8364,326.22864928966425,58.1550338856134
8365,345.29467985986224,304.6100860557477
8366,335.6820306238804,2221.230764876333
8367,298.4099608890559,6498.912580727554
8368,237.60208189648355,11777.137852318348
8369,161.04506150324627,16905.474317904478
8370,79.67742672590458,21738.047872346404
8371,7.437235852175452,23235.82961691909
8372,0.0,23050.962676302206
8373,0.0,22223.892516346892
8374,0.0,20573.618338701264
8375,0.0,17638.059195114307
8376,0.0,14050.256373331651
8377,0.0,11061.436067536843
8378,0.0,8523.842268036211
8379,0.0,6194.3895899695035
8380,0.0,3944.5299299235962
8381,0.0,2604.680267412617
8382,0.0,1455.9579047950556
8383,0.0,533.1426055570739
8384,51.8039493161967,777.2891580120025
8385,132.88520373342658,724.4794872187067
8386,213.3612810940272,398.38406342220827
8387,281.54731485107845,313.6615825925793
8388,328.0960613441117,360.66665071538887
8389,347.815731810614,1333.246192264769
8390,338.6080974596712,3217.746259416854
8391,301.2829675418276,5864.9292058286055
8392,240.0048390189493,8869.276518494315
8393,162.64151063740763,12109.595456225641
8394,80.54193270868838,15253.679995744675
8395,7.525735806601382,18079.779086621784
8396,0.0,19743.169735430365
8397,0.0,20050.368044136987
8398,0.0,18330.67091032983
8399,0.0,15533.853035186463
8400,0.0,13720.699069228896
8401,0.0,11562.455066500925
8402,0.0,10342.799526949946
8403,0.0,9340.072190435814
8404,0.0,7930.469581506482
8405,0.0,6439.830062366222
8406,0.0,4642.293534446956
8407,0.0,3922.5224220058813
8408,50.83699088946565,5821.406853083659
8409,129.66431239073307,6672.035057510046
8410,207.9893271405527,6343.04240752981
8411,274.3901820325518,5735.753984947739
8412,319.8662737643507,6049.166190960631
8413,339.1590768637911,7655.416734586274
8414,330.1803362419504,10213.282296459867
8415,293.88545036091136,14459.511394230203
8416,234.4459270994831,21406.34026429642
8417,159.57266247342378,30018.845002088674
8418,79.8946492576749,37544.499334094464
8419,8.436183430200177,41643.282143149096
8420,0.0,42252.08633716801
8421,0.0,40186.331589965994
8422,0.0,36833.14786596732
8423,0.0,31888.145134184037
8424,0.0,27197.694961851408
8425,0.0,22235.994872979525
8426,0.0,17022.335718272396
8427,0.0,13864.733625182766
8428,0.0,12059.38535610064
8429,0.0,11986.36278027136
8430,0.0,13156.718528237268
8431,0.0,14361.145372397445
8432,50.956361342178326,20527.21335934171
8433,134.16338281486713,21882.675943227172
8434,216.76151504768765,21608.534131077427
8435,286.6565780145415,21478.452982003448
8436,334.61978962219234,21681.90351015794
8437,355.123948477692,23452.861363585736
8438,346.04051693902977,26265.78816447793
8439,308.257020439186,29647.66218285207
8440,246.03000669567712,33924.72835529525
8441,167.13390949993902,38484.57569975299
8442,82.94512376558886,42740.2033276668
8443,7.219264990416702,43361.61177882468
8444,0.0,41632.14084719759
8445,0.0,37950.2664570061
8446,0.0,33501.97015685851
8447,0.0,28917.146861011523
8448,0.0,23876.212215724572
8449,0.0,19475.599711832438
8450,0.0,15572.91589043037
8451,0.0,13496.490447172933
8452,0.0,12467.614734565968
8453,0.0,11956.749516272426
8454,0.0,11867.652365605014
8455,0.0,11829.189654653515
8456,50.30626330272139,15245.904463215787
8457,132.94773367362666,16396.840659021822
8458,214.99555601448364,16971.880360776177
8459,284.4217897002434,16979.418268891597
8460,331.99396725082937,17648.67975479391
8461,352.3274255634153,19668.056562989605
8462,343.38468118693504,22055.397047048467
8463,305.9515886841747,24360.978849126604
8464,244.3732194434257,27150.726408502378
8465,166.3897247988833,31695.119407154336
8466,83.08089944429956,37414.56717943947
8467,7.631135149050142,41944.597788217645
8468,0.0,42163.63570841248
8469,0.0,38587.444453333366
8470,0.0,36109.6911892075
8471,0.0,32532.524748770764
8472,0.0,28067.81404733559
8473,0.0,23675.765421285356
8474,0.0,19316.47275027706
8475,0.0,15702.275664829316
8476,0.0,12751.83236753246
8477,0.0,11846.109386172373
8478,0.0,11789.3335307512
8479,0.0,12526.427558684576
8480,49.51894109244191,18377.42715705953
8481,131.09425485740638,20964.783950699533
8482,212.4095928407118,22526.741182624057
8483,281.5442146496611,23892.22877984461
8484,329.2758941374187,25965.08738077435
8485,349.94795031599455,28325.09314728085
8486,341.45433580114803,29996.75229746037
8487,304.561517367332,31759.783088054013
8488,243.5111122056664,33974.217261334765
8489,166.0910040822508,36614.42727059447
8490,83.39308493668086,38785.58031451672
8491,8.22511838070185,38301.78934546752
8492,0.0,36673.54401386642
8493,0.0,34680.77318080551
8494,0.0,31831.33734914979
8495,0.0,27894.331610863534
8496,0.0,23699.742649677333
8497,0.0,21347.797911892438
8498,0.0,21543.035047085563
8499,0.0,20767.36490465643
8500,0.0,20013.797104190744
8501,0.0,21579.684194852787
8502,0.0,23140.061523517823
8503,0.0,24624.67283352508
8504,49.07161433329341,29478.800912297746
8505,132.30836498963387,29498.533659394747
8506,215.3807420837423,29596.996348276873
8507,286.0711478149952,30737.355649502173
8508,335.0573335381774,33053.77447759044
8509,356.4660113615197,34655.64802265157
8510,348.1099047500251,36095.692037036904
8511,310.8024561641584,38126.91471154752
8512,248.69977776217843,40074.100624770246
8513,169.71715723556426,41684.64411876246
8514,85.08339196780247,41877.52165705222
8515,7.791175044323617,40675.04630739083
8516,0.0,40773.600558332866
8517,0.0,39474.415735500064
8518,0.0,37426.5099148716
8519,0.0,35951.60346557734
8520,0.0,34415.74744527862
8521,0.0,31931.105156280162
8522,0.0,29814.757218972343
8523,0.0,28417.89329227564
8524,0.0,27688.30289870677
8525,0.0,28274.64811422332
8526,0.0,29557.442668438045
8527,0.0,30743.927264770307
8528,48.60356011219473,36498.16325117342
8529,133.3383204986339,35301.10545030044
8530,217.9399669363465,33231.26784154454
8531,289.90533991583567,31884.789705444306
8532,339.63274774046647,31338.11445102802
8533,361.3869702039578,30896.56760255661
8534,352.94980531184603,30915.632456613745
8535,315.17930314434267,31814.295298601293
8536,252.35146672513343,33208.44729568891
8537,172.3195008706082,34751.2147996482
8538,86.44844861584927,35237.626059474904
8539,7.411089960129901,32403.101712765376
8540,0.0,28720.549864184253
8541,0.0,25340.74242155763
8542,0.0,22144.18121039269
8543,0.0,19882.47516690365
8544,0.0,18233.134825843386
8545,0.0,17624.432855311163
8546,0.0,18072.101752397244
8547,0.0,18508.282590725437
8548,0.0,19296.525063487887
8549,0.0,19122.847972137075
8550,0.0,17819.565855425255
8551,0.0,15921.223091487342
8552,47.95872097611917,19081.48298986796
8553,131.19852428712127,17942.970954200257
8554,214.4524041248961,16192.892878916247
8555,285.4772526893866,15254.371700099979
8556,334.64900510680616,14652.956181247719
8557,356.2989405517548,14808.2142200875
8558,348.2439766172935,15689.026158188615
8559,311.29357351111,16820.198090448757
8560,249.5245254046492,18129.102102184606
8561,170.7659114264586,20507.65647621481
8562,86.30719235763294,23397.00010379852
8563,8.239103024301729,25428.77078272852
8564,0.0,26335.122594213073
8565,0.0,25486.931823567018
8566,0.0,23308.66977673678
8567,0.0,20791.30289620781
8568,0.0,18084.82029210277
8569,0.0,16891.259008583525
8570,0.0,16511.208004591288
8571,0.0,16440.749067487945
8572,0.0,16529.413530717924
8573,0.0,16527.58313655319
8574,0.0,16627.44719700947
8575,0.0,16095.980251974152
8576,47.23849676832195,20582.726845782265
8577,128.99091754509865,20828.551935449723
8578,210.88417180886043,20149.267942806735
8579,280.8097290221909,20024.11229023345
8580,329.406439814575,20949.66386279615
8581,351.0436584069839,21852.332329109984
8582,343.40032318193306,22430.287991286503
8583,307.2345844880996,23381.607084605414
8584,246.64967516028364,24484.577994995383
8585,169.26550451509144,25718.138045380747
8586,86.20127729287664,26384.058259741767
8587,9.082906541698476,24755.488853860745
8588,0.0,22248.971724388215
8589,0.0,19886.230267223324
8590,0.0,18068.869726026915
8591,0.0,15791.429115461066
8592,0.0,14435.755753761725
8593,0.0,14108.55265784046
8594,0.0,13972.420863184969
8595,0.0,12803.649494974026
8596,0.0,10504.374560126229
8597,0.0,9386.073063385851
8598,0.0,7802.104552406942
8599,0.0,5288.092705703561
8600,45.85592107620974,4364.8879561221775
8601,121.87385590754091,3150.304521278484
8602,198.3557812585833,2689.98128164732
8603,264.02823269287023,3137.4987252806272
8604,309.8585811480461,5034.655497020027
8605,330.3912313565268,7544.39190120833
8606,323.47739847907013,9876.355422386907
8607,289.56862218828024,13206.893254640878
8608,232.7417391571657,16833.3332343758
8609,160.45187193276516,21208.422610334317
8610,83.12446554075837,24354.346035668143
8611,11.394771256443876,25267.45114691003
8612,0.0,24677.538487703194
8613,0.0,23081.01639660622
8614,0.0,21329.368383007815
8615,0.0,18472.543702059484
8616,0.0,14777.010400446903
8617,0.0,11364.868651770183
8618,0.0,9294.017798947662
8619,0.0,10458.406414897525
8620,0.0,9156.976510036338
8621,0.0,7537.4858866078985
8622,0.0,7719.499879369687
8623,0.0,7610.037458565005
8624,45.53452827315857,13252.923676698003
8625,123.35469137677435,15265.857797528159
8626,201.74883434256077,15148.367157479877
8627,269.1936778173584,15197.530215540954
8628,316.4287659599759,15600.168386233287
8629,337.8039990109416,16972.85876792919
8630,330.92600587245386,19998.954740449455
8631,296.3997267347059,23391.289082577045
8632,238.41453628325195,26402.297527703162
8633,164.46453775945284,28956.704553140768
8634,85.1010634692765,29833.658640154954
8635,10.982211080969382,29194.24940001106
8636,0.0,26720.03318859709
8637,0.0,22783.27099533694
8638,0.0,19148.90885236882
8639,0.0,15847.628160669514
8640,0.0,13279.357989218654
8641,0.0,11414.770908859371
8642,0.0,10342.835943116388
8643,0.0,9391.321404612518
8644,0.0,8339.220840856678
8645,0.0,7467.538966466104
8646,0.0,6834.333757404711
8647,0.0,6468.759194786475
8648,44.78834509825732,7954.140581576303
8649,120.69932841247336,8447.160448528033
8650,197.1903331359561,9396.08429371164
8651,263.01214017697055,10760.257487540084
8652,309.1737959839393,12286.013797706431
8653,330.0663750155858,14065.727748219151
8654,323.46828067184794,16568.571129196564
8655,290.1328782999787,20292.730846849045
8656,233.7443151603359,23583.199639663402
8657,161.67015180188037,26213.662118256303
8658,84.32504061536962,28887.117588547302
8659,11.92422556801314,28881.586240050798
8660,0.0,26352.327832279054
8661,0.0,23861.51655825809
8662,0.0,20373.71559577429
8663,0.0,16783.0877423852
8664,0.0,13095.576592784766
8665,0.0,10246.673026765262
8666,0.0,8650.439844102766
8667,0.0,7157.449446852354
8668,0.0,5328.073501246678
8669,0.0,3580.009073392217
8670,0.0,2775.8500449234966
8671,0.0,2615.9314122215505
8672,38.12117723517863,4232.242212012997
8673,94.1767991885814,6602.317178765699
8674,151.51361576094516,8054.969478684457
8675,201.64047562223445,7970.9653801652585
8676,237.15693676713332,7269.10602098685
8677,253.33479654066855,7434.130256209513
8678,248.3218153881289,9357.557498039954
8679,222.67281216213863,13872.845846252323
8680,179.7993002853515,19450.21664143501
8681,125.60110170671264,25649.909276485712
8682,68.11278186815179,32448.276765838862
8683,15.55657682731808,37268.71991805272
8684,0.0,38484.55336922806
8685,0.0,36416.16261307484
8686,0.0,31958.92117868517
8687,0.0,25685.375465893587
8688,0.0,18132.69030616996
8689,0.0,12354.365546051144
8690,0.0,8298.02320687134
8691,0.0,6718.1271693271
8692,0.0,6430.669644534957
8693,0.0,6336.2758573564015
8694,0.0,5833.996970437195
8695,0.0,5679.477360603921
8696,37.9486484440843,6708.252617954728
8697,94.5582965604734,7762.693603195242
8698,152.5043427372443,8474.554178856959
8699,203.28441536761477,8028.3079294602485
8700,239.63397018986635,7686.12695850246
8701,256.55336609488853,8523.790254538308
8702,251.83005129499207,10739.794740807592
8703,226.01131143526783,12709.879395748727
8704,182.4952058022008,14498.300923149682
8705,127.48099579286402,15505.160308166054
8706,69.14613935983735,17078.10284697159
8707,15.885259057560006,20523.42581000225
8708,0.0,22591.518430089076
8709,0.0,21692.132687098918
8710,0.0,20443.96532743065
8711,0.0,20049.823196684018
8712,0.0,19557.767212948165
8713,0.0,17486.10106153931
8714,0.0,14805.31616496127
8715,0.0,12401.3792864084
8716,0.0,10738.090566604149
8717,0.0,10188.022989878998
8718,0.0,9523.467938826054
8719,0.0,9157.53723281259
8720,39.455440927744384,11467.650679850334
8721,101.01050461388728,10720.547336754751
8722,163.90341994582676,9685.278008928464
8723,218.6995860831437,8531.207873615727
8724,257.6988038318886,7928.26367891231
8725,275.816145895863,8983.939649506468
8726,270.97286227652535,12900.932919338187
8727,243.6347329914791,18964.35493611612
8728,197.1655077189134,24508.241150924743
8729,137.75103247957983,27546.614612873567
8730,74.39864969903054,28081.005373825814
8731,15.979795238632503,26339.10658058525
8732,0.0,23263.20763606018
8733,0.0,19093.9904652639
8734,0.0,15451.644490481092
8735,0.0,12341.722857548948
8736,0.0,9890.2084745932
8737,0.0,9155.25330073414
8738,0.0,9306.682686512067
8739,0.0,9383.407017011017
8740,0.0,9093.585605912385
8741,0.0,7781.0240767227315
8742,0.0,6595.542898011295
8743,0.0,6802.616860725367
8744,41.441760111835066,9145.970084670525
8745,110.9442242543048,11496.132692687655
8746,181.60731573807277,13771.551636402906
8747,242.97072650527988,15856.051210373624
8748,286.5661035010647,17939.970845811502
8749,306.8765078445778,21837.535836187417
8750,301.5577259050116,26852.454702272476
8751,271.21717443897,31964.060463223286
8752,219.5136433451781,36098.14462858222
8753,153.18864073249964,39369.817746293316
8754,81.96471478821199,40389.0975151775
8755,14.994960859773805,39076.117326786574
8756,0.0,36275.31702015843
8757,0.0,33313.01657410512
8758,0.0,29940.314509768556
8759,0.0,26654.783808988897
8760,0.0,23230.690115418387
