Periods,Solar PV,Wind
1,0.0,7587.253601769407
2,0.0,8317.480356034239
3,0.0,9047.707110299078
4,0.0,9993.29632031927
5,0.0,10963.12872832725
6,0.0,11932.96113633523
7,0.0,12902.793544343218
8,41.19262339490442,13872.625952351198
9,162.7531699697041,14950.217516804509
10,247.0281025456316,15920.049924812492
11,310.93706684902986,12040.720292780567
12,342.6588656265718,10639.851258991263
13,360.00799193176954,8642.025580151947
14,344.4145287388305,8074.07143794596
15,290.68181917621325,6938.163153533998
16,64.71037267781148,6370.2090113280165
17,57.419767509079946,6370.2090113280165
18,39.5354547172575,3326.411511068373
19,9.732356137281418,2048.5146911049164
20,0.0,2367.98889609578
21,0.0,412.12619906962226
22,0.0,0.0
23,0.0,152.23646881911748
24,0.0,18161.37982725263
25,0.0,24621.858194845674
26,0.0,10639.851258991263
27,0.0,4747.482890739503
28,0.0,2367.98889609578
29,0.0,816.2570432830095
30,0.0,496.78283829214564
31,0.0,816.2570432830095
32,43.28478290121627,8642.025580151947
33,157.34973220976164,12040.720292780567
34,246.0118682486132,15057.976673249845
35,302.27290652389865,12795.034387897882
36,342.36137945661983,8642.025580151947
37,362.0964165786186,4747.482890739503
38,346.7344915516885,3326.411511068373
39,293.5226934451195,2687.4631010866456
40,60.33404418433246,2048.5146911049164
41,51.67984903407451,1729.0404861140526
42,38.20371577194841,496.78283829214564
43,9.731937556371015,234.64052963025327
44,0.0,323.38336434993766
45,0.0,323.38336434993766
46,0.0,2367.98889609578
47,0.0,816.2570432830095
48,0.0,15057.976673249845
49,0.0,25544.783675930397
50,0.0,9209.979722357926
51,0.0,3006.937306077509
52,0.0,1729.0404861140526
53,0.0,1729.0404861140526
54,0.0,1409.5662811231873
55,0.0,816.2570432830095
56,42.3902631206613,9209.979722357926
57,151.40859762236494,12040.720292780567
58,207.71736335054624,10639.851258991263
59,308.38380794426155,8642.025580151947
60,348.9697207214629,7506.117295739982
61,364.0041539869409,5234.300726916051
62,343.07457372792805,3645.8857160592397
63,294.6139781330928,3326.411511068373
64,60.32780206023162,3326.411511068373
65,52.14577353925749,4179.528748533515
66,38.25047064839786,2367.98889609578
67,10.179199485311663,496.78283829214564
68,0.0,2048.5146911049164
69,0.0,1135.7312482738735
70,0.0,1135.7312482738735
71,0.0,496.78283829214564
72,0.0,8074.07143794596
73,0.0,20007.23078942208
74,0.0,9885.537163873942
75,0.0,5802.254869122039
76,0.0,4179.528748533515
77,0.0,3645.8857160592397
78,0.0,4747.482890739503
79,0.0,4747.482890739503
80,46.416714075005615,16566.604863484477
81,162.57092076992942,14303.662578132522
82,248.82259959470065,8642.025580151947
83,314.6152333290085,6938.163153533998
84,348.8331020859621,5234.300726916051
85,364.02339008117343,5234.300726916051
86,349.8153952986904,4747.482890739503
87,297.2288800951317,4179.528748533515
88,59.11131698784908,3326.411511068373
89,50.88278261523485,3006.937306077509
90,37.39627023331781,1409.5662811231873
91,10.620153759550211,367.75478170978005
92,0.0,496.78283829214564
93,0.0,279.01194699009545
94,0.0,0.0
95,0.0,0.0
96,0.0,20930.156270506784
97,0.0,27350.95600320225
98,0.0,15057.976673249845
99,0.0,12795.034387897882
100,0.0,10639.851258991263
101,0.0,8642.025580151947
102,0.0,4747.482890739503
103,0.0,2367.98889609578
104,27.71233731550938,15057.976673249845
105,144.96922264235226,19084.305308337352
106,238.2991629995951,14303.662578132522
107,315.61139854355395,12040.720292780567
108,351.34856547698735,12040.720292780567
109,366.6442321073191,12795.034387897882
110,350.01708347820806,11286.406197663246
111,298.21492707802685,9209.979722357926
112,57.03026150327968,8074.07143794596
113,50.896948216050106,7506.117295739982
114,37.82121944281599,4747.482890739503
115,10.621104403128172,1729.0404861140526
116,0.0,2048.5146911049164
117,0.0,3326.411511068373
118,0.0,5234.300726916051
119,0.0,2367.98889609578
120,0.0,3645.8857160592397
121,0.0,13549.348483015208
122,0.0,8642.025580151947
123,0.0,5802.254869122039
124,0.0,5802.254869122039
125,0.0,6370.2090113280165
126,0.0,5234.300726916051
127,0.0,3645.8857160592397
128,31.161958484275985,15812.290768367156
129,126.5571592463407,18161.37982725263
130,243.6997175680008,16566.604863484477
131,311.6543778979267,19084.305308337352
132,355.0701713910867,19084.305308337352
133,368.6264720153676,16566.604863484477
134,352.27553906759414,14303.662578132522
135,299.2240342347488,12040.720292780567
136,60.38950016416026,12795.034387897882
137,52.58288918216926,14303.662578132522
138,38.25866436863712,9885.537163873942
139,11.07170258839303,5802.254869122039
140,0.0,6370.2090113280165
141,0.0,7506.117295739982
142,0.0,4747.482890739503
143,0.0,5234.300726916051
144,0.0,3645.8857160592397
145,0.0,1135.7312482738735
146,0.0,10639.851258991263
147,0.0,9885.537163873942
148,0.0,9209.979722357926
149,0.0,9885.537163873942
150,0.0,10639.851258991263
151,0.0,8074.07143794596
152,37.96385692277187,25544.783675930397
153,117.09242271360542,29409.78976869893
154,218.4542103667264,23698.932713760954
155,296.23530894587435,23698.932713760954
156,350.541575955168,20007.23078942208
157,362.7363383030573,15812.290768367156
158,346.79811757805925,12040.720292780567
159,289.5048227667836,8074.07143794596
160,101.56656289247294,6938.163153533998
161,92.34687571691347,6370.2090113280165
162,42.97281665996712,4179.528748533515
163,11.5083298703797,2687.4631010866456
164,0.0,3326.411511068373
165,0.0,4747.482890739503
166,0.0,5234.300726916051
167,0.0,7506.117295739982
168,0.0,1729.0404861140526
169,0.0,7506.117295739982
170,0.0,15812.290768367156
171,0.0,12795.034387897882
172,0.0,12795.034387897882
173,0.0,13549.348483015208
174,0.0,10639.851258991263
175,0.0,6370.2090113280165
176,59.1630411630669,21853.08175159152
177,137.78171985120005,23698.932713760954
178,179.5121963912104,16566.604863484477
179,303.3041204127534,15812.290768367156
180,348.75882260138974,14303.662578132522
181,358.72815069830136,10639.851258991263
182,348.465120313463,6370.2090113280165
183,297.6619226434322,3645.8857160592397
184,145.8827521778651,2687.4631010866456
185,59.86641973286747,2367.98889609578
186,43.89836649713404,2048.5146911049164
187,11.51274896450524,1135.7312482738735
188,0.0,2687.4631010866456
189,0.0,3645.8857160592397
190,0.0,4179.528748533515
191,0.0,5802.254869122039
192,0.0,1729.0404861140526
193,0.0,4179.528748533515
194,0.0,7506.117295739982
195,0.0,5234.300726916051
196,0.0,5802.254869122039
197,0.0,6370.2090113280165
198,0.0,6938.163153533998
199,0.0,5802.254869122039
200,28.21491471840738,19084.305308337352
201,142.40357678095882,19084.305308337352
202,208.4719239834669,15812.290768367156
203,297.03676746721635,14303.662578132522
204,346.07092552179665,14303.662578132522
205,360.6598900507449,13549.348483015208
206,348.0747300093625,11286.406197663246
207,298.9023207270332,9885.537163873942
208,148.20751185059868,11286.406197663246
209,59.91781039596857,12040.720292780567
210,45.21711267464723,8642.025580151947
211,11.968828924918148,3006.937306077509
212,0.0,3645.8857160592397
213,0.0,5234.300726916051
214,0.0,4179.528748533515
215,0.0,5234.300726916051
216,0.0,1729.0404861140526
217,0.0,6370.2090113280165
218,0.0,14303.662578132522
219,0.0,10639.851258991263
220,0.0,7506.117295739982
221,0.0,4179.528748533515
222,0.0,2687.4631010866456
223,0.0,1729.0404861140526
224,32.472925491382256,15057.976673249845
225,115.8274067407646,22776.007232676242
226,228.7823247109139,27350.95600320225
227,299.315238456093,29409.78976869893
228,346.1964077090282,27350.95600320225
229,363.979405212803,22776.007232676242
230,350.5533854322475,17370.300843465728
231,301.4387797265611,14303.662578132522
232,154.6036736693504,12795.034387897882
233,61.64844779601891,12795.034387897882
234,43.94281432797175,10639.851258991263
235,12.41498959964839,3326.411511068373
236,0.0,3006.937306077509
237,0.0,2687.4631010866456
238,0.0,412.12619906962226
239,0.0,367.75478170978005
240,0.0,3645.8857160592397
241,0.0,25544.783675930397
242,0.0,23698.932713760954
243,0.0,19084.305308337352
244,0.0,13549.348483015208
245,0.0,8074.07143794596
246,0.0,4747.482890739503
247,0.0,3326.411511068373
248,38.74293961994977,19084.305308337352
249,144.97452545612515,25544.783675930397
250,241.9633617811214,22776.007232676242
251,309.1365936466776,22776.007232676242
252,347.10987803740034,20007.23078942208
253,365.9240547844858,15812.290768367156
254,354.11041811907694,12795.034387897882
255,303.2875322212016,10639.851258991263
256,155.49840440448187,9885.537163873942
257,54.31494040995861,12040.720292780567
258,40.02922458605499,11286.406197663246
259,12.839000638913149,4179.528748533515
260,0.0,3006.937306077509
261,0.0,2367.98889609578
262,0.0,2687.4631010866456
263,0.0,3645.8857160592397
264,0.0,816.2570432830095
265,0.0,9209.979722357926
266,0.0,17370.300843465728
267,0.0,17370.300843465728
268,0.0,17370.300843465728
269,0.0,16566.604863484477
270,0.0,12795.034387897882
271,0.0,8074.07143794596
272,48.016258721310216,28380.372885950583
273,158.5914912952884,35586.29106518898
274,246.2580964432914,38765.99247512504
275,313.66871343475447,43487.11128221227
276,351.56887283725706,43487.11128221227
277,368.6072873999343,38765.99247512504
278,355.4844477126681,32498.04041694395
279,306.1101950486216,28380.372885950583
280,158.71311070637995,25544.783675930397
281,53.4948456741388,25544.783675930397
282,39.64415261850648,19084.305308337352
283,12.415623431352566,7506.117295739982
284,0.0,6370.2090113280165
285,0.0,5802.254869122039
286,0.0,3645.8857160592397
287,0.0,4179.528748533515
288,0.0,1409.5662811231873
289,0.0,6938.163153533998
290,0.0,15057.976673249845
291,0.0,15057.976673249845
292,0.0,15057.976673249845
293,0.0,14303.662578132522
294,0.0,12040.720292780567
295,0.0,8642.025580151947
296,44.47480952374754,23698.932713760954
297,161.19829088615376,28380.372885950583
298,242.62590313142647,30439.206651447275
299,312.2590382333793,33527.45729969231
300,355.04431530087857,33527.45729969231
301,370.4522607794301,30439.206651447275
302,358.88549101572187,27350.95600320225
303,309.4685076733483,24621.858194845674
304,162.07568262959788,22776.007232676242
305,51.028509424772544,20930.156270506784
306,39.22925271102148,15057.976673249845
307,12.85927556973609,4747.482890739503
308,0.0,4179.528748533515
309,0.0,4747.482890739503
310,0.0,3645.8857160592397
311,0.0,4179.528748533515
312,0.0,323.38336434993766
313,0.0,6938.163153533998
314,0.0,9885.537163873942
315,0.0,6938.163153533998
316,0.0,5234.300726916051
317,0.0,5802.254869122039
318,0.0,6370.2090113280165
319,0.0,5234.300726916051
320,39.568742080381206,19084.305308337352
321,150.54005127032644,23698.932713760954
322,243.95660872354944,24621.858194845674
323,315.3040705970712,25544.783675930397
324,354.4037367365765,25544.783675930397
325,370.229601126186,24621.858194845674
326,355.30748730325223,20930.156270506784
327,307.4156506716094,17370.300843465728
328,164.84244108579747,15057.976673249845
329,64.24086709328749,13549.348483015208
330,41.32423680806801,9209.979722357926
331,12.844865196157055,2367.98889609578
332,0.0,2048.5146911049164
333,0.0,2367.98889609578
334,0.0,1409.5662811231873
335,0.0,8074.07143794596
336,0.0,32498.04041694395
337,0.0,22776.007232676242
338,0.0,15057.976673249845
339,0.0,11286.406197663246
340,0.0,8642.025580151947
341,0.0,5234.300726916051
342,0.0,5234.300726916051
343,0.0,5802.254869122039
344,35.82723246676425,25544.783675930397
345,153.6093580744111,25544.783675930397
346,240.8193722864117,18161.37982725263
347,309.14864434304303,15812.290768367156
348,352.4330390912867,14303.662578132522
349,367.9200975209996,12795.034387897882
350,354.2098242166176,9209.979722357926
351,306.39681181247266,6370.2090113280165
352,167.87781386850352,4747.482890739503
353,53.896055819036,4179.528748533515
354,41.3153024397204,3645.8857160592397
355,13.72487438268296,1135.7312482738735
356,0.0,1409.5662811231873
357,0.0,1729.0404861140526
358,0.0,496.78283829214564
359,0.0,9885.537163873942
360,0.0,29409.78976869893
361,0.0,20007.23078942208
362,0.0,14303.662578132522
363,0.0,15057.976673249845
364,0.0,12795.034387897882
365,0.0,9885.537163873942
366,0.0,5802.254869122039
367,0.0,4179.528748533515
368,37.00985183037728,14303.662578132522
369,145.96857659823107,13549.348483015208
370,236.33227175705483,5802.254869122039
371,294.3681281097938,3645.8857160592397
372,343.60273172959285,2687.4631010866456
373,364.3495501876538,2367.98889609578
374,349.6016175947136,1729.0404861140526
375,303.37533055012847,1135.7312482738735
376,174.58601227202328,816.2570432830095
377,60.82998192357508,816.2570432830095
378,43.053678986266526,1409.5662811231873
379,13.73408432339852,1409.5662811231873
380,0.0,3645.8857160592397
381,0.0,3326.411511068373
382,0.0,3645.8857160592397
383,0.0,27350.95600320225
384,0.0,36615.70794793733
385,0.0,19084.305308337352
386,0.0,17370.300843465728
387,0.0,17370.300843465728
388,0.0,15812.290768367156
389,0.0,8642.025580151947
390,0.0,3006.937306077509
391,0.0,2367.98889609578
392,37.04444308850321,11286.406197663246
393,149.75623612788053,14303.662578132522
394,229.6746925989997,9209.979722357926
395,285.3615644592202,5802.254869122039
396,328.387490829878,3326.411511068373
397,363.4792239335332,2367.98889609578
398,350.44768506516607,496.78283829214564
399,302.67921880090006,279.01194699009545
400,180.02376945499435,190.26911227041086
401,69.38690746877218,234.64052963025327
402,49.96963169484295,234.64052963025327
403,14.168046309937369,19.12221673959045
404,0.0,152.23646881911748
405,0.0,279.01194699009545
406,0.0,1729.0404861140526
407,0.0,3645.8857160592397
408,0.0,2048.5146911049164
409,0.0,12040.720292780567
410,0.0,32498.04041694395
411,0.0,17370.300843465728
412,0.0,6938.163153533998
413,0.0,2687.4631010866456
414,0.0,816.2570432830095
415,0.0,279.01194699009545
416,26.05154310647709,4747.482890739503
417,131.23281890335178,6370.2090113280165
418,220.2083867134332,3006.937306077509
419,298.9277703105831,2367.98889609578
420,330.8670803683426,3006.937306077509
421,364.55307906153854,4747.482890739503
422,358.4681092851291,3645.8857160592397
423,305.4624829927037,3326.411511068373
424,178.60088761286414,4179.528748533515
425,62.9505195724663,5802.254869122039
426,46.07758745604969,5802.254869122039
427,13.726669554524731,2048.5146911049164
428,0.0,4179.528748533515
429,0.0,8642.025580151947
430,0.0,8074.07143794596
431,0.0,11286.406197663246
432,0.0,3645.8857160592397
433,0.0,12040.720292780567
434,0.0,17370.300843465728
435,0.0,14303.662578132522
436,0.0,10639.851258991263
437,0.0,5802.254869122039
438,0.0,1729.0404861140526
439,0.0,63.49363409943286
440,39.01320633414876,323.38336434993766
441,144.85461760300163,2367.98889609578
442,233.5949051837456,3326.411511068373
443,311.15326345767284,8074.07143794596
444,357.46541249956863,11286.406197663246
445,372.74440528975066,14303.662578132522
446,360.428603743781,17370.300843465728
447,312.1559632603829,20930.156270506784
448,180.09934925582843,23698.932713760954
449,54.44721862710996,25544.783675930397
450,43.49785061220018,20007.23078942208
451,14.178306281366796,6938.163153533998
452,0.0,4747.482890739503
453,0.0,5234.300726916051
454,0.0,3326.411511068373
455,0.0,1729.0404861140526
456,0.0,3645.8857160592397
457,0.0,12040.720292780567
458,0.0,9885.537163873942
459,0.0,7506.117295739982
460,0.0,6370.2090113280165
461,0.0,5234.300726916051
462,0.0,3326.411511068373
463,0.0,1729.0404861140526
464,31.57939190401908,9885.537163873942
465,137.6600721558354,20007.23078942208
466,228.7047824568428,25544.783675930397
467,313.7964953584688,28380.372885950583
468,353.9104625526272,31468.6235341956
469,372.3525921756784,27350.95600320225
470,359.9013446094937,21853.08175159152
471,312.7511511582064,19084.305308337352
472,192.8469180260286,17370.300843465728
473,66.80774036469545,16566.604863484477
474,64.58081903021973,10639.851258991263
475,15.06634980810924,2687.4631010866456
476,0.0,1409.5662811231873
477,0.0,412.12619906962226
478,0.0,323.38336434993766
479,0.0,5234.300726916051
480,0.0,25544.783675930397
481,0.0,22776.007232676242
482,0.0,17370.300843465728
483,0.0,15057.976673249845
484,0.0,14303.662578132522
485,0.0,12795.034387897882
486,0.0,12040.720292780567
487,0.0,8642.025580151947
488,19.955088774808168,23698.932713760954
489,87.95115853928834,29409.78976869893
490,180.78106212488063,32498.04041694395
491,245.6995270355065,37585.71277335322
492,351.6919038234134,37585.71277335322
493,368.3898918575098,31468.6235341956
494,362.0199565110111,28380.372885950583
495,314.855369323877,25544.783675930397
496,186.6259358527096,22776.007232676242
497,68.64989417414134,24621.858194845674
498,49.64768774289862,23698.932713760954
499,14.64764199525366,14303.662578132522
500,0.0,17370.300843465728
501,0.0,25544.783675930397
502,0.0,17370.300843465728
503,0.0,44667.39098398404
504,0.0,45847.67068575586
505,0.0,29409.78976869893
506,0.0,20930.156270506784
507,0.0,18161.37982725263
508,0.0,16566.604863484477
509,0.0,14303.662578132522
510,0.0,12795.034387897882
511,0.0,12040.720292780567
512,34.04996098661357,29409.78976869893
513,146.69975868416935,39946.272176896855
514,233.2755357240311,39946.272176896855
515,312.6000197636982,42306.83158044045
516,356.5199391083132,42306.83158044045
517,373.8271554569073,41126.55187866863
518,362.7212780892542,38765.99247512504
519,316.6815287285938,36615.70794793733
520,189.25245071553144,32498.04041694395
521,54.41741837067232,28380.372885950583
522,40.52840014334672,24621.858194845674
523,14.637511258160036,12795.034387897882
524,0.0,8642.025580151947
525,0.0,6370.2090113280165
526,0.0,12795.034387897882
527,0.0,53635.99362048036
528,0.0,39946.272176896855
529,0.0,26468.598675132238
530,0.0,24621.858194845674
531,0.0,20007.23078942208
532,0.0,16566.604863484477
533,0.0,13549.348483015208
534,0.0,14303.662578132522
535,0.0,13549.348483015208
536,19.518272880917145,33527.45729969231
537,47.904934683050165,33527.45729969231
538,215.6893832583825,35586.29106518898
539,311.35307740259145,36615.70794793733
540,356.98723798139304,35586.29106518898
541,377.9514398998196,30439.206651447275
542,365.1073930438095,24621.858194845674
543,319.3779212011401,23698.932713760954
544,192.35355915312564,22776.007232676242
545,53.16247754796753,22776.007232676242
546,40.08981217670556,17370.300843465728
547,14.63873264184782,6938.163153533998
548,0.0,5802.254869122039
549,0.0,11286.406197663246
550,0.0,22776.007232676242
551,0.0,37585.71277335322
552,0.0,20007.23078942208
553,0.0,8074.07143794596
554,0.0,5234.300726916051
555,0.0,4747.482890739503
556,0.0,5234.300726916051
557,0.0,4747.482890739503
558,0.0,4179.528748533515
559,0.0,4179.528748533515
560,30.75722966890793,13549.348483015208
561,157.02449409855657,14303.662578132522
562,241.18100823943183,16566.604863484477
563,319.1550993833346,13549.348483015208
564,363.92540155248673,9209.979722357926
565,380.74211233651977,6938.163153533998
566,369.4702385959672,5802.254869122039
567,323.28537829482104,3645.8857160592397
568,195.4173869799867,3645.8857160592397
569,50.66189995752983,3326.411511068373
570,39.70360455400492,3006.937306077509
571,15.093247148559438,412.12619906962226
572,0.0,367.75478170978005
573,0.0,367.75478170978005
574,0.0,4747.482890739503
575,0.0,37585.71277335322
576,0.0,39946.272176896855
577,0.0,26468.598675132238
578,0.0,20930.156270506784
579,0.0,16566.604863484477
580,0.0,12795.034387897882
581,0.0,10639.851258991263
582,0.0,7506.117295739982
583,0.0,7506.117295739982
584,29.435743018022823,19084.305308337352
585,110.5826968315418,18161.37982725263
586,224.86055841795152,18161.37982725263
587,306.0738478764729,16566.604863484477
588,340.9570123842625,16566.604863484477
589,367.9994630830386,15812.290768367156
590,353.6900282602326,15057.976673249845
591,313.88822169825767,13549.348483015208
592,197.3960670237213,12795.034387897882
593,53.544467236359246,12795.034387897882
594,50.82568709385507,10639.851258991263
595,15.492701567240976,3006.937306077509
596,0.0,3006.937306077509
597,0.0,2367.98889609578
598,0.0,2048.5146911049164
599,0.0,8074.07143794596
600,0.0,36615.70794793733
601,0.0,24621.858194845674
602,0.0,16566.604863484477
603,0.0,15812.290768367156
604,0.0,14303.662578132522
605,0.0,13549.348483015208
606,0.0,12040.720292780567
607,0.0,9885.537163873942
608,24.7403074154206,23698.932713760954
609,94.43661308845256,22776.007232676242
610,228.2687351205908,9885.537163873942
611,301.30670058551976,5234.300726916051
612,310.96537141179124,3645.8857160592397
613,371.1883277981548,3645.8857160592397
614,360.5677755555061,3006.937306077509
615,314.99151822442457,3006.937306077509
616,199.9801962425416,3006.937306077509
617,59.625512321262455,5234.300726916051
618,44.81062724004823,5802.254869122039
619,13.714575858306723,2048.5146911049164
620,0.0,2367.98889609578
621,0.0,1409.5662811231873
622,0.0,2367.98889609578
623,0.0,13549.348483015208
624,0.0,41126.55187866863
625,0.0,25544.783675930397
626,0.0,12795.034387897882
627,0.0,9209.979722357926
628,0.0,7506.117295739982
629,0.0,4747.482890739503
630,0.0,3326.411511068373
631,0.0,2687.4631010866456
632,32.34579735904082,13549.348483015208
633,113.66718598248887,15057.976673249845
634,232.9986051821353,8074.07143794596
635,306.4410790776656,7506.117295739982
636,335.9428108733168,7506.117295739982
637,372.106696870163,8642.025580151947
638,365.44165228755776,9885.537163873942
639,321.4417032293827,9885.537163873942
640,201.9861162554488,10639.851258991263
641,54.006753103067005,11286.406197663246
642,40.88411963847581,9209.979722357926
643,15.476257791840435,2687.4631010866456
644,0.0,3645.8857160592397
645,0.0,9209.979722357926
646,0.0,11286.406197663246
647,0.0,36615.70794793733
648,0.0,50308.13731849218
649,0.0,29409.78976869893
650,0.0,20007.23078942208
651,0.0,15057.976673249845
652,0.0,10639.851258991263
653,0.0,8642.025580151947
654,0.0,4747.482890739503
655,0.0,2048.5146911049164
656,6.662166768623044,11286.406197663246
657,74.19185182499035,15812.290768367156
658,159.15593451640564,20930.156270506784
659,305.88781333631107,17370.300843465728
660,341.8699352055746,16566.604863484477
661,373.9064550479727,13549.348483015208
662,364.80047055700805,10639.851258991263
663,322.1461556773116,6938.163153533998
664,204.02661317072383,5802.254869122039
665,54.81211254622465,5234.300726916051
666,41.770902668499424,4179.528748533515
667,15.949463926435923,412.12619906962226
668,0.0,412.12619906962226
669,0.0,2367.98889609578
670,0.0,12040.720292780567
671,0.0,53635.99362048036
672,0.0,32498.04041694395
673,0.0,16566.604863484477
674,0.0,12040.720292780567
675,0.0,11286.406197663246
676,0.0,8074.07143794596
677,0.0,5234.300726916051
678,0.0,3326.411511068373
679,0.0,3326.411511068373
680,28.130857305243023,14303.662578132522
681,143.412411177302,20007.23078942208
682,226.4401020712462,28380.372885950583
683,306.5511664088277,30439.206651447275
684,355.6400109805526,31468.6235341956
685,376.00495248641136,31468.6235341956
686,364.471479460858,30439.206651447275
687,321.55806654857486,28380.372885950583
688,207.9498798176299,26468.598675132238
689,52.61048238943991,24621.858194845674
690,40.85301291214249,20930.156270506784
691,15.471710866254998,4747.482890739503
692,0.0,2048.5146911049164
693,0.0,2048.5146911049164
694,0.0,2367.98889609578
695,0.0,8074.07143794596
696,0.0,32498.04041694395
697,0.0,27350.95600320225
698,0.0,19084.305308337352
699,0.0,14303.662578132522
700,0.0,10639.851258991263
701,0.0,8074.07143794596
702,0.0,6938.163153533998
703,0.0,5234.300726916051
704,29.01041627728714,19084.305308337352
705,116.81303118862796,21853.08175159152
706,218.21390507621672,17370.300843465728
707,301.4827954872628,16566.604863484477
708,351.3421069422754,14303.662578132522
709,373.1491028855563,13549.348483015208
710,365.3569889192676,12040.720292780567
711,322.44355045400243,11286.406197663246
712,207.9886516541825,12795.034387897882
713,56.4062295530355,14303.662578132522
714,42.09715568703607,12040.720292780567
715,15.889298004309524,4747.482890739503
716,0.0,4747.482890739503
717,0.0,3326.411511068373
718,0.0,2367.98889609578
719,0.0,15812.290768367156
720,0.0,25544.783675930397
721,0.0,16566.604863484477
722,0.0,14303.662578132522
723,0.0,14303.662578132522
724,0.0,13549.348483015208
725,0.0,12795.034387897882
726,0.0,12795.034387897882
727,0.0,9885.537163873942
728,10.20814836953852,27350.95600320225
729,120.09175690726823,27350.95600320225
730,226.6278134685288,21853.08175159152
731,297.86756326736645,19084.305308337352
732,343.12512854297205,17370.300843465728
733,372.3314530173143,17370.300843465728
734,363.34992104972304,21853.08175159152
735,322.224051840313,22776.007232676242
736,210.87639031338915,22776.007232676242
737,60.352142722218616,22776.007232676242
738,45.27852788106731,17370.300843465728
739,15.924337317493023,3508.968199634581
740,0.0,4098.392442504091
741,0.0,4828.619196768923
742,0.0,5558.845951033755
743,0.0,6370.2090113280165
744,0.0,7100.435765592849
745,0.0,7830.662519857685
746,0.0,8560.889274122517
747,0.0,9291.11602838735
748,0.0,10316.573789655267
749,0.0,11286.406197663246
750,0.0,12256.238605671226
751,0.0,13226.071013679208
752,46.2774599839413,14195.903421687193
753,151.25633501847926,15165.735829695173
754,245.7881595154436,16243.327394148484
755,317.3108388646047,12795.034387897882
756,356.7185541840206,11286.406197663246
757,373.186648421648,11286.406197663246
758,364.2187075149959,11286.406197663246
759,320.5660056978272,10639.851258991263
760,214.16901226638183,9885.537163873942
761,67.49210301401268,9885.537163873942
762,49.43707368203584,9209.979722357926
763,16.788859451572783,2687.4631010866456
764,0.0,2367.98889609578
765,0.0,1135.7312482738735
766,0.0,412.12619906962226
767,0.0,2687.4631010866456
768,0.0,18161.37982725263
769,0.0,22776.007232676242
770,0.0,14303.662578132522
771,0.0,8074.07143794596
772,0.0,4747.482890739503
773,0.0,3326.411511068373
774,0.0,3645.8857160592397
775,0.0,3645.8857160592397
776,37.576790110565554,12040.720292780567
777,153.9051392013937,12040.720292780567
778,231.9757129601689,10639.851258991263
779,312.18956424664407,8074.07143794596
780,356.10822159417546,8642.025580151947
781,374.19564379800687,11286.406197663246
782,366.4921056123782,15812.290768367156
783,323.11345241738985,17370.300843465728
784,217.1390944920772,18161.37982725263
785,69.26586265064336,18161.37982725263
786,47.76671076332203,12040.720292780567
787,16.366186744315957,2048.5146911049164
788,0.0,1409.5662811231873
789,0.0,2367.98889609578
790,0.0,1409.5662811231873
791,0.0,2367.98889609578
792,0.0,15812.290768367156
793,0.0,20007.23078942208
794,0.0,18161.37982725263
795,0.0,17370.300843465728
796,0.0,14303.662578132522
797,0.0,11286.406197663246
798,0.0,9209.979722357926
799,0.0,6938.163153533998
800,33.940604520485365,31468.6235341956
801,153.72287724416302,25544.783675930397
802,240.1128149272074,12040.720292780567
803,313.55521010327664,8074.07143794596
804,353.7130028890354,8074.07143794596
805,374.9094911544837,9209.979722357926
806,366.1681035392027,12040.720292780567
807,325.0559008878717,13549.348483015208
808,217.918029419561,13549.348483015208
809,65.31345462920963,14303.662578132522
810,46.43887827726732,12795.034387897882
811,16.78646822905011,3006.937306077509
812,0.0,3006.937306077509
813,0.0,3326.411511068373
814,0.0,1409.5662811231873
815,0.0,2687.4631010866456
816,0.0,24621.858194845674
817,0.0,19084.305308337352
818,0.0,15812.290768367156
819,0.0,14303.662578132522
820,0.0,12795.034387897882
821,0.0,11286.406197663246
822,0.0,9885.537163873942
823,0.0,8074.07143794596
824,26.768779755792675,23698.932713760954
825,80.36745789960597,26468.598675132238
826,240.6186213411853,19084.305308337352
827,321.54545541090044,15812.290768367156
828,360.5424145750727,12795.034387897882
829,378.4263459189722,12040.720292780567
830,368.5116191536274,13549.348483015208
831,327.24140757621586,17370.300843465728
832,219.58178216784515,21853.08175159152
833,58.09329962938871,25544.783675930397
834,43.81359259679061,23698.932713760954
835,16.775766941152085,8074.07143794596
836,0.0,6370.2090113280165
837,0.0,9209.979722357926
838,0.0,41126.55187866863
839,0.0,47027.95038752768
840,0.0,29409.78976869893
841,0.0,24621.858194845674
842,0.0,22776.007232676242
843,0.0,18161.37982725263
844,0.0,14303.662578132522
845,0.0,11286.406197663246
846,0.0,9209.979722357926
847,0.0,5802.254869122039
848,38.400990603403976,20007.23078942208
849,153.40404151976563,26468.598675132238
850,243.5634003899364,28380.372885950583
851,321.2541498120511,29409.78976869893
852,361.71792059411473,31468.6235341956
853,378.2079985919553,31468.6235341956
854,368.6218220061555,31468.6235341956
855,327.0652522067894,31468.6235341956
856,222.43145028395907,29409.78976869893
857,56.42565196099525,27350.95600320225
858,42.13657648806223,22776.007232676242
859,16.3631810994936,8074.07143794596
860,0.0,8074.07143794596
861,0.0,9885.537163873942
862,0.0,13549.348483015208
863,0.0,37585.71277335322
864,0.0,37585.71277335322
865,0.0,20930.156270506784
866,0.0,13549.348483015208
867,0.0,9885.537163873942
868,0.0,8642.025580151947
869,0.0,8074.07143794596
870,0.0,6370.2090113280165
871,0.0,4179.528748533515
872,27.20268550053425,17370.300843465728
873,153.2298533969509,25544.783675930397
874,243.22383322158947,25544.783675930397
875,320.8653586254863,27350.95600320225
876,363.1203514421369,28380.372885950583
877,379.4075309315998,28380.372885950583
878,373.0942247964566,25544.783675930397
879,332.1718033713716,25544.783675930397
880,225.90311637528563,26468.598675132238
881,55.65111890990808,26468.598675132238
882,42.62888693648797,20007.23078942208
883,16.816813239223702,5234.300726916051
884,0.0,3326.411511068373
885,0.0,2367.98889609578
886,0.0,2048.5146911049164
887,0.0,12040.720292780567
888,0.0,38765.99247512504
889,0.0,32498.04041694395
890,0.0,20930.156270506784
891,0.0,15057.976673249845
892,0.0,10639.851258991263
893,0.0,9209.979722357926
894,0.0,9209.979722357926
895,0.0,6370.2090113280165
896,37.72614577358494,20930.156270506784
897,148.51165365472733,24621.858194845674
898,232.86031100885745,23698.932713760954
899,312.3241114909308,25544.783675930397
900,359.4293383897878,27350.95600320225
901,379.23269539278766,23698.932713760954
902,370.2359747731027,19084.305308337352
903,330.05937426262125,15812.290768367156
904,218.7721868075679,14303.662578132522
905,65.6026722207059,14303.662578132522
906,47.41197176325056,12795.034387897882
907,17.265821274018947,3645.8857160592397
908,0.0,3645.8857160592397
909,0.0,4179.528748533515
910,0.0,14303.662578132522
911,0.0,43487.11128221227
912,0.0,31468.6235341956
913,0.0,22776.007232676242
914,0.0,15057.976673249845
915,0.0,15057.976673249845
916,0.0,12795.034387897882
917,0.0,12040.720292780567
918,0.0,9885.537163873942
919,0.0,5802.254869122039
920,37.26740083720684,18161.37982725263
921,140.52395869020592,24621.858194845674
922,216.60852097048524,34556.87418244063
923,301.04344458734494,35586.29106518898
924,355.581078724688,35586.29106518898
925,375.5306857957455,33527.45729969231
926,359.435266993462,32498.04041694395
927,323.5454085220764,29409.78976869893
928,226.5179296782346,27350.95600320225
929,63.83525898007497,25544.783675930397
930,46.95060695222627,22776.007232676242
931,16.80971624098509,8074.07143794596
932,0.0,7506.117295739982
933,0.0,8642.025580151947
934,0.0,4179.528748533515
935,0.0,4747.482890739503
936,0.0,24621.858194845674
937,0.0,30439.206651447275
938,0.0,25544.783675930397
939,0.0,22776.007232676242
940,0.0,21853.08175159152
941,0.0,21853.08175159152
942,0.0,21853.08175159152
943,0.0,18161.37982725263
944,4.884027821264481,42306.83158044045
945,120.2910905786364,48039.61870333207
946,179.22116657570777,48039.61870333207
947,152.04761019608176,47027.95038752768
948,197.687898918502,43487.11128221227
949,180.1284954252695,39946.272176896855
950,312.8422026155285,37585.71277335322
951,258.8083529334942,35586.29106518898
952,226.90934559694364,35586.29106518898
953,76.62573711648601,35586.29106518898
954,59.0331986225141,32498.04041694395
955,16.83435324293902,16566.604863484477
956,0.0,19084.305308337352
957,0.0,22776.007232676242
958,0.0,20007.23078942208
959,0.0,26468.598675132238
960,0.0,34556.87418244063
961,0.0,33527.45729969231
962,0.0,30439.206651447275
963,0.0,25544.783675930397
964,0.0,19084.305308337352
965,0.0,14303.662578132522
966,0.0,11286.406197663246
967,0.0,8642.025580151947
968,45.655044304059054,26468.598675132238
969,140.93769302256132,33527.45729969231
970,231.0210443265276,33527.45729969231
971,311.1231582830298,32498.04041694395
972,354.3558698253423,27350.95600320225
973,373.2635069917228,21853.08175159152
974,364.7723898845276,19084.305308337352
975,326.5354370273028,17370.300843465728
976,230.17593718760176,17370.300843465728
977,66.36897561202332,18161.37982725263
978,49.5145882171078,17370.300843465728
979,17.259307459949213,8074.07143794596
980,0.0,9885.537163873942
981,0.0,10639.851258991263
982,0.0,15057.976673249845
983,0.0,34556.87418244063
984,0.0,49198.851884496136
985,0.0,36615.70794793733
986,0.0,26468.598675132238
987,0.0,15812.290768367156
988,0.0,9885.537163873942
989,0.0,6938.163153533998
990,0.0,5234.300726916051
991,0.0,3645.8857160592397
992,34.80326691210794,15812.290768367156
993,142.14207574239617,20930.156270506784
994,204.74768872652743,20930.156270506784
995,305.3127769886156,20930.156270506784
996,357.4263343787228,15812.290768367156
997,377.8438347618693,12040.720292780567
998,369.9228430814457,9885.537163873942
999,331.03535522852087,9209.979722357926
1000,233.23567704779228,9885.537163873942
1001,58.2051883772756,10639.851258991263
1002,44.76504975859752,10639.851258991263
1003,17.261272243827893,3326.411511068373
1004,0.0,3006.937306077509
1005,0.0,3326.411511068373
1006,0.0,6938.163153533998
1007,0.0,28380.372885950583
1008,0.0,38765.99247512504
1009,0.0,25544.783675930397
1010,0.0,15812.290768367156
1011,0.0,9885.537163873942
1012,0.0,7506.117295739982
1013,0.0,7506.117295739982
1014,0.0,6370.2090113280165
1015,0.0,5234.300726916051
1016,32.71258777554146,17370.300843465728
1017,142.59874988420484,20930.156270506784
1018,229.84626864187,23698.932713760954
1019,315.815495656839,25544.783675930397
1020,364.2345877670183,25544.783675930397
1021,381.31667124511466,23698.932713760954
1022,373.450211338045,20930.156270506784
1023,335.6174264602686,20930.156270506784
1024,236.74866057967097,22776.007232676242
1025,58.117128790871305,24621.858194845674
1026,43.84777381368428,21853.08175159152
1027,16.790959024380058,8642.025580151947
1028,0.0,5802.254869122039
1029,0.0,5802.254869122039
1030,0.0,26468.598675132238
1031,0.0,36615.70794793733
1032,0.0,27350.95600320225
1033,0.0,20007.23078942208
1034,0.0,16566.604863484477
1035,0.0,16566.604863484477
1036,0.0,18161.37982725263
1037,0.0,15057.976673249845
1038,0.0,18161.37982725263
1039,0.0,27350.95600320225
1040,40.9151565248682,33527.45729969231
1041,150.30481178109918,31468.6235341956
1042,243.722823216802,23698.932713760954
1043,325.23175375861456,23698.932713760954
1044,366.9314021660399,25544.783675930397
1045,386.3996227767937,27350.95600320225
1046,378.2797203784269,30439.206651447275
1047,337.4093918832354,30439.206651447275
1048,238.46419683592865,31468.6235341956
1049,58.03946673519683,30439.206651447275
1050,43.38128089480024,25544.783675930397
1051,17.216697481518857,12040.720292780567
1052,0.0,12040.720292780567
1053,0.0,27350.95600320225
1054,0.0,67869.91774407637
1055,0.0,53635.99362048036
1056,0.0,35586.29106518898
1057,0.0,22776.007232676242
1058,0.0,20007.23078942208
1059,0.0,15812.290768367156
1060,0.0,14303.662578132522
1061,0.0,20930.156270506784
1062,0.0,19084.305308337352
1063,0.0,15057.976673249845
1064,35.21015477945706,19084.305308337352
1065,113.1659228481594,25544.783675930397
1066,243.3763317433605,30439.206651447275
1067,320.2077290438225,18161.37982725263
1068,346.9136552681908,12040.720292780567
1069,385.0682534639992,10639.851258991263
1070,379.923169662019,8642.025580151947
1071,340.2459560155652,6370.2090113280165
1072,241.2906179961848,4179.528748533515
1073,58.22279986190292,3326.411511068373
1074,44.7994922616242,2367.98889609578
1075,17.707347815458217,367.75478170978005
1076,0.0,2367.98889609578
1077,0.0,8074.07143794596
1078,0.0,28380.372885950583
1079,0.0,44667.39098398404
1080,0.0,30439.206651447275
1081,0.0,22776.007232676242
1082,0.0,18161.37982725263
1083,0.0,16566.604863484477
1084,0.0,14303.662578132522
1085,0.0,14303.662578132522
1086,0.0,18161.37982725263
1087,0.0,16566.604863484477
1088,28.950131420681124,22776.007232676242
1089,152.29384664923938,20930.156270506784
1090,232.0234445207452,15812.290768367156
1091,321.8979537684436,12040.720292780567
1092,373.0202999347863,10639.851258991263
1093,392.298680281569,9885.537163873942
1094,385.0919999143883,8074.07143794596
1095,345.27725017000535,8074.07143794596
1096,246.1825740015896,9209.979722357926
1097,56.54063034582647,12040.720292780567
1098,41.79112426255413,18161.37982725263
1099,16.826300171136236,17370.300843465728
1100,0.0,28380.372885950583
1101,0.0,31468.6235341956
1102,0.0,21853.08175159152
1103,0.0,22776.007232676242
1104,0.0,24621.858194845674
1105,0.0,22776.007232676242
1106,0.0,17370.300843465728
1107,0.0,9885.537163873942
1108,0.0,8074.07143794596
1109,0.0,8074.07143794596
1110,0.0,9209.979722357926
1111,0.0,12795.034387897882
1112,37.76624361638275,21853.08175159152
1113,152.8482346007435,23698.932713760954
1114,214.26924809416,22776.007232676242
1115,320.1447574873566,19084.305308337352
1116,376.2224882312008,16566.604863484477
1117,395.368737137877,14303.662578132522
1118,386.66532030259526,12795.034387897882
1119,347.2994624197466,11286.406197663246
1120,248.70465159363383,10639.851258991263
1121,54.405353738700086,12795.034387897882
1122,42.61257985571032,26468.598675132238
1123,17.23933378395397,25544.783675930397
1124,0.0,41126.55187866863
1125,0.0,32498.04041694395
1126,0.0,32498.04041694395
1127,0.0,25544.783675930397
1128,0.0,20930.156270506784
1129,0.0,18161.37982725263
1130,0.0,15812.290768367156
1131,0.0,14303.662578132522
1132,0.0,9885.537163873942
1133,0.0,7506.117295739982
1134,0.0,4747.482890739503
1135,0.0,2048.5146911049164
1136,31.50696822152146,6938.163153533998
1137,123.7091726725871,6938.163153533998
1138,198.06171114229568,8642.025580151947
1139,302.31258415937515,8642.025580151947
1140,359.2546637509802,6938.163153533998
1141,391.7146002688845,4747.482890739503
1142,384.3050431323365,3645.8857160592397
1143,345.2513461269667,3645.8857160592397
1144,248.8455218353105,4747.482890739503
1145,55.25067657726439,5802.254869122039
1146,43.06774411346621,5802.254869122039
1147,16.824954082514225,4179.528748533515
1148,0.0,6370.2090113280165
1149,0.0,7506.117295739982
1150,0.0,13549.348483015208
1151,0.0,32498.04041694395
1152,0.0,28380.372885950583
1153,0.0,10639.851258991263
1154,0.0,5234.300726916051
1155,0.0,5234.300726916051
1156,0.0,8074.07143794596
1157,0.0,12040.720292780567
1158,0.0,8642.025580151947
1159,0.0,9885.537163873942
1160,39.09192958175201,19084.305308337352
1161,140.3988711945055,21853.08175159152
1162,215.7630905228013,23698.932713760954
1163,315.9929819424051,23698.932713760954
1164,368.0486044020152,20930.156270506784
1165,389.0631927888606,15812.290768367156
1166,382.4431394841853,9885.537163873942
1167,342.2923941679211,5802.254869122039
1168,247.6938744931944,4747.482890739503
1169,59.8500235111159,4179.528748533515
1170,45.60461062548739,3326.411511068373
1171,17.238635915857508,496.78283829214564
1172,0.0,367.75478170978005
1173,0.0,1409.5662811231873
1174,0.0,21853.08175159152
1175,0.0,53635.99362048036
1176,0.0,36615.70794793733
1177,0.0,25544.783675930397
1178,0.0,23698.932713760954
1179,0.0,20007.23078942208
1180,0.0,13549.348483015208
1181,0.0,9209.979722357926
1182,0.0,6938.163153533998
1183,0.0,5802.254869122039
1184,37.36435844844917,9209.979722357926
1185,142.75448081562286,6938.163153533998
1186,217.30773550161985,6938.163153533998
1187,319.52258428501125,4747.482890739503
1188,364.0440304990653,4747.482890739503
1189,383.8950367966551,5234.300726916051
1190,375.81612842047366,5802.254869122039
1191,339.6944011714047,5234.300726916051
1192,247.29526990900183,5234.300726916051
1193,68.06818763070747,6938.163153533998
1194,50.41645723276528,8642.025580151947
1195,16.833635805661327,5802.254869122039
1196,0.0,5802.254869122039
1197,0.0,6938.163153533998
1198,0.0,19084.305308337352
1199,0.0,54745.2790544764
1200,0.0,48039.61870333207
1201,0.0,31468.6235341956
1202,0.0,24621.858194845674
1203,0.0,20007.23078942208
1204,0.0,18161.37982725263
1205,0.0,17370.300843465728
1206,0.0,15812.290768367156
1207,0.0,14303.662578132522
1208,32.38346120622488,19084.305308337352
1209,132.33459615376572,17370.300843465728
1210,218.4516081525404,17370.300843465728
1211,309.59321032065395,16566.604863484477
1212,362.7891613438981,16566.604863484477
1213,383.8518622777705,16566.604863484477
1214,377.1222487853496,16566.604863484477
1215,341.5196943307712,17370.300843465728
1216,250.04464405001784,16566.604863484477
1217,65.8668551798895,18161.37982725263
1218,48.68047574723863,18161.37982725263
1219,16.845595587999444,12795.034387897882
1220,0.0,30439.206651447275
1221,0.0,44667.39098398404
1222,0.0,71263.67014493943
1223,0.0,56963.849922468544
1224,0.0,45847.67068575586
1225,0.0,33527.45729969231
1226,0.0,23698.932713760954
1227,0.0,19084.305308337352
1228,0.0,20007.23078942208
1229,0.0,33527.45729969231
1230,0.0,21853.08175159152
1231,0.0,23698.932713760954
1232,37.04134588822839,34556.87418244063
1233,149.90015870608698,34556.87418244063
1234,234.9094768367065,36615.70794793733
1235,320.9129708039683,23698.932713760954
1236,370.5248602261556,15812.290768367156
1237,390.1959512938874,13549.348483015208
1238,385.5051825083347,15057.976673249845
1239,347.5294485406494,17370.300843465728
1240,255.1465817875213,19084.305308337352
1241,59.49594801457445,15812.290768367156
1242,44.37320042324352,9209.979722357926
1243,16.847617454603668,27350.95600320225
1244,0.0,50308.13731849218
1245,0.0,29409.78976869893
1246,0.0,27350.95600320225
1247,0.0,31468.6235341956
1248,0.0,35586.29106518898
1249,0.0,33527.45729969231
1250,0.0,25544.783675930397
1251,0.0,19084.305308337352
1252,0.0,15812.290768367156
1253,0.0,10639.851258991263
1254,0.0,6370.2090113280165
1255,0.0,7506.117295739982
1256,30.699868373195983,15057.976673249845
1257,110.09704839856916,19084.305308337352
1258,229.8595287370686,21853.08175159152
1259,313.66095915750105,22776.007232676242
1260,368.37379558247073,18161.37982725263
1261,389.5442833147164,14303.662578132522
1262,382.5690923235181,12795.034387897882
1263,346.8184676144025,12795.034387897882
1264,255.52871463080405,10639.851258991263
1265,67.63511671717619,8642.025580151947
1266,48.21967149221048,6938.163153533998
1267,17.245043232409472,3006.937306077509
1268,0.0,5234.300726916051
1269,0.0,22776.007232676242
1270,0.0,55854.564488472475
1271,0.0,49198.851884496136
1272,0.0,33527.45729969231
1273,0.0,25544.783675930397
1274,0.0,18161.37982725263
1275,0.0,15812.290768367156
1276,0.0,11286.406197663246
1277,0.0,9209.979722357926
1278,0.0,9209.979722357926
1279,0.0,12040.720292780567
1280,43.61883123074964,16566.604863484477
1281,145.80870207531714,15057.976673249845
1282,216.53186137555292,13549.348483015208
1283,313.37628095871946,9209.979722357926
1284,374.0964713313627,5802.254869122039
1285,397.1399863335954,3006.937306077509
1286,388.50934437507385,2367.98889609578
1287,352.0276838077727,3645.8857160592397
1288,260.0502822023484,4179.528748533515
1289,53.98774592258346,4179.528748533515
1290,42.21414814519309,5802.254869122039
1291,16.377220551607248,5802.254869122039
1292,0.0,6370.2090113280165
1293,0.0,21853.08175159152
1294,0.0,48039.61870333207
1295,0.0,33527.45729969231
1296,0.0,30439.206651447275
1297,0.0,28380.372885950583
1298,0.0,19084.305308337352
1299,0.0,15057.976673249845
1300,0.0,12795.034387897882
1301,0.0,13549.348483015208
1302,0.0,11286.406197663246
1303,0.0,15057.976673249845
1304,36.66824088725348,16566.604863484477
1305,149.8216138802975,18161.37982725263
1306,208.7260671104169,23698.932713760954
1307,309.89692556554,20007.23078942208
1308,379.7157789931777,15812.290768367156
1309,399.74557348430136,11286.406197663246
1310,390.75558612024537,8074.07143794596
1311,353.9753375633284,7506.117295739982
1312,262.8523273538269,7506.117295739982
1313,50.05401678566528,6370.2090113280165
1314,40.87287027803621,6938.163153533998
1315,15.932243539707532,3645.8857160592397
1316,0.0,6938.163153533998
1317,0.0,9885.537163873942
1318,0.0,17370.300843465728
1319,0.0,50308.13731849218
1320,0.0,47027.95038752768
1321,0.0,29409.78976869893
1322,0.0,22776.007232676242
1323,0.0,20007.23078942208
1324,0.0,13549.348483015208
1325,0.0,14303.662578132522
1326,0.0,9209.979722357926
1327,0.0,11286.406197663246
1328,34.50981976389356,15057.976673249845
1329,148.16420920994304,15057.976673249845
1330,199.4321202016524,14303.662578132522
1331,305.65082239758067,12795.034387897882
1332,376.47847993089096,11286.406197663246
1333,396.5623735668162,8642.025580151947
1334,388.0644787649725,6938.163153533998
1335,353.40169459432235,5802.254869122039
1336,262.867582390667,5802.254869122039
1337,52.18385598774466,6938.163153533998
1338,40.403278273313305,5802.254869122039
1339,16.345227819650603,816.2570432830095
1340,0.0,1409.5662811231873
1341,0.0,1135.7312482738735
1342,0.0,1729.0404861140526
1343,0.0,3006.937306077509
1344,0.0,26468.598675132238
1345,0.0,35586.29106518898
1346,0.0,21853.08175159152
1347,0.0,14303.662578132522
1348,0.0,11286.406197663246
1349,0.0,8074.07143794596
1350,0.0,6938.163153533998
1351,0.0,6370.2090113280165
1352,46.39250474429142,19084.305308337352
1353,142.93006051412374,17370.300843465728
1354,190.2387830308668,15057.976673249845
1355,299.0197630217526,15057.976673249845
1356,365.3554674064261,16566.604863484477
1357,384.1097679884981,17370.300843465728
1358,382.0631979545428,20007.23078942208
1359,349.22100665536703,20930.156270506784
1360,263.1222763651827,20007.23078942208
1361,52.02080967652565,18161.37982725263
1362,42.86654590571269,15057.976673249845
1363,16.306859626925185,3006.937306077509
1364,0.0,2048.5146911049164
1365,0.0,2687.4631010866456
1366,0.0,8642.025580151947
1367,0.0,34556.87418244063
1368,0.0,36615.70794793733
1369,0.0,24621.858194845674
1370,0.0,16566.604863484477
1371,0.0,15057.976673249845
1372,0.0,11286.406197663246
1373,0.0,9885.537163873942
1374,0.0,9885.537163873942
1375,0.0,12040.720292780567
1376,4.424321456757915,36615.70794793733
1377,134.16265984273338,31468.6235341956
1378,194.8873315656368,35586.29106518898
1379,306.76871161040214,36615.70794793733
1380,371.7577474679845,33527.45729969231
1381,393.4326002544079,30439.206651447275
1382,386.9128083610704,29409.78976869893
1383,349.45783712053503,28380.372885950583
1384,0.0,26468.598675132238
1385,35.369819670517,26468.598675132238
1386,21.507967925872887,24621.858194845674
1387,15.8663424756976,12040.720292780567
1388,0.0,13549.348483015208
1389,0.0,16566.604863484477
1390,0.0,22776.007232676242
1391,0.0,38765.99247512504
1392,0.0,44667.39098398404
1393,0.0,31468.6235341956
1394,0.0,20930.156270506784
1395,0.0,13549.348483015208
1396,0.0,8642.025580151947
1397,0.0,4179.528748533515
1398,0.0,2367.98889609578
1399,0.0,2048.5146911049164
1400,44.03357870388894,6938.163153533998
1401,143.57550588479074,10639.851258991263
1402,212.9500294417504,15057.976673249845
1403,311.452058473555,15057.976673249845
1404,360.0188803410338,13549.348483015208
1405,397.0446316420523,10639.851258991263
1406,388.88326174568857,9885.537163873942
1407,353.3562622257376,9885.537163873942
1408,0.0,11286.406197663246
1409,50.28318781734838,13549.348483015208
1410,39.83911825024476,15057.976673249845
1411,15.439633750342502,21721.2352542937
1412,0.0,21062.002767804603
1413,0.0,20270.923784017705
1414,0.0,19611.69129752863
1415,0.0,18820.612313741713
1416,0.0,18161.37982725263
1417,0.0,17370.300843465728
1418,0.0,16782.123176375142
1419,0.0,16135.568237703153
1420,0.0,15596.7724554765
1421,0.0,14950.217516804509
1422,0.0,14411.42173457785
1423,0.0,13764.866795905868
1424,40.33198603374499,13118.311857233877
1425,142.2884936095602,12579.516075007223
1426,225.2798915291653,11932.96113633523
1427,338.1022881903685,8074.07143794596
1428,348.2384833535279,5802.254869122039
1429,376.3796526834179,3645.8857160592397
1430,384.7832190912064,4179.528748533515
1431,346.82465512602664,5234.300726916051
1432,252.10629524459952,4747.482890739503
1433,95.77295418392627,5802.254869122039
1434,48.459741621498885,6938.163153533998
1435,14.965368325001858,3326.411511068373
1436,0.0,8642.025580151947
1437,0.0,26468.598675132238
1438,0.0,35586.29106518898
1439,0.0,34556.87418244063
1440,0.0,28380.372885950583
1441,0.0,22776.007232676242
1442,0.0,16566.604863484477
1443,0.0,12795.034387897882
1444,0.0,12040.720292780567
1445,0.0,12795.034387897882
1446,0.0,10639.851258991263
1447,0.0,12795.034387897882
1448,37.80294718455288,19084.305308337352
1449,41.947445080407775,20007.23078942208
1450,160.04420520286044,20007.23078942208
1451,309.9348993918772,15812.290768367156
1452,291.807295036401,13549.348483015208
1453,373.4519491456412,10639.851258991263
1454,384.96722702360654,9209.979722357926
1455,347.2552897374282,9209.979722357926
1456,264.351048689723,9209.979722357926
1457,78.76233378536433,9885.537163873942
1458,55.29598848910828,12040.720292780567
1459,11.44681156843472,4747.482890739503
1460,0.0,3006.937306077509
1461,0.0,4179.528748533515
1462,0.0,35586.29106518898
1463,0.0,49198.851884496136
1464,0.0,37585.71277335322
1465,0.0,24621.858194845674
1466,0.0,20930.156270506784
1467,0.0,17370.300843465728
1468,0.0,16566.604863484477
1469,0.0,14303.662578132522
1470,0.0,9885.537163873942
1471,0.0,12040.720292780567
1472,7.505945894167493,16566.604863484477
1473,65.12401241557052,15057.976673249845
1474,130.5830656046072,15057.976673249845
1475,249.2785888146701,13549.348483015208
1476,262.2308157452768,12040.720292780567
1477,360.7231029936021,9885.537163873942
1478,344.3370163750936,10639.851258991263
1479,333.8420700593573,10639.851258991263
1480,261.4668954998765,10639.851258991263
1481,83.38193772029712,10639.851258991263
1482,56.95933410705602,8074.07143794596
1483,14.948504644195264,1135.7312482738735
1484,0.0,1135.7312482738735
1485,0.0,2048.5146911049164
1486,0.0,28380.372885950583
1487,0.0,50308.13731849218
1488,0.0,29409.78976869893
1489,0.0,22776.007232676242
1490,0.0,21853.08175159152
1491,0.0,18161.37982725263
1492,0.0,18161.37982725263
1493,0.0,15057.976673249845
1494,0.0,12795.034387897882
1495,0.0,9209.979722357926
1496,9.261130164697905,24621.858194845674
1497,121.29653751826766,29409.78976869893
1498,132.6552373734102,29409.78976869893
1499,307.3266833060097,27350.95600320225
1500,369.1633744115684,27350.95600320225
1501,391.2754102886446,29409.78976869893
1502,386.2556527360429,28380.372885950583
1503,351.96425395834353,27350.95600320225
1504,268.55792367294333,26468.598675132238
1505,54.42488527017596,23698.932713760954
1506,42.39389310268825,16566.604863484477
1507,14.94435143256081,5802.254869122039
1508,0.0,6938.163153533998
1509,0.0,16566.604863484477
1510,0.0,60131.54255651987
1511,0.0,36615.70794793733
1512,0.0,23698.932713760954
1513,0.0,20930.156270506784
1514,0.0,17370.300843465728
1515,0.0,15812.290768367156
1516,0.0,15812.290768367156
1517,0.0,15057.976673249845
1518,0.0,14303.662578132522
1519,0.0,13549.348483015208
1520,21.50744791978633,31468.6235341956
1521,22.359501541705665,31468.6235341956
1522,101.13950531650896,29409.78976869893
1523,154.75282619919935,26468.598675132238
1524,96.39961414910135,25544.783675930397
1525,183.9119784428459,23698.932713760954
1526,82.21667484767273,20007.23078942208
1527,219.095635062013,16566.604863484477
1528,185.20229383565456,15812.290768367156
1529,115.08390787374252,15057.976673249845
1530,66.2335647180261,12795.034387897882
1531,12.295880416057456,4747.482890739503
1532,0.0,6370.2090113280165
1533,0.0,28380.372885950583
1534,0.0,69666.32626975914
1535,0.0,44667.39098398404
1536,0.0,22776.007232676242
1537,0.0,23698.932713760954
1538,0.0,19084.305308337352
1539,0.0,20930.156270506784
1540,0.0,24621.858194845674
1541,0.0,25544.783675930397
1542,0.0,20007.23078942208
1543,0.0,18161.37982725263
1544,7.474999601449928,20007.23078942208
1545,21.442285660741327,23698.932713760954
1546,133.9032937825975,31468.6235341956
1547,317.8339173560404,33527.45729969231
1548,363.7890844190652,35586.29106518898
1549,388.0395122395589,33527.45729969231
1550,386.3672526358814,30439.206651447275
1551,352.32609407011483,28380.372885950583
1552,267.97404646301914,27350.95600320225
1553,50.879890975696846,26468.598675132238
1554,41.40050787524372,22776.007232676242
1555,14.459721241224328,9209.979722357926
1556,0.0,10639.851258991263
1557,0.0,15057.976673249845
1558,0.0,61098.839454964436
1559,0.0,49198.851884496136
1560,0.0,29409.78976869893
1561,0.0,22776.007232676242
1562,0.0,17370.300843465728
1563,0.0,14303.662578132522
1564,0.0,11286.406197663246
1565,0.0,11286.406197663246
1566,0.0,10639.851258991263
1567,0.0,12040.720292780567
1568,50.97450452696713,33527.45729969231
1569,125.03925823255815,31468.6235341956
1570,201.55240873063292,35586.29106518898
1571,320.2345356182113,34556.87418244063
1572,370.113706749432,34556.87418244063
1573,391.64798665650585,32498.04041694395
1574,388.1843788512544,28380.372885950583
1575,351.627610642118,26468.598675132238
1576,272.5078438265149,25544.783675930397
1577,53.08502195503016,25544.783675930397
1578,43.139355762132354,22776.007232676242
1579,14.448978835177492,11286.406197663246
1580,0.0,13549.348483015208
1581,0.0,15812.290768367156
1582,0.0,51417.42275248823
1583,0.0,50308.13731849218
1584,0.0,31468.6235341956
1585,0.0,22776.007232676242
1586,0.0,17370.300843465728
1587,0.0,27350.95600320225
1588,0.0,23698.932713760954
1589,0.0,20930.156270506784
1590,0.0,17370.300843465728
1591,0.0,16566.604863484477
1592,23.669906259713112,21853.08175159152
1593,65.77713013189509,21853.08175159152
1594,154.73146995324907,20007.23078942208
1595,312.4898143767288,14303.662578132522
1596,371.5122144314023,12040.720292780567
1597,390.716883039687,8074.07143794596
1598,386.590775488812,5234.300726916051
1599,352.4975557352993,3645.8857160592397
1600,273.2177094380907,3006.937306077509
1601,65.8416688307722,3006.937306077509
1602,54.73641839044723,2687.4631010866456
1603,13.589851467265577,816.2570432830095
1604,0.0,2048.5146911049164
1605,0.0,2687.4631010866456
1606,0.0,5234.300726916051
1607,0.0,31468.6235341956
1608,0.0,33527.45729969231
1609,0.0,17370.300843465728
1610,0.0,12795.034387897882
1611,0.0,14303.662578132522
1612,0.0,19084.305308337352
1613,0.0,17370.300843465728
1614,0.0,16566.604863484477
1615,0.0,16566.604863484477
1616,24.583618021292736,20007.23078942208
1617,85.2705695305169,20930.156270506784
1618,147.39932987818605,23698.932713760954
1619,246.83028803908323,17370.300843465728
1620,246.04381703595504,14303.662578132522
1621,328.21991279179656,11286.406197663246
1622,362.05545136112215,7506.117295739982
1623,319.1176697964296,5802.254869122039
1624,259.6673546706694,5234.300726916051
1625,114.0687089242344,4747.482890739503
1626,64.0068165829421,5234.300726916051
1627,6.587945312559794,2048.5146911049164
1628,0.0,2367.98889609578
1629,0.0,3645.8857160592397
1630,0.0,16566.604863484477
1631,0.0,52526.708186484306
1632,0.0,38765.99247512504
1633,0.0,23698.932713760954
1634,0.0,18161.37982725263
1635,0.0,15812.290768367156
1636,0.0,12795.034387897882
1637,0.0,9209.979722357926
1638,0.0,6370.2090113280165
1639,0.0,6370.2090113280165
1640,25.39344962369774,9885.537163873942
1641,68.68738953656819,9885.537163873942
1642,184.3356865164732,9209.979722357926
1643,293.85628902864937,8074.07143794596
1644,348.6527693848776,7506.117295739982
1645,373.4309397964074,6370.2090113280165
1646,379.379697084722,6370.2090113280165
1647,345.4870550040503,6938.163153533998
1648,275.0549178900328,8074.07143794596
1649,61.611178973750576,9885.537163873942
1650,56.418513182262615,10639.851258991263
1651,14.039099688515924,4179.528748533515
1652,0.0,3326.411511068373
1653,0.0,4179.528748533515
1654,0.0,29409.78976869893
1655,0.0,66902.62084563181
1656,0.0,39946.272176896855
1657,0.0,31468.6235341956
1658,0.0,24621.858194845674
1659,0.0,20007.23078942208
1660,0.0,15812.290768367156
1661,0.0,13549.348483015208
1662,0.0,11286.406197663246
1663,0.0,12040.720292780567
1664,23.68280149942501,11286.406197663246
1665,129.26990138553643,9209.979722357926
1666,198.80257614433205,7506.117295739982
1667,297.64521440216095,5802.254869122039
1668,363.9677489413861,4747.482890739503
1669,380.647336650102,4747.482890739503
1670,380.359192115684,4747.482890739503
1671,350.93455658631086,3326.411511068373
1672,275.6234205220214,3006.937306077509
1673,63.71613833172697,4747.482890739503
1674,54.36783077539334,5234.300726916051
1675,13.18954363498324,4179.528748533515
1676,0.0,4179.528748533515
1677,0.0,5802.254869122039
1678,0.0,5802.254869122039
1679,0.0,19084.305308337352
1680,0.0,44667.39098398404
1681,0.0,35586.29106518898
1682,0.0,27350.95600320225
1683,0.0,28380.372885950583
1684,0.0,36615.70794793733
1685,0.0,39946.272176896855
1686,0.0,33527.45729969231
1687,0.0,29409.78976869893
1688,21.088864718682,31468.6235341956
1689,133.01400118397692,28380.372885950583
1690,77.21979075418211,25544.783675930397
1691,315.4637239392208,17370.300843465728
1692,355.80556608644764,14303.662578132522
1693,374.303161262481,13549.348483015208
1694,364.0304939185965,14303.662578132522
1695,334.4871912549667,14303.662578132522
1696,260.1694421987002,12795.034387897882
1697,65.29686736017499,11286.406197663246
1698,52.10492866016834,10639.851258991263
1699,12.715032503424256,3326.411511068373
1700,0.0,2687.4631010866456
1701,0.0,3326.411511068373
1702,0.0,6938.163153533998
1703,0.0,18161.37982725263
1704,0.0,51417.42275248823
1705,0.0,36615.70794793733
1706,0.0,23698.932713760954
1707,0.0,20930.156270506784
1708,0.0,19084.305308337352
1709,0.0,17370.300843465728
1710,0.0,14303.662578132522
1711,0.0,16566.604863484477
1712,25.37255218384449,30439.206651447275
1713,138.04357334075775,29409.78976869893
1714,163.65468321476703,30439.206651447275
1715,282.5404184172163,26468.598675132238
1716,316.56256306703136,24621.858194845674
1717,341.7649929371227,22776.007232676242
1718,93.5999896006982,21853.08175159152
1719,347.271139536399,20930.156270506784
1720,275.1765719815877,20930.156270506784
1721,67.7843829929261,21853.08175159152
1722,53.46256594065335,19084.305308337352
1723,13.15316645483974,5802.254869122039
1724,0.0,3326.411511068373
1725,0.0,2687.4631010866456
1726,0.0,8074.07143794596
1727,0.0,47027.95038752768
1728,0.0,42306.83158044045
1729,0.0,21853.08175159152
1730,0.0,24621.858194845674
1731,0.0,20930.156270506784
1732,0.0,18161.37982725263
1733,0.0,16566.604863484477
1734,0.0,15812.290768367156
1735,0.0,20930.156270506784
1736,27.984187491091976,34556.87418244063
1737,102.19661581104764,32498.04041694395
1738,148.0868194240424,34556.87418244063
1739,295.2961036937872,31468.6235341956
1740,369.9796984108247,26468.598675132238
1741,381.41856714706944,20930.156270506784
1742,385.7147224343456,17370.300843465728
1743,351.0240828363866,15057.976673249845
1744,277.2554732340783,13549.348483015208
1745,59.497308962397526,13549.348483015208
1746,51.33178983810305,12040.720292780567
1747,12.722901580542905,6370.2090113280165
1748,0.0,10639.851258991263
1749,0.0,51417.42275248823
1750,0.0,64000.73015029813
1751,0.0,42306.83158044045
1752,0.0,31468.6235341956
1753,0.0,25544.783675930397
1754,0.0,17370.300843465728
1755,0.0,19084.305308337352
1756,0.0,27350.95600320225
1757,0.0,22776.007232676242
1758,0.0,20007.23078942208
1759,0.0,20007.23078942208
1760,5.727884662632,25544.783675930397
1761,124.96552475067412,29409.78976869893
1762,185.18639137396505,37585.71277335322
1763,315.63541597775486,35586.29106518898
1764,373.1205019502255,31468.6235341956
1765,395.2120691606949,25544.783675930397
1766,389.1159617089322,20007.23078942208
1767,348.2013697712516,15812.290768367156
1768,284.43587862913205,13549.348483015208
1769,61.09775149011957,14303.662578132522
1770,42.6458085579859,15812.290768367156
1771,12.711168013755218,12040.720292780567
1772,0.0,9885.537163873942
1773,0.0,10639.851258991263
1774,0.0,39946.272176896855
1775,0.0,60131.54255651987
1776,0.0,42306.83158044045
1777,0.0,30439.206651447275
1778,0.0,25544.783675930397
1779,0.0,20930.156270506784
1780,0.0,20007.23078942208
1781,0.0,24621.858194845674
1782,0.0,18161.37982725263
1783,0.0,19084.305308337352
1784,21.470141983986423,20930.156270506784
1785,112.27510453661546,20930.156270506784
1786,170.01812977510363,22776.007232676242
1787,310.8269859388035,22776.007232676242
1788,365.2683602679074,23698.932713760954
1789,395.5061611470007,21853.08175159152
1790,393.3631959531239,17370.300843465728
1791,360.8440481080679,15057.976673249845
1792,289.4770222252216,13549.348483015208
1793,63.33107648193979,13549.348483015208
1794,44.44700113047976,13549.348483015208
1795,12.293199119810932,6938.163153533998
1796,0.0,7506.117295739982
1797,0.0,28380.372885950583
1798,0.0,68699.02937131457
1799,0.0,48039.61870333207
1800,0.0,31468.6235341956
1801,0.0,20930.156270506784
1802,0.0,15057.976673249845
1803,0.0,12040.720292780567
1804,0.0,15812.290768367156
1805,0.0,13549.348483015208
1806,0.0,9885.537163873942
1807,0.0,9885.537163873942
1808,22.34799162708403,13549.348483015208
1809,118.11504594792076,18161.37982725263
1810,200.60947982648472,20930.156270506784
1811,308.85899160969427,19084.305308337352
1812,274.504383169728,15812.290768367156
1813,336.5048656914776,11286.406197663246
1814,331.0988721931,9209.979722357926
1815,355.6801666267904,7506.117295739982
1816,280.91145034932026,7506.117295739982
1817,68.29955876344735,8074.07143794596
1818,39.27986224452284,8642.025580151947
1819,12.287677630422252,5802.254869122039
1820,0.0,9209.979722357926
1821,0.0,15812.290768367156
1822,0.0,29409.78976869893
1823,0.0,33527.45729969231
1824,0.0,27350.95600320225
1825,0.0,23698.932713760954
1826,0.0,21853.08175159152
1827,0.0,21853.08175159152
1828,0.0,24621.858194845674
1829,0.0,20930.156270506784
1830,0.0,20007.23078942208
1831,0.0,15057.976673249845
1832,34.03118998586968,13549.348483015208
1833,141.07657514236053,14303.662578132522
1834,200.5495771638296,16566.604863484477
1835,322.1262565850082,15057.976673249845
1836,382.0426228328159,12795.034387897882
1837,396.66950987924696,9885.537163873942
1838,386.6075474606004,8642.025580151947
1839,361.912307870334,8074.07143794596
1840,287.62719303289026,9209.979722357926
1841,52.63099726640453,11286.406197663246
1842,57.72438456606032,12040.720292780567
1843,11.867781242415944,6938.163153533998
1844,0.0,5802.254869122039
1845,0.0,8074.07143794596
1846,0.0,42306.83158044045
1847,0.0,49198.851884496136
1848,0.0,34556.87418244063
1849,0.0,26468.598675132238
1850,0.0,25544.783675930397
1851,0.0,24621.858194845674
1852,0.0,22776.007232676242
1853,0.0,24621.858194845674
1854,0.0,24621.858194845674
1855,0.0,22776.007232676242
1856,31.47538386794401,27350.95600320225
1857,113.2361529431382,25544.783675930397
1858,175.42696579188106,27350.95600320225
1859,313.1948334576817,24621.858194845674
1860,380.7688115149684,21853.08175159152
1861,404.6778000388175,19084.305308337352
1862,400.0981342451875,16566.604863484477
1863,366.0547903511486,15057.976673249845
1864,300.0733857970571,15057.976673249845
1865,50.54348973717017,15812.290768367156
1866,40.1863716823394,15057.976673249845
1867,11.421182690287877,5802.254869122039
1868,0.0,4747.482890739503
1869,0.0,4747.482890739503
1870,0.0,55854.564488472475
1871,0.0,55854.564488472475
1872,0.0,34556.87418244063
1873,0.0,25544.783675930397
1874,0.0,20930.156270506784
1875,0.0,20930.156270506784
1876,0.0,30439.206651447275
1877,0.0,28380.372885950583
1878,0.0,24621.858194845674
1879,0.0,22776.007232676242
1880,19.31584771914108,27350.95600320225
1881,124.97159332814992,28380.372885950583
1882,179.444339304285,28380.372885950583
1883,322.8325300268278,24621.858194845674
1884,384.2351832876371,20007.23078942208
1885,402.5236763424722,15812.290768367156
1886,399.938735647777,14303.662578132522
1887,365.7049133930152,14303.662578132522
1888,303.171480592836,14303.662578132522
1889,51.39654380287907,14303.662578132522
1890,40.149930051086535,13549.348483015208
1891,10.978202109075973,3645.8857160592397
1892,0.0,3006.937306077509
1893,0.0,16566.604863484477
1894,0.0,64968.02704874271
1895,0.0,52526.708186484306
1896,0.0,36615.70794793733
1897,0.0,27350.95600320225
1898,0.0,26468.598675132238
1899,0.0,29409.78976869893
1900,0.0,23698.932713760954
1901,0.0,15812.290768367156
1902,0.0,12040.720292780567
1903,0.0,15812.290768367156
1904,31.52161868918281,21853.08175159152
1905,137.77014607309252,23698.932713760954
1906,185.98225183238864,18161.37982725263
1907,323.5581886563132,14303.662578132522
1908,383.7406013455358,10639.851258991263
1909,405.1796558079666,7506.117295739982
1910,400.69563184024327,6938.163153533998
1911,370.36206796865,6370.2090113280165
1912,308.91155984664675,5802.254869122039
1913,51.36381095205973,5802.254869122039
1914,38.85914387937332,4747.482890739503
1915,10.970178117724355,816.2570432830095
1916,0.0,1409.5662811231873
1917,0.0,3326.411511068373
1918,0.0,11286.406197663246
1919,0.0,42306.83158044045
1920,0.0,38765.99247512504
1921,0.0,21853.08175159152
1922,0.0,18161.37982725263
1923,0.0,20930.156270506784
1924,0.0,23698.932713760954
1925,0.0,29409.78976869893
1926,0.0,28380.372885950583
1927,0.0,28380.372885950583
1928,26.782243971722377,31468.6235341956
1929,125.67041733689388,24621.858194845674
1930,115.17615645663687,20007.23078942208
1931,314.99377358217674,15812.290768367156
1932,388.621755764106,13549.348483015208
1933,404.8544627568461,12040.720292780567
1934,397.710330956492,9209.979722357926
1935,367.2880873728219,8074.07143794596
1936,304.6410357884575,8074.07143794596
1937,50.64891240495024,8074.07143794596
1938,39.85371252175487,8074.07143794596
1939,10.123487459709292,2367.98889609578
1940,0.0,2687.4631010866456
1941,0.0,20007.23078942208
1942,0.0,64968.02704874271
1943,0.0,55854.564488472475
1944,0.0,33527.45729969231
1945,0.0,24621.858194845674
1946,0.0,20930.156270506784
1947,0.0,16566.604863484477
1948,0.0,20930.156270506784
1949,0.0,21853.08175159152
1950,0.0,19084.305308337352
1951,0.0,21853.08175159152
1952,22.023007657929767,27350.95600320225
1953,122.45254260010816,26468.598675132238
1954,183.09989251821,24621.858194845674
1955,324.22186606612127,18161.37982725263
1956,379.2287543761276,15057.976673249845
1957,400.32450448004926,14303.662578132522
1958,358.2691404157601,14303.662578132522
1959,329.4144255359336,12040.720292780567
1960,85.33266078449927,10639.851258991263
1961,112.12629794299237,10639.851258991263
1962,47.93863276095225,12795.034387897882
1963,10.107402964942386,7506.117295739982
1964,0.0,4747.482890739503
1965,0.0,2687.4631010866456
1966,0.0,10639.851258991263
1967,0.0,41126.55187866863
1968,0.0,44667.39098398404
1969,0.0,32498.04041694395
1970,0.0,22776.007232676242
1971,0.0,15057.976673249845
1972,0.0,12795.034387897882
1973,0.0,16566.604863484477
1974,0.0,20007.23078942208
1975,0.0,23698.932713760954
1976,53.97934377472162,28380.372885950583
1977,125.92455461926843,24621.858194845674
1978,170.44122018729445,21853.08175159152
1979,326.8931028000146,20930.156270506784
1980,374.7944505595816,18161.37982725263
1981,381.4455385975669,14303.662578132522
1982,363.1001554040214,12040.720292780567
1983,353.7493935234489,11286.406197663246
1984,57.90267423380293,12040.720292780567
1985,50.74083335741911,14303.662578132522
1986,46.7765006151431,15057.976673249845
1987,9.686290830919551,7506.117295739982
1988,0.0,6938.163153533998
1989,0.0,6938.163153533998
1990,0.0,26468.598675132238
1991,0.0,52526.708186484306
1992,0.0,41126.55187866863
1993,0.0,28380.372885950583
1994,0.0,20930.156270506784
1995,0.0,19084.305308337352
1996,0.0,17370.300843465728
1997,0.0,25544.783675930397
1998,0.0,25544.783675930397
1999,0.0,27350.95600320225
2000,18.968722919001568,30439.206651447275
2001,140.22653877245355,26468.598675132238
2002,185.6109817965984,22776.007232676242
2003,324.48490840953747,18161.37982725263
2004,330.03784409417386,17370.300843465728
2005,395.5090351081658,16566.604863484477
2006,385.7932202842265,14303.662578132522
2007,363.1480931483114,15057.976673249845
2008,60.21932775479813,16566.604863484477
2009,54.1934721411199,19084.305308337352
2010,39.92177359626831,17370.300843465728
2011,9.254086359562248,6938.163153533998
2012,0.0,4179.528748533515
2013,0.0,6938.163153533998
2014,0.0,59023.951442746926
2015,0.0,55854.564488472475
2016,0.0,37585.71277335322
2017,0.0,32498.04041694395
2018,0.0,25544.783675930397
2019,0.0,18161.37982725263
2020,0.0,15057.976673249845
2021,0.0,17370.300843465728
2022,0.0,18161.37982725263
2023,0.0,18161.37982725263
2024,23.78645072670377,20007.23078942208
2025,144.25670057299124,15057.976673249845
2026,76.54508585954295,9885.537163873942
2027,124.16967384600962,8074.07143794596
2028,340.4971268000796,8074.07143794596
2029,360.1972970931386,5802.254869122039
2030,355.16694067565305,3326.411511068373
2031,348.4633569101039,2367.98889609578
2032,89.68195469047794,2048.5146911049164
2033,104.45226207207484,1729.0404861140526
2034,39.429219979291766,2048.5146911049164
2035,8.3670495654198,367.75478170978005
2036,0.0,412.12619906962226
2037,0.0,816.2570432830095
2038,0.0,1409.5662811231873
2039,0.0,11286.406197663246
2040,0.0,37585.71277335322
2041,0.0,29409.78976869893
2042,0.0,15812.290768367156
2043,0.0,8642.025580151947
2044,0.0,3645.8857160592397
2045,0.0,2048.5146911049164
2046,0.0,1135.7312482738735
2047,0.0,2367.98889609578
2048,5.323044652556701,9209.979722357926
2049,33.9116848035595,12040.720292780567
2050,108.54752848712792,12795.034387897882
2051,189.7491282554752,13549.348483015208
2052,44.70143713337328,12040.720292780567
2053,52.58216495838799,8642.025580151947
2054,52.39549427290449,6938.163153533998
2055,38.07239589365015,8074.07143794596
2056,38.48072933549355,8074.07143794596
2057,44.90087184136441,6938.163153533998
2058,40.573096718303646,8074.07143794596
2059,5.730036009184557,3645.8857160592397
2060,0.0,3645.8857160592397
2061,0.0,5234.300726916051
2062,0.0,13549.348483015208
2063,0.0,53635.99362048036
2064,0.0,42306.83158044045
2065,0.0,26468.598675132238
2066,0.0,23698.932713760954
2067,0.0,20007.23078942208
2068,0.0,14303.662578132522
2069,0.0,15057.976673249845
2070,0.0,15812.290768367156
2071,0.0,20930.156270506784
2072,59.68570749932341,24621.858194845674
2073,116.54276305791234,22776.007232676242
2074,255.7380784622208,20007.23078942208
2075,343.197788568662,12040.720292780567
2076,331.8551085771935,6938.163153533998
2077,335.7852717122315,5234.300726916051
2078,335.7473972872774,5234.300726916051
2079,138.5192867210331,6370.2090113280165
2080,151.1321247153805,6938.163153533998
2081,109.01751916429656,7506.117295739982
2082,47.49629318601666,7506.117295739982
2083,2.204178409237461,4179.528748533515
2084,0.0,3006.937306077509
2085,0.0,3326.411511068373
2086,0.0,14303.662578132522
2087,0.0,32498.04041694395
2088,0.0,47027.95038752768
2089,0.0,41126.55187866863
2090,0.0,28380.372885950583
2091,0.0,19084.305308337352
2092,0.0,13549.348483015208
2093,0.0,12040.720292780567
2094,0.0,11286.406197663246
2095,0.0,17370.300843465728
2096,58.627879349481255,23698.932713760954
2097,165.82164561483953,22776.007232676242
2098,186.284091853254,20930.156270506784
2099,335.02233658683684,17370.300843465728
2100,136.57572585561763,15057.976673249845
2101,376.57304049752514,12795.034387897882
2102,376.7053752045418,12795.034387897882
2103,361.07544336126745,12040.720292780567
2104,62.77155588438112,10639.851258991263
2105,52.67731150212948,9209.979722357926
2106,39.22446102051844,12040.720292780567
2107,8.32061871774956,14303.662578132522
2108,0.0,12795.034387897882
2109,0.0,25544.783675930397
2110,0.0,42306.83158044045
2111,0.0,53635.99362048036
2112,0.0,48039.61870333207
2113,0.0,36615.70794793733
2114,0.0,27350.95600320225
2115,0.0,23698.932713760954
2116,0.0,21853.08175159152
2117,0.0,16566.604863484477
2118,0.0,13549.348483015208
2119,0.0,14303.662578132522
2120,6.6368470745814,17370.300843465728
2121,158.47027556132878,19084.305308337352
2122,176.88213216583762,15812.290768367156
2123,332.81318476197214,13549.348483015208
2124,374.28747016897705,13549.348483015208
2125,398.8679018874861,15057.976673249845
2126,396.918126025516,14303.662578132522
2127,187.79443858444372,12795.034387897882
2128,84.217048261328,14303.662578132522
2129,98.5904703487022,20930.156270506784
2130,45.8407354652546,22776.007232676242
2131,7.928679835399337,19084.305308337352
2132,0.0,36615.70794793733
2133,0.0,54745.2790544764
2134,0.0,59023.951442746926
2135,0.0,49198.851884496136
2136,0.0,33527.45729969231
2137,0.0,29409.78976869893
2138,0.0,22776.007232676242
2139,0.0,27350.95600320225
2140,0.0,22776.007232676242
2141,0.0,19084.305308337352
2142,0.0,12795.034387897882
2143,0.0,9209.979722357926
2144,56.82328045096162,9885.537163873942
2145,163.5958796989007,11286.406197663246
2146,206.06190589654707,9885.537163873942
2147,343.78863550410057,9209.979722357926
2148,382.9459135549916,10639.851258991263
2149,394.0519254674933,12795.034387897882
2150,368.9629427075848,13549.348483015208
2151,341.83959894754173,12795.034387897882
2152,106.14191441576102,14303.662578132522
2153,57.80693109689897,16566.604863484477
2154,45.77109585290198,16566.604863484477
2155,6.59896862253358,27498.015557880582
2156,0.0,25808.476670526026
2157,0.0,24094.472205654405
2158,0.0,22380.467740782784
2159,0.0,20798.30977320898
2160,0.0,19084.305308337352
2161,0.0,17502.147340763546
2162,0.0,16027.809081257823
2163,0.0,14734.699203913848
2164,0.0,13333.830170124542
2165,0.0,11932.96113633523
2166,0.0,10639.851258991263
2167,0.0,9291.11602838735
2168,41.3879264888849,8317.480356034239
2169,85.1932132906733,7262.708377651704
2170,223.1848029104992,6289.072705298592
2171,316.9643002228468,10639.851258991263
2172,383.2886647252682,5234.300726916051
2173,407.65663471377246,1135.7312482738735
2174,398.3603682380517,1135.7312482738735
2175,368.1906763914262,1409.5662811231873
2176,49.11645964992234,816.2570432830095
2177,43.43837324663184,367.75478170978005
2178,38.16863775131645,152.23646881911748
2179,7.507232909021153,152.23646881911748
2180,0.0,234.64052963025327
2181,0.0,279.01194699009545
2182,0.0,234.64052963025327
2183,0.0,107.86505145927525
2184,0.0,0.0
2185,0.0,0.0
2186,0.0,19.12221673959045
2187,0.0,2367.98889609578
2188,0.0,4179.528748533515
2189,0.0,3006.937306077509
2190,0.0,2048.5146911049164
2191,0.0,1729.0404861140526
2192,5.786401288861576,9209.979722357926
2193,167.74378751614344,10639.851258991263
2194,226.2334503312929,15057.976673249845
2195,336.0394423672317,14303.662578132522
2196,374.7133498903616,12040.720292780567
2197,400.8330580487616,9885.537163873942
2198,389.8700201532248,6370.2090113280165
2199,354.32712163870434,4179.528748533515
2200,90.52631428897392,4179.528748533515
2201,41.01166514766715,4747.482890739503
2202,46.873973351064,2687.4631010866456
2203,7.5251293136053,1729.0404861140526
2204,0.0,1729.0404861140526
2205,0.0,816.2570432830095
2206,0.0,107.86505145927525
2207,0.0,1409.5662811231873
2208,0.0,15812.290768367156
2209,0.0,17370.300843465728
2210,0.0,9885.537163873942
2211,0.0,6370.2090113280165
2212,0.0,3645.8857160592397
2213,0.0,2048.5146911049164
2214,0.0,816.2570432830095
2215,0.0,496.78283829214564
2216,33.55021545339501,18161.37982725263
2217,145.32785207845757,13549.348483015208
2218,205.92147368048003,10639.851258991263
2219,333.4446610708654,10639.851258991263
2220,387.13993267010056,11286.406197663246
2221,406.6910520492503,9885.537163873942
2222,398.6611718710226,9885.537163873942
2223,368.17962010378136,8642.025580151947
2224,91.9379582499537,7506.117295739982
2225,105.5434962027688,6938.163153533998
2226,48.88759507854966,2687.4631010866456
2227,7.070079073456784,1729.0404861140526
2228,0.0,2048.5146911049164
2229,0.0,1135.7312482738735
2230,0.0,3326.411511068373
2231,0.0,7506.117295739982
2232,0.0,18161.37982725263
2233,0.0,18161.37982725263
2234,0.0,12795.034387897882
2235,0.0,8074.07143794596
2236,0.0,3645.8857160592397
2237,0.0,1729.0404861140526
2238,0.0,1135.7312482738735
2239,0.0,1135.7312482738735
2240,49.36707240950478,9885.537163873942
2241,115.4341529570268,9885.537163873942
2242,235.6766779110758,11286.406197663246
2243,322.88102645092744,8642.025580151947
2244,366.1007330061489,4747.482890739503
2245,64.03337324041071,2687.4631010866456
2246,88.14764878544543,1729.0404861140526
2247,220.9173248084086,2367.98889609578
2248,115.1818927564488,2687.4631010866456
2249,80.39927337627405,3326.411511068373
2250,57.59756805161021,1729.0404861140526
2251,6.633409659869697,1729.0404861140526
2252,0.0,1409.5662811231873
2253,0.0,323.38336434993766
2254,0.0,0.0
2255,0.0,63.49363409943286
2256,0.0,11286.406197663246
2257,0.0,15812.290768367156
2258,0.0,7506.117295739982
2259,0.0,3645.8857160592397
2260,0.0,2367.98889609578
2261,0.0,1135.7312482738735
2262,0.0,367.75478170978005
2263,0.0,367.75478170978005
2264,65.16914817117316,12795.034387897882
2265,152.86391677979717,14303.662578132522
2266,235.00748202235965,12040.720292780567
2267,332.3905533210174,10639.851258991263
2268,370.14005996110166,7506.117295739982
2269,401.88992376392025,6370.2090113280165
2270,382.2505290582493,4179.528748533515
2271,371.9170978658505,4179.528748533515
2272,47.70078197907923,5234.300726916051
2273,84.6200207629818,6370.2090113280165
2274,50.79393486922823,3645.8857160592397
2275,6.160773726042965,2687.4631010866456
2276,0.0,2367.98889609578
2277,0.0,1729.0404861140526
2278,0.0,3006.937306077509
2279,0.0,10639.851258991263
2280,0.0,15812.290768367156
2281,0.0,11286.406197663246
2282,0.0,6938.163153533998
2283,0.0,4179.528748533515
2284,0.0,2687.4631010866456
2285,0.0,2048.5146911049164
2286,0.0,496.78283829214564
2287,0.0,279.01194699009545
2288,64.6597745077926,16566.604863484477
2289,158.23573001602077,16566.604863484477
2290,231.6645206205224,6938.163153533998
2291,332.6995132083135,4747.482890739503
2292,387.4049277226763,4179.528748533515
2293,410.2694298367867,3326.411511068373
2294,402.2849793359608,2687.4631010866456
2295,370.7670793475719,2048.5146911049164
2296,91.63253472279648,2367.98889609578
2297,52.390146379035286,3006.937306077509
2298,32.93074138171558,367.75478170978005
2299,6.626171543124404,367.75478170978005
2300,0.0,190.26911227041086
2301,0.0,63.49363409943286
2302,0.0,107.86505145927525
2303,0.0,1409.5662811231873
2304,0.0,8074.07143794596
2305,0.0,15057.976673249845
2306,0.0,13549.348483015208
2307,0.0,9209.979722357926
2308,0.0,6370.2090113280165
2309,0.0,4747.482890739503
2310,0.0,3645.8857160592397
2311,0.0,3645.8857160592397
2312,23.763840157544973,28380.372885950583
2313,164.29440424259832,27350.95600320225
2314,243.40138529411607,32498.04041694395
2315,339.0858451034568,26468.598675132238
2316,368.4741948618369,19084.305308337352
2317,382.6723518225576,12040.720292780567
2318,395.5591430625122,7506.117295739982
2319,365.6291412517313,4747.482890739503
2320,105.05257348566516,5234.300726916051
2321,40.18810053284852,5802.254869122039
2322,34.60920065533522,2687.4631010866456
2323,3.0895321478370543,1135.7312482738735
2324,0.0,816.2570432830095
2325,0.0,3326.411511068373
2326,0.0,3006.937306077509
2327,0.0,12795.034387897882
2328,0.0,22776.007232676242
2329,0.0,18161.37982725263
2330,0.0,13549.348483015208
2331,0.0,11286.406197663246
2332,0.0,7506.117295739982
2333,0.0,3645.8857160592397
2334,0.0,2367.98889609578
2335,0.0,2367.98889609578
2336,54.44882036260493,28380.372885950583
2337,136.33294529151155,24621.858194845674
2338,250.92496053666312,24621.858194845674
2339,327.89392997486607,18161.37982725263
2340,380.4608926921733,15057.976673249845
2341,392.9121432103268,13549.348483015208
2342,398.7343736978684,12795.034387897882
2343,365.7450095719633,12795.034387897882
2344,112.89994764748508,13549.348483015208
2345,77.21691481976298,13549.348483015208
2346,54.750823949835166,7506.117295739982
2347,4.402818126544284,5234.300726916051
2348,0.0,15812.290768367156
2349,0.0,23698.932713760954
2350,0.0,31468.6235341956
2351,0.0,32498.04041694395
2352,0.0,29409.78976869893
2353,0.0,20930.156270506784
2354,0.0,14303.662578132522
2355,0.0,11286.406197663246
2356,0.0,9209.979722357926
2357,0.0,6938.163153533998
2358,0.0,3326.411511068373
2359,0.0,3645.8857160592397
2360,48.67892646775746,18161.37982725263
2361,156.81007232551946,20007.23078942208
2362,257.64013397771333,15812.290768367156
2363,334.8797182523884,9885.537163873942
2364,384.3479918253126,6938.163153533998
2365,408.6092009121435,5802.254869122039
2366,399.3161709421728,5234.300726916051
2367,370.77207160996295,3645.8857160592397
2368,50.240232428794265,3326.411511068373
2369,44.540593305099904,3645.8857160592397
2370,33.245406113173075,3006.937306077509
2371,5.725004344612404,2367.98889609578
2372,0.0,4179.528748533515
2373,0.0,8074.07143794596
2374,0.0,32498.04041694395
2375,0.0,30439.206651447275
2376,0.0,21853.08175159152
2377,0.0,17370.300843465728
2378,0.0,14303.662578132522
2379,0.0,9885.537163873942
2380,0.0,6938.163153533998
2381,0.0,3645.8857160592397
2382,0.0,1409.5662811231873
2383,0.0,496.78283829214564
2384,57.16672987934093,11286.406197663246
2385,156.13567596474925,15057.976673249845
2386,255.80094044047385,18161.37982725263
2387,324.1928703328095,18161.37982725263
2388,381.8759028172205,20007.23078942208
2389,404.0571227273836,23698.932713760954
2390,397.9337210595602,25544.783675930397
2391,369.1707102846318,25544.783675930397
2392,51.93116303726487,24621.858194845674
2393,41.17371748343496,23698.932713760954
2394,32.37134564941923,31468.6235341956
2395,5.2798562936201945,30439.206651447275
2396,0.0,21853.08175159152
2397,0.0,13549.348483015208
2398,0.0,9209.979722357926
2399,0.0,9209.979722357926
2400,0.0,10639.851258991263
2401,0.0,12795.034387897882
2402,0.0,12795.034387897882
2403,0.0,10639.851258991263
2404,0.0,6370.2090113280165
2405,0.0,3006.937306077509
2406,0.0,816.2570432830095
2407,0.0,496.78283829214564
2408,58.9518084085359,5802.254869122039
2409,158.58091404470207,9209.979722357926
2410,254.81698088404087,12040.720292780567
2411,337.1099935080522,14303.662578132522
2412,382.86346465075775,14303.662578132522
2413,407.5258372125309,13549.348483015208
2414,401.5664761515499,12040.720292780567
2415,373.2429307751976,9885.537163873942
2416,44.73760194200887,8642.025580151947
2417,41.0781908354146,3326.411511068373
2418,31.50309831933804,3326.411511068373
2419,5.278116536703009,2687.4631010866456
2420,0.0,18161.37982725263
2421,0.0,42306.83158044045
2422,0.0,37585.71277335322
2423,0.0,34556.87418244063
2424,0.0,23698.932713760954
2425,0.0,15812.290768367156
2426,0.0,13549.348483015208
2427,0.0,1729.0404861140526
2428,0.0,412.12619906962226
2429,0.0,279.01194699009545
2430,0.0,107.86505145927525
2431,0.0,323.38336434993766
2432,52.83629384921345,1135.7312482738735
2433,158.94898299595394,1729.0404861140526
2434,258.614491460694,1409.5662811231873
2435,339.1836880410844,323.38336434993766
2436,377.7319428280303,816.2570432830095
2437,406.4732176284642,496.78283829214564
2438,392.9783082697693,412.12619906962226
2439,345.6806262150912,1135.7312482738735
2440,81.32389528933028,816.2570432830095
2441,50.48167361506959,2048.5146911049164
2442,46.81846170183998,6370.2090113280165
2443,1.3253970661705388,5802.254869122039
2444,0.0,3645.8857160592397
2445,0.0,3645.8857160592397
2446,0.0,14303.662578132522
2447,0.0,11286.406197663246
2448,0.0,8074.07143794596
2449,0.0,4179.528748533515
2450,0.0,2687.4631010866456
2451,0.0,1135.7312482738735
2452,0.0,412.12619906962226
2453,0.0,367.75478170978005
2454,0.0,190.26911227041086
2455,0.0,107.86505145927525
2456,49.9364181387144,2687.4631010866456
2457,152.65826748955132,1135.7312482738735
2458,259.010354623541,3645.8857160592397
2459,334.7816983300937,2367.98889609578
2460,378.833647226241,816.2570432830095
2461,400.7484238818429,234.64052963025327
2462,390.5264128987705,152.23646881911748
2463,372.5598767296734,152.23646881911748
2464,68.30792121583595,412.12619906962226
2465,55.89964607082786,3006.937306077509
2466,41.181371413237386,5234.300726916051
2467,3.531806582459828,2048.5146911049164
2468,0.0,5802.254869122039
2469,0.0,11286.406197663246
2470,0.0,3006.937306077509
2471,0.0,7506.117295739982
2472,0.0,12040.720292780567
2473,0.0,15057.976673249845
2474,0.0,13549.348483015208
2475,0.0,9209.979722357926
2476,0.0,6370.2090113280165
2477,0.0,9885.537163873942
2478,0.0,367.75478170978005
2479,0.0,0.0
2480,69.04375344290295,816.2570432830095
2481,156.5882807827525,323.38336434993766
2482,259.8623305979123,3645.8857160592397
2483,337.5228283923494,4747.482890739503
2484,364.3744208140608,4747.482890739503
2485,267.7743399812967,3006.937306077509
2486,334.9365248471963,1409.5662811231873
2487,311.1263865200837,412.12619906962226
2488,37.340944905072334,816.2570432830095
2489,19.395944006174773,816.2570432830095
2490,15.891361251126826,323.38336434993766
2491,0.4434739615105081,412.12619906962226
2492,0.0,2048.5146911049164
2493,0.0,5802.254869122039
2494,0.0,9885.537163873942
2495,0.0,16566.604863484477
2496,0.0,15812.290768367156
2497,0.0,13549.348483015208
2498,0.0,9885.537163873942
2499,0.0,6938.163153533998
2500,0.0,4179.528748533515
2501,0.0,2367.98889609578
2502,0.0,279.01194699009545
2503,0.0,0.0
2504,50.953123947504,0.0
2505,102.89961279097692,0.0
2506,136.68218537508514,0.0
2507,98.0504086308926,0.0
2508,37.71178573896373,0.0
2509,39.88546188787669,63.49363409943286
2510,38.5651945109109,234.64052963025327
2511,44.69637319456495,496.78283829214564
2512,43.380656687388544,323.38336434993766
2513,47.600088876552704,323.38336434993766
2514,42.87392551681113,323.38336434993766
2515,3.534466993263337,107.86505145927525
2516,0.0,323.38336434993766
2517,0.0,190.26911227041086
2518,0.0,7506.117295739982
2519,0.0,1729.0404861140526
2520,0.0,412.12619906962226
2521,0.0,279.01194699009545
2522,0.0,367.75478170978005
2523,0.0,107.86505145927525
2524,0.0,0.0
2525,0.0,190.26911227041086
2526,0.0,190.26911227041086
2527,0.0,0.0
2528,59.55068975771261,0.0
2529,171.5682169225105,0.0
2530,258.71421425034026,107.86505145927525
2531,329.07220817171697,234.64052963025327
2532,371.9797663736299,152.23646881911748
2533,370.7180124168501,107.86505145927525
2534,357.7313607746256,19.12221673959045
2535,322.8138576771059,0.0
2536,143.58136265449855,0.0
2537,102.30860818007824,234.64052963025327
2538,36.45728208739619,1135.7312482738735
2539,3.5356587359328824,323.38336434993766
2540,0.0,3006.937306077509
2541,0.0,8642.025580151947
2542,0.0,19.12221673959045
2543,0.0,152.23646881911748
2544,0.0,3645.8857160592397
2545,0.0,2048.5146911049164
2546,0.0,107.86505145927525
2547,0.0,107.86505145927525
2548,0.0,19.12221673959045
2549,0.0,0.0
2550,0.0,0.0
2551,0.0,0.0
2552,65.21518443539759,367.75478170978005
2553,158.45646976831634,1135.7312482738735
2554,263.28440904165257,496.78283829214564
2555,322.66252763176186,496.78283829214564
2556,369.5966800415253,496.78283829214564
2557,395.7141479685952,816.2570432830095
2558,385.2839097513646,367.75478170978005
2559,362.43835608959296,190.26911227041086
2560,58.86774371831316,279.01194699009545
2561,70.92980803574186,1729.0404861140526
2562,51.712862096498334,496.78283829214564
2563,2.2003721807213963,63.49363409943286
2564,0.0,0.0
2565,0.0,190.26911227041086
2566,0.0,367.75478170978005
2567,0.0,412.12619906962226
2568,0.0,1135.7312482738735
2569,0.0,2367.98889609578
2570,0.0,2687.4631010866456
2571,0.0,3006.937306077509
2572,0.0,3645.8857160592397
2573,0.0,1135.7312482738735
2574,0.0,152.23646881911748
2575,0.0,19.12221673959045
2576,46.671264562488496,234.64052963025327
2577,133.2575438621962,323.38336434993766
2578,256.44184706060844,152.23646881911748
2579,336.0081957594374,19.12221673959045
2580,377.4013491865724,0.0
2581,391.0274354413595,19.12221673959045
2582,391.47144889291167,107.86505145927525
2583,330.2990466641896,190.26911227041086
2584,143.97531932805975,234.64052963025327
2585,100.13675176725968,1729.0404861140526
2586,49.55601274818052,279.01194699009545
2587,3.086035011869352,3645.8857160592397
2588,0.0,4747.482890739503
2589,0.0,279.01194699009545
2590,0.0,0.0
2591,0.0,0.0
2592,0.0,0.0
2593,0.0,0.0
2594,0.0,0.0
2595,0.0,0.0
2596,0.0,0.0
2597,0.0,63.49363409943286
2598,0.0,190.26911227041086
2599,0.0,0.0
2600,61.53490673787509,0.0
2601,169.6768118080235,0.0
2602,273.0174796173956,3326.411511068373
2603,335.6324351416091,4747.482890739503
2604,379.269273528286,6370.2090113280165
2605,407.3125371871419,6370.2090113280165
2606,397.11800660586,2687.4631010866456
2607,371.4964139769063,5802.254869122039
2608,48.2694101898546,9885.537163873942
2609,40.774532283933866,9209.979722357926
2610,35.040458204037975,816.2570432830095
2611,3.5302296859938416,190.26911227041086
2612,0.0,190.26911227041086
2613,0.0,412.12619906962226
2614,0.0,2048.5146911049164
2615,0.0,2048.5146911049164
2616,0.0,1409.5662811231873
2617,0.0,816.2570432830095
2618,0.0,1135.7312482738735
2619,0.0,2687.4631010866456
2620,0.0,2048.5146911049164
2621,0.0,367.75478170978005
2622,0.0,0.0
2623,0.0,0.0
2624,63.47016740527357,2687.4631010866456
2625,168.56140074438923,9885.537163873942
2626,271.01724148282653,15812.290768367156
2627,344.77481096616555,15812.290768367156
2628,382.2578054290868,12795.034387897882
2629,387.9301430794414,9885.537163873942
2630,382.4706897220801,8074.07143794596
2631,352.7424100022533,9209.979722357926
2632,60.78474788777476,9209.979722357926
2633,57.73696115569824,8074.07143794596
2634,31.94847274238656,3326.411511068373
2635,2.202451527090075,412.12619906962226
2636,0.0,367.75478170978005
2637,0.0,367.75478170978005
2638,0.0,323.38336434993766
2639,0.0,3645.8857160592397
2640,0.0,8642.025580151947
2641,0.0,5802.254869122039
2642,0.0,1729.0404861140526
2643,0.0,323.38336434993766
2644,0.0,190.26911227041086
2645,0.0,323.38336434993766
2646,0.0,367.75478170978005
2647,0.0,152.23646881911748
2648,65.17975482897329,2048.5146911049164
2649,171.47987561154062,6938.163153533998
2650,273.53291328850344,23698.932713760954
2651,346.3828331082957,22776.007232676242
2652,386.7899476149403,20930.156270506784
2653,410.07531515594303,21853.08175159152
2654,394.2089613253005,21853.08175159152
2655,328.34069448148824,19084.305308337352
2656,116.2310336399249,15057.976673249845
2657,41.704398017161054,9209.979722357926
2658,30.758968282961,3326.411511068373
2659,2.206258919180336,1729.0404861140526
2660,0.0,2367.98889609578
2661,0.0,2367.98889609578
2662,0.0,1729.0404861140526
2663,0.0,2687.4631010866456
2664,0.0,3006.937306077509
2665,0.0,2048.5146911049164
2666,0.0,1729.0404861140526
2667,0.0,816.2570432830095
2668,0.0,152.23646881911748
2669,0.0,0.0
2670,0.0,0.0
2671,0.0,0.0
2672,27.701747315381365,0.0
2673,105.37013240430758,0.0
2674,187.9762776462068,190.26911227041086
2675,336.07058854154604,0.0
2676,326.059297650858,0.0
2677,400.7869466869415,63.49363409943286
2678,362.7327655861647,1135.7312482738735
2679,335.1917645124344,496.78283829214564
2680,69.34130102122054,2367.98889609578
2681,52.26355581361051,1729.0404861140526
2682,36.28058561915861,1729.0404861140526
2683,2.203941376168873,816.2570432830095
2684,0.0,2367.98889609578
2685,0.0,496.78283829214564
2686,0.0,63.49363409943286
2687,0.0,0.0
2688,0.0,0.0
2689,0.0,0.0
2690,0.0,0.0
2691,0.0,0.0
2692,0.0,0.0
2693,0.0,0.0
2694,0.0,190.26911227041086
2695,0.0,190.26911227041086
2696,59.784627029592905,412.12619906962226
2697,76.86173211627808,4179.528748533515
2698,243.0126665655497,323.38336434993766
2699,308.30597489330904,496.78283829214564
2700,355.0750172546979,1409.5662811231873
2701,383.1818344967352,2687.4631010866456
2702,347.5585236102131,4179.528748533515
2703,335.178839143549,6938.163153533998
2704,89.47588054477887,8074.07143794596
2705,90.31759120624469,8642.025580151947
2706,44.93936323952339,3006.937306077509
2707,1.7644088691876534,1135.7312482738735
2708,0.0,367.75478170978005
2709,0.0,367.75478170978005
2710,0.0,3006.937306077509
2711,0.0,3006.937306077509
2712,0.0,1729.0404861140526
2713,0.0,1135.7312482738735
2714,0.0,323.38336434993766
2715,0.0,190.26911227041086
2716,0.0,107.86505145927525
2717,0.0,63.49363409943286
2718,0.0,63.49363409943286
2719,0.0,0.0
2720,56.46914872184722,1729.0404861140526
2721,160.86472799721753,1409.5662811231873
2722,268.6156125448785,12040.720292780567
2723,331.4524426405962,13549.348483015208
2724,359.52960627315656,13549.348483015208
2725,370.2136433651016,10639.851258991263
2726,385.8521638126943,5234.300726916051
2727,118.65292634529912,2048.5146911049164
2728,53.49650145341075,412.12619906962226
2729,55.79610286557118,279.01194699009545
2730,31.59550108570904,19.12221673959045
2731,1.323311914896521,0.0
2732,0.0,0.0
2733,0.0,0.0
2734,0.0,0.0
2735,0.0,0.0
2736,0.0,0.0
2737,0.0,0.0
2738,0.0,0.0
2739,0.0,190.26911227041086
2740,0.0,367.75478170978005
2741,0.0,234.64052963025327
2742,0.0,107.86505145927525
2743,0.0,152.23646881911748
2744,61.06643736497931,3006.937306077509
2745,170.3292339486328,5802.254869122039
2746,269.4632457362707,11286.406197663246
2747,287.65828677324714,15057.976673249845
2748,380.609471301473,20930.156270506784
2749,384.5389838904415,21853.08175159152
2750,377.5547127822639,22776.007232676242
2751,362.43693318543455,12040.720292780567
2752,58.59403615491229,12040.720292780567
2753,50.72823889264348,6370.2090113280165
2754,32.47481988031594,412.12619906962226
2755,0.0,323.38336434993766
2756,0.0,190.26911227041086
2757,0.0,323.38336434993766
2758,0.0,1409.5662811231873
2759,0.0,496.78283829214564
2760,0.0,279.01194699009545
2761,0.0,152.23646881911748
2762,0.0,19.12221673959045
2763,0.0,0.0
2764,0.0,152.23646881911748
2765,0.0,190.26911227041086
2766,0.0,234.64052963025327
2767,0.0,816.2570432830095
2768,68.09327992801711,7506.117295739982
2769,161.42443200915642,9209.979722357926
2770,274.9139953384781,14303.662578132522
2771,310.2703366803828,13549.348483015208
2772,380.1732381742239,12040.720292780567
2773,333.14688385433755,11286.406197663246
2774,396.2492891637448,10639.851258991263
2775,367.5319406322882,9209.979722357926
2776,0.0,8642.025580151947
2777,96.87852230208256,7506.117295739982
2778,15.921149126469937,1729.0404861140526
2779,0.0,367.75478170978005
2780,0.0,234.64052963025327
2781,0.0,323.38336434993766
2782,0.0,279.01194699009545
2783,0.0,190.26911227041086
2784,0.0,279.01194699009545
2785,0.0,1409.5662811231873
2786,0.0,3006.937306077509
2787,0.0,2367.98889609578
2788,0.0,1409.5662811231873
2789,0.0,1135.7312482738735
2790,0.0,412.12619906962226
2791,0.0,152.23646881911748
2792,68.04956066079195,2367.98889609578
2793,151.31338180243276,8642.025580151947
2794,177.95738088803645,7506.117295739982
2795,216.93403035008944,8074.07143794596
2796,81.03659098456083,9209.979722357926
2797,164.79267034151195,10639.851258991263
2798,135.49044280255146,9209.979722357926
2799,154.44322096962483,7506.117295739982
2800,26.791102329658067,9885.537163873942
2801,25.938298432845265,13549.348483015208
2802,14.578177047016172,19084.305308337352
2803,0.0,15057.976673249845
2804,0.0,8074.07143794596
2805,0.0,6938.163153533998
2806,0.0,7506.117295739982
2807,0.0,6370.2090113280165
2808,0.0,3006.937306077509
2809,0.0,1135.7312482738735
2810,0.0,190.26911227041086
2811,0.0,0.0
2812,0.0,0.0
2813,0.0,0.0
2814,0.0,0.0
2815,0.0,0.0
2816,6.222912231047861,1135.7312482738735
2817,15.940213366689528,9885.537163873942
2818,24.722564093536885,14303.662578132522
2819,66.71184256888645,12795.034387897882
2820,184.44488075731635,11286.406197663246
2821,333.6274513856535,8642.025580151947
2822,375.87972831377465,5802.254869122039
2823,354.75817393547044,3645.8857160592397
2824,68.8051866935234,4179.528748533515
2825,62.25617910078008,20007.23078942208
2826,47.98235098781684,12040.720292780567
2827,0.0,1729.0404861140526
2828,0.0,234.64052963025327
2829,0.0,63.49363409943286
2830,0.0,412.12619906962226
2831,0.0,367.75478170978005
2832,0.0,279.01194699009545
2833,0.0,234.64052963025327
2834,0.0,152.23646881911748
2835,0.0,0.0
2836,0.0,0.0
2837,0.0,0.0
2838,0.0,63.49363409943286
2839,0.0,412.12619906962226
2840,28.221295904153827,1409.5662811231873
2841,153.2031209979971,1729.0404861140526
2842,255.05253763548453,15812.290768367156
2843,299.6449307981697,14303.662578132522
2844,295.3610166673691,13549.348483015208
2845,277.53668458950955,8642.025580151947
2846,390.8495828899138,5802.254869122039
2847,373.7580106459123,5234.300726916051
2848,49.63188014176578,15057.976673249845
2849,60.72093540479376,17370.300843465728
2850,47.70810525006615,6938.163153533998
2851,0.0,3645.8857160592397
2852,0.0,4747.482890739503
2853,0.0,3645.8857160592397
2854,0.0,5802.254869122039
2855,0.0,4747.482890739503
2856,0.0,4179.528748533515
2857,0.0,3645.8857160592397
2858,0.0,4179.528748533515
2859,0.0,8642.025580151947
2860,0.0,6370.2090113280165
2861,0.0,3326.411511068373
2862,0.0,1729.0404861140526
2863,0.0,2687.4631010866456
2864,61.97449431414642,27350.95600320225
2865,178.52492552507178,26468.598675132238
2866,253.3551846608985,29409.78976869893
2867,344.9511561485142,24621.858194845674
2868,376.9876496293159,22776.007232676242
2869,396.128122073844,21853.08175159152
2870,388.4302467838461,20930.156270506784
2871,368.2486442023023,20007.23078942208
2872,53.12739844853449,17370.300843465728
2873,46.958329170165655,16566.604863484477
2874,31.66454732136869,4179.528748533515
2875,0.0,1865.9580025387081
2876,0.0,2185.4322075295718
2877,0.0,2504.9064125204372
2878,0.0,2778.7414453697493
2879,0.0,3098.2156503606134
2880,0.0,3417.6898553514775
2881,0.0,3773.847218386387
2882,0.0,4260.6650545629445
2883,0.0,4828.619196768923
2884,0.0,5396.573338974905
2885,0.0,5964.527481180888
2886,0.0,6532.481623386871
2887,0.0,7019.2994595634245
2888,29.179837467942388,7587.253601769407
2889,130.1362401784524,8155.207743975389
2890,210.41959921641595,8723.161886181368
2891,276.8384855513993,15812.290768367156
2892,203.61021351915025,14303.662578132522
2893,293.3769991274149,12040.720292780567
2894,381.8600486890485,8074.07143794596
2895,364.8507723561218,4747.482890739503
2896,69.98218567745022,2367.98889609578
2897,65.06928469683834,1135.7312482738735
2898,43.57367013502955,279.01194699009545
2899,0.0,190.26911227041086
2900,0.0,234.64052963025327
2901,0.0,367.75478170978005
2902,0.0,152.23646881911748
2903,0.0,496.78283829214564
2904,0.0,12040.720292780567
2905,0.0,13549.348483015208
2906,0.0,8074.07143794596
2907,0.0,4747.482890739503
2908,0.0,3326.411511068373
2909,0.0,3326.411511068373
2910,0.0,3326.411511068373
2911,0.0,10639.851258991263
2912,6.242373642938693,23698.932713760954
2913,55.42888781262244,25544.783675930397
2914,102.57757932397072,24621.858194845674
2915,240.17541653801032,24621.858194845674
2916,246.83356139427403,26468.598675132238
2917,196.22218389862792,24621.858194845674
2918,238.50873761649825,20007.23078942208
2919,201.21047284307343,15057.976673249845
2920,131.6463875096476,12040.720292780567
2921,95.2277774331791,11286.406197663246
2922,32.72009414648173,6370.2090113280165
2923,0.0,1729.0404861140526
2924,0.0,412.12619906962226
2925,0.0,496.78283829214564
2926,0.0,10639.851258991263
2927,0.0,36615.70794793733
2928,0.0,29409.78976869893
2929,0.0,21853.08175159152
2930,0.0,16566.604863484477
2931,0.0,12795.034387897882
2932,0.0,9209.979722357926
2933,0.0,6938.163153533998
2934,0.0,6370.2090113280165
2935,0.0,9209.979722357926
2936,6.23634987259153,27350.95600320225
2937,15.551357471705504,24621.858194845674
2938,99.82525112240712,22776.007232676242
2939,100.05561087512724,18161.37982725263
2940,233.88411937444988,15812.290768367156
2941,164.50203747953324,12040.720292780567
2942,129.27961990555576,10639.851258991263
2943,79.63457144751942,12040.720292780567
2944,123.75213220852996,12040.720292780567
2945,65.53181112862387,12040.720292780567
2946,43.98882087768456,6938.163153533998
2947,0.0,17370.300843465728
2948,0.0,33527.45729969231
2949,0.0,19084.305308337352
2950,0.0,8074.07143794596
2951,0.0,8074.07143794596
2952,0.0,8074.07143794596
2953,0.0,8074.07143794596
2954,0.0,9885.537163873942
2955,0.0,14303.662578132522
2956,0.0,12040.720292780567
2957,0.0,10639.851258991263
2958,0.0,4179.528748533515
2959,0.0,7506.117295739982
2960,13.793771522041537,21853.08175159152
2961,73.86219511294759,16566.604863484477
2962,250.271938094598,15057.976673249845
2963,235.81470866853067,14303.662578132522
2964,338.1249782571469,18161.37982725263
2965,226.1600306702072,18161.37982725263
2966,369.02772698174095,15057.976673249845
2967,352.1368271475658,14303.662578132522
2968,58.3291788542856,12040.720292780567
2969,71.3138682450011,16566.604863484477
2970,41.18830986285462,42306.83158044045
2971,0.0,26468.598675132238
2972,0.0,13549.348483015208
2973,0.0,4747.482890739503
2974,0.0,0.0
2975,0.0,0.0
2976,0.0,190.26911227041086
2977,0.0,496.78283829214564
2978,0.0,1409.5662811231873
2979,0.0,2048.5146911049164
2980,0.0,3006.937306077509
2981,0.0,3645.8857160592397
2982,0.0,4747.482890739503
2983,0.0,6370.2090113280165
2984,57.15251894468194,15057.976673249845
2985,146.11434127724482,13549.348483015208
2986,252.5304585396437,8642.025580151947
2987,327.80847601788764,6370.2090113280165
2988,373.82295427010354,3645.8857160592397
2989,395.2933353164581,3645.8857160592397
2990,390.23978811512376,4747.482890739503
2991,370.3225910055679,5802.254869122039
2992,59.533491238343686,7506.117295739982
2993,58.92458330111207,8642.025580151947
2994,33.85322863975959,5802.254869122039
2995,0.0,9209.979722357926
2996,0.0,20007.23078942208
2997,0.0,10639.851258991263
2998,0.0,14303.662578132522
2999,0.0,12795.034387897882
3000,0.0,9209.979722357926
3001,0.0,7506.117295739982
3002,0.0,6938.163153533998
3003,0.0,5802.254869122039
3004,0.0,3645.8857160592397
3005,0.0,2367.98889609578
3006,0.0,816.2570432830095
3007,0.0,3645.8857160592397
3008,60.68769816282408,15812.290768367156
3009,130.817380183413,16566.604863484477
3010,263.63525157733864,15812.290768367156
3011,335.5407741520707,15812.290768367156
3012,376.1129073204903,18161.37982725263
3013,396.6648817701045,18161.37982725263
3014,389.96568216487975,15812.290768367156
3015,374.9502829144676,12795.034387897882
3016,61.69889041772332,10639.851258991263
3017,51.72209231601207,12040.720292780567
3018,33.47337387322461,12795.034387897882
3019,0.0,8074.07143794596
3020,0.0,7506.117295739982
3021,0.0,20930.156270506784
3022,0.0,28380.372885950583
3023,0.0,36615.70794793733
3024,0.0,29409.78976869893
3025,0.0,23698.932713760954
3026,0.0,19084.305308337352
3027,0.0,13549.348483015208
3028,0.0,8074.07143794596
3029,0.0,3645.8857160592397
3030,0.0,5234.300726916051
3031,0.0,12040.720292780567
3032,65.7688549643961,22776.007232676242
3033,166.5520474648003,28380.372885950583
3034,261.6805446497676,34556.87418244063
3035,336.5019159281947,29409.78976869893
3036,376.3725013170289,25544.783675930397
3037,400.2208809463303,20007.23078942208
3038,395.3875733308059,16566.604863484477
3039,376.6402645267381,16566.604863484477
3040,55.66693269940109,13549.348483015208
3041,68.66227056286029,27350.95600320225
3042,31.627639708446026,36615.70794793733
3043,0.0,29409.78976869893
3044,0.0,15057.976673249845
3045,0.0,15812.290768367156
3046,0.0,14303.662578132522
3047,0.0,12040.720292780567
3048,0.0,12795.034387897882
3049,0.0,18161.37982725263
3050,0.0,21853.08175159152
3051,0.0,20007.23078942208
3052,0.0,10639.851258991263
3053,0.0,4747.482890739503
3054,0.0,7506.117295739982
3055,0.0,18161.37982725263
3056,62.369301067921576,35586.29106518898
3057,165.06261124978624,39946.272176896855
3058,226.98268913765364,32498.04041694395
3059,329.62179595601253,25544.783675930397
3060,376.20256258858257,23698.932713760954
3061,398.10218718492337,22776.007232676242
3062,391.83695180922126,16566.604863484477
3063,377.6201509953801,13549.348483015208
3064,55.53987522026255,19084.305308337352
3065,45.14165419718703,41126.55187866863
3066,30.78071525258657,42306.83158044045
3067,0.0,23698.932713760954
3068,0.0,14303.662578132522
3069,0.0,12795.034387897882
3070,0.0,25544.783675930397
3071,0.0,18161.37982725263
3072,0.0,15057.976673249845
3073,0.0,15057.976673249845
3074,0.0,3326.411511068373
3075,0.0,190.26911227041086
3076,0.0,2048.5146911049164
3077,0.0,4179.528748533515
3078,0.0,1409.5662811231873
3079,0.0,5802.254869122039
3080,33.75047238117233,19084.305308337352
3081,165.36019364041837,24621.858194845674
3082,250.77582723754068,21853.08175159152
3083,328.88545309842743,12040.720292780567
3084,374.55919212442006,8074.07143794596
3085,389.9549268791954,4747.482890739503
3086,387.2314947693562,5802.254869122039
3087,366.34180345802827,5802.254869122039
3088,73.66634107755468,8074.07143794596
3089,58.63329759948608,8074.07143794596
3090,41.2331771941943,9209.979722357926
3091,0.0,10639.851258991263
3092,0.0,12795.034387897882
3093,0.0,9885.537163873942
3094,0.0,10639.851258991263
3095,0.0,5802.254869122039
3096,0.0,6938.163153533998
3097,0.0,4179.528748533515
3098,0.0,2367.98889609578
3099,0.0,2048.5146911049164
3100,0.0,3006.937306077509
3101,0.0,323.38336434993766
3102,0.0,323.38336434993766
3103,0.0,3326.411511068373
3104,46.8646836618317,6370.2090113280165
3105,141.82292650155168,12795.034387897882
3106,250.23641824882105,24621.858194845674
3107,320.9488618117182,21853.08175159152
3108,370.9570487723242,19084.305308337352
3109,386.305344772747,17370.300843465728
3110,389.7825468982488,15057.976673249845
3111,365.1365899794319,14303.662578132522
3112,63.61638282069584,8074.07143794596
3113,49.24803033526897,3006.937306077509
3114,36.18505352419241,11286.406197663246
3115,0.0,11286.406197663246
3116,0.0,9885.537163873942
3117,0.0,7506.117295739982
3118,0.0,15057.976673249845
3119,0.0,12040.720292780567
3120,0.0,10639.851258991263
3121,0.0,9209.979722357926
3122,0.0,6938.163153533998
3123,0.0,6938.163153533998
3124,0.0,4179.528748533515
3125,0.0,2367.98889609578
3126,0.0,496.78283829214564
3127,0.0,3006.937306077509
3128,46.032033447254975,6938.163153533998
3129,129.13375928679744,11286.406197663246
3130,238.793077934549,19084.305308337352
3131,311.7234534240836,19084.305308337352
3132,341.9260126191455,16566.604863484477
3133,381.6436320914852,15812.290768367156
3134,371.6975122331727,17370.300843465728
3135,321.40708120515,12795.034387897882
3136,77.4137117371906,17370.300843465728
3137,48.2628499401824,31468.6235341956
3138,34.71692111492448,19084.305308337352
3139,0.0,7506.117295739982
3140,0.0,4179.528748533515
3141,0.0,5234.300726916051
3142,0.0,13549.348483015208
3143,0.0,18161.37982725263
3144,0.0,14303.662578132522
3145,0.0,9885.537163873942
3146,0.0,8074.07143794596
3147,0.0,412.12619906962226
3148,0.0,0.0
3149,0.0,0.0
3150,0.0,19.12221673959045
3151,0.0,412.12619906962226
3152,23.3984199564038,3645.8857160592397
3153,123.55338781548151,5802.254869122039
3154,126.9416261938146,22776.007232676242
3155,286.16250991483514,21853.08175159152
3156,351.0642836350565,15057.976673249845
3157,363.1953960503735,14303.662578132522
3158,382.0998283778292,15057.976673249845
3159,364.2153606373791,12040.720292780567
3160,72.99375281037514,14303.662578132522
3161,49.36836327304587,13549.348483015208
3162,34.418905025137285,7506.117295739982
3163,0.0,9885.537163873942
3164,0.0,15057.976673249845
3165,0.0,9885.537163873942
3166,0.0,17370.300843465728
3167,0.0,16566.604863484477
3168,0.0,11286.406197663246
3169,0.0,5802.254869122039
3170,0.0,8642.025580151947
3171,0.0,6370.2090113280165
3172,0.0,3326.411511068373
3173,0.0,496.78283829214564
3174,0.0,367.75478170978005
3175,0.0,412.12619906962226
3176,58.18135607058864,12795.034387897882
3177,145.06732138005185,14303.662578132522
3178,227.4720226116385,28380.372885950583
3179,188.331152033403,25544.783675930397
3180,301.64548007037735,20007.23078942208
3181,373.2205717134528,14303.662578132522
3182,389.34050604393815,12040.720292780567
3183,370.0202921278408,12040.720292780567
3184,58.86999369156078,13549.348483015208
3185,50.999574319211085,9209.979722357926
3186,40.03463646212823,3006.937306077509
3187,0.0,1135.7312482738735
3188,0.0,3326.411511068373
3189,0.0,8074.07143794596
3190,0.0,16566.604863484477
3191,0.0,15812.290768367156
3192,0.0,12040.720292780567
3193,0.0,8074.07143794596
3194,0.0,3326.411511068373
3195,0.0,496.78283829214564
3196,0.0,63.49363409943286
3197,0.0,0.0
3198,0.0,0.0
3199,0.0,190.26911227041086
3200,62.57036101045008,10639.851258991263
3201,96.38073214865986,13549.348483015208
3202,202.41635296739383,19084.305308337352
3203,314.70697522164943,14303.662578132522
3204,354.2920255389864,10639.851258991263
3205,362.676865785279,6370.2090113280165
3206,366.4737511343056,5802.254869122039
3207,341.603265469971,7506.117295739982
3208,78.95343785993799,9885.537163873942
3209,52.77362931657904,11286.406197663246
3210,38.743796381022825,7506.117295739982
3211,0.0,6370.2090113280165
3212,0.0,11286.406197663246
3213,0.0,13549.348483015208
3214,0.0,11286.406197663246
3215,0.0,5802.254869122039
3216,0.0,3645.8857160592397
3217,0.0,4179.528748533515
3218,0.0,3326.411511068373
3219,0.0,4747.482890739503
3220,0.0,5802.254869122039
3221,0.0,3645.8857160592397
3222,0.0,2367.98889609578
3223,0.0,5234.300726916051
3224,52.28799724628894,19084.305308337352
3225,139.02683391848203,22776.007232676242
3226,244.40875411359,25544.783675930397
3227,316.0151608927956,20930.156270506784
3228,266.48831449781994,15812.290768367156
3229,385.7264584115987,12040.720292780567
3230,364.43005226535337,9209.979722357926
3231,310.8502044600155,8074.07143794596
3232,92.44768510303834,9209.979722357926
3233,56.573534004674144,12040.720292780567
3234,39.99645161936021,9885.537163873942
3235,0.0,12040.720292780567
3236,0.0,23698.932713760954
3237,0.0,37585.71277335322
3238,0.0,37585.71277335322
3239,0.0,23698.932713760954
3240,0.0,12795.034387897882
3241,0.0,9209.979722357926
3242,0.0,9209.979722357926
3243,0.0,9209.979722357926
3244,0.0,8074.07143794596
3245,0.0,5234.300726916051
3246,0.0,3326.411511068373
3247,0.0,9209.979722357926
3248,45.82301848303925,29409.78976869893
3249,151.17837251257396,28380.372885950583
3250,240.3716716921392,25544.783675930397
3251,315.4860424858333,20930.156270506784
3252,364.2295801980974,16566.604863484477
3253,384.7764730548512,10639.851258991263
3254,368.1772063466457,7506.117295739982
3255,353.0943428273747,8074.07143794596
3256,76.54615112145673,8642.025580151947
3257,64.96423116520458,9885.537163873942
3258,41.66275266443122,5802.254869122039
3259,0.0,5802.254869122039
3260,0.0,9209.979722357926
3261,0.0,26468.598675132238
3262,0.0,33527.45729969231
3263,0.0,29409.78976869893
3264,0.0,22776.007232676242
3265,0.0,19084.305308337352
3266,0.0,20007.23078942208
3267,0.0,16566.604863484477
3268,0.0,9885.537163873942
3269,0.0,6938.163153533998
3270,0.0,6370.2090113280165
3271,0.0,10639.851258991263
3272,29.16906962543882,15057.976673249845
3273,145.2439667724549,25544.783675930397
3274,222.1660934034656,33527.45729969231
3275,275.5686167720958,29409.78976869893
3276,365.6187738627954,24621.858194845674
3277,385.9389328102018,20930.156270506784
3278,382.6865847513891,19084.305308337352
3279,354.396215183968,19084.305308337352
3280,70.24905784049012,20007.23078942208
3281,54.71293741380436,20007.23078942208
3282,36.03827081635329,17370.300843465728
3283,0.0,18161.37982725263
3284,0.0,25544.783675930397
3285,0.0,15812.290768367156
3286,0.0,20007.23078942208
3287,0.0,16566.604863484477
3288,0.0,8642.025580151947
3289,0.0,6370.2090113280165
3290,0.0,6370.2090113280165
3291,0.0,5802.254869122039
3292,0.0,3326.411511068373
3293,0.0,3006.937306077509
3294,0.0,2048.5146911049164
3295,0.0,6938.163153533998
3296,40.57530399410069,13549.348483015208
3297,106.49591541880294,18161.37982725263
3298,77.18070947290602,18161.37982725263
3299,147.6253107262366,19084.305308337352
3300,370.8004926515042,20930.156270506784
3301,255.44264736956828,23698.932713760954
3302,278.5101217674617,23698.932713760954
3303,351.82416334553784,21853.08175159152
3304,86.36267198472649,21853.08175159152
3305,0.0,49198.851884496136
3306,0.0,26468.598675132238
3307,0.0,9209.979722357926
3308,0.0,7506.117295739982
3309,0.0,9209.979722357926
3310,0.0,21853.08175159152
3311,0.0,26468.598675132238
3312,0.0,29409.78976869893
3313,0.0,31468.6235341956
3314,0.0,32498.04041694395
3315,0.0,21853.08175159152
3316,0.0,13549.348483015208
3317,0.0,9885.537163873942
3318,0.0,8642.025580151947
3319,0.0,14303.662578132522
3320,54.80742281627169,28380.372885950583
3321,164.97043248651582,21853.08175159152
3322,256.37689298596183,17370.300843465728
3323,325.5530296956732,14303.662578132522
3324,367.7933954854715,12040.720292780567
3325,390.2935616945852,13549.348483015208
3326,386.3063123569871,15057.976673249845
3327,373.5698135339753,20007.23078942208
3328,53.556918573978,27350.95600320225
3329,45.65187605344448,22776.007232676242
3330,32.962969529972135,11286.406197663246
3331,0.0,6938.163153533998
3332,0.0,14303.662578132522
3333,0.0,13549.348483015208
3334,0.0,12795.034387897882
3335,0.0,12795.034387897882
3336,0.0,12795.034387897882
3337,0.0,12040.720292780567
3338,0.0,11286.406197663246
3339,0.0,9209.979722357926
3340,0.0,4747.482890739503
3341,0.0,1729.0404861140526
3342,0.0,412.12619906962226
3343,0.0,367.75478170978005
3344,68.34762379187967,16566.604863484477
3345,170.07209332450137,14303.662578132522
3346,262.3941470196847,13549.348483015208
3347,329.24829811794626,15812.290768367156
3348,373.2526137680517,15812.290768367156
3349,392.2035979668534,20930.156270506784
3350,382.178715395425,28380.372885950583
3351,364.5108935234323,35586.29106518898
3352,53.487046953412126,50308.13731849218
3353,43.483516030747296,36615.70794793733
3354,34.69985375347,26468.598675132238
3355,0.0,11286.406197663246
3356,0.0,12040.720292780567
3357,0.0,7506.117295739982
3358,0.0,12040.720292780567
3359,0.0,9209.979722357926
3360,0.0,6370.2090113280165
3361,0.0,4179.528748533515
3362,0.0,3006.937306077509
3363,0.0,2048.5146911049164
3364,0.0,816.2570432830095
3365,0.0,367.75478170978005
3366,0.0,279.01194699009545
3367,0.0,816.2570432830095
3368,66.84879711125967,8642.025580151947
3369,173.92619016520817,12795.034387897882
3370,267.6962979590154,13549.348483015208
3371,334.17109788268823,15057.976673249845
3372,374.6024066140656,18161.37982725263
3373,395.1744597696744,22776.007232676242
3374,319.2318265775467,22776.007232676242
3375,291.954613763595,21853.08175159152
3376,53.07113858622931,23698.932713760954
3377,43.51381999384073,21853.08175159152
3378,31.66639788992076,20007.23078942208
3379,0.0,30439.206651447275
3380,0.0,28380.372885950583
3381,0.0,17370.300843465728
3382,0.0,8642.025580151947
3383,0.0,5234.300726916051
3384,0.0,4747.482890739503
3385,0.0,4179.528748533515
3386,0.0,3326.411511068373
3387,0.0,2687.4631010866456
3388,0.0,1729.0404861140526
3389,0.0,496.78283829214564
3390,0.0,323.38336434993766
3391,0.0,1135.7312482738735
3392,69.14157582120014,5802.254869122039
3393,174.20670850494668,10639.851258991263
3394,266.5849484840809,12040.720292780567
3395,332.1112634343856,8642.025580151947
3396,375.0180286320935,8642.025580151947
3397,395.7180264498838,9209.979722357926
3398,393.2775330882243,8074.07143794596
3399,380.9355981624991,5802.254869122039
3400,51.61254684781872,6370.2090113280165
3401,42.51964611127715,12795.034387897882
3402,31.63520322333694,15057.976673249845
3403,0.0,11286.406197663246
3404,0.0,15812.290768367156
3405,0.0,24621.858194845674
3406,0.0,23698.932713760954
3407,0.0,13549.348483015208
3408,0.0,7506.117295739982
3409,0.0,5802.254869122039
3410,0.0,4179.528748533515
3411,0.0,2687.4631010866456
3412,0.0,190.26911227041086
3413,0.0,152.23646881911748
3414,0.0,0.0
3415,0.0,0.0
3416,40.664917582463,323.38336434993766
3417,121.14143089573902,1409.5662811231873
3418,238.5465129027409,367.75478170978005
3419,233.79290397268176,1729.0404861140526
3420,334.7533709592739,3006.937306077509
3421,389.83811593001246,4747.482890739503
3422,388.7084321128528,4179.528748533515
3423,369.0910696497903,1729.0404861140526
3424,56.01963792344589,1409.5662811231873
3425,48.61339468000549,2048.5146911049164
3426,35.117464160364214,5234.300726916051
3427,0.0,6938.163153533998
3428,0.0,20007.23078942208
3429,0.0,19084.305308337352
3430,0.0,7506.117295739982
3431,0.0,1729.0404861140526
3432,0.0,152.23646881911748
3433,0.0,0.0
3434,0.0,0.0
3435,0.0,19.12221673959045
3436,0.0,0.0
3437,0.0,0.0
3438,0.0,0.0
3439,0.0,412.12619906962226
3440,36.14122497096743,8642.025580151947
3441,160.08442068089855,10639.851258991263
3442,183.16552978742453,4747.482890739503
3443,316.5609306133206,4179.528748533515
3444,295.31431889475107,4747.482890739503
3445,327.8037749605012,8642.025580151947
3446,280.6216473844263,11286.406197663246
3447,309.34300793836786,8074.07143794596
3448,84.05300337382054,4179.528748533515
3449,89.58711138163882,7506.117295739982
3450,43.96835922749099,2687.4631010866456
3451,0.0,367.75478170978005
3452,0.0,5802.254869122039
3453,0.0,12795.034387897882
3454,0.0,15812.290768367156
3455,0.0,8642.025580151947
3456,0.0,3326.411511068373
3457,0.0,2048.5146911049164
3458,0.0,2687.4631010866456
3459,0.0,2367.98889609578
3460,0.0,2048.5146911049164
3461,0.0,1135.7312482738735
3462,0.0,1409.5662811231873
3463,0.0,2367.98889609578
3464,16.49314729968467,12795.034387897882
3465,72.1825752293814,9885.537163873942
3466,117.75873571812032,13549.348483015208
3467,129.0824226920021,17370.300843465728
3468,187.81922891012223,20007.23078942208
3469,176.4288933194098,20930.156270506784
3470,270.45988418206474,20930.156270506784
3471,206.72625207379332,20930.156270506784
3472,127.72398568519854,21853.08175159152
3473,51.57966722099949,18161.37982725263
3474,37.01566274340115,8074.07143794596
3475,0.0,10639.851258991263
3476,0.0,13549.348483015208
3477,0.0,12040.720292780567
3478,0.0,12795.034387897882
3479,0.0,15812.290768367156
3480,0.0,21853.08175159152
3481,0.0,13549.348483015208
3482,0.0,10639.851258991263
3483,0.0,10639.851258991263
3484,0.0,9209.979722357926
3485,0.0,6938.163153533998
3486,0.0,5234.300726916051
3487,0.0,6370.2090113280165
3488,31.573486720432,34556.87418244063
3489,73.71811718651963,34556.87418244063
3490,96.55737665790646,27350.95600320225
3491,144.9243526368961,24621.858194845674
3492,328.9298055583393,20007.23078942208
3493,65.82283004612216,20930.156270506784
3494,262.1738516653976,23698.932713760954
3495,281.03184798518,26468.598675132238
3496,128.83853304386776,26468.598675132238
3497,84.85613459852526,36615.70794793733
3498,44.86339170193501,27350.95600320225
3499,0.0,18161.37982725263
3500,0.0,15057.976673249845
3501,0.0,16566.604863484477
3502,0.0,20007.23078942208
3503,0.0,17370.300843465728
3504,0.0,16566.604863484477
3505,0.0,16566.604863484477
3506,0.0,15812.290768367156
3507,0.0,13549.348483015208
3508,0.0,9885.537163873942
3509,0.0,5234.300726916051
3510,0.0,2367.98889609578
3511,0.0,2048.5146911049164
3512,57.219626459213806,23698.932713760954
3513,148.64290570831366,27350.95600320225
3514,243.8210885629779,28380.372885950583
3515,305.4660991221201,25544.783675930397
3516,352.1220965267419,33527.45729969231
3517,382.7876763403751,33527.45729969231
3518,195.9305035819733,32498.04041694395
3519,264.7637581238452,27350.95600320225
3520,123.02135697498854,24621.858194845674
3521,79.72375000540188,24621.858194845674
3522,36.65305169176986,17370.300843465728
3523,0.0,9209.979722357926
3524,0.0,11286.406197663246
3525,0.0,11286.406197663246
3526,0.0,14303.662578132522
3527,0.0,13549.348483015208
3528,0.0,12040.720292780567
3529,0.0,10639.851258991263
3530,0.0,9209.979722357926
3531,0.0,7506.117295739982
3532,0.0,5802.254869122039
3533,0.0,4747.482890739503
3534,0.0,3326.411511068373
3535,0.0,5802.254869122039
3536,62.15748241760494,27350.95600320225
3537,37.84414319840496,34556.87418244063
3538,216.8201220635819,31468.6235341956
3539,287.1566450971266,30439.206651447275
3540,354.40137893690314,26468.598675132238
3541,380.8084075358336,25544.783675930397
3542,369.75308060019887,28380.372885950583
3543,362.7580648687255,31468.6235341956
3544,103.77758052277444,33527.45729969231
3545,55.74418962679108,31468.6235341956
3546,44.384615946209706,31468.6235341956
3547,0.0,32498.04041694395
3548,0.0,23698.932713760954
3549,0.0,17370.300843465728
3550,0.0,10639.851258991263
3551,0.0,9885.537163873942
3552,0.0,8074.07143794596
3553,0.0,9209.979722357926
3554,0.0,9885.537163873942
3555,0.0,8642.025580151947
3556,0.0,7506.117295739982
3557,0.0,6938.163153533998
3558,0.0,5802.254869122039
3559,0.0,5234.300726916051
3560,5.798448829555901,17370.300843465728
3561,61.526447561189,39946.272176896855
3562,169.4133028327807,47027.95038752768
3563,297.3948745788169,41126.55187866863
3564,251.88338921820068,36615.70794793733
3565,367.7961327495176,33527.45729969231
3566,178.73720310754925,34556.87418244063
3567,274.63403634861504,36615.70794793733
3568,123.7834490161286,34556.87418244063
3569,61.78184128507558,31468.6235341956
3570,22.13216510995874,35586.29106518898
3571,0.0,36615.70794793733
3572,0.0,17370.300843465728
3573,0.0,13549.348483015208
3574,0.0,24621.858194845674
3575,0.0,22776.007232676242
3576,0.0,19084.305308337352
3577,0.0,17370.300843465728
3578,0.0,15057.976673249845
3579,0.0,10639.851258991263
3580,0.0,6370.2090113280165
3581,0.0,3006.937306077509
3582,0.0,1729.0404861140526
3583,0.0,2048.5146911049164
3584,48.674126791324525,23698.932713760954
3585,111.02161050625293,34556.87418244063
3586,140.28649393343335,32498.04041694395
3587,155.0888111374817,32498.04041694395
3588,175.34256658891255,31468.6235341956
3589,231.087649621087,29409.78976869893
3590,181.00342272569063,24621.858194845674
3591,92.53016328303262,22776.007232676242
3592,127.44216209763016,22776.007232676242
3593,77.59580581463618,22776.007232676242
3594,44.91948617717616,20930.156270506784
3595,0.0,17370.300843465728
3596,0.0,28380.372885950583
3597,0.0,32498.04041694395
3598,0.0,31468.6235341956
3599,0.0,30439.206651447275
3600,0.0,29409.78976869893
3601,0.0,26468.598675132238
3602,0.0,20930.156270506784
3603,0.0,15812.290768367156
3604,0.0,12040.720292780567
3605,0.0,8074.07143794596
3606,0.0,4179.528748533515
3607,0.0,3326.411511068373
3608,23.48453503716142,26468.598675132238
3609,120.21690942094511,34556.87418244063
3610,153.0851972974462,39946.272176896855
3611,83.47491470216572,38765.99247512504
3612,218.90077361224303,37585.71277335322
3613,337.4547792274373,37585.71277335322
3614,255.7488637802437,39946.272176896855
3615,299.404636030173,38765.99247512504
3616,125.8636547315287,38765.99247512504
3617,91.18286690836962,39946.272176896855
3618,41.35192245774286,35586.29106518898
3619,0.0,26762.71778448891
3620,0.0,26615.65822981058
3621,0.0,26615.65822981058
3622,0.0,26468.598675132238
3623,0.0,26468.598675132238
3624,0.0,26335.862659717295
3625,0.0,26335.862659717295
3626,0.0,26204.016162419477
3627,0.0,26204.016162419477
3628,0.0,26204.016162419477
3629,0.0,26072.169665121663
3630,0.0,26072.169665121663
3631,0.0,25940.32316782384
3632,56.56144543080237,25940.32316782384
3633,169.57894955940512,25808.476670526026
3634,262.69379632401177,25808.476670526026
3635,334.52024082727974,55854.564488472475
3636,368.5448766175273,56963.849922468544
3637,341.20152320980856,53635.99362048036
3638,394.4541524999925,49198.851884496136
3639,377.1336563249387,45847.67068575586
3640,55.71842350394742,43487.11128221227
3641,49.60170682010237,39946.272176896855
3642,33.45757903758284,31468.6235341956
3643,0.0,15812.290768367156
3644,0.0,16566.604863484477
3645,0.0,30439.206651447275
3646,0.0,51417.42275248823
3647,0.0,56963.849922468544
3648,0.0,44667.39098398404
3649,0.0,35586.29106518898
3650,0.0,28380.372885950583
3651,0.0,21853.08175159152
3652,0.0,16566.604863484477
3653,0.0,13549.348483015208
3654,0.0,12040.720292780567
3655,0.0,12795.034387897882
3656,61.995959816798674,58073.13535646457
3657,162.75964323242152,62066.13635340902
3658,260.3086487548259,58073.13535646457
3659,332.4877068986571,60131.54255651987
3660,372.3215299449032,60131.54255651987
3661,387.4249878893542,60131.54255651987
3662,386.9594060932723,60131.54255651987
3663,379.79961877959386,59023.951442746926
3664,56.22274712710245,55854.564488472475
3665,46.62351429461774,51417.42275248823
3666,33.48146288478268,38765.99247512504
3667,0.0,30439.206651447275
3668,0.0,54745.2790544764
3669,0.0,74351.92079318449
3670,0.0,64968.02704874271
3671,0.0,53635.99362048036
3672,0.0,45847.67068575586
3673,0.0,35586.29106518898
3674,0.0,25544.783675930397
3675,0.0,18161.37982725263
3676,0.0,14303.662578132522
3677,0.0,12040.720292780567
3678,0.0,9885.537163873942
3679,0.0,12795.034387897882
3680,62.205980187768056,52526.708186484306
3681,167.41076397248457,63033.43325185356
3682,256.3205701855896,62066.13635340902
3683,326.00096765583027,60131.54255651987
3684,370.4379486768013,64000.73015029813
3685,393.63208552131306,63033.43325185356
3686,390.3005608765101,61098.839454964436
3687,372.98841228906207,62066.13635340902
3688,59.1698344072126,62066.13635340902
3689,51.33747487668393,60131.54255651987
3690,41.72364214354447,51417.42275248823
3691,0.0,38765.99247512504
3692,0.0,30439.206651447275
3693,0.0,30439.206651447275
3694,0.0,24621.858194845674
3695,0.0,26468.598675132238
3696,0.0,13549.348483015208
3697,0.0,16566.604863484477
3698,0.0,17370.300843465728
3699,0.0,13549.348483015208
3700,0.0,9209.979722357926
3701,0.0,9209.979722357926
3702,0.0,7506.117295739982
3703,0.0,16566.604863484477
3704,48.10721176609932,37585.71277335322
3705,159.75146435028424,41126.55187866863
3706,248.21002076587408,42306.83158044045
3707,311.64305120835235,44667.39098398404
3708,366.3746928086626,41126.55187866863
3709,387.4661783711925,41126.55187866863
3710,378.32753065493233,43487.11128221227
3711,334.0043974483766,47027.95038752768
3712,78.32646805610504,49198.851884496136
3713,59.126998276189184,45847.67068575586
3714,36.58474190007519,37585.71277335322
3715,0.0,31468.6235341956
3716,0.0,33527.45729969231
3717,0.0,28380.372885950583
3718,0.0,24621.858194845674
3719,0.0,32498.04041694395
3720,0.0,35586.29106518898
3721,0.0,30439.206651447275
3722,0.0,21853.08175159152
3723,0.0,13549.348483015208
3724,0.0,9209.979722357926
3725,0.0,8074.07143794596
3726,0.0,8074.07143794596
3727,0.0,10639.851258991263
3728,48.731918781196896,31468.6235341956
3729,151.30568856369968,41126.55187866863
3730,240.5387583117797,44667.39098398404
3731,316.4877737497389,52526.708186484306
3732,362.4900429258939,63033.43325185356
3733,362.2519310024775,62066.13635340902
3734,285.64085966333266,60131.54255651987
3735,367.7298013153989,48039.61870333207
3736,91.23398806344905,38765.99247512504
3737,59.526263556332594,33527.45729969231
3738,36.52698763677636,27350.95600320225
3739,0.0,24621.858194845674
3740,0.0,28380.372885950583
3741,0.0,27350.95600320225
3742,0.0,42306.83158044045
3743,0.0,49198.851884496136
3744,0.0,43487.11128221227
3745,0.0,37585.71277335322
3746,0.0,29409.78976869893
3747,0.0,20007.23078942208
3748,0.0,15057.976673249845
3749,0.0,12795.034387897882
3750,0.0,12795.034387897882
3751,0.0,17370.300843465728
3752,39.38694526584397,51417.42275248823
3753,145.0415698663406,63033.43325185356
3754,250.1117720415023,64968.02704874271
3755,321.64397157429363,64000.73015029813
3756,365.9924613764834,65935.32394718725
3757,388.5119435490813,62066.13635340902
3758,385.4149294391244,58073.13535646457
3759,365.8690593994735,51417.42275248823
3760,108.3139653695996,49198.851884496136
3761,54.36759917226472,47027.95038752768
3762,36.01188512538673,44667.39098398404
3763,0.0,33527.45729969231
3764,0.0,28380.372885950583
3765,0.0,34556.87418244063
3766,0.0,51417.42275248823
3767,0.0,50308.13731849218
3768,0.0,39946.272176896855
3769,0.0,29409.78976869893
3770,0.0,18161.37982725263
3771,0.0,11286.406197663246
3772,0.0,8642.025580151947
3773,0.0,8642.025580151947
3774,0.0,9209.979722357926
3775,0.0,12040.720292780567
3776,57.985496092464594,29409.78976869893
3777,159.07057466835644,34556.87418244063
3778,249.6356526578841,37585.71277335322
3779,309.0103479876249,48039.61870333207
3780,232.2206487681225,51417.42275248823
3781,291.3032332988166,52526.708186484306
3782,297.2420755064109,55854.564488472475
3783,356.8423747874743,54745.2790544764
3784,60.07977915730021,49198.851884496136
3785,51.37895509865872,45847.67068575586
3786,34.35363234277326,37585.71277335322
3787,0.0,37585.71277335322
3788,0.0,48039.61870333207
3789,0.0,55854.564488472475
3790,0.0,44667.39098398404
3791,0.0,36615.70794793733
3792,0.0,30439.206651447275
3793,0.0,22776.007232676242
3794,0.0,18161.37982725263
3795,0.0,14303.662578132522
3796,0.0,9885.537163873942
3797,0.0,6938.163153533998
3798,0.0,5802.254869122039
3799,0.0,7506.117295739982
3800,53.96137376349501,30439.206651447275
3801,150.20380775881867,42306.83158044045
3802,237.54033395701424,41126.55187866863
3803,313.060943724043,39946.272176896855
3804,358.56792407902645,42306.83158044045
3805,384.0335423031883,44667.39098398404
3806,376.91437623491777,43487.11128221227
3807,364.4081362443962,43487.11128221227
3808,131.1500087311357,43487.11128221227
3809,20.771037400150465,43487.11128221227
3810,0.0,32498.04041694395
3811,0.0,20007.23078942208
3812,0.0,24621.858194845674
3813,0.0,37585.71277335322
3814,0.0,45847.67068575586
3815,0.0,43487.11128221227
3816,0.0,34556.87418244063
3817,0.0,27350.95600320225
3818,0.0,20007.23078942208
3819,0.0,20930.156270506784
3820,0.0,16566.604863484477
3821,0.0,12795.034387897882
3822,0.0,11286.406197663246
3823,0.0,23698.932713760954
3824,42.30041327451138,48039.61870333207
3825,96.12954697423844,51417.42275248823
3826,235.59994066163944,51417.42275248823
3827,311.08416504236834,50308.13731849218
3828,292.2749580311637,47027.95038752768
3829,366.5442528976087,41126.55187866863
3830,378.583688924326,37585.71277335322
3831,301.28423530626355,36615.70794793733
3832,122.29380914148082,37585.71277335322
3833,52.29779516015003,36615.70794793733
3834,34.99075607008867,31468.6235341956
3835,0.0,17370.300843465728
3836,0.0,20930.156270506784
3837,0.0,38765.99247512504
3838,0.0,47027.95038752768
3839,0.0,45847.67068575586
3840,0.0,39946.272176896855
3841,0.0,31468.6235341956
3842,0.0,20007.23078942208
3843,0.0,16566.604863484477
3844,0.0,13549.348483015208
3845,0.0,12040.720292780567
3846,0.0,12040.720292780567
3847,0.0,20930.156270506784
3848,60.96022663058936,60131.54255651987
3849,63.06234116531592,63033.43325185356
3850,177.3522657860665,53635.99362048036
3851,242.35242893741892,49198.851884496136
3852,321.4159437048189,54745.2790544764
3853,0.0,64000.73015029813
3854,350.74365540956563,62066.13635340902
3855,78.8453642541676,56963.849922468544
3856,27.93200714163521,51417.42275248823
3857,16.441101261932403,44667.39098398404
3858,45.023000576289206,30439.206651447275
3859,0.0,11286.406197663246
3860,0.0,6370.2090113280165
3861,0.0,8642.025580151947
3862,0.0,14303.662578132522
3863,0.0,21853.08175159152
3864,0.0,23698.932713760954
3865,0.0,16566.604863484477
3866,0.0,9885.537163873942
3867,0.0,6370.2090113280165
3868,0.0,3645.8857160592397
3869,0.0,2367.98889609578
3870,0.0,1729.0404861140526
3871,0.0,2048.5146911049164
3872,11.60878250379865,15057.976673249845
3873,15.620283305485533,23698.932713760954
3874,97.050287624979,29409.78976869893
3875,152.32551682726347,44667.39098398404
3876,156.69335188844315,49198.851884496136
3877,206.40342392235783,48039.61870333207
3878,179.8650975257728,44667.39098398404
3879,98.11628940512482,39946.272176896855
3880,106.75107503538624,34556.87418244063
3881,88.63361681065003,29409.78976869893
3882,33.08516329051297,26468.598675132238
3883,0.0,17370.300843465728
3884,0.0,19084.305308337352
3885,0.0,25544.783675930397
3886,0.0,30439.206651447275
3887,0.0,48039.61870333207
3888,0.0,50308.13731849218
3889,0.0,35586.29106518898
3890,0.0,25544.783675930397
3891,0.0,26468.598675132238
3892,0.0,22776.007232676242
3893,0.0,19084.305308337352
3894,0.0,21853.08175159152
3895,0.0,30439.206651447275
3896,51.341444736956014,48039.61870333207
3897,152.4613336378535,53635.99362048036
3898,244.62378741293324,52526.708186484306
3899,300.16575088997234,58073.13535646457
3900,358.8551499170397,61098.839454964436
3901,384.5182160448263,63033.43325185356
3902,384.3404422775481,64000.73015029813
3903,367.5594270172549,63033.43325185356
3904,60.33245200057974,58073.13535646457
3905,54.56051659822777,52526.708186484306
3906,37.94703794390696,38765.99247512504
3907,0.0,17370.300843465728
3908,0.0,12040.720292780567
3909,0.0,12040.720292780567
3910,0.0,18161.37982725263
3911,0.0,41126.55187866863
3912,0.0,49198.851884496136
3913,0.0,37585.71277335322
3914,0.0,33527.45729969231
3915,0.0,30439.206651447275
3916,0.0,30439.206651447275
3917,0.0,24621.858194845674
3918,0.0,15812.290768367156
3919,0.0,19084.305308337352
3920,51.823697563458666,54745.2790544764
3921,149.43354868911118,56963.849922468544
3922,243.1817268089189,61098.839454964436
3923,315.73784862788773,61098.839454964436
3924,352.03789422280767,64000.73015029813
3925,384.3282756911502,64968.02704874271
3926,385.9759938390973,63033.43325185356
3927,364.8734567141392,54745.2790544764
3928,63.25261840339509,45847.67068575586
3929,54.08063895464147,37585.71277335322
3930,35.72728261559521,33527.45729969231
3931,0.0,32498.04041694395
3932,0.0,32498.04041694395
3933,0.0,34556.87418244063
3934,0.0,52526.708186484306
3935,0.0,62066.13635340902
3936,0.0,53635.99362048036
3937,0.0,38765.99247512504
3938,0.0,28380.372885950583
3939,0.0,23698.932713760954
3940,0.0,23698.932713760954
3941,0.0,25544.783675930397
3942,0.0,24621.858194845674
3943,0.0,39946.272176896855
3944,49.38118162187968,50308.13731849218
3945,143.69113595589064,51417.42275248823
3946,152.9676917716638,62066.13635340902
3947,265.1926318345688,63033.43325185356
3948,361.11822615620935,56963.849922468544
3949,381.3140798179,48039.61870333207
3950,382.7956444457067,41126.55187866863
3951,354.2388319729537,33527.45729969231
3952,71.62418872254096,29409.78976869893
3953,82.16044812079258,28380.372885950583
3954,46.945694626454646,34556.87418244063
3955,0.0,41126.55187866863
3956,0.0,48039.61870333207
3957,0.0,42306.83158044045
3958,0.0,48039.61870333207
3959,0.0,48039.61870333207
3960,0.0,50308.13731849218
3961,0.0,41126.55187866863
3962,0.0,27350.95600320225
3963,0.0,19084.305308337352
3964,0.0,12795.034387897882
3965,0.0,10639.851258991263
3966,0.0,9885.537163873942
3967,0.0,11286.406197663246
3968,4.922437631637458,42306.83158044045
3969,65.75744691123761,45847.67068575586
3970,165.7165009657938,47027.95038752768
3971,248.2389386183123,49198.851884496136
3972,157.8204673863102,52526.708186484306
3973,265.8688571996352,52526.708186484306
3974,101.4661031396768,43487.11128221227
3975,263.92484335028377,33527.45729969231
3976,98.09396411282968,25544.783675930397
3977,34.54558064609473,25544.783675930397
3978,27.52055754903557,28380.372885950583
3979,0.8952519218072964,43487.11128221227
3980,0.0,64000.73015029813
3981,0.0,64968.02704874271
3982,0.0,60131.54255651987
3983,0.0,51417.42275248823
3984,0.0,43487.11128221227
3985,0.0,33527.45729969231
3986,0.0,24621.858194845674
3987,0.0,18161.37982725263
3988,0.0,15057.976673249845
3989,0.0,11286.406197663246
3990,0.0,8642.025580151947
3991,0.0,9885.537163873942
3992,52.735334212827546,39946.272176896855
3993,101.78040280880874,47027.95038752768
3994,230.3766692865248,56963.849922468544
3995,315.7132906703412,52526.708186484306
3996,360.93741703117365,43487.11128221227
3997,381.0491994533229,33527.45729969231
3998,308.5897564038328,27350.95600320225
3999,367.8085075460692,24621.858194845674
4000,56.78270078615853,22776.007232676242
4001,51.97818232678022,20007.23078942208
4002,35.34700638168444,14303.662578132522
4003,2.226684803941144,7506.117295739982
4004,0.0,15812.290768367156
4005,0.0,28380.372885950583
4006,0.0,26468.598675132238
4007,0.0,27350.95600320225
4008,0.0,30439.206651447275
4009,0.0,29409.78976869893
4010,0.0,25544.783675930397
4011,0.0,16566.604863484477
4012,0.0,13549.348483015208
4013,0.0,11286.406197663246
4014,0.0,7506.117295739982
4015,0.0,9209.979722357926
4016,34.85713950026457,20007.23078942208
4017,152.51035536446346,29409.78976869893
4018,233.0724560016388,43487.11128221227
4019,254.9047842407053,44667.39098398404
4020,266.6816699807499,39946.272176896855
4021,302.9017158689908,35586.29106518898
4022,248.53493754317185,33527.45729969231
4023,341.7316103675308,30439.206651447275
4024,81.94011025070942,28380.372885950583
4025,54.95034498648448,26468.598675132238
4026,41.40105870018832,20930.156270506784
4027,2.225278154272164,13549.348483015208
4028,0.0,29409.78976869893
4029,0.0,62066.13635340902
4030,0.0,56963.849922468544
4031,0.0,43487.11128221227
4032,0.0,37585.71277335322
4033,0.0,29409.78976869893
4034,0.0,22776.007232676242
4035,0.0,19084.305308337352
4036,0.0,15057.976673249845
4037,0.0,10639.851258991263
4038,0.0,7506.117295739982
4039,0.0,15812.290768367156
4040,47.81544701368996,30439.206651447275
4041,120.693592033304,42306.83158044045
4042,233.8817634169228,43487.11128221227
4043,310.4802622895743,47027.95038752768
4044,355.6735723353091,45847.67068575586
4045,313.6167683672834,44667.39098398404
4046,356.47417772102926,42306.83158044045
4047,242.17669077024053,39946.272176896855
4048,62.42534168258366,38765.99247512504
4049,59.05916662108023,39946.272176896855
4050,37.281409458266,33527.45729969231
4051,2.236696839820356,24621.858194845674
4052,0.0,33527.45729969231
4053,0.0,52526.708186484306
4054,0.0,58073.13535646457
4055,0.0,59023.951442746926
4056,0.0,45847.67068575586
4057,0.0,33527.45729969231
4058,0.0,25544.783675930397
4059,0.0,19084.305308337352
4060,0.0,13549.348483015208
4061,0.0,10639.851258991263
4062,0.0,8642.025580151947
4063,0.0,8642.025580151947
4064,34.52868958279136,30439.206651447275
4065,46.750146384807486,58073.13535646457
4066,189.9876299412551,55854.564488472475
4067,308.52192337193253,61098.839454964436
4068,330.3629630419417,64000.73015029813
4069,312.08275320527025,61098.839454964436
4070,336.26662365565846,56963.849922468544
4071,342.0180723625622,52526.708186484306
4072,78.8992106867138,50308.13731849218
4073,56.41016143878966,47027.95038752768
4074,37.60100444531629,37585.71277335322
4075,2.675982955430225,31468.6235341956
4076,0.0,35586.29106518898
4077,0.0,45847.67068575586
4078,0.0,36615.70794793733
4079,0.0,38765.99247512504
4080,0.0,39946.272176896855
4081,0.0,32498.04041694395
4082,0.0,25544.783675930397
4083,0.0,14303.662578132522
4084,0.0,7506.117295739982
4085,0.0,6938.163153533998
4086,0.0,7506.117295739982
4087,0.0,9209.979722357926
4088,53.35232502423098,33527.45729969231
4089,147.7478606328131,51417.42275248823
4090,248.60182448587625,59023.951442746926
4091,277.0029935246507,61098.839454964436
4092,363.5928091029367,61098.839454964436
4093,378.5535790657356,60131.54255651987
4094,358.9152790953223,58073.13535646457
4095,357.34528143678443,54745.2790544764
4096,61.15548572031189,50308.13731849218
4097,54.2018895214781,44667.39098398404
4098,40.614819027128384,36615.70794793733
4099,2.677670935033001,26468.598675132238
4100,0.0,29409.78976869893
4101,0.0,28380.372885950583
4102,0.0,23698.932713760954
4103,0.0,26468.598675132238
4104,0.0,29409.78976869893
4105,0.0,23698.932713760954
4106,0.0,20007.23078942208
4107,0.0,15057.976673249845
4108,0.0,11286.406197663246
4109,0.0,9885.537163873942
4110,0.0,9209.979722357926
4111,0.0,14303.662578132522
4112,35.94196434706209,33527.45729969231
4113,151.65373019182132,33527.45729969231
4114,244.60742119931496,39946.272176896855
4115,304.8050839062957,43487.11128221227
4116,358.61282225986736,48039.61870333207
4117,378.715661142301,50308.13731849218
4118,375.20562171414514,54745.2790544764
4119,129.90014067184163,60131.54255651987
4120,104.16023946477458,61098.839454964436
4121,86.53274757860274,60131.54255651987
4122,35.346371241233776,50308.13731849218
4123,2.6729894226303528,33527.45729969231
4124,0.0,39946.272176896855
4125,0.0,55854.564488472475
4126,0.0,50308.13731849218
4127,0.0,43487.11128221227
4128,0.0,32498.04041694395
4129,0.0,24621.858194845674
4130,0.0,19084.305308337352
4131,0.0,14303.662578132522
4132,0.0,13549.348483015208
4133,0.0,11286.406197663246
4134,0.0,8642.025580151947
4135,0.0,6938.163153533998
4136,21.352102335721025,28380.372885950583
4137,141.62780243199148,39946.272176896855
4138,232.4442942095648,50308.13731849218
4139,297.3523267504248,49198.851884496136
4140,352.1206935615815,45847.67068575586
4141,362.06055695175,47027.95038752768
4142,315.70908003916225,48039.61870333207
4143,336.0357760668739,48039.61870333207
4144,96.68674874651398,44667.39098398404
4145,71.97170293883633,43487.11128221227
4146,43.77347554240977,36615.70794793733
4147,2.681444065909796,23698.932713760954
4148,0.0,25544.783675930397
4149,0.0,27350.95600320225
4150,0.0,42306.83158044045
4151,0.0,43487.11128221227
4152,0.0,43487.11128221227
4153,0.0,37585.71277335322
4154,0.0,27350.95600320225
4155,0.0,17370.300843465728
4156,0.0,9209.979722357926
4157,0.0,5234.300726916051
4158,0.0,4747.482890739503
4159,0.0,6938.163153533998
4160,38.68620661030199,39946.272176896855
4161,138.5265638100001,50308.13731849218
4162,214.1680703850949,59023.951442746926
4163,129.34676961439823,58073.13535646457
4164,190.51077628538405,60131.54255651987
4165,299.74969046577587,62066.13635340902
4166,278.4852368921183,59023.951442746926
4167,360.5292335361133,58073.13535646457
4168,72.34267223361871,53635.99362048036
4169,67.53009934585234,51417.42275248823
4170,42.34216233976918,42306.83158044045
4171,3.1203460499975386,30439.206651447275
4172,0.0,38765.99247512504
4173,0.0,43487.11128221227
4174,0.0,42306.83158044045
4175,0.0,36615.70794793733
4176,0.0,26468.598675132238
4177,0.0,18161.37982725263
4178,0.0,11286.406197663246
4179,0.0,9209.979722357926
4180,0.0,6938.163153533998
4181,0.0,4747.482890739503
4182,0.0,2687.4631010866456
4183,0.0,3326.411511068373
4184,25.375317588272523,27350.95600320225
4185,138.66739851902062,39946.272176896855
4186,220.2590280299822,48039.61870333207
4187,290.55613393374284,51417.42275248823
4188,345.3753539249327,49198.851884496136
4189,371.4196672458244,47027.95038752768
4190,364.6063286999392,41126.55187866863
4191,342.6102147235188,36615.70794793733
4192,107.9236041012654,36615.70794793733
4193,92.79042942557034,36615.70794793733
4194,40.683056640789104,35586.29106518898
4195,3.1308755534610406,29409.78976869893
4196,0.0,39946.272176896855
4197,0.0,43487.11128221227
4198,0.0,41126.55187866863
4199,0.0,41126.55187866863
4200,0.0,37585.71277335322
4201,0.0,30439.206651447275
4202,0.0,20930.156270506784
4203,0.0,12795.034387897882
4204,0.0,7506.117295739982
4205,0.0,4747.482890739503
4206,0.0,5234.300726916051
4207,0.0,11286.406197663246
4208,19.160143115720324,29409.78976869893
4209,42.90271853079455,43487.11128221227
4210,111.60324382196488,49198.851884496136
4211,186.3585151435049,50308.13731849218
4212,202.0445126370862,50308.13731849218
4213,357.4894480618232,49198.851884496136
4214,297.4880619873871,43487.11128221227
4215,66.20015968262119,37585.71277335322
4216,24.868061315768344,31468.6235341956
4217,76.25462835675349,29409.78976869893
4218,43.80628166562951,25544.783675930397
4219,0.4477270081567189,22776.007232676242
4220,0.0,33527.45729969231
4221,0.0,39946.272176896855
4222,0.0,47027.95038752768
4223,0.0,51417.42275248823
4224,0.0,45847.67068575586
4225,0.0,39946.272176896855
4226,0.0,35586.29106518898
4227,0.0,31468.6235341956
4228,0.0,29409.78976869893
4229,0.0,26468.598675132238
4230,0.0,21853.08175159152
4231,0.0,38765.99247512504
4232,6.716281408829695,53635.99362048036
4233,53.98769995055273,54745.2790544764
4234,191.37407416576056,52526.708186484306
4235,302.372812738929,51417.42275248823
4236,343.1703896965996,50308.13731849218
4237,336.1891496289357,47027.95038752768
4238,356.6495344562467,44667.39098398404
4239,310.08757143563184,43487.11128221227
4240,84.63033350805964,41126.55187866863
4241,86.44580947590329,38765.99247512504
4242,38.06987766363231,32498.04041694395
4243,3.129716883135674,21853.08175159152
4244,0.0,20930.156270506784
4245,0.0,30439.206651447275
4246,0.0,33527.45729969231
4247,0.0,30439.206651447275
4248,0.0,33527.45729969231
4249,0.0,37585.71277335322
4250,0.0,36615.70794793733
4251,0.0,24621.858194845674
4252,0.0,29409.78976869893
4253,0.0,31468.6235341956
4254,0.0,31468.6235341956
4255,0.0,34556.87418244063
4256,38.03170782268885,50308.13731849218
4257,66.76249837351571,58073.13535646457
4258,231.9581372067903,62066.13635340902
4259,168.8908378745946,70491.6074828782
4260,362.57405522809125,66902.62084563181
4261,347.18583913543944,61098.839454964436
4262,233.83831995691727,60131.54255651987
4263,269.98188017696526,54745.2790544764
4264,51.66902246884621,52526.708186484306
4265,95.16335337363796,45847.67068575586
4266,39.89142374931684,36615.70794793733
4267,4.024526438465838,21853.08175159152
4268,0.0,27350.95600320225
4269,0.0,39946.272176896855
4270,0.0,45847.67068575586
4271,0.0,43487.11128221227
4272,0.0,35586.29106518898
4273,0.0,31468.6235341956
4274,0.0,29409.78976869893
4275,0.0,24621.858194845674
4276,0.0,17370.300843465728
4277,0.0,11286.406197663246
4278,0.0,7506.117295739982
4279,0.0,6370.2090113280165
4280,48.10879936479092,20930.156270506784
4281,131.29798196698584,27350.95600320225
4282,234.2715991988694,32498.04041694395
4283,308.801562938099,41126.55187866863
4284,348.4271927983431,49198.851884496136
4285,356.53273274417967,54745.2790544764
4286,375.8908283875076,58073.13535646457
4287,369.7020872220425,59023.951442746926
4288,70.34343519644433,58073.13535646457
4289,64.62120641197258,53635.99362048036
4290,38.54170777852364,35586.29106518898
4291,3.131814382004636,32498.04041694395
4292,0.0,38765.99247512504
4293,0.0,38765.99247512504
4294,0.0,35586.29106518898
4295,0.0,38765.99247512504
4296,0.0,37585.71277335322
4297,0.0,29409.78976869893
4298,0.0,23698.932713760954
4299,0.0,19084.305308337352
4300,0.0,14303.662578132522
4301,0.0,11286.406197663246
4302,0.0,9209.979722357926
4303,0.0,7506.117295739982
4304,41.72253606194696,24621.858194845674
4305,150.9404117616765,38765.99247512504
4306,202.56604074139867,53635.99362048036
4307,303.9683285125771,61098.839454964436
4308,356.7753412380512,66902.62084563181
4309,370.4014281820741,67869.91774407637
4310,344.6826291588706,64968.02704874271
4311,232.27356209546656,56963.849922468544
4312,65.53185573804353,50308.13731849218
4313,83.80868769081737,44667.39098398404
4314,41.96812612673996,33527.45729969231
4315,4.019077003580029,36615.70794793733
4316,0.0,45847.67068575586
4317,0.0,44667.39098398404
4318,0.0,37585.71277335322
4319,0.0,37585.71277335322
4320,0.0,36615.70794793733
4321,0.0,33527.45729969231
4322,0.0,27350.95600320225
4323,0.0,20007.23078942208
4324,0.0,17370.300843465728
4325,0.0,18161.37982725263
4326,0.0,20007.23078942208
4327,0.0,16566.604863484477
4328,49.625322898138414,34556.87418244063
4329,149.89351915318986,45847.67068575586
4330,90.1946084682088,50308.13731849218
4331,230.19959278476708,53635.99362048036
4332,283.61902538899886,55854.564488472475
4333,378.2460319557795,56963.849922468544
4334,371.2773263046839,58073.13535646457
4335,363.4110523369236,54745.2790544764
4336,74.67419168053175,45847.67068575586
4337,55.15889568152662,38765.99247512504
4338,38.51563471141994,27350.95600320225
4339,4.021013544313518,22512.3142380806
4340,0.0,23830.779211058765
4341,0.0,25149.24418403694
4342,0.0,26468.598675132238
4343,0.0,27939.194221915586
4344,0.0,29556.84932337726
4345,0.0,31027.444870160605
4346,0.0,32498.04041694395
4347,0.0,33968.63596372731
4348,0.0,35439.23151051065
4349,0.0,37079.87861545104
4350,0.0,38765.99247512504
4351,0.0,40452.106334799035
4352,6.680535958417962,42138.22019447306
4353,17.759390044903316,43824.33405414707
4354,113.02971564012988,45679.059299788474
4355,183.30016599034903,58073.13535646457
4356,309.93836764739314,56963.849922468544
4357,121.76498906178216,53635.99362048036
4358,164.84713337020497,48039.61870333207
4359,181.5473673022664,41126.55187866863
4360,52.641740709074206,39946.272176896855
4361,63.45909338028682,37585.71277335322
4362,42.734013008478655,30439.206651447275
4363,4.46157541600614,21853.08175159152
4364,0.0,27350.95600320225
4365,0.0,44667.39098398404
4366,0.0,45847.67068575586
4367,0.0,52526.708186484306
4368,0.0,44667.39098398404
4369,0.0,33527.45729969231
4370,0.0,23698.932713760954
4371,0.0,16566.604863484477
4372,0.0,12040.720292780567
4373,0.0,13549.348483015208
4374,0.0,15057.976673249845
4375,0.0,15812.290768367156
4376,31.46866001692529,37585.71277335322
4377,76.39319214898607,48039.61870333207
4378,160.47108355413948,64968.02704874271
4379,175.48868867689555,63033.43325185356
4380,320.1301827884933,55854.564488472475
4381,281.12868192823936,50308.13731849218
4382,369.5251687810763,44667.39098398404
4383,340.01372219014337,43487.11128221227
4384,83.29711075946464,39946.272176896855
4385,57.537375891324366,32498.04041694395
4386,48.7974920310835,27350.95600320225
4387,4.003882607055737,15057.976673249845
4388,0.0,15812.290768367156
4389,0.0,21853.08175159152
4390,0.0,37585.71277335322
4391,0.0,42306.83158044045
4392,0.0,33527.45729969231
4393,0.0,25544.783675930397
4394,0.0,20930.156270506784
4395,0.0,16566.604863484477
4396,0.0,12040.720292780567
4397,0.0,6938.163153533998
4398,0.0,4747.482890739503
4399,0.0,6370.2090113280165
4400,50.54494745800517,24621.858194845674
4401,86.25065670266837,39946.272176896855
4402,210.0638945558128,47027.95038752768
4403,294.10354259637813,49198.851884496136
4404,306.70241998463854,48039.61870333207
4405,384.8093788254623,39946.272176896855
4406,378.90497774541296,32498.04041694395
4407,338.12985435200824,29409.78976869893
4408,129.39814319704516,30439.206651447275
4409,66.33174255929657,31468.6235341956
4410,38.12933534908496,30439.206651447275
4411,3.5712589684698144,22776.007232676242
4412,0.0,21853.08175159152
4413,0.0,26468.598675132238
4414,0.0,38765.99247512504
4415,0.0,54745.2790544764
4416,0.0,50308.13731849218
4417,0.0,37585.71277335322
4418,0.0,29409.78976869893
4419,0.0,20930.156270506784
4420,0.0,17370.300843465728
4421,0.0,15812.290768367156
4422,0.0,16566.604863484477
4423,0.0,17370.300843465728
4424,42.305793170904174,37585.71277335322
4425,120.67458129513405,48039.61870333207
4426,151.13296973526758,64000.73015029813
4427,307.1883910941459,65935.32394718725
4428,342.0345949673899,64968.02704874271
4429,387.6923589881463,62066.13635340902
4430,389.5629511308224,60131.54255651987
4431,371.141525975427,58073.13535646457
4432,66.79036847585459,54745.2790544764
4433,59.33671817073936,53635.99362048036
4434,40.19958936693812,49198.851884496136
4435,4.895811421665093,39946.272176896855
4436,0.0,38765.99247512504
4437,0.0,41126.55187866863
4438,0.0,45847.67068575586
4439,0.0,53635.99362048036
4440,0.0,48039.61870333207
4441,0.0,37585.71277335322
4442,0.0,31468.6235341956
4443,0.0,26468.598675132238
4444,0.0,23698.932713760954
4445,0.0,21853.08175159152
4446,0.0,21853.08175159152
4447,0.0,21853.08175159152
4448,42.85324951200771,52526.708186484306
4449,126.69475366647669,69666.32626975914
4450,235.2830316007508,70491.6074828782
4451,285.2814265789514,72035.7328070007
4452,172.3355280020671,70491.6074828782
4453,210.4777829875611,65935.32394718725
4454,288.9257146421638,55854.564488472475
4455,338.0425112791398,50308.13731849218
4456,129.29532988873757,47027.95038752768
4457,61.41508569135551,43487.11128221227
4458,49.37237437016481,32498.04041694395
4459,4.908872721069834,25544.783675930397
4460,0.0,33527.45729969231
4461,0.0,42306.83158044045
4462,0.0,35586.29106518898
4463,0.0,35586.29106518898
4464,0.0,27350.95600320225
4465,0.0,20007.23078942208
4466,0.0,15812.290768367156
4467,0.0,11286.406197663246
4468,0.0,8642.025580151947
4469,0.0,8642.025580151947
4470,0.0,10639.851258991263
4471,0.0,10639.851258991263
4472,26.95755213302928,55854.564488472475
4473,149.79714716423263,60131.54255651987
4474,239.45923982456355,62066.13635340902
4475,308.47527523815427,63033.43325185356
4476,358.3854491845748,63033.43325185356
4477,286.3150465173942,61098.839454964436
4478,377.8914889183261,54745.2790544764
4479,341.3294100841107,47027.95038752768
4480,71.69776469183728,41126.55187866863
4481,66.8509784676729,36615.70794793733
4482,40.74407397264338,26468.598675132238
4483,4.01952389759545,20930.156270506784
4484,0.0,20930.156270506784
4485,0.0,26468.598675132238
4486,0.0,38765.99247512504
4487,0.0,42306.83158044045
4488,0.0,43487.11128221227
4489,0.0,35586.29106518898
4490,0.0,29409.78976869893
4491,0.0,26468.598675132238
4492,0.0,24621.858194845674
4493,0.0,21853.08175159152
4494,0.0,19084.305308337352
4495,0.0,15057.976673249845
4496,36.656347358300806,65935.32394718725
4497,145.95991975887983,70491.6074828782
4498,228.20286749488287,70491.6074828782
4499,235.5346694954767,64968.02704874271
4500,164.93966178743975,64968.02704874271
4501,183.2097075474028,66902.62084563181
4502,104.80748410477644,61098.839454964436
4503,282.5242051702294,58073.13535646457
4504,43.69193998472405,55854.564488472475
4505,83.47710119554442,56963.849922468544
4506,48.98842597948993,62066.13635340902
4507,4.907780195432825,54745.2790544764
4508,0.0,50308.13731849218
4509,0.0,44667.39098398404
4510,0.0,44667.39098398404
4511,0.0,43487.11128221227
4512,0.0,35586.29106518898
4513,0.0,30439.206651447275
4514,0.0,29409.78976869893
4515,0.0,29409.78976869893
4516,0.0,28380.372885950583
4517,0.0,26468.598675132238
4518,0.0,23698.932713760954
4519,0.0,19084.305308337352
4520,32.926770703968714,38765.99247512504
4521,135.33853308223183,58073.13535646457
4522,216.87404321525048,65935.32394718725
4523,299.1181697591265,69666.32626975914
4524,342.9444908161299,70491.6074828782
4525,367.9973206477998,70491.6074828782
4526,302.1378046476791,67869.91774407637
4527,219.2480702791376,61098.839454964436
4528,78.54510552319903,70491.6074828782
4529,69.38892107113512,79147.44993957113
4530,47.224531173864335,77329.87677542074
4531,4.91032942191918,59023.951442746926
4532,0.0,52526.708186484306
4533,0.0,58073.13535646457
4534,0.0,60131.54255651987
4535,0.0,60131.54255651987
4536,0.0,51417.42275248823
4537,0.0,44667.39098398404
4538,0.0,35586.29106518898
4539,0.0,27350.95600320225
4540,0.0,21853.08175159152
4541,0.0,20007.23078942208
4542,0.0,19084.305308337352
4543,0.0,20930.156270506784
4544,43.84442209075898,64968.02704874271
4545,142.69414679071295,70491.6074828782
4546,239.3858718465585,79715.4040817771
4547,305.7405424674563,78011.54165515918
4548,339.9725771679456,77329.87677542074
4549,372.6737276098812,73579.85813112323
4550,384.19908937092765,69666.32626975914
4551,369.3910179069906,71263.67014493943
4552,69.43960341209072,71263.67014493943
4553,63.83965583528919,69666.32626975914
4554,39.02539068221724,62066.13635340902
4555,4.91815918898441,45847.67068575586
4556,0.0,44667.39098398404
4557,0.0,42306.83158044045
4558,0.0,41126.55187866863
4559,0.0,39946.272176896855
4560,0.0,38765.99247512504
4561,0.0,35586.29106518898
4562,0.0,31468.6235341956
4563,0.0,25544.783675930397
4564,0.0,21853.08175159152
4565,0.0,20930.156270506784
4566,0.0,15812.290768367156
4567,0.0,20007.23078942208
4568,39.48692339591008,49198.851884496136
4569,150.18541365891232,64000.73015029813
4570,241.95856739287265,66902.62084563181
4571,312.94513024776523,65935.32394718725
4572,363.1070798949318,71263.67014493943
4573,381.52710519345584,69666.32626975914
4574,373.4468501949724,73579.85813112323
4575,346.1352629950543,72035.7328070007
4576,74.1001057599023,68699.02937131457
4577,71.8752774391717,62066.13635340902
4578,43.29318541235117,50308.13731849218
4579,5.797443288064892,24621.858194845674
4580,0.0,23698.932713760954
4581,0.0,33527.45729969231
4582,0.0,51417.42275248823
4583,0.0,54745.2790544764
4584,0.0,45847.67068575586
4585,0.0,35586.29106518898
4586,0.0,28380.372885950583
4587,0.0,20930.156270506784
4588,0.0,16566.604863484477
4589,0.0,12795.034387897882
4590,0.0,12795.034387897882
4591,0.0,14303.662578132522
4592,27.31666475893125,53635.99362048036
4593,138.56842169114196,45847.67068575586
4594,209.4145067801104,52526.708186484306
4595,279.23506926631774,50308.13731849218
4596,358.4076652498993,54745.2790544764
4597,373.93535053528825,55854.564488472475
4598,269.9315507179912,58073.13535646457
4599,360.84866703618354,58073.13535646457
4600,76.71531923982766,56963.849922468544
4601,62.47617944915726,58073.13535646457
4602,48.08668151799145,53635.99362048036
4603,5.353201105656621,48039.61870333207
4604,0.0,33527.45729969231
4605,0.0,20007.23078942208
4606,0.0,36615.70794793733
4607,0.0,32498.04041694395
4608,0.0,29409.78976869893
4609,0.0,31468.6235341956
4610,0.0,31468.6235341956
4611,0.0,26468.598675132238
4612,0.0,20007.23078942208
4613,0.0,15057.976673249845
4614,0.0,9885.537163873942
4615,0.0,8074.07143794596
4616,35.64352656971182,22776.007232676242
4617,146.25312554952825,34556.87418244063
4618,229.14716410860376,48039.61870333207
4619,290.2784333798269,67869.91774407637
4620,343.8567143449706,73579.85813112323
4621,379.5187116567918,73579.85813112323
4622,378.1886677844104,70491.6074828782
4623,364.45534433146247,67869.91774407637
4624,65.1259589000848,64000.73015029813
4625,69.7884959273287,61098.839454964436
4626,43.7553892122762,56963.849922468544
4627,5.800886251991904,58073.13535646457
4628,0.0,62066.13635340902
4629,0.0,63033.43325185356
4630,0.0,63033.43325185356
4631,0.0,53635.99362048036
4632,0.0,47027.95038752768
4633,0.0,44667.39098398404
4634,0.0,37585.71277335322
4635,0.0,41126.55187866863
4636,0.0,39946.272176896855
4637,0.0,36615.70794793733
4638,0.0,37585.71277335322
4639,0.0,29409.78976869893
4640,37.58490823271533,48039.61870333207
4641,157.5500584326904,53635.99362048036
4642,242.70078694877705,70491.6074828782
4643,317.28903138481706,70491.6074828782
4644,339.1538535178752,69666.32626975914
4645,380.86764754559545,63033.43325185356
4646,361.35075620865376,56963.849922468544
4647,367.23192347551856,58073.13535646457
4648,71.95373826335822,64000.73015029813
4649,53.85638285367417,64000.73015029813
4650,35.91661955179867,64968.02704874271
4651,6.242792644658056,55854.564488472475
4652,0.0,47027.95038752768
4653,0.0,41126.55187866863
4654,0.0,38765.99247512504
4655,0.0,37585.71277335322
4656,0.0,30439.206651447275
4657,0.0,20007.23078942208
4658,0.0,13549.348483015208
4659,0.0,8642.025580151947
4660,0.0,5234.300726916051
4661,0.0,3645.8857160592397
4662,0.0,3326.411511068373
4663,0.0,2367.98889609578
4664,35.17027390679316,25544.783675930397
4665,155.2305478540937,35586.29106518898
4666,183.4812170454329,50308.13731849218
4667,306.68301487308287,50308.13731849218
4668,321.80289606505914,49198.851884496136
4669,65.76201117938295,51417.42275248823
4670,369.5295959529286,56963.849922468544
4671,371.2078563980992,64968.02704874271
4672,67.03342857078364,71263.67014493943
4673,50.47410395739524,69666.32626975914
4674,41.58486798051923,61098.839454964436
4675,6.686234254372371,41126.55187866863
4676,0.0,24621.858194845674
4677,0.0,20007.23078942208
4678,0.0,9885.537163873942
4679,0.0,5802.254869122039
4680,0.0,1409.5662811231873
4681,0.0,2048.5146911049164
4682,0.0,7506.117295739982
4683,0.0,9885.537163873942
4684,0.0,9885.537163873942
4685,0.0,8074.07143794596
4686,0.0,6370.2090113280165
4687,0.0,6938.163153533998
4688,33.84354406658076,27350.95600320225
4689,104.80596549686388,41126.55187866863
4690,248.6728524069244,44667.39098398404
4691,320.2385704568298,50308.13731849218
4692,318.7474769999349,50308.13731849218
4693,383.3399557725844,50308.13731849218
4694,382.0173930209819,50308.13731849218
4695,373.0422951615223,49198.851884496136
4696,79.56472207409554,45847.67068575586
4697,52.69569153977031,44667.39098398404
4698,39.46533143970718,36615.70794793733
4699,5.804293416588727,31468.6235341956
4700,0.0,32498.04041694395
4701,0.0,41126.55187866863
4702,0.0,47027.95038752768
4703,0.0,42306.83158044045
4704,0.0,38765.99247512504
4705,0.0,33527.45729969231
4706,0.0,26468.598675132238
4707,0.0,22776.007232676242
4708,0.0,18161.37982725263
4709,0.0,14303.662578132522
4710,0.0,11286.406197663246
4711,0.0,8642.025580151947
4712,42.26664461971026,43487.11128221227
4713,142.4719531918917,52526.708186484306
4714,207.45445700944936,58073.13535646457
4715,323.4678766014853,58073.13535646457
4716,372.5520223457506,54745.2790544764
4717,378.3575478422872,54745.2790544764
4718,389.3720845279095,55854.564488472475
4719,323.3973376075299,58073.13535646457
4720,65.68378361889411,56963.849922468544
4721,98.59459062431714,55854.564488472475
4722,51.46038290246408,49198.851884496136
4723,4.908420781406561,36615.70794793733
4724,0.0,42306.83158044045
4725,0.0,48039.61870333207
4726,0.0,52526.708186484306
4727,0.0,47027.95038752768
4728,0.0,33527.45729969231
4729,0.0,22776.007232676242
4730,0.0,17370.300843465728
4731,0.0,15057.976673249845
4732,0.0,12795.034387897882
4733,0.0,11286.406197663246
4734,0.0,10639.851258991263
4735,0.0,6938.163153533998
4736,36.65499976786791,52526.708186484306
4737,143.26521585233638,62066.13635340902
4738,231.13288960522067,62066.13635340902
4739,307.93750156209785,62066.13635340902
4740,367.735401850408,59023.951442746926
4741,398.7950021254018,58073.13535646457
4742,387.7366568564542,60131.54255651987
4743,380.2226300303488,64968.02704874271
4744,52.79496185401991,65935.32394718725
4745,51.995218151643,65935.32394718725
4746,38.9942555154477,52526.708186484306
4747,6.264809783873688,43487.11128221227
4748,0.0,47027.95038752768
4749,0.0,45847.67068575586
4750,0.0,42306.83158044045
4751,0.0,33527.45729969231
4752,0.0,26468.598675132238
4753,0.0,22776.007232676242
4754,0.0,20007.23078942208
4755,0.0,17370.300843465728
4756,0.0,17370.300843465728
4757,0.0,16566.604863484477
4758,0.0,15057.976673249845
4759,0.0,13549.348483015208
4760,21.94201781749032,45847.67068575586
4761,36.8705706091948,68699.02937131457
4762,177.92170904745947,72035.7328070007
4763,281.5458882796663,71263.67014493943
4764,224.67387932391847,70491.6074828782
4765,190.41715055852808,66902.62084563181
4766,171.4308747858404,65935.32394718725
4767,148.08981897330983,62066.13635340902
4768,92.03634863083352,55854.564488472475
4769,63.00724893337208,43487.11128221227
4770,48.60113880089339,27350.95600320225
4771,3.584762805292024,26468.598675132238
4772,0.0,37585.71277335322
4773,0.0,50308.13731849218
4774,0.0,55854.564488472475
4775,0.0,56963.849922468544
4776,0.0,44667.39098398404
4777,0.0,31468.6235341956
4778,0.0,26468.598675132238
4779,0.0,26468.598675132238
4780,0.0,25544.783675930397
4781,0.0,26468.598675132238
4782,0.0,24621.858194845674
4783,0.0,29409.78976869893
4784,5.830503893189014,66902.62084563181
4785,13.410921854052068,68699.02937131457
4786,69.8630971357069,61098.839454964436
4787,175.91516669348542,60131.54255651987
4788,235.0381505128269,56963.849922468544
4789,379.9595000147241,47027.95038752768
4790,285.1544967798735,43487.11128221227
4791,136.86280894171674,39946.272176896855
4792,65.23830732611313,36615.70794793733
4793,55.06226296200437,37585.71277335322
4794,51.73535944455544,31468.6235341956
4795,6.2650415432338535,29409.78976869893
4796,0.0,37585.71277335322
4797,0.0,42306.83158044045
4798,0.0,49198.851884496136
4799,0.0,51417.42275248823
4800,0.0,45847.67068575586
4801,0.0,34556.87418244063
4802,0.0,26468.598675132238
4803,0.0,19084.305308337352
4804,0.0,14303.662578132522
4805,0.0,12040.720292780567
4806,0.0,9885.537163873942
4807,0.0,8642.025580151947
4808,37.61624274728967,27350.95600320225
4809,60.46366636049289,59023.951442746926
4810,202.72162694523428,55854.564488472475
4811,254.07849098632985,59023.951442746926
4812,317.21822054654467,61098.839454964436
4813,400.0569301752852,60131.54255651987
4814,386.501614198848,54745.2790544764
4815,378.23742320996047,49198.851884496136
4816,64.31237401936869,45847.67068575586
4817,76.61352116112053,43487.11128221227
4818,52.46037273514032,32498.04041694395
4819,5.796582547083139,23698.932713760954
4820,0.0,29409.78976869893
4821,0.0,49198.851884496136
4822,0.0,54745.2790544764
4823,0.0,55854.564488472475
4824,0.0,47027.95038752768
4825,0.0,36615.70794793733
4826,0.0,31468.6235341956
4827,0.0,27350.95600320225
4828,0.0,23698.932713760954
4829,0.0,23698.932713760954
4830,0.0,20007.23078942208
4831,0.0,12795.034387897882
4832,49.51572962769946,32498.04041694395
4833,140.28576741393047,43487.11128221227
4834,243.42747569468264,51417.42275248823
4835,310.2832418767567,55854.564488472475
4836,359.14072033463896,61098.839454964436
4837,383.3852033120467,63033.43325185356
4838,383.6251511983325,63033.43325185356
4839,359.64008549269,60131.54255651987
4840,72.43807114328925,54745.2790544764
4841,66.33011259096696,51417.42275248823
4842,42.04059577151786,42306.83158044045
4843,7.139605809920975,34556.87418244063
4844,0.0,63033.43325185356
4845,0.0,74351.92079318449
4846,0.0,60131.54255651987
4847,0.0,56963.849922468544
4848,0.0,42306.83158044045
4849,0.0,33527.45729969231
4850,0.0,28380.372885950583
4851,0.0,25544.783675930397
4852,0.0,22776.007232676242
4853,0.0,20007.23078942208
4854,0.0,17370.300843465728
4855,0.0,15812.290768367156
4856,39.82244003293767,36615.70794793733
4857,155.18287872290645,68699.02937131457
4858,246.037272396352,63033.43325185356
4859,297.23911408523463,60131.54255651987
4860,345.818254605148,54745.2790544764
4861,272.1631888209613,52526.708186484306
4862,377.013267963952,50308.13731849218
4863,256.11316410531816,52526.708186484306
4864,116.37010521906636,54745.2790544764
4865,88.910754229901,55854.564488472475
4866,48.48709460359018,52526.708186484306
4867,6.689279000324612,41126.55187866863
4868,0.0,43487.11128221227
4869,0.0,45847.67068575586
4870,0.0,44667.39098398404
4871,0.0,41126.55187866863
4872,0.0,25544.783675930397
4873,0.0,21853.08175159152
4874,0.0,23698.932713760954
4875,0.0,27350.95600320225
4876,0.0,23698.932713760954
4877,0.0,21853.08175159152
4878,0.0,24621.858194845674
4879,0.0,24621.858194845674
4880,25.46436757459136,51417.42275248823
4881,107.9356161554495,60131.54255651987
4882,194.5896627268475,65935.32394718725
4883,249.6031055130631,67869.91774407637
4884,318.78402644480946,64000.73015029813
4885,321.3613740463215,59023.951442746926
4886,386.9797643389192,62066.13635340902
4887,370.12442352215726,60131.54255651987
4888,94.18396079036536,55854.564488472475
4889,79.28542713395123,49198.851884496136
4890,40.336514713315125,39946.272176896855
4891,7.596565093465808,32498.04041694395
4892,0.0,44667.39098398404
4893,0.0,47027.95038752768
4894,0.0,38765.99247512504
4895,0.0,42306.83158044045
4896,0.0,45847.67068575586
4897,0.0,42306.83158044045
4898,0.0,29409.78976869893
4899,0.0,21853.08175159152
4900,0.0,19084.305308337352
4901,0.0,15812.290768367156
4902,0.0,15057.976673249845
4903,0.0,14303.662578132522
4904,25.47222503288161,39946.272176896855
4905,149.65987953296596,48039.61870333207
4906,239.08349336850333,52526.708186484306
4907,316.8260643343472,56963.849922468544
4908,366.5198630827166,62066.13635340902
4909,396.68191494456784,64968.02704874271
4910,397.6450902234285,59023.951442746926
4911,376.3990588207857,47027.95038752768
4912,58.71256045439762,37585.71277335322
4913,53.39543811783752,37585.71277335322
4914,38.55966361093153,37585.71277335322
4915,6.247442266380389,29409.78976869893
4916,0.0,32498.04041694395
4917,0.0,29409.78976869893
4918,0.0,34556.87418244063
4919,0.0,37585.71277335322
4920,0.0,44667.39098398404
4921,0.0,36615.70794793733
4922,0.0,24621.858194845674
4923,0.0,20930.156270506784
4924,0.0,20007.23078942208
4925,0.0,17370.300843465728
4926,0.0,13549.348483015208
4927,0.0,15057.976673249845
4928,32.83586553239481,44667.39098398404
4929,139.14077004258215,44667.39098398404
4930,227.59490529524692,39946.272176896855
4931,297.3043176763983,38765.99247512504
4932,349.4128231187792,37585.71277335322
4933,370.1326911593833,36615.70794793733
4934,376.03711688983344,30439.206651447275
4935,364.89731599068085,30439.206651447275
4936,77.50832991958434,24621.858194845674
4937,63.68478643618101,20007.23078942208
4938,53.71478967951753,15812.290768367156
4939,7.129884255103336,11286.406197663246
4940,0.0,11286.406197663246
4941,0.0,14303.662578132522
4942,0.0,17370.300843465728
4943,0.0,38765.99247512504
4944,0.0,43487.11128221227
4945,0.0,34556.87418244063
4946,0.0,30439.206651447275
4947,0.0,25544.783675930397
4948,0.0,18161.37982725263
4949,0.0,11286.406197663246
4950,0.0,6370.2090113280165
4951,0.0,9209.979722357926
4952,37.38872596014809,35586.29106518898
4953,140.03929331975385,39946.272176896855
4954,232.34827789166843,35586.29106518898
4955,293.5444871672425,33527.45729969231
4956,352.70368478559675,33527.45729969231
4957,377.3885966216529,28380.372885950583
4958,351.99265574361806,26468.598675132238
4959,357.0694671641205,25544.783675930397
4960,131.4708553122687,25544.783675930397
4961,97.19724301950406,22776.007232676242
4962,48.43643708044559,18161.37982725263
4963,4.905824848774324,8642.025580151947
4964,0.0,11286.406197663246
4965,0.0,22776.007232676242
4966,0.0,23698.932713760954
4967,0.0,24621.858194845674
4968,0.0,19084.305308337352
4969,0.0,25544.783675930397
4970,0.0,21853.08175159152
4971,0.0,17370.300843465728
4972,0.0,12795.034387897882
4973,0.0,10639.851258991263
4974,0.0,6938.163153533998
4975,0.0,5802.254869122039
4976,8.928719309890164,24621.858194845674
4977,145.68670608668992,32498.04041694395
4978,234.51353869414555,41126.55187866863
4979,317.7557915126817,42306.83158044045
4980,369.2463923985866,35586.29106518898
4981,395.72314131849856,35586.29106518898
4982,394.2593858181423,36615.70794793733
4983,378.8289118973112,35586.29106518898
4984,53.532268091630826,32498.04041694395
4985,52.974187367958656,30439.206651447275
4986,37.65920875705589,26468.598675132238
4987,7.580404998703008,15812.290768367156
4988,0.0,14303.662578132522
4989,0.0,15812.290768367156
4990,0.0,27350.95600320225
4991,0.0,38765.99247512504
4992,0.0,42306.83158044045
4993,0.0,36615.70794793733
4994,0.0,28380.372885950583
4995,0.0,21853.08175159152
4996,0.0,15812.290768367156
4997,0.0,12795.034387897882
4998,0.0,9209.979722357926
4999,0.0,10639.851258991263
5000,40.249084469543206,20007.23078942208
5001,147.89748830590204,31468.6235341956
5002,244.8105684066049,35586.29106518898
5003,317.52065968921875,39946.272176896855
5004,368.9084138472396,43487.11128221227
5005,396.1332449670026,45847.67068575586
5006,392.2318683093206,45847.67068575586
5007,361.0823995631776,45847.67068575586
5008,68.4086203858461,43487.11128221227
5009,81.1475168453308,37585.71277335322
5010,53.00005962663644,32498.04041694395
5011,7.1476664474166185,21853.08175159152
5012,0.0,25544.783675930397
5013,0.0,50308.13731849218
5014,0.0,59023.951442746926
5015,0.0,62066.13635340902
5016,0.0,48039.61870333207
5017,0.0,33527.45729969231
5018,0.0,23698.932713760954
5019,0.0,15812.290768367156
5020,0.0,12040.720292780567
5021,0.0,9885.537163873942
5022,0.0,10639.851258991263
5023,0.0,9885.537163873942
5024,27.30836118222815,31468.6235341956
5025,144.79866855121526,44667.39098398404
5026,243.8507808100528,49198.851884496136
5027,305.5520777168049,64000.73015029813
5028,362.4630200086448,69666.32626975914
5029,396.8254620902448,67869.91774407637
5030,393.3559590167575,66902.62084563181
5031,366.6557893829894,64968.02704874271
5032,59.17020938665304,62066.13635340902
5033,56.44454848660379,53635.99362048036
5034,39.41859807345718,34556.87418244063
5035,7.132568156628641,13549.348483015208
5036,0.0,34556.87418244063
5037,0.0,67869.91774407637
5038,0.0,55854.564488472475
5039,0.0,42306.83158044045
5040,0.0,34556.87418244063
5041,0.0,28380.372885950583
5042,0.0,21853.08175159152
5043,0.0,15057.976673249845
5044,0.0,10639.851258991263
5045,0.0,6938.163153533998
5046,0.0,4747.482890739503
5047,0.0,4179.528748533515
5048,35.584405478343285,33527.45729969231
5049,132.05156684853716,42306.83158044045
5050,229.69910106799287,42306.83158044045
5051,311.48223624927186,43487.11128221227
5052,366.0349848751776,48039.61870333207
5053,392.5400441815088,54745.2790544764
5054,394.3939633316124,55854.564488472475
5055,373.92692903736094,53635.99362048036
5056,64.73550730692216,51417.42275248823
5057,56.4607577576468,47027.95038752768
5058,39.86259307130917,36615.70794793733
5059,7.584907896529583,12040.720292780567
5060,0.0,3645.8857160592397
5061,0.0,1729.0404861140526
5062,0.0,2367.98889609578
5063,0.0,16566.604863484477
5064,0.0,31468.6235341956
5065,0.0,31468.6235341956
5066,0.0,25544.783675930397
5067,0.0,21853.08175159152
5068,0.0,20007.23078942208
5069,0.0,19084.305308337352
5070,0.0,19084.305308337352
5071,0.0,20007.23078942208
5072,37.86730338156293,55854.564488472475
5073,127.71051838569294,72035.7328070007
5074,217.72147886106143,70491.6074828782
5075,311.6686429358328,66902.62084563181
5076,368.9457464826968,65935.32394718725
5077,379.1330866904037,64000.73015029813
5078,389.7203355053714,63033.43325185356
5079,368.730574049975,64000.73015029813
5080,60.04062720000019,64968.02704874271
5081,56.8970785555478,64968.02704874271
5082,40.31637600159581,62066.13635340902
5083,7.13782920623364,49832.72927535101
5084,0.0,48376.84147526689
5085,0.0,46859.33900156027
5086,0.0,45341.83652785366
5087,0.0,43655.72266817965
5088,0.0,42138.22019447306
5089,0.0,40620.71772076645
5090,0.0,39103.21524705984
5091,0.0,37585.71277335322
5092,0.0,36174.52928390232
5093,0.0,34703.93373711898
5094,0.0,33380.397745013965
5095,0.0,32056.861752908946
5096,4.469665222557983,30733.32576080394
5097,107.4228572265291,29409.78976869893
5098,245.899372361712,28086.25377659392
5099,297.88801184079824,51417.42275248823
5100,329.78862550482324,49198.851884496136
5101,379.4206511717011,54745.2790544764
5102,369.9587373318894,54745.2790544764
5103,328.3902717832777,55854.564488472475
5104,141.0550739237537,56963.849922468544
5105,55.092757087735045,53635.99362048036
5106,53.623683046257895,44667.39098398404
5107,7.578668684222907,32498.04041694395
5108,0.0,42306.83158044045
5109,0.0,34556.87418244063
5110,0.0,37585.71277335322
5111,0.0,25544.783675930397
5112,0.0,15057.976673249845
5113,0.0,12040.720292780567
5114,0.0,12040.720292780567
5115,0.0,12795.034387897882
5116,0.0,13549.348483015208
5117,0.0,9885.537163873942
5118,0.0,6938.163153533998
5119,0.0,4747.482890739503
5120,40.01328200682968,27350.95600320225
5121,157.11118337119737,33527.45729969231
5122,255.4264841360664,38765.99247512504
5123,322.9520792936829,41126.55187866863
5124,338.43655213510425,42306.83158044045
5125,401.33096108416015,41126.55187866863
5126,403.1546962364062,39946.272176896855
5127,376.00156960679,42306.83158044045
5128,63.813269532597936,35586.29106518898
5129,51.20368297001535,34556.87418244063
5130,37.16097204849093,50308.13731849218
5131,8.029565309189524,36615.70794793733
5132,0.0,21853.08175159152
5133,0.0,16566.604863484477
5134,0.0,21853.08175159152
5135,0.0,26468.598675132238
5136,0.0,29409.78976869893
5137,0.0,23698.932713760954
5138,0.0,18161.37982725263
5139,0.0,15057.976673249845
5140,0.0,13549.348483015208
5141,0.0,11286.406197663246
5142,0.0,11286.406197663246
5143,0.0,10639.851258991263
5144,39.6851033210442,34556.87418244063
5145,158.83408063979678,51417.42275248823
5146,254.8531810786073,60131.54255651987
5147,324.43603579612983,58073.13535646457
5148,347.8533191119833,49198.851884496136
5149,391.8071465925054,53635.99362048036
5150,397.8560217645438,58073.13535646457
5151,368.12467821900447,56963.849922468544
5152,58.22791810824821,54745.2790544764
5153,54.25329928494167,52526.708186484306
5154,41.12354054840417,37585.71277335322
5155,7.138925331697263,22776.007232676242
5156,0.0,22776.007232676242
5157,0.0,33527.45729969231
5158,0.0,34556.87418244063
5159,0.0,42306.83158044045
5160,0.0,39946.272176896855
5161,0.0,28380.372885950583
5162,0.0,19084.305308337352
5163,0.0,13549.348483015208
5164,0.0,11286.406197663246
5165,0.0,9885.537163873942
5166,0.0,9885.537163873942
5167,0.0,6938.163153533998
5168,42.12823687838157,43487.11128221227
5169,129.474629657535,56963.849922468544
5170,248.25480728123225,53635.99362048036
5171,317.0942447763331,58073.13535646457
5172,354.64470049299604,52526.708186484306
5173,386.7760123174995,53635.99362048036
5174,397.9754607532154,53635.99362048036
5175,370.4688233253944,52526.708186484306
5176,61.30074539199602,51417.42275248823
5177,54.693691598410496,47027.95038752768
5178,42.4203968894818,33527.45729969231
5179,7.14471483054657,28380.372885950583
5180,0.0,34556.87418244063
5181,0.0,41126.55187866863
5182,0.0,35586.29106518898
5183,0.0,38765.99247512504
5184,0.0,35586.29106518898
5185,0.0,31468.6235341956
5186,0.0,24621.858194845674
5187,0.0,19084.305308337352
5188,0.0,13549.348483015208
5189,0.0,8642.025580151947
5190,0.0,5802.254869122039
5191,0.0,2687.4631010866456
5192,44.26817119320482,30439.206651447275
5193,158.69148135045626,49198.851884496136
5194,186.313989640998,49198.851884496136
5195,319.9083483390225,50308.13731849218
5196,374.3832623129428,49198.851884496136
5197,385.84295638499606,50308.13731849218
5198,395.5059918240776,45847.67068575586
5199,366.6663885961853,37585.71277335322
5200,81.46027385798395,36615.70794793733
5201,52.992787214429846,36615.70794793733
5202,38.06589115423218,34556.87418244063
5203,7.593868696257453,30439.206651447275
5204,0.0,29409.78976869893
5205,0.0,31468.6235341956
5206,0.0,23698.932713760954
5207,0.0,23698.932713760954
5208,0.0,22776.007232676242
5209,0.0,20007.23078942208
5210,0.0,13549.348483015208
5211,0.0,8074.07143794596
5212,0.0,5802.254869122039
5213,0.0,5234.300726916051
5214,0.0,4747.482890739503
5215,0.0,3006.937306077509
5216,26.71462718129775,33527.45729969231
5217,131.9319702880475,41126.55187866863
5218,217.72936901734585,41126.55187866863
5219,293.84371093663043,49198.851884496136
5220,371.2971784478853,50308.13731849218
5221,392.20303299520873,47027.95038752768
5222,399.71142505472056,50308.13731849218
5223,369.0383249627723,53635.99362048036
5224,81.37506198115165,53635.99362048036
5225,59.40950877486503,51417.42275248823
5226,43.25067797753844,38765.99247512504
5227,7.1390759947417415,28380.372885950583
5228,0.0,26468.598675132238
5229,0.0,33527.45729969231
5230,0.0,47027.95038752768
5231,0.0,47027.95038752768
5232,0.0,34556.87418244063
5233,0.0,28380.372885950583
5234,0.0,22776.007232676242
5235,0.0,19084.305308337352
5236,0.0,13549.348483015208
5237,0.0,8642.025580151947
5238,0.0,5802.254869122039
5239,0.0,3006.937306077509
5240,36.73375543060269,14303.662578132522
5241,147.8734605969267,24621.858194845674
5242,228.3622455055448,32498.04041694395
5243,322.17575260952333,48039.61870333207
5244,371.6217840365643,52526.708186484306
5245,398.9224073214626,55854.564488472475
5246,374.9461887021771,54745.2790544764
5247,367.4209335534687,53635.99362048036
5248,68.99927970146013,49198.851884496136
5249,54.26743163311371,49198.851884496136
5250,38.06303701695703,44667.39098398404
5251,4.464369600274763,37585.71277335322
5252,0.0,36615.70794793733
5253,0.0,44667.39098398404
5254,0.0,49198.851884496136
5255,0.0,48039.61870333207
5256,0.0,33527.45729969231
5257,0.0,29409.78976869893
5258,0.0,23698.932713760954
5259,0.0,20930.156270506784
5260,0.0,18161.37982725263
5261,0.0,15812.290768367156
5262,0.0,12795.034387897882
5263,0.0,14303.662578132522
5264,39.94310840986102,32498.04041694395
5265,153.70719825790428,52526.708186484306
5266,249.46130255826475,53635.99362048036
5267,318.1900766917128,51417.42275248823
5268,303.31560002701065,51417.42275248823
5269,367.1729359686096,50308.13731849218
5270,374.2196203849522,45847.67068575586
5271,353.4462406339971,47027.95038752768
5272,76.7369564252443,47027.95038752768
5273,66.31121369752455,41126.55187866863
5274,39.79725379621527,33527.45729969231
5275,7.591217421690017,26468.598675132238
5276,0.0,32498.04041694395
5277,0.0,42306.83158044045
5278,0.0,45847.67068575586
5279,0.0,53635.99362048036
5280,0.0,48039.61870333207
5281,0.0,34556.87418244063
5282,0.0,25544.783675930397
5283,0.0,19084.305308337352
5284,0.0,15812.290768367156
5285,0.0,12795.034387897882
5286,0.0,10639.851258991263
5287,0.0,6938.163153533998
5288,6.2400568081897845,27350.95600320225
5289,51.0989929688759,32498.04041694395
5290,215.6875475380416,35586.29106518898
5291,321.46033632151773,42306.83158044045
5292,370.5925157154088,52526.708186484306
5293,388.9600541216439,56963.849922468544
5294,394.3249228999371,60131.54255651987
5295,373.6699780764216,59023.951442746926
5296,56.10275315495156,56963.849922468544
5297,72.69441486965164,54745.2790544764
5298,38.04448512466857,50308.13731849218
5299,7.139984860875367,44667.39098398404
5300,0.0,49198.851884496136
5301,0.0,52526.708186484306
5302,0.0,48039.61870333207
5303,0.0,38765.99247512504
5304,0.0,29409.78976869893
5305,0.0,20930.156270506784
5306,0.0,12795.034387897882
5307,0.0,8074.07143794596
5308,0.0,5234.300726916051
5309,0.0,3006.937306077509
5310,0.0,1409.5662811231873
5311,0.0,279.01194699009545
5312,28.949911222895192,7506.117295739982
5313,133.48682952957185,23698.932713760954
5314,256.0721881773716,32498.04041694395
5315,332.8973240570708,43487.11128221227
5316,375.92633918600296,44667.39098398404
5317,398.7280287110812,48039.61870333207
5318,388.7446666420307,49198.851884496136
5319,367.59204013542,50308.13731849218
5320,59.060663644094085,44667.39098398404
5321,53.35235724173409,39946.272176896855
5322,39.33468114647555,31468.6235341956
5323,7.1405146254644185,19084.305308337352
5324,0.0,20930.156270506784
5325,0.0,35586.29106518898
5326,0.0,50308.13731849218
5327,0.0,51417.42275248823
5328,0.0,42306.83158044045
5329,0.0,35586.29106518898
5330,0.0,28380.372885950583
5331,0.0,18161.37982725263
5332,0.0,10639.851258991263
5333,0.0,6370.2090113280165
5334,0.0,4179.528748533515
5335,0.0,5802.254869122039
5336,33.59493509903018,26468.598675132238
5337,146.68745545486172,32498.04041694395
5338,240.28285614231925,42306.83158044045
5339,277.0499198194186,44667.39098398404
5340,281.7214489774183,47027.95038752768
5341,394.8662722247187,49198.851884496136
5342,387.8391963850116,51417.42275248823
5343,315.35721861011695,50308.13731849218
5344,115.44104835328152,47027.95038752768
5345,99.77129522685227,43487.11128221227
5346,42.79298556336278,37585.71277335322
5347,6.683136520449724,27350.95600320225
5348,0.0,28380.372885950583
5349,0.0,38765.99247512504
5350,0.0,43487.11128221227
5351,0.0,47027.95038752768
5352,0.0,37585.71277335322
5353,0.0,31468.6235341956
5354,0.0,23698.932713760954
5355,0.0,21853.08175159152
5356,0.0,18161.37982725263
5357,0.0,19084.305308337352
5358,0.0,17370.300843465728
5359,0.0,19084.305308337352
5360,47.260003184193664,56963.849922468544
5361,162.58083339545942,62066.13635340902
5362,256.2758686450266,59023.951442746926
5363,326.6663235771538,58073.13535646457
5364,376.84251062949215,56963.849922468544
5365,387.7506133827488,53635.99362048036
5366,393.05453629754027,50308.13731849218
5367,375.5669376823973,45847.67068575586
5368,64.61441489052318,38765.99247512504
5369,71.77642749597922,35586.29106518898
5370,38.00167306554134,27350.95600320225
5371,7.57815354978972,21853.08175159152
5372,0.0,25544.783675930397
5373,0.0,25544.783675930397
5374,0.0,28380.372885950583
5375,0.0,36615.70794793733
5376,0.0,38765.99247512504
5377,0.0,32498.04041694395
5378,0.0,23698.932713760954
5379,0.0,17370.300843465728
5380,0.0,15057.976673249845
5381,0.0,12040.720292780567
5382,0.0,9885.537163873942
5383,0.0,8074.07143794596
5384,20.98180668360987,23698.932713760954
5385,67.09737279512682,34556.87418244063
5386,145.4488530012528,36615.70794793733
5387,227.7137794369192,34556.87418244063
5388,133.9481389813509,33527.45729969231
5389,255.53686755246952,33527.45729969231
5390,247.812149574631,34556.87418244063
5391,300.8732390721576,32498.04041694395
5392,80.41404375891757,32498.04041694395
5393,70.82363988357594,37585.71277335322
5394,43.75783835029596,39946.272176896855
5395,0.8960462651497794,43487.11128221227
5396,0.0,48039.61870333207
5397,0.0,44667.39098398404
5398,0.0,38765.99247512504
5399,0.0,44667.39098398404
5400,0.0,37585.71277335322
5401,0.0,28380.372885950583
5402,0.0,21853.08175159152
5403,0.0,15812.290768367156
5404,0.0,12040.720292780567
5405,0.0,11286.406197663246
5406,0.0,11286.406197663246
5407,0.0,10639.851258991263
5408,31.27705368058982,39946.272176896855
5409,92.39426034131417,35586.29106518898
5410,114.8190092707141,27350.95600320225
5411,153.4223501400349,23698.932713760954
5412,213.23994329149045,23698.932713760954
5413,264.3042833754013,25544.783675930397
5414,324.3724306232755,28380.372885950583
5415,338.17912654495086,31468.6235341956
5416,61.92132167228929,32498.04041694395
5417,57.405122199584696,32498.04041694395
5418,45.49154735924357,30439.206651447275
5419,6.6910815727603925,20930.156270506784
5420,0.0,24621.858194845674
5421,0.0,45847.67068575586
5422,0.0,37585.71277335322
5423,0.0,51417.42275248823
5424,0.0,47027.95038752768
5425,0.0,36615.70794793733
5426,0.0,28380.372885950583
5427,0.0,21853.08175159152
5428,0.0,15057.976673249845
5429,0.0,9885.537163873942
5430,0.0,8074.07143794596
5431,0.0,8642.025580151947
5432,20.476101554331866,26468.598675132238
5433,162.56466559494558,34556.87418244063
5434,251.78810344060744,35586.29106518898
5435,318.52547979954943,33527.45729969231
5436,372.5528277949693,32498.04041694395
5437,359.9323905393174,32498.04041694395
5438,381.4894312324794,33527.45729969231
5439,370.55287578425424,31468.6235341956
5440,56.507785916994855,26468.598675132238
5441,54.65636623396897,29409.78976869893
5442,38.01090244153283,27350.95600320225
5443,6.239810159479295,21853.08175159152
5444,0.0,34556.87418244063
5445,0.0,64000.73015029813
5446,0.0,58073.13535646457
5447,0.0,52526.708186484306
5448,0.0,39946.272176896855
5449,0.0,26468.598675132238
5450,0.0,18161.37982725263
5451,0.0,20930.156270506784
5452,0.0,15812.290768367156
5453,0.0,15057.976673249845
5454,0.0,15057.976673249845
5455,0.0,26468.598675132238
5456,16.02778972019827,53635.99362048036
5457,146.5331392796351,55854.564488472475
5458,252.27591660352684,51417.42275248823
5459,329.8003038600222,48039.61870333207
5460,382.5734431364954,43487.11128221227
5461,404.85052520690186,39946.272176896855
5462,389.6371503759896,33527.45729969231
5463,376.9453018400103,29409.78976869893
5464,141.00160262700848,29409.78976869893
5465,50.80184654632281,26468.598675132238
5466,38.48206409877517,17370.300843465728
5467,6.245139461188884,3645.8857160592397
5468,0.0,5802.254869122039
5469,0.0,54745.2790544764
5470,0.0,67869.91774407637
5471,0.0,50308.13731849218
5472,0.0,38765.99247512504
5473,0.0,26468.598675132238
5474,0.0,20930.156270506784
5475,0.0,18161.37982725263
5476,0.0,15812.290768367156
5477,0.0,12795.034387897882
5478,0.0,12040.720292780567
5479,0.0,10639.851258991263
5480,49.34603702933394,47027.95038752768
5481,144.73479544054786,51417.42275248823
5482,253.3983342390356,37585.71277335322
5483,330.193986878996,43487.11128221227
5484,369.8010070509215,50308.13731849218
5485,401.8890646444439,52526.708186484306
5486,398.8602023126411,51417.42275248823
5487,375.58323521811616,52526.708186484306
5488,59.91793179013384,56963.849922468544
5489,52.01400766643081,59023.951442746926
5490,40.163740349168606,61098.839454964436
5491,6.683319604009421,64000.73015029813
5492,0.0,60131.54255651987
5493,0.0,52526.708186484306
5494,0.0,58073.13535646457
5495,0.0,54745.2790544764
5496,0.0,42306.83158044045
5497,0.0,31468.6235341956
5498,0.0,20930.156270506784
5499,0.0,13549.348483015208
5500,0.0,9885.537163873942
5501,0.0,10639.851258991263
5502,0.0,12795.034387897882
5503,0.0,13549.348483015208
5504,40.9712640175127,37585.71277335322
5505,133.82506339187788,43487.11128221227
5506,89.6787281013122,44667.39098398404
5507,172.85997694488967,47027.95038752768
5508,345.9179980928621,51417.42275248823
5509,387.90234813071953,53635.99362048036
5510,271.1898045155333,53635.99362048036
5511,299.1738737584592,49198.851884496136
5512,77.35926126812423,48039.61870333207
5513,72.14279727176459,60131.54255651987
5514,50.95750314918863,69666.32626975914
5515,6.235175984079653,61098.839454964436
5516,0.0,61098.839454964436
5517,0.0,68699.02937131457
5518,0.0,59023.951442746926
5519,0.0,44667.39098398404
5520,0.0,35586.29106518898
5521,0.0,27350.95600320225
5522,0.0,23698.932713760954
5523,0.0,20930.156270506784
5524,0.0,17370.300843465728
5525,0.0,13549.348483015208
5526,0.0,11286.406197663246
5527,0.0,20930.156270506784
5528,58.26061553862348,42306.83158044045
5529,75.14838090105746,43487.11128221227
5530,227.1616925720471,47027.95038752768
5531,302.2582794440248,47027.95038752768
5532,330.2598861478411,47027.95038752768
5533,401.6717018507536,48039.61870333207
5534,382.9786309345783,49198.851884496136
5535,222.4231929821076,49198.851884496136
5536,77.47790731169235,44667.39098398404
5537,57.22069740444488,38765.99247512504
5538,39.31067655882321,32498.04041694395
5539,6.2409385697767386,30439.206651447275
5540,0.0,38765.99247512504
5541,0.0,48039.61870333207
5542,0.0,45847.67068575586
5543,0.0,51417.42275248823
5544,0.0,39946.272176896855
5545,0.0,33527.45729969231
5546,0.0,27350.95600320225
5547,0.0,20930.156270506784
5548,0.0,16566.604863484477
5549,0.0,12795.034387897882
5550,0.0,11286.406197663246
5551,0.0,20007.23078942208
5552,35.138743165284374,37585.71277335322
5553,141.42265276524225,47027.95038752768
5554,250.9270216327945,42306.83158044045
5555,321.7148612297317,43487.11128221227
5556,381.6355426088997,45847.67068575586
5557,401.62538812303904,50308.13731849218
5558,370.00939307132,52526.708186484306
5559,340.68788649275075,51417.42275248823
5560,115.67166702556216,45847.67068575586
5561,40.19116823299518,42306.83158044045
5562,49.82354770705298,35586.29106518898
5563,1.3404895896777145,23698.932713760954
5564,0.0,26468.598675132238
5565,0.0,43487.11128221227
5566,0.0,49198.851884496136
5567,0.0,62066.13635340902
5568,0.0,51417.42275248823
5569,0.0,45847.67068575586
5570,0.0,36615.70794793733
5571,0.0,31468.6235341956
5572,0.0,26468.598675132238
5573,0.0,24621.858194845674
5574,0.0,21853.08175159152
5575,0.0,20930.156270506784
5576,55.66650681124823,56963.849922468544
5577,153.66729974412044,67869.91774407637
5578,250.30559051408983,61098.839454964436
5579,331.36180913221784,61098.839454964436
5580,383.3851266406389,63033.43325185356
5581,405.6051912660272,61098.839454964436
5582,400.0055902625569,54745.2790544764
5583,168.13249082212948,48039.61870333207
5584,58.87216688445145,48039.61870333207
5585,56.14986168443231,52526.708186484306
5586,47.72725386623733,50308.13731849218
5587,5.812291070000132,44667.39098398404
5588,0.0,37585.71277335322
5589,0.0,42306.83158044045
5590,0.0,41126.55187866863
5591,0.0,52526.708186484306
5592,0.0,58073.13535646457
5593,0.0,54745.2790544764
5594,0.0,49198.851884496136
5595,0.0,42306.83158044045
5596,0.0,39946.272176896855
5597,0.0,39946.272176896855
5598,0.0,34556.87418244063
5599,0.0,42306.83158044045
5600,47.82738636556714,64000.73015029813
5601,82.82715013858325,64968.02704874271
5602,183.1734557318092,60131.54255651987
5603,330.58593985343606,60131.54255651987
5604,334.71568597403825,60131.54255651987
5605,401.52022730276366,60131.54255651987
5606,400.7904372648644,58073.13535646457
5607,373.0377564211348,55854.564488472475
5608,103.5712724838086,56963.849922468544
5609,74.73598804793191,56963.849922468544
5610,38.85682647990007,54745.2790544764
5611,5.796547658376233,51417.42275248823
5612,0.0,61098.839454964436
5613,0.0,61098.839454964436
5614,0.0,37585.71277335322
5615,0.0,36615.70794793733
5616,0.0,31468.6235341956
5617,0.0,26468.598675132238
5618,0.0,19084.305308337352
5619,0.0,13549.348483015208
5620,0.0,11286.406197663246
5621,0.0,9885.537163873942
5622,0.0,9209.979722357926
5623,0.0,17370.300843465728
5624,43.60849721327573,47027.95038752768
5625,162.00168192649917,49198.851884496136
5626,253.2122171420207,48039.61870333207
5627,318.70219192918387,49198.851884496136
5628,371.13465202054783,50308.13731849218
5629,399.6682119194393,52526.708186484306
5630,370.6626648001693,53635.99362048036
5631,338.7001581801357,55854.564488472475
5632,117.9370092403858,54745.2790544764
5633,63.29256924692954,48039.61870333207
5634,51.92719382444373,37585.71277335322
5635,4.45975476760028,27350.95600320225
5636,0.0,31468.6235341956
5637,0.0,39946.272176896855
5638,0.0,42306.83158044045
5639,0.0,43487.11128221227
5640,0.0,34556.87418244063
5641,0.0,25544.783675930397
5642,0.0,15812.290768367156
5643,0.0,9209.979722357926
5644,0.0,5234.300726916051
5645,0.0,3645.8857160592397
5646,0.0,3326.411511068373
5647,0.0,4747.482890739503
5648,12.003842686541242,31468.6235341956
5649,65.33563912767008,41126.55187866863
5650,194.45875937718947,47027.95038752768
5651,254.7431165369217,48039.61870333207
5652,381.8369797408481,51417.42275248823
5653,394.9688627259132,49198.851884496136
5654,282.7335038690381,48039.61870333207
5655,368.884657173008,44667.39098398404
5656,56.85092455420602,41126.55187866863
5657,54.15756696953919,39946.272176896855
5658,38.84660637835599,35586.29106518898
5659,5.794861065119633,22776.007232676242
5660,0.0,22776.007232676242
5661,0.0,35586.29106518898
5662,0.0,62066.13635340902
5663,0.0,62066.13635340902
5664,0.0,42306.83158044045
5665,0.0,31468.6235341956
5666,0.0,24621.858194845674
5667,0.0,19084.305308337352
5668,0.0,15812.290768367156
5669,0.0,12040.720292780567
5670,0.0,9209.979722357926
5671,0.0,8642.025580151947
5672,55.88317110793769,55854.564488472475
5673,168.36592310635217,61098.839454964436
5674,251.41273005902283,64968.02704874271
5675,322.2489945907587,64968.02704874271
5676,376.7982481338764,64000.73015029813
5677,405.6032645622282,62066.13635340902
5678,392.9740239301045,63033.43325185356
5679,345.66617702076775,64000.73015029813
5680,58.25957980175446,65935.32394718725
5681,63.72421700291592,66902.62084563181
5682,53.24739366267941,54745.2790544764
5683,4.912197029662015,43487.11128221227
5684,0.0,47027.95038752768
5685,0.0,56963.849922468544
5686,0.0,61098.839454964436
5687,0.0,55854.564488472475
5688,0.0,45847.67068575586
5689,0.0,37585.71277335322
5690,0.0,29409.78976869893
5691,0.0,21853.08175159152
5692,0.0,16566.604863484477
5693,0.0,12040.720292780567
5694,0.0,9209.979722357926
5695,0.0,5802.254869122039
5696,46.719147157569566,42306.83158044045
5697,155.29083650723632,62066.13635340902
5698,248.0747379427264,56963.849922468544
5699,325.8192657198584,54745.2790544764
5700,369.3355286918015,58073.13535646457
5701,377.79547543791824,64968.02704874271
5702,345.94823639845805,66902.62084563181
5703,295.32677061393133,64968.02704874271
5704,63.08776890735102,61098.839454964436
5705,98.20480052631558,59023.951442746926
5706,48.48244333527133,45847.67068575586
5707,0.4478097522548941,33527.45729969231
5708,0.0,36615.70794793733
5709,0.0,51417.42275248823
5710,0.0,45847.67068575586
5711,0.0,48039.61870333207
5712,0.0,42306.83158044045
5713,0.0,34556.87418244063
5714,0.0,27350.95600320225
5715,0.0,21853.08175159152
5716,0.0,15057.976673249845
5717,0.0,10639.851258991263
5718,0.0,7506.117295739982
5719,0.0,7506.117295739982
5720,53.99640395225301,51417.42275248823
5721,91.8407541110458,61098.839454964436
5722,192.67869822258092,63033.43325185356
5723,299.4069004651173,62066.13635340902
5724,326.10601208629214,61098.839454964436
5725,337.1875942936188,59023.951442746926
5726,382.1817333794307,56963.849922468544
5727,344.7391263620814,50308.13731849218
5728,143.44276626845496,44667.39098398404
5729,60.85115231988504,41126.55187866863
5730,9.35704712330272,37585.71277335322
5731,4.025097519346975,45847.67068575586
5732,0.0,59023.951442746926
5733,0.0,60131.54255651987
5734,0.0,63033.43325185356
5735,0.0,50308.13731849218
5736,0.0,39946.272176896855
5737,0.0,30439.206651447275
5738,0.0,21853.08175159152
5739,0.0,16566.604863484477
5740,0.0,15057.976673249845
5741,0.0,15812.290768367156
5742,0.0,15812.290768367156
5743,0.0,12795.034387897882
5744,53.390926130573625,50308.13731849218
5745,159.87056843235226,53635.99362048036
5746,248.30194282625484,51417.42275248823
5747,326.0957337376248,55854.564488472475
5748,370.86370219474185,61098.839454964436
5749,354.73809098510924,69666.32626975914
5750,394.6528558394437,70491.6074828782
5751,369.1036832125207,63033.43325185356
5752,78.20761712592693,55854.564488472475
5753,102.5099857483469,47027.95038752768
5754,47.59605890080864,39946.272176896855
5755,4.467202874715163,36615.70794793733
5756,0.0,41126.55187866863
5757,0.0,47027.95038752768
5758,0.0,35586.29106518898
5759,0.0,36615.70794793733
5760,0.0,34556.87418244063
5761,0.0,28380.372885950583
5762,0.0,24621.858194845674
5763,0.0,17370.300843465728
5764,0.0,11286.406197663246
5765,0.0,9885.537163873942
5766,0.0,9885.537163873942
5767,0.0,10639.851258991263
5768,48.44427470117122,41126.55187866863
5769,162.00391462166405,58073.13535646457
5770,252.71485413700807,60131.54255651987
5771,335.41454807985906,59023.951442746926
5772,389.0681641603949,58073.13535646457
5773,397.2202550096888,55854.564488472475
5774,390.8489802503029,49198.851884496136
5775,310.9709565602561,39946.272176896855
5776,135.04627972775876,37585.71277335322
5777,104.1470757186192,37585.71277335322
5778,52.82317516973908,30439.206651447275
5779,4.47086450052042,20930.156270506784
5780,0.0,19084.305308337352
5781,0.0,24621.858194845674
5782,0.0,27350.95600320225
5783,0.0,49198.851884496136
5784,0.0,45847.67068575586
5785,0.0,35586.29106518898
5786,0.0,29409.78976869893
5787,0.0,23698.932713760954
5788,0.0,19084.305308337352
5789,0.0,15057.976673249845
5790,0.0,12040.720292780567
5791,0.0,10639.851258991263
5792,21.31536044919891,42306.83158044045
5793,146.37682795424,44667.39098398404
5794,238.35050392043647,51417.42275248823
5795,316.51037001037935,53635.99362048036
5796,365.30616018507567,54745.2790544764
5797,381.97278422896176,54745.2790544764
5798,364.02104173290434,51417.42275248823
5799,292.2539280836817,45847.67068575586
5800,148.45557345741625,38765.99247512504
5801,74.85731442324409,36615.70794793733
5802,47.5959286265901,29409.78976869893
5803,2.234297260973272,19084.305308337352
5804,0.0,16566.604863484477
5805,0.0,18161.37982725263
5806,0.0,32498.04041694395
5807,0.0,32498.04041694395
5808,0.0,33527.45729969231
5809,0.0,29409.78976869893
5810,0.0,22776.007232676242
5811,0.0,15812.290768367156
5812,0.0,9885.537163873942
5813,0.0,8074.07143794596
5814,0.0,6370.2090113280165
5815,0.0,8642.025580151947
5816,41.25238957588871,33527.45729969231
5817,141.92084838730227,36615.70794793733
5818,246.9604814117789,41126.55187866863
5819,305.527612803766,43487.11128221227
5820,362.41139961352405,47027.95038752768
5821,388.7029556425031,44667.39098398404
5822,379.12882766971353,34556.87418244063
5823,334.132243890016,23698.932713760954
5824,102.49948043408352,16566.604863484477
5825,74.42806522966347,12040.720292780567
5826,47.59685151965372,6938.163153533998
5827,4.4627340104462325,5234.300726916051
5828,0.0,6857.026847504574
5829,0.0,8479.752968093093
5830,0.0,10208.814633209937
5831,0.0,12363.997762116554
5832,0.0,14519.180891023181
5833,0.0,16566.604863484477
5834,0.0,19084.305308337352
5835,0.0,21721.2352542937
5836,0.0,24226.31870295222
5837,0.0,26909.77733916724
5838,0.0,29850.96843273393
5839,0.0,32645.099971622276
5840,46.1590608976546,35586.29106518898
5841,179.17970359726394,38765.99247512504
5842,270.0152846500215,42138.22019447306
5843,340.2740755551154,58073.13535646457
5844,385.4262657405636,60131.54255651987
5845,406.20264214673614,58073.13535646457
5846,392.97069968362695,51417.42275248823
5847,302.5118863915424,45847.67068575586
5848,79.9738178946522,45847.67068575586
5849,29.72162931441616,49198.851884496136
5850,43.77816735269341,48039.61870333207
5851,1.7900264419827283,39946.272176896855
5852,0.0,51417.42275248823
5853,0.0,63033.43325185356
5854,0.0,55854.564488472475
5855,0.0,49198.851884496136
5856,0.0,39946.272176896855
5857,0.0,30439.206651447275
5858,0.0,20930.156270506784
5859,0.0,17370.300843465728
5860,0.0,15057.976673249845
5861,0.0,14303.662578132522
5862,0.0,14303.662578132522
5863,0.0,14303.662578132522
5864,70.90721320244292,30439.206651447275
5865,171.3678437112179,37585.71277335322
5866,273.8104549552338,41126.55187866863
5867,347.22644924427,52526.708186484306
5868,382.8304513213102,60131.54255651987
5869,394.9398355111433,59023.951442746926
5870,402.5272726941236,58073.13535646457
5871,350.920588927956,53635.99362048036
5872,60.852482900981386,53635.99362048036
5873,53.82824156996574,45847.67068575586
5874,38.51491931123633,29409.78976869893
5875,3.5707294062414925,23698.932713760954
5876,0.0,42306.83158044045
5877,0.0,56963.849922468544
5878,0.0,52526.708186484306
5879,0.0,48039.61870333207
5880,0.0,34556.87418244063
5881,0.0,25544.783675930397
5882,0.0,17370.300843465728
5883,0.0,13549.348483015208
5884,0.0,9885.537163873942
5885,0.0,6370.2090113280165
5886,0.0,3645.8857160592397
5887,0.0,4179.528748533515
5888,70.9556959496326,18161.37982725263
5889,166.45319227794312,27350.95600320225
5890,273.85489938041474,39946.272176896855
5891,346.4371635536709,45847.67068575586
5892,382.4209359790237,49198.851884496136
5893,411.1526722753344,50308.13731849218
5894,357.98201959781244,52526.708186484306
5895,360.3443383360805,54745.2790544764
5896,66.42067652891811,51417.42275248823
5897,79.14203280221494,48039.61870333207
5898,41.08473439567173,38765.99247512504
5899,2.2346282373659734,31468.6235341956
5900,0.0,37585.71277335322
5901,0.0,42306.83158044045
5902,0.0,51417.42275248823
5903,0.0,49198.851884496136
5904,0.0,38765.99247512504
5905,0.0,32498.04041694395
5906,0.0,26468.598675132238
5907,0.0,22776.007232676242
5908,0.0,18161.37982725263
5909,0.0,14303.662578132522
5910,0.0,10639.851258991263
5911,0.0,12040.720292780567
5912,0.0,36615.70794793733
5913,0.0,30439.206651447275
5914,269.0017708447655,30439.206651447275
5915,340.1242327410164,32498.04041694395
5916,380.4058147973285,34556.87418244063
5917,402.67870811886337,36615.70794793733
5918,179.60152215415874,34556.87418244063
5919,361.0388556395184,31468.6235341956
5920,97.8617434268272,35586.29106518898
5921,59.42401884741545,41126.55187866863
5922,41.55302103776882,39946.272176896855
5923,2.6763801271014667,29409.78976869893
5924,0.0,27350.95600320225
5925,0.0,25544.783675930397
5926,0.0,24621.858194845674
5927,0.0,29409.78976869893
5928,0.0,25544.783675930397
5929,0.0,21853.08175159152
5930,0.0,15057.976673249845
5931,0.0,12795.034387897882
5932,0.0,9209.979722357926
5933,0.0,8642.025580151947
5934,0.0,9209.979722357926
5935,0.0,9885.537163873942
5936,63.474064347564976,10639.851258991263
5937,152.97588928692358,12040.720292780567
5938,272.4513660549002,15812.290768367156
5939,342.1704188655896,14303.662578132522
5940,387.6163562472956,12795.034387897882
5941,397.0210840873565,13549.348483015208
5942,389.84250673626303,14303.662578132522
5943,311.7893570202111,17370.300843465728
5944,142.48582900565026,19084.305308337352
5945,62.90096139000627,22776.007232676242
5946,45.90188745183189,21853.08175159152
5947,3.124979719495356,14303.662578132522
5948,0.0,14303.662578132522
5949,0.0,21853.08175159152
5950,0.0,49198.851884496136
5951,0.0,55854.564488472475
5952,0.0,44667.39098398404
5953,0.0,35586.29106518898
5954,0.0,26468.598675132238
5955,0.0,24621.858194845674
5956,0.0,18161.37982725263
5957,0.0,12795.034387897882
5958,0.0,14303.662578132522
5959,0.0,14303.662578132522
5960,67.03483569371825,19084.305308337352
5961,117.2062977240678,28380.372885950583
5962,240.23524797898128,29409.78976869893
5963,345.48295968564287,29409.78976869893
5964,379.6549366583578,28380.372885950583
5965,406.1386301968945,28380.372885950583
5966,400.4740690729312,29409.78976869893
5967,362.8534079865082,30439.206651447275
5968,62.0579734006545,33527.45729969231
5969,58.94070971732327,34556.87418244063
5970,38.06710442330909,25544.783675930397
5971,2.677670935033001,19084.305308337352
5972,0.0,27350.95600320225
5973,0.0,34556.87418244063
5974,0.0,45847.67068575586
5975,0.0,50308.13731849218
5976,0.0,45847.67068575586
5977,0.0,36615.70794793733
5978,0.0,30439.206651447275
5979,0.0,18161.37982725263
5980,0.0,10639.851258991263
5981,0.0,8074.07143794596
5982,0.0,4179.528748533515
5983,0.0,4747.482890739503
5984,74.82156867980908,28380.372885950583
5985,178.55718344769872,31468.6235341956
5986,269.372724858105,31468.6235341956
5987,330.63492154497135,27350.95600320225
5988,363.2647432011179,26468.598675132238
5989,359.2682919915986,26468.598675132238
5990,374.006523278347,26468.598675132238
5991,321.0239620664911,28380.372885950583
5992,56.67749598380031,31468.6235341956
5993,96.5755147815713,34556.87418244063
5994,52.8801328844965,28380.372885950583
5995,1.7874448261196587,17370.300843465728
5996,0.0,16566.604863484477
5997,0.0,23698.932713760954
5998,0.0,41126.55187866863
5999,0.0,37585.71277335322
6000,0.0,31468.6235341956
6001,0.0,23698.932713760954
6002,0.0,15812.290768367156
6003,0.0,9885.537163873942
6004,0.0,6938.163153533998
6005,0.0,7506.117295739982
6006,0.0,4747.482890739503
6007,0.0,19084.305308337352
6008,74.91542072131433,22776.007232676242
6009,161.06057164065453,20007.23078942208
6010,259.0458537558485,19084.305308337352
6011,336.05322628370067,16566.604863484477
6012,384.0869971504943,15812.290768367156
6013,406.5531252520282,17370.300843465728
6014,227.24448070018863,18161.37982725263
6015,274.6669587968965,19084.305308337352
6016,65.25974904020795,20930.156270506784
6017,102.2807892295996,21853.08175159152
6018,45.902280181742185,15812.290768367156
6019,1.7854589677634516,8074.07143794596
6020,0.0,15057.976673249845
6021,0.0,30439.206651447275
6022,0.0,43487.11128221227
6023,0.0,38765.99247512504
6024,0.0,31468.6235341956
6025,0.0,25544.783675930397
6026,0.0,20007.23078942208
6027,0.0,13549.348483015208
6028,0.0,8074.07143794596
6029,0.0,3645.8857160592397
6030,0.0,2367.98889609578
6031,0.0,8074.07143794596
6032,21.796645535586894,23698.932713760954
6033,105.51930974024113,25544.783675930397
6034,259.7502195577958,29409.78976869893
6035,345.0825815032942,26468.598675132238
6036,116.49259098715918,27350.95600320225
6037,184.31349516294432,26468.598675132238
6038,376.9465184449066,22776.007232676242
6039,311.9282447205843,21853.08175159152
6040,69.42772217870247,22776.007232676242
6041,54.70104513918183,24621.858194845674
6042,0.0,24621.858194845674
6043,1.7873786308411186,39946.272176896855
6044,0.0,51417.42275248823
6045,0.0,31468.6235341956
6046,0.0,30439.206651447275
6047,0.0,30439.206651447275
6048,0.0,24621.858194845674
6049,0.0,18161.37982725263
6050,0.0,12040.720292780567
6051,0.0,7506.117295739982
6052,0.0,5234.300726916051
6053,0.0,6370.2090113280165
6054,0.0,9885.537163873942
6055,0.0,22776.007232676242
6056,70.87294718271782,26468.598675132238
6057,160.9273464717355,26468.598675132238
6058,270.04397947652967,26468.598675132238
6059,348.3348989275022,26468.598675132238
6060,365.8916094292373,26468.598675132238
6061,394.6787783798079,25544.783675930397
6062,246.74790929369308,25544.783675930397
6063,353.9783847527477,23698.932713760954
6064,80.02379042039688,22776.007232676242
6065,59.36927467018307,23698.932713760954
6066,50.22599308375414,23698.932713760954
6067,1.785260381927831,17370.300843465728
6068,0.0,20930.156270506784
6069,0.0,30439.206651447275
6070,0.0,39946.272176896855
6071,0.0,54745.2790544764
6072,0.0,47027.95038752768
6073,0.0,31468.6235341956
6074,0.0,20007.23078942208
6075,0.0,12795.034387897882
6076,0.0,8074.07143794596
6077,0.0,5234.300726916051
6078,0.0,3645.8857160592397
6079,0.0,11286.406197663246
6080,15.583213949502996,37585.71277335322
6081,180.3572393043476,42306.83158044045
6082,258.8364354626251,44667.39098398404
6083,346.894375560291,43487.11128221227
6084,391.6094781884469,43487.11128221227
6085,413.42697172658063,41126.55187866863
6086,402.0334904568937,41126.55187866863
6087,365.2647765628996,38765.99247512504
6088,63.38495203383651,39946.272176896855
6089,52.49801154585027,43487.11128221227
6090,36.74154546147461,43487.11128221227
6091,1.7880405836265212,42306.83158044045
6092,0.0,38765.99247512504
6093,0.0,36615.70794793733
6094,0.0,37585.71277335322
6095,0.0,43487.11128221227
6096,0.0,37585.71277335322
6097,0.0,28380.372885950583
6098,0.0,20007.23078942208
6099,0.0,13549.348483015208
6100,0.0,8074.07143794596
6101,0.0,4747.482890739503
6102,0.0,3006.937306077509
6103,0.0,5234.300726916051
6104,75.53889700887106,29409.78976869893
6105,169.44244359330347,34556.87418244063
6106,245.79557985062647,30439.206651447275
6107,346.6613252626749,29409.78976869893
6108,389.5723430883504,28380.372885950583
6109,412.7267121795132,31468.6235341956
6110,401.6890278822809,34556.87418244063
6111,365.6803732361815,36615.70794793733
6112,60.86299381681688,33527.45729969231
6113,50.81207200202172,29409.78976869893
6114,36.35664717080556,19084.305308337352
6115,0.0,6370.2090113280165
6116,0.0,4179.528748533515
6117,0.0,6370.2090113280165
6118,0.0,25544.783675930397
6119,0.0,42306.83158044045
6120,0.0,37585.71277335322
6121,0.0,26468.598675132238
6122,0.0,18161.37982725263
6123,0.0,12795.034387897882
6124,0.0,9209.979722357926
6125,0.0,6938.163153533998
6126,0.0,4747.482890739503
6127,0.0,12795.034387897882
6128,77.97365749736065,34556.87418244063
6129,161.54065458038815,36615.70794793733
6130,255.49494302413035,45847.67068575586
6131,347.26978217459424,42306.83158044045
6132,391.542829830609,37585.71277335322
6133,357.9615185837177,38765.99247512504
6134,395.35250549064295,38765.99247512504
6135,366.8661293254364,37585.71277335322
6136,69.40208834832877,37585.71277335322
6137,51.65461246499813,36615.70794793733
6138,37.20051567152527,28380.372885950583
6139,0.0,21853.08175159152
6140,0.0,29409.78976869893
6141,0.0,34556.87418244063
6142,0.0,43487.11128221227
6143,0.0,34556.87418244063
6144,0.0,28380.372885950583
6145,0.0,24621.858194845674
6146,0.0,20007.23078942208
6147,0.0,16566.604863484477
6148,0.0,12795.034387897882
6149,0.0,11286.406197663246
6150,0.0,11286.406197663246
6151,0.0,32498.04041694395
6152,64.83521989129747,39946.272176896855
6153,161.54243733403518,38765.99247512504
6154,250.09282860180784,39946.272176896855
6155,347.1394830328579,34556.87418244063
6156,330.387462710723,32498.04041694395
6157,400.17848521428726,31468.6235341956
6158,365.2783459078238,31468.6235341956
6159,355.6532089716471,30439.206651447275
6160,54.85887334186719,32498.04041694395
6161,62.48708329376331,32498.04041694395
6162,48.5102744565305,32498.04041694395
6163,0.0,44667.39098398404
6164,0.0,54745.2790544764
6165,0.0,42306.83158044045
6166,0.0,37585.71277335322
6167,0.0,37585.71277335322
6168,0.0,42306.83158044045
6169,0.0,36615.70794793733
6170,0.0,30439.206651447275
6171,0.0,26468.598675132238
6172,0.0,21853.08175159152
6173,0.0,14303.662578132522
6174,0.0,11286.406197663246
6175,0.0,13549.348483015208
6176,67.23512986797003,14303.662578132522
6177,73.56380413523213,16566.604863484477
6178,257.23268278987393,18161.37982725263
6179,349.0442516283926,20930.156270506784
6180,391.1544759491081,22776.007232676242
6181,412.01156244807686,22776.007232676242
6182,401.8223097233244,22776.007232676242
6183,362.4287667902767,24621.858194845674
6184,60.797324745173306,25544.783675930397
6185,50.77183415232371,26468.598675132238
6186,37.19154234937844,20930.156270506784
6187,0.0,12040.720292780567
6188,0.0,13549.348483015208
6189,0.0,18161.37982725263
6190,0.0,31468.6235341956
6191,0.0,48039.61870333207
6192,0.0,41126.55187866863
6193,0.0,29409.78976869893
6194,0.0,20930.156270506784
6195,0.0,15057.976673249845
6196,0.0,10639.851258991263
6197,0.0,8074.07143794596
6198,0.0,5802.254869122039
6199,0.0,8074.07143794596
6200,28.433695509171063,37585.71277335322
6201,139.57956788838754,41126.55187866863
6202,210.16342275269488,39946.272176896855
6203,279.7366405293712,34556.87418244063
6204,391.5481493885311,32498.04041694395
6205,409.376166839966,32498.04041694395
6206,388.429057117465,32498.04041694395
6207,349.36462142062265,32498.04041694395
6208,122.86856625184528,33527.45729969231
6209,64.03024135063663,35586.29106518898
6210,26.5565526016162,29409.78976869893
6211,0.0,20930.156270506784
6212,0.0,20007.23078942208
6213,0.0,22776.007232676242
6214,0.0,45847.67068575586
6215,0.0,52526.708186484306
6216,0.0,43487.11128221227
6217,0.0,32498.04041694395
6218,0.0,23698.932713760954
6219,0.0,17370.300843465728
6220,0.0,13549.348483015208
6221,0.0,11286.406197663246
6222,0.0,9209.979722357926
6223,0.0,9209.979722357926
6224,18.23044293248172,31468.6235341956
6225,158.2940006068252,36615.70794793733
6226,185.3088885042509,34556.87418244063
6227,315.06352010427645,30439.206651447275
6228,386.43917105525713,28380.372885950583
6229,406.0512226563536,30439.206651447275
6230,388.47469656074105,32498.04041694395
6231,352.7552065399803,35586.29106518898
6232,61.14495095596836,37585.71277335322
6233,51.15871726229632,39946.272176896855
6234,42.37257479337416,31468.6235341956
6235,0.0,21853.08175159152
6236,0.0,26468.598675132238
6237,0.0,48039.61870333207
6238,0.0,62066.13635340902
6239,0.0,56963.849922468544
6240,0.0,47027.95038752768
6241,0.0,35586.29106518898
6242,0.0,25544.783675930397
6243,0.0,18161.37982725263
6244,0.0,12795.034387897882
6245,0.0,8642.025580151947
6246,0.0,3006.937306077509
6247,0.0,15812.290768367156
6248,66.25574995489302,22776.007232676242
6249,155.64417356387875,25544.783675930397
6250,248.54910459903545,25544.783675930397
6251,345.4153175683606,25544.783675930397
6252,388.1656613230695,27350.95600320225
6253,391.19001554281226,28380.372885950583
6254,384.8475402931034,30439.206651447275
6255,357.4926274855404,32498.04041694395
6256,61.16212526319088,34556.87418244063
6257,55.89687133537064,34556.87418244063
6258,44.97125995427285,26468.598675132238
6259,0.0,14303.662578132522
6260,0.0,18161.37982725263
6261,0.0,34556.87418244063
6262,0.0,51417.42275248823
6263,0.0,48039.61870333207
6264,0.0,41126.55187866863
6265,0.0,34556.87418244063
6266,0.0,26468.598675132238
6267,0.0,18161.37982725263
6268,0.0,13549.348483015208
6269,0.0,11286.406197663246
6270,0.0,6938.163153533998
6271,0.0,9885.537163873942
6272,76.11272317842015,13549.348483015208
6273,144.99351228973134,18161.37982725263
6274,254.03915020101311,22776.007232676242
6275,343.6160994719091,23698.932713760954
6276,384.2583175311408,23698.932713760954
6277,399.6313166031968,21853.08175159152
6278,370.6170942683327,20930.156270506784
6279,352.0694466052068,20930.156270506784
6280,60.66468145498039,20930.156270506784
6281,51.53127421247553,22776.007232676242
6282,35.83063969398469,17370.300843465728
6283,0.0,9885.537163873942
6284,0.0,9209.979722357926
6285,0.0,9209.979722357926
6286,0.0,24621.858194845674
6287,0.0,49198.851884496136
6288,0.0,39946.272176896855
6289,0.0,27350.95600320225
6290,0.0,19084.305308337352
6291,0.0,12795.034387897882
6292,0.0,7506.117295739982
6293,0.0,5802.254869122039
6294,0.0,4747.482890739503
6295,0.0,9885.537163873942
6296,76.97890623309421,25544.783675930397
6297,153.113617283146,37585.71277335322
6298,254.7825734452332,37585.71277335322
6299,347.2827420421269,38765.99247512504
6300,389.9885247969199,39946.272176896855
6301,407.1343225021337,39946.272176896855
6302,384.9720018638709,39946.272176896855
6303,327.6202197720058,39946.272176896855
6304,147.58088278746789,37585.71277335322
6305,51.538394224876114,37585.71277335322
6306,37.09351086968859,26468.598675132238
6307,0.0,15057.976673249845
6308,0.0,12040.720292780567
6309,0.0,13549.348483015208
6310,0.0,29409.78976869893
6311,0.0,51417.42275248823
6312,0.0,48039.61870333207
6313,0.0,39946.272176896855
6314,0.0,35586.29106518898
6315,0.0,31468.6235341956
6316,0.0,28380.372885950583
6317,0.0,30439.206651447275
6318,0.0,18161.37982725263
6319,0.0,28380.372885950583
6320,79.13598454032807,32498.04041694395
6321,157.22200181792584,43487.11128221227
6322,274.3774879704431,42306.83158044045
6323,338.38527103847065,41126.55187866863
6324,389.3615725402509,43487.11128221227
6325,410.1946248797992,47027.95038752768
6326,366.5522087840202,45847.67068575586
6327,350.4126234161585,42306.83158044045
6328,74.88327541074754,39946.272176896855
6329,55.45037400607988,37585.71277335322
6330,41.03219124657127,33527.45729969231
6331,0.0,39946.272176896855
6332,0.0,51417.42275248823
6333,0.0,54745.2790544764
6334,0.0,53635.99362048036
6335,0.0,51417.42275248823
6336,0.0,42306.83158044045
6337,0.0,34556.87418244063
6338,0.0,30439.206651447275
6339,0.0,23698.932713760954
6340,0.0,16566.604863484477
6341,0.0,10639.851258991263
6342,0.0,6370.2090113280165
6343,0.0,8074.07143794596
6344,76.29886154839124,31468.6235341956
6345,136.56946592779678,31468.6235341956
6346,244.3371210284747,31468.6235341956
6347,347.40551652384585,33527.45729969231
6348,332.3959203132476,34556.87418244063
6349,307.4243591220811,34556.87418244063
6350,263.15208070609555,34556.87418244063
6351,234.41468741324763,32498.04041694395
6352,133.14787546080754,29409.78976869893
6353,58.76965974128744,27350.95600320225
6354,34.89406531927983,20930.156270506784
6355,0.0,19084.305308337352
6356,0.0,30439.206651447275
6357,0.0,38765.99247512504
6358,0.0,41126.55187866863
6359,0.0,45847.67068575586
6360,0.0,43487.11128221227
6361,0.0,36615.70794793733
6362,0.0,31468.6235341956
6363,0.0,26468.598675132238
6364,0.0,20007.23078942208
6365,0.0,14303.662578132522
6366,0.0,9885.537163873942
6367,0.0,21853.08175159152
6368,76.31981136387643,37585.71277335322
6369,133.72447635390262,42306.83158044045
6370,252.36850096084865,47027.95038752768
6371,348.4106872486332,44667.39098398404
6372,389.9375149654934,39946.272176896855
6373,403.1436560705778,33527.45729969231
6374,388.1707153728183,30439.206651447275
6375,350.4905720098,29409.78976869893
6376,83.90614615697785,28380.372885950583
6377,101.41851739412444,25544.783675930397
6378,34.85145427984982,22776.007232676242
6379,0.0,14303.662578132522
6380,0.0,26468.598675132238
6381,0.0,41126.55187866863
6382,0.0,51417.42275248823
6383,0.0,51417.42275248823
6384,0.0,51417.42275248823
6385,0.0,45847.67068575586
6386,0.0,33527.45729969231
6387,0.0,24621.858194845674
6388,0.0,16566.604863484477
6389,0.0,25544.783675930397
6390,0.0,19084.305308337352
6391,0.0,36615.70794793733
6392,81.79674392306298,51417.42275248823
6393,132.44092312428018,52526.708186484306
6394,235.41959304712577,44667.39098398404
6395,343.2121621628648,35586.29106518898
6396,354.6013183509709,32498.04041694395
6397,410.86329261517415,32498.04041694395
6398,393.5260018484478,28380.372885950583
6399,329.87461535749776,29409.78976869893
6400,66.67632883652139,28380.372885950583
6401,51.55068847551495,31468.6235341956
6402,37.57163083324697,25544.783675930397
6403,0.0,25544.783675930397
6404,0.0,31468.6235341956
6405,0.0,34556.87418244063
6406,0.0,39946.272176896855
6407,0.0,39946.272176896855
6408,0.0,37585.71277335322
6409,0.0,30439.206651447275
6410,0.0,21853.08175159152
6411,0.0,16566.604863484477
6412,0.0,12040.720292780567
6413,0.0,7506.117295739982
6414,0.0,7506.117295739982
6415,0.0,21853.08175159152
6416,84.15357319095656,27350.95600320225
6417,142.8914519031554,28380.372885950583
6418,240.37060545633184,24621.858194845674
6419,319.1905495930065,27350.95600320225
6420,389.3827572096405,29409.78976869893
6421,412.5202823346899,28380.372885950583
6422,383.5265583607467,24621.858194845674
6423,346.2437213592382,20930.156270506784
6424,62.33897956813002,17370.300843465728
6425,51.4877828270856,17370.300843465728
6426,34.4717753230562,14303.662578132522
6427,0.0,7506.117295739982
6428,0.0,9209.979722357926
6429,0.0,13549.348483015208
6430,0.0,21853.08175159152
6431,0.0,33527.45729969231
6432,0.0,32498.04041694395
6433,0.0,20930.156270506784
6434,0.0,12795.034387897882
6435,0.0,8074.07143794596
6436,0.0,6370.2090113280165
6437,0.0,5234.300726916051
6438,0.0,5802.254869122039
6439,0.0,12795.034387897882
6440,85.46863480982397,25544.783675930397
6441,123.9463950451316,26468.598675132238
6442,209.3849819703832,22776.007232676242
6443,346.9179181315367,20007.23078942208
6444,395.10983116057713,17370.300843465728
6445,409.2590568425244,17370.300843465728
6446,383.4017903649239,19084.305308337352
6447,347.11953835583176,20007.23078942208
6448,145.2106138555253,21853.08175159152
6449,69.5820233634315,23698.932713760954
6450,43.643271511503706,18161.37982725263
6451,0.0,13549.348483015208
6452,0.0,26468.598675132238
6453,0.0,53635.99362048036
6454,0.0,64000.73015029813
6455,0.0,61098.839454964436
6456,0.0,47027.95038752768
6457,0.0,32498.04041694395
6458,0.0,25544.783675930397
6459,0.0,31468.6235341956
6460,0.0,33527.45729969231
6461,0.0,24621.858194845674
6462,0.0,16566.604863484477
6463,0.0,14303.662578132522
6464,42.42915107461919,23698.932713760954
6465,20.42357560081017,34556.87418244063
6466,254.95627674045647,43487.11128221227
6467,340.89787099537494,36615.70794793733
6468,392.1564684796168,31468.6235341956
6469,405.7521487347325,26468.598675132238
6470,387.9528563396466,29409.78976869893
6471,340.84557988310604,32498.04041694395
6472,93.03288476354363,35586.29106518898
6473,74.7246835438245,39946.272176896855
6474,41.02441038877097,45847.67068575586
6475,0.0,50308.13731849218
6476,0.0,48039.61870333207
6477,0.0,39946.272176896855
6478,0.0,43487.11128221227
6479,0.0,37585.71277335322
6480,0.0,36615.70794793733
6481,0.0,32498.04041694395
6482,0.0,28380.372885950583
6483,0.0,21853.08175159152
6484,0.0,10639.851258991263
6485,0.0,14303.662578132522
6486,0.0,12040.720292780567
6487,0.0,16566.604863484477
6488,47.57170263878922,20007.23078942208
6489,139.31902053846548,19084.305308337352
6490,265.2787163310032,20930.156270506784
6491,241.46777194917635,28380.372885950583
6492,383.9253601144383,29409.78976869893
6493,394.616293252489,30439.206651447275
6494,395.2178694633109,32498.04041694395
6495,284.3847913449602,36615.70794793733
6496,61.22795665795448,43487.11128221227
6497,99.72342634492288,42306.83158044045
6498,47.55158199509162,37585.71277335322
6499,0.0,38765.99247512504
6500,0.0,35586.29106518898
6501,0.0,26468.598675132238
6502,0.0,27350.95600320225
6503,0.0,17370.300843465728
6504,0.0,26468.598675132238
6505,0.0,29409.78976869893
6506,0.0,24621.858194845674
6507,0.0,16566.604863484477
6508,0.0,12040.720292780567
6509,0.0,6370.2090113280165
6510,0.0,8074.07143794596
6511,0.0,17370.300843465728
6512,83.58147980841173,33527.45729969231
6513,154.97623099624516,37585.71277335322
6514,238.36906479583985,34556.87418244063
6515,347.23596345899034,31468.6235341956
6516,338.5798652699757,30439.206651447275
6517,319.18345612543715,28380.372885950583
6518,394.90903497840105,28380.372885950583
6519,345.89098733823727,24621.858194845674
6520,137.1667346325833,23698.932713760954
6521,59.7791029119508,27350.95600320225
6522,34.48129491497731,35586.29106518898
6523,0.0,38765.99247512504
6524,0.0,24621.858194845674
6525,0.0,12795.034387897882
6526,0.0,22776.007232676242
6527,0.0,28380.372885950583
6528,0.0,34556.87418244063
6529,0.0,28380.372885950583
6530,0.0,25544.783675930397
6531,0.0,19084.305308337352
6532,0.0,21853.08175159152
6533,0.0,16566.604863484477
6534,0.0,12040.720292780567
6535,0.0,22776.007232676242
6536,82.3433380761353,29409.78976869893
6537,161.99125144544382,28380.372885950583
6538,258.40652762927203,25544.783675930397
6539,355.31983586863134,26468.598675132238
6540,393.77619426244286,25544.783675930397
6541,395.5117472471015,23698.932713760954
6542,385.1177842473905,23698.932713760954
6543,326.1689214207929,24621.858194845674
6544,60.67945418976456,26468.598675132238
6545,51.077548193137865,28380.372885950583
6546,37.07091255000906,20930.156270506784
6547,0.0,34262.75507308397
6548,0.0,33380.397745013965
6549,0.0,32645.099971622276
6550,0.0,31762.742643552283
6551,0.0,31027.444870160605
6552,0.0,30145.087542090598
6553,0.0,29409.78976869893
6554,0.0,28527.432440628923
6555,0.0,27645.075112558916
6556,0.0,26909.77733916724
6557,0.0,26072.169665121663
6558,0.0,25412.937178632572
6559,0.0,24621.858194845674
6560,61.7877311283253,23962.625708356587
6561,193.20502592836263,23171.546724569685
6562,259.65073978888256,22380.467740782784
6563,350.2253784681494,41126.55187866863
6564,390.430397027195,43487.11128221227
6565,393.4713957708301,43487.11128221227
6566,382.8365654926682,43487.11128221227
6567,326.59155543910936,41126.55187866863
6568,77.44978181407821,43487.11128221227
6569,76.45202333483927,42306.83158044045
6570,41.04090878119238,35586.29106518898
6571,0.0,28380.372885950583
6572,0.0,33527.45729969231
6573,0.0,41126.55187866863
6574,0.0,48039.61870333207
6575,0.0,54745.2790544764
6576,0.0,50308.13731849218
6577,0.0,42306.83158044045
6578,0.0,34556.87418244063
6579,0.0,26468.598675132238
6580,0.0,20007.23078942208
6581,0.0,15057.976673249845
6582,0.0,12040.720292780567
6583,0.0,19084.305308337352
6584,33.58811639292836,34556.87418244063
6585,184.35394613827373,44667.39098398404
6586,270.165609175973,44667.39098398404
6587,342.3468594817282,41126.55187866863
6588,390.3192624389181,37585.71277335322
6589,402.7653235816147,35586.29106518898
6590,381.7175298881348,34556.87418244063
6591,302.10627889944897,33527.45729969231
6592,86.32207693995366,34556.87418244063
6593,58.000784614129024,37585.71277335322
6594,35.81191291153817,30439.206651447275
6595,0.0,21853.08175159152
6596,0.0,24621.858194845674
6597,0.0,34556.87418244063
6598,0.0,55854.564488472475
6599,0.0,53635.99362048036
6600,0.0,45847.67068575586
6601,0.0,35586.29106518898
6602,0.0,24621.858194845674
6603,0.0,18161.37982725263
6604,0.0,15057.976673249845
6605,0.0,13549.348483015208
6606,0.0,12795.034387897882
6607,0.0,23698.932713760954
6608,67.95980901283195,49198.851884496136
6609,170.1503928014915,42306.83158044045
6610,252.52929403120632,43487.11128221227
6611,293.1513363334205,48039.61870333207
6612,381.0719992651501,50308.13731849218
6613,402.0146362405077,51417.42275248823
6614,385.0552810255011,49198.851884496136
6615,329.8248976183706,43487.11128221227
6616,71.92756986523553,38765.99247512504
6617,56.78792848494989,35586.29106518898
6618,35.80923370025336,21853.08175159152
6619,0.0,11286.406197663246
6620,0.0,7506.117295739982
6621,0.0,5802.254869122039
6622,0.0,18161.37982725263
6623,0.0,41126.55187866863
6624,0.0,39946.272176896855
6625,0.0,32498.04041694395
6626,0.0,23698.932713760954
6627,0.0,17370.300843465728
6628,0.0,11286.406197663246
6629,0.0,8074.07143794596
6630,0.0,7506.117295739982
6631,0.0,29409.78976869893
6632,64.95786329414524,41126.55187866863
6633,142.67024919743125,42306.83158044045
6634,221.2315223221771,34556.87418244063
6635,346.373735624866,28380.372885950583
6636,398.8351876711481,24621.858194845674
6637,409.0313908561061,22776.007232676242
6638,391.4088846103862,20930.156270506784
6639,347.36016923929583,19084.305308337352
6640,49.49801142690235,18161.37982725263
6641,49.81001600812598,17370.300843465728
6642,31.8920949306737,11286.406197663246
6643,0.0,5802.254869122039
6644,0.0,7506.117295739982
6645,0.0,12040.720292780567
6646,0.0,37585.71277335322
6647,0.0,63033.43325185356
6648,0.0,52526.708186484306
6649,0.0,38765.99247512504
6650,0.0,30439.206651447275
6651,0.0,24621.858194845674
6652,0.0,19084.305308337352
6653,0.0,15812.290768367156
6654,0.0,20007.23078942208
6655,0.0,41126.55187866863
6656,72.17326198003478,54745.2790544764
6657,181.8351894320433,63033.43325185356
6658,245.16540233783283,58073.13535646457
6659,324.97200162900407,50308.13731849218
6660,386.4761803558104,43487.11128221227
6661,403.47168630970646,42306.83158044045
6662,374.3724439590472,41126.55187866863
6663,333.6596076680214,38765.99247512504
6664,77.33312471491277,35586.29106518898
6665,59.247308102632125,33527.45729969231
6666,39.27226076058545,26468.598675132238
6667,0.0,25544.783675930397
6668,0.0,32498.04041694395
6669,0.0,43487.11128221227
6670,0.0,60131.54255651987
6671,0.0,63033.43325185356
6672,0.0,49198.851884496136
6673,0.0,34556.87418244063
6674,0.0,26468.598675132238
6675,0.0,19084.305308337352
6676,0.0,19084.305308337352
6677,0.0,21853.08175159152
6678,0.0,10639.851258991263
6679,0.0,26468.598675132238
6680,70.72790424673833,27350.95600320225
6681,180.1475006104272,27350.95600320225
6682,274.8433350434972,29409.78976869893
6683,353.0815584083977,27350.95600320225
6684,384.9895075995458,25544.783675930397
6685,387.44136831373766,24621.858194845674
6686,378.5370077380597,23698.932713760954
6687,326.05902671657964,24621.858194845674
6688,69.37256366938715,26468.598675132238
6689,68.76231823711433,28380.372885950583
6690,38.8683157228929,16566.604863484477
6691,0.0,12795.034387897882
6692,0.0,20007.23078942208
6693,0.0,25544.783675930397
6694,0.0,38765.99247512504
6695,0.0,37585.71277335322
6696,0.0,33527.45729969231
6697,0.0,29409.78976869893
6698,0.0,25544.783675930397
6699,0.0,20930.156270506784
6700,0.0,17370.300843465728
6701,0.0,12795.034387897882
6702,0.0,9885.537163873942
6703,0.0,18161.37982725263
6704,64.11637857813615,27350.95600320225
6705,172.94085599836632,29409.78976869893
6706,265.0441383205336,31468.6235341956
6707,317.5362374482661,31468.6235341956
6708,340.1119228596324,27350.95600320225
6709,354.1700864920313,24621.858194845674
6710,342.1198612987621,25544.783675930397
6711,296.63604488252963,26468.598675132238
6712,90.47459155861648,28380.372885950583
6713,78.86711985533871,24621.858194845674
6714,45.75794616612474,21853.08175159152
6715,0.0,24621.858194845674
6716,0.0,45847.67068575586
6717,0.0,52526.708186484306
6718,0.0,54745.2790544764
6719,0.0,48039.61870333207
6720,0.0,38765.99247512504
6721,0.0,31468.6235341956
6722,0.0,30439.206651447275
6723,0.0,23698.932713760954
6724,0.0,16566.604863484477
6725,0.0,9209.979722357926
6726,0.0,6370.2090113280165
6727,0.0,12040.720292780567
6728,62.24115099186513,16566.604863484477
6729,184.1308791297308,22776.007232676242
6730,267.820070032251,24621.858194845674
6731,344.4097474753904,23698.932713760954
6732,373.15002000356594,21853.08175159152
6733,385.3245562987213,20007.23078942208
6734,340.74480681096594,18161.37982725263
6735,300.08107481807303,18161.37982725263
6736,109.32264929730508,20007.23078942208
6737,63.56881148812942,21853.08175159152
6738,39.24746906950676,15812.290768367156
6739,0.0,8642.025580151947
6740,0.0,6938.163153533998
6741,0.0,10639.851258991263
6742,0.0,29409.78976869893
6743,0.0,47027.95038752768
6744,0.0,35586.29106518898
6745,0.0,25544.783675930397
6746,0.0,18161.37982725263
6747,0.0,13549.348483015208
6748,0.0,16566.604863484477
6749,0.0,14303.662578132522
6750,0.0,12040.720292780567
6751,0.0,20930.156270506784
6752,66.15982204565823,24621.858194845674
6753,188.70330215221767,26468.598675132238
6754,270.67449126513105,23698.932713760954
6755,346.52912076306023,19084.305308337352
6756,381.71093258294366,15057.976673249845
6757,353.1636431017824,13549.348483015208
6758,335.0791938189845,14303.662578132522
6759,328.64055789436617,15812.290768367156
6760,74.42331088198372,15812.290768367156
6761,95.82875363902636,15812.290768367156
6762,39.27630395390547,10639.851258991263
6763,0.0,3645.8857160592397
6764,0.0,3645.8857160592397
6765,0.0,21853.08175159152
6766,0.0,58073.13535646457
6767,0.0,49198.851884496136
6768,0.0,32498.04041694395
6769,0.0,22776.007232676242
6770,0.0,15812.290768367156
6771,0.0,10639.851258991263
6772,0.0,6938.163153533998
6773,0.0,4747.482890739503
6774,0.0,4179.528748533515
6775,0.0,10639.851258991263
6776,63.15469205466128,13549.348483015208
6777,187.87332006118973,12795.034387897882
6778,277.7923679641706,11286.406197663246
6779,352.644343029966,9885.537163873942
6780,387.0514052207068,8642.025580151947
6781,369.5672606538992,5802.254869122039
6782,363.7390766244048,4179.528748533515
6783,260.3981175011558,3006.937306077509
6784,74.386574887842,3006.937306077509
6785,50.22299744428165,3645.8857160592397
6786,36.67565354600049,3645.8857160592397
6787,0.0,1729.0404861140526
6788,0.0,2367.98889609578
6789,0.0,3645.8857160592397
6790,0.0,36615.70794793733
6791,0.0,50308.13731849218
6792,0.0,30439.206651447275
6793,0.0,25544.783675930397
6794,0.0,23698.932713760954
6795,0.0,20007.23078942208
6796,0.0,23698.932713760954
6797,0.0,23698.932713760954
6798,0.0,20007.23078942208
6799,0.0,22776.007232676242
6800,68.20738820117452,21853.08175159152
6801,180.47577780022831,21853.08175159152
6802,259.56797058589694,15057.976673249845
6803,351.92061996473484,9209.979722357926
6804,358.22121213262113,7506.117295739982
6805,359.0536493577987,4179.528748533515
6806,359.56071768175656,4179.528748533515
6807,324.9417814320456,6370.2090113280165
6808,58.51933159561854,8642.025580151947
6809,49.340763506688056,10639.851258991263
6810,32.2996760548348,5802.254869122039
6811,0.0,1729.0404861140526
6812,0.0,2367.98889609578
6813,0.0,6370.2090113280165
6814,0.0,9885.537163873942
6815,0.0,25544.783675930397
6816,0.0,27350.95600320225
6817,0.0,18161.37982725263
6818,0.0,12040.720292780567
6819,0.0,9209.979722357926
6820,0.0,5234.300726916051
6821,0.0,3006.937306077509
6822,0.0,1729.0404861140526
6823,0.0,6938.163153533998
6824,81.02759313555357,6938.163153533998
6825,168.07783820695693,6938.163153533998
6826,272.9970772217122,4747.482890739503
6827,345.2013773569404,4179.528748533515
6828,365.9691078655691,4747.482890739503
6829,361.3798812178019,3645.8857160592397
6830,363.1919353789917,3006.937306077509
6831,314.05000061234057,5234.300726916051
6832,62.03796646394264,8642.025580151947
6833,75.96358607270056,12040.720292780567
6834,37.10910312247138,9885.537163873942
6835,0.0,2048.5146911049164
6836,0.0,323.38336434993766
6837,0.0,234.64052963025327
6838,0.0,412.12619906962226
6839,0.0,2048.5146911049164
6840,0.0,6370.2090113280165
6841,0.0,8642.025580151947
6842,0.0,6370.2090113280165
6843,0.0,3645.8857160592397
6844,0.0,3326.411511068373
6845,0.0,3006.937306077509
6846,0.0,4179.528748533515
6847,0.0,7506.117295739982
6848,57.150656068475065,6938.163153533998
6849,183.4178025428133,6370.2090113280165
6850,276.5851200067991,5234.300726916051
6851,342.7923817086242,5802.254869122039
6852,370.689972095408,7506.117295739982
6853,378.6033717681898,9885.537163873942
6854,368.0114538993581,12795.034387897882
6855,298.1434526844135,16566.604863484477
6856,81.09827231991044,21853.08175159152
6857,65.21611178705842,20930.156270506784
6858,39.70600460842862,12795.034387897882
6859,0.0,8074.07143794596
6860,0.0,7506.117295739982
6861,0.0,10639.851258991263
6862,0.0,33527.45729969231
6863,0.0,22776.007232676242
6864,0.0,20007.23078942208
6865,0.0,22776.007232676242
6866,0.0,20930.156270506784
6867,0.0,18161.37982725263
6868,0.0,16566.604863484477
6869,0.0,21853.08175159152
6870,0.0,21853.08175159152
6871,0.0,37585.71277335322
6872,67.7729907740471,39946.272176896855
6873,175.8274883600154,29409.78976869893
6874,268.44168143515617,29409.78976869893
6875,355.58711786767014,24621.858194845674
6876,393.3802148073891,20930.156270506784
6877,401.078624128702,19084.305308337352
6878,374.8119252277491,18161.37982725263
6879,310.92271185547736,17370.300843465728
6880,103.81781286372345,17370.300843465728
6881,90.66152744385867,19084.305308337352
6882,37.06811336046226,15057.976673249845
6883,0.0,12795.034387897882
6884,0.0,20007.23078942208
6885,0.0,48039.61870333207
6886,0.0,64968.02704874271
6887,0.0,50308.13731849218
6888,0.0,41126.55187866863
6889,0.0,35586.29106518898
6890,0.0,24621.858194845674
6891,0.0,17370.300843465728
6892,0.0,10639.851258991263
6893,0.0,8074.07143794596
6894,0.0,3326.411511068373
6895,0.0,13549.348483015208
6896,75.04096846114446,27350.95600320225
6897,189.22160894984347,28380.372885950583
6898,261.4410666803592,36615.70794793733
6899,338.4091589672268,31468.6235341956
6900,374.2413437623292,25544.783675930397
6901,390.3184538788913,22776.007232676242
6902,373.6147478196358,20930.156270506784
6903,318.57136645357326,17370.300843465728
6904,61.86833098358186,14303.662578132522
6905,52.74496281409812,12040.720292780567
6906,30.978664767360872,8642.025580151947
6907,0.0,5234.300726916051
6908,0.0,1729.0404861140526
6909,0.0,816.2570432830095
6910,0.0,16566.604863484477
6911,0.0,48039.61870333207
6912,0.0,43487.11128221227
6913,0.0,29409.78976869893
6914,0.0,22776.007232676242
6915,0.0,16566.604863484477
6916,0.0,11286.406197663246
6917,0.0,8642.025580151947
6918,0.0,7506.117295739982
6919,0.0,19084.305308337352
6920,73.8431682704573,28380.372885950583
6921,189.12870218988664,24621.858194845674
6922,262.314637610056,18161.37982725263
6923,355.0024628170797,13549.348483015208
6924,383.7255226546549,9209.979722357926
6925,396.6215588600565,5802.254869122039
6926,366.301410943484,4179.528748533515
6927,321.0557471782903,4179.528748533515
6928,56.778756831958994,4747.482890739503
6929,52.762247565305024,5802.254869122039
6930,34.44394514782579,6938.163153533998
6931,0.0,6370.2090113280165
6932,0.0,8642.025580151947
6933,0.0,18161.37982725263
6934,0.0,36615.70794793733
6935,0.0,45847.67068575586
6936,0.0,36615.70794793733
6937,0.0,29409.78976869893
6938,0.0,23698.932713760954
6939,0.0,17370.300843465728
6940,0.0,12795.034387897882
6941,0.0,13549.348483015208
6942,0.0,8642.025580151947
6943,0.0,12795.034387897882
6944,73.01288312745484,17370.300843465728
6945,177.87528712588414,15057.976673249845
6946,238.2148329295923,13549.348483015208
6947,348.66406353830166,12040.720292780567
6948,390.34883205294017,12795.034387897882
6949,391.1766256183508,12795.034387897882
6950,352.9108216552154,12795.034387897882
6951,311.0078762795655,12040.720292780567
6952,60.15525066720696,12795.034387897882
6953,47.956740772467874,12795.034387897882
6954,34.86742775654619,9885.537163873942
6955,0.0,8074.07143794596
6956,0.0,9885.537163873942
6957,0.0,26468.598675132238
6958,0.0,50308.13731849218
6959,0.0,44667.39098398404
6960,0.0,31468.6235341956
6961,0.0,25544.783675930397
6962,0.0,24621.858194845674
6963,0.0,20930.156270506784
6964,0.0,26468.598675132238
6965,0.0,25544.783675930397
6966,0.0,20930.156270506784
6967,0.0,27350.95600320225
6968,59.99619841215765,27350.95600320225
6969,204.39792372294943,24621.858194845674
6970,281.68408500438983,17370.300843465728
6971,307.49287503917657,11286.406197663246
6972,382.0940111785746,7506.117295739982
6973,392.5991760110223,6938.163153533998
6974,370.9282207723828,6938.163153533998
6975,314.8911203275177,8642.025580151947
6976,63.65029632772962,10639.851258991263
6977,57.4897787193879,13549.348483015208
6978,40.06134282921496,15057.976673249845
6979,0.0,13549.348483015208
6980,0.0,8642.025580151947
6981,0.0,6938.163153533998
6982,0.0,31468.6235341956
6983,0.0,53635.99362048036
6984,0.0,37585.71277335322
6985,0.0,30439.206651447275
6986,0.0,23698.932713760954
6987,0.0,22776.007232676242
6988,0.0,24621.858194845674
6989,0.0,23698.932713760954
6990,0.0,20930.156270506784
6991,0.0,19084.305308337352
6992,63.87267598091837,13549.348483015208
6993,175.8064597098614,10639.851258991263
6994,285.1413540824369,9885.537163873942
6995,352.0056713462087,5234.300726916051
6996,392.4751360218413,3006.937306077509
6997,397.5724384831019,1729.0404861140526
6998,377.514277796652,1729.0404861140526
6999,317.3699020628149,1409.5662811231873
7000,59.77927083028812,1729.0404861140526
7001,51.02114970451997,2048.5146911049164
7002,31.85615645560398,1409.5662811231873
7003,0.0,234.64052963025327
7004,0.0,63.49363409943286
7005,0.0,152.23646881911748
7006,0.0,323.38336434993766
7007,0.0,15812.290768367156
7008,0.0,29409.78976869893
7009,0.0,20007.23078942208
7010,0.0,12040.720292780567
7011,0.0,10639.851258991263
7012,0.0,9209.979722357926
7013,0.0,9209.979722357926
7014,0.0,9209.979722357926
7015,0.0,15057.976673249845
7016,68.71116231842645,17370.300843465728
7017,196.679938509502,15812.290768367156
7018,279.18030007395885,5234.300726916051
7019,352.49073739806795,3645.8857160592397
7020,384.0707578045786,4179.528748533515
7021,397.2055611896962,5234.300726916051
7022,374.7076288426698,5802.254869122039
7023,318.50180390767053,5802.254869122039
7024,51.073539809746094,3326.411511068373
7025,47.90797663620624,3006.937306077509
7026,31.76963435043083,5234.300726916051
7027,0.0,18161.37982725263
7028,0.0,25544.783675930397
7029,0.0,18161.37982725263
7030,0.0,3326.411511068373
7031,0.0,2048.5146911049164
7032,0.0,1729.0404861140526
7033,0.0,1729.0404861140526
7034,0.0,816.2570432830095
7035,0.0,279.01194699009545
7036,0.0,234.64052963025327
7037,0.0,496.78283829214564
7038,0.0,412.12619906962226
7039,0.0,3326.411511068373
7040,64.96087818569075,15812.290768367156
7041,202.43101635025576,19084.305308337352
7042,288.6265166106704,20007.23078942208
7043,327.9047371956313,17370.300843465728
7044,390.3533405051949,15057.976673249845
7045,393.4834905423565,15057.976673249845
7046,372.479898165614,14303.662578132522
7047,310.6295807379716,14303.662578132522
7048,93.59077001557492,12795.034387897882
7049,56.97409838487992,11286.406197663246
7050,32.2276017111993,5802.254869122039
7051,0.0,8074.07143794596
7052,0.0,20930.156270506784
7053,0.0,16566.604863484477
7054,0.0,25544.783675930397
7055,0.0,23698.932713760954
7056,0.0,19084.305308337352
7057,0.0,12795.034387897882
7058,0.0,9209.979722357926
7059,0.0,8074.07143794596
7060,0.0,8642.025580151947
7061,0.0,9209.979722357926
7062,0.0,8642.025580151947
7063,0.0,15057.976673249845
7064,30.493271307469204,41126.55187866863
7065,135.756071014263,38765.99247512504
7066,57.96430035030048,29409.78976869893
7067,232.43230965614688,25544.783675930397
7068,132.28020658846407,21853.08175159152
7069,95.36266562376696,19084.305308337352
7070,268.04264050491435,15812.290768367156
7071,172.685200143109,9885.537163873942
7072,132.19035291119323,6370.2090113280165
7073,62.66476773373467,3645.8857160592397
7074,39.28765569069482,323.38336434993766
7075,0.0,234.64052963025327
7076,0.0,1729.0404861140526
7077,0.0,6938.163153533998
7078,0.0,12795.034387897882
7079,0.0,32498.04041694395
7080,0.0,34556.87418244063
7081,0.0,23698.932713760954
7082,0.0,15057.976673249845
7083,0.0,12795.034387897882
7084,0.0,12040.720292780567
7085,0.0,12040.720292780567
7086,0.0,12040.720292780567
7087,0.0,18161.37982725263
7088,9.370600606583832,53635.99362048036
7089,56.29131632756287,48039.61870333207
7090,142.01642712834266,30439.206651447275
7091,219.845453596689,20930.156270506784
7092,228.88666074643703,15812.290768367156
7093,131.8614249544226,12040.720292780567
7094,247.4142468608531,11286.406197663246
7095,144.06217538372965,10639.851258991263
7096,66.70622103297121,8642.025580151947
7097,69.2788753898581,8074.07143794596
7098,35.868469563803764,3326.411511068373
7099,0.0,5234.300726916051
7100,0.0,11286.406197663246
7101,0.0,15057.976673249845
7102,0.0,34556.87418244063
7103,0.0,37585.71277335322
7104,0.0,37585.71277335322
7105,0.0,36615.70794793733
7106,0.0,31468.6235341956
7107,0.0,24621.858194845674
7108,0.0,19084.305308337352
7109,0.0,14303.662578132522
7110,0.0,10639.851258991263
7111,0.0,15057.976673249845
7112,12.495180393250102,37585.71277335322
7113,134.1693193236273,28380.372885950583
7114,107.65224070981674,19084.305308337352
7115,236.4458924048162,12795.034387897882
7116,149.83489807313126,9885.537163873942
7117,231.21642346304645,6938.163153533998
7118,68.44248188601601,5802.254869122039
7119,42.84814052363812,5234.300726916051
7120,40.76055730166456,6370.2090113280165
7121,17.372269261843417,3006.937306077509
7122,31.503951752806845,1409.5662811231873
7123,0.0,2048.5146911049164
7124,0.0,12795.034387897882
7125,0.0,24621.858194845674
7126,0.0,5802.254869122039
7127,0.0,4179.528748533515
7128,0.0,1729.0404861140526
7129,0.0,1729.0404861140526
7130,0.0,367.75478170978005
7131,0.0,107.86505145927525
7132,0.0,0.0
7133,0.0,0.0
7134,0.0,0.0
7135,0.0,0.0
7136,13.797362615902346,19.12221673959045
7137,126.29507774475036,19.12221673959045
7138,91.92396085898348,3006.937306077509
7139,263.68440517572776,3006.937306077509
7140,281.7058030749426,1729.0404861140526
7141,347.40427500093006,323.38336434993766
7142,346.7621033620624,367.75478170978005
7143,295.4319980168437,1135.7312482738735
7144,62.52751680451626,496.78283829214564
7145,54.67495415820075,3006.937306077509
7146,34.574298183375824,9209.979722357926
7147,0.0,9885.537163873942
7148,0.0,1409.5662811231873
7149,0.0,0.0
7150,0.0,234.64052963025327
7151,0.0,367.75478170978005
7152,0.0,412.12619906962226
7153,0.0,496.78283829214564
7154,0.0,816.2570432830095
7155,0.0,1135.7312482738735
7156,0.0,1135.7312482738735
7157,0.0,496.78283829214564
7158,0.0,1135.7312482738735
7159,0.0,9209.979722357926
7160,70.98373770732948,13549.348483015208
7161,187.9164776118974,6938.163153533998
7162,278.5023584359518,4179.528748533515
7163,345.4238500824962,2367.98889609578
7164,355.2184620017024,1409.5662811231873
7165,369.3229665929497,412.12619906962226
7166,343.25711391782846,412.12619906962226
7167,294.500697158936,2048.5146911049164
7168,93.71318744642964,5802.254869122039
7169,91.00691089752551,8074.07143794596
7170,41.07540771054727,323.38336434993766
7171,0.0,234.64052963025327
7172,0.0,152.23646881911748
7173,0.0,496.78283829214564
7174,0.0,1729.0404861140526
7175,0.0,1409.5662811231873
7176,0.0,2048.5146911049164
7177,0.0,3006.937306077509
7178,0.0,3006.937306077509
7179,0.0,1409.5662811231873
7180,0.0,107.86505145927525
7181,0.0,0.0
7182,0.0,107.86505145927525
7183,0.0,2367.98889609578
7184,80.35323382645203,6938.163153533998
7185,182.99587503774552,9209.979722357926
7186,256.51967509505863,10639.851258991263
7187,243.9682781970618,6370.2090113280165
7188,340.9358774265029,5234.300726916051
7189,285.9648038281646,3645.8857160592397
7190,140.59195635491662,4179.528748533515
7191,211.47769946620093,5234.300726916051
7192,85.07156631278342,8074.07143794596
7193,85.25995578063456,8642.025580151947
7194,41.87233941110596,2048.5146911049164
7195,0.0,1729.0404861140526
7196,0.0,2367.98889609578
7197,0.0,2367.98889609578
7198,0.0,2687.4631010866456
7199,0.0,3645.8857160592397
7200,0.0,7506.117295739982
7201,0.0,7506.117295739982
7202,0.0,4179.528748533515
7203,0.0,2048.5146911049164
7204,0.0,1135.7312482738735
7205,0.0,496.78283829214564
7206,0.0,412.12619906962226
7207,0.0,8642.025580151947
7208,60.84387401739678,15812.290768367156
7209,202.71260484833303,12795.034387897882
7210,291.9086375137148,10639.851258991263
7211,334.01786601745425,6938.163153533998
7212,366.1217526256015,5234.300726916051
7213,378.34786511772063,4747.482890739503
7214,358.2167041264956,3645.8857160592397
7215,301.1037213906769,5234.300726916051
7216,55.39848266774869,6938.163153533998
7217,46.66405311770492,7506.117295739982
7218,31.809818581302505,2048.5146911049164
7219,0.0,816.2570432830095
7220,0.0,816.2570432830095
7221,0.0,1135.7312482738735
7222,0.0,15057.976673249845
7223,0.0,25544.783675930397
7224,0.0,20930.156270506784
7225,0.0,13549.348483015208
7226,0.0,9209.979722357926
7227,0.0,5802.254869122039
7228,0.0,4179.528748533515
7229,0.0,3006.937306077509
7230,0.0,2048.5146911049164
7231,0.0,8074.07143794596
7232,96.80776524713364,20930.156270506784
7233,158.2102085560999,16566.604863484477
7234,290.9702950758579,14303.662578132522
7235,330.72815888537,12040.720292780567
7236,354.9860284654836,9209.979722357926
7237,363.8524799134527,8642.025580151947
7238,340.4694739774955,8074.07143794596
7239,292.76961588546163,10639.851258991263
7240,61.45008726723023,13549.348483015208
7241,50.108124963304085,13549.348483015208
7242,32.657682981959795,4179.528748533515
7243,0.0,3006.937306077509
7244,0.0,6370.2090113280165
7245,0.0,19084.305308337352
7246,0.0,30439.206651447275
7247,0.0,31468.6235341956
7248,0.0,22776.007232676242
7249,0.0,16566.604863484477
7250,0.0,11286.406197663246
7251,0.0,6938.163153533998
7252,0.0,5234.300726916051
7253,0.0,3645.8857160592397
7254,0.0,2687.4631010866456
7255,0.0,12795.034387897882
7256,82.64329612538499,12795.034387897882
7257,203.844224883261,11286.406197663246
7258,259.3240393703136,4179.528748533515
7259,350.55110326645223,5802.254869122039
7260,367.7605131363031,6938.163153533998
7261,381.0906507944306,7506.117295739982
7262,362.8642821678591,6938.163153533998
7263,301.76888618497213,7506.117295739982
7264,55.43495107081717,9209.979722357926
7265,48.83782462918046,9885.537163873942
7266,31.775852775276714,4179.528748533515
7267,0.0,3645.8857160592397
7268,0.0,8074.07143794596
7269,0.0,12795.034387897882
7270,0.0,8642.025580151947
7271,0.0,9885.537163873942
7272,0.0,12040.720292780567
7273,0.0,14303.662578132522
7274,0.0,10639.851258991263
7275,0.0,5802.254869122039
7276,0.0,2367.98889609578
7277,0.0,412.12619906962226
7278,0.0,19.12221673959045
7279,0.0,0.0
7280,44.32540599908668,107.86505145927525
7281,79.11535276597569,152.23646881911748
7282,203.0057087104412,323.38336434993766
7283,345.4685482655216,323.38336434993766
7284,346.9420814524646,279.01194699009545
7285,353.1819826202399,234.64052963025327
7286,340.66021488953385,0.0
7287,296.82898921434906,0.0
7288,66.4693318414297,0.0
7289,52.33044776498054,19.12221673959045
7290,36.1445622209335,63.49363409943286
7291,0.0,424.80374688672003
7292,0.0,998.8137318492179
7293,0.0,1729.0404861140526
7294,0.0,2459.2672403788843
7295,0.0,3189.493994643718
7296,0.0,4179.528748533515
7297,0.0,5477.709645004335
7298,0.0,6775.890541475151
7299,0.0,8074.07143794596
7300,0.0,9372.25233441678
7301,0.0,11070.887884772586
7302,0.0,12795.034387897882
7303,0.0,14519.180891023181
7304,44.30056804236378,16243.327394148484
7305,162.09743103652613,18161.37982725263
7306,261.4162293568098,20270.923784017705
7307,295.8379105043553,11286.406197663246
7308,354.5091919544506,6938.163153533998
7309,370.6032744734222,4179.528748533515
7310,341.9918710977234,2048.5146911049164
7311,289.70493416112873,367.75478170978005
7312,61.8008687931122,412.12619906962226
7313,50.45124479318002,3645.8857160592397
7314,37.8399285959206,6370.2090113280165
7315,0.0,6938.163153533998
7316,0.0,12795.034387897882
7317,0.0,19084.305308337352
7318,0.0,17370.300843465728
7319,0.0,16566.604863484477
7320,0.0,19084.305308337352
7321,0.0,20930.156270506784
7322,0.0,19084.305308337352
7323,0.0,13549.348483015208
7324,0.0,10639.851258991263
7325,0.0,14303.662578132522
7326,0.0,11286.406197663246
7327,0.0,12040.720292780567
7328,80.73379332850328,14303.662578132522
7329,161.30041809783597,15812.290768367156
7330,258.44209677715713,15057.976673249845
7331,321.9341382622209,11286.406197663246
7332,365.3145651111385,7506.117295739982
7333,381.381503286891,5234.300726916051
7334,344.13093806701534,4179.528748533515
7335,280.5638166694731,4747.482890739503
7336,64.87830106132333,4747.482890739503
7337,59.617957171787154,5234.300726916051
7338,37.40823979987125,3006.937306077509
7339,0.0,412.12619906962226
7340,0.0,5234.300726916051
7341,0.0,28380.372885950583
7342,0.0,49198.851884496136
7343,0.0,47027.95038752768
7344,0.0,30439.206651447275
7345,0.0,22776.007232676242
7346,0.0,16566.604863484477
7347,0.0,15812.290768367156
7348,0.0,17370.300843465728
7349,0.0,16566.604863484477
7350,0.0,12040.720292780567
7351,0.0,13549.348483015208
7352,10.236695083409,14303.662578132522
7353,103.54307591292503,17370.300843465728
7354,172.17904032992885,17370.300843465728
7355,208.5600760104749,15057.976673249845
7356,298.8893995761344,9885.537163873942
7357,309.6217720579467,6370.2090113280165
7358,240.11795052512807,4747.482890739503
7359,242.56683462229333,3645.8857160592397
7360,132.53370134303722,3326.411511068373
7361,83.03628399592307,3645.8857160592397
7362,42.23506253464693,3326.411511068373
7363,0.0,816.2570432830095
7364,0.0,2687.4631010866456
7365,0.0,12040.720292780567
7366,0.0,36615.70794793733
7367,0.0,42306.83158044045
7368,0.0,34556.87418244063
7369,0.0,27350.95600320225
7370,0.0,18161.37982725263
7371,0.0,15057.976673249845
7372,0.0,14303.662578132522
7373,0.0,16566.604863484477
7374,0.0,12795.034387897882
7375,0.0,16566.604863484477
7376,96.88631409281317,17370.300843465728
7377,167.096272632171,16566.604863484477
7378,256.1858998265642,15812.290768367156
7379,321.4768058951575,11286.406197663246
7380,335.4540159094587,6938.163153533998
7381,352.0593608556369,4179.528748533515
7382,328.4834313545168,3326.411511068373
7383,269.82817042427297,3326.411511068373
7384,62.560601685775445,5234.300726916051
7385,64.12372846429008,5802.254869122039
7386,39.535716217736734,10639.851258991263
7387,0.0,20007.23078942208
7388,0.0,21853.08175159152
7389,0.0,17370.300843465728
7390,0.0,15057.976673249845
7391,0.0,19084.305308337352
7392,0.0,20007.23078942208
7393,0.0,17370.300843465728
7394,0.0,14303.662578132522
7395,0.0,9209.979722357926
7396,0.0,5802.254869122039
7397,0.0,4179.528748533515
7398,0.0,3006.937306077509
7399,0.0,16566.604863484477
7400,17.673336182801,18161.37982725263
7401,101.81348406349515,14303.662578132522
7402,259.10084296079964,12795.034387897882
7403,315.24901711001246,8642.025580151947
7404,315.4035504045981,7506.117295739982
7405,337.3251465267293,8642.025580151947
7406,345.0955644694532,8642.025580151947
7407,282.51170521355306,8642.025580151947
7408,64.70451108233237,8074.07143794596
7409,55.184575278446665,5802.254869122039
7410,35.21890627525091,1135.7312482738735
7411,0.0,2687.4631010866456
7412,0.0,15812.290768367156
7413,0.0,23698.932713760954
7414,0.0,6938.163153533998
7415,0.0,6370.2090113280165
7416,0.0,9885.537163873942
7417,0.0,13549.348483015208
7418,0.0,15812.290768367156
7419,0.0,15812.290768367156
7420,0.0,18161.37982725263
7421,0.0,15812.290768367156
7422,0.0,9885.537163873942
7423,0.0,19084.305308337352
7424,64.00667631098592,21853.08175159152
7425,167.43495869244978,21853.08175159152
7426,205.7297898953369,20930.156270506784
7427,295.5875986089735,20007.23078942208
7428,307.1766894393721,17370.300843465728
7429,369.3979423787416,10639.851258991263
7430,347.7942311062159,3645.8857160592397
7431,275.4827145607093,2367.98889609578
7432,131.87778348404638,3006.937306077509
7433,52.15581913395041,3645.8857160592397
7434,33.48757208547626,11286.406197663246
7435,0.0,30439.206651447275
7436,0.0,37585.71277335322
7437,0.0,21853.08175159152
7438,0.0,11286.406197663246
7439,0.0,9209.979722357926
7440,0.0,9885.537163873942
7441,0.0,14303.662578132522
7442,0.0,12795.034387897882
7443,0.0,10639.851258991263
7444,0.0,9209.979722357926
7445,0.0,9209.979722357926
7446,0.0,9209.979722357926
7447,0.0,17370.300843465728
7448,83.51024785793422,15057.976673249845
7449,183.609313309592,12040.720292780567
7450,259.49041701831874,15812.290768367156
7451,338.067337389455,17370.300843465728
7452,371.85487979698894,15057.976673249845
7453,377.9295016344542,14303.662578132522
7454,352.0293391386214,12040.720292780567
7455,286.17301791825844,15057.976673249845
7456,53.57125035160509,12040.720292780567
7457,46.99508986318304,10639.851258991263
7458,29.98344558459172,5234.300726916051
7459,0.0,14303.662578132522
7460,0.0,29409.78976869893
7461,0.0,19084.305308337352
7462,0.0,22776.007232676242
7463,0.0,18161.37982725263
7464,0.0,17370.300843465728
7465,0.0,13549.348483015208
7466,0.0,12040.720292780567
7467,0.0,8074.07143794596
7468,0.0,4179.528748533515
7469,0.0,2367.98889609578
7470,0.0,2048.5146911049164
7471,0.0,9885.537163873942
7472,97.3628665241144,8642.025580151947
7473,180.937776910341,6938.163153533998
7474,263.0455196934768,9209.979722357926
7475,309.5213006030098,6370.2090113280165
7476,366.35149781136096,5234.300726916051
7477,373.5905187935789,5802.254869122039
7478,348.5052358247557,4179.528748533515
7479,284.2021793242469,1729.0404861140526
7480,69.98549843555462,496.78283829214564
7481,55.220803041824425,279.01194699009545
7482,38.27375888603939,152.23646881911748
7483,0.0,2048.5146911049164
7484,0.0,8074.07143794596
7485,0.0,9885.537163873942
7486,0.0,5802.254869122039
7487,0.0,4747.482890739503
7488,0.0,2687.4631010866456
7489,0.0,1729.0404861140526
7490,0.0,1409.5662811231873
7491,0.0,816.2570432830095
7492,0.0,816.2570432830095
7493,0.0,1729.0404861140526
7494,0.0,2367.98889609578
7495,0.0,12040.720292780567
7496,94.47479221472938,13549.348483015208
7497,175.15354566659272,11286.406197663246
7498,275.3719822067996,6938.163153533998
7499,342.0864717405887,3326.411511068373
7500,364.74291960619786,2048.5146911049164
7501,295.5707372453875,1135.7312482738735
7502,316.5927460873938,412.12619906962226
7503,39.9005213137446,367.75478170978005
7504,116.28903561406534,367.75478170978005
7505,58.50722834695943,1729.0404861140526
7506,40.02295264392372,496.78283829214564
7507,0.0,367.75478170978005
7508,0.0,4179.528748533515
7509,0.0,11286.406197663246
7510,0.0,4179.528748533515
7511,0.0,4179.528748533515
7512,0.0,3326.411511068373
7513,0.0,3645.8857160592397
7514,0.0,3326.411511068373
7515,0.0,4179.528748533515
7516,0.0,3326.411511068373
7517,0.0,4747.482890739503
7518,0.0,4179.528748533515
7519,0.0,8642.025580151947
7520,80.639854555501,9209.979722357926
7521,192.1889948187583,6938.163153533998
7522,268.56468732139246,3326.411511068373
7523,319.5668374350548,2048.5146911049164
7524,368.4555424640997,3006.937306077509
7525,375.8437048012702,3326.411511068373
7526,351.25583333860936,3645.8857160592397
7527,281.4542352485643,3645.8857160592397
7528,136.3357140759359,5234.300726916051
7529,93.35606087728718,8642.025580151947
7530,37.3139841034229,6370.2090113280165
7531,0.0,2367.98889609578
7532,0.0,496.78283829214564
7533,0.0,152.23646881911748
7534,0.0,412.12619906962226
7535,0.0,3006.937306077509
7536,0.0,9885.537163873942
7537,0.0,14303.662578132522
7538,0.0,10639.851258991263
7539,0.0,8074.07143794596
7540,0.0,9885.537163873942
7541,0.0,9209.979722357926
7542,0.0,6370.2090113280165
7543,0.0,15057.976673249845
7544,82.65666167586583,31468.6235341956
7545,168.78819133121877,33527.45729969231
7546,260.5268915706393,24621.858194845674
7547,329.79805041501896,20930.156270506784
7548,361.6461102329248,19084.305308337352
7549,375.9582073466573,16566.604863484477
7550,349.6867488685414,15812.290768367156
7551,280.47549941020986,15812.290768367156
7552,67.3605988324559,15812.290768367156
7553,71.03528090482484,14303.662578132522
7554,41.66855090053491,3645.8857160592397
7555,0.0,1729.0404861140526
7556,0.0,1409.5662811231873
7557,0.0,367.75478170978005
7558,0.0,107.86505145927525
7559,0.0,412.12619906962226
7560,0.0,14303.662578132522
7561,0.0,15812.290768367156
7562,0.0,11286.406197663246
7563,0.0,9209.979722357926
7564,0.0,8642.025580151947
7565,0.0,9209.979722357926
7566,0.0,7506.117295739982
7567,0.0,19084.305308337352
7568,90.35845641855192,29409.78976869893
7569,187.09667748498683,32498.04041694395
7570,263.72806161776623,30439.206651447275
7571,314.9496311521809,29409.78976869893
7572,366.7183614068188,24621.858194845674
7573,374.2884405797618,21853.08175159152
7574,349.182556788702,20007.23078942208
7575,283.4122470776515,17370.300843465728
7576,58.995207086434775,16566.604863484477
7577,46.02486381706571,14303.662578132522
7578,30.34414234532588,4179.528748533515
7579,0.0,496.78283829214564
7580,0.0,279.01194699009545
7581,0.0,19.12221673959045
7582,0.0,9209.979722357926
7583,0.0,28380.372885950583
7584,0.0,20007.23078942208
7585,0.0,14303.662578132522
7586,0.0,14303.662578132522
7587,0.0,13549.348483015208
7588,0.0,13549.348483015208
7589,0.0,12040.720292780567
7590,0.0,9885.537163873942
7591,0.0,12795.034387897882
7592,82.4164193321066,19084.305308337352
7593,180.8895550844554,24621.858194845674
7594,267.68094778026693,24621.858194845674
7595,332.4963861500127,27350.95600320225
7596,347.5792562403336,27350.95600320225
7597,368.7392455321007,22776.007232676242
7598,333.9571680758386,15057.976673249845
7599,283.04615167884907,10639.851258991263
7600,51.74429925924771,9209.979722357926
7601,48.60270986213542,8074.07143794596
7602,33.86670359773709,2687.4631010866456
7603,0.0,412.12619906962226
7604,0.0,5802.254869122039
7605,0.0,43487.11128221227
7606,0.0,52526.708186484306
7607,0.0,31468.6235341956
7608,0.0,20930.156270506784
7609,0.0,14303.662578132522
7610,0.0,12795.034387897882
7611,0.0,10639.851258991263
7612,0.0,11286.406197663246
7613,0.0,12040.720292780567
7614,0.0,13549.348483015208
7615,0.0,26468.598675132238
7616,85.76546476144904,28380.372885950583
7617,192.3406426602673,24621.858194845674
7618,267.38317094809616,20930.156270506784
7619,331.8222012305912,20007.23078942208
7620,368.7569159910784,20007.23078942208
7621,371.3420736508263,24621.858194845674
7622,349.12717993120964,26468.598675132238
7623,283.77351516696564,30439.206651447275
7624,49.62968948026572,11286.406197663246
7625,43.90061938517875,1729.0404861140526
7626,29.08840026782176,367.75478170978005
7627,0.0,190.26911227041086
7628,0.0,412.12619906962226
7629,0.0,2367.98889609578
7630,0.0,15057.976673249845
7631,0.0,20930.156270506784
7632,0.0,20007.23078942208
7633,0.0,16566.604863484477
7634,0.0,13549.348483015208
7635,0.0,14303.662578132522
7636,0.0,10639.851258991263
7637,0.0,11286.406197663246
7638,0.0,9209.979722357926
7639,0.0,15057.976673249845
7640,70.83713929477386,26468.598675132238
7641,183.4523253287492,24621.858194845674
7642,268.39385431569497,17370.300843465728
7643,334.01213668518824,14303.662578132522
7644,365.56129442253,14303.662578132522
7645,369.3161720625913,14303.662578132522
7646,344.9131632973037,11286.406197663246
7647,278.79363866203306,4747.482890739503
7648,61.61653665268035,3006.937306077509
7649,48.64514517053522,5234.300726916051
7650,36.03298975008396,15057.976673249845
7651,0.0,20007.23078942208
7652,0.0,21853.08175159152
7653,0.0,22776.007232676242
7654,0.0,12040.720292780567
7655,0.0,11286.406197663246
7656,0.0,12040.720292780567
7657,0.0,10639.851258991263
7658,0.0,8074.07143794596
7659,0.0,6938.163153533998
7660,0.0,4747.482890739503
7661,0.0,3006.937306077509
7662,0.0,3645.8857160592397
7663,0.0,6938.163153533998
7664,14.118994691391205,14303.662578132522
7665,185.1689262681612,10639.851258991263
7666,265.5969483518683,9209.979722357926
7667,312.025120963978,5802.254869122039
7668,348.9152320407677,8074.07143794596
7669,362.6319498588777,0.0
7670,337.0515862804881,0.0
7671,275.08993572489953,2367.98889609578
7672,61.95307260928432,496.78283829214564
7673,67.76206947299659,323.38336434993766
7674,32.486076518151656,323.38336434993766
7675,0.0,496.78283829214564
7676,0.0,10639.851258991263
7677,0.0,13549.348483015208
7678,0.0,2367.98889609578
7679,0.0,2687.4631010866456
7680,0.0,2367.98889609578
7681,0.0,1409.5662811231873
7682,0.0,496.78283829214564
7683,0.0,367.75478170978005
7684,0.0,367.75478170978005
7685,0.0,367.75478170978005
7686,0.0,323.38336434993766
7687,0.0,1729.0404861140526
7688,23.32211334906653,3326.411511068373
7689,170.12435016547764,3326.411511068373
7690,241.0358818827052,8074.07143794596
7691,314.26773014279104,6370.2090113280165
7692,346.56825214463333,4747.482890739503
7693,358.5138235256818,5802.254869122039
7694,328.9928863892848,6938.163153533998
7695,258.0178578510535,5802.254869122039
7696,108.60456520005604,4747.482890739503
7697,75.10249529216696,3326.411511068373
7698,43.37426106431984,367.75478170978005
7699,0.0,190.26911227041086
7700,0.0,190.26911227041086
7701,0.0,1729.0404861140526
7702,0.0,3326.411511068373
7703,0.0,8074.07143794596
7704,0.0,7506.117295739982
7705,0.0,4747.482890739503
7706,0.0,2687.4631010866456
7707,0.0,1729.0404861140526
7708,0.0,2048.5146911049164
7709,0.0,2048.5146911049164
7710,0.0,2687.4631010866456
7711,0.0,3645.8857160592397
7712,72.93661364806569,8074.07143794596
7713,180.58810679078755,5234.300726916051
7714,254.22126254948407,7506.117295739982
7715,318.1337272030104,12795.034387897882
7716,351.0985822053388,17370.300843465728
7717,359.6766624475462,15812.290768367156
7718,336.7082443571643,15057.976673249845
7719,274.6752239255047,14303.662578132522
7720,72.24120129379048,14303.662578132522
7721,65.7140165710641,24621.858194845674
7722,36.86283328141676,2367.98889609578
7723,0.0,412.12619906962226
7724,0.0,496.78283829214564
7725,0.0,496.78283829214564
7726,0.0,279.01194699009545
7727,0.0,0.0
7728,0.0,63.49363409943286
7729,0.0,412.12619906962226
7730,0.0,323.38336434993766
7731,0.0,19.12221673959045
7732,0.0,0.0
7733,0.0,0.0
7734,0.0,0.0
7735,0.0,0.0
7736,68.19767453020872,0.0
7737,102.21257013325608,190.26911227041086
7738,263.4252805613097,4747.482890739503
7739,319.4625545525469,2048.5146911049164
7740,355.6376128950565,816.2570432830095
7741,362.75953448302806,323.38336434993766
7742,338.5135069051147,279.01194699009545
7743,274.5498908559861,816.2570432830095
7744,121.64367537889127,3006.937306077509
7745,53.85037755859306,2687.4631010866456
7746,36.04114573223477,190.26911227041086
7747,0.0,496.78283829214564
7748,0.0,13549.348483015208
7749,0.0,9209.979722357926
7750,0.0,816.2570432830095
7751,0.0,19.12221673959045
7752,0.0,0.0
7753,0.0,0.0
7754,0.0,0.0
7755,0.0,0.0
7756,0.0,152.23646881911748
7757,0.0,412.12619906962226
7758,0.0,496.78283829214564
7759,0.0,2048.5146911049164
7760,74.80808166565183,1729.0404861140526
7761,173.556866969178,1729.0404861140526
7762,264.7109508459505,152.23646881911748
7763,322.3402757585873,234.64052963025327
7764,357.8708103075554,367.75478170978005
7765,366.8568242234094,1729.0404861140526
7766,339.7847526185737,2048.5146911049164
7767,275.085152900108,2687.4631010866456
7768,69.77330486639737,3006.937306077509
7769,73.43011269368792,2687.4631010866456
7770,39.064493617598856,496.78283829214564
7771,0.0,7506.117295739982
7772,0.0,15812.290768367156
7773,0.0,12040.720292780567
7774,0.0,4747.482890739503
7775,0.0,2048.5146911049164
7776,0.0,412.12619906962226
7777,0.0,190.26911227041086
7778,0.0,19.12221673959045
7779,0.0,0.0
7780,0.0,19.12221673959045
7781,0.0,63.49363409943286
7782,0.0,19.12221673959045
7783,0.0,496.78283829214564
7784,84.31062187141681,6938.163153533998
7785,183.00396023970023,4179.528748533515
7786,262.3606555829214,2367.98889609578
7787,325.3379539913812,412.12619906962226
7788,360.19997328968896,234.64052963025327
7789,368.11580374728896,279.01194699009545
7790,340.5872841121316,19.12221673959045
7791,276.484918405584,0.0
7792,56.90709479193164,152.23646881911748
7793,48.21530723017756,816.2570432830095
7794,32.560585530191815,190.26911227041086
7795,0.0,190.26911227041086
7796,0.0,6938.163153533998
7797,0.0,11286.406197663246
7798,0.0,5234.300726916051
7799,0.0,1729.0404861140526
7800,0.0,2687.4631010866456
7801,0.0,412.12619906962226
7802,0.0,19.12221673959045
7803,0.0,107.86505145927525
7804,0.0,190.26911227041086
7805,0.0,234.64052963025327
7806,0.0,323.38336434993766
7807,0.0,1409.5662811231873
7808,62.64253942291132,2687.4631010866456
7809,181.8328597539588,3326.411511068373
7810,261.5022456914967,2687.4631010866456
7811,302.5281706915395,1409.5662811231873
7812,352.1232424037675,279.01194699009545
7813,364.8638917128874,234.64052963025327
7814,343.933003346005,323.38336434993766
7815,278.2200725909158,1729.0404861140526
7816,53.56437108002744,3006.937306077509
7817,47.810111510077526,2367.98889609578
7818,31.667851885606627,0.0
7819,0.0,0.0
7820,0.0,152.23646881911748
7821,0.0,279.01194699009545
7822,0.0,1729.0404861140526
7823,0.0,19.12221673959045
7824,0.0,0.0
7825,0.0,0.0
7826,0.0,190.26911227041086
7827,0.0,1135.7312482738735
7828,0.0,279.01194699009545
7829,0.0,190.26911227041086
7830,0.0,19.12221673959045
7831,0.0,19.12221673959045
7832,72.2549314778172,0.0
7833,171.8481254208071,0.0
7834,264.19659369539795,0.0
7835,293.27692093660454,0.0
7836,349.33390068266425,0.0
7837,357.7853700962148,0.0
7838,335.79676093361275,107.86505145927525
7839,277.3023041841638,367.75478170978005
7840,50.47852804818206,496.78283829214564
7841,47.75393663219081,2687.4631010866456
7842,31.23934284564758,1409.5662811231873
7843,0.0,1135.7312482738735
7844,0.0,2048.5146911049164
7845,0.0,6938.163153533998
7846,0.0,11286.406197663246
7847,0.0,5234.300726916051
7848,0.0,4179.528748533515
7849,0.0,4179.528748533515
7850,0.0,496.78283829214564
7851,0.0,412.12619906962226
7852,0.0,496.78283829214564
7853,0.0,1135.7312482738735
7854,0.0,367.75478170978005
7855,0.0,367.75478170978005
7856,80.07793840268552,1135.7312482738735
7857,183.886913823301,1409.5662811231873
7858,275.7599728234836,4747.482890739503
7859,334.9795971253875,7506.117295739982
7860,365.1313028174886,10639.851258991263
7861,373.02897047591534,12795.034387897882
7862,346.30986839490794,12040.720292780567
7863,278.3700518920703,9209.979722357926
7864,48.69567058227752,8642.025580151947
7865,43.821736030460826,5802.254869122039
7866,30.777386860235545,323.38336434993766
7867,0.0,2048.5146911049164
7868,0.0,4179.528748533515
7869,0.0,4179.528748533515
7870,0.0,4747.482890739503
7871,0.0,3645.8857160592397
7872,0.0,2687.4631010866456
7873,0.0,2367.98889609578
7874,0.0,1729.0404861140526
7875,0.0,816.2570432830095
7876,0.0,279.01194699009545
7877,0.0,190.26911227041086
7878,0.0,190.26911227041086
7879,0.0,2048.5146911049164
7880,61.38373857199599,12040.720292780567
7881,190.0654574889626,14303.662578132522
7882,262.8062062717954,16566.604863484477
7883,314.57246144654647,14303.662578132522
7884,361.6701563930578,12795.034387897882
7885,369.5372929739917,10639.851258991263
7886,341.8996645247147,7506.117295739982
7887,277.4020098413735,6370.2090113280165
7888,50.53155644564448,4179.528748533515
7889,46.51554842295204,2048.5146911049164
7890,39.91031266285141,107.86505145927525
7891,0.0,0.0
7892,0.0,190.26911227041086
7893,0.0,279.01194699009545
7894,0.0,367.75478170978005
7895,0.0,1729.0404861140526
7896,0.0,3645.8857160592397
7897,0.0,5234.300726916051
7898,0.0,3645.8857160592397
7899,0.0,2048.5146911049164
7900,0.0,816.2570432830095
7901,0.0,496.78283829214564
7902,0.0,367.75478170978005
7903,0.0,816.2570432830095
7904,14.985558088512876,5234.300726916051
7905,133.5630391452289,6938.163153533998
7906,196.2031921509719,6938.163153533998
7907,319.40749976337617,6938.163153533998
7908,359.47493199659607,5234.300726916051
7909,367.6707954666891,3645.8857160592397
7910,341.17555302140323,2367.98889609578
7911,275.2099325961578,1729.0404861140526
7912,50.46187591887192,3006.937306077509
7913,46.55961527375132,4179.528748533515
7914,39.51924063512991,412.12619906962226
7915,0.0,152.23646881911748
7916,0.0,279.01194699009545
7917,0.0,152.23646881911748
7918,0.0,323.38336434993766
7919,0.0,2687.4631010866456
7920,0.0,6370.2090113280165
7921,0.0,5802.254869122039
7922,0.0,3006.937306077509
7923,0.0,2048.5146911049164
7924,0.0,1135.7312482738735
7925,0.0,496.78283829214564
7926,0.0,323.38336434993766
7927,0.0,2687.4631010866456
7928,73.4411439602734,14303.662578132522
7929,184.50001350386765,10639.851258991263
7930,268.33468601500795,8642.025580151947
7931,323.663214839973,3645.8857160592397
7932,356.38736556221386,2367.98889609578
7933,362.55262267619537,1409.5662811231873
7934,339.0663725256887,816.2570432830095
7935,274.723551941535,412.12619906962226
7936,54.34185956850928,234.64052963025327
7937,49.811408787030736,190.26911227041086
7938,44.135480594608815,0.0
7939,0.0,0.0
7940,0.0,190.26911227041086
7941,0.0,496.78283829214564
7942,0.0,2048.5146911049164
7943,0.0,4747.482890739503
7944,0.0,4747.482890739503
7945,0.0,2048.5146911049164
7946,0.0,496.78283829214564
7947,0.0,234.64052963025327
7948,0.0,19.12221673959045
7949,0.0,0.0
7950,0.0,19.12221673959045
7951,0.0,190.26911227041086
7952,84.05930712983309,1135.7312482738735
7953,181.57193553904693,2367.98889609578
7954,268.42346109906856,412.12619906962226
7955,314.8782960484162,323.38336434993766
7956,349.3047965423367,234.64052963025327
7957,363.4736092837575,323.38336434993766
7958,341.0088878523724,496.78283829214564
7959,224.2323242154004,1729.0404861140526
7960,121.584191395449,1135.7312482738735
7961,95.0936225649146,279.01194699009545
7962,45.43274407687768,63.49363409943286
7963,0.0,0.0
7964,0.0,0.0
7965,0.0,19.12221673959045
7966,0.0,0.0
7967,0.0,0.0
7968,0.0,323.38336434993766
7969,0.0,496.78283829214564
7970,0.0,816.2570432830095
7971,0.0,412.12619906962226
7972,0.0,279.01194699009545
7973,0.0,234.64052963025327
7974,0.0,190.26911227041086
7975,0.0,2048.5146911049164
7976,75.42743970004086,4747.482890739503
7977,178.4373744807872,9209.979722357926
7978,269.68344435388065,14303.662578132522
7979,323.68260194923266,13549.348483015208
7980,355.5965689530526,9885.537163873942
7981,364.0872683516394,4747.482890739503
7982,335.949010842828,5234.300726916051
7983,273.9371334328722,6938.163153533998
7984,55.34945689694884,8642.025580151947
7985,23.272996452389663,9209.979722357926
7986,45.51248189043277,3645.8857160592397
7987,0.0,1729.0404861140526
7988,0.0,2687.4631010866456
7989,0.0,5234.300726916051
7990,0.0,6370.2090113280165
7991,0.0,6938.163153533998
7992,0.0,6370.2090113280165
7993,0.0,5802.254869122039
7994,0.0,3645.8857160592397
7995,0.0,1729.0404861140526
7996,0.0,412.12619906962226
7997,0.0,234.64052963025327
7998,0.0,152.23646881911748
7999,0.0,152.23646881911748
8000,85.16030787163395,11286.406197663246
8001,184.9260380397276,9209.979722357926
8002,262.72216974979364,14303.662578132522
8003,324.38165911651134,13549.348483015208
8004,353.7827270788528,12040.720292780567
8005,364.31146191473374,12795.034387897882
8006,337.9015622374196,12795.034387897882
8007,274.6508026739077,12040.720292780567
8008,54.24184047016315,10639.851258991263
8009,46.81769815063633,10639.851258991263
8010,31.6106466390145,2367.98889609578
8011,0.0,443.82006861236687
8012,0.0,998.8137318492179
8013,0.0,1592.1229696893954
8014,0.0,2185.4322075295718
8015,0.0,2778.7414453697493
8016,0.0,3372.0506832099272
8017,0.0,4260.6650545629445
8018,0.0,5315.4370329454805
8019,0.0,6370.2090113280165
8020,0.0,7424.980989710552
8021,0.0,8479.752968093093
8022,0.0,9562.259694537945
8023,0.0,10963.12872832725
8024,8.464079877527764,12471.756918561892
8025,182.04890297557225,13872.625952351198
8026,196.2289335567861,15273.494986140504
8027,327.6281846481004,17370.300843465728
8028,359.7825029696976,17370.300843465728
8029,366.70465802576734,15057.976673249845
8030,340.57230688113265,12795.034387897882
8031,276.5021597124004,11286.406197663246
8032,55.26715488247363,12040.720292780567
8033,49.17667438730011,12040.720292780567
8034,34.794244577498404,5802.254869122039
8035,0.0,2048.5146911049164
8036,0.0,1135.7312482738735
8037,0.0,1409.5662811231873
8038,0.0,63.49363409943286
8039,0.0,2367.98889609578
8040,0.0,13549.348483015208
8041,0.0,13549.348483015208
8042,0.0,7506.117295739982
8043,0.0,3326.411511068373
8044,0.0,1135.7312482738735
8045,0.0,323.38336434993766
8046,0.0,323.38336434993766
8047,0.0,496.78283829214564
8048,82.14863455024876,20007.23078942208
8049,181.1749379846121,23698.932713760954
8050,261.8386132826386,20007.23078942208
8051,322.41277433028176,19084.305308337352
8052,354.84047367004604,20007.23078942208
8053,362.1902965367198,19084.305308337352
8054,335.7450822846658,13549.348483015208
8055,270.9003967112384,12795.034387897882
8056,68.69375516232797,11286.406197663246
8057,54.78902339873614,11286.406197663246
8058,37.345174407883945,4747.482890739503
8059,0.0,496.78283829214564
8060,0.0,367.75478170978005
8061,0.0,816.2570432830095
8062,0.0,367.75478170978005
8063,0.0,412.12619906962226
8064,0.0,14303.662578132522
8065,0.0,20007.23078942208
8066,0.0,12795.034387897882
8067,0.0,9209.979722357926
8068,0.0,5234.300726916051
8069,0.0,3645.8857160592397
8070,0.0,2367.98889609578
8071,0.0,7506.117295739982
8072,67.80443117496641,14303.662578132522
8073,178.09391018472652,9885.537163873942
8074,252.00286666697792,15057.976673249845
8075,318.9118313410311,16566.604863484477
8076,353.7241112102813,21853.08175159152
8077,362.0028490139069,21853.08175159152
8078,336.157123848339,18161.37982725263
8079,276.30181049708165,9885.537163873942
8080,56.52938238932389,6938.163153533998
8081,47.856242637294805,5234.300726916051
8082,33.42440755146795,1729.0404861140526
8083,0.0,367.75478170978005
8084,0.0,63.49363409943286
8085,0.0,0.0
8086,0.0,6938.163153533998
8087,0.0,12795.034387897882
8088,0.0,10639.851258991263
8089,0.0,7506.117295739982
8090,0.0,4747.482890739503
8091,0.0,3006.937306077509
8092,0.0,3006.937306077509
8093,0.0,3006.937306077509
8094,0.0,1729.0404861140526
8095,0.0,2048.5146911049164
8096,81.94603695470754,4179.528748533515
8097,178.3176125730598,4747.482890739503
8098,261.8662754692008,4179.528748533515
8099,319.94535554840866,2048.5146911049164
8100,356.06712445528643,496.78283829214564
8101,362.176587093597,279.01194699009545
8102,340.3659270521852,190.26911227041086
8103,277.49693622628814,152.23646881911748
8104,55.18358128825025,190.26911227041086
8105,49.92102883578792,234.64052963025327
8106,34.2463857558895,279.01194699009545
8107,0.0,0.0
8108,0.0,19.12221673959045
8109,0.0,496.78283829214564
8110,0.0,9209.979722357926
8111,0.0,8642.025580151947
8112,0.0,4747.482890739503
8113,0.0,2048.5146911049164
8114,0.0,496.78283829214564
8115,0.0,323.38336434993766
8116,0.0,190.26911227041086
8117,0.0,107.86505145927525
8118,0.0,152.23646881911748
8119,0.0,496.78283829214564
8120,59.58562847286885,5802.254869122039
8121,173.89538850166286,8074.07143794596
8122,259.51919452276616,8074.07143794596
8123,317.48379236842544,4179.528748533515
8124,353.39018556268854,1729.0404861140526
8125,359.5835393559186,367.75478170978005
8126,337.45033118501306,234.64052963025327
8127,276.9856164561139,107.86505145927525
8128,55.23055151098889,63.49363409943286
8129,48.66516144053244,234.64052963025327
8130,33.421953594439444,323.38336434993766
8131,0.0,816.2570432830095
8132,0.0,2048.5146911049164
8133,0.0,2048.5146911049164
8134,0.0,367.75478170978005
8135,0.0,1135.7312482738735
8136,0.0,6938.163153533998
8137,0.0,8642.025580151947
8138,0.0,9209.979722357926
8139,0.0,10639.851258991263
8140,0.0,11286.406197663246
8141,0.0,7506.117295739982
8142,0.0,5234.300726916051
8143,0.0,5802.254869122039
8144,57.2579517710893,8074.07143794596
8145,167.1447338672448,11286.406197663246
8146,260.9896166096705,8074.07143794596
8147,316.8111801821658,5234.300726916051
8148,346.9554126647232,2367.98889609578
8149,359.36105136261625,323.38336434993766
8150,336.402758265267,323.38336434993766
8151,275.3456280743426,367.75478170978005
8152,55.217956674232056,412.12619906962226
8153,47.874039838686194,816.2570432830095
8154,34.34609067100806,367.75478170978005
8155,0.0,412.12619906962226
8156,0.0,1135.7312482738735
8157,0.0,1729.0404861140526
8158,0.0,412.12619906962226
8159,0.0,107.86505145927525
8160,0.0,5234.300726916051
8161,0.0,10639.851258991263
8162,0.0,7506.117295739982
8163,0.0,4747.482890739503
8164,0.0,2367.98889609578
8165,0.0,1409.5662811231873
8166,0.0,816.2570432830095
8167,0.0,5234.300726916051
8168,81.62460702059886,5802.254869122039
8169,179.86480759536573,5802.254869122039
8170,258.16164264212915,3006.937306077509
8171,310.44525233089223,816.2570432830095
8172,333.6442273924449,279.01194699009545
8173,335.20468382791563,323.38336434993766
8174,335.35675485096533,323.38336434993766
8175,274.6295214806254,234.64052963025327
8176,56.79133571409512,234.64052963025327
8177,52.16106121602535,234.64052963025327
8178,33.89692283700492,107.86505145927525
8179,0.0,190.26911227041086
8180,0.0,367.75478170978005
8181,0.0,279.01194699009545
8182,0.0,0.0
8183,0.0,0.0
8184,0.0,6370.2090113280165
8185,0.0,12040.720292780567
8186,0.0,8642.025580151947
8187,0.0,4747.482890739503
8188,0.0,3326.411511068373
8189,0.0,3006.937306077509
8190,0.0,2367.98889609578
8191,0.0,5234.300726916051
8192,72.05164202415642,7506.117295739982
8193,173.7022905208684,7506.117295739982
8194,255.34214602625568,6938.163153533998
8195,316.2418214746164,3645.8857160592397
8196,348.6393058114903,1409.5662811231873
8197,352.2585126316815,367.75478170978005
8198,336.1291434699002,496.78283829214564
8199,273.1325602145438,1135.7312482738735
8200,66.20468181254414,412.12619906962226
8201,56.41180388941656,279.01194699009545
8202,37.39973616241458,234.64052963025327
8203,0.0,279.01194699009545
8204,0.0,190.26911227041086
8205,0.0,107.86505145927525
8206,0.0,8074.07143794596
8207,0.0,17370.300843465728
8208,0.0,20007.23078942208
8209,0.0,10639.851258991263
8210,0.0,5802.254869122039
8211,0.0,2367.98889609578
8212,0.0,1729.0404861140526
8213,0.0,1135.7312482738735
8214,0.0,816.2570432830095
8215,0.0,4747.482890739503
8216,65.63714507683461,9885.537163873942
8217,168.48531540762622,9885.537163873942
8218,251.3680942020849,5802.254869122039
8219,312.5915575782927,2367.98889609578
8220,346.9391305253527,412.12619906962226
8221,356.63740643950496,234.64052963025327
8222,333.8631598822485,234.64052963025327
8223,274.53400148085893,412.12619906962226
8224,60.04836966996133,2048.5146911049164
8225,50.37404258988669,4747.482890739503
8226,35.577409545676126,5234.300726916051
8227,0.0,3326.411511068373
8228,0.0,4747.482890739503
8229,0.0,8642.025580151947
8230,0.0,35586.29106518898
8231,0.0,26468.598675132238
8232,0.0,15057.976673249845
8233,0.0,11286.406197663246
8234,0.0,9209.979722357926
8235,0.0,9209.979722357926
8236,0.0,9885.537163873942
8237,0.0,8642.025580151947
8238,0.0,6938.163153533998
8239,0.0,10639.851258991263
8240,61.016083154799546,9209.979722357926
8241,169.86775816030277,6938.163153533998
8242,250.79210206792752,8642.025580151947
8243,313.62626270578346,5234.300726916051
8244,348.943314442495,3006.937306077509
8245,357.4959821094974,1409.5662811231873
8246,337.2513863609992,412.12619906962226
8247,275.95948630525925,234.64052963025327
8248,57.40385797283113,152.23646881911748
8249,49.52876734652068,190.26911227041086
8250,34.698096963522566,190.26911227041086
8251,0.0,107.86505145927525
8252,0.0,0.0
8253,0.0,0.0
8254,0.0,0.0
8255,0.0,816.2570432830095
8256,0.0,12040.720292780567
8257,0.0,19084.305308337352
8258,0.0,16566.604863484477
8259,0.0,12795.034387897882
8260,0.0,9885.537163873942
8261,0.0,7506.117295739982
8262,0.0,5802.254869122039
8263,0.0,9209.979722357926
8264,69.18019642866999,11286.406197663246
8265,163.16629739924838,12040.720292780567
8266,243.5357848021066,9885.537163873942
8267,310.9594514223278,6938.163153533998
8268,346.0569215965275,4747.482890739503
8269,331.6400892378596,3006.937306077509
8270,321.15236020777985,2367.98889609578
8271,272.3902481568435,2048.5146911049164
8272,110.99580067578886,2687.4631010866456
8273,65.02156640179528,3006.937306077509
8274,37.388961300795856,2367.98889609578
8275,2.215183374294776,152.23646881911748
8276,0.0,19.12221673959045
8277,0.0,190.26911227041086
8278,0.0,4179.528748533515
8279,0.0,27350.95600320225
8280,0.0,35586.29106518898
8281,0.0,20930.156270506784
8282,0.0,13549.348483015208
8283,0.0,12040.720292780567
8284,0.0,9885.537163873942
8285,0.0,6938.163153533998
8286,0.0,5802.254869122039
8287,0.0,8642.025580151947
8288,55.027905830890845,11286.406197663246
8289,146.700923282257,11286.406197663246
8290,248.1551512048777,8074.07143794596
8291,288.4046291867944,5802.254869122039
8292,347.95215454648763,3645.8857160592397
8293,356.722143462005,2687.4631010866456
8294,332.61140451569474,2687.4631010866456
8295,273.9539429959336,2048.5146911049164
8296,72.10737392704247,2687.4631010866456
8297,83.82354576069633,3645.8857160592397
8298,48.672512178252994,2367.98889609578
8299,2.217598326057852,152.23646881911748
8300,0.0,152.23646881911748
8301,0.0,107.86505145927525
8302,0.0,0.0
8303,0.0,0.0
8304,0.0,3006.937306077509
8305,0.0,20930.156270506784
8306,0.0,22776.007232676242
8307,0.0,14303.662578132522
8308,0.0,12040.720292780567
8309,0.0,12040.720292780567
8310,0.0,11286.406197663246
8311,0.0,17370.300843465728
8312,37.7872256265151,20930.156270506784
8313,156.72039126924676,18161.37982725263
8314,250.48730568068493,18161.37982725263
8315,313.191351615783,15057.976673249845
8316,347.361193098875,9209.979722357926
8317,341.57310080104145,4179.528748533515
8318,319.9983765999867,2367.98889609578
8319,83.17306423202218,2687.4631010866456
8320,134.5246351430702,3326.411511068373
8321,83.78741969732201,5234.300726916051
8322,49.56392210065734,3645.8857160592397
8323,1.7762578240463576,412.12619906962226
8324,0.0,323.38336434993766
8325,0.0,323.38336434993766
8326,0.0,0.0
8327,0.0,0.0
8328,0.0,412.12619906962226
8329,0.0,20930.156270506784
8330,0.0,26468.598675132238
8331,0.0,15812.290768367156
8332,0.0,10639.851258991263
8333,0.0,8074.07143794596
8334,0.0,5234.300726916051
8335,0.0,9885.537163873942
8336,55.19034235707695,17370.300843465728
8337,167.5140834126735,18161.37982725263
8338,250.37958063618856,17370.300843465728
8339,306.60138958132944,16566.604863484477
8340,339.44301846396286,12040.720292780567
8341,351.5222408626324,9885.537163873942
8342,296.44914541173983,8074.07143794596
8343,42.69885362171024,7506.117295739982
8344,137.12132661270155,8642.025580151947
8345,51.71792612983791,11286.406197663246
8346,33.46889122149943,7506.117295739982
8347,2.6612876035942903,1409.5662811231873
8348,0.0,2048.5146911049164
8349,0.0,3645.8857160592397
8350,0.0,5234.300726916051
8351,0.0,4179.528748533515
8352,0.0,107.86505145927525
8353,0.0,496.78283829214564
8354,0.0,16566.604863484477
8355,0.0,18161.37982725263
8356,0.0,14303.662578132522
8357,0.0,13549.348483015208
8358,0.0,8074.07143794596
8359,0.0,8642.025580151947
8360,7.11025486721283,15057.976673249845
8361,154.17889200275633,12040.720292780567
8362,246.03516908540536,13549.348483015208
8363,309.89455439916,11286.406197663246
8364,344.9882540769772,11286.406197663246
8365,357.3939504968553,12040.720292780567
8366,319.56761406728504,12040.720292780567
8367,274.22210647572217,11286.406197663246
8368,62.18434265496018,10639.851258991263
8369,54.81134795206528,10639.851258991263
8370,36.55035230000969,6938.163153533998
8371,3.5443981821762165,496.78283829214564
8372,0.0,323.38336434993766
8373,0.0,323.38336434993766
8374,0.0,107.86505145927525
8375,0.0,63.49363409943286
8376,0.0,152.23646881911748
8377,0.0,152.23646881911748
8378,0.0,3645.8857160592397
8379,0.0,12795.034387897882
8380,0.0,12040.720292780567
8381,0.0,9209.979722357926
8382,0.0,9209.979722357926
8383,0.0,12795.034387897882
8384,56.84217945003482,20007.23078942208
8385,156.96949978953,15812.290768367156
8386,230.31030574742,12795.034387897882
8387,305.8042543263115,13549.348483015208
8388,341.4230053309112,20007.23078942208
8389,354.2018410147553,20007.23078942208
8390,333.92321946780686,20007.23078942208
8391,265.17492054920893,18161.37982725263
8392,126.3780684981984,18161.37982725263
8393,18.06828104887776,20007.23078942208
8394,50.74555010104724,10639.851258991263
8395,3.980793082925685,3645.8857160592397
8396,0.0,3645.8857160592397
8397,0.0,4747.482890739503
8398,0.0,1729.0404861140526
8399,0.0,2048.5146911049164
8400,0.0,816.2570432830095
8401,0.0,1409.5662811231873
8402,0.0,7506.117295739982
8403,0.0,8074.07143794596
8404,0.0,5234.300726916051
8405,0.0,4747.482890739503
8406,0.0,4747.482890739503
8407,0.0,5234.300726916051
8408,44.30616299938954,12795.034387897882
8409,131.06529672209874,13549.348483015208
8410,217.6883485594168,18161.37982725263
8411,278.64887219253126,28380.372885950583
8412,290.36519574121064,33527.45729969231
8413,169.31123745549365,33527.45729969231
8414,170.48932010491777,31468.6235341956
8415,205.0683535151455,32498.04041694395
8416,142.84733859238656,33527.45729969231
8417,94.31613376535208,31468.6235341956
8418,43.50529603104613,15812.290768367156
8419,4.438102938751432,7506.117295739982
8420,0.0,5234.300726916051
8421,0.0,4747.482890739503
8422,0.0,6370.2090113280165
8423,0.0,5802.254869122039
8424,0.0,1729.0404861140526
8425,0.0,6938.163153533998
8426,0.0,9209.979722357926
8427,0.0,5802.254869122039
8428,0.0,5802.254869122039
8429,0.0,6370.2090113280165
8430,0.0,5802.254869122039
8431,0.0,4747.482890739503
8432,58.83328922073454,15812.290768367156
8433,158.5194791921802,17370.300843465728
8434,247.6951024143469,19084.305308337352
8435,282.6137480427413,22776.007232676242
8436,290.1630455734397,26468.598675132238
8437,350.74036612583467,24621.858194845674
8438,335.94657148290315,21853.08175159152
8439,236.26280319284336,20007.23078942208
8440,59.56471273617765,20007.23078942208
8441,61.87130792967695,20007.23078942208
8442,47.33104772483231,10639.851258991263
8443,4.431977067731332,4747.482890739503
8444,0.0,5802.254869122039
8445,0.0,7506.117295739982
8446,0.0,2687.4631010866456
8447,0.0,234.64052963025327
8448,0.0,21853.08175159152
8449,0.0,22776.007232676242
8450,0.0,15812.290768367156
8451,0.0,11286.406197663246
8452,0.0,9209.979722357926
8453,0.0,10639.851258991263
8454,0.0,11286.406197663246
8455,0.0,20007.23078942208
8456,46.54173643951825,29409.78976869893
8457,143.89311558415187,21853.08175159152
8458,240.25295168353247,15057.976673249845
8459,305.20159288952925,21853.08175159152
8460,341.6668135411647,29409.78976869893
8461,352.8337881180956,28380.372885950583
8462,293.4153992395194,20930.156270506784
8463,276.58749336332977,15812.290768367156
8464,121.0275416521391,11286.406197663246
8465,54.81103647386869,9209.979722357926
8466,46.02628389594081,4179.528748533515
8467,4.86967105770536,279.01194699009545
8468,0.0,279.01194699009545
8469,0.0,367.75478170978005
8470,0.0,816.2570432830095
8471,0.0,4747.482890739503
8472,0.0,17370.300843465728
8473,0.0,19084.305308337352
8474,0.0,16566.604863484477
8475,0.0,12795.034387897882
8476,0.0,10639.851258991263
8477,0.0,10639.851258991263
8478,0.0,9885.537163873942
8479,0.0,10639.851258991263
8480,21.71717810369933,22776.007232676242
8481,133.7860025873195,23698.932713760954
8482,226.2072157056092,26468.598675132238
8483,268.61681723750297,29409.78976869893
8484,325.93388628068584,28380.372885950583
8485,350.8871311064655,24621.858194845674
8486,328.92014727192776,21853.08175159152
8487,123.76702636338617,18161.37982725263
8488,122.49671814149092,19084.305308337352
8489,66.83110049105242,20007.23078942208
8490,41.711196998245256,14303.662578132522
8491,4.870399509310397,6938.163153533998
8492,0.0,5234.300726916051
8493,0.0,3645.8857160592397
8494,0.0,3645.8857160592397
8495,0.0,1409.5662811231873
8496,0.0,190.26911227041086
8497,0.0,4747.482890739503
8498,0.0,15812.290768367156
8499,0.0,14303.662578132522
8500,0.0,10639.851258991263
8501,0.0,7506.117295739982
8502,0.0,7506.117295739982
8503,0.0,9885.537163873942
8504,6.6671314145135625,22776.007232676242
8505,92.8547478223014,28380.372885950583
8506,174.7954462544554,34556.87418244063
8507,286.46324733878134,35586.29106518898
8508,331.892197773201,32498.04041694395
8509,317.5642260546761,30439.206651447275
8510,311.7338045188594,26468.598675132238
8511,247.2494971628693,21853.08175159152
8512,142.23563809062867,20007.23078942208
8513,102.10505557540888,20007.23078942208
8514,51.64426318446687,14303.662578132522
8515,5.311050155129946,5802.254869122039
8516,0.0,4747.482890739503
8517,0.0,4179.528748533515
8518,0.0,3645.8857160592397
8519,0.0,2687.4631010866456
8520,0.0,1135.7312482738735
8521,0.0,2687.4631010866456
8522,0.0,9209.979722357926
8523,0.0,10639.851258991263
8524,0.0,8074.07143794596
8525,0.0,5234.300726916051
8526,0.0,3326.411511068373
8527,0.0,2687.4631010866456
8528,43.53747782377329,10639.851258991263
8529,140.66378593458884,13549.348483015208
8530,219.35934537401675,12795.034387897882
8531,296.51576922537504,21853.08175159152
8532,339.68683799145384,25544.783675930397
8533,352.6496096056799,22776.007232676242
8534,328.63511052435337,18161.37982725263
8535,278.41239588734044,16566.604863484477
8536,72.34120210734362,14303.662578132522
8537,62.89213921332649,11286.406197663246
8538,42.57934642078646,5802.254869122039
8539,6.198254797317506,1729.0404861140526
8540,0.0,2367.98889609578
8541,0.0,3645.8857160592397
8542,0.0,5234.300726916051
8543,0.0,5234.300726916051
8544,0.0,3645.8857160592397
8545,0.0,816.2570432830095
8546,0.0,7506.117295739982
8547,0.0,10639.851258991263
8548,0.0,9209.979722357926
8549,0.0,8642.025580151947
8550,0.0,8074.07143794596
8551,0.0,6370.2090113280165
8552,53.44888845241364,22776.007232676242
8553,156.8681006117626,30439.206651447275
8554,240.2929635385725,38765.99247512504
8555,304.52108448203063,42306.83158044045
8556,341.0610137953911,38765.99247512504
8557,345.0700197008766,34556.87418244063
8558,321.61474100764,30439.206651447275
8559,266.70101766005826,27350.95600320225
8560,137.00434521993998,26468.598675132238
8561,76.30488163515926,24621.858194845674
8562,48.14789506754551,13549.348483015208
8563,6.63979589456778,6370.2090113280165
8564,0.0,6370.2090113280165
8565,0.0,7506.117295739982
8566,0.0,8074.07143794596
8567,0.0,8642.025580151947
8568,0.0,6938.163153533998
8569,0.0,2687.4631010866456
8570,0.0,4747.482890739503
8571,0.0,4179.528748533515
8572,0.0,3326.411511068373
8573,0.0,3645.8857160592397
8574,0.0,4747.482890739503
8575,0.0,4179.528748533515
8576,6.652485709136533,20930.156270506784
8577,26.43640817106565,33527.45729969231
8578,147.27571052927027,44667.39098398404
8579,120.23820664292012,50308.13731849218
8580,240.18931055623,49198.851884496136
8581,302.8296667372841,43487.11128221227
8582,205.97034900966003,37585.71277335322
8583,179.0996034166647,36615.70794793733
8584,137.57305182657277,34556.87418244063
8585,42.91020447437157,33527.45729969231
8586,47.78634607915709,19084.305308337352
8587,6.641852137982884,8642.025580151947
8588,0.0,7506.117295739982
8589,0.0,6938.163153533998
8590,0.0,6938.163153533998
8591,0.0,6938.163153533998
8592,0.0,8642.025580151947
8593,0.0,13549.348483015208
8594,0.0,17370.300843465728
8595,0.0,19084.305308337352
8596,0.0,18161.37982725263
8597,0.0,15812.290768367156
8598,0.0,13549.348483015208
8599,0.0,8642.025580151947
8600,28.618523763360457,25544.783675930397
8601,103.3878787315572,38765.99247512504
8602,219.54658759004732,42306.83158044045
8603,211.2714312579289,49198.851884496136
8604,313.5256901175116,51417.42275248823
8605,343.7486932947028,48039.61870333207
8606,287.22458587249884,44667.39098398404
8607,221.64113308172628,39946.272176896855
8608,80.44928467108848,35586.29106518898
8609,96.25474526305034,32498.04041694395
8610,52.0675629436408,18161.37982725263
8611,7.079736694667498,5802.254869122039
8612,0.0,3645.8857160592397
8613,0.0,3645.8857160592397
8614,0.0,1135.7312482738735
8615,0.0,2367.98889609578
8616,0.0,14303.662578132522
8617,0.0,15057.976673249845
8618,0.0,11286.406197663246
8619,0.0,9885.537163873942
8620,0.0,8642.025580151947
8621,0.0,6938.163153533998
8622,0.0,4179.528748533515
8623,0.0,3006.937306077509
8624,6.651741012252955,16566.604863484477
8625,30.779852044048297,22776.007232676242
8626,228.7203705425133,35586.29106518898
8627,299.49281990782845,41126.55187866863
8628,297.07109101849886,39946.272176896855
8629,292.0417508423333,36615.70794793733
8630,226.55508079001012,31468.6235341956
8631,235.4860707933992,27350.95600320225
8632,70.76744694546468,25544.783675930397
8633,93.4867424789064,23698.932713760954
8634,41.37817870075577,15057.976673249845
8635,7.085948872792079,7506.117295739982
8636,0.0,8074.07143794596
8637,0.0,9209.979722357926
8638,0.0,3006.937306077509
8639,0.0,1729.0404861140526
8640,0.0,2367.98889609578
8641,0.0,7506.117295739982
8642,0.0,10639.851258991263
8643,0.0,9885.537163873942
8644,0.0,6938.163153533998
8645,0.0,3645.8857160592397
8646,0.0,1729.0404861140526
8647,0.0,367.75478170978005
8648,24.30485103524117,5234.300726916051
8649,142.4887892778668,8642.025580151947
8650,204.78575977976803,15057.976673249845
8651,300.58171002479605,19084.305308337352
8652,342.3880755748989,20930.156270506784
8653,356.023575544972,20007.23078942208
8654,336.7912117426994,16566.604863484477
8655,281.9647010021284,15057.976673249845
8656,0.0,15057.976673249845
8657,63.71860188463983,15812.290768367156
8658,39.98694101410459,12040.720292780567
8659,7.514550117989338,3645.8857160592397
8660,0.0,3645.8857160592397
8661,0.0,5802.254869122039
8662,0.0,3006.937306077509
8663,0.0,3006.937306077509
8664,0.0,9209.979722357926
8665,0.0,16566.604863484477
8666,0.0,15057.976673249845
8667,0.0,10639.851258991263
8668,0.0,7506.117295739982
8669,0.0,5234.300726916051
8670,0.0,3326.411511068373
8671,0.0,2687.4631010866456
8672,6.218046878075152,11286.406197663246
8673,104.20077899493006,15057.976673249845
8674,212.83004245383688,18161.37982725263
8675,293.58845436641184,20007.23078942208
8676,340.357746384771,22776.007232676242
8677,357.0092279762246,23698.932713760954
8678,334.9631059778322,21853.08175159152
8679,269.52868289616805,20007.23078942208
8680,70.67111695589723,19084.305308337352
8681,60.70687834274381,18161.37982725263
8682,37.79388325714864,10639.851258991263
8683,7.0744143163696105,3326.411511068373
8684,0.0,2687.4631010866456
8685,0.0,2367.98889609578
8686,0.0,4747.482890739503
8687,0.0,18161.37982725263
8688,0.0,26468.598675132238
8689,0.0,21853.08175159152
8690,0.0,17370.300843465728
8691,0.0,15057.976673249845
8692,0.0,11286.406197663246
8693,0.0,9885.537163873942
8694,0.0,10639.851258991263
8695,0.0,12795.034387897882
8696,38.38502503177845,26468.598675132238
8697,139.08342111553313,27350.95600320225
8698,228.34997633413207,30439.206651447275
8699,298.49780630980405,30439.206651447275
8700,338.0149909296957,26468.598675132238
8701,353.6789247983425,20007.23078942208
8702,330.767778645925,15057.976673249845
8703,278.6036591579776,12040.720292780567
8704,78.17275833422383,11286.406197663246
8705,55.61854999777783,14303.662578132522
8706,39.518376990964654,14303.662578132522
8707,8.395174022185978,6938.163153533998
8708,0.0,4179.528748533515
8709,0.0,3006.937306077509
8710,0.0,2367.98889609578
8711,0.0,2367.98889609578
8712,0.0,12040.720292780567
8713,0.0,15812.290768367156
8714,0.0,10639.851258991263
8715,0.0,8642.025580151947
8716,0.0,8074.07143794596
8717,0.0,7506.117295739982
8718,0.0,6370.2090113280165
8719,0.0,6938.163153533998
8720,28.219152545825352,14303.662578132522
8721,118.1379592625064,12795.034387897882
8722,212.6530841362461,8642.025580151947
8723,284.54092084265966,9209.979722357926
8724,306.7045716354401,8642.025580151947
8725,334.0856147317076,6938.163153533998
8726,305.6533861487733,6370.2090113280165
8727,264.54190672224337,5802.254869122039
8728,120.84045709344277,5802.254869122039
8729,103.4723597331333,7506.117295739982
8730,55.44101923435616,8642.025580151947
8731,7.070417486862735,4747.482890739503
8732,0.0,5234.300726916051
8733,0.0,5234.300726916051
8734,0.0,4179.528748533515
8735,0.0,412.12619906962226
8736,0.0,18161.37982725263
8737,0.0,23698.932713760954
8738,0.0,15812.290768367156
8739,0.0,8642.025580151947
8740,0.0,6370.2090113280165
8741,0.0,4747.482890739503
8742,0.0,3645.8857160592397
8743,0.0,5234.300726916051
8744,6.6706066666369255,15057.976673249845
8745,91.23393925444164,14303.662578132522
8746,187.59291362792047,14303.662578132522
8747,223.14283897201057,9885.537163873942
8748,323.0529058715174,6938.163153533998
8749,265.46377534245136,5802.254869122039
8750,289.31011370076163,5802.254869122039
8751,285.1901354210785,8074.07143794596
8752,139.83041594753666,10639.851258991263
8753,104.51045151347552,13549.348483015208
8754,48.14766216833858,13549.348483015208
8755,9.272443539712492,3372.0506832099272
8756,0.0,3854.9835244158116
8757,0.0,4585.210278680648
8758,0.0,5315.4370329454805
8759,0.0,6045.663787210313
8760,0.0,6857.026847504574
