Periods,Solar PV,Wind
1,0.0,29115.57351379942
2,0.0,28822.581297582044
3,0.0,28676.08518947336
4,0.0,28383.092973255996
5,0.0,28090.10075703862
6,0.0,27943.604648929933
7,0.0,27650.612432712558
8,39.41888489705455,27504.116324603878
9,151.37816740262605,27211.124108386506
10,239.36406337166903,26918.13189216913
11,307.37096242116974,26771.63578406045
12,343.5091241838355,38396.526869378475
13,366.4263271507218,40684.11994215258
14,359.5096292886022,40684.11994215258
15,324.7306074791669,39540.323405765535
16,264.85152195664244,41761.90308150357
17,184.86165606657323,48319.01253579141
18,93.1926816202352,53377.35411481341
19,9.732356137281418,54665.39098277348
20,0.0,54665.39098277348
21,0.0,57130.46972498692
22,0.0,55897.930353880205
23,0.0,53377.35411481341
24,0.0,45696.16875407625
25,0.0,39540.323405765535
26,0.0,32677.544187443254
27,0.0,30389.951114669166
28,0.0,31533.7476510562
29,0.0,33821.340723830304
30,0.0,34965.137260217336
31,0.0,36108.93379660439
32,40.982056754756286,39540.323405765535
33,147.11579048371073,50941.856317506514
34,238.46348831937652,52253.278208364085
35,299.0355036310012,50941.856317506514
36,343.1635737128729,49630.434426648935
37,368.5336898005006,52253.278208364085
38,361.9184911301102,49630.434426648935
39,327.89737829386013,49630.434426648935
40,269.46335563436946,53377.35411481341
41,189.92545519895933,59595.548467200395
42,95.27931182312196,65582.16826971881
43,9.731937556371015,70037.14805761506
44,0.0,70037.14805761506
45,0.0,67887.59939440493
46,0.0,62060.62720941386
47,0.0,52253.278208364085
48,0.0,47007.59064493383
49,0.0,47007.59064493383
50,0.0,49630.434426648935
51,0.0,45696.16875407625
52,0.0,40684.11994215258
53,0.0,41761.90308150357
54,0.0,45696.16875407625
55,0.0,47007.59064493383
56,40.19924152791104,43073.32497236115
57,142.4944378196083,48319.01253579141
58,203.9271168485778,44384.74686321872
59,304.8556525649299,40684.11994215258
60,349.8000291075406,36108.93379660439
61,370.4485910316049,36108.93379660439
62,357.42461305482743,39540.323405765535
63,328.5930851695026,47007.59064493383
64,269.8871298618226,57130.46972498692
65,190.9333395053104,66812.82506279985
66,96.5267357331766,73261.47105243028
67,10.179199485311669,75411.01971564042
68,0.0,76332.25485701617
69,0.0,77407.02918862127
70,0.0,76332.25485701617
71,0.0,74336.24538403534
72,0.0,71111.92238922014
73,0.0,67887.59939440493
74,0.0,64525.7059516273
75,0.0,57130.46972498692
76,0.0,50941.856317506514
77,0.0,48319.01253579141
78,0.0,48319.01253579141
79,0.0,49630.434426648935
80,43.174551982260425,47007.59064493383
81,151.0853217391493,48319.01253579141
82,240.97078557117896,44384.74686321872
83,310.87571685036386,41761.90308150357
84,349.6194990015877,39540.323405765535
85,370.3395653850091,38396.526869378475
86,364.9245349318576,36108.93379660439
87,331.3455258061314,37252.73033299145
88,272.89305607828834,44384.74686321872
89,193.07613154640995,54665.39098277348
90,99.17458322355851,62060.62720941386
91,10.620153759550211,63293.16658052061
92,0.0,60828.08783830711
93,0.0,60828.08783830711
94,0.0,60828.08783830711
95,0.0,59595.548467200395
96,0.0,58363.00909609367
97,0.0,55897.930353880205
98,0.0,54665.39098277348
99,0.0,50941.856317506514
100,0.0,47007.59064493383
101,0.0,47007.59064493383
102,0.0,45696.16875407625
103,0.0,40684.11994215258
104,27.44842320725609,36108.93379660439
105,137.35437913590923,39540.323405765535
106,231.4119707340433,34965.137260217336
107,311.8201898091485,32677.544187443254
108,352.11466843241067,32677.544187443254
109,373.02267865414944,37252.73033299145
110,364.9594828134149,38396.526869378475
111,331.96285312551754,43073.32497236115
112,274.4780082478982,47007.59064493383
113,193.6200886272856,53377.35411481341
114,98.72838382978576,55897.930353880205
115,10.621104403128175,55897.930353880205
116,0.0,57130.46972498692
117,0.0,58363.00909609367
118,0.0,58363.00909609367
119,0.0,57130.46972498692
120,0.0,54665.39098277348
121,0.0,49630.434426648935
122,0.0,44384.74686321872
123,0.0,41761.90308150357
124,0.0,43073.32497236115
125,0.0,45696.16875407625
126,0.0,43073.32497236115
127,0.0,37252.73033299145
128,30.630621896881006,31533.7476510562
129,122.27133633435348,36108.93379660439
130,236.3021364255611,32677.544187443254
131,308.00927288091066,33821.340723830304
132,355.8126262320218,32677.544187443254
133,374.96494504105294,32677.544187443254
134,367.1616561148292,38396.526869378475
135,332.3813107879909,44384.74686321872
136,273.92301288596184,49630.434426648935
137,193.4980308300436,53377.35411481341
138,99.64198808290284,59595.548467200395
139,11.071702588393034,60828.08783830711
140,0.0,63293.16658052061
141,0.0,64525.7059516273
142,0.0,64525.7059516273
143,0.0,63293.16658052061
144,0.0,60828.08783830711
145,0.0,55897.930353880205
146,0.0,48319.01253579141
147,0.0,44384.74686321872
148,0.0,43073.32497236115
149,0.0,41761.90308150357
150,0.0,38396.526869378475
151,0.0,33821.340723830304
152,36.49387371218997,29409.554083480263
153,113.98164111413227,37252.73033299145
154,213.63133871856775,37252.73033299145
155,293.1725719896352,34965.137260217336
156,351.23110350143253,32677.544187443254
157,368.7848557552703,34965.137260217336
158,361.0038103720949,40684.11994215258
159,316.70091261692005,49630.434426648935
160,253.33862019382053,58363.00909609367
161,170.9286083706836,71111.92238922014
162,97.62156130642948,83471.09272805079
163,11.508329870379702,85922.08530602304
164,0.0,80897.55052117995
165,0.0,75411.01971564042
166,0.0,72186.69672082523
167,0.0,70037.14805761506
168,0.0,64525.7059516273
169,0.0,54665.39098277348
170,0.0,49630.434426648935
171,0.0,45696.16875407625
172,0.0,40684.11994215258
173,0.0,38396.526869378475
174,0.0,37252.73033299145
175,0.0,38396.526869378475
176,48.64853761887786,34965.137260217336
177,131.44791338922644,41761.90308150357
178,177.47032039192155,39540.323405765535
179,299.9339674889798,37252.73033299145
180,349.39877802556566,32677.544187443254
181,364.3540476373145,31533.7476510562
182,362.5665295704419,37252.73033299145
183,328.8920284351965,55897.930353880205
184,270.42477072632295,71111.92238922014
185,191.19158095044256,81755.39792347024
186,97.73580106996845,89203.73135998122
187,13.284114886575766,89203.73135998122
188,0.0,85064.23790373276
189,0.0,80039.70311888967
190,0.0,74336.24538403534
191,0.0,65582.16826971881
192,0.0,57130.46972498692
193,0.0,48319.01253579141
194,0.0,43073.32497236115
195,0.0,44384.74686321872
196,0.0,47007.59064493383
197,0.0,48319.01253579141
198,0.0,44384.74686321872
199,0.0,40684.11994215258
200,27.94302506715488,33821.340723830304
201,135.06843546200486,44384.74686321872
202,204.52392161580983,50941.856317506514
203,293.9551843213461,54665.39098277348
204,346.6566584271033,55897.930353880205
205,366.317634716969,54665.39098277348
206,361.80812275134633,45696.16875407625
207,329.7985927840411,57130.46972498692
208,272.43295737062,66812.82506279985
209,192.20334027036392,83471.09272805079
210,98.50983621954568,92268.88069887063
211,13.971468127941275,94357.12603976345
212,0.0,92268.88069887063
213,0.0,91006.76038285733
214,0.0,89203.73135998122
215,0.0,84206.39050144247
216,0.0,75411.01971564042
217,0.0,67887.59939440493
218,0.0,66812.82506279985
219,0.0,64525.7059516273
220,0.0,60828.08783830711
221,0.0,57130.46972498692
222,0.0,53377.35411481341
223,0.0,50941.856317506514
224,31.790892256873427,48319.01253579141
225,112.79125854013344,57130.46972498692
226,222.97229447559968,54665.39098277348
227,296.1569631508306,53377.35411481341
228,346.7421741819508,49630.434426648935
229,369.695957133373,44384.74686321872
230,364.232846125932,50941.856317506514
231,332.15078608161764,60828.08783830711
232,272.5961015152054,78324.0083143091
233,193.3049775207716,87941.61104396792
234,100.4734882523603,93371.09454287807
235,14.497335877425112,95343.15753664883
236,0.0,94357.12603976345
237,0.0,92268.88069887063
238,0.0,91006.76038285733
239,0.0,88572.67120197456
240,0.0,83471.09272805079
241,0.0,77407.02918862127
242,0.0,76332.25485701617
243,0.0,73261.47105243028
244,0.0,74336.24538403534
245,0.0,72186.69672082523
246,0.0,67887.59939440493
247,0.0,65582.16826971881
248,36.82580768776519,62060.62720941386
249,137.08956337865408,72186.69672082523
250,234.69942183674,72186.69672082523
251,305.5396275460791,73261.47105243028
252,347.6253056086404,77407.02918862127
253,371.6557067161175,75411.01971564042
254,368.0331903080012,65582.16826971881
255,334.135226692178,62060.62720941386
256,275.53118736429786,79181.85571659937
257,197.6532616598587,93371.09454287807
258,103.55409292094733,99043.20641592675
259,15.16057564540011,98857.26904794265
260,0.0,94850.14178820615
261,0.0,92878.07879443538
262,0.0,91637.82054086399
263,0.0,89834.79151798786
264,0.0,85922.08530602304
265,0.0,77407.02918862127
266,0.0,71111.92238922014
267,0.0,63293.16658052061
268,0.0,55897.930353880205
269,0.0,47007.59064493383
270,0.0,37252.73033299145
271,0.0,33821.340723830304
272,43.07484335790036,33821.340723830304
273,147.68319964828245,47007.59064493383
274,238.64471295048003,47007.59064493383
275,309.9295842767902,45696.16875407625
276,352.07896268729394,48319.01253579141
277,374.3422932941367,47007.59064493383
278,369.2574152066957,38396.526869378475
279,337.0808794039489,49630.434426648935
280,278.3942121656263,60828.08783830711
281,199.60483331648825,72186.69672082523
282,105.45748387571584,80897.55052117995
283,15.164806389626577,83471.09272805079
284,0.0,81755.39792347024
285,0.0,80039.70311888967
286,0.0,79181.85571659937
287,0.0,78324.0083143091
288,0.0,73261.47105243028
289,0.0,65582.16826971881
290,0.0,57130.46972498692
291,0.0,50941.856317506514
292,0.0,47007.59064493383
293,0.0,41761.90308150357
294,0.0,34965.137260217336
295,0.0,27357.620216495194
296,40.742870484656464,23255.729189451984
297,149.75529649488038,25306.6747029736
298,235.3942177183617,22230.2564326912
299,308.5977660692151,21204.78367593039
300,355.53091213860097,19300.334270517476
301,376.1322946698693,22230.2564326912
302,372.7339641039752,28383.092973255996
303,340.5537497639664,36108.93379660439
304,282.8500819553516,41761.90308150357
305,202.72970454513555,45696.16875407625
306,106.95818667582002,45696.16875407625
307,15.874838800054237,45696.16875407625
308,0.0,43073.32497236115
309,0.0,44384.74686321872
310,0.0,49630.434426648935
311,0.0,53377.35411481341
312,0.0,53377.35411481341
313,0.0,47007.59064493383
314,0.0,41761.90308150357
315,0.0,30389.951114669166
316,0.0,24281.201946212797
317,0.0,21204.78367593039
318,0.0,21204.78367593039
319,0.0,17569.211964852395
320,37.20654981879856,13378.578103089518
321,141.0671153414489,15054.831647794676
322,236.5568812894624,12540.45133073694
323,311.48972136082625,10983.930182082157
324,354.8609789949636,9602.250644613274
325,375.8549488670671,11822.056954434736
326,368.6925627573117,17569.211964852395
327,337.4270000713069,31533.7476510562
328,278.52408017628176,48319.01253579141
329,195.3643335081289,57130.46972498692
330,104.62752359019484,65582.16826971881
331,15.949331697283167,71111.92238922014
332,0.0,70037.14805761506
333,0.0,72186.69672082523
334,0.0,71111.92238922014
335,0.0,65582.16826971881
336,0.0,57130.46972498692
337,0.0,49630.434426648935
338,0.0,49630.434426648935
339,0.0,40684.11994215258
340,0.0,29409.554083480263
341,0.0,21204.78367593039
342,0.0,17569.211964852395
343,0.0,15892.958420147246
344,34.29189179920004,15892.958420147246
345,143.4804475702649,24281.201946212797
346,233.70540744808625,27357.620216495194
347,305.56612603456955,28383.092973255996
348,352.85079301667184,32677.544187443254
349,373.3385523934768,38396.526869378475
350,367.0952712188347,43073.32497236115
351,335.228578138867,55897.930353880205
352,279.555815796238,68962.37372601002
353,201.4793717018777,73261.47105243028
354,105.79418889087054,76332.25485701617
355,16.54219414170567,75411.01971564042
356,0.0,74336.24538403534
357,0.0,73261.47105243028
358,0.0,72186.69672082523
359,0.0,68962.37372601002
360,0.0,62060.62720941386
361,0.0,52253.278208364085
362,0.0,47007.59064493383
363,0.0,44384.74686321872
364,0.0,40684.11994215258
365,0.0,38396.526869378475
366,0.0,36108.93379660439
367,0.0,36108.93379660439
368,35.05227787710446,36108.93379660439
369,137.57402612699985,48319.01253579141
370,229.74711745595292,48319.01253579141
371,291.43559504383126,47007.59064493383
372,343.95202235520804,47007.59064493383
373,369.4288351130692,48319.01253579141
374,361.4401420761871,54665.39098277348
375,329.3343213600557,62060.62720941386
376,276.4008280283298,70037.14805761506
377,199.2068933877564,74336.24538403534
378,105.61405242839896,79181.85571659937
379,17.208668424648714,82613.24532576054
380,0.0,84206.39050144247
381,0.0,85064.23790373276
382,0.0,84206.39050144247
383,0.0,81755.39792347024
384,0.0,77407.02918862127
385,0.0,70037.14805761506
386,0.0,71111.92238922014
387,0.0,58363.00909609367
388,0.0,48319.01253579141
389,0.0,38396.526869378475
390,0.0,29409.554083480263
391,0.0,24281.201946212797
392,35.08050886129702,22230.2564326912
393,140.45215558280498,32677.544187443254
394,223.8123211825687,32677.544187443254
395,282.8146719336129,27357.620216495194
396,328.6518399658213,26332.14745973439
397,368.396299324329,26332.14745973439
398,361.9851814837008,25306.6747029736
399,327.08190255997806,30389.951114669166
400,274.2665654630468,40684.11994215258
401,195.7988938886524,47007.59064493383
402,102.9064116434978,64525.7059516273
403,17.532588643508397,72186.69672082523
404,0.0,73261.47105243028
405,0.0,72186.69672082523
406,0.0,68962.37372601002
407,0.0,68962.37372601002
408,0.0,66812.82506279985
409,0.0,63293.16658052061
410,0.0,54665.39098277348
411,0.0,49630.434426648935
412,0.0,45696.16875407625
413,0.0,44384.74686321872
414,0.0,43073.32497236115
415,0.0,41761.90308150357
416,25.76916461785294,40684.11994215258
417,125.71294568151671,45696.16875407625
418,215.27046254364197,43073.32497236115
419,295.8067438874423,40684.11994215258
420,331.12081033884647,40684.11994215258
421,369.4731869688342,43073.32497236115
422,371.1823233400827,39540.323405765535
423,331.111604600727,47007.59064493383
424,279.6418807140864,53377.35411481341
425,199.04333248862488,60828.08783830711
426,105.44867855161576,65582.16826971881
427,18.388857799433627,65582.16826971881
428,0.0,63293.16658052061
429,0.0,59595.548467200395
430,0.0,57130.46972498692
431,0.0,54665.39098277348
432,0.0,49630.434426648935
433,0.0,47007.59064493383
434,0.0,48319.01253579141
435,0.0,48319.01253579141
436,0.0,47007.59064493383
437,0.0,44384.74686321872
438,0.0,37252.73033299145
439,0.0,31533.7476510562
440,36.345367847164205,28383.092973255996
441,136.55913145195913,32677.544187443254
442,227.29555525664688,28383.092973255996
443,307.5367705677869,23255.729189451984
444,357.7846855404885,22230.2564326912
445,377.9711504899449,25306.6747029736
446,373.11611836587247,28383.092973255996
447,340.1598534801766,43073.32497236115
448,283.6773325318678,59595.548467200395
449,204.1853450638685,71111.92238922014
450,107.26436196742826,76332.25485701617
451,18.74529639337477,77407.02918862127
452,0.0,78324.0083143091
453,0.0,79181.85571659937
454,0.0,79181.85571659937
455,0.0,78324.0083143091
456,0.0,77407.02918862127
457,0.0,73261.47105243028
458,0.0,64525.7059516273
459,0.0,53377.35411481341
460,0.0,40684.11994215258
461,0.0,33821.340723830304
462,0.0,34965.137260217336
463,0.0,39540.323405765535
464,30.59209769070232,40684.11994215258
465,131.0131293568191,50941.856317506514
466,223.06195523524605,53377.35411481341
467,310.12854225635965,57130.46972498692
468,354.19475958186257,48319.01253579141
469,377.4460861527444,38396.526869378475
470,372.28582956451817,33821.340723830304
471,340.0993300218123,40684.11994215258
472,252.53514758521663,57130.46972498692
473,199.8536490462175,71111.92238922014
474,90.2288769795211,82613.24532576054
475,16.766533106141562,87941.61104396792
476,0.0,87310.55088596127
477,0.0,86679.49072795465
478,0.0,82613.24532576054
479,0.0,80897.55052117995
480,0.0,77407.02918862127
481,0.0,73261.47105243028
482,0.0,72186.69672082523
483,0.0,67887.59939440493
484,0.0,65582.16826971881
485,0.0,65582.16826971881
486,0.0,65582.16826971881
487,0.0,63293.16658052061
488,19.955088774808168,60828.08783830711
489,87.05516602912334,62060.62720941386
490,178.72025752875032,58363.00909609367
491,244.3904628652178,57130.46972498692
492,351.9442843757176,50941.856317506514
493,373.1844819265111,45696.16875407625
494,374.27002665413386,43073.32497236115
495,341.8721679028612,55897.930353880205
496,285.3980142843712,70037.14805761506
497,199.9260215623437,79181.85571659937
498,106.77592046456492,82613.24532576054
499,19.424588406074445,83471.09272805079
500,0.0,80897.55052117995
501,0.0,82613.24532576054
502,0.0,83471.09272805079
503,0.0,80897.55052117995
504,0.0,76332.25485701617
505,0.0,70037.14805761506
506,0.0,64525.7059516273
507,0.0,57130.46972498692
508,0.0,45696.16875407625
509,0.0,36108.93379660439
510,0.0,33821.340723830304
511,0.0,30389.951114669166
512,32.50250055406862,29409.554083480263
513,138.0873588479003,32677.544187443254
514,227.18289861364204,29409.554083480263
515,309.01124710031365,29409.554083480263
516,356.76161985530973,28383.092973255996
517,378.76883348870274,29409.554083480263
518,374.7955467205496,30389.951114669166
519,343.6287970675932,38396.526869378475
520,285.99591462342335,58363.00909609367
521,207.4926095180108,72186.69672082523
522,112.31091685258583,76332.25485701617
523,19.95032200341555,75411.01971564042
524,0.0,73261.47105243028
525,0.0,74336.24538403534
526,0.0,73261.47105243028
527,0.0,73261.47105243028
528,0.0,72186.69672082523
529,0.0,71111.92238922014
530,0.0,65582.16826971881
531,0.0,65582.16826971881
532,0.0,63293.16658052061
533,0.0,57130.46972498692
534,0.0,49630.434426648935
535,0.0,44384.74686321872
536,19.518272880917145,38396.526869378475
537,47.904934683050165,40684.11994215258
538,211.35265959957755,39540.323405765535
539,307.8602849060795,37252.73033299145
540,357.20562039923925,36108.93379660439
541,382.9062076272556,37252.73033299145
542,377.0824598428447,45696.16875407625
543,346.12002418584194,57130.46972498692
544,288.8767322841624,67887.59939440493
545,209.8225999755273,73261.47105243028
546,113.812646725334,74336.24538403534
547,20.281036166673537,73261.47105243028
548,0.0,70037.14805761506
549,0.0,67887.59939440493
550,0.0,64525.7059516273
551,0.0,60828.08783830711
552,0.0,53377.35411481341
553,0.0,43073.32497236115
554,0.0,24281.201946212797
555,0.0,15892.958420147246
556,0.0,10233.310802619917
557,0.0,8340.13032859998
558,0.0,7078.010012586685
559,0.0,7078.010012586685
560,29.7720525278663,8971.190486606622
561,146.55312963496087,13378.578103089518
562,234.45408209496705,13378.578103089518
563,315.45640751519016,13378.578103089518
564,364.13367066785366,14216.70487544209
565,385.6814169545241,16731.085192499828
566,381.5715257469155,26332.14745973439
567,350.321337937539,39540.323405765535
568,292.7812117718737,49630.434426648935
569,212.9572775998645,57130.46972498692
570,115.47891950048412,58363.00909609367
571,21.30398169315949,58363.00909609367
572,0.0,59595.548467200395
573,0.0,59595.548467200395
574,0.0,57130.46972498692
575,0.0,57130.46972498692
576,0.0,55897.930353880205
577,0.0,50941.856317506514
578,0.0,44384.74686321872
579,0.0,37252.73033299145
580,0.0,32677.544187443254
581,0.0,27357.620216495194
582,0.0,24281.201946212797
583,0.0,23255.729189451984
584,28.59424467660185,21204.78367593039
585,107.96797690939498,22230.2564326912
586,219.77887648950104,18407.338737204973
587,302.8229207819047,12540.45133073694
588,341.10583121483,11822.056954434736
589,372.3366248783344,16731.085192499828
590,363.767240401152,29409.554083480263
591,337.1693572793398,44384.74686321872
592,290.77355225654054,60828.08783830711
593,210.4768092893031,72186.69672082523
594,108.41922672854632,74336.24538403534
595,20.86505530169552,72186.69672082523
596,0.0,72186.69672082523
597,0.0,72186.69672082523
598,0.0,73261.47105243028
599,0.0,71111.92238922014
600,0.0,63293.16658052061
601,0.0,48319.01253579141
602,0.0,43073.32497236115
603,0.0,36108.93379660439
604,0.0,31533.7476510562
605,0.0,32677.544187443254
606,0.0,38396.526869378475
607,0.0,34965.137260217336
608,24.460094133994204,31533.7476510562
609,93.1458862835987,33821.340723830304
610,222.85323398615515,31533.7476510562
611,298.2713777219125,30389.951114669166
612,311.0556338100724,31533.7476510562
613,375.6662796761178,33821.340723830304
614,371.5517892097653,32677.544187443254
615,338.5877045582443,40684.11994215258
616,283.94728471080697,53377.35411481341
617,206.6375925678198,59595.548467200395
618,111.90997538704126,68962.37372601002
619,14.19086801945345,73261.47105243028
620,0.0,72186.69672082523
621,0.0,73261.47105243028
622,0.0,68962.37372601002
623,0.0,66812.82506279985
624,0.0,60828.08783830711
625,0.0,53377.35411481341
626,0.0,48319.01253579141
627,0.0,36108.93379660439
628,0.0,28383.092973255996
629,0.0,21204.78367593039
630,0.0,15054.831647794676
631,0.0,10233.310802619917
632,30.95766798454063,9602.250644613274
633,110.71694573319212,15054.831647794676
634,227.12602486467216,20179.310919169588
635,303.20605590789137,20179.310919169588
636,336.0551347884668,22230.2564326912
637,376.5079838441276,27357.620216495194
638,376.6058617507416,28383.092973255996
639,346.3074560603289,36108.93379660439
640,290.32845621639984,44384.74686321872
641,211.12367402950943,45696.16875407625
642,115.26652217588156,45696.16875407625
643,21.98985007693989,50941.856317506514
644,0.0,53377.35411481341
645,0.0,57130.46972498692
646,0.0,57130.46972498692
647,0.0,55897.930353880205
648,0.0,49630.434426648935
649,0.0,44384.74686321872
650,0.0,39540.323405765535
651,0.0,37252.73033299145
652,0.0,36108.93379660439
653,0.0,32677.544187443254
654,0.0,27357.620216495194
655,0.0,22230.2564326912
656,6.662166768623044,18407.338737204973
657,73.83684035443545,24281.201946212797
658,158.0342368409815,23255.729189451984
659,302.692151153695,23255.729189451984
660,341.9774581922942,23255.729189451984
661,378.2973535081189,25306.6747029736
662,375.6452040891056,27357.620216495194
663,346.5826744295194,30389.951114669166
664,290.1891840448959,40684.11994215258
665,210.17225826775024,49630.434426648935
666,114.6158489933629,58363.00909609367
667,22.58050556737442,64525.7059516273
668,0.0,66812.82506279985
669,0.0,67887.59939440493
670,0.0,68962.37372601002
671,0.0,67887.59939440493
672,0.0,62060.62720941386
673,0.0,53377.35411481341
674,0.0,43073.32497236115
675,0.0,30389.951114669166
676,0.0,22230.2564326912
677,0.0,22230.2564326912
678,0.0,22230.2564326912
679,0.0,21204.78367593039
680,27.442956304365705,21204.78367593039
681,135.6990766513656,25306.6747029736
682,221.3217024295308,28383.092973255996
683,303.3823302477244,28383.092973255996
684,355.7515071789944,27357.620216495194
685,380.3696828283565,28383.092973255996
686,375.1184558144323,30389.951114669166
687,345.2416243964921,38396.526869378475
688,276.9660525120421,45696.16875407625
689,212.79771812462812,52253.278208364085
690,116.30016298333553,60828.08783830711
691,22.439546604924363,65582.16826971881
692,0.0,65582.16826971881
693,0.0,64525.7059516273
694,0.0,58363.00909609367
695,0.0,52253.278208364085
696,0.0,50941.856317506514
697,0.0,48319.01253579141
698,0.0,39540.323405765535
699,0.0,32677.544187443254
700,0.0,27357.620216495194
701,0.0,26332.14745973439
702,0.0,25306.6747029736
703,0.0,22230.2564326912
704,28.18992841733291,20179.310919169588
705,113.550966244246,26332.14745973439
706,213.90358022713556,33821.340723830304
707,298.57030664729825,41761.90308150357
708,351.435072403948,47007.59064493383
709,377.315431320757,47007.59064493383
710,375.8170962540007,44384.74686321872
711,345.71994232789024,49630.434426648935
712,288.17562287031467,62060.62720941386
713,210.67916022120036,75411.01971564042
714,115.84977479794853,80897.55052117995
715,22.950570725255005,80897.55052117995
716,0.0,74336.24538403534
717,0.0,68962.37372601002
718,0.0,67887.59939440493
719,0.0,63293.16658052061
720,0.0,59595.548467200395
721,0.0,57130.46972498692
722,0.0,54665.39098277348
723,0.0,45696.16875407625
724,0.0,39540.323405765535
725,0.0,36108.93379660439
726,0.0,33821.340723830304
727,0.0,37252.73033299145
728,10.20814836953852,40684.11994215258
729,116.44423270517616,49630.434426648935
730,221.6351461014771,50941.856317506514
731,295.1392354317472,50941.856317506514
732,343.1980423596954,44384.74686321872
733,376.3032629750723,38396.526869378475
734,373.29959479338805,24281.201946212797
735,344.7640058655751,25306.6747029736
736,286.5436192192593,32677.544187443254
737,209.85380549968545,49630.434426648935
738,114.79255065002484,60828.08783830711
739,22.59312315780124,68962.37372601002
740,0.0,68348.21696509281
741,0.0,69269.45210646861
742,0.0,70190.68724784438
743,0.0,71111.92238922014
744,0.0,72033.15753059591
745,0.0,72954.39267197168
746,0.0,73875.62781334746
747,0.0,74796.86295472324
748,0.0,75718.09809609901
749,0.0,76639.33323747478
750,0.0,77560.56837885054
751,0.0,78324.0083143091
752,39.766792630395294,79059.30608770077
753,142.47157870300765,79794.60386109244
754,239.30247976426853,80652.45126338273
755,313.9855456117779,81387.74903677437
756,356.79209261345875,77407.02918862127
757,377.1133811021341,80897.55052117995
758,373.96059613322575,81755.39792347024
759,341.45651409188235,87941.61104396792
760,286.63902614514774,92268.88069887063
761,208.20931114319265,94850.14178820615
762,113.79278688586716,95836.17328509153
763,22.506098450186244,95343.15753664883
764,0.0,91006.76038285733
765,0.0,87310.55088596127
766,0.0,84206.39050144247
767,0.0,75411.01971564042
768,0.0,67887.59939440493
769,0.0,64525.7059516273
770,0.0,74336.24538403534
771,0.0,71111.92238922014
772,0.0,68962.37372601002
773,0.0,73261.47105243028
774,0.0,76332.25485701617
775,0.0,75411.01971564042
776,34.668650813322664,65582.16826971881
777,144.8675407382578,67887.59939440493
778,226.75094018253145,60828.08783830711
779,309.06421174388765,58363.00909609367
780,356.1697615742694,48319.01253579141
781,378.010068160274,49630.434426648935
782,376.1079319862526,48319.01253579141
783,343.7551291644021,55897.930353880205
784,287.33694365946644,66812.82506279985
785,208.8081233843309,79181.85571659937
786,115.64162357569268,85064.23790373276
787,23.48422013272443,84206.39050144247
788,0.0,79181.85571659937
789,0.0,76332.25485701617
790,0.0,77407.02918862127
791,0.0,70037.14805761506
792,0.0,59595.548467200395
793,0.0,48319.01253579141
794,0.0,50941.856317506514
795,0.0,43073.32497236115
796,0.0,37252.73033299145
797,0.0,33821.340723830304
798,0.0,37252.73033299145
799,0.0,40684.11994215258
800,32.10383195698014,39540.323405765535
801,144.7699773505663,59595.548467200395
802,234.21543010408396,65582.16826971881
803,310.4110238518958,58363.00909609367
804,353.76423269152275,50941.856317506514
805,378.69718822645126,43073.32497236115
806,375.5686318144086,41761.90308150357
807,345.95502579881565,47007.59064493383
808,288.9350699322464,62060.62720941386
809,210.08792148037097,76332.25485701617
810,116.64224261938064,80897.55052117995
811,23.457272086240472,80897.55052117995
812,0.0,73261.47105243028
813,0.0,65582.16826971881
814,0.0,66812.82506279985
815,0.0,63293.16658052061
816,0.0,62060.62720941386
817,0.0,57130.46972498692
818,0.0,62060.62720941386
819,0.0,52253.278208364085
820,0.0,41761.90308150357
821,0.0,34965.137260217336
822,0.0,32677.544187443254
823,0.0,34965.137260217336
824,26.11800250891465,38396.526869378475
825,79.84989481630964,65582.16826971881
826,234.7630253399221,65582.16826971881
827,318.2225153556887,60828.08783830711
828,360.5888385128689,55897.930353880205
829,382.2910119069961,52253.278208364085
830,378.00253940909886,50941.856317506514
831,348.382552608766,52253.278208364085
832,292.7393396930266,62060.62720941386
833,213.7300920800402,72186.69672082523
834,117.8245172957596,80897.55052117995
835,23.52885052715952,85922.08530602304
836,0.0,85922.08530602304
837,0.0,83471.09272805079
838,0.0,80897.55052117995
839,0.0,80039.70311888967
840,0.0,76332.25485701617
841,0.0,68962.37372601002
842,0.0,71111.92238922014
843,0.0,65582.16826971881
844,0.0,63293.16658052061
845,0.0,62060.62720941386
846,0.0,58363.00909609367
847,0.0,60828.08783830711
848,35.20728055431701,55897.930353880205
849,144.79133966566255,68962.37372601002
850,237.632006076498,64525.7059516273
851,318.01266465157886,53377.35411481341
852,361.7568103106335,40684.11994215258
853,381.96525152429854,41761.90308150357
854,377.82234421385294,59595.548467200395
855,347.2002189860246,72186.69672082523
856,294.3980154759593,83471.09272805079
857,215.78559233488463,89834.79151798786
858,120.45051969296576,93371.09454287807
859,24.033971415788017,94850.14178820615
860,0.0,93864.11029132077
861,0.0,91637.82054086399
862,0.0,90465.85167599452
863,0.0,86679.49072795465
864,0.0,80897.55052117995
865,0.0,74336.24538403534
866,0.0,68962.37372601002
867,0.0,64525.7059516273
868,0.0,62060.62720941386
869,0.0,58363.00909609367
870,0.0,53377.35411481341
871,0.0,55897.930353880205
872,26.56875565478446,59595.548467200395
873,144.8123863882994,76332.25485701617
874,237.45786678965715,73261.47105243028
875,317.7069685711835,64525.7059516273
876,363.1526412031527,59595.548467200395
877,383.09619736625285,52253.278208364085
878,382.3905374850671,48319.01253579141
879,352.9000984481852,62060.62720941386
880,298.3500932895431,78324.0083143091
881,218.08458393971603,89203.73135998122
882,120.5476226874149,92268.88069887063
883,24.58682197625689,92268.88069887063
884,0.0,90465.85167599452
885,0.0,89203.73135998122
886,0.0,86679.49072795465
887,0.0,82613.24532576054
888,0.0,76332.25485701617
889,0.0,66812.82506279985
890,0.0,60828.08783830711
891,0.0,48319.01253579141
892,0.0,38396.526869378475
893,0.0,30389.951114669166
894,0.0,23255.729189451984
895,0.0,17569.211964852395
896,34.98527358982383,14216.70487544209
897,140.9075361349885,22230.2564326912
898,228.04242790100864,25306.6747029736
899,309.4777993834505,24281.201946212797
900,359.454859440598,19300.334270517476
901,382.7991921355381,17569.211964852395
902,378.9735334977169,30389.951114669166
903,349.4926730182983,41761.90308150357
904,254.8371993042307,60828.08783830711
905,213.4501910029654,74336.24538403534
906,118.20543807858569,78324.0083143091
907,24.291297189683903,80039.70311888967
908,0.0,80897.55052117995
909,0.0,78324.0083143091
910,0.0,75411.01971564042
911,0.0,75411.01971564042
912,0.0,67887.59939440493
913,0.0,50941.856317506514
914,0.0,40684.11994215258
915,0.0,33821.340723830304
916,0.0,36108.93379660439
917,0.0,36108.93379660439
918,0.0,32677.544187443254
919,0.0,30389.951114669166
920,34.44568467261236,30389.951114669166
921,134.31411965907628,36108.93379660439
922,212.99610335116225,28383.092973255996
923,298.56991801740605,20179.310919169588
924,355.60130408383003,17569.211964852395
925,378.933670435654,24281.201946212797
926,367.06093434415664,34965.137260217336
927,341.0474294859085,44384.74686321872
928,284.4245344438055,66812.82506279985
929,212.3009904941877,78324.0083143091
930,117.55988454296664,78324.0083143091
931,23.62951500922028,70037.14805761506
932,0.0,64525.7059516273
933,0.0,59595.548467200395
934,0.0,57130.46972498692
935,0.0,53377.35411481341
936,0.0,45696.16875407625
937,0.0,43073.32497236115
938,0.0,53377.35411481341
939,0.0,47007.59064493383
940,0.0,41761.90308150357
941,0.0,34965.137260217336
942,0.0,34965.137260217336
943,0.0,31533.7476510562
944,4.884027821264481,25306.6747029736
945,116.95160819376277,22230.2564326912
946,177.58327254900135,10983.930182082157
947,151.96249344884217,4643.920831703906
948,197.6889436240768,7078.010012586685
949,180.20355320160212,19300.334270517476
950,316.8866172101904,27357.620216495194
951,264.62833357079404,38396.526869378475
952,282.9517453648741,43073.32497236115
953,204.91019351436455,47007.59064493383
954,108.36738598780764,50941.856317506514
955,24.316853158609337,50941.856317506514
956,0.0,47007.59064493383
957,0.0,52253.278208364085
958,0.0,47007.59064493383
959,0.0,44384.74686321872
960,0.0,40684.11994215258
961,0.0,31533.7476510562
962,0.0,28383.092973255996
963,0.0,26332.14745973439
964,0.0,28383.092973255996
965,0.0,33821.340723830304
966,0.0,37252.73033299145
967,0.0,36108.93379660439
968,39.51690027702588,29409.554083480263
969,134.8285585094849,28383.092973255996
970,226.4922699742678,23255.729189451984
971,308.4293165570439,18407.338737204973
972,354.36891082264805,20179.310919169588
973,376.4069208108231,22230.2564326912
974,372.5713729929645,32677.544187443254
975,343.89646696002126,52253.278208364085
976,290.69070182333127,67887.59939440493
977,211.45844715151523,72186.69672082523
978,116.03518979503042,72186.69672082523
979,23.94784503827474,70037.14805761506
980,0.0,63293.16658052061
981,0.0,57130.46972498692
982,0.0,53377.35411481341
983,0.0,49630.434426648935
984,0.0,47007.59064493383
985,0.0,40684.11994215258
986,0.0,40684.11994215258
987,0.0,37252.73033299145
988,0.0,36108.93379660439
989,0.0,36108.93379660439
990,0.0,40684.11994215258
991,0.0,45696.16875407625
992,32.82539019553796,48319.01253579141
993,136.08320601274986,57130.46972498692
994,202.07566354874487,50941.856317506514
995,302.89209173381005,38396.526869378475
996,357.4372838098565,28383.092973255996
997,381.0322292648647,24281.201946212797
998,377.8666855610119,29409.554083480263
999,348.703488634544,44384.74686321872
1000,296.0228327846515,62060.62720941386
1001,216.71296820009607,71111.92238922014
1002,119.67909447250632,71111.92238922014
1003,24.3178629513346,68962.37372601002
1004,0.0,62060.62720941386
1005,0.0,53377.35411481341
1006,0.0,44384.74686321872
1007,0.0,39540.323405765535
1008,0.0,37252.73033299145
1009,0.0,34965.137260217336
1010,0.0,37252.73033299145
1011,0.0,40684.11994215258
1012,0.0,41761.90308150357
1013,0.0,40684.11994215258
1014,0.0,0.0
1015,0.0,0.0
1016,31.229421907033316,31533.7476510562
1017,136.7023123528352,30389.951114669166
1018,225.7472383065752,28383.092973255996
1019,313.1749308557556,28383.092973255996
1020,364.2443313053591,28383.092973255996
1021,384.5022241334956,29409.554083480263
1022,381.3917229512232,28383.092973255996
1023,353.5796666937124,30389.951114669166
1024,299.27202475793985,43073.32497236115
1025,218.06820177519924,59595.548467200395
1026,121.10773611781651,73261.47105243028
1027,24.800469409490717,78324.0083143091
1028,0.0,78324.0083143091
1029,0.0,75411.01971564042
1030,0.0,67887.59939440493
1031,0.0,62060.62720941386
1032,0.0,54665.39098277348
1033,0.0,48319.01253579141
1034,0.0,44384.74686321872
1035,0.0,38396.526869378475
1036,0.0,39540.323405765535
1037,0.0,41761.90308150357
1038,0.0,45696.16875407625
1039,0.0,50941.856317506514
1040,37.24700433318918,49630.434426648935
1041,143.446234810181,59595.548467200395
1042,238.76600574499236,60828.08783830711
1043,322.4475890372313,62060.62720941386
1044,366.9401641352312,58363.00909609367
1045,389.6074618552445,53377.35411481341
1046,386.2764089741108,43073.32497236115
1047,355.0104268764395,57130.46972498692
1048,298.9871202821411,68962.37372601002
1049,219.1076824112643,76332.25485701617
1050,122.6433467132255,83471.09272805079
1051,24.40749103336867,86679.49072795465
1052,0.0,86679.49072795465
1053,0.0,86679.49072795465
1054,0.0,85064.23790373276
1055,0.0,83471.09272805079
1056,0.0,80039.70311888967
1057,0.0,76332.25485701617
1058,0.0,74336.24538403534
1059,0.0,74336.24538403534
1060,0.0,70037.14805761506
1061,0.0,63293.16658052061
1062,0.0,55897.930353880205
1063,0.0,52253.278208364085
1064,33.248112954304425,43073.32497236115
1065,110.99792836364531,41761.90308150357
1066,238.6256729736411,39540.323405765535
1067,317.6311125579361,39540.323405765535
1068,346.92020144567334,34965.137260217336
1069,388.1317127641697,37252.73033299145
1070,387.6953619528659,47007.59064493383
1071,357.5664704612446,64525.7059516273
1072,300.0358808139232,75411.01971564042
1073,221.18826421093308,80897.55052117995
1074,122.63219454017396,82613.24532576054
1075,24.69071550817358,83471.09272805079
1076,0.0,85064.23790373276
1077,0.0,86679.49072795465
1078,0.0,85922.08530602304
1079,0.0,82613.24532576054
1080,0.0,79181.85571659937
1081,0.0,73261.47105243028
1082,0.0,62060.62720941386
1083,0.0,60828.08783830711
1084,0.0,59595.548467200395
1085,0.0,59595.548467200395
1086,0.0,53377.35411481341
1087,0.0,44384.74686321872
1088,28.202200886477808,36108.93379660439
1089,145.65955719503106,38396.526869378475
1090,228.26291335495023,39540.323405765535
1091,319.3926532098064,39540.323405765535
1092,373.0287840757313,34965.137260217336
1093,395.4000810412357,32677.544187443254
1094,392.8328341640903,34965.137260217336
1095,362.5447807257883,48319.01253579141
1096,305.8857353963164,58363.00909609367
1097,224.359992229045,67887.59939440493
1098,126.27363376078982,68962.37372601002
1099,25.72011645914504,68962.37372601002
1100,0.0,67887.59939440493
1101,0.0,68962.37372601002
1102,0.0,68962.37372601002
1103,0.0,68962.37372601002
1104,0.0,65582.16826971881
1105,0.0,58363.00909609367
1106,0.0,53377.35411481341
1107,0.0,45696.16875407625
1108,0.0,38396.526869378475
1109,0.0,34965.137260217336
1110,0.0,29409.554083480263
1111,0.0,25306.6747029736
1112,35.38024911279576,22230.2564326912
1113,146.33470598058224,26332.14745973439
1114,211.5911115880815,24281.201946212797
1115,317.7369897463099,21204.78367593039
1116,376.2318012930754,19300.334270517476
1117,398.4575632153745,24281.201946212797
1118,394.2929168832546,32677.544187443254
1119,364.3105474335436,40684.11994215258
1120,308.2899472255681,50941.856317506514
1121,226.3567875803112,57130.46972498692
1122,125.37226516795238,55897.930353880205
1123,24.9744367317328,55897.930353880205
1124,0.0,55897.930353880205
1125,0.0,58363.00909609367
1126,0.0,60828.08783830711
1127,0.0,60828.08783830711
1128,0.0,58363.00909609367
1129,0.0,52253.278208364085
1130,0.0,39540.323405765535
1131,0.0,29409.554083480263
1132,0.0,22230.2564326912
1133,0.0,18407.338737204973
1134,0.0,13378.578103089518
1135,0.0,10233.310802619917
1136,30.39209451916916,9602.250644613274
1137,120.86843682589706,10983.930182082157
1138,196.16387752948583,10983.930182082157
1139,300.43453837493894,10983.930182082157
1140,359.2636160039655,13378.578103089518
1141,394.64053906119057,18407.338737204973
1142,391.6054097863678,23255.729189451984
1143,361.54037864199967,38396.526869378475
1144,305.9000993351699,52253.278208364085
1145,224.1410736024889,65582.16826971881
1146,124.9889308269054,72186.69672082523
1147,25.2758666293252,74336.24538403534
1148,0.0,72186.69672082523
1149,0.0,71111.92238922014
1150,0.0,68962.37372601002
1151,0.0,65582.16826971881
1152,0.0,59595.548467200395
1153,0.0,52253.278208364085
1154,0.0,44384.74686321872
1155,0.0,34965.137260217336
1156,0.0,29409.554083480263
1157,0.0,27357.620216495194
1158,0.0,26332.14745973439
1159,0.0,30389.951114669166
1160,36.53640059637252,34965.137260217336
1161,135.7664493570184,41761.90308150357
1162,213.10482018478885,39540.323405765535
1163,313.7799371993518,37252.73033299145
1164,368.0601081538545,36108.93379660439
1165,391.8864675460304,36108.93379660439
1166,389.4895687836286,33821.340723830304
1167,357.8042207883778,54665.39098277348
1168,301.3787323593621,76332.25485701617
1169,219.58505668485685,86679.49072795465
1170,121.62057837926793,89834.79151798786
1171,24.50003817099858,89203.73135998122
1172,0.0,88572.67120197456
1173,0.0,87310.55088596127
1174,0.0,84206.39050144247
1175,0.0,80897.55052117995
1176,0.0,75411.01971564042
1177,0.0,65582.16826971881
1178,0.0,52253.278208364085
1179,0.0,44384.74686321872
1180,0.0,43073.32497236115
1181,0.0,48319.01253579141
1182,0.0,55897.930353880205
1183,0.0,58363.00909609367
1184,35.17146389388109,52253.278208364085
1185,137.99372237681413,57130.46972498692
1186,214.66782176019217,55897.930353880205
1187,317.312420997,57130.46972498692
1188,364.0568868368264,57130.46972498692
1189,386.4855717324389,63293.16658052061
1190,382.1574180037277,57130.46972498692
1191,354.05962234263154,64525.7059516273
1192,295.1041099593825,76332.25485701617
1193,216.38387667380348,83471.09272805079
1194,119.4879789402252,87310.55088596127
1195,24.502364962817804,88572.67120197456
1196,0.0,87941.61104396792
1197,0.0,89203.73135998122
1198,0.0,89834.79151798786
1199,0.0,85922.08530602304
1200,0.0,80897.55052117995
1201,0.0,77407.02918862127
1202,0.0,71111.92238922014
1203,0.0,67887.59939440493
1204,0.0,66812.82506279985
1205,0.0,65582.16826971881
1206,0.0,66812.82506279985
1207,0.0,67887.59939440493
1208,31.27110441683763,70037.14805761506
1209,128.91566363543862,77407.02918862127
1210,215.8818563771165,79181.85571659937
1211,307.72239364253727,80039.70311888967
1212,362.8037167454292,80039.70311888967
1213,386.33014842312673,79181.85571659937
1214,383.2950478220446,72186.69672082523
1215,355.52578056224365,66812.82506279985
1216,297.6494424728563,63293.16658052061
1217,217.7458345149604,67887.59939440493
1218,121.00353592567387,81755.39792347024
1219,24.594973912710405,86679.49072795465
1220,0.0,84206.39050144247
1221,0.0,78324.0083143091
1222,0.0,74336.24538403534
1223,0.0,72186.69672082523
1224,0.0,67887.59939440493
1225,0.0,60828.08783830711
1226,0.0,54665.39098277348
1227,0.0,48319.01253579141
1228,0.0,44384.74686321872
1229,0.0,41761.90308150357
1230,0.0,40684.11994215258
1231,0.0,39540.323405765535
1232,35.16061363372714,39540.323405765535
1233,144.75300439080834,47007.59064493383
1234,231.6814623979465,41761.90308150357
1235,318.87012154924406,40684.11994215258
1236,370.5428334954542,43073.32497236115
1237,392.7062256890425,47007.59064493383
1238,391.8735891564629,49630.434426648935
1239,361.7402936166145,49630.434426648935
1240,304.7241228324088,60828.08783830711
1241,223.6051657181348,77407.02918862127
1242,124.60873873274991,84206.39050144247
1243,25.64809727836492,81755.39792347024
1244,0.0,75411.01971564042
1245,0.0,71111.92238922014
1246,0.0,68962.37372601002
1247,0.0,65582.16826971881
1248,0.0,58363.00909609367
1249,0.0,52253.278208364085
1250,0.0,55897.930353880205
1251,0.0,55897.930353880205
1252,0.0,52253.278208364085
1253,0.0,47007.59064493383
1254,0.0,44384.74686321872
1255,0.0,39540.323405765535
1256,29.91939147368825,37252.73033299145
1257,108.6433176232554,44384.74686321872
1258,226.9828285606692,40684.11994215258
1259,311.8614286803756,34965.137260217336
1260,368.3941047586716,28383.092973255996
1261,391.9706779946581,23255.729189451984
1262,388.6050612563718,0.0
1263,360.5485659838301,0.0
1264,302.615362576017,62060.62720941386
1265,218.96680170374347,80039.70311888967
1266,122.07474681992532,83471.09272805079
1267,24.14208706143625,81755.39792347024
1268,0.0,76332.25485701617
1269,0.0,73261.47105243028
1270,0.0,68962.37372601002
1271,0.0,66812.82506279985
1272,0.0,60828.08783830711
1273,0.0,60828.08783830711
1274,0.0,52253.278208364085
1275,0.0,44384.74686321872
1276,0.0,34965.137260217336
1277,0.0,25306.6747029736
1278,0.0,22230.2564326912
1279,0.0,23255.729189451984
1280,40.2972588617769,26332.14745973439
1281,141.47188729603528,31533.7476510562
1282,214.3341873852381,29409.554083480263
1283,311.64404777646104,25306.6747029736
1284,374.1206675325087,18407.338737204973
1285,399.62975396746776,20179.310919169588
1286,394.6290012583041,25306.6747029736
1287,365.860840730867,38396.526869378475
1288,308.63465572193866,49630.434426648935
1289,227.09492906462512,53377.35411481341
1290,126.42421235498182,53377.35411481341
1291,25.33381830708494,52253.278208364085
1292,0.0,52253.278208364085
1293,0.0,52253.278208364085
1294,0.0,49630.434426648935
1295,0.0,47007.59064493383
1296,0.0,41761.90308150357
1297,0.0,34965.137260217336
1298,0.0,26332.14745973439
1299,0.0,18407.338737204973
1300,0.0,11822.056954434736
1301,0.0,9602.250644613274
1302,0.0,12540.45133073694
1303,0.0,15892.958420147246
1304,35.142429950847195,17569.211964852395
1305,145.2321544276878,17569.211964852395
1306,206.9215193402931,8971.190486606622
1307,308.3115619783774,3341.0414511972326
1308,379.7441289415336,4643.920831703906
1309,402.1832418321755,12540.45133073694
1310,396.7383006291583,15054.831647794676
1311,367.50381858029857,29409.554083480263
1312,311.04727945765825,39540.323405765535
1313,230.178287633568,43073.32497236115
1314,128.31821431436742,47007.59064493383
1315,25.307507663957,49630.434426648935
1316,0.0,49630.434426648935
1317,0.0,47007.59064493383
1318,0.0,43073.32497236115
1319,0.0,41761.90308150357
1320,0.0,37252.73033299145
1321,0.0,29409.554083480263
1322,0.0,21204.78367593039
1323,0.0,15054.831647794676
1324,0.0,10983.930182082157
1325,0.0,9602.250644613274
1326,0.0,8340.13032859998
1327,0.0,5815.889696573389
1328,33.353231051880634,4643.920831703906
1329,143.82397033122257,5815.889696573389
1330,197.95304627939996,4643.920831703906
1331,304.1744946657133,4643.920831703906
1332,376.5097810194531,7078.010012586685
1333,398.8918368198321,11822.056954434736
1334,393.7824300982134,23255.729189451984
1335,366.49760189085504,38396.526869378475
1336,309.1191863732945,53377.35411481341
1337,227.25674579966037,60828.08783830711
1338,127.29801224409188,54665.39098277348
1339,24.78299123316179,47007.59064493383
1340,0.0,43073.32497236115
1341,0.0,41761.90308150357
1342,0.0,37252.73033299145
1343,0.0,32677.544187443254
1344,0.0,34965.137260217336
1345,0.0,34965.137260217336
1346,0.0,33821.340723830304
1347,0.0,29409.554083480263
1348,0.0,24281.201946212797
1349,0.0,19300.334270517476
1350,0.0,16731.085192499828
1351,0.0,12540.45133073694
1352,42.65599485522323,8971.190486606622
1353,139.21565293952654,10983.930182082157
1354,189.03752488431564,8971.190486606622
1355,297.69628088666417,5815.889696573389
1356,365.3876279876874,7078.010012586685
1357,386.18203180362167,14216.70487544209
1358,387.3947598607695,17569.211964852395
1359,361.4505629906103,24281.201946212797
1360,307.4970120773264,33821.340723830304
1361,224.28850860589665,39540.323405765535
1362,123.21208728865228,44384.74686321872
1363,19.032329494872624,43073.32497236115
1364,0.0,44384.74686321872
1365,0.0,34965.137260217336
1366,0.0,30389.951114669166
1367,0.0,32677.544187443254
1368,0.0,31533.7476510562
1369,0.0,23255.729189451984
1370,0.0,17569.211964852395
1371,0.0,14216.70487544209
1372,0.0,11822.056954434736
1373,0.0,8971.190486606622
1374,0.0,7078.010012586685
1375,0.0,5815.889696573389
1376,4.424321456757915,8971.190486606622
1377,131.37568088338125,16731.085192499828
1378,193.61374162315005,18407.338737204973
1379,305.35961360470054,19300.334270517476
1380,371.7946728126682,18407.338737204973
1381,395.5708573992269,20179.310919169588
1382,392.2139252864662,28383.092973255996
1383,361.28680353943247,38396.526869378475
1384,0.0,34965.137260217336
1385,35.369819670517,38396.526869378475
1386,21.507967925872887,40684.11994215258
1387,18.618078427770183,40684.11994215258
1388,0.0,37252.73033299145
1389,0.0,41761.90308150357
1390,0.0,48319.01253579141
1391,0.0,44384.74686321872
1392,0.0,38396.526869378475
1393,0.0,31533.7476510562
1394,0.0,22230.2564326912
1395,0.0,20179.310919169588
1396,0.0,20179.310919169588
1397,0.0,19300.334270517476
1398,0.0,20179.310919169588
1399,0.0,21204.78367593039
1400,41.28683480172376,21204.78367593039
1401,140.22103593274468,28383.092973255996
1402,211.25554999786291,30389.951114669166
1403,310.0616885128855,31533.7476510562
1404,360.0540356495097,31533.7476510562
1405,399.1179930767907,32677.544187443254
1406,393.955502317925,36108.93379660439
1407,364.8419247826335,43073.32497236115
1408,0.0,50941.856317506514
1409,227.6454556858245,50941.856317506514
1410,126.49185911043338,49630.434426648935
1411,24.454856572862635,41761.90308150357
1412,0.0,43635.362925585825
1413,0.0,38886.725384972924
1414,0.0,34638.33824982105
1415,0.0,30226.55160947101
1416,0.0,26332.14745973439
1417,0.0,22376.752540799884
1418,0.0,18646.803529305715
1419,0.0,15414.028835945775
1420,0.0,12300.986538636207
1421,0.0,9421.94774232566
1422,0.0,7078.010012586685
1423,0.0,4734.072282847716
1424,38.54374193298911,3087.490494855277
1425,139.31297282423847,1769.025521877106
1426,223.315970337764,486.09032744868654
1427,336.4345615123267,302.9701923128296
1428,348.27134380769905,1921.1560956822805
1429,378.00556478412375,8340.13032859998
1430,389.4252535563406,14216.70487544209
1431,357.0312992441356,22230.2564326912
1432,279.46927038933234,37252.73033299145
1433,197.71550514436345,52253.278208364085
1434,119.36855482442724,54665.39098277348
1435,24.394863340976094,50941.856317506514
1436,0.0,47007.59064493383
1437,0.0,41761.90308150357
1438,0.0,38396.526869378475
1439,0.0,36108.93379660439
1440,0.0,28383.092973255996
1441,0.0,21204.78367593039
1442,0.0,22230.2564326912
1443,0.0,15892.958420147246
1444,0.0,18407.338737204973
1445,0.0,16731.085192499828
1446,0.0,8340.13032859998
1447,0.0,2986.070112318495
1448,36.529369090423366,2631.0987734397554
1449,41.947445080407775,3696.01279007597
1450,159.59519863822223,2276.127434561018
1451,308.7115099741843,2276.127434561018
1452,291.82427611151894,4050.9841289547107
1453,374.95048830627417,11822.056954434736
1454,389.4637087108284,10983.930182082157
1455,357.1244990693268,15054.831647794676
1456,299.7281988076529,21204.78367593039
1457,208.83459805724556,22230.2564326912
1458,57.29592821730872,25306.6747029736
1459,11.801081033502587,37252.73033299145
1460,0.0,31533.7476510562
1461,0.0,25306.6747029736
1462,0.0,24281.201946212797
1463,0.0,22230.2564326912
1464,0.0,18407.338737204973
1465,0.0,15054.831647794676
1466,0.0,12540.45133073694
1467,0.0,8340.13032859998
1468,0.0,5274.980989710559
1469,0.0,5274.980989710559
1470,0.0,4050.9841289547107
1471,0.0,2276.127434561018
1472,7.505945894167493,1261.9236091931928
1473,65.06643432447137,2986.070112318495
1474,130.4382530418684,4643.920831703906
1475,248.8011226888637,8340.13032859998
1476,262.24206576559146,10233.310802619917
1477,361.9716283121355,15892.958420147246
1478,347.01315662266086,19300.334270517476
1479,341.7187015235262,23255.729189451984
1480,291.53374605872096,33821.340723830304
1481,206.6155870615835,40684.11994215258
1482,111.70024897107118,44384.74686321872
1483,22.775949721261544,47007.59064493383
1484,0.0,44384.74686321872
1485,0.0,43073.32497236115
1486,0.0,44384.74686321872
1487,0.0,43073.32497236115
1488,0.0,39540.323405765535
1489,0.0,31533.7476510562
1490,0.0,20179.310919169588
1491,0.0,14216.70487544209
1492,0.0,9602.250644613274
1493,0.0,8971.190486606622
1494,0.0,8340.13032859998
1495,0.0,5815.889696573389
1496,9.261130164697905,5274.980989710559
1497,119.9154435672173,7709.070170593332
1498,132.50238466582636,7709.070170593332
1499,306.2692509877704,6446.949854580043
1500,369.212095488239,4643.920831703906
1501,392.92401024139264,5274.980989710559
1502,390.38109572921263,10983.930182082157
1503,361.3121413139047,17569.211964852395
1504,302.08819616756494,22230.2564326912
1505,222.6724527519983,32677.544187443254
1506,121.47456119657778,37252.73033299145
1507,22.128696258776117,38396.526869378475
1508,0.0,33821.340723830304
1509,0.0,33821.340723830304
1510,0.0,29409.554083480263
1511,0.0,27357.620216495194
1512,0.0,26332.14745973439
1513,0.0,34965.137260217336
1514,0.0,39540.323405765535
1515,0.0,36108.93379660439
1516,0.0,31533.7476510562
1517,0.0,31533.7476510562
1518,0.0,30389.951114669166
1519,0.0,30389.951114669166
1520,21.456124292458544,36108.93379660439
1521,22.359501541705665,37252.73033299145
1522,101.1185039526549,31533.7476510562
1523,154.71500402930857,23255.729189451984
1524,96.39961414910135,20179.310919169588
1525,183.95019988601425,10983.930182082157
1526,82.21667484767273,6446.949854580043
1527,220.18209924501227,12540.45133073694
1528,189.72079267994351,28383.092973255996
1529,162.00562582704563,43073.32497236115
1530,88.10756901333698,53377.35411481341
1531,13.02296855550537,48319.01253579141
1532,0.0,41761.90308150357
1533,0.0,31533.7476510562
1534,0.0,25306.6747029736
1535,0.0,22230.2564326912
1536,0.0,20179.310919169588
1537,0.0,21204.78367593039
1538,0.0,20179.310919169588
1539,0.0,21204.78367593039
1540,0.0,16731.085192499828
1541,0.0,14216.70487544209
1542,0.0,15892.958420147246
1543,0.0,17569.211964852395
1544,7.474999601449928,17569.211964852395
1545,21.442285660741327,20179.310919169588
1546,133.7538044864747,19300.334270517476
1547,316.74968574429323,22230.2564326912
1548,363.8396581175194,26332.14745973439
1549,389.5021956432912,30389.951114669166
1550,390.07866556609474,33821.340723830304
1551,360.7449037087339,40684.11994215258
1552,297.4862728520527,43073.32497236115
1553,222.95709766859727,30389.951114669166
1554,121.13978597204913,33821.340723830304
1555,19.575790894753883,36108.93379660439
1556,0.0,33821.340723830304
1557,0.0,23255.729189451984
1558,0.0,22230.2564326912
1559,0.0,24281.201946212797
1560,0.0,22230.2564326912
1561,0.0,19300.334270517476
1562,0.0,11822.056954434736
1563,0.0,10233.310802619917
1564,0.0,12540.45133073694
1565,0.0,16731.085192499828
1566,0.0,20179.310919169588
1567,0.0,22230.2564326912
1568,48.20310217834524,22230.2564326912
1569,123.7266768093004,28383.092973255996
1570,200.6265725113612,30389.951114669166
1571,319.20245765262723,29409.554083480263
1572,370.1679010254184,24281.201946212797
1573,393.06473664059246,20179.310919169588
1574,391.7149033527257,26332.14745973439
1575,359.52391690149534,31533.7476510562
1576,301.6453793753056,36108.93379660439
1577,220.74336699316956,39540.323405765535
1578,118.43881842135096,38396.526869378475
1579,18.50698870881944,39540.323405765535
1580,0.0,38396.526869378475
1581,0.0,36108.93379660439
1582,0.0,36108.93379660439
1583,0.0,37252.73033299145
1584,0.0,32677.544187443254
1585,0.0,22230.2564326912
1586,0.0,22230.2564326912
1587,0.0,16731.085192499828
1588,0.0,12540.45133073694
1589,0.0,8971.190486606622
1590,0.0,6446.949854580043
1591,0.0,4050.9841289547107
1592,23.58674453174237,4643.920831703906
1593,65.7351816040611,10233.310802619917
1594,154.46907433022434,14216.70487544209
1595,311.62355897635933,14216.70487544209
1596,371.5673786702371,17569.211964852395
1597,392.0191153217695,24281.201946212797
1598,389.8576107976788,28383.092973255996
1599,359.90693440991686,34965.137260217336
1600,300.3981589239651,31533.7476510562
1601,212.58870584676964,37252.73033299145
1602,109.53970409098716,37252.73033299145
1603,15.45703400849744,34965.137260217336
1604,0.0,36108.93379660439
1605,0.0,32677.544187443254
1606,0.0,26332.14745973439
1607,0.0,23255.729189451984
1608,0.0,15892.958420147246
1609,0.0,8971.190486606622
1610,0.0,6446.949854580043
1611,0.0,3341.0414511972326
1612,0.0,2631.0987734397554
1613,0.0,1566.1847568035414
1614,0.0,551.9809314357174
1615,0.0,1261.9236091931928
1616,24.506731477430087,1921.1560956822805
1617,85.07797353523492,3341.0414511972326
1618,147.20897140462566,2986.070112318495
1619,246.52036053096305,2986.070112318495
1620,246.05366575418637,5274.980989710559
1621,328.82416747751193,10233.310802619917
1622,364.4095265366057,12540.45133073694
1623,323.7135134069258,18407.338737204973
1624,278.5293526790858,20179.310919169588
1625,164.01533679655444,26332.14745973439
1626,74.9177095412677,28383.092973255996
1627,6.587945312559794,34965.137260217336
1628,0.0,36108.93379660439
1629,0.0,33821.340723830304
1630,0.0,31533.7476510562
1631,0.0,28383.092973255996
1632,0.0,31533.7476510562
1633,0.0,28383.092973255996
1634,0.0,37252.73033299145
1635,0.0,30389.951114669166
1636,0.0,21204.78367593039
1637,0.0,13378.578103089518
1638,0.0,10233.310802619917
1639,0.0,8971.190486606622
1640,25.287892700882978,10233.310802619917
1641,68.64275830102792,16731.085192499828
1642,183.8480283944149,18407.338737204973
1643,293.2877243353163,19300.334270517476
1644,348.69541328397776,22230.2564326912
1645,374.3629648314727,27357.620216495194
1646,381.9620287023141,33821.340723830304
1647,351.28126916006494,43073.32497236115
1648,297.6779564858555,52253.278208364085
1649,216.0648881435797,58363.00909609367
1650,107.54005618696112,62060.62720941386
1651,18.609257002436333,59595.548467200395
1652,0.0,54665.39098277348
1653,0.0,48319.01253579141
1654,0.0,41761.90308150357
1655,0.0,37252.73033299145
1656,0.0,33821.340723830304
1657,0.0,32677.544187443254
1658,0.0,34965.137260217336
1659,0.0,32677.544187443254
1660,0.0,32677.544187443254
1661,0.0,31533.7476510562
1662,0.0,33821.340723830304
1663,0.0,32677.544187443254
1664,23.618570226950094,28383.092973255996
1665,128.26036524331198,29409.554083480263
1666,198.19601991701015,29409.554083480263
1667,297.10336469535235,27357.620216495194
1668,364.0172234538513,29409.554083480263
1669,381.5714130287551,34965.137260217336
1670,382.7372468681381,38396.526869378475
1671,356.57047632560693,39540.323405765535
1672,296.2309667531264,43073.32497236115
1673,215.23870488966236,41761.90308150357
1674,110.17411777724185,43073.32497236115
1675,15.505528727632534,43073.32497236115
1676,0.0,44384.74686321872
1677,0.0,49630.434426648935
1678,0.0,48319.01253579141
1679,0.0,45696.16875407625
1680,0.0,40684.11994215258
1681,0.0,37252.73033299145
1682,0.0,34965.137260217336
1683,0.0,30389.951114669166
1684,0.0,23255.729189451984
1685,0.0,18407.338737204973
1686,0.0,17569.211964852395
1687,0.0,20179.310919169588
1688,21.059791973977784,25306.6747029736
1689,131.98585120608408,36108.93379660439
1690,77.21979075418211,39540.323405765535
1691,314.84980327589375,38396.526869378475
1692,355.8496571116924,40684.11994215258
1693,375.0878163321559,45696.16875407625
1694,365.8677840307861,48319.01253579141
1695,338.76620650289294,52253.278208364085
1696,274.60907773813074,60828.08783830711
1697,212.5588643171163,68962.37372601002
1698,110.80770269570252,77407.02918862127
1699,15.04885494614096,76332.25485701617
1700,0.0,70037.14805761506
1701,0.0,67887.59939440493
1702,0.0,66812.82506279985
1703,0.0,65582.16826971881
1704,0.0,66812.82506279985
1705,0.0,63293.16658052061
1706,0.0,49630.434426648935
1707,0.0,45696.16875407625
1708,0.0,44384.74686321872
1709,0.0,40684.11994215258
1710,0.0,32677.544187443254
1711,0.0,28383.092973255996
1712,25.294969662395623,23255.729189451984
1713,136.97234987034457,28383.092973255996
1714,163.441260844298,34965.137260217336
1715,282.1779063412014,32677.544187443254
1716,316.5895042713048,31533.7476510562
1717,342.2671940104873,40684.11994215258
1718,93.5999896006982,36108.93379660439
1719,351.7408350282498,45696.16875407625
1720,291.6974979451226,47007.59064493383
1721,211.8599731387361,49630.434426648935
1722,108.00808991140306,49630.434426648935
1723,18.6483190309181,53377.35411481341
1724,0.0,54665.39098277348
1725,0.0,54665.39098277348
1726,0.0,49630.434426648935
1727,0.0,44384.74686321872
1728,0.0,45696.16875407625
1729,0.0,44384.74686321872
1730,0.0,44384.74686321872
1731,0.0,43073.32497236115
1732,0.0,37252.73033299145
1733,0.0,27357.620216495194
1734,0.0,24281.201946212797
1735,0.0,23255.729189451984
1736,27.892968980436518,20179.310919169588
1737,101.92498029367032,23255.729189451984
1738,147.97327313228686,22230.2564326912
1739,294.9274195224253,22230.2564326912
1740,370.0248089862979,24281.201946212797
1741,382.0836328733657,22230.2564326912
1742,387.5352247996744,28383.092973255996
1743,355.1105376017198,32677.544187443254
1744,292.23051112321855,39540.323405765535
1745,216.51800984483668,38396.526869378475
1746,111.34614754042872,37252.73033299145
1747,15.50490268335164,34965.137260217336
1748,0.0,32677.544187443254
1749,0.0,32677.544187443254
1750,0.0,31533.7476510562
1751,0.0,34965.137260217336
1752,0.0,37252.73033299145
1753,0.0,34965.137260217336
1754,0.0,34965.137260217336
1755,0.0,29409.554083480263
1756,0.0,26332.14745973439
1757,0.0,21204.78367593039
1758,0.0,20179.310919169588
1759,0.0,23255.729189451984
1760,5.727884662632,24281.201946212797
1761,124.42413617891728,29409.554083480263
1762,184.90934246776757,26332.14745973439
1763,315.22191648821405,23255.729189451984
1764,373.16391113646745,25306.6747029736
1765,395.8840060773817,32677.544187443254
1766,390.7697835301345,34965.137260217336
1767,351.67016285140545,40684.11994215258
1768,298.77743964115314,44384.74686321872
1769,215.73733950637865,49630.434426648935
1770,117.41826873485051,49630.434426648935
1771,17.123219244302,47007.59064493383
1772,0.0,44384.74686321872
1773,0.0,45696.16875407625
1774,0.0,45696.16875407625
1775,0.0,44384.74686321872
1776,0.0,44384.74686321872
1777,0.0,39540.323405765535
1778,0.0,34965.137260217336
1779,0.0,27357.620216495194
1780,0.0,25306.6747029736
1781,0.0,18407.338737204973
1782,0.0,15892.958420147246
1783,0.0,15892.958420147246
1784,21.453228739110287,18407.338737204973
1785,111.9719090425276,25306.6747029736
1786,169.85385922588705,25306.6747029736
1787,310.4898618356766,25306.6747029736
1788,365.305445165846,28383.092973255996
1789,396.0927064218386,33821.340723830304
1790,394.8363750526709,38396.526869378475
1791,364.21295229123416,41761.90308150357
1792,302.48003775426827,47007.59064493383
1793,213.83889251833503,55897.930353880205
1794,115.53619338684092,59595.548467200395
1795,15.138570100992627,63293.16658052061
1796,0.0,70037.14805761506
1797,0.0,70037.14805761506
1798,0.0,68962.37372601002
1799,0.0,63293.16658052061
1800,0.0,58363.00909609367
1801,0.0,54665.39098277348
1802,0.0,52253.278208364085
1803,0.0,44384.74686321872
1804,0.0,44384.74686321872
1805,0.0,44384.74686321872
1806,0.0,48319.01253579141
1807,0.0,45696.16875407625
1808,22.33400531654973,43073.32497236115
1809,117.81443972899076,49630.434426648935
1810,200.33614818591053,43073.32497236115
1811,308.5887353413407,38396.526869378475
1812,274.51463167219464,32677.544187443254
1813,336.7675310951756,34965.137260217336
1814,331.73465207111866,36108.93379660439
1815,358.3652881278857,49630.434426648935
1816,290.36050191904746,58363.00909609367
1817,210.4152309236236,65582.16826971881
1818,120.0537154575538,64525.7059516273
1819,18.03270005027184,60828.08783830711
1820,0.0,52253.278208364085
1821,0.0,44384.74686321872
1822,0.0,38396.526869378475
1823,0.0,34965.137260217336
1824,0.0,30389.951114669166
1825,0.0,26332.14745973439
1826,0.0,26332.14745973439
1827,0.0,23255.729189451984
1828,0.0,25306.6747029736
1829,0.0,23255.729189451984
1830,0.0,21204.78367593039
1831,0.0,19300.334270517476
1832,33.931939747944206,20179.310919169588
1833,140.61294477471995,27357.620216495194
1834,200.33854654238027,29409.554083480263
1835,321.8827513612148,29409.554083480263
1836,382.0735529629728,29409.554083480263
1837,397.0560260349621,30389.951114669166
1838,387.5094520692789,27357.620216495194
1839,364.1337025493517,30389.951114669166
1840,295.6715512870963,37252.73033299145
1841,223.1084013645825,39540.323405765535
1842,103.27450776876384,40684.11994215258
1843,14.78125852720903,37252.73033299145
1844,0.0,32677.544187443254
1845,0.0,31533.7476510562
1846,0.0,31533.7476510562
1847,0.0,27357.620216495194
1848,0.0,25306.6747029736
1849,0.0,23255.729189451984
1850,0.0,23255.729189451984
1851,0.0,20179.310919169588
1852,0.0,13378.578103089518
1853,0.0,5815.889696573389
1854,0.0,1921.1560956822805
1855,0.0,457.91799896624696
1856,31.41780113828478,906.952270314455
1857,113.08834285996616,2276.127434561018
1858,175.33556620201037,4050.9841289547107
1859,313.0275759391568,8340.13032859998
1860,380.7932835833912,13378.578103089518
1861,404.992078822509,18407.338737204973
1862,400.8661732325272,20179.310919169588
1863,367.7939213295724,25306.6747029736
1864,307.1298680502628,32677.544187443254
1865,222.497118659506,38396.526869378475
1866,117.91692794652744,38396.526869378475
1867,15.20711657194645,37252.73033299145
1868,0.0,34965.137260217336
1869,0.0,33821.340723830304
1870,0.0,30389.951114669166
1871,0.0,26332.14745973439
1872,0.0,20179.310919169588
1873,0.0,16731.085192499828
1874,0.0,12540.45133073694
1875,0.0,15054.831647794676
1876,0.0,18407.338737204973
1877,0.0,18407.338737204973
1878,0.0,20179.310919169588
1879,0.0,22230.2564326912
1880,19.31584771914108,21204.78367593039
1881,124.82787178571698,26332.14745973439
1882,179.3790683694759,28383.092973255996
1883,322.7107313872805,29409.554083480263
1884,384.2526181556908,30389.951114669166
1885,402.73009915175993,33821.340723830304
1886,400.4487741942842,29409.554083480263
1887,366.8597775887522,33821.340723830304
1888,307.9674946840282,37252.73033299145
1889,221.70751217515112,41761.90308150357
1890,117.25710718924717,41761.90308150357
1891,14.382854758490632,40684.11994215258
1892,0.0,37252.73033299145
1893,0.0,38396.526869378475
1894,0.0,40684.11994215258
1895,0.0,39540.323405765535
1896,0.0,37252.73033299145
1897,0.0,33821.340723830304
1898,0.0,28383.092973255996
1899,0.0,21204.78367593039
1900,0.0,20179.310919169588
1901,0.0,18407.338737204973
1902,0.0,17569.211964852395
1903,0.0,15054.831647794676
1904,31.505410550268977,14216.70487544209
1905,137.66869692919994,15892.958420147246
1906,185.94485570156127,14216.70487544209
1907,323.4982262336322,13378.578103089518
1908,383.7495983455828,15054.831647794676
1909,405.28423914932233,18407.338737204973
1910,400.9504466731696,21204.78367593039
1911,370.9539046851251,29409.554083480263
1912,311.3979485659679,34965.137260217336
1913,223.414655204103,37252.73033299145
1914,120.35714002357504,36108.93379660439
1915,14.842814406406296,30389.951114669166
1916,0.0,25306.6747029736
1917,0.0,23255.729189451984
1918,0.0,24281.201946212797
1919,0.0,25306.6747029736
1920,0.0,25306.6747029736
1921,0.0,19300.334270517476
1922,0.0,15054.831647794676
1923,0.0,10233.310802619917
1924,0.0,8971.190486606622
1925,0.0,7078.010012586685
1926,0.0,2986.070112318495
1927,0.0,359.3148492777085
1928,26.782243971722377,70.54848233270317
1929,125.67041733689388,169.15163202124162
1930,115.17615645663687,2631.0987734397554
1931,314.99377358217674,7078.010012586685
1932,388.6217557641059,8971.190486606622
1933,404.8544627568461,11822.056954434736
1934,397.710330956492,17569.211964852395
1935,367.2880873728219,29409.554083480263
1936,304.64103578845743,41761.90308150357
1937,220.20600524677533,48319.01253579141
1938,115.72199944692296,45696.16875407625
1939,12.746777120601672,39540.323405765535
1940,0.0,30389.951114669166
1941,0.0,29409.554083480263
1942,0.0,26332.14745973439
1943,0.0,23255.729189451984
1944,0.0,21204.78367593039
1945,0.0,17569.211964852395
1946,0.0,13378.578103089518
1947,0.0,14216.70487544209
1948,0.0,15892.958420147246
1949,0.0,16731.085192499828
1950,0.0,13378.578103089518
1951,0.0,9602.250644613274
1952,22.02568721083556,9602.250644613274
1953,122.51709344156755,12540.45133073694
1954,183.1351496846657,18407.338737204973
1955,324.2825226316454,20179.310919169588
1956,379.2191130555416,17569.211964852395
1957,400.2211468373359,17569.211964852395
1958,358.09132291086854,18407.338737204973
1959,329.0040802467144,27357.620216495194
1960,286.89972234773785,37252.73033299145
1961,143.56884154680435,52253.278208364085
1962,107.89505117513944,53377.35411481341
1963,10.107402964942388,53377.35411481341
1964,0.0,52253.278208364085
1965,0.0,54665.39098277348
1966,0.0,47007.59064493383
1967,0.0,44384.74686321872
1968,0.0,39540.323405765535
1969,0.0,33821.340723830304
1970,0.0,24281.201946212797
1971,0.0,20179.310919169588
1972,0.0,21204.78367593039
1973,0.0,17569.211964852395
1974,0.0,12540.45133073694
1975,0.0,8340.13032859998
1976,54.28100355432986,14216.70487544209
1977,126.07175753866208,22230.2564326912
1978,170.49323599574876,20179.310919169588
1979,327.017563165282,14216.70487544209
1980,374.7747955429959,15054.831647794676
1981,381.26880141433,22230.2564326912
1982,362.7224134784581,32677.544187443254
1983,352.66918751941165,37252.73033299145
1984,301.2360139330971,47007.59064493383
1985,218.61844917631836,60828.08783830711
1986,108.40214145143682,64525.7059516273
1987,9.686290830919551,63293.16658052061
1988,0.0,57130.46972498692
1989,0.0,55897.930353880205
1990,0.0,52253.278208364085
1991,0.0,41761.90308150357
1992,0.0,27357.620216495194
1993,0.0,23255.729189451984
1994,0.0,29409.554083480263
1995,0.0,30389.951114669166
1996,0.0,26332.14745973439
1997,0.0,18407.338737204973
1998,0.0,13378.578103089518
1999,0.0,8971.190486606622
2000,18.968722919001568,9602.250644613274
2001,140.55511978332046,9602.250644613274
2002,185.7246909222752,11822.056954434736
2003,324.6663419932536,13378.578103089518
2004,330.01877962500834,17569.211964852395
2005,395.2033675432863,13378.578103089518
2006,385.0862657794062,30389.951114669166
2007,361.4040589643513,33821.340723830304
2008,299.38807846720675,39540.323405765535
2009,214.0348205064895,49630.434426648935
2010,112.96324038292384,52253.278208364085
2011,9.25408635956225,43073.32497236115
2012,0.0,36108.93379660439
2013,0.0,31533.7476510562
2014,0.0,27357.620216495194
2015,0.0,21204.78367593039
2016,0.0,16731.085192499828
2017,0.0,14216.70487544209
2018,0.0,23255.729189451984
2019,0.0,23255.729189451984
2020,0.0,17569.211964852395
2021,0.0,12540.45133073694
2022,0.0,8971.190486606622
2023,0.0,7078.010012586685
2024,23.79689428540153,4643.920831703906
2025,144.74248233213848,5815.889696573389
2026,76.54508585954295,8971.190486606622
2027,124.17098239514364,7709.070170593332
2028,340.4672273177067,6446.949854580043
2029,359.90796430828715,6446.949854580043
2030,354.4654516701999,19300.334270517476
2031,346.40327703491056,29409.554083480263
2032,281.0163902676097,25306.6747029736
2033,166.3025456592922,18407.338737204973
2034,112.62794932992612,15892.958420147246
2035,8.367049565419801,14216.70487544209
2036,0.0,11822.056954434736
2037,0.0,9602.250644613274
2038,0.0,10983.930182082157
2039,0.0,10983.930182082157
2040,0.0,10233.310802619917
2041,0.0,7709.070170593332
2042,0.0,4643.920831703906
2043,0.0,906.952270314455
2044,0.0,551.9809314357174
2045,0.0,2986.070112318495
2046,0.0,2276.127434561018
2047,0.0,408.61642412197784
2048,5.323044652556701,119.8500571769725
2049,33.9116848035595,0.0
2050,108.55771270564712,0.0
2051,189.77985056174936,0.0
2052,44.70143713337328,408.61642412197784
2053,52.58216495838799,260.7116995891703
2054,52.39549427290449,119.8500571769725
2055,38.07239589365015,0.0
2056,38.48072933549355,0.0
2057,44.90087184136441,408.61642412197784
2058,41.01093148711705,7709.070170593332
2059,5.730036009184557,10983.930182082157
2060,0.0,13378.578103089518
2061,0.0,8971.190486606622
2062,0.0,4050.9841289547107
2063,0.0,1921.1560956822805
2064,0.0,408.61642412197784
2065,0.0,211.41012474490094
2066,0.0,119.8500571769725
2067,0.0,70.54848233270317
2068,0.0,310.0132744334394
2069,0.0,260.7116995891703
2070,0.0,119.8500571769725
2071,0.0,0.0
2072,60.80480995463277,0.0
2073,116.8496670950307,0.0
2074,256.4972388063176,0.0
2075,343.6120539828541,0.0
2076,331.8107906204624,0.0
2077,335.4476666471809,119.8500571769725
2078,334.8879754608328,5274.980989710559
2079,138.49775258579064,10983.930182082157
2080,180.9151579670286,13378.578103089518
2081,133.51853482900108,10233.310802619917
2082,49.24771147150258,14216.70487544209
2083,2.204178409237461,13378.578103089518
2084,0.0,3341.0414511972326
2085,0.0,2276.127434561018
2086,0.0,551.9809314357174
2087,0.0,310.0132744334394
2088,0.0,119.8500571769725
2089,0.0,119.8500571769725
2090,0.0,310.0132744334394
2091,0.0,21.24690748843383
2092,0.0,119.8500571769725
2093,0.0,169.15163202124162
2094,0.0,0.0
2095,0.0,0.0
2096,59.84791909067822,0.0
2097,167.13955308234213,0.0
2098,186.54621741090224,0.0
2099,335.4753359755367,0.0
2100,136.5754759203478,0.0
2101,375.9566292967114,21.24690748843383
2102,375.1599349445895,70.54848233270317
2103,357.0088118053981,359.3148492777085
2104,293.17161020046154,3341.0414511972326
2105,212.80851623856407,11822.056954434736
2106,109.85822637347236,14216.70487544209
2107,8.320618717749563,10983.930182082157
2108,0.0,6446.949854580043
2109,0.0,5274.980989710559
2110,0.0,5274.980989710559
2111,0.0,4643.920831703906
2112,0.0,3341.0414511972326
2113,0.0,1921.1560956822805
2114,0.0,4643.920831703906
2115,0.0,2276.127434561018
2116,0.0,1921.1560956822805
2117,0.0,2276.127434561018
2118,0.0,2631.0987734397554
2119,0.0,457.91799896624696
2120,6.6368470745814,1921.1560956822805
2121,159.76927730525315,7078.010012586685
2122,177.1211577292993,9602.250644613274
2123,333.3160202555274,8971.190486606622
2124,374.1896225699064,4643.920831703906
2125,398.01379669772905,4643.920831703906
2126,394.8374472281246,10233.310802619917
2127,187.50635571840624,15054.831647794676
2128,282.5268523675769,20179.310919169588
2129,172.07491302482168,19300.334270517476
2130,103.59646750531866,18407.338737204973
2131,7.928679835399339,16731.085192499828
2132,0.0,15054.831647794676
2133,0.0,10983.930182082157
2134,0.0,7078.010012586685
2135,0.0,5274.980989710559
2136,0.0,5274.980989710559
2137,0.0,7078.010012586685
2138,0.0,11822.056954434736
2139,0.0,15054.831647794676
2140,0.0,18407.338737204973
2141,0.0,18407.338737204973
2142,0.0,15892.958420147246
2143,0.0,12540.45133073694
2144,58.20835786823147,10233.310802619917
2145,165.21268946757786,9602.250644613274
2146,206.56405517345905,6446.949854580043
2147,344.3965856305137,2986.070112318495
2148,382.8259171819877,1921.1560956822805
2149,393.12544195669216,4643.920831703906
2150,367.1232151842243,7709.070170593332
2151,337.49610109383366,8340.13032859998
2152,267.56023809024487,20179.310919169588
2153,207.58449646788603,20179.310919169588
2154,103.64225638260632,22230.2564326912
2155,6.598968622533581,19300.334270517476
2156,0.0,18167.873945104246
2157,0.0,16491.620400399086
2158,0.0,14935.099251744301
2159,0.0,13258.845707039145
2160,0.0,11582.592162333995
2161,0.0,10143.159351476106
2162,0.0,8881.039035462816
2163,0.0,7618.918719449527
2164,0.0,6446.949854580043
2165,0.0,5184.829538566748
2166,0.0,4000.273937686317
2167,0.0,3341.0414511972326
2168,41.80602544232512,2631.0987734397554
2169,85.29575929632644,1921.1560956822805
2170,223.9151359093019,1261.9236091931928
2171,317.47750858142444,551.9809314357174
2172,383.1492085111981,10983.930182082157
2173,406.5116252136767,10983.930182082157
2174,395.6852011057137,19300.334270517476
2175,362.03467665625504,34965.137260217336
2176,302.7348937922121,34965.137260217336
2177,218.73663008266556,31533.7476510562
2178,110.49391939269988,23255.729189451984
2179,7.507232909021154,14216.70487544209
2180,0.0,4643.920831703906
2181,0.0,1566.1847568035414
2182,0.0,408.61642412197784
2183,0.0,119.8500571769725
2184,0.0,169.15163202124162
2185,0.0,906.952270314455
2186,0.0,6446.949854580043
2187,0.0,7709.070170593332
2188,0.0,8340.13032859998
2189,0.0,4050.9841289547107
2190,0.0,4643.920831703906
2191,0.0,1566.1847568035414
2192,5.786401288861576,457.91799896624696
2193,169.81267926154445,1261.9236091931928
2194,227.07274025604684,2631.0987734397554
2195,336.7317655106252,5274.980989710559
2196,374.5689064478592,10983.930182082157
2197,399.6417501259679,7709.070170593332
2198,387.1524731619191,13378.578103089518
2199,348.4100816176355,21204.78367593039
2200,279.9518336336529,22230.2564326912
2201,221.59990039538613,22230.2564326912
2202,102.41807464539316,20179.310919169588
2203,7.525129313605303,15054.831647794676
2204,0.0,10983.930182082157
2205,0.0,7709.070170593332
2206,0.0,4050.9841289547107
2207,0.0,4050.9841289547107
2208,0.0,2986.070112318495
2209,0.0,551.9809314357174
2210,0.0,2986.070112318495
2211,0.0,2986.070112318495
2212,0.0,2631.0987734397554
2213,0.0,2986.070112318495
2214,0.0,1261.9236091931928
2215,0.0,408.61642412197784
2216,33.72529399600946,310.0132744334394
2217,146.66812736921926,408.61642412197784
2218,206.55627711961603,408.61642412197784
2219,334.1715857819323,551.9809314357174
2220,386.9593009517988,906.952270314455
2221,405.3187145826925,2276.127434561018
2222,395.4568981147876,11822.056954434736
2223,360.7975847733898,20179.310919169588
2224,277.46838348912945,31533.7476510562
2225,158.31797077695066,19300.334270517476
2226,51.57548167262633,22230.2564326912
2227,7.070079073456785,20179.310919169588
2228,0.0,16731.085192499828
2229,0.0,13378.578103089518
2230,0.0,9602.250644613274
2231,0.0,7709.070170593332
2232,0.0,6446.949854580043
2233,0.0,3341.0414511972326
2234,0.0,2631.0987734397554
2235,0.0,2276.127434561018
2236,0.0,2986.070112318495
2237,0.0,1566.1847568035414
2238,0.0,551.9809314357174
2239,0.0,359.3148492777085
2240,50.45250706194216,260.7116995891703
2241,116.0255695839079,408.61642412197784
2242,236.8325070353796,551.9809314357174
2243,323.58800252340257,1261.9236091931928
2244,365.9309617161561,2631.0987734397554
2245,64.03337324041071,10983.930182082157
2246,88.14764878544543,10233.310802619917
2247,219.82613725472908,15892.958420147246
2248,116.86837949832795,18407.338737204973
2249,81.69881139384869,18407.338737204973
2250,74.11789508535642,15892.958420147246
2251,6.633409659869697,8971.190486606622
2252,0.0,8971.190486606622
2253,0.0,10233.310802619917
2254,0.0,10233.310802619917
2255,0.0,11822.056954434736
2256,0.0,12540.45133073694
2257,0.0,10233.310802619917
2258,0.0,13378.578103089518
2259,0.0,13378.578103089518
2260,0.0,11822.056954434736
2261,0.0,8340.13032859998
2262,0.0,5274.980989710559
2263,0.0,3341.0414511972326
2264,68.14513452195526,3341.0414511972326
2265,154.66158242971554,6446.949854580043
2266,236.19802407041803,10983.930182082157
2267,333.2019798012902,11822.056954434736
2268,369.9499867046737,11822.056954434736
2269,400.3545435099262,14216.70487544209
2270,379.0425014291485,14216.70487544209
2271,363.1688174574523,18407.338737204973
2272,304.80955239371394,22230.2564326912
2273,86.77317564054806,29409.554083480263
2274,54.82910874376429,30389.951114669166
2275,6.160773726042966,27357.620216495194
2276,0.0,20179.310919169588
2277,0.0,14216.70487544209
2278,0.0,10983.930182082157
2279,0.0,10233.310802619917
2280,0.0,11822.056954434736
2281,0.0,13378.578103089518
2282,0.0,17569.211964852395
2283,0.0,15054.831647794676
2284,0.0,11822.056954434736
2285,0.0,10983.930182082157
2286,0.0,9602.250644613274
2287,0.0,5274.980989710559
2288,67.74640554212291,4050.9841289547107
2289,160.4648769498536,3696.01279007597
2290,232.88882385710733,3341.0414511972326
2291,333.5827752862144,2631.0987734397554
2292,387.1589252521949,3341.0414511972326
2293,408.5001261884967,5815.889696573389
2294,398.1609193599618,13378.578103089518
2295,361.3447187231662,23255.729189451984
2296,276.57254261441057,38396.526869378475
2297,209.70609707657297,44384.74686321872
2298,113.22757227352744,40684.11994215258
2299,6.626171543124407,34965.137260217336
2300,0.0,27357.620216495194
2301,0.0,20179.310919169588
2302,0.0,19300.334270517476
2303,0.0,16731.085192499828
2304,0.0,14216.70487544209
2305,0.0,10233.310802619917
2306,0.0,11822.056954434736
2307,0.0,10983.930182082157
2308,0.0,8971.190486606622
2309,0.0,6446.949854580043
2310,0.0,4643.920831703906
2311,0.0,3696.01279007597
2312,23.801449595756264,2986.070112318495
2313,167.00041864189242,4050.9841289547107
2314,244.98271940786728,7709.070170593332
2315,340.07979558064534,8971.190486606622
2316,368.2415671050756,13378.578103089518
2317,381.1297273382811,20179.310919169588
2318,391.287595996754,31533.7476510562
2319,355.8504962316708,34965.137260217336
2320,105.9038310165316,33821.340723830304
2321,40.18810053284852,27357.620216495194
2322,34.60920065533522,29409.554083480263
2323,3.0895321478370543,28383.092973255996
2324,0.0,25306.6747029736
2325,0.0,20179.310919169588
2326,0.0,20179.310919169588
2327,0.0,16731.085192499828
2328,0.0,14216.70487544209
2329,0.0,12540.45133073694
2330,0.0,10233.310802619917
2331,0.0,7709.070170593332
2332,0.0,6446.949854580043
2333,0.0,3696.01279007597
2334,0.0,2986.070112318495
2335,0.0,2986.070112318495
2336,56.274539132968734,4050.9841289547107
2337,137.7872473824118,8340.13032859998
2338,252.7704816122161,10233.310802619917
2339,328.8395474991857,10233.310802619917
2340,380.1799364171372,13378.578103089518
2341,391.117483281687,18407.338737204973
2342,394.118722821518,22230.2564326912
2343,355.3100063983457,30389.951114669166
2344,256.92465469920654,47007.59064493383
2345,189.5841010021491,36108.93379660439
2346,81.75312498468338,37252.73033299145
2347,4.402818126544284,32677.544187443254
2348,0.0,26332.14745973439
2349,0.0,25306.6747029736
2350,0.0,25306.6747029736
2351,0.0,23255.729189451984
2352,0.0,21204.78367593039
2353,0.0,16731.085192499828
2354,0.0,10983.930182082157
2355,0.0,8971.190486606622
2356,0.0,8340.13032859998
2357,0.0,9602.250644613274
2358,0.0,9602.250644613274
2359,0.0,8971.190486606622
2360,49.90588809890528,8340.13032859998
2361,159.30053878970136,13378.578103089518
2362,259.74647249692964,10983.930182082157
2363,335.9331253236686,9602.250644613274
2364,384.0382612920799,10983.930182082157
2365,406.4861777302153,15892.958420147246
2366,394.4395191604111,15892.958420147246
2367,359.4630539505807,18407.338737204973
2368,299.48398929414856,22230.2564326912
2369,213.8490779750892,27357.620216495194
2370,110.59880074534736,31533.7476510562
2371,5.7250043446124055,25306.6747029736
2372,0.0,17569.211964852395
2373,0.0,17569.211964852395
2374,0.0,19300.334270517476
2375,0.0,22230.2564326912
2376,0.0,24281.201946212797
2377,0.0,23255.729189451984
2378,0.0,21204.78367593039
2379,0.0,22230.2564326912
2380,0.0,19300.334270517476
2381,0.0,17569.211964852395
2382,0.0,17569.211964852395
2383,0.0,17569.211964852395
2384,59.51116484794242,19300.334270517476
2385,158.7295632094813,27357.620216495194
2386,257.96337714208295,26332.14745973439
2387,325.1804639772258,23255.729189451984
2388,381.5462031400912,23255.729189451984
2389,401.865330983541,26332.14745973439
2390,392.80025671762616,31533.7476510562
2391,357.2786214044384,39540.323405765535
2392,295.6440888733195,40684.11994215258
2393,215.848768877614,45696.16875407625
2394,110.0190502885933,49630.434426648935
2395,5.279856293620196,49630.434426648935
2396,0.0,47007.59064493383
2397,0.0,40684.11994215258
2398,0.0,38396.526869378475
2399,0.0,31533.7476510562
2400,0.0,27357.620216495194
2401,0.0,25306.6747029736
2402,0.0,23255.729189451984
2403,0.0,21204.78367593039
2404,0.0,20179.310919169588
2405,0.0,18407.338737204973
2406,0.0,18407.338737204973
2407,0.0,21204.78367593039
2408,61.61814469832951,22230.2564326912
2409,161.43707550050976,27357.620216495194
2410,257.0412269783424,28383.092973255996
2411,338.287686002739,28383.092973255996
2412,382.5062518852779,29409.554083480263
2413,405.1609217374584,32677.544187443254
2414,396.02811664222367,30389.951114669166
2415,360.3716273108625,34965.137260217336
2416,302.9533100454712,40684.11994215258
2417,215.67384242119863,45696.16875407625
2418,111.66593244614438,48319.01253579141
2419,5.27811653670301,53377.35411481341
2420,0.0,55897.930353880205
2421,0.0,54665.39098277348
2422,0.0,53377.35411481341
2423,0.0,53377.35411481341
2424,0.0,54665.39098277348
2425,0.0,57130.46972498692
2426,0.0,54665.39098277348
2427,0.0,50941.856317506514
2428,0.0,45696.16875407625
2429,0.0,36108.93379660439
2430,0.0,29409.554083480263
2431,0.0,25306.6747029736
2432,54.74407506486591,28383.092973255996
2433,162.0008279386923,30389.951114669166
2434,261.0934180906258,26332.14745973439
2435,340.4348623771681,25306.6747029736
2436,377.3610016928588,30389.951114669166
2437,403.992260826646,36108.93379660439
2438,387.4445097449597,37252.73033299145
2439,335.0490152831824,48319.01253579141
2440,279.1090761664116,66812.82506279985
2441,206.66511685132124,62060.62720941386
2442,93.0999564074884,63293.16658052061
2443,1.3253970661705388,59595.548467200395
2444,0.0,57130.46972498692
2445,0.0,65582.16826971881
2446,0.0,60828.08783830711
2447,0.0,47007.59064493383
2448,0.0,38396.526869378475
2449,0.0,31533.7476510562
2450,0.0,43073.32497236115
2451,0.0,38396.526869378475
2452,0.0,39540.323405765535
2453,0.0,32677.544187443254
2454,0.0,19300.334270517476
2455,0.0,19300.334270517476
2456,51.4932286609379,17569.211964852395
2457,155.37105349146665,22230.2564326912
2458,261.59551259439115,19300.334270517476
2459,336.0360961041756,16731.085192499828
2460,378.4332981046983,21204.78367593039
2461,398.2156711313791,21204.78367593039
2462,384.8317128052659,39540.323405765535
2463,358.4042174324473,40684.11994215258
2464,283.86012952784336,41761.90308150357
2465,201.62454464296135,58363.00909609367
2466,98.61892782918171,53377.35411481341
2467,3.531806582459828,44384.74686321872
2468,0.0,37252.73033299145
2469,0.0,34965.137260217336
2470,0.0,31533.7476510562
2471,0.0,29409.554083480263
2472,0.0,23255.729189451984
2473,0.0,15892.958420147246
2474,0.0,19300.334270517476
2475,0.0,24281.201946212797
2476,0.0,23255.729189451984
2477,0.0,25306.6747029736
2478,0.0,24281.201946212797
2479,0.0,14216.70487544209
2480,73.9403591923016,7709.070170593332
2481,159.6925167414558,2631.0987734397554
2482,262.5859245346139,551.9809314357174
2483,338.8509929211846,2631.0987734397554
2484,364.00208788832657,7078.010012586685
2485,267.202127777179,5815.889696573389
2486,331.45974754232424,8340.13032859998
2487,302.7477117749592,27357.620216495194
2488,37.340944905072334,38396.526869378475
2489,19.395944006174773,29409.554083480263
2490,15.891361251126826,34965.137260217336
2491,0.4434739615105081,34965.137260217336
2492,0.0,26332.14745973439
2493,0.0,21204.78367593039
2494,0.0,19300.334270517476
2495,0.0,15054.831647794676
2496,0.0,11822.056954434736
2497,0.0,15892.958420147246
2498,0.0,21204.78367593039
2499,0.0,15892.958420147246
2500,0.0,20179.310919169588
2501,0.0,14216.70487544209
2502,0.0,5274.980989710559
2503,0.0,5815.889696573389
2504,52.73151798724883,3696.01279007597
2505,103.49044705694102,1261.9236091931928
2506,136.87104186964137,70.54848233270317
2507,98.0504086308926,0.0
2508,37.71178573896373,211.41012474490094
2509,39.88546188787669,5274.980989710559
2510,38.5651945109109,28383.092973255996
2511,44.69637319456495,15054.831647794676
2512,43.380656687388544,15054.831647794676
2513,47.600088876552704,19300.334270517476
2514,44.75504118337032,19300.334270517476
2515,3.534466993263337,19300.334270517476
2516,0.0,19300.334270517476
2517,0.0,18407.338737204973
2518,0.0,16731.085192499828
2519,0.0,14216.70487544209
2520,0.0,13378.578103089518
2521,0.0,10983.930182082157
2522,0.0,8340.13032859998
2523,0.0,7709.070170593332
2524,0.0,6446.949854580043
2525,0.0,4050.9841289547107
2526,0.0,3341.0414511972326
2527,0.0,3696.01279007597
2528,62.77700692090336,3696.01279007597
2529,176.03571263150303,2631.0987734397554
2530,261.55927797991893,2631.0987734397554
2531,330.3751876437223,1921.1560956822805
2532,371.5364565785366,1261.9236091931928
2533,368.509044212333,3341.0414511972326
2534,352.8861974943507,1566.1847568035414
2535,312.4181747404191,8971.190486606622
2536,170.39843685944578,21204.78367593039
2537,137.0675182734317,26332.14745973439
2538,101.13277521187672,29409.554083480263
2539,3.535658735932883,27357.620216495194
2540,0.0,26332.14745973439
2541,0.0,24281.201946212797
2542,0.0,21204.78367593039
2543,0.0,20179.310919169588
2544,0.0,21204.78367593039
2545,0.0,18407.338737204973
2546,0.0,13378.578103089518
2547,0.0,11822.056954434736
2548,0.0,15054.831647794676
2549,0.0,16731.085192499828
2550,0.0,15892.958420147246
2551,0.0,15892.958420147246
2552,69.78191093437871,17569.211964852395
2553,162.00911519675762,23255.729189451984
2554,266.43452965618513,24281.201946212797
2555,323.9277977190385,22230.2564326912
2556,369.1315246585032,23255.729189451984
2557,392.8189598674507,23255.729189451984
2558,378.78226778897215,27357.620216495194
2559,346.7392047163243,30389.951114669166
2560,286.5065905190828,39540.323405765535
2561,186.72196321992055,37252.73033299145
2562,64.34356982710368,36108.93379660439
2563,2.2003721807213963,37252.73033299145
2564,0.0,31533.7476510562
2565,0.0,27357.620216495194
2566,0.0,23255.729189451984
2567,0.0,23255.729189451984
2568,0.0,22230.2564326912
2569,0.0,22230.2564326912
2570,0.0,24281.201946212797
2571,0.0,25306.6747029736
2572,0.0,21204.78367593039
2573,0.0,16731.085192499828
2574,0.0,13378.578103089518
2575,0.0,8340.13032859998
2576,48.04673796517815,4643.920831703906
2577,135.20696749781604,7709.070170593332
2578,259.41757117426573,8340.13032859998
2579,337.5012863396128,8971.190486606622
2580,376.8752292357314,8971.190486606622
2581,388.12353399215567,10983.930182082157
2582,384.3561319651201,9602.250644613274
2583,318.1371538498148,11822.056954434736
2584,179.7663959416792,20179.310919169588
2585,120.6499748776068,22230.2564326912
2586,57.556761117495846,31533.7476510562
2587,3.086035011869352,28383.092973255996
2588,0.0,22230.2564326912
2589,0.0,20179.310919169588
2590,0.0,19300.334270517476
2591,0.0,19300.334270517476
2592,0.0,17569.211964852395
2593,0.0,16731.085192499828
2594,0.0,13378.578103089518
2595,0.0,13378.578103089518
2596,0.0,14216.70487544209
2597,0.0,11822.056954434736
2598,0.0,10233.310802619917
2599,0.0,8340.13032859998
2600,65.44972890627604,7709.070170593332
2601,174.44968565190453,12540.45133073694
2602,276.6741145168773,17569.211964852395
2603,337.1657289796463,18407.338737204973
2604,378.7082853479727,15892.958420147246
2605,403.9316581004763,13378.578103089518
2606,389.4479420579264,15892.958420147246
2607,353.54786402712426,26332.14745973439
2608,294.10127491777536,34965.137260217336
2609,210.2639034287723,44384.74686321872
2610,100.70434384876916,45696.16875407625
2611,3.530229685993842,41761.90308150357
2612,0.0,36108.93379660439
2613,0.0,33821.340723830304
2614,0.0,31533.7476510562
2615,0.0,26332.14745973439
2616,0.0,21204.78367593039
2617,0.0,20179.310919169588
2618,0.0,19300.334270517476
2619,0.0,20179.310919169588
2620,0.0,18407.338737204973
2621,0.0,16731.085192499828
2622,0.0,15892.958420147246
2623,0.0,16731.085192499828
2624,67.8571498975646,18407.338737204973
2625,173.31739415775797,25306.6747029736
2626,274.7074684605453,28383.092973255996
2627,346.45262633807505,30389.951114669166
2628,381.6568278600246,32677.544187443254
2629,384.86630748284506,34965.137260217336
2630,375.35501782344426,37252.73033299145
2631,336.6526468465834,39540.323405765535
2632,283.2859618157585,41761.90308150357
2633,195.8688126037949,45696.16875407625
2634,103.802296067972,48319.01253579141
2635,2.2024515270900755,45696.16875407625
2636,0.0,45696.16875407625
2637,0.0,44384.74686321872
2638,0.0,40684.11994215258
2639,0.0,37252.73033299145
2640,0.0,34965.137260217336
2641,0.0,31533.7476510562
2642,0.0,28383.092973255996
2643,0.0,30389.951114669166
2644,0.0,38396.526869378475
2645,0.0,41761.90308150357
2646,0.0,44384.74686321872
2647,0.0,43073.32497236115
2648,70.15951555264064,39540.323405765535
2649,176.72124271429573,43073.32497236115
2650,277.4453228470941,44384.74686321872
2651,348.1334924341818,50941.856317506514
2652,386.139989249304,55897.930353880205
2653,406.3956329876698,65582.16826971881
2654,386.1554499543509,64525.7059516273
2655,315.203466923946,70037.14805761506
2656,245.0587730440407,54665.39098277348
2657,208.3715062531794,38396.526869378475
2658,105.02970000589056,41761.90308150357
2659,2.2062589191803363,53377.35411481341
2660,0.0,37252.73033299145
2661,0.0,30389.951114669166
2662,0.0,24281.201946212797
2663,0.0,15892.958420147246
2664,0.0,10983.930182082157
2665,0.0,8971.190486606622
2666,0.0,10233.310802619917
2667,0.0,11822.056954434736
2668,0.0,15054.831647794676
2669,0.0,15892.958420147246
2670,0.0,18407.338737204973
2671,0.0,20179.310919169588
2672,27.76649093404013,23255.729189451984
2673,106.19508162349594,31533.7476510562
2674,189.0331791483296,41761.90308150357
2675,337.7314436299505,41761.90308150357
2676,325.6803421492202,48319.01253579141
2677,397.1693579153596,52253.278208364085
2678,356.3711752723635,52253.278208364085
2679,320.5754179276252,49630.434426648935
2680,278.2493451428008,45696.16875407625
2681,198.6426692561595,43073.32497236115
2682,97.85642756804258,38396.526869378475
2683,2.2039413761688733,34965.137260217336
2684,0.0,33821.340723830304
2685,0.0,37252.73033299145
2686,0.0,39540.323405765535
2687,0.0,41761.90308150357
2688,0.0,40684.11994215258
2689,0.0,39540.323405765535
2690,0.0,44384.74686321872
2691,0.0,44384.74686321872
2692,0.0,43073.32497236115
2693,0.0,38396.526869378475
2694,0.0,33821.340723830304
2695,0.0,28383.092973255996
2696,63.61739519952205,27357.620216495194
2697,77.01792776860249,34965.137260217336
2698,245.85829910039897,36108.93379660439
2699,309.5847000557408,37252.73033299145
2700,354.5322709580676,41761.90308150357
2701,379.9201118702288,47007.59064493383
2702,341.8464529223327,54665.39098277348
2703,320.07580971924966,63293.16658052061
2704,264.0225827450931,66812.82506279985
2705,161.6011990064503,68962.37372601002
2706,86.40198619574198,72186.69672082523
2707,1.7644088691876534,70037.14805761506
2708,0.0,71111.92238922014
2709,0.0,74336.24538403534
2710,0.0,73261.47105243028
2711,0.0,75411.01971564042
2712,0.0,72186.69672082523
2713,0.0,68962.37372601002
2714,0.0,62060.62720941386
2715,0.0,60828.08783830711
2716,0.0,57130.46972498692
2717,0.0,54665.39098277348
2718,0.0,52253.278208364085
2719,0.0,43073.32497236115
2720,59.55570960413167,33821.340723830304
2721,165.3915227303591,33821.340723830304
2722,272.6496019008848,38396.526869378475
2723,333.13894515048213,47007.59064493383
2724,358.9426478991469,41761.90308150357
2725,367.2330714665127,39540.323405765535
2726,377.5861350713476,71111.92238922014
2727,118.61859880508447,71111.92238922014
2728,285.7472841711749,68962.37372601002
2729,194.00793012357556,74336.24538403534
2730,100.9383945451203,78324.0083143091
2731,1.323311914896521,75411.01971564042
2732,0.0,64525.7059516273
2733,0.0,58363.00909609367
2734,0.0,43073.32497236115
2735,0.0,39540.323405765535
2736,0.0,39540.323405765535
2737,0.0,40684.11994215258
2738,0.0,45696.16875407625
2739,0.0,40684.11994215258
2740,0.0,43073.32497236115
2741,0.0,41761.90308150357
2742,0.0,36108.93379660439
2743,0.0,33821.340723830304
2744,65.30869682803579,31533.7476510562
2745,175.92124446125078,30389.951114669166
2746,273.60235598274767,24281.201946212797
2747,288.7035857989879,23255.729189451984
2748,379.8750134493542,25306.6747029736
2749,381.0149916706949,25306.6747029736
2750,369.5292996859531,33821.340723830304
2751,342.1576692639567,38396.526869378475
2752,282.1581212020999,38396.526869378475
2753,197.38487523419303,41761.90308150357
2754,99.23417662442084,50941.856317506514
2755,0.0,49630.434426648935
2756,0.0,50941.856317506514
2757,0.0,53377.35411481341
2758,0.0,53377.35411481341
2759,0.0,49630.434426648935
2760,0.0,45696.16875407625
2761,0.0,45696.16875407625
2762,0.0,58363.00909609367
2763,0.0,60828.08783830711
2764,0.0,48319.01253579141
2765,0.0,44384.74686321872
2766,0.0,43073.32497236115
2767,0.0,39540.323405765535
2768,74.29511083519127,38396.526869378475
2769,166.2546088076979,43073.32497236115
2770,279.3810060581568,57130.46972498692
2771,311.68454214560205,49630.434426648935
2772,379.4117900904138,57130.46972498692
2773,330.96530919252075,60828.08783830711
2774,386.7768135721633,66812.82506279985
2775,345.8669422147681,74336.24538403534
2776,0.0,85922.08530602304
2777,115.30184111517735,88572.67120197456
2778,15.921149126469937,81755.39792347024
2779,0.0,75411.01971564042
2780,0.0,66812.82506279985
2781,0.0,55897.930353880205
2782,0.0,36108.93379660439
2783,0.0,27357.620216495194
2784,0.0,30389.951114669166
2785,0.0,32677.544187443254
2786,0.0,22230.2564326912
2787,0.0,9602.250644613274
2788,0.0,8340.13032859998
2789,0.0,8340.13032859998
2790,0.0,9602.250644613274
2791,0.0,5815.889696573389
2792,74.4917936321748,2986.070112318495
2793,155.28617318063965,7709.070170593332
2794,178.95394645170478,8340.13032859998
2795,217.30497706674484,14216.70487544209
2796,81.03659098456083,19300.334270517476
2797,164.7337488658281,27357.620216495194
2798,135.46184647848366,18407.338737204973
2799,153.85284494153063,31533.7476510562
2800,26.791102329658067,30389.951114669166
2801,25.938298432845265,29409.554083480263
2802,14.578177047016172,26332.14745973439
2803,0.0,20179.310919169588
2804,0.0,25306.6747029736
2805,0.0,29409.554083480263
2806,0.0,26332.14745973439
2807,0.0,20179.310919169588
2808,0.0,11822.056954434736
2809,0.0,8971.190486606622
2810,0.0,8340.13032859998
2811,0.0,7078.010012586685
2812,0.0,2276.127434561018
2813,0.0,169.15163202124162
2814,0.0,0.0
2815,0.0,70.54848233270317
2816,6.222912231047861,119.8500571769725
2817,15.940213366689528,211.41012474490094
2818,24.722564093536885,21.24690748843383
2819,66.71184256888645,211.41012474490094
2820,184.4071985961487,1261.9236091931928
2821,331.24667015055275,4643.920831703906
2822,367.1127159561227,7709.070170593332
2823,333.7586011367472,16731.085192499828
2824,272.75077163075446,23255.729189451984
2825,185.475521341989,23255.729189451984
2826,63.12599630110705,19300.334270517476
2827,0.0,18407.338737204973
2828,0.0,19300.334270517476
2829,0.0,15054.831647794676
2830,0.0,10233.310802619917
2831,0.0,5815.889696573389
2832,0.0,1566.1847568035414
2833,0.0,906.952270314455
2834,0.0,457.91799896624696
2835,0.0,551.9809314357174
2836,0.0,1921.1560956822805
2837,0.0,1921.1560956822805
2838,0.0,457.91799896624696
2839,0.0,1261.9236091931928
2840,28.29742280133202,2276.127434561018
2841,157.5747871988265,3341.0414511972326
2842,259.0130230306716,1261.9236091931928
2843,300.99633760293005,457.91799896624696
2844,295.00336313425066,1566.1847568035414
2845,276.3218291376241,5274.980989710559
2846,380.76780335761714,9602.250644613274
2847,349.3079167460773,32677.544187443254
2848,285.1321498470872,62060.62720941386
2849,187.22562125459837,47007.59064493383
2850,60.9976302622414,39540.323405765535
2851,0.0,30389.951114669166
2852,0.0,33821.340723830304
2853,0.0,32677.544187443254
2854,0.0,28383.092973255996
2855,0.0,21204.78367593039
2856,0.0,18407.338737204973
2857,0.0,17569.211964852395
2858,0.0,18407.338737204973
2859,0.0,19300.334270517476
2860,0.0,15892.958420147246
2861,0.0,10233.310802619917
2862,0.0,5815.889696573389
2863,0.0,2276.127434561018
2864,66.86716675876326,1921.1560956822805
2865,185.625997831378,1921.1560956822805
2866,257.3110238663858,906.952270314455
2867,347.07537329784645,2276.127434561018
2868,376.1249656219654,6446.949854580043
2869,391.6450039046314,6446.949854580043
2870,378.2166060703654,12540.45133073694
2871,343.9055388008087,13378.578103089518
2872,280.16679930995133,27357.620216495194
2873,195.21443594279825,36108.93379660439
2874,96.3571724610185,37252.73033299145
2875,0.0,37252.73033299145
2876,0.0,45883.514738484504
2877,0.0,39050.12489017108
2878,0.0,32840.9436926414
2879,0.0,26918.13189216913
2880,0.0,21204.78367593039
2881,0.0,16252.155608298352
2882,0.0,11702.324558384362
2883,0.0,7889.373072880943
2884,0.0,4463.617929416295
2885,0.0,2377.5478170978004
2886,0.0,493.13340956929653
2887,0.0,218.45320686551074
2888,29.33854696164648,0.0
2889,132.62498043124756,0.0
2890,212.4955331535984,0.0
2891,277.89043679088564,0.0
2892,203.5359116243478,0.0
2893,291.7781913710249,1566.1847568035414
2894,372.14728846662985,8971.190486606622
2895,340.89279835025746,9602.250644613274
2896,272.09714272779763,6446.949854580043
2897,182.84548042863744,10983.930182082157
2898,81.20389407498692,20179.310919169588
2899,0.0,29409.554083480263
2900,0.0,39540.323405765535
2901,0.0,43073.32497236115
2902,0.0,43073.32497236115
2903,0.0,38396.526869378475
2904,0.0,30389.951114669166
2905,0.0,21204.78367593039
2906,0.0,12540.45133073694
2907,0.0,11822.056954434736
2908,0.0,10233.310802619917
2909,0.0,4050.9841289547107
2910,0.0,1921.1560956822805
2911,0.0,906.952270314455
2912,6.242373642938693,2631.0987734397554
2913,55.42888781262244,4643.920831703906
2914,102.62837180970077,7078.010012586685
2915,240.80503252885387,10983.930182082157
2916,246.64542064716588,15892.958420147246
2917,195.98377248210417,22230.2564326912
2918,236.75787413668337,28383.092973255996
2919,198.23805301110352,40684.11994215258
2920,211.42274980811248,28383.092973255996
2921,137.89365834833046,31533.7476510562
2922,33.22638406134708,26332.14745973439
2923,0.0,28383.092973255996
2924,0.0,31533.7476510562
2925,0.0,31533.7476510562
2926,0.0,34965.137260217336
2927,0.0,38396.526869378475
2928,0.0,39540.323405765535
2929,0.0,38396.526869378475
2930,0.0,37252.73033299145
2931,0.0,32677.544187443254
2932,0.0,31533.7476510562
2933,0.0,23255.729189451984
2934,0.0,14216.70487544209
2935,0.0,14216.70487544209
2936,6.23634987259153,15892.958420147246
2937,15.551357471705504,23255.729189451984
2938,99.866852446754,18407.338737204973
2939,100.05561087512724,11822.056954434736
2940,233.73239065890223,18407.338737204973
2941,164.42603703277211,20179.310919169588
2942,129.2628550723907,37252.73033299145
2943,79.63457144751942,41761.90308150357
2944,132.98931757486525,41761.90308150357
2945,65.99857471831034,40684.11994215258
2946,50.02344310899302,37252.73033299145
2947,0.0,39540.323405765535
2948,0.0,45696.16875407625
2949,0.0,55897.930353880205
2950,0.0,53377.35411481341
2951,0.0,54665.39098277348
2952,0.0,52253.278208364085
2953,0.0,48319.01253579141
2954,0.0,41761.90308150357
2955,0.0,39540.323405765535
2956,0.0,37252.73033299145
2957,0.0,34965.137260217336
2958,0.0,31533.7476510562
2959,0.0,30389.951114669166
2960,13.793771522041537,34965.137260217336
2961,74.03914720220203,25306.6747029736
2962,254.30977723047928,23255.729189451984
2963,236.4128012101904,22230.2564326912
2964,337.45769201789415,21204.78367593039
2965,225.60638109539371,22230.2564326912
2966,359.6903778637126,20179.310919169588
2967,329.048022921245,27357.620216495194
2968,279.3378332127163,36108.93379660439
2969,175.58837460496423,39540.323405765535
2970,83.93638958197513,43073.32497236115
2971,0.0,44384.74686321872
2972,0.0,43073.32497236115
2973,0.0,45696.16875407625
2974,0.0,45696.16875407625
2975,0.0,44384.74686321872
2976,0.0,40684.11994215258
2977,0.0,33821.340723830304
2978,0.0,27357.620216495194
2979,0.0,27357.620216495194
2980,0.0,29409.554083480263
2981,0.0,31533.7476510562
2982,0.0,31533.7476510562
2983,0.0,27357.620216495194
2984,61.09516748515325,23255.729189451984
2985,150.19798990105224,20179.310919169588
2986,256.744111614,20179.310919169588
2987,329.812610085825,18407.338737204973
2988,372.8724056741787,16731.085192499828
2989,390.4028119202666,15054.831647794676
2990,378.9780064375507,16731.085192499828
2991,343.48163232253404,15892.958420147246
2992,278.33691463869184,22230.2564326912
2993,187.14150268993217,31533.7476510562
2994,95.13350966983602,47007.59064493383
2995,0.0,43073.32497236115
2996,0.0,36108.93379660439
2997,0.0,29409.554083480263
2998,0.0,26332.14745973439
2999,0.0,20179.310919169588
3000,0.0,15892.958420147246
3001,0.0,11822.056954434736
3002,0.0,7078.010012586685
3003,0.0,5815.889696573389
3004,0.0,3696.01279007597
3005,0.0,2276.127434561018
3006,0.0,2986.070112318495
3007,0.0,4643.920831703906
3008,65.64706800517453,7709.070170593332
3009,133.5807791653587,12540.45133073694
3010,268.4981498021934,10983.930182082157
3011,337.70659289257435,9602.250644613274
3012,375.12050272706887,9602.250644613274
3013,391.62528525028375,10233.310802619917
3014,378.5083172490039,15054.831647794676
3015,346.93619872685014,22230.2564326912
3016,276.237430118679,24281.201946212797
3017,192.60642511965457,27357.620216495194
3018,94.56470788740526,31533.7476510562
3019,0.0,28383.092973255996
3020,0.0,23255.729189451984
3021,0.0,16731.085192499828
3022,0.0,13378.578103089518
3023,0.0,9602.250644613274
3024,0.0,7709.070170593332
3025,0.0,5815.889696573389
3026,0.0,4050.9841289547107
3027,0.0,2631.0987734397554
3028,0.0,1261.9236091931928
3029,0.0,408.61642412197784
3030,0.0,310.0132744334394
3031,0.0,169.15163202124162
3032,72.25841883874011,21.24690748843383
3033,173.0658679764624,169.15163202124162
3034,266.5269392992815,211.41012474490094
3035,338.7113062230981,310.0132744334394
3036,375.3619388432264,457.91799896624696
3037,395.0059865314877,2631.0987734397554
3038,383.3925317174412,4643.920831703906
3039,347.9215529163604,7709.070170593332
3040,281.76613116978416,8971.190486606622
3041,178.69203022414342,12540.45133073694
3042,98.6338344926372,16731.085192499828
3043,0.0,16731.085192499828
3044,0.0,15892.958420147246
3045,0.0,16731.085192499828
3046,0.0,14216.70487544209
3047,0.0,11822.056954434736
3048,0.0,9602.250644613274
3049,0.0,7078.010012586685
3050,0.0,3341.0414511972326
3051,0.0,3341.0414511972326
3052,0.0,2631.0987734397554
3053,0.0,1921.1560956822805
3054,0.0,1261.9236091931928
3055,0.0,457.91799896624696
3056,67.91583344613665,551.9809314357174
3057,171.46407433797992,1921.1560956822805
3058,230.06002533691472,2631.0987734397554
3059,331.75722549513904,2631.0987734397554
3060,375.1702163788637,3341.0414511972326
3061,392.8530498429689,5815.889696573389
3062,379.8946857831738,8340.13032859998
3063,348.33480521569646,15054.831647794676
3064,282.5127186497782,22230.2564326912
3065,200.8219218986765,28383.092973255996
3066,100.51431765536203,31533.7476510562
3067,0.0,34965.137260217336
3068,0.0,31533.7476510562
3069,0.0,31533.7476510562
3070,0.0,32677.544187443254
3071,0.0,28383.092973255996
3072,0.0,25306.6747029736
3073,0.0,22230.2564326912
3074,0.0,23255.729189451984
3075,0.0,22230.2564326912
3076,0.0,22230.2564326912
3077,0.0,15892.958420147246
3078,0.0,14216.70487544209
3079,0.0,10983.930182082157
3080,34.20854821292313,8971.190486606622
3081,172.00861081617646,8971.190486606622
3082,255.1832123264294,14216.70487544209
3083,331.04541901573543,23255.729189451984
3084,373.5109851893439,20179.310919169588
3085,384.8392882403066,14216.70487544209
3086,375.2899360876218,15054.831647794676
3087,338.1842684046365,22230.2564326912
3088,267.2123828420805,36108.93379660439
3089,185.863104560984,45696.16875407625
3090,45.32324930416167,44384.74686321872
3091,0.0,47007.59064493383
3092,0.0,50941.856317506514
3093,0.0,53377.35411481341
3094,0.0,53377.35411481341
3095,0.0,57130.46972498692
3096,0.0,57130.46972498692
3097,0.0,50941.856317506514
3098,0.0,50941.856317506514
3099,0.0,47007.59064493383
3100,0.0,34965.137260217336
3101,0.0,29409.554083480263
3102,0.0,30389.951114669166
3103,0.0,23255.729189451984
3104,48.89640998588754,21204.78367593039
3105,145.8777744223045,11822.056954434736
3106,254.7095090092316,7709.070170593332
3107,322.99361923815985,7709.070170593332
3108,369.9167075793303,11822.056954434736
3109,381.2722708211661,16731.085192499828
3110,377.5010595187414,28383.092973255996
3111,336.8836148158637,38396.526869378475
3112,273.2883531129578,41761.90308150357
3113,193.31973241850864,40684.11994215258
3114,90.08700026956464,44384.74686321872
3115,0.0,47007.59064493383
3116,0.0,44384.74686321872
3117,0.0,44384.74686321872
3118,0.0,44384.74686321872
3119,0.0,40684.11994215258
3120,0.0,33821.340723830304
3121,0.0,30389.951114669166
3122,0.0,39540.323405765535
3123,0.0,40684.11994215258
3124,0.0,36108.93379660439
3125,0.0,29409.554083480263
3126,0.0,25306.6747029736
3127,0.0,30389.951114669166
3128,47.91351158409371,31533.7476510562
3129,132.0120229578668,37252.73033299145
3130,242.65137286493257,37252.73033299145
3131,313.59411510873616,36108.93379660439
3132,341.11781645978266,36108.93379660439
3133,376.70632769475935,38396.526869378475
3134,360.8859305400874,48319.01253579141
3135,301.46468342370383,49630.434426648935
3136,265.1180627458441,54665.39098277348
3137,195.7090827621794,59595.548467200395
3138,92.03998349568248,59595.548467200395
3139,0.0,60828.08783830711
3140,0.0,59595.548467200395
3141,0.0,62060.62720941386
3142,0.0,63293.16658052061
3143,0.0,60828.08783830711
3144,0.0,55897.930353880205
3145,0.0,48319.01253579141
3146,0.0,39540.323405765535
3147,0.0,38396.526869378475
3148,0.0,38396.526869378475
3149,0.0,34965.137260217336
3150,0.0,27357.620216495194
3151,0.0,21204.78367593039
3152,23.3984199564038,19300.334270517476
3153,126.10363946740686,18407.338737204973
3154,127.21524373571695,17569.211964852395
3155,287.6158813143721,17569.211964852395
3156,350.1519377626525,20179.310919169588
3157,358.8759301613514,24281.201946212797
3158,370.011423264716,25306.6747029736
3159,335.1579063625042,33821.340723830304
3160,266.582694780226,48319.01253579141
3161,193.8094112115148,52253.278208364085
3162,91.63949493391912,57130.46972498692
3163,0.0,57130.46972498692
3164,0.0,55897.930353880205
3165,0.0,55897.930353880205
3166,0.0,54665.39098277348
3167,0.0,43073.32497236115
3168,0.0,39540.323405765535
3169,0.0,34965.137260217336
3170,0.0,34965.137260217336
3171,0.0,31533.7476510562
3172,0.0,32677.544187443254
3173,0.0,33821.340723830304
3174,0.0,36108.93379660439
3175,0.0,38396.526869378475
3176,62.99406814791506,33821.340723830304
3177,149.75279182192943,34965.137260217336
3178,230.9362849509472,32677.544187443254
3179,188.59884424856983,27357.620216495194
3180,301.09362402166386,30389.951114669166
3181,368.424097852496,36108.93379660439
3182,376.4190721704068,50941.856317506514
3183,339.4357933419192,60828.08783830711
3184,274.54324888613075,67887.59939440493
3185,189.965043069994,71111.92238922014
3186,83.0668707972553,71111.92238922014
3187,0.0,68962.37372601002
3188,0.0,67887.59939440493
3189,0.0,65582.16826971881
3190,0.0,60828.08783830711
3191,0.0,53377.35411481341
3192,0.0,44384.74686321872
3193,0.0,37252.73033299145
3194,0.0,30389.951114669166
3195,0.0,41761.90308150357
3196,0.0,43073.32497236115
3197,0.0,37252.73033299145
3198,0.0,40684.11994215258
3199,0.0,39540.323405765535
3200,69.00243182909146,34965.137260217336
3201,97.32614727700808,37252.73033299145
3202,204.73878205086984,43073.32497236115
3203,316.7726129531203,38396.526869378475
3204,353.31672630670425,39540.323405765535
3205,358.2349816570175,32677.544187443254
3206,355.4688341154308,26332.14745973439
3207,316.5708777058596,31533.7476510562
3208,260.5034261020817,45696.16875407625
3209,188.85873581960325,58363.00909609367
3210,84.4636592051752,59595.548467200395
3211,0.0,55897.930353880205
3212,0.0,52253.278208364085
3213,0.0,50941.856317506514
3214,0.0,47007.59064493383
3215,0.0,47007.59064493383
3216,0.0,44384.74686321872
3217,0.0,44384.74686321872
3218,0.0,39540.323405765535
3219,0.0,39540.323405765535
3220,0.0,40684.11994215258
3221,0.0,41761.90308150357
3222,0.0,40684.11994215258
3223,0.0,36108.93379660439
3224,55.75398637234509,34965.137260217336
3225,143.2065966129308,45696.16875407625
3226,248.98786048080925,50941.856317506514
3227,318.14824729653026,57130.46972498692
3228,266.1320660950507,65582.16826971881
3229,380.2435725312699,71111.92238922014
3230,353.48070114364185,72186.69672082523
3231,291.5591427012857,70037.14805761506
3232,250.1832950382964,71111.92238922014
3233,185.30322524634727,70037.14805761506
3234,81.6756618989949,71111.92238922014
3235,0.0,68962.37372601002
3236,0.0,65582.16826971881
3237,0.0,65582.16826971881
3238,0.0,63293.16658052061
3239,0.0,63293.16658052061
3240,0.0,63293.16658052061
3241,0.0,62060.62720941386
3242,0.0,59595.548467200395
3243,0.0,60828.08783830711
3244,0.0,58363.00909609367
3245,0.0,57130.46972498692
3246,0.0,57130.46972498692
3247,0.0,54665.39098277348
3248,47.942317936909326,54665.39098277348
3249,156.83616093815772,59595.548467200395
3250,244.7695276623612,64525.7059516273
3251,317.64429799957827,63293.16658052061
3252,363.1230623260921,63293.16658052061
3253,379.232952300396,64525.7059516273
3254,356.6886312518262,59595.548467200395
3255,325.0098160032731,60828.08783830711
3256,262.4367515511456,62060.62720941386
3257,177.86467579426147,62060.62720941386
3258,79.26163603641854,60828.08783830711
3259,0.0,54665.39098277348
3260,0.0,48319.01253579141
3261,0.0,49630.434426648935
3262,0.0,52253.278208364085
3263,0.0,53377.35411481341
3264,0.0,54665.39098277348
3265,0.0,57130.46972498692
3266,0.0,45696.16875407625
3267,0.0,43073.32497236115
3268,0.0,43073.32497236115
3269,0.0,41761.90308150357
3270,0.0,43073.32497236115
3271,0.0,44384.74686321872
3272,29.37610992178121,47007.59064493383
3273,150.21742463893722,54665.39098277348
3274,225.5377089194888,58363.00909609367
3275,276.9393444963422,60828.08783830711
3276,364.4944866545665,59595.548467200395
3277,380.3155378336476,60828.08783830711
3278,369.7349896280083,59595.548467200395
3279,325.8310672362365,62060.62720941386
3280,267.3971334061831,60828.08783830711
3281,187.0937675231456,59595.548467200395
3282,88.63027434699397,58363.00909609367
3283,0.0,58363.00909609367
3284,0.0,55897.930353880205
3285,0.0,55897.930353880205
3286,0.0,54665.39098277348
3287,0.0,53377.35411481341
3288,0.0,53377.35411481341
3289,0.0,48319.01253579141
3290,0.0,41761.90308150357
3291,0.0,39540.323405765535
3292,0.0,36108.93379660439
3293,0.0,32677.544187443254
3294,0.0,30389.951114669166
3295,0.0,25306.6747029736
3296,41.93689421619547,21204.78367593039
3297,108.0476215788354,22230.2564326912
3298,77.18070947290602,27357.620216495194
3299,147.70456170925397,31533.7476510562
3300,369.61497002703146,36108.93379660439
3301,254.1350477185176,40684.11994215258
3302,273.8962424827907,41761.90308150357
3303,323.19242028988265,40684.11994215258
3304,253.41789633556544,41761.90308150357
3305,0.0,44384.74686321872
3306,0.0,48319.01253579141
3307,0.0,49630.434426648935
3308,0.0,49630.434426648935
3309,0.0,52253.278208364085
3310,0.0,54665.39098277348
3311,0.0,50941.856317506514
3312,0.0,47007.59064493383
3313,0.0,41761.90308150357
3314,0.0,43073.32497236115
3315,0.0,41761.90308150357
3316,0.0,37252.73033299145
3317,0.0,29409.554083480263
3318,0.0,22230.2564326912
3319,0.0,19300.334270517476
3320,59.31729066426631,21204.78367593039
3321,172.91051199472895,29409.554083480263
3322,262.00968590764506,30389.951114669166
3323,328.0286425511014,29409.554083480263
3324,366.6144101648767,33821.340723830304
3325,384.3101422996638,37252.73033299145
3326,372.5529349736828,34965.137260217336
3327,340.19389622914866,31533.7476510562
3328,277.72862693951777,30389.951114669166
3329,194.85690499316348,37252.73033299145
3330,92.93288916760508,36108.93379660439
3331,0.0,34965.137260217336
3332,0.0,32677.544187443254
3333,0.0,32677.544187443254
3334,0.0,34965.137260217336
3335,0.0,38396.526869378475
3336,0.0,37252.73033299145
3337,0.0,32677.544187443254
3338,0.0,28383.092973255996
3339,0.0,24281.201946212797
3340,0.0,22230.2564326912
3341,0.0,22230.2564326912
3342,0.0,20179.310919169588
3343,0.0,16731.085192499828
3344,77.62955526935062,14216.70487544209
3345,178.70079218511702,16731.085192499828
3346,268.3549416185799,16731.085192499828
3347,331.8047387031526,16731.085192499828
3348,372.0268033663757,20179.310919169588
3349,386.1127211330374,22230.2564326912
3350,368.7994640739551,25306.6747029736
3351,332.8319384999551,25306.6747029736
3352,279.5350177454012,26332.14745973439
3353,198.7043940199436,28383.092973255996
3354,91.17513256327685,29409.554083480263
3355,0.0,25306.6747029736
3356,0.0,21204.78367593039
3357,0.0,22230.2564326912
3358,0.0,24281.201946212797
3359,0.0,26332.14745973439
3360,0.0,25306.6747029736
3361,0.0,24281.201946212797
3362,0.0,15892.958420147246
3363,0.0,10983.930182082157
3364,0.0,7709.070170593332
3365,0.0,4643.920831703906
3366,0.0,4050.9841289547107
3367,0.0,4050.9841289547107
3368,75.82415161885228,5815.889696573389
3369,183.11739003538037,10233.310802619917
3370,274.03912585235776,20179.310919169588
3371,336.8527480735156,26332.14745973439
3372,373.35552120765993,26332.14745973439
3373,388.9026619282426,27357.620216495194
3374,311.5364608662579,27357.620216495194
3375,274.93746515286654,32677.544187443254
3376,280.23090026930083,39540.323405765535
3377,199.46614380369925,41761.90308150357
3378,96.0032088750934,38396.526869378475
3379,0.0,32677.544187443254
3380,0.0,31533.7476510562
3381,0.0,34965.137260217336
3382,0.0,37252.73033299145
3383,0.0,37252.73033299145
3384,0.0,33821.340723830304
3385,0.0,27357.620216495194
3386,0.0,22230.2564326912
3387,0.0,19300.334270517476
3388,0.0,17569.211964852395
3389,0.0,15054.831647794676
3390,0.0,11822.056954434736
3391,0.0,6446.949854580043
3392,78.96724055950284,5274.980989710559
3393,183.5854626192965,8971.190486606622
3394,272.9723201746075,14216.70487544209
3395,334.80755982279896,16731.085192499828
3396,373.7522787736941,18407.338737204973
3397,389.3382852824568,20179.310919169588
3398,378.5814715968313,18407.338737204973
3399,345.30412691238325,20179.310919169588
3400,280.3141654239747,23255.729189451984
3401,199.96480186015845,27357.620216495194
3402,95.00945025300588,40684.11994215258
3403,0.0,54665.39098277348
3404,0.0,59595.548467200395
3405,0.0,59595.548467200395
3406,0.0,55897.930353880205
3407,0.0,55897.930353880205
3408,0.0,52253.278208364085
3409,0.0,41761.90308150357
3410,0.0,40684.11994215258
3411,0.0,37252.73033299145
3412,0.0,28383.092973255996
3413,0.0,29409.554083480263
3414,0.0,30389.951114669166
3415,0.0,29409.554083480263
3416,42.12647094015795,19300.334270517476
3417,123.96425093323552,18407.338737204973
3418,243.1997386232181,18407.338737204973
3419,234.59777679852837,28383.092973255996
3420,333.8668981584959,38396.526869378475
3421,383.6483295500987,60828.08783830711
3422,374.29243098701113,66812.82506279985
3423,335.5107298876652,74336.24538403534
3424,276.4929328818216,73261.47105243028
3425,192.34634544956927,68962.37372601002
3426,90.33409714858792,67887.59939440493
3427,0.0,64525.7059516273
3428,0.0,67887.59939440493
3429,0.0,72186.69672082523
3430,0.0,73261.47105243028
3431,0.0,75411.01971564042
3432,0.0,75411.01971564042
3433,0.0,68962.37372601002
3434,0.0,59595.548467200395
3435,0.0,49630.434426648935
3436,0.0,39540.323405765535
3437,0.0,36108.93379660439
3438,0.0,32677.544187443254
3439,0.0,29409.554083480263
3440,37.05560299676246,29409.554083480263
3441,167.84530975021195,31533.7476510562
3442,185.05133951717903,34965.137260217336
3443,319.01421116649766,32677.544187443254
3444,294.7201484541296,38396.526869378475
3445,324.1660268157124,40684.11994215258
3446,275.47292194926507,40684.11994215258
3447,288.284692148132,44384.74686321872
3448,254.3663702871245,49630.434426648935
3449,138.8091838985575,48319.01253579141
3450,70.80979733774147,47007.59064493383
3451,0.0,48319.01253579141
3452,0.0,44384.74686321872
3453,0.0,49630.434426648935
3454,0.0,52253.278208364085
3455,0.0,55897.930353880205
3456,0.0,52253.278208364085
3457,0.0,48319.01253579141
3458,0.0,49630.434426648935
3459,0.0,52253.278208364085
3460,0.0,53377.35411481341
3461,0.0,63293.16658052061
3462,0.0,55897.930353880205
3463,0.0,41761.90308150357
3464,16.49314729968467,43073.32497236115
3465,72.4256192931969,36108.93379660439
3466,117.98782831137184,31533.7476510562
3467,129.11662908651428,39540.323405765535
3468,187.7377424917966,44384.74686321872
3469,176.20968979387862,57130.46972498692
3470,265.93650174930167,58363.00909609367
3471,201.4627873976769,60828.08783830711
3472,145.23915268051329,68962.37372601002
3473,188.0780169954778,72186.69672082523
3474,39.14911756243997,71111.92238922014
3475,0.0,71111.92238922014
3476,0.0,72186.69672082523
3477,0.0,71111.92238922014
3478,0.0,65582.16826971881
3479,0.0,62060.62720941386
3480,0.0,57130.46972498692
3481,0.0,52253.278208364085
3482,0.0,52253.278208364085
3483,0.0,48319.01253579141
3484,0.0,40684.11994215258
3485,0.0,34965.137260217336
3486,0.0,33821.340723830304
3487,0.0,37252.73033299145
3488,32.04332506654497,38396.526869378475
3489,73.99792283619416,43073.32497236115
3490,96.61586500813058,44384.74686321872
3491,145.00753887910068,47007.59064493383
3492,328.0515918485914,50941.856317506514
3493,65.82283004612216,54665.39098277348
3494,258.0314176060993,57130.46972498692
3495,264.8633012898224,67887.59939440493
3496,194.64640436668824,68962.37372601002
3497,148.11464934183715,65582.16826971881
3498,64.97134786167912,60828.08783830711
3499,0.0,57130.46972498692
3500,0.0,57130.46972498692
3501,0.0,60828.08783830711
3502,0.0,60828.08783830711
3503,0.0,60828.08783830711
3504,0.0,60828.08783830711
3505,0.0,63293.16658052061
3506,0.0,63293.16658052061
3507,0.0,68962.37372601002
3508,0.0,64525.7059516273
3509,0.0,64525.7059516273
3510,0.0,63293.16658052061
3511,0.0,60828.08783830711
3512,63.420254541467216,52253.278208364085
3513,155.15123278965223,44384.74686321872
3514,249.27012104028572,43073.32497236115
3515,307.7739434745739,45696.16875407625
3516,351.0198579920021,48319.01253579141
3517,376.59002050637565,54665.39098277348
3518,194.79243741294172,55897.930353880205
3519,251.4070337563853,60828.08783830711
3520,135.6550601735341,65582.16826971881
3521,156.96944662502298,66812.82506279985
3522,87.35590685670407,66812.82506279985
3523,0.0,67887.59939440493
3524,0.0,68962.37372601002
3525,0.0,73261.47105243028
3526,0.0,76332.25485701617
3527,0.0,79181.85571659937
3528,0.0,79181.85571659937
3529,0.0,72186.69672082523
3530,0.0,66812.82506279985
3531,0.0,70037.14805761506
3532,0.0,62060.62720941386
3533,0.0,58363.00909609367
3534,0.0,53377.35411481341
3535,0.0,53377.35411481341
3536,70.5362482268766,48319.01253579141
3537,37.84414319840496,57130.46972498692
3538,220.5539083010933,60828.08783830711
3539,289.05250727220147,65582.16826971881
3540,353.27611157330773,68962.37372601002
3541,374.677194788948,72186.69672082523
3542,356.54498409673096,75411.01971564042
3543,329.31118473207533,81755.39792347024
3544,235.9192822300335,84206.39050144247
3545,185.16798221327824,85922.08530602304
3546,54.49035101190803,84206.39050144247
3547,0.0,82613.24532576054
3548,0.0,79181.85571659937
3549,0.0,79181.85571659937
3550,0.0,79181.85571659937
3551,0.0,75411.01971564042
3552,0.0,72186.69672082523
3553,0.0,67887.59939440493
3554,0.0,63293.16658052061
3555,0.0,67887.59939440493
3556,0.0,64525.7059516273
3557,0.0,58363.00909609367
3558,0.0,54665.39098277348
3559,0.0,40684.11994215258
3560,5.798448829555901,40684.11994215258
3561,61.59923101707405,40684.11994215258
3562,170.9154536636061,49630.434426648935
3563,299.54814671570784,65582.16826971881
3564,251.5514815499438,80897.55052117995
3565,362.30874360311714,80039.70311888967
3566,178.0577844272808,85064.23790373276
3567,259.5068835368836,87941.61104396792
3568,136.4684908468342,89203.73135998122
3569,62.26748417616045,88572.67120197456
3570,22.13216510995874,80039.70311888967
3571,0.0,76332.25485701617
3572,0.0,78324.0083143091
3573,0.0,80897.55052117995
3574,0.0,80897.55052117995
3575,0.0,84206.39050144247
3576,0.0,84206.39050144247
3577,0.0,82613.24532576054
3578,0.0,80039.70311888967
3579,0.0,78324.0083143091
3580,0.0,75411.01971564042
3581,0.0,71111.92238922014
3582,0.0,72186.69672082523
3583,0.0,72186.69672082523
3584,52.45894658034759,71111.92238922014
3585,113.34003029935646,72186.69672082523
3586,140.93984870507066,74336.24538403534
3587,155.2213356234193,76332.25485701617
3588,175.28524422055452,80897.55052117995
3589,230.1235229496075,85064.23790373276
3590,180.25155752368568,93371.09454287807
3591,92.53016328303262,94357.12603976345
3592,145.49168560878326,95343.15753664883
3593,81.92317373730491,95836.17328509153
3594,64.10175620849763,93864.11029132077
3595,0.0,89834.79151798786
3596,0.0,90465.85167599452
3597,0.0,91637.82054086399
3598,0.0,94850.14178820615
3599,0.0,93864.11029132077
3600,0.0,94357.12603976345
3601,0.0,90465.85167599452
3602,0.0,84206.39050144247
3603,0.0,85064.23790373276
3604,0.0,83471.09272805079
3605,0.0,85064.23790373276
3606,0.0,84206.39050144247
3607,0.0,84206.39050144247
3608,23.609716359397744,90465.85167599452
3609,123.42981372753177,95343.15753664883
3610,154.09204685637678,98640.34211862787
3611,83.47491470216572,99994.18904261361
3612,218.7170575363484,99936.4357692246
3613,333.22625858001345,99906.85482431804
3614,251.9300501123082,99984.32872764475
3615,279.5465949438685,99910.91413318588
3616,142.09495693618427,99984.32872764475
3617,131.78069100038445,99974.46841267591
3618,79.52663862653841,99260.13334524154
3619,0.0,97989.56133068351
3620,0.0,99508.04983588701
3621,0.0,98485.39431197445
3622,0.0,97033.4972455952
3623,0.0,94638.84932458785
3624,0.0,92178.72924772683
3625,0.0,89203.73135998122
3626,0.0,86044.63493492166
3627,0.0,82000.49718126746
3628,0.0,77833.80979871466
3629,0.0,72800.8534817424
3630,0.0,67734.06020417565
3631,0.0,61884.5501563986
3632,62.9987193117426,56074.007406895464
3633,179.36677816538975,50005.1263954654
3634,269.50404239795216,43635.362925585825
3635,337.5748076758622,37906.32835378405
3636,367.3130370739051,52253.278208364085
3637,336.86651137111875,58363.00909609367
3638,378.8585895910652,54665.39098277348
3639,340.84122000866887,54665.39098277348
3640,280.9437046028476,55897.930353880205
3641,196.1268635716674,55897.930353880205
3642,97.3163812156892,55897.930353880205
3643,0.0,55897.930353880205
3644,0.0,57130.46972498692
3645,0.0,62060.62720941386
3646,0.0,64525.7059516273
3647,0.0,65582.16826971881
3648,0.0,65582.16826971881
3649,0.0,65582.16826971881
3650,0.0,59595.548467200395
3651,0.0,63293.16658052061
3652,0.0,66812.82506279985
3653,0.0,66812.82506279985
3654,0.0,66812.82506279985
3655,0.0,65582.16826971881
3656,70.85502607875081,64525.7059516273
3657,171.79738130681557,68962.37372601002
3658,267.0947880384378,68962.37372601002
3659,335.5506088465374,68962.37372601002
3660,371.0575511045704,70037.14805761506
3661,380.92596352245823,72186.69672082523
3662,371.87900762726446,74336.24538403534
3663,342.7092177695468,74336.24538403534
3664,279.40543808339663,73261.47105243028
3665,198.978693910966,72186.69672082523
3666,96.41114455854584,71111.92238922014
3667,0.0,68962.37372601002
3668,0.0,66812.82506279985
3669,0.0,65582.16826971881
3670,0.0,63293.16658052061
3671,0.0,63293.16658052061
3672,0.0,62060.62720941386
3673,0.0,60828.08783830711
3674,0.0,55897.930353880205
3675,0.0,53377.35411481341
3676,0.0,50941.856317506514
3677,0.0,48319.01253579141
3678,0.0,47007.59064493383
3679,0.0,47007.59064493383
3680,71.4364467100746,50941.856317506514
3681,177.13677216689237,64525.7059516273
3682,262.9523438499717,67887.59939440493
3683,328.9622248887762,68962.37372601002
3684,369.1925627443742,68962.37372601002
3685,386.87899464405547,67887.59939440493
3686,374.8516783575345,65582.16826971881
3687,337.11350689790675,70037.14805761506
3688,276.5485686270632,70037.14805761506
3689,192.59885695966847,67887.59939440493
3690,82.55915063104068,66812.82506279985
3691,0.0,65582.16826971881
3692,0.0,66812.82506279985
3693,0.0,68962.37372601002
3694,0.0,71111.92238922014
3695,0.0,73261.47105243028
3696,0.0,74336.24538403534
3697,0.0,73261.47105243028
3698,0.0,60828.08783830711
3699,0.0,54665.39098277348
3700,0.0,49630.434426648935
3701,0.0,52253.278208364085
3702,0.0,55897.930353880205
3703,0.0,53377.35411481341
3704,52.23126601255954,49630.434426648935
3705,168.612921155651,58363.00909609367
3706,254.4102192755397,63293.16658052061
3707,314.3085055895056,67887.59939440493
3708,365.16433658883096,71111.92238922014
3709,380.9246520568462,74336.24538403534
3710,363.9730940437145,78324.0083143091
3711,306.8325568199333,80897.55052117995
3712,261.46483759867306,83471.09272805079
3713,185.20422348434315,84206.39050144247
3714,92.3271325005338,85064.23790373276
3715,0.0,80039.70311888967
3716,0.0,74336.24538403534
3717,0.0,71111.92238922014
3718,0.0,67887.59939440493
3719,0.0,67887.59939440493
3720,0.0,66812.82506279985
3721,0.0,70037.14805761506
3722,0.0,54665.39098277348
3723,0.0,57130.46972498692
3724,0.0,58363.00909609367
3725,0.0,57130.46972498692
3726,0.0,54665.39098277348
3727,0.0,48319.01253579141
3728,53.04424597763517,54665.39098277348
3729,158.99846961892948,60828.08783830711
3730,246.2898967440619,70037.14805761506
3731,319.3313905244171,76332.25485701617
3732,361.3067145049176,80897.55052117995
3733,356.7972712165364,81755.39792347024
3734,279.6791208557695,78324.0083143091
3735,332.63711777614816,74336.24538403534
3736,249.5326543528849,68962.37372601002
3737,183.3236231513177,65582.16826971881
3738,91.17515691697588,65582.16826971881
3739,0.0,70037.14805761506
3740,0.0,73261.47105243028
3741,0.0,73261.47105243028
3742,0.0,73261.47105243028
3743,0.0,73261.47105243028
3744,0.0,74336.24538403534
3745,0.0,72186.69672082523
3746,0.0,64525.7059516273
3747,0.0,62060.62720941386
3748,0.0,59595.548467200395
3749,0.0,59595.548467200395
3750,0.0,62060.62720941386
3751,0.0,63293.16658052061
3752,41.3816828847245,52253.278208364085
3753,151.77276535412898,52253.278208364085
3754,256.5457018276862,50941.856317506514
3755,324.60781613410234,52253.278208364085
3756,364.7959307936862,54665.39098277348
3757,381.8786707707668,60828.08783830711
3758,370.207284313774,62060.62720941386
3759,331.09820741890445,65582.16826971881
3760,112.4229931424165,71111.92238922014
3761,189.3932534323892,73261.47105243028
3762,37.62805355416607,76332.25485701617
3763,0.0,77407.02918862127
3764,0.0,77407.02918862127
3765,0.0,78324.0083143091
3766,0.0,77407.02918862127
3767,0.0,74336.24538403534
3768,0.0,72186.69672082523
3769,0.0,67887.59939440493
3770,0.0,64525.7059516273
3771,0.0,54665.39098277348
3772,0.0,53377.35411481341
3773,0.0,60828.08783830711
3774,0.0,63293.16658052061
3775,0.0,63293.16658052061
3776,65.94690623839895,68962.37372601002
3777,168.15071574388222,76332.25485701617
3778,256.10402878584966,81755.39792347024
3779,311.70093495218737,84206.39050144247
3780,231.98762771011988,85064.23790373276
3781,288.70443600675446,86679.49072795465
3782,290.426416955428,83471.09272805079
3783,324.2125706310318,83471.09272805079
3784,275.0628482175693,84206.39050144247
3785,193.4981688985453,85064.23790373276
3786,95.3924994047961,87310.55088596127
3787,0.0,87941.61104396792
3788,0.0,89203.73135998122
3789,0.0,89834.79151798786
3790,0.0,87941.61104396792
3791,0.0,85922.08530602304
3792,0.0,86679.49072795465
3793,0.0,86679.49072795465
3794,0.0,82613.24532576054
3795,0.0,85064.23790373276
3796,0.0,85064.23790373276
3797,0.0,87310.55088596127
3798,0.0,87310.55088596127
3799,0.0,86679.49072795465
3800,60.52871039929557,85922.08530602304
3801,157.95929613789542,92268.88069887063
3802,243.2156186141888,95343.15753664883
3803,315.91172036095435,96751.7739607708
3804,357.43814160096133,98423.41518931308
3805,377.53783640825145,99260.13334524154
3806,362.4632160906728,98423.41518931308
3807,329.9457406720544,97244.78970921351
3808,157.21344563521657,96258.75821232813
3809,20.771037400150465,95343.15753664883
3810,0.0,96751.7739607708
3811,0.0,95836.17328509153
3812,0.0,94357.12603976345
3813,0.0,92878.07879443538
3814,0.0,92878.07879443538
3815,0.0,86679.49072795465
3816,0.0,87310.55088596127
3817,0.0,85064.23790373276
3818,0.0,83471.09272805079
3819,0.0,82613.24532576054
3820,0.0,80897.55052117995
3821,0.0,79181.85571659937
3822,0.0,80897.55052117995
3823,0.0,77407.02918862127
3824,45.046585709357934,77407.02918862127
3825,97.66345224467074,70037.14805761506
3826,241.1853222737244,65582.16826971881
3827,313.905285562952,66812.82506279985
3828,291.7057844290735,71111.92238922014
3829,360.8548754814109,78324.0083143091
3830,363.8893177600335,80897.55052117995
3831,280.7770552166682,85064.23790373276
3832,135.03099522444154,89203.73135998122
3833,52.29779516015003,89834.79151798786
3834,95.37997038383614,86679.49072795465
3835,0.0,80897.55052117995
3836,0.0,82613.24532576054
3837,0.0,79181.85571659937
3838,0.0,72186.69672082523
3839,0.0,65582.16826971881
3840,0.0,64525.7059516273
3841,0.0,62060.62720941386
3842,0.0,47007.59064493383
3843,0.0,49630.434426648935
3844,0.0,52253.278208364085
3845,0.0,53377.35411481341
3846,0.0,55897.930353880205
3847,0.0,62060.62720941386
3848,70.58563378437542,59595.548467200395
3849,63.22427948488192,47007.59064493383
3850,179.45694537533151,43073.32497236115
3851,243.57559530932272,50941.856317506514
3852,320.6347593334595,65582.16826971881
3853,0.0,75411.01971564042
3854,339.05639454902985,67887.59939440493
3855,78.8453642541676,71111.92238922014
3856,27.93200714163521,76332.25485701617
3857,16.441101261932403,75411.01971564042
3858,55.27758738173942,70037.14805761506
3859,0.0,67887.59939440493
3860,0.0,67887.59939440493
3861,0.0,63293.16658052061
3862,0.0,57130.46972498692
3863,0.0,47007.59064493383
3864,0.0,49630.434426648935
3865,0.0,49630.434426648935
3866,0.0,38396.526869378475
3867,0.0,45696.16875407625
3868,0.0,49630.434426648935
3869,0.0,53377.35411481341
3870,0.0,54665.39098277348
3871,0.0,54665.39098277348
3872,11.60878250379865,52253.278208364085
3873,15.620283305485533,48319.01253579141
3874,97.13474324459864,45696.16875407625
3875,152.47553347086676,50941.856317506514
3876,156.66491103859752,50941.856317506514
3877,205.7884994241637,49630.434426648935
3878,179.08014401664488,53377.35411481341
3879,98.11628940512482,50941.856317506514
3880,110.43322592505504,44384.74686321872
3881,103.48910948116053,45696.16875407625
3882,33.627957761409384,45696.16875407625
3883,0.0,44384.74686321872
3884,0.0,48319.01253579141
3885,0.0,54665.39098277348
3886,0.0,55897.930353880205
3887,0.0,54665.39098277348
3888,0.0,52253.278208364085
3889,0.0,49630.434426648935
3890,0.0,45696.16875407625
3891,0.0,47007.59064493383
3892,0.0,49630.434426648935
3893,0.0,54665.39098277348
3894,0.0,58363.00909609367
3895,0.0,59595.548467200395
3896,57.503762382597664,62060.62720941386
3897,161.0305259480237,66812.82506279985
3898,251.10240125025484,71111.92238922014
3899,302.7886276937208,75411.01971564042
3900,357.7562685614229,79181.85571659937
3901,377.9609694835734,81755.39792347024
3902,369.0600467418944,84206.39050144247
3903,332.31949394124774,87310.55088596127
3904,274.9566798513142,88572.67120197456
3905,189.9184082909525,88572.67120197456
3906,91.82002982137536,88572.67120197456
3907,0.0,86679.49072795465
3908,0.0,86679.49072795465
3909,0.0,86679.49072795465
3910,0.0,87310.55088596127
3911,0.0,89203.73135998122
3912,0.0,90465.85167599452
3913,0.0,87310.55088596127
3914,0.0,80039.70311888967
3915,0.0,75411.01971564042
3916,0.0,80039.70311888967
3917,0.0,84206.39050144247
3918,0.0,85064.23790373276
3919,0.0,84206.39050144247
3920,58.18369970537112,87941.61104396792
3921,157.48346194444218,91637.82054086399
3922,249.5792794945588,92878.07879443538
3923,318.78599527413223,93864.11029132077
3924,351.0164235942937,95343.15753664883
3925,377.8188554176061,97737.8054576562
3926,370.6122533791686,95836.17328509153
3927,330.4073162676599,96751.7739607708
3928,273.9093520039426,97989.56133068351
3929,191.62266789752016,97989.56133068351
3930,96.4108951231496,97244.78970921351
3931,0.0,96258.75821232813
3932,0.0,95836.17328509153
3933,0.0,93371.09454287807
3934,0.0,91006.76038285733
3935,0.0,89834.79151798786
3936,0.0,89834.79151798786
3937,0.0,89203.73135998122
3938,0.0,85922.08530602304
3939,0.0,85922.08530602304
3940,0.0,82613.24532576054
3941,0.0,76332.25485701617
3942,0.0,72186.69672082523
3943,0.0,70037.14805761506
3944,54.946727781189054,74336.24538403534
3945,150.87372007008375,81755.39792347024
3946,154.18569744718363,85922.08530602304
3947,266.95046582060525,88572.67120197456
3948,360.02827748075407,93371.09454287807
3949,374.9041937406363,95343.15753664883
3950,367.6647596952096,92878.07879443538
3951,322.2644569303063,95836.17328509153
3952,266.2654132824443,96258.75821232813
3953,160.36617752727784,96258.75821232813
3954,61.94050003474688,95343.15753664883
3955,0.0,92878.07879443538
3956,0.0,95343.15753664883
3957,0.0,97244.78970921351
3958,0.0,97989.56133068351
3959,0.0,97989.56133068351
3960,0.0,95343.15753664883
3961,0.0,94850.14178820615
3962,0.0,92878.07879443538
3963,0.0,92268.88069887063
3964,0.0,92878.07879443538
3965,0.0,87941.61104396792
3966,0.0,86679.49072795465
3967,0.0,86679.49072795465
3968,4.922437631637458,80897.55052117995
3969,65.96624149724742,89203.73135998122
3970,167.43890043234418,92268.88069887063
3971,249.65979496020944,94357.12603976345
3972,157.79142710535933,89834.79151798786
3973,263.9788955731849,84206.39050144247
3974,101.4661031396768,80897.55052117995
3975,250.13430326464956,81755.39792347024
3976,242.80427136093604,83471.09272805079
3977,34.54558064609473,86679.49072795465
3978,27.52055754903557,81755.39792347024
3979,0.8952519218072964,78324.0083143091
3980,0.0,77407.02918862127
3981,0.0,76332.25485701617
3982,0.0,74336.24538403534
3983,0.0,74336.24538403534
3984,0.0,76332.25485701617
3985,0.0,74336.24538403534
3986,0.0,70037.14805761506
3987,0.0,67887.59939440493
3988,0.0,63293.16658052061
3989,0.0,64525.7059516273
3990,0.0,62060.62720941386
3991,0.0,66812.82506279985
3992,60.16406340849601,64525.7059516273
3993,103.95296640430954,55897.930353880205
3994,235.98357324316157,53377.35411481341
3995,318.8621016001814,59595.548467200395
3996,359.8696177394202,63293.16658052061
3997,374.6202664067845,64525.7059516273
3998,300.6316531476185,68962.37372601002
3999,332.56581768703904,70037.14805761506
4000,278.1183285292604,68962.37372601002
4001,193.04926770185372,66812.82506279985
4002,97.17248234980671,65582.16826971881
4003,2.226684803941144,63293.16658052061
4004,0.0,59595.548467200395
4005,0.0,59595.548467200395
4006,0.0,58363.00909609367
4007,0.0,54665.39098277348
4008,0.0,54665.39098277348
4009,0.0,55897.930353880205
4010,0.0,53377.35411481341
4011,0.0,57130.46972498692
4012,0.0,58363.00909609367
4013,0.0,57130.46972498692
4014,0.0,55897.930353880205
4015,0.0,57130.46972498692
4016,36.48487717364706,57130.46972498692
4017,161.64905875442346,66812.82506279985
4018,238.9785832868853,68962.37372601002
4019,256.5193949869507,73261.47105243028
4020,266.2935374335702,73261.47105243028
4021,299.80240189496106,75411.01971564042
4022,244.8948760434777,75411.01971564042
4023,312.38294523092026,73261.47105243028
4024,256.296059015404,72186.69672082523
4025,189.7861501426156,71111.92238922014
4026,86.71773296659809,67887.59939440493
4027,2.225278154272164,67887.59939440493
4028,0.0,70037.14805761506
4029,0.0,70037.14805761506
4030,0.0,72186.69672082523
4031,0.0,76332.25485701617
4032,0.0,78324.0083143091
4033,0.0,78324.0083143091
4034,0.0,70037.14805761506
4035,0.0,72186.69672082523
4036,0.0,72186.69672082523
4037,0.0,64525.7059516273
4038,0.0,62060.62720941386
4039,0.0,55897.930353880205
4040,53.30866304664357,43073.32497236115
4041,124.9473797223611,41761.90308150357
4042,239.89560412723603,47007.59064493383
4043,313.5707218260608,53377.35411481341
4044,354.6656538036776,58363.00909609367
4045,310.14939092632585,62060.62720941386
4046,343.92169341553824,65582.16826971881
4047,231.81806771067176,72186.69672082523
4048,271.3529145006568,77407.02918862127
4049,185.9899116074456,80897.55052117995
4050,95.13374960981314,85064.23790373276
4051,2.236696839820356,81755.39792347024
4052,0.0,78324.0083143091
4053,0.0,80039.70311888967
4054,0.0,79181.85571659937
4055,0.0,80039.70311888967
4056,0.0,79181.85571659937
4057,0.0,74336.24538403534
4058,0.0,62060.62720941386
4059,0.0,58363.00909609367
4060,0.0,54665.39098277348
4061,0.0,53377.35411481341
4062,0.0,45696.16875407625
4063,0.0,43073.32497236115
4064,36.18768233698477,49630.434426648935
4065,46.750146384807486,53377.35411481341
4066,193.0022882060652,55897.930353880205
4067,311.588253954134,60828.08783830711
4068,329.5744271028778,62060.62720941386
4069,308.698224476052,64525.7059516273
4070,325.8568598075892,62060.62720941386
4071,312.8197103400532,57130.46972498692
4072,259.50902627757165,60828.08783830711
4073,188.3873132862035,60828.08783830711
4074,93.65808863708703,57130.46972498692
4075,2.675982955430225,53377.35411481341
4076,0.0,54665.39098277348
4077,0.0,59595.548467200395
4078,0.0,63293.16658052061
4079,0.0,65582.16826971881
4080,0.0,0.0
4081,0.0,0.0
4082,0.0,60828.08783830711
4083,0.0,59595.548467200395
4084,0.0,53377.35411481341
4085,0.0,45696.16875407625
4086,0.0,39540.323405765535
4087,0.0,37252.73033299145
4088,61.6149391882469,36108.93379660439
4089,156.28019557395027,37252.73033299145
4090,255.6944684399696,39540.323405765535
4091,279.17610998538777,37252.73033299145
4092,362.5663861402308,38396.526869378475
4093,372.2868637078727,43073.32497236115
4094,346.16348740785435,45696.16875407625
4095,324.5547976392866,47007.59064493383
4096,273.19967244237995,45696.16875407625
4097,191.18956279321523,47007.59064493383
4098,89.6791351632165,47007.59064493383
4099,2.677670935033001,47007.59064493383
4100,0.0,47007.59064493383
4101,0.0,50941.856317506514
4102,0.0,54665.39098277348
4103,0.0,58363.00909609367
4104,0.0,62060.62720941386
4105,0.0,63293.16658052061
4106,0.0,0.0
4107,0.0,0.0
4108,0.0,57130.46972498692
4109,0.0,52253.278208364085
4110,0.0,48319.01253579141
4111,0.0,44384.74686321872
4112,38.080658336903966,40684.11994215258
4113,160.86205553841685,50941.856317506514
4114,251.4861350717073,58363.00909609367
4115,307.7688768666573,60828.08783830711
4116,357.63625468581347,62060.62720941386
4117,372.4603934522534,63293.16658052061
4118,360.9715991180725,62060.62720941386
4119,129.51074235048154,71111.92238922014
4120,238.2120692456696,79181.85571659937
4121,96.63016795465806,83471.09272805079
4122,100.70307274912138,83471.09272805079
4123,2.672989422630353,80039.70311888967
4124,0.0,79181.85571659937
4125,0.0,79181.85571659937
4126,0.0,80039.70311888967
4127,0.0,80039.70311888967
4128,0.0,78324.0083143091
4129,0.0,76332.25485701617
4130,0.0,74336.24538403534
4131,0.0,73261.47105243028
4132,0.0,72186.69672082523
4133,0.0,72186.69672082523
4134,0.0,73261.47105243028
4135,0.0,76332.25485701617
4136,21.50722114851157,79181.85571659937
4137,149.16866012794787,79181.85571659937
4138,238.43055788181712,84206.39050144247
4139,300.11295033663936,83471.09272805079
4140,351.2043105734477,83471.09272805079
4141,356.62024525305765,80897.55052117995
4142,307.28979875451233,80039.70311888967
4143,308.5965275509021,78324.0083143091
4144,245.9489962355025,80039.70311888967
4145,175.61610407227235,82613.24532576054
4146,85.45857271723074,81755.39792347024
4147,2.681444065909796,80897.55052117995
4148,0.0,80039.70311888967
4149,0.0,76332.25485701617
4150,0.0,72186.69672082523
4151,0.0,68962.37372601002
4152,0.0,67887.59939440493
4153,0.0,65582.16826971881
4154,0.0,58363.00909609367
4155,0.0,55897.930353880205
4156,0.0,55897.930353880205
4157,0.0,58363.00909609367
4158,0.0,57130.46972498692
4159,0.0,58363.00909609367
4160,41.46429013111575,62060.62720941386
4161,145.5592266950202,71111.92238922014
4162,218.7838601291027,73261.47105243028
4163,129.40972660937916,71111.92238922014
4164,190.4297642862664,70037.14805761506
4165,296.8437147568076,73261.47105243028
4166,273.0378309148861,76332.25485701617
4167,327.7831292124172,76332.25485701617
4168,266.9753713000608,76332.25485701617
4169,181.2138784862423,76332.25485701617
4170,88.63643790249031,80897.55052117995
4171,3.1203460499975386,81755.39792347024
4172,0.0,82613.24532576054
4173,0.0,84206.39050144247
4174,0.0,87310.55088596127
4175,0.0,87941.61104396792
4176,0.0,88572.67120197456
4177,0.0,87941.61104396792
4178,0.0,85064.23790373276
4179,0.0,84206.39050144247
4180,0.0,83471.09272805079
4181,0.0,84206.39050144247
4182,0.0,80897.55052117995
4183,0.0,78324.0083143091
4184,25.84489932499029,81755.39792347024
4185,145.8834727082747,87941.61104396792
4186,225.40909326711244,88572.67120197456
4187,293.1816980017765,90465.85167599452
4188,344.54076301689014,91637.82054086399
4189,365.5555369951932,91637.82054086399
4190,351.53333019974616,89834.79151798786
4191,313.9380935387581,89203.73135998122
4192,111.61771004794012,87941.61104396792
4193,115.76849973889146,87310.55088596127
4194,91.81180035635369,86679.49072795465
4195,3.130875553461041,86679.49072795465
4196,0.0,82613.24532576054
4197,0.0,80039.70311888967
4198,0.0,75411.01971564042
4199,0.0,72186.69672082523
4200,0.0,73261.47105243028
4201,0.0,70037.14805761506
4202,0.0,0.0
4203,0.0,0.0
4204,0.0,85922.08530602304
4205,0.0,84206.39050144247
4206,0.0,82613.24532576054
4207,0.0,80897.55052117995
4208,19.160143115720324,80897.55052117995
4209,42.90271853079455,84206.39050144247
4210,111.88683470948546,84206.39050144247
4211,186.8505266744467,84206.39050144247
4212,201.93836600949464,87941.61104396792
4213,352.2567396377316,92268.88069887063
4214,290.5961524604965,92878.07879443538
4215,66.20015968262119,92878.07879443538
4216,24.868061315768344,91637.82054086399
4217,79.17498744391158,86679.49072795465
4218,85.4363109305353,83471.09272805079
4219,0.4477270081567189,79181.85571659937
4220,0.0,80039.70311888967
4221,0.0,80897.55052117995
4222,0.0,76332.25485701617
4223,0.0,74336.24538403534
4224,0.0,72186.69672082523
4225,0.0,71111.92238922014
4226,0.0,64525.7059516273
4227,0.0,60828.08783830711
4228,0.0,63293.16658052061
4229,0.0,66812.82506279985
4230,0.0,65582.16826971881
4231,0.0,77407.02918862127
4232,6.716281408829695,70037.14805761506
4233,54.0315466938926,65582.16826971881
4234,194.5271377321162,0.0
4235,305.3394860183491,0.0
4236,342.38929381790064,58363.00909609367
4237,332.000347710706,55897.930353880205
4238,344.679406973111,58363.00909609367
4239,288.7407123325988,67887.59939440493
4240,258.22954476480766,78324.0083143091
4241,156.03752480855937,80897.55052117995
4242,97.56883687582602,81755.39792347024
4243,3.1297168831356745,81755.39792347024
4244,0.0,83471.09272805079
4245,0.0,77407.02918862127
4246,0.0,79181.85571659937
4247,0.0,77407.02918862127
4248,0.0,72186.69672082523
4249,0.0,66812.82506279985
4250,0.0,63293.16658052061
4251,0.0,59595.548467200395
4252,0.0,55897.930353880205
4253,0.0,57130.46972498692
4254,0.0,53377.35411481341
4255,0.0,48319.01253579141
4256,40.88884530673969,45696.16875407625
4257,67.06759681956729,39540.323405765535
4258,237.951125077864,44384.74686321872
4259,169.192321599378,53377.35411481341
4260,361.68198989278176,65582.16826971881
4261,342.63703602378246,70037.14805761506
4262,231.1916168266671,67887.59939440493
4263,256.2186970148689,73261.47105243028
4264,51.66902246884621,80039.70311888967
4265,125.27076229860336,85064.23790373276
4266,95.73910061317656,85064.23790373276
4267,4.024526438465839,81755.39792347024
4268,0.0,80039.70311888967
4269,0.0,80039.70311888967
4270,0.0,80897.55052117995
4271,0.0,80039.70311888967
4272,0.0,0.0
4273,0.0,0.0
4274,0.0,66812.82506279985
4275,0.0,66812.82506279985
4276,0.0,63293.16658052061
4277,0.0,62060.62720941386
4278,0.0,57130.46972498692
4279,0.0,58363.00909609367
4280,54.90047102076996,57130.46972498692
4281,137.3219301406722,59595.548467200395
4282,240.4795682517332,60828.08783830711
4283,311.97570368004006,59595.548467200395
4284,347.6447055270136,64525.7059516273
4285,351.5721277249745,68962.37372601002
4286,362.1396434539921,68962.37372601002
4287,336.0872347397114,72186.69672082523
4288,271.6743502093561,71111.92238922014
4289,187.122919864054,71111.92238922014
4290,99.01583914663574,75411.01971564042
4291,3.131814382004636,80039.70311888967
4292,0.0,79181.85571659937
4293,0.0,71111.92238922014
4294,0.0,72186.69672082523
4295,0.0,65582.16826971881
4296,0.0,62060.62720941386
4297,0.0,67887.59939440493
4298,0.0,64525.7059516273
4299,0.0,59595.548467200395
4300,0.0,52253.278208364085
4301,0.0,45696.16875407625
4302,0.0,45696.16875407625
4303,0.0,49630.434426648935
4304,45.86029929854988,53377.35411481341
4305,160.32094908060282,62060.62720941386
4306,206.40900768037733,67887.59939440493
4307,306.98610482369,71111.92238922014
4308,355.9519069774448,72186.69672082523
4309,364.8207601942885,73261.47105243028
4310,334.0978582869941,67887.59939440493
4311,224.12900042825655,70037.14805761506
4312,275.3454424505008,73261.47105243028
4313,164.413350434361,73261.47105243028
4314,94.37085529710694,73261.47105243028
4315,4.01907700358003,74336.24538403534
4316,0.0,72186.69672082523
4317,0.0,74336.24538403534
4318,0.0,73261.47105243028
4319,0.0,73261.47105243028
4320,0.0,72186.69672082523
4321,0.0,70037.14805761506
4322,0.0,60828.08783830711
4323,0.0,60828.08783830711
4324,0.0,63293.16658052061
4325,0.0,63293.16658052061
4326,0.0,62060.62720941386
4327,0.0,62060.62720941386
4328,57.259096126903735,57130.46972498692
4329,159.14231132997296,59595.548467200395
4330,90.24877858474994,62060.62720941386
4331,231.3532145836033,65582.16826971881
4332,283.2455733989982,64525.7059516273
4333,372.38160046097295,68962.37372601002
4334,358.14351676439713,71111.92238922014
4335,331.5746506967142,73261.47105243028
4336,269.2957315807284,75411.01971564042
4337,196.3908419130558,80039.70311888967
4338,99.86421020199404,85064.23790373276
4339,4.021013544313519,80897.55052117995
4340,0.0,80652.45126338273
4341,0.0,81020.10015007856
4342,0.0,81265.19940787579
4343,0.0,81632.84829457162
4344,0.0,82000.49718126746
4345,0.0,82245.59643906467
4346,0.0,82613.24532576054
4347,0.0,82858.34458355776
4348,0.0,83225.99347025357
4349,0.0,83471.09272805079
4350,0.0,83838.74161474666
4351,0.0,84206.39050144247
4352,6.680535958417962,84451.48975923969
4353,17.759390044903316,84819.13864593554
4354,113.34873754980516,85064.23790373276
4355,183.77389129664343,85431.88679042859
4356,309.4206189865363,79181.85571659937
4357,121.75508567771168,79181.85571659937
4358,164.4037881348808,80897.55052117995
4359,178.5329439511485,80897.55052117995
4360,52.641740709074206,76332.25485701617
4361,63.94589396603464,78324.0083143091
4362,46.475748724595,83471.09272805079
4363,4.4615754160061405,88572.67120197456
4364,0.0,91637.82054086399
4365,0.0,94850.14178820615
4366,0.0,92878.07879443538
4367,0.0,90465.85167599452
4368,0.0,87310.55088596127
4369,0.0,84206.39050144247
4370,0.0,79181.85571659937
4371,0.0,72186.69672082523
4372,0.0,68962.37372601002
4373,0.0,70037.14805761506
4374,0.0,68962.37372601002
4375,0.0,66812.82506279985
4376,32.92711000569852,75411.01971564042
4377,77.0865399857494,74336.24538403534
4378,162.1276127835922,73261.47105243028
4379,175.8657193667033,79181.85571659937
4380,319.57429924499286,86679.49072795465
4381,278.9428706126462,90465.85167599452
4382,356.5212298179849,94357.12603976345
4383,313.2032498858162,94357.12603976345
4384,259.7627970796654,94850.14178820615
4385,192.48035759115848,95343.15753664883
4386,73.11206315179449,96751.7739607708
4387,4.003882607055738,97244.78970921351
4388,0.0,96751.7739607708
4389,0.0,96751.7739607708
4390,0.0,97737.8054576562
4391,0.0,97989.56133068351
4392,0.0,97737.8054576562
4393,0.0,96751.7739607708
4394,0.0,93864.11029132077
4395,0.0,91006.76038285733
4396,0.0,89203.73135998122
4397,0.0,87941.61104396792
4398,0.0,85064.23790373276
4399,0.0,82613.24532576054
4400,58.85924399711994,80897.55052117995
4401,87.4502765681932,84206.39050144247
4402,214.47938537633863,93371.09454287807
4403,296.8468945414463,97244.78970921351
4404,306.23775772741743,96751.7739607708
4405,378.78264090810126,98206.4882599983
4406,365.16862815675074,96751.7739607708
4407,312.20502109128523,97737.8054576562
4408,147.91406808160644,98423.41518931308
4409,187.02034578008733,97989.56133068351
4410,102.47262573030524,94850.14178820615
4411,3.5712589684698144,92878.07879443538
4412,0.0,92878.07879443538
4413,0.0,93371.09454287807
4414,0.0,92268.88069887063
4415,0.0,89834.79151798786
4416,0.0,89834.79151798786
4417,0.0,90465.85167599452
4418,0.0,85064.23790373276
4419,0.0,85922.08530602304
4420,0.0,84206.39050144247
4421,0.0,83471.09272805079
4422,0.0,84206.39050144247
4423,0.0,84206.39050144247
4424,46.98515015116862,83471.09272805079
4425,125.249896038559,87310.55088596127
4426,152.3925231185899,89203.73135998122
4427,310.35423305187305,87310.55088596127
4428,341.3798884744571,85922.08530602304
4429,381.5836483083573,85922.08530602304
4430,375.0340642195145,86679.49072795465
4431,338.5822731103463,89203.73135998122
4432,275.5508931699876,90465.85167599452
4433,194.1673605483976,89834.79151798786
4434,99.0444263550422,90465.85167599452
4435,4.895811421665094,88572.67120197456
4436,0.0,87941.61104396792
4437,0.0,87941.61104396792
4438,0.0,87310.55088596127
4439,0.0,87310.55088596127
4440,0.0,86679.49072795465
4441,0.0,83471.09272805079
4442,0.0,76332.25485701617
4443,0.0,74336.24538403534
4444,0.0,70037.14805761506
4445,0.0,64525.7059516273
4446,0.0,65582.16826971881
4447,0.0,71111.92238922014
4448,47.70684270130761,74336.24538403534
4449,132.1786403616356,74336.24538403534
4450,241.60879351458496,78324.0083143091
4451,287.7723752457335,79181.85571659937
4452,172.2997724993826,80897.55052117995
4453,209.85895050687867,80039.70311888967
4454,283.2390313527817,75411.01971564042
4455,312.49474197208724,73261.47105243028
4456,146.94579460097538,72186.69672082523
4457,61.41508569135551,75411.01971564042
4458,63.67235088216673,77407.02918862127
4459,4.908872721069835,73261.47105243028
4460,0.0,74336.24538403534
4461,0.0,75411.01971564042
4462,0.0,71111.92238922014
4463,0.0,74336.24538403534
4464,0.0,72186.69672082523
4465,0.0,68962.37372601002
4466,0.0,70037.14805761506
4467,0.0,71111.92238922014
4468,0.0,60828.08783830711
4469,0.0,49630.434426648935
4470,0.0,50941.856317506514
4471,0.0,54665.39098277348
4472,27.776530722676327,55897.930353880205
4473,159.03201104798478,62060.62720941386
4474,246.0818254493572,70037.14805761506
4475,311.6477853596708,74336.24538403534
4476,357.6726889274788,71111.92238922014
4477,284.1051303983607,67887.59939440493
4478,364.6178782346743,60828.08783830711
4479,315.39457793630567,63293.16658052061
4480,273.2989263388169,68962.37372601002
4481,187.8942986828321,74336.24538403534
4482,99.58280653355412,79181.85571659937
4483,4.019523897595451,79181.85571659937
4484,0.0,75411.01971564042
4485,0.0,75411.01971564042
4486,0.0,74336.24538403534
4487,0.0,75411.01971564042
4488,0.0,72186.69672082523
4489,0.0,66812.82506279985
4490,0.0,65582.16826971881
4491,0.0,65582.16826971881
4492,0.0,66812.82506279985
4493,0.0,66812.82506279985
4494,0.0,70037.14805761506
4495,0.0,74336.24538403534
4496,39.42174815859271,75411.01971564042
4497,154.57442858218727,73261.47105243028
4498,233.9358451304619,79181.85571659937
4499,236.80725229706093,80039.70311888967
4500,164.9136884010605,80897.55052117995
4501,182.92718106004125,80039.70311888967
4502,104.80748410477644,75411.01971564042
4503,267.6543365782898,76332.25485701617
4504,43.69193998472405,77407.02918862127
4505,167.9211335251878,77407.02918862127
4506,83.15802414305614,78324.0083143091
4507,4.907780195432826,74336.24538403534
4508,0.0,73261.47105243028
4509,0.0,75411.01971564042
4510,0.0,78324.0083143091
4511,0.0,80897.55052117995
4512,0.0,84206.39050144247
4513,0.0,85064.23790373276
4514,0.0,80897.55052117995
4515,0.0,80897.55052117995
4516,0.0,76332.25485701617
4517,0.0,71111.92238922014
4518,0.0,67887.59939440493
4519,0.0,67887.59939440493
4520,34.88180613880107,67887.59939440493
4521,142.04363605566795,72186.69672082523
4522,221.70251587013357,76332.25485701617
4523,301.998926687447,79181.85571659937
4524,342.3448711738429,83471.09272805079
4525,362.8878993816165,86679.49072795465
4526,295.6713064284347,88572.67120197456
4527,213.28023014181372,87310.55088596127
4528,269.2131430534144,85064.23790373276
4529,185.9428443621819,82613.24532576054
4530,87.58658240983836,80897.55052117995
4531,4.91032942191918,80897.55052117995
4532,0.0,84206.39050144247
4533,0.0,85922.08530602304
4534,0.0,86679.49072795465
4535,0.0,83471.09272805079
4536,0.0,78324.0083143091
4537,0.0,76332.25485701617
4538,0.0,80039.70311888967
4539,0.0,77407.02918862127
4540,0.0,71111.92238922014
4541,0.0,65582.16826971881
4542,0.0,68962.37372601002
4543,0.0,72186.69672082523
4544,49.33549704970921,74336.24538403534
4545,150.67968455292103,74336.24538403534
4546,245.95161939635605,76332.25485701617
4547,308.8350236346853,76332.25485701617
4548,339.4046261541427,80039.70311888967
4549,367.4169078240288,83471.09272805079
4550,370.6461850249595,80897.55052117995
4551,338.34546554308804,82613.24532576054
4552,276.3853800190217,85922.08530602304
4553,192.92673690849705,87310.55088596127
4554,103.8822061262183,86679.49072795465
4555,4.9181591889844105,82613.24532576054
4556,0.0,80897.55052117995
4557,0.0,78324.0083143091
4558,0.0,80897.55052117995
4559,0.0,79181.85571659937
4560,0.0,72186.69672082523
4561,0.0,74336.24538403534
4562,0.0,62060.62720941386
4563,0.0,62060.62720941386
4564,0.0,59595.548467200395
4565,0.0,57130.46972498692
4566,0.0,54665.39098277348
4567,0.0,52253.278208364085
4568,43.36548202426936,45696.16875407625
4569,159.39463051087756,49630.434426648935
4570,248.6610982166669,49630.434426648935
4571,316.2230263822494,49630.434426648935
4572,362.4342008050197,52253.278208364085
4573,375.9442457620803,53377.35411481341
4574,361.0203370721337,49630.434426648935
4575,320.07425253368257,48319.01253579141
4576,273.23120683325965,49630.434426648935
4577,184.7711424444477,53377.35411481341
4578,98.0287050784864,58363.00909609367
4579,5.797443288064893,62060.62720941386
4580,0.0,63293.16658052061
4581,0.0,64525.7059516273
4582,0.0,67887.59939440493
4583,0.0,66812.82506279985
4584,0.0,66812.82506279985
4585,0.0,67887.59939440493
4586,0.0,59595.548467200395
4587,0.0,57130.46972498692
4588,0.0,55897.930353880205
4589,0.0,55897.930353880205
4590,0.0,55897.930353880205
4591,0.0,55897.930353880205
4592,28.128957321644556,57130.46972498692
4593,145.7507833358012,58363.00909609367
4594,213.6366687856362,52253.278208364085
4595,281.52245038797616,45696.16875407625
4596,357.7718368980477,45696.16875407625
4597,368.7493421849959,41761.90308150357
4598,265.76990006587886,48319.01253579141
4599,332.080843220323,53377.35411481341
4600,271.87408163029414,58363.00909609367
4601,194.425971547063,60828.08783830711
4602,88.75639464549636,62060.62720941386
4603,5.3532011056566216,62060.62720941386
4604,0.0,59595.548467200395
4605,0.0,62060.62720941386
4606,0.0,64525.7059516273
4607,0.0,65582.16826971881
4608,0.0,64525.7059516273
4609,0.0,63293.16658052061
4610,0.0,49630.434426648935
4611,0.0,44384.74686321872
4612,0.0,37252.73033299145
4613,0.0,33821.340723830304
4614,0.0,31533.7476510562
4615,0.0,29409.554083480263
4616,38.37945467688314,30389.951114669166
4617,154.79036994964892,37252.73033299145
4618,234.8086794424851,45696.16875407625
4619,292.85078373665107,48319.01253579141
4620,343.3127778940909,49630.434426648935
4621,374.17492170879,50941.856317506514
4622,365.6578545455688,48319.01253579141
4623,335.3285994288276,49630.434426648935
4624,281.15858665319325,50941.856317506514
4625,188.56760370097908,50941.856317506514
4626,98.3419532962308,48319.01253579141
4627,5.800886251991905,45696.16875407625
4628,0.0,44384.74686321872
4629,0.0,49630.434426648935
4630,0.0,54665.39098277348
4631,0.0,59595.548467200395
4632,0.0,62060.62720941386
4633,0.0,62060.62720941386
4634,0.0,52253.278208364085
4635,0.0,47007.59064493383
4636,0.0,47007.59064493383
4637,0.0,49630.434426648935
4638,0.0,49630.434426648935
4639,0.0,47007.59064493383
4640,40.79584276943213,47007.59064493383
4641,167.58933544574546,53377.35411481341
4642,249.29027691165683,59595.548467200395
4643,320.58858899263765,65582.16826971881
4644,338.65459340037665,68962.37372601002
4645,375.6075665888943,66812.82506279985
4646,350.6585824607239,60828.08783830711
4647,338.07439656357064,60828.08783830711
4648,279.5298962882258,63293.16658052061
4649,207.19310165683373,66812.82506279985
4650,112.58631365972526,67887.59939440493
4651,6.242792644658056,65582.16826971881
4652,0.0,65582.16826971881
4653,0.0,67887.59939440493
4654,0.0,71111.92238922014
4655,0.0,72186.69672082523
4656,0.0,74336.24538403534
4657,0.0,76332.25485701617
4658,0.0,71111.92238922014
4659,0.0,77407.02918862127
4660,0.0,80039.70311888967
4661,0.0,75411.01971564042
4662,0.0,80039.70311888967
4663,0.0,77407.02918862127
4664,37.57066638248672,79181.85571659937
4665,164.98562773264854,81755.39792347024
4666,186.03915436591583,79181.85571659937
4667,309.703344378246,75411.01971564042
4668,321.38728971873303,74336.24538403534
4669,65.76201117938295,75411.01971564042
4670,358.1709738830821,77407.02918862127
4671,341.4538725351478,77407.02918862127
4672,282.0044916354453,75411.01971564042
4673,210.8794302876301,73261.47105243028
4674,103.70883248727009,75411.01971564042
4675,6.686234254372372,74336.24538403534
4676,0.0,75411.01971564042
4677,0.0,77407.02918862127
4678,0.0,74336.24538403534
4679,0.0,74336.24538403534
4680,0.0,74336.24538403534
4681,0.0,71111.92238922014
4682,0.0,64525.7059516273
4683,0.0,60828.08783830711
4684,0.0,60828.08783830711
4685,0.0,55897.930353880205
4686,0.0,48319.01253579141
4687,0.0,47007.59064493383
4688,36.077356564372096,41761.90308150357
4689,107.45379713013536,41761.90308150357
4690,255.62739165170973,41761.90308150357
4691,323.6125553555439,47007.59064493383
4692,318.35212508703887,50941.856317506514
4693,377.9882478024812,55897.930353880205
4694,369.4056144481316,58363.00909609367
4695,343.09086870919094,58363.00909609367
4696,272.6248972590938,55897.930353880205
4697,207.1777508520505,58363.00909609367
4698,105.21902237185454,60828.08783830711
4699,5.804293416588727,62060.62720941386
4700,0.0,60828.08783830711
4701,0.0,62060.62720941386
4702,0.0,63293.16658052061
4703,0.0,64525.7059516273
4704,0.0,65582.16826971881
4705,0.0,64525.7059516273
4706,0.0,52253.278208364085
4707,0.0,48319.01253579141
4708,0.0,47007.59064493383
4709,0.0,44384.74686321872
4710,0.0,43073.32497236115
4711,0.0,47007.59064493383
4712,47.300731360109374,50941.856317506514
4713,150.12907108257073,55897.930353880205
4714,211.4012552495968,52253.278208364085
4715,326.88560225692663,50941.856317506514
4716,371.935964742717,53377.35411481341
4717,373.2924327320285,59595.548467200395
4718,376.3672483610944,65582.16826971881
4719,303.27135788879843,67887.59939440493
4720,282.3559137985925,68962.37372601002
4721,130.88427479739545,66812.82506279985
4722,65.47918918813461,62060.62720941386
4723,4.908420781406561,62060.62720941386
4724,0.0,59595.548467200395
4725,0.0,63293.16658052061
4726,0.0,64525.7059516273
4727,0.0,64525.7059516273
4728,0.0,65582.16826971881
4729,0.0,64525.7059516273
4730,0.0,50941.856317506514
4731,0.0,50941.856317506514
4732,0.0,53377.35411481341
4733,0.0,54665.39098277348
4734,0.0,54665.39098277348
4735,0.0,53377.35411481341
4736,39.646766953074405,52253.278208364085
4737,151.11190408808534,48319.01253579141
4738,236.80093681756128,44384.74686321872
4739,310.94616485567127,45696.16875407625
4740,367.1478001496232,50941.856317506514
4741,393.0836616478653,55897.930353880205
4742,374.9133770032064,62060.62720941386
4743,349.598841026239,68962.37372601002
4744,295.2663183733299,73261.47105243028
4745,51.995218151643,72186.69672082523
4746,107.00298413297035,73261.47105243028
4747,6.264809783873689,75411.01971564042
4748,0.0,73261.47105243028
4749,0.0,76332.25485701617
4750,0.0,78324.0083143091
4751,0.0,79181.85571659937
4752,0.0,79181.85571659937
4753,0.0,78324.0083143091
4754,0.0,68962.37372601002
4755,0.0,63293.16658052061
4756,0.0,58363.00909609367
4757,0.0,57130.46972498692
4758,0.0,58363.00909609367
4759,0.0,55897.930353880205
4760,22.25799294049865,49630.434426648935
4761,36.8705706091948,45696.16875407625
4762,180.2326652589717,54665.39098277348
4763,283.8233632829766,48319.01253579141
4764,224.57673449197043,53377.35411481341
4765,190.10684284852385,62060.62720941386
4766,170.98704395150992,59595.548467200395
4767,147.3661868793298,63293.16658052061
4768,92.49814798930385,66812.82506279985
4769,63.00724893337208,66812.82506279985
4770,55.898342374926735,66812.82506279985
4771,3.584762805292024,63293.16658052061
4772,0.0,67887.59939440493
4773,0.0,71111.92238922014
4774,0.0,71111.92238922014
4775,0.0,80897.55052117995
4776,0.0,81755.39792347024
4777,0.0,79181.85571659937
4778,0.0,75411.01971564042
4779,0.0,72186.69672082523
4780,0.0,71111.92238922014
4781,0.0,72186.69672082523
4782,0.0,67887.59939440493
4783,0.0,64525.7059516273
4784,5.830503893189014,59595.548467200395
4785,13.410921854052068,50941.856317506514
4786,69.8630971357069,52253.278208364085
4787,176.25881663156954,58363.00909609367
4788,234.9231581356825,64525.7059516273
4789,374.9813123535831,71111.92238922014
4790,280.56258632668533,80897.55052117995
4791,136.50131442321992,80897.55052117995
4792,285.09132872225007,80039.70311888967
4793,205.33087038280956,77407.02918862127
4794,64.20255663617827,77407.02918862127
4795,6.265041543233854,71111.92238922014
4796,0.0,66812.82506279985
4797,0.0,66812.82506279985
4798,0.0,65582.16826971881
4799,0.0,65582.16826971881
4800,0.0,63293.16658052061
4801,0.0,64525.7059516273
4802,0.0,62060.62720941386
4803,0.0,64525.7059516273
4804,0.0,58363.00909609367
4805,0.0,53377.35411481341
4806,0.0,54665.39098277348
4807,0.0,54665.39098277348
4808,40.850390126565856,54665.39098277348
4809,60.62419652832949,52253.278208364085
4810,206.23558788436924,53377.35411481341
4811,255.5980289243467,57130.46972498692
4812,316.8730341767262,49630.434426648935
4813,394.4997211207903,58363.00909609367
4814,374.2570327199356,67887.59939440493
4815,348.97574196916463,77407.02918862127
4816,285.8669797066607,83471.09272805079
4817,185.0469270897489,86679.49072795465
4818,82.27584298000686,85064.23790373276
4819,5.79658254708314,79181.85571659937
4820,0.0,76332.25485701617
4821,0.0,77407.02918862127
4822,0.0,80897.55052117995
4823,0.0,81755.39792347024
4824,0.0,82613.24532576054
4825,0.0,82613.24532576054
4826,0.0,77407.02918862127
4827,0.0,75411.01971564042
4828,0.0,74336.24538403534
4829,0.0,73261.47105243028
4830,0.0,73261.47105243028
4831,0.0,70037.14805761506
4832,57.36942427746647,68962.37372601002
4833,147.26939922973713,74336.24538403534
4834,249.67000872271043,79181.85571659937
4835,313.2303678332983,80897.55052117995
4836,358.6360620648369,82613.24532576054
4837,378.4621955009635,81755.39792347024
4838,371.84839753128455,79181.85571659937
4839,334.1229217396959,80897.55052117995
4840,281.35036829790835,82613.24532576054
4841,197.5253334484491,85922.08530602304
4842,105.91721968654322,86679.49072795465
4843,7.139605809920976,85064.23790373276
4844,0.0,80039.70311888967
4845,0.0,76332.25485701617
4846,0.0,72186.69672082523
4847,0.0,73261.47105243028
4848,0.0,74336.24538403534
4849,0.0,76332.25485701617
4850,0.0,72186.69672082523
4851,0.0,74336.24538403534
4852,0.0,73261.47105243028
4853,0.0,75411.01971564042
4854,0.0,77407.02918862127
4855,0.0,77407.02918862127
4856,43.58532761161359,74336.24538403534
4857,164.32697849913987,78324.0083143091
4858,252.41061631514685,81755.39792347024
4859,299.80493946665393,85064.23790373276
4860,345.3741379137952,85064.23790373276
4861,270.6755371984201,85922.08530602304
4862,365.8381199660921,85922.08530602304
4863,247.26796344699184,89834.79151798786
4864,242.08403591318287,90465.85167599452
4865,170.43606399264772,90465.85167599452
4866,93.88449922643764,88572.67120197456
4867,6.689279000324612,83471.09272805079
4868,0.0,77407.02918862127
4869,0.0,75411.01971564042
4870,0.0,74336.24538403534
4871,0.0,76332.25485701617
4872,0.0,77407.02918862127
4873,0.0,74336.24538403534
4874,0.0,60828.08783830711
4875,0.0,54665.39098277348
4876,0.0,52253.278208364085
4877,0.0,47007.59064493383
4878,0.0,38396.526869378475
4879,0.0,34965.137260217336
4880,26.06531005547463,38396.526869378475
4881,110.6550402200903,44384.74686321872
4882,197.5020092735329,52253.278208364085
4883,250.98067627769623,57130.46972498692
4884,318.4560261854944,59595.548467200395
4885,318.68263887740875,63293.16658052061
4886,375.1168289254164,63293.16658052061
4887,343.06394445755063,64525.7059516273
4888,265.34369748704256,67887.59939440493
4889,184.23134482893715,70037.14805761506
4890,108.59408029443225,74336.24538403534
4891,7.59656509346581,75411.01971564042
4892,0.0,72186.69672082523
4893,0.0,71111.92238922014
4894,0.0,72186.69672082523
4895,0.0,71111.92238922014
4896,0.0,68962.37372601002
4897,0.0,68962.37372601002
4898,0.0,63293.16658052061
4899,0.0,60828.08783830711
4900,0.0,60828.08783830711
4901,0.0,65582.16826971881
4902,0.0,65582.16826971881
4903,0.0,66812.82506279985
4904,26.066673524990847,66812.82506279985
4905,157.8464064240392,75411.01971564042
4906,244.8848558472851,83471.09272805079
4907,319.8559592639991,85922.08530602304
4908,366.0135075992657,86679.49072795465
4909,391.4922813190953,87310.55088596127
4910,385.1905483721105,85922.08530602304
4911,348.6958205880012,87310.55088596127
4912,293.9178677671795,87941.61104396792
4913,209.2919276061448,88572.67120197456
4914,111.17429806707273,89203.73135998122
4915,6.24744226638039,87310.55088596127
4916,0.0,84206.39050144247
4917,0.0,80897.55052117995
4918,0.0,80039.70311888967
4919,0.0,80039.70311888967
4920,0.0,77407.02918862127
4921,0.0,73261.47105243028
4922,0.0,71111.92238922014
4923,0.0,67887.59939440493
4924,0.0,64525.7059516273
4925,0.0,59595.548467200395
4926,0.0,55897.930353880205
4927,0.0,55897.930353880205
4928,34.59296473480623,59595.548467200395
4929,145.7052925602754,70037.14805761506
4930,232.52001342938308,79181.85571659937
4931,299.7866090025002,80897.55052117995
4932,348.97652425019373,81755.39792347024
4933,365.873759521785,79181.85571659937
4934,365.2859803131185,74336.24538403534
4935,339.0899061551723,73261.47105243028
4936,275.61636413419086,74336.24538403534
4937,197.83878474124083,74336.24538403534
4938,74.10094787280623,74336.24538403534
4939,7.129884255103336,66812.82506279985
4940,0.0,63293.16658052061
4941,0.0,65582.16826971881
4942,0.0,68962.37372601002
4943,0.0,74336.24538403534
4944,0.0,77407.02918862127
4945,0.0,80039.70311888967
4946,0.0,76332.25485701617
4947,0.0,80897.55052117995
4948,0.0,78324.0083143091
4949,0.0,78324.0083143091
4950,0.0,78324.0083143091
4951,0.0,77407.02918862127
4952,40.26358507351631,79181.85571659937
4953,146.64044118268478,83471.09272805079
4954,237.5658630112744,82613.24532576054
4955,295.9025066936793,82613.24532576054
4956,352.2592450245592,81755.39792347024
4957,372.9347474988314,79181.85571659937
4958,343.4051055575013,77407.02918862127
4959,333.2405354249983,77407.02918862127
4960,220.34124099465737,78324.0083143091
4961,113.45740799347637,77407.02918862127
4962,53.55374539881935,75411.01971564042
4963,4.905824848774324,74336.24538403534
4964,0.0,78324.0083143091
4965,0.0,80039.70311888967
4966,0.0,80039.70311888967
4967,0.0,77407.02918862127
4968,0.0,73261.47105243028
4969,0.0,74336.24538403534
4970,0.0,66812.82506279985
4971,0.0,63293.16658052061
4972,0.0,58363.00909609367
4973,0.0,57130.46972498692
4974,0.0,55897.930353880205
4975,0.0,55897.930353880205
4976,8.928719309890164,54665.39098277348
4977,152.95976536162672,59595.548467200395
4978,239.7307832757698,58363.00909609367
4979,320.6878272089403,54665.39098277348
4980,368.7562204103703,58363.00909609367
4981,390.7621412168132,63293.16658052061
4982,382.515432395984,59595.548467200395
4983,351.7589852028053,59595.548467200395
4984,299.1928527884208,59595.548467200395
4985,210.98112577328152,57130.46972498692
4986,114.2538078760861,55897.930353880205
4987,7.580404998703009,55897.930353880205
4988,0.0,58363.00909609367
4989,0.0,64525.7059516273
4990,0.0,67887.59939440493
4991,0.0,70037.14805761506
4992,0.0,72186.69672082523
4993,0.0,72186.69672082523
4994,0.0,67887.59939440493
4995,0.0,68962.37372601002
4996,0.0,66812.82506279985
4997,0.0,62060.62720941386
4998,0.0,57130.46972498692
4999,0.0,54665.39098277348
5000,43.88184957484509,50941.856317506514
5001,155.47029766513995,55897.930353880205
5002,250.6346009973913,53377.35411481341
5003,320.41287580199406,55897.930353880205
5004,368.424616875448,59595.548467200395
5005,391.2349199049056,67887.59939440493
5006,380.7772209048019,71111.92238922014
5007,337.27617210990013,81755.39792347024
5008,285.9026029056992,89203.73135998122
5009,184.2234780278696,91006.76038285733
5010,85.40821004033289,87941.61104396792
5011,7.14766644741662,85064.23790373276
5012,0.0,85064.23790373276
5013,0.0,84206.39050144247
5014,0.0,85922.08530602304
5015,0.0,86679.49072795465
5016,0.0,87310.55088596127
5017,0.0,82613.24532576054
5018,0.0,71111.92238922014
5019,0.0,65582.16826971881
5020,0.0,66812.82506279985
5021,0.0,68962.37372601002
5022,0.0,64525.7059516273
5023,0.0,60828.08783830711
5024,28.00288521367098,59595.548467200395
5025,151.71370768793145,59595.548467200395
5026,249.5296552119372,59595.548467200395
5027,308.1014285971687,59595.548467200395
5028,362.0040178297696,60828.08783830711
5029,391.95610948309854,64525.7059516273
5030,381.9492172490597,65582.16826971881
5031,341.96086227565416,70037.14805761506
5032,294.1534643592297,72186.69672082523
5033,207.278825190624,72186.69672082523
5034,110.25024048002282,68962.37372601002
5035,7.1325681566286425,66812.82506279985
5036,0.0,65582.16826971881
5037,0.0,67887.59939440493
5038,0.0,70037.14805761506
5039,0.0,72186.69672082523
5040,0.0,70037.14805761506
5041,0.0,73261.47105243028
5042,0.0,71111.92238922014
5043,0.0,66812.82506279985
5044,0.0,57130.46972498692
5045,0.0,49630.434426648935
5046,0.0,50941.856317506514
5047,0.0,50941.856317506514
5048,37.76054933820711,44384.74686321872
5049,137.04582390823583,43073.32497236115
5050,234.36901312242836,49630.434426648935
5051,314.14575778916736,60828.08783830711
5052,365.5740486173821,70037.14805761506
5053,387.8813993048469,72186.69672082523
5054,383.0928450557766,67887.59939440493
5055,348.52444747290457,68962.37372601002
5056,288.63847509681915,68962.37372601002
5057,208.01056790902325,70037.14805761506
5058,110.04947925890988,67887.59939440493
5059,7.584907896529584,67887.59939440493
5060,0.0,67887.59939440493
5061,0.0,66812.82506279985
5062,0.0,64525.7059516273
5063,0.0,70037.14805761506
5064,0.0,75411.01971564042
5065,0.0,78324.0083143091
5066,0.0,66812.82506279985
5067,0.0,65582.16826971881
5068,0.0,62060.62720941386
5069,0.0,58363.00909609367
5070,0.0,55897.930353880205
5071,0.0,49630.434426648935
5072,40.535645330914576,43073.32497236115
5073,132.06579847782282,47007.59064493383
5074,221.528023678985,49630.434426648935
5075,314.2634729807352,55897.930353880205
5076,368.4823576628668,62060.62720941386
5077,374.9961992411558,66812.82506279985
5078,378.91864935991725,72186.69672082523
5079,344.5102534388885,74336.24538403534
5080,294.47724129868493,73261.47105243028
5081,207.7880241065635,70037.14805761506
5082,110.36563708269809,67887.59939440493
5083,7.13782920623364,64525.7059516273
5084,0.0,68501.75615532213
5085,0.0,68194.67777486354
5086,0.0,67887.59939440493
5087,0.0,67580.52101394635
5088,0.0,67119.90344325844
5089,0.0,66812.82506279985
5090,0.0,66462.55353479505
5091,0.0,66110.39942876453
5092,0.0,65758.24532273404
5093,0.0,65230.01416368831
5094,0.0,64877.86005765781
5095,0.0,64525.7059516273
5096,4.469665222557983,64173.551845596834
5097,109.69580177094792,63821.397739566324
5098,251.44792996989503,63293.16658052061
5099,300.11260848455623,62941.0124744901
5100,329.46806360210445,65582.16826971881
5101,375.3102850633848,66812.82506279985
5102,360.7858387715246,68962.37372601002
5103,311.1321744005761,70037.14805761506
5104,198.66058378565305,67887.59939440493
5105,207.0134872568871,67887.59939440493
5106,82.6175597304512,67887.59939440493
5107,7.578668684222909,60828.08783830711
5108,0.0,57130.46972498692
5109,0.0,64525.7059516273
5110,0.0,66812.82506279985
5111,0.0,68962.37372601002
5112,0.0,68962.37372601002
5113,0.0,67887.59939440493
5114,0.0,64525.7059516273
5115,0.0,64525.7059516273
5116,0.0,65582.16826971881
5117,0.0,63293.16658052061
5118,0.0,57130.46972498692
5119,0.0,54665.39098277348
5120,43.20961468217264,50941.856317506514
5121,165.22525084373586,58363.00909609367
5122,261.4034960853103,58363.00909609367
5123,325.7304228114862,60828.08783830711
5124,338.0922197202957,59595.548467200395
5125,396.6343075916175,59595.548467200395
5126,391.78034098626057,58363.00909609367
5127,351.25942377315044,59595.548467200395
5128,289.3054447290422,63293.16658052061
5129,213.16245539306453,64525.7059516273
5130,114.12747426936566,63293.16658052061
5131,8.029565309189525,62060.62720941386
5132,0.0,57130.46972498692
5133,0.0,55897.930353880205
5134,0.0,54665.39098277348
5135,0.0,55897.930353880205
5136,0.0,59595.548467200395
5137,0.0,62060.62720941386
5138,0.0,53377.35411481341
5139,0.0,55897.930353880205
5140,0.0,64525.7059516273
5141,0.0,58363.00909609367
5142,0.0,40684.11994215258
5143,0.0,36108.93379660439
5144,42.582582191580464,31533.7476510562
5145,166.97956937317326,37252.73033299145
5146,260.6693139872794,44384.74686321872
5147,327.1977647997823,48319.01253579141
5148,347.4785643313502,48319.01253579141
5149,387.4097540931804,52253.278208364085
5150,386.9309958649397,53377.35411481341
5151,344.75883952654806,55897.930353880205
5152,294.9734878824586,57130.46972498692
5153,209.3472083893508,58363.00909609367
5154,107.6479470721124,57130.46972498692
5155,7.138925331697265,55897.930353880205
5156,0.0,50941.856317506514
5157,0.0,53377.35411481341
5158,0.0,57130.46972498692
5159,0.0,59595.548467200395
5160,0.0,62060.62720941386
5161,0.0,60828.08783830711
5162,0.0,58363.00909609367
5163,0.0,53377.35411481341
5164,0.0,50941.856317506514
5165,0.0,48319.01253579141
5166,0.0,45696.16875407625
5167,0.0,41761.90308150357
5168,45.588662983127065,40684.11994215258
5169,133.64750625506082,40684.11994215258
5170,253.5911758720907,37252.73033299145
5171,319.64551564528705,36108.93379660439
5172,354.2514575176331,38396.526869378475
5173,382.6146285370014,45696.16875407625
5174,387.2202490951098,49630.434426648935
5175,347.0888888185325,52253.278208364085
5176,291.699815168178,52253.278208364085
5177,209.1271364849878,50941.856317506514
5178,105.81801051790175,50941.856317506514
5179,7.14471483054657,52253.278208364085
5180,0.0,53377.35411481341
5181,0.0,54665.39098277348
5182,0.0,57130.46972498692
5183,0.0,60828.08783830711
5184,0.0,62060.62720941386
5185,0.0,63293.16658052061
5186,0.0,63293.16658052061
5187,0.0,62060.62720941386
5188,0.0,59595.548467200395
5189,0.0,55897.930353880205
5190,0.0,54665.39098277348
5191,0.0,57130.46972498692
5192,48.35491156747472,63293.16658052061
5193,166.423847345609,72186.69672082523
5194,188.22378488168243,66812.82506279985
5195,322.4380902304736,65582.16826971881
5196,373.9281543642628,65582.16826971881
5197,381.8485288896344,67887.59939440493
5198,385.1748390765553,68962.37372601002
5199,344.5124469943861,71111.92238922014
5200,280.06253129268845,72186.69672082523
5201,212.164838019109,74336.24538403534
5202,113.58055531392786,75411.01971564042
5203,7.593868696257455,71111.92238922014
5204,0.0,70037.14805761506
5205,0.0,71111.92238922014
5206,0.0,73261.47105243028
5207,0.0,77407.02918862127
5208,0.0,77407.02918862127
5209,0.0,76332.25485701617
5210,0.0,70037.14805761506
5211,0.0,70037.14805761506
5212,0.0,72186.69672082523
5213,0.0,67887.59939440493
5214,0.0,60828.08783830711
5215,0.0,54665.39098277348
5216,27.18905066374703,53377.35411481341
5217,136.14413977534292,58363.00909609367
5218,221.0565808769168,60828.08783830711
5219,295.7223043152694,64525.7059516273
5220,370.85466572978976,67887.59939440493
5221,388.0587502153178,73261.47105243028
5222,389.3030562004026,76332.25485701617
5223,346.84801410412047,77407.02918862127
5224,280.33225021945447,77407.02918862127
5225,206.46998619902476,75411.01971564042
5226,106.74769015897644,72186.69672082523
5227,7.139075994741742,68962.37372601002
5228,0.0,65582.16826971881
5229,0.0,68962.37372601002
5230,0.0,70037.14805761506
5231,0.0,70037.14805761506
5232,0.0,70037.14805761506
5233,0.0,70037.14805761506
5234,0.0,62060.62720941386
5235,0.0,58363.00909609367
5236,0.0,58363.00909609367
5237,0.0,60828.08783830711
5238,0.0,59595.548467200395
5239,0.0,55897.930353880205
5240,38.69239546708959,48319.01253579141
5241,153.90069815542708,49630.434426648935
5242,232.1512410785876,52253.278208364085
5243,324.65024476261215,60828.08783830711
5244,371.1821054995135,68962.37372601002
5245,394.6839212494674,74336.24538403534
5246,366.4482283120511,76332.25485701617
5247,345.9072397602801,76332.25485701617
5248,289.5706626887393,75411.01971564042
5249,212.35926780818227,74336.24538403534
5250,113.22321613056812,72186.69672082523
5251,4.464369600274763,68962.37372601002
5252,0.0,64525.7059516273
5253,0.0,66812.82506279985
5254,0.0,67887.59939440493
5255,0.0,67887.59939440493
5256,0.0,68962.37372601002
5257,0.0,74336.24538403534
5258,0.0,68962.37372601002
5259,0.0,64525.7059516273
5260,0.0,59595.548467200395
5261,0.0,57130.46972498692
5262,0.0,54665.39098277348
5263,0.0,52253.278208364085
5264,42.523872993176255,52253.278208364085
5265,160.40045295352374,58363.00909609367
5266,254.4051924420625,55897.930353880205
5267,320.53015598584886,55897.930353880205
5268,303.096695679748,57130.46972498692
5269,363.9367265704667,60828.08783830711
5270,365.8822167534286,65582.16826971881
5271,334.4243565831142,68962.37372601002
5272,283.92005052527145,70037.14805761506
5273,201.71003673374216,71111.92238922014
5274,110.8564209579025,75411.01971564042
5275,7.591217421690018,74336.24538403534
5276,0.0,74336.24538403534
5277,0.0,72186.69672082523
5278,0.0,71111.92238922014
5279,0.0,70037.14805761506
5280,0.0,75411.01971564042
5281,0.0,75411.01971564042
5282,0.0,73261.47105243028
5283,0.0,67887.59939440493
5284,0.0,64525.7059516273
5285,0.0,57130.46972498692
5286,0.0,53377.35411481341
5287,0.0,48319.01253579141
5288,6.2400568081897845,48319.01253579141
5289,51.0989929688759,58363.00909609367
5290,218.6490710247189,63293.16658052061
5291,323.80260849055327,68962.37372601002
5292,370.1631284757236,71111.92238922014
5293,385.1475838728984,73261.47105243028
5294,384.744472685147,72186.69672082523
5295,351.8177929407693,74336.24538403534
5296,300.3651657326053,74336.24538403534
5297,196.15494671241447,72186.69672082523
5298,112.81210514799731,68962.37372601002
5299,7.139984860875368,65582.16826971881
5300,0.0,65582.16826971881
5301,0.0,70037.14805761506
5302,0.0,74336.24538403534
5303,0.0,76332.25485701617
5304,0.0,76332.25485701617
5305,0.0,73261.47105243028
5306,0.0,62060.62720941386
5307,0.0,58363.00909609367
5308,0.0,55897.930353880205
5309,0.0,53377.35411481341
5310,0.0,53377.35411481341
5311,0.0,52253.278208364085
5312,29.486338129529635,52253.278208364085
5313,137.37062629401044,57130.46972498692
5314,261.0508820838978,62060.62720941386
5315,335.3823909783874,70037.14805761506
5316,375.4850701765759,73261.47105243028
5317,394.7311699813514,71111.92238922014
5318,379.7654008780663,70037.14805761506
5319,347.0862031305952,73261.47105243028
5320,298.4366915974055,80039.70311888967
5321,214.04965489466792,83471.09272805079
5322,111.4518452174322,85922.08530602304
5323,7.14051462546442,85064.23790373276
5324,0.0,85064.23790373276
5325,0.0,87941.61104396792
5326,0.0,89834.79151798786
5327,0.0,88572.67120197456
5328,0.0,87941.61104396792
5329,0.0,83471.09272805079
5330,0.0,77407.02918862127
5331,0.0,73261.47105243028
5332,0.0,77407.02918862127
5333,0.0,80897.55052117995
5334,0.0,82613.24532576054
5335,0.0,78324.0083143091
5336,34.64009178361116,77407.02918862127
5337,152.00357178075538,76332.25485701617
5338,244.43285246355416,81755.39792347024
5339,278.4129982886026,80897.55052117995
5340,281.55853617268485,81755.39792347024
5341,390.9861462163609,81755.39792347024
5342,378.8660792281353,86679.49072795465
5343,302.34501759310933,85064.23790373276
5344,249.9229002841652,83471.09272805079
5345,155.30825495770478,78324.0083143091
5346,104.56413960343784,67887.59939440493
5347,6.683136520449725,58363.00909609367
5348,0.0,62060.62720941386
5349,0.0,71111.92238922014
5350,0.0,76332.25485701617
5351,0.0,77407.02918862127
5352,0.0,75411.01971564042
5353,0.0,68962.37372601002
5354,0.0,63293.16658052061
5355,0.0,59595.548467200395
5356,0.0,54665.39098277348
5357,0.0,55897.930353880205
5358,0.0,53377.35411481341
5359,0.0,53377.35411481341
5360,51.17175929622123,54665.39098277348
5361,169.5039741254037,60828.08783830711
5362,261.0819574931483,57130.46972498692
5363,328.94926834838526,63293.16658052061
5364,376.3988102815539,71111.92238922014
5365,384.15486285462487,73261.47105243028
5366,383.9732667554237,70037.14805761506
5367,354.3249212633216,70037.14805761506
5368,290.0460992206683,73261.47105243028
5369,195.4725933177421,74336.24538403534
5370,112.13912432805031,74336.24538403534
5371,7.578153549789721,73261.47105243028
5372,0.0,74336.24538403534
5373,0.0,77407.02918862127
5374,0.0,79181.85571659937
5375,0.0,78324.0083143091
5376,0.0,80039.70311888967
5377,0.0,82613.24532576054
5378,0.0,81755.39792347024
5379,0.0,85064.23790373276
5380,0.0,89203.73135998122
5381,0.0,93864.11029132077
5382,0.0,88572.67120197456
5383,0.0,85064.23790373276
5384,21.08108185731221,81755.39792347024
5385,67.23001365843645,79181.85571659937
5386,145.99181018643398,71111.92238922014
5387,228.3173716596444,67887.59939440493
5388,133.94676067820453,65582.16826971881
5389,254.7926862564588,66812.82506279985
5390,246.1594822711121,70037.14805761506
5391,290.1123441067116,78324.0083143091
5392,279.9798982521052,77407.02918862127
5393,195.46155217683653,73261.47105243028
5394,45.23966030989435,64525.7059516273
5395,0.8960462651497794,64525.7059516273
5396,0.0,63293.16658052061
5397,0.0,65582.16826971881
5398,0.0,68962.37372601002
5399,0.0,71111.92238922014
5400,0.0,70037.14805761506
5401,0.0,73261.47105243028
5402,0.0,63293.16658052061
5403,0.0,60828.08783830711
5404,0.0,58363.00909609367
5405,0.0,59595.548467200395
5406,0.0,49630.434426648935
5407,0.0,40684.11994215258
5408,31.946881424543385,37252.73033299145
5409,93.18208993642872,36108.93379660439
5410,114.95592529459049,32677.544187443254
5411,153.50663250045486,39540.323405765535
5412,213.1930645185689,47007.59064493383
5413,263.4659428289788,54665.39098277348
5414,319.8113345008028,54665.39098277348
5415,323.03101446477206,53377.35411481341
5416,293.58016074505747,59595.548467200395
5417,206.6793484255127,63293.16658052061
5418,100.66479636331886,71111.92238922014
5419,6.691081572760393,73261.47105243028
5420,0.0,76332.25485701617
5421,0.0,79181.85571659937
5422,0.0,77407.02918862127
5423,0.0,75411.01971564042
5424,0.0,74336.24538403534
5425,0.0,74336.24538403534
5426,0.0,60828.08783830711
5427,0.0,57130.46972498692
5428,0.0,54665.39098277348
5429,0.0,50941.856317506514
5430,0.0,55897.930353880205
5431,0.0,54665.39098277348
5432,20.476101554331866,47007.59064493383
5433,168.80820393803475,48319.01253579141
5434,255.9885669683488,49630.434426648935
5435,320.44476847623207,57130.46972498692
5436,372.13271176116575,65582.16826971881
5437,357.33709786953153,68962.37372601002
5438,373.8051535280919,66812.82506279985
5439,351.10147029630275,66812.82506279985
5440,299.27284978526336,70037.14805761506
5441,210.22942719132044,70037.14805761506
5442,112.07856313078972,71111.92238922014
5443,6.239810159479295,68962.37372601002
5444,0.0,67887.59939440493
5445,0.0,67887.59939440493
5446,0.0,66812.82506279985
5447,0.0,62060.62720941386
5448,0.0,60828.08783830711
5449,0.0,59595.548467200395
5450,0.0,57130.46972498692
5451,0.0,58363.00909609367
5452,0.0,64525.7059516273
5453,0.0,68962.37372601002
5454,0.0,63293.16658052061
5455,0.0,55897.930353880205
5456,16.02778972019827,44384.74686321872
5457,150.9367175685209,43073.32497236115
5458,256.3645959466151,40684.11994215258
5459,331.85139039732985,34965.137260217336
5460,382.12729504466586,33821.340723830304
5461,401.16977843584607,33821.340723830304
5462,381.5693420198975,39540.323405765535
5463,357.18068823344805,45696.16875407625
5464,161.65895238285574,48319.01253579141
5465,215.00202779549764,45696.16875407625
5466,110.53444026607522,43073.32497236115
5467,6.245139461188884,38396.526869378475
5468,0.0,36108.93379660439
5469,0.0,37252.73033299145
5470,0.0,38396.526869378475
5471,0.0,41761.90308150357
5472,0.0,43073.32497236115
5473,0.0,41761.90308150357
5474,0.0,38396.526869378475
5475,0.0,37252.73033299145
5476,0.0,33821.340723830304
5477,0.0,32677.544187443254
5478,0.0,32677.544187443254
5479,0.0,29409.554083480263
5480,52.84901380024343,28383.092973255996
5481,148.8008448621091,30389.951114669166
5482,257.3961333901377,38396.526869378475
5483,332.19023242735307,40684.11994215258
5484,369.39719692973466,41761.90308150357
5485,398.35873784274696,44384.74686321872
5486,390.488686761647,43073.32497236115
5487,356.4175774306784,44384.74686321872
5488,297.1807998555175,41761.90308150357
5489,214.27909920110093,39540.323405765535
5490,108.1012221711805,40684.11994215258
5491,6.683319604009421,40684.11994215258
5492,0.0,41761.90308150357
5493,0.0,45696.16875407625
5494,0.0,49630.434426648935
5495,0.0,54665.39098277348
5496,0.0,60828.08783830711
5497,0.0,65582.16826971881
5498,0.0,57130.46972498692
5499,0.0,57130.46972498692
5500,0.0,50941.856317506514
5501,0.0,44384.74686321872
5502,0.0,40684.11994215258
5503,0.0,39540.323405765535
5504,42.62616282452178,43073.32497236115
5505,136.8250312985057,53377.35411481341
5506,89.68820629160413,59595.548467200395
5507,172.99704458205983,59595.548467200395
5508,345.5963695776974,62060.62720941386
5509,384.7691493033645,60828.08783830711
5510,269.09875446854846,58363.00909609367
5511,289.83644534309303,58363.00909609367
5512,282.8824842720743,55897.930353880205
5513,195.3463601281856,52253.278208364085
5514,91.56245980574528,52253.278208364085
5515,6.235175984079653,50941.856317506514
5516,0.0,57130.46972498692
5517,0.0,59595.548467200395
5518,0.0,64525.7059516273
5519,0.0,66812.82506279985
5520,0.0,68962.37372601002
5521,0.0,70037.14805761506
5522,0.0,54665.39098277348
5523,0.0,49630.434426648935
5524,0.0,50941.856317506514
5525,0.0,58363.00909609367
5526,0.0,59595.548467200395
5527,0.0,54665.39098277348
5528,63.65629082163365,52253.278208364085
5529,75.3469289966573,47007.59064493383
5530,229.7758716379809,44384.74686321872
5531,303.6723044487419,52253.278208364085
5532,329.98777432481523,63293.16658052061
5533,398.2847207331373,77407.02918862127
5534,375.7642157109536,71111.92238922014
5535,219.482753948237,68962.37372601002
5536,281.9149960843536,65582.16826971881
5537,205.6138832782505,64525.7059516273
5538,107.41958595028116,59595.548467200395
5539,6.240938569776739,57130.46972498692
5540,0.0,55897.930353880205
5541,0.0,60828.08783830711
5542,0.0,67887.59939440493
5543,0.0,71111.92238922014
5544,0.0,74336.24538403534
5545,0.0,76332.25485701617
5546,0.0,65582.16826971881
5547,0.0,66812.82506279985
5548,0.0,63293.16658052061
5549,0.0,65582.16826971881
5550,0.0,62060.62720941386
5551,0.0,60828.08783830711
5552,35.91095173155625,62060.62720941386
5553,144.79791721546084,65582.16826971881
5554,254.49295408482828,60828.08783830711
5555,323.4108597228243,60828.08783830711
5556,381.2002845190898,65582.16826971881
5557,398.3195599388451,66812.82506279985
5558,363.7694791813084,62060.62720941386
5559,326.95128856685733,65582.16826971881
5560,118.7423683593974,65582.16826971881
5561,40.19116823299518,66812.82506279985
5562,93.20034909158828,67887.59939440493
5563,1.3404895896777145,71111.92238922014
5564,0.0,72186.69672082523
5565,0.0,77407.02918862127
5566,0.0,80039.70311888967
5567,0.0,80897.55052117995
5568,0.0,80039.70311888967
5569,0.0,79181.85571659937
5570,0.0,75411.01971564042
5571,0.0,75411.01971564042
5572,0.0,74336.24538403534
5573,0.0,71111.92238922014
5574,0.0,62060.62720941386
5575,0.0,53377.35411481341
5576,59.9947134066083,52253.278208364085
5577,157.9609929901735,44384.74686321872
5578,253.6629524702365,41761.90308150357
5579,333.1138721959876,48319.01253579141
5580,382.9502701285083,50941.856317506514
5581,402.3272850402757,50941.856317506514
5582,392.34642734192846,50941.856317506514
5583,167.48435552681363,64525.7059516273
5584,298.1493571296368,68962.37372601002
5585,208.13499824609053,74336.24538403534
5586,96.7432788433184,80039.70311888967
5587,5.812291070000133,78324.0083143091
5588,0.0,77407.02918862127
5589,0.0,78324.0083143091
5590,0.0,76332.25485701617
5591,0.0,82613.24532576054
5592,0.0,85922.08530602304
5593,0.0,82613.24532576054
5594,0.0,68962.37372601002
5595,0.0,63293.16658052061
5596,0.0,59595.548467200395
5597,0.0,53377.35411481341
5598,0.0,50941.856317506514
5599,0.0,48319.01253579141
5600,50.09606172427952,45696.16875407625
5601,83.12366834215634,50941.856317506514
5602,184.1713342437625,45696.16875407625
5603,332.2513098753432,55897.930353880205
5604,334.4447155614742,66812.82506279985
5605,398.4211370044901,70037.14805761506
5606,393.3617151912632,70037.14805761506
5607,356.18576432779054,74336.24538403534
5608,266.79695528354915,79181.85571659937
5609,194.0317067591485,82613.24532576054
5610,108.24140448351652,84206.39050144247
5611,5.796547658376233,82613.24532576054
5612,0.0,80897.55052117995
5613,0.0,81755.39792347024
5614,0.0,83471.09272805079
5615,0.0,86679.49072795465
5616,0.0,87310.55088596127
5617,0.0,85064.23790373276
5618,0.0,76332.25485701617
5619,0.0,78324.0083143091
5620,0.0,77407.02918862127
5621,0.0,71111.92238922014
5622,0.0,66812.82506279985
5623,0.0,62060.62720941386
5624,45.10439238684694,58363.00909609367
5625,166.53165921329915,62060.62720941386
5626,256.3559397166894,55897.930353880205
5627,320.1068944751874,55897.930353880205
5628,370.754771314192,57130.46972498692
5629,396.71486280801554,59595.548467200395
5630,365.03177033209056,59595.548467200395
5631,326.4778023308979,64525.7059516273
5632,255.7394021759592,58363.00909609367
5633,204.01476593111244,53377.35411481341
5634,91.10762040189437,54665.39098277348
5635,4.45975476760028,58363.00909609367
5636,0.0,59595.548467200395
5637,0.0,60828.08783830711
5638,0.0,62060.62720941386
5639,0.0,65582.16826971881
5640,0.0,66812.82506279985
5641,0.0,65582.16826971881
5642,0.0,57130.46972498692
5643,0.0,54665.39098277348
5644,0.0,47007.59064493383
5645,0.0,43073.32497236115
5646,0.0,36108.93379660439
5647,0.0,33821.340723830304
5648,12.003842686541242,32677.544187443254
5649,65.39103042190632,40684.11994215258
5650,195.62949862165817,43073.32497236115
5651,255.34131740196497,47007.59064493383
5652,381.42311112374097,50941.856317506514
5653,392.2012663089318,53377.35411481341
5654,280.69748454711095,48319.01253579141
5655,353.19451715364386,50941.856317506514
5656,299.848241717433,52253.278208364085
5657,210.54047908098457,53377.35411481341
5658,107.8231315165807,55897.930353880205
5659,5.794861065119634,55897.930353880205
5660,0.0,57130.46972498692
5661,0.0,62060.62720941386
5662,0.0,66812.82506279985
5663,0.0,68962.37372601002
5664,0.0,68962.37372601002
5665,0.0,66812.82506279985
5666,0.0,55897.930353880205
5667,0.0,50941.856317506514
5668,0.0,47007.59064493383
5669,0.0,43073.32497236115
5670,0.0,39540.323405765535
5671,0.0,40684.11994215258
5672,59.16151954349072,40684.11994215258
5673,172.99062629738827,48319.01253579141
5674,254.22953906738488,49630.434426648935
5675,323.5890343132465,48319.01253579141
5676,376.4063142863805,49630.434426648935
5677,402.70750850007954,50941.856317506514
5678,386.5353572170602,48319.01253579141
5679,333.2605495090445,48319.01253579141
5680,299.7582650176791,49630.434426648935
5681,203.08681216845733,50941.856317506514
5682,86.61781179367765,53377.35411481341
5683,4.912197029662015,57130.46972498692
5684,0.0,55897.930353880205
5685,0.0,57130.46972498692
5686,0.0,58363.00909609367
5687,0.0,59595.548467200395
5688,0.0,60828.08783830711
5689,0.0,62060.62720941386
5690,0.0,55897.930353880205
5691,0.0,55897.930353880205
5692,0.0,53377.35411481341
5693,0.0,47007.59064493383
5694,0.0,47007.59064493383
5695,0.0,48319.01253579141
5696,48.37919562937445,49630.434426648935
5697,158.80151526831102,64525.7059516273
5698,250.69769917826784,68962.37372601002
5699,327.16616185329684,73261.47105243028
5700,368.9709609844159,80039.70311888967
5701,375.5411585680962,79181.85571659937
5702,341.8504497872798,81755.39792347024
5703,288.13538237222554,83471.09272805079
5704,63.08776890735102,87310.55088596127
5705,110.17423168743665,87310.55088596127
5706,52.276337859324215,85064.23790373276
5707,0.4478097522548941,83471.09272805079
5708,0.0,80897.55052117995
5709,0.0,82613.24532576054
5710,0.0,77407.02918862127
5711,0.0,76332.25485701617
5712,0.0,78324.0083143091
5713,0.0,76332.25485701617
5714,0.0,68962.37372601002
5715,0.0,74336.24538403534
5716,0.0,75411.01971564042
5717,0.0,75411.01971564042
5718,0.0,71111.92238922014
5719,0.0,64525.7059516273
5720,56.5869220225873,60828.08783830711
5721,92.24247363014196,65582.16826971881
5722,193.6537899344744,74336.24538403534
5723,300.3637508414954,78324.0083143091
5724,325.87583528114567,80897.55052117995
5725,335.7355894549718,76332.25485701617
5726,376.6017951765798,78324.0083143091
5727,332.9959727938393,83471.09272805079
5728,165.9290535885498,81755.39792347024
5729,202.38009991681156,80897.55052117995
5730,9.35704712330272,80039.70311888967
5731,4.025097519346975,75411.01971564042
5732,0.0,74336.24538403534
5733,0.0,75411.01971564042
5734,0.0,75411.01971564042
5735,0.0,77407.02918862127
5736,0.0,79181.85571659937
5737,0.0,83471.09272805079
5738,0.0,79181.85571659937
5739,0.0,74336.24538403534
5740,0.0,70037.14805761506
5741,0.0,64525.7059516273
5742,0.0,59595.548467200395
5743,0.0,55897.930353880205
5744,55.636898603402734,53377.35411481341
5745,163.2824521053329,60828.08783830711
5746,250.66089763267223,65582.16826971881
5747,327.3117904091548,70037.14805761506
5748,370.5079419946443,71111.92238922014
5749,353.0634531512287,70037.14805761506
5750,388.7230015867257,60828.08783830711
5751,355.2116915288467,63293.16658052061
5752,285.29441231596206,67887.59939440493
5753,119.67823328653807,72186.69672082523
5754,51.36766982334181,73261.47105243028
5755,4.467202874715164,72186.69672082523
5756,0.0,73261.47105243028
5757,0.0,76332.25485701617
5758,0.0,77407.02918862127
5759,0.0,82613.24532576054
5760,0.0,82613.24532576054
5761,0.0,80897.55052117995
5762,0.0,75411.01971564042
5763,0.0,71111.92238922014
5764,0.0,65582.16826971881
5765,0.0,60828.08783830711
5766,0.0,53377.35411481341
5767,0.0,48319.01253579141
5768,49.87058968328753,45696.16875407625
5769,165.35470600896383,54665.39098277348
5770,255.06747312712653,58363.00909609367
5771,336.6681178715482,63293.16658052061
5772,388.6698392699311,64525.7059516273
5773,394.8547459180965,64525.7059516273
5774,385.3221299052879,64525.7059516273
5775,303.28427090065776,67887.59939440493
5776,145.70447802974792,72186.69672082523
5777,127.35524259730693,78324.0083143091
5778,83.9704463399131,84206.39050144247
5779,4.470864500520421,86679.49072795465
5780,0.0,85922.08530602304
5781,0.0,80897.55052117995
5782,0.0,75411.01971564042
5783,0.0,74336.24538403534
5784,0.0,70037.14805761506
5785,0.0,67887.59939440493
5786,0.0,64525.7059516273
5787,0.0,63293.16658052061
5788,0.0,62060.62720941386
5789,0.0,54665.39098277348
5790,0.0,49630.434426648935
5791,0.0,47007.59064493383
5792,21.31536044919891,48319.01253579141
5793,148.60065782250848,57130.46972498692
5794,240.16746562483067,57130.46972498692
5795,317.48888328135456,58363.00909609367
5796,364.9844519650376,58363.00909609367
5797,379.96611730160606,60828.08783830711
5798,359.82845888028623,60828.08783830711
5799,286.247766162659,64525.7059516273
5800,194.71417475601027,66812.82506279985
5801,192.22245845321865,65582.16826971881
5802,94.74994781392702,62060.62720941386
5803,2.234297260973272,54665.39098277348
5804,0.0,50941.856317506514
5805,0.0,49630.434426648935
5806,0.0,50941.856317506514
5807,0.0,53377.35411481341
5808,0.0,55897.930353880205
5809,0.0,57130.46972498692
5810,0.0,53377.35411481341
5811,0.0,53377.35411481341
5812,0.0,54665.39098277348
5813,0.0,53377.35411481341
5814,0.0,52253.278208364085
5815,0.0,50941.856317506514
5816,41.89264875729773,50941.856317506514
5817,143.79341306771116,59595.548467200395
5818,248.93886275569184,54665.39098277348
5819,306.3505149290476,52253.278208364085
5820,362.1034299617332,50941.856317506514
5821,386.64687616581074,55897.930353880205
5822,374.48035243158046,63293.16658052061
5823,324.9046817171252,70037.14805761506
5824,266.8977402873862,73261.47105243028
5825,190.7693297508504,72186.69672082523
5826,92.7878719195136,71111.92238922014
5827,4.462734010446233,67887.59939440493
5828,0.0,55721.853300864954
5829,0.0,54841.46803578871
5830,0.0,53752.04608362987
5831,0.0,52815.31616158874
5832,0.0,51691.24025513942
5833,0.0,50754.510333098304
5834,0.0,49817.780411057196
5835,0.0,48693.70450460785
5836,0.0,47756.974582566734
5837,0.0,46632.898676117395
5838,0.0,45696.16875407625
5839,0.0,44759.43883203514
5840,47.06202295510637,43635.362925585825
5841,182.9217453508471,42698.63300354469
5842,272.4471156514976,41574.55709709536
5843,341.37140224597977,40684.11994215258
5844,385.0630265009449,52253.278208364085
5845,403.9766972964706,57130.46972498692
5846,388.0359112642976,55897.930353880205
5847,296.35452323345424,63293.16658052061
5848,285.46943665446935,66812.82506279985
5849,29.72162931441616,68962.37372601002
5850,45.64997513679071,70037.14805761506
5851,1.7900264419827283,67887.59939440493
5852,0.0,68962.37372601002
5853,0.0,74336.24538403534
5854,0.0,73261.47105243028
5855,0.0,71111.92238922014
5856,0.0,65582.16826971881
5857,0.0,62060.62720941386
5858,0.0,57130.46972498692
5859,0.0,58363.00909609367
5860,0.0,53377.35411481341
5861,0.0,48319.01253579141
5862,0.0,44384.74686321872
5863,0.0,44384.74686321872
5864,74.73530749861064,41761.90308150357
5865,174.4796198215919,55897.930353880205
5866,276.1795459080407,57130.46972498692
5867,348.31372614237654,59595.548467200395
5868,382.4830426253938,63293.16658052061
5869,392.9915457301583,64525.7059516273
5870,397.45802728427617,58363.00909609367
5871,341.089756734484,59595.548467200395
5872,297.1272466544676,58363.00909609367
5873,208.81635547936287,59595.548467200395
5874,104.05450992132256,62060.62720941386
5875,3.5707294062414925,59595.548467200395
5876,0.0,58363.00909609367
5877,0.0,62060.62720941386
5878,0.0,67887.59939440493
5879,0.0,73261.47105243028
5880,0.0,74336.24538403534
5881,0.0,74336.24538403534
5882,0.0,66812.82506279985
5883,0.0,67887.59939440493
5884,0.0,67887.59939440493
5885,0.0,66812.82506279985
5886,0.0,60828.08783830711
5887,0.0,62060.62720941386
5888,74.51007366469976,64525.7059516273
5889,169.11076264753618,65582.16826971881
5890,276.08537651851776,58363.00909609367
5891,347.4475999336111,57130.46972498692
5892,382.08417689592375,67887.59939440493
5893,409.05735356384247,74336.24538403534
5894,354.7152536398735,72186.69672082523
5895,349.981006067245,73261.47105243028
5896,290.5247152100912,74336.24538403534
5897,187.091981845792,75411.01971564042
5898,42.01456483022888,76332.25485701617
5899,2.2346282373659734,74336.24538403534
5900,0.0,74336.24538403534
5901,0.0,74336.24538403534
5902,0.0,75411.01971564042
5903,0.0,76332.25485701617
5904,0.0,72186.69672082523
5905,0.0,67887.59939440493
5906,0.0,63293.16658052061
5907,0.0,63293.16658052061
5908,0.0,65582.16826971881
5909,0.0,63293.16658052061
5910,0.0,58363.00909609367
5911,0.0,55897.930353880205
5912,0.0,55897.930353880205
5913,0.0,63293.16658052061
5914,271.01714701270845,65582.16826971881
5915,341.03404628052226,65582.16826971881
5916,380.0865590524105,67887.59939440493
5917,400.7696858504325,68962.37372601002
5918,179.48651141569655,66812.82506279985
5919,351.0412787683793,67887.59939440493
5920,270.67419581776954,65582.16826971881
5921,201.4733518591799,65582.16826971881
5922,98.945387398285,64525.7059516273
5923,2.6763801271014667,63293.16658052061
5924,0.0,63293.16658052061
5925,0.0,66812.82506279985
5926,0.0,67887.59939440493
5927,0.0,70037.14805761506
5928,0.0,74336.24538403534
5929,0.0,76332.25485701617
5930,0.0,66812.82506279985
5931,0.0,65582.16826971881
5932,0.0,64525.7059516273
5933,0.0,63293.16658052061
5934,0.0,62060.62720941386
5935,0.0,62060.62720941386
5936,65.58841556546282,64525.7059516273
5937,154.68843953679826,73261.47105243028
5938,274.3775483578123,74336.24538403534
5939,343.02509725976853,74336.24538403534
5940,387.2931682779047,77407.02918862127
5941,395.3215779064862,80897.55052117995
5942,385.89597431717766,85064.23790373276
5943,306.04727370885144,83471.09272805079
5944,221.3311845161951,75411.01971564042
5945,199.56882983509263,73261.47105243028
5946,92.24610398815676,75411.01971564042
5947,3.124979719495356,80897.55052117995
5948,0.0,79181.85571659937
5949,0.0,76332.25485701617
5950,0.0,76332.25485701617
5951,0.0,74336.24538403534
5952,0.0,75411.01971564042
5953,0.0,74336.24538403534
5954,0.0,75411.01971564042
5955,0.0,78324.0083143091
5956,0.0,75411.01971564042
5957,0.0,70037.14805761506
5958,0.0,65582.16826971881
5959,0.0,58363.00909609367
5960,69.26140956855227,57130.46972498692
5961,117.74324579504328,63293.16658052061
5962,241.38871896025472,65582.16826971881
5963,346.29203302127786,66812.82506279985
5964,379.3676240229766,70037.14805761506
5965,404.4204528367715,73261.47105243028
5966,396.43508337285897,72186.69672082523
5967,353.8437766949864,75411.01971564042
5968,294.95029896889577,76332.25485701617
5969,202.7695911260187,73261.47105243028
5970,102.30568035929647,71111.92238922014
5971,2.677670935033001,67887.59939440493
5972,0.0,70037.14805761506
5973,0.0,74336.24538403534
5974,0.0,79181.85571659937
5975,0.0,81755.39792347024
5976,0.0,83471.09272805079
5977,0.0,85064.23790373276
5978,0.0,81755.39792347024
5979,0.0,80039.70311888967
5980,0.0,77407.02918862127
5981,0.0,71111.92238922014
5982,0.0,67887.59939440493
5983,0.0,66812.82506279985
5984,77.6579199987691,66812.82506279985
5985,180.9793993221685,72186.69672082523
5986,270.9700027040623,71111.92238922014
5987,331.2804161640896,73261.47105243028
5988,363.0310712121517,76332.25485701617
5989,358.23258042692964,79181.85571659937
5990,371.0167351901864,77407.02918862127
5991,315.4375966184348,76332.25485701617
5992,56.67749598380031,75411.01971564042
5993,166.3994584384412,74336.24538403534
5994,75.98199874691791,72186.69672082523
5995,1.7874448261196587,65582.16826971881
5996,0.0,62060.62720941386
5997,0.0,58363.00909609367
5998,0.0,57130.46972498692
5999,0.0,57130.46972498692
6000,0.0,57130.46972498692
6001,0.0,55897.930353880205
6002,0.0,53377.35411481341
6003,0.0,53377.35411481341
6004,0.0,53377.35411481341
6005,0.0,47007.59064493383
6006,0.0,41761.90308150357
6007,0.0,39540.323405765535
6008,77.49493782197878,43073.32497236115
6009,162.6361803394471,53377.35411481341
6010,260.3369554476349,47007.59064493383
6011,336.6876867130477,45696.16875407625
6012,383.8141787484418,49630.434426648935
6013,405.0385419049817,53377.35411481341
6014,226.8945481357466,50941.856317506514
6015,271.6751112229286,49630.434426648935
6016,65.25974904020795,48319.01253579141
6017,119.89066342435343,47007.59064493383
6018,90.8880148456146,44384.74686321872
6019,1.7854589677634516,40684.11994215258
6020,0.0,39540.323405765535
6021,0.0,39540.323405765535
6022,0.0,41761.90308150357
6023,0.0,41761.90308150357
6024,0.0,40684.11994215258
6025,0.0,39540.323405765535
6026,0.0,37252.73033299145
6027,0.0,37252.73033299145
6028,0.0,34965.137260217336
6029,0.0,33821.340723830304
6030,0.0,29409.554083480263
6031,0.0,27357.620216495194
6032,21.796645535586894,27357.620216495194
6033,105.77912365936012,45696.16875407625
6034,260.9377956531573,57130.46972498692
6035,345.70356889446344,59595.548467200395
6036,116.49259098715918,59595.548467200395
6037,184.2807557656239,58363.00909609367
6038,374.24190702750224,58363.00909609367
6039,307.4439909939058,58363.00909609367
6040,287.8153793857401,58363.00909609367
6041,203.08343907535075,55897.930353880205
6042,0.0,53377.35411481341
6043,1.7873786308411186,50941.856317506514
6044,0.0,49630.434426648935
6045,0.0,54665.39098277348
6046,0.0,55897.930353880205
6047,0.0,54665.39098277348
6048,0.0,53377.35411481341
6049,0.0,52253.278208364085
6050,0.0,48319.01253579141
6051,0.0,49630.434426648935
6052,0.0,53377.35411481341
6053,0.0,62060.62720941386
6054,0.0,68962.37372601002
6055,0.0,64525.7059516273
6056,72.60506093738195,66812.82506279985
6057,162.18809378024636,75411.01971564042
6058,271.2617304910116,78324.0083143091
6059,348.90720089431693,80039.70311888967
6060,365.6927731208461,80039.70311888967
6061,393.5216863156017,79181.85571659937
6062,246.30323227574544,80039.70311888967
6063,347.6127116415806,78324.0083143091
6064,282.891704676085,76332.25485701617
6065,200.38934871224384,72186.69672082523
6066,83.3040388553068,67887.59939440493
6067,1.785260381927831,65582.16826971881
6068,0.0,63293.16658052061
6069,0.0,60828.08783830711
6070,0.0,58363.00909609367
6071,0.0,58363.00909609367
6072,0.0,57130.46972498692
6073,0.0,57130.46972498692
6074,0.0,50941.856317506514
6075,0.0,49630.434426648935
6076,0.0,47007.59064493383
6077,0.0,44384.74686321872
6078,0.0,38396.526869378475
6079,0.0,33821.340723830304
6080,15.583213949502996,29409.554083480263
6081,181.99549347893367,32677.544187443254
6082,259.7617267625632,31533.7476510562
6083,347.3993306093436,36108.93379660439
6084,391.3803974807622,41761.90308150357
6085,412.2189770682013,49630.434426648935
6086,399.27967248371726,47007.59064493383
6087,358.86986840533785,49630.434426648935
6088,293.79951926859417,50941.856317506514
6089,207.5563607570009,49630.434426648935
6090,100.76104376586008,47007.59064493383
6091,1.7880405836265212,44384.74686321872
6092,0.0,45696.16875407625
6093,0.0,45696.16875407625
6094,0.0,45696.16875407625
6095,0.0,43073.32497236115
6096,0.0,41761.90308150357
6097,0.0,43073.32497236115
6098,0.0,43073.32497236115
6099,0.0,50941.856317506514
6100,0.0,52253.278208364085
6101,0.0,48319.01253579141
6102,0.0,41761.90308150357
6103,0.0,33821.340723830304
6104,77.1539984614488,32677.544187443254
6105,170.61850767511265,45696.16875407625
6106,246.4800899930159,50941.856317506514
6107,347.10857929699336,52253.278208364085
6108,389.36379945839417,49630.434426648935
6109,411.632262351999,50941.856317506514
6110,399.1947150636283,47007.59064493383
6111,359.8245479696977,50941.856317506514
6112,294.52176061675624,53377.35411481341
6113,207.45179877175795,57130.46972498692
6114,100.68828580780746,57130.46972498692
6115,0.0,54665.39098277348
6116,0.0,53377.35411481341
6117,0.0,50941.856317506514
6118,0.0,48319.01253579141
6119,0.0,47007.59064493383
6120,0.0,48319.01253579141
6121,0.0,49630.434426648935
6122,0.0,48319.01253579141
6123,0.0,49630.434426648935
6124,0.0,53377.35411481341
6125,0.0,57130.46972498692
6126,0.0,59595.548467200395
6127,0.0,54665.39098277348
6128,79.49398060665115,48319.01253579141
6129,162.40195871624297,50941.856317506514
6130,256.1873597845928,48319.01253579141
6131,347.6646069610113,47007.59064493383
6132,391.352604366244,52253.278208364085
6133,357.3718444972919,58363.00909609367
6134,393.2249677216046,55897.930353880205
6135,361.5947625644944,60828.08783830711
6136,288.27021321054684,65582.16826971881
6137,205.8199701584612,71111.92238922014
6138,97.74570704071958,75411.01971564042
6139,0.0,78324.0083143091
6140,0.0,76332.25485701617
6141,0.0,75411.01971564042
6142,0.0,74336.24538403534
6143,0.0,72186.69672082523
6144,0.0,70037.14805761506
6145,0.0,68962.37372601002
6146,0.0,63293.16658052061
6147,0.0,59595.548467200395
6148,0.0,54665.39098277348
6149,0.0,52253.278208364085
6150,0.0,50941.856317506514
6151,0.0,50941.856317506514
6152,65.50445801283244,48319.01253579141
6153,162.27758467306543,52253.278208364085
6154,250.63655947093477,50941.856317506514
6155,347.4762874885198,50941.856317506514
6156,330.2976127807668,50941.856317506514
6157,399.4098531453647,52253.278208364085
6158,363.885186807807,49630.434426648935
6159,351.4242361325965,55897.930353880205
6160,54.85887334186719,59595.548467200395
6161,197.1303445432603,58363.00909609367
6162,83.76732666666476,55897.930353880205
6163,0.0,47007.59064493383
6164,0.0,41761.90308150357
6165,0.0,38396.526869378475
6166,0.0,37252.73033299145
6167,0.0,37252.73033299145
6168,0.0,37252.73033299145
6169,0.0,37252.73033299145
6170,0.0,38396.526869378475
6171,0.0,36108.93379660439
6172,0.0,34965.137260217336
6173,0.0,31533.7476510562
6174,0.0,32677.544187443254
6175,0.0,34965.137260217336
6176,67.88588009494589,38396.526869378475
6177,73.57372372026485,54665.39098277348
6178,257.73917751124736,60828.08783830711
6179,349.33049648640383,65582.16826971881
6180,391.00995457039136,67887.59939440493
6181,411.2945575565715,64525.7059516273
6182,400.1639447737809,58363.00909609367
6183,358.55842342559333,54665.39098277348
6184,292.3854712704033,53377.35411481341
6185,205.106292448428,54665.39098277348
6186,95.97688366319262,53377.35411481341
6187,0.0,50941.856317506514
6188,0.0,48319.01253579141
6189,0.0,48319.01253579141
6190,0.0,50941.856317506514
6191,0.0,52253.278208364085
6192,0.0,52253.278208364085
6193,0.0,53377.35411481341
6194,0.0,32677.544187443254
6195,0.0,32677.544187443254
6196,0.0,30389.951114669166
6197,0.0,28383.092973255996
6198,0.0,24281.201946212797
6199,0.0,19300.334270517476
6200,28.44226234131942,18407.338737204973
6201,139.8696412779397,20179.310919169588
6202,210.3588530662818,21204.78367593039
6203,279.84137879117856,24281.201946212797
6204,391.42498183416944,30389.951114669166
6205,408.7856914244279,37252.73033299145
6206,387.151004125197,34965.137260217336
6207,346.4021048983508,43073.32497236115
6208,127.44706779752376,48319.01253579141
6209,190.7876862542977,50941.856317506514
6210,26.5565526016162,49630.434426648935
6211,0.0,48319.01253579141
6212,0.0,45696.16875407625
6213,0.0,44384.74686321872
6214,0.0,44384.74686321872
6215,0.0,41761.90308150357
6216,0.0,40684.11994215258
6217,0.0,37252.73033299145
6218,0.0,31533.7476510562
6219,0.0,33821.340723830304
6220,0.0,36108.93379660439
6221,0.0,40684.11994215258
6222,0.0,39540.323405765535
6223,0.0,32677.544187443254
6224,18.23044293248172,31533.7476510562
6225,158.65363073376503,41761.90308150357
6226,185.39717400274824,43073.32497236115
6227,315.19114849036043,43073.32497236115
6228,386.344659114914,43073.32497236115
6229,405.5958303049473,44384.74686321872
6230,387.4736761558492,41761.90308150357
6231,350.3489430618733,45696.16875407625
6232,287.9291280497955,49630.434426648935
6233,201.0905462602339,52253.278208364085
6234,87.6364358273326,53377.35411481341
6235,0.0,55897.930353880205
6236,0.0,57130.46972498692
6237,0.0,58363.00909609367
6238,0.0,60828.08783830711
6239,0.0,63293.16658052061
6240,0.0,60828.08783830711
6241,0.0,53377.35411481341
6242,0.0,37252.73033299145
6243,0.0,27357.620216495194
6244,0.0,25306.6747029736
6245,0.0,26332.14745973439
6246,0.0,27357.620216495194
6247,0.0,26332.14745973439
6248,66.50131593293888,27357.620216495194
6249,155.88074110915397,33821.340723830304
6250,248.74948390302015,34965.137260217336
6251,345.5392966512044,34965.137260217336
6252,388.0964734304644,38396.526869378475
6253,390.9047994139688,41761.90308150357
6254,384.1611906771309,43073.32497236115
6255,355.707101166609,41761.90308150357
6256,289.513723829394,40684.11994215258
6257,196.7500719199867,37252.73033299145
6258,84.42122056892015,36108.93379660439
6259,0.0,30389.951114669166
6260,0.0,25306.6747029736
6261,0.0,26332.14745973439
6262,0.0,30389.951114669166
6263,0.0,32677.544187443254
6264,0.0,32677.544187443254
6265,0.0,36108.93379660439
6266,0.0,29409.554083480263
6267,0.0,26332.14745973439
6268,0.0,20179.310919169588
6269,0.0,15892.958420147246
6270,0.0,15892.958420147246
6271,0.0,17569.211964852395
6272,76.3569835075377,20179.310919169588
6273,145.099429457548,31533.7476510562
6274,254.16889401859515,32677.544187443254
6275,343.6887541911018,31533.7476510562
6276,384.2174027401293,30389.951114669166
6277,399.4436827295031,32677.544187443254
6278,370.25208322354433,30389.951114669166
6279,351.0190721728064,33821.340723830304
6280,288.0774417120454,36108.93379660439
6281,199.40870359736903,38396.526869378475
6282,94.50864185462476,38396.526869378475
6283,0.0,36108.93379660439
6284,0.0,37252.73033299145
6285,0.0,37252.73033299145
6286,0.0,38396.526869378475
6287,0.0,38396.526869378475
6288,0.0,36108.93379660439
6289,0.0,30389.951114669166
6290,0.0,23255.729189451984
6291,0.0,22230.2564326912
6292,0.0,22230.2564326912
6293,0.0,23255.729189451984
6294,0.0,25306.6747029736
6295,0.0,28383.092973255996
6296,77.0603721106653,34965.137260217336
6297,153.15656440008692,45696.16875407625
6298,254.8256896937664,50941.856317506514
6299,347.307397791094,54665.39098277348
6300,389.9739796272377,57130.46972498692
6301,407.0676996064996,60828.08783830711
6302,384.83100795182526,58363.00909609367
6303,327.34619882841963,60828.08783830711
6304,198.92232736158485,64525.7059516273
6305,198.7191291634119,66812.82506279985
6306,91.6233035847954,66812.82506279985
6307,0.0,67887.59939440493
6308,0.0,65582.16826971881
6309,0.0,63293.16658052061
6310,0.0,58363.00909609367
6311,0.0,55897.930353880205
6312,0.0,53377.35411481341
6313,0.0,50941.856317506514
6314,0.0,40684.11994215258
6315,0.0,38396.526869378475
6316,0.0,38396.526869378475
6317,0.0,38396.526869378475
6318,0.0,38396.526869378475
6319,0.0,36108.93379660439
6320,79.05102446206372,39540.323405765535
6321,157.17623760083006,47007.59064493383
6322,274.3229004097836,49630.434426648935
6323,338.3633553295101,52253.278208364085
6324,389.3761231863754,52253.278208364085
6325,410.2623165198675,53377.35411481341
6326,366.6693960309806,57130.46972498692
6327,350.76472772116574,59595.548467200395
6328,280.84551500874613,60828.08783830711
6329,195.36980880623904,60828.08783830711
6330,87.25269975937343,60828.08783830711
6331,0.0,57130.46972498692
6332,0.0,54665.39098277348
6333,0.0,50941.856317506514
6334,0.0,52253.278208364085
6335,0.0,50941.856317506514
6336,0.0,48319.01253579141
6337,0.0,48319.01253579141
6338,0.0,45696.16875407625
6339,0.0,41761.90308150357
6340,0.0,38396.526869378475
6341,0.0,36108.93379660439
6342,0.0,34965.137260217336
6343,0.0,36108.93379660439
6344,76.0782286857299,36108.93379660439
6345,136.4915688657425,43073.32497236115
6346,244.2297226929482,40684.11994215258
6347,347.3334249334219,39540.323405765535
6348,332.42062448201983,39540.323405765535
6349,307.49262477735965,38396.526869378475
6350,263.24289433211544,32677.544187443254
6351,234.6280430754448,33821.340723830304
6352,232.3115165849371,33821.340723830304
6353,192.28317218825435,32677.544187443254
6354,92.3571654085966,32677.544187443254
6355,0.0,31533.7476510562
6356,0.0,32677.544187443254
6357,0.0,37252.73033299145
6358,0.0,40684.11994215258
6359,0.0,47007.59064493383
6360,0.0,49630.434426648935
6361,0.0,49630.434426648935
6362,0.0,45696.16875407625
6363,0.0,40684.11994215258
6364,0.0,33821.340723830304
6365,0.0,29409.554083480263
6366,0.0,27357.620216495194
6367,0.0,27357.620216495194
6368,75.96421105725382,28383.092973255996
6369,133.60617614100568,30389.951114669166
6370,252.1667868818574,30389.951114669166
6371,348.29047378496705,31533.7476510562
6372,390.01433445779367,36108.93379660439
6373,403.47529990356605,39540.323405765535
6374,388.92167731153165,38396.526869378475
6375,352.3275737197212,43073.32497236115
6376,271.67479299524564,47007.59064493383
6377,129.85709983150713,48319.01253579141
6378,91.5855625287489,50941.856317506514
6379,0.0,52253.278208364085
6380,0.0,59595.548467200395
6381,0.0,58363.00909609367
6382,0.0,54665.39098277348
6383,0.0,52253.278208364085
6384,0.0,49630.434426648935
6385,0.0,47007.59064493383
6386,0.0,34965.137260217336
6387,0.0,33821.340723830304
6388,0.0,31533.7476510562
6389,0.0,28383.092973255996
6390,0.0,25306.6747029736
6391,0.0,21204.78367593039
6392,81.17522505846452,23255.729189451984
6393,132.28582418952553,30389.951114669166
6394,235.2072367795459,34965.137260217336
6395,343.05518407265606,40684.11994215258
6396,354.6781460004313,45696.16875407625
6397,411.3536169028389,48319.01253579141
6398,394.6150203745985,43073.32497236115
6399,331.9642422371651,45696.16875407625
6400,282.0053680733901,48319.01253579141
6401,196.6763511509264,48319.01253579141
6402,87.5002153110513,48319.01253579141
6403,0.0,45696.16875407625
6404,0.0,47007.59064493383
6405,0.0,50941.856317506514
6406,0.0,52253.278208364085
6407,0.0,50941.856317506514
6408,0.0,50941.856317506514
6409,0.0,50941.856317506514
6410,0.0,40684.11994215258
6411,0.0,43073.32497236115
6412,0.0,45696.16875407625
6413,0.0,47007.59064493383
6414,0.0,44384.74686321872
6415,0.0,40684.11994215258
6416,83.28981501801091,37252.73033299145
6417,142.62192241629816,39540.323405765535
6418,240.0788242505956,38396.526869378475
6419,319.03863779767005,40684.11994215258
6420,389.52464863421386,37252.73033299145
6421,413.1620389759186,33821.340723830304
6422,384.830764699135,29409.554083480263
6423,349.527982134427,30389.951114669166
6424,283.9288402735243,30389.951114669166
6425,195.7081499100254,28383.092973255996
6426,91.24091093741472,31533.7476510562
6427,0.0,33821.340723830304
6428,0.0,33821.340723830304
6429,0.0,33821.340723830304
6430,0.0,36108.93379660439
6431,0.0,36108.93379660439
6432,0.0,37252.73033299145
6433,0.0,36108.93379660439
6434,0.0,27357.620216495194
6435,0.0,25306.6747029736
6436,0.0,22230.2564326912
6437,0.0,19300.334270517476
6438,0.0,17569.211964852395
6439,0.0,16731.085192499828
6440,84.39579991612162,13378.578103089518
6441,123.76989906932369,18407.338737204973
6442,209.1778577004504,21204.78367593039
6443,346.66266562005586,25306.6747029736
6444,395.2951665518649,30389.951114669166
6445,410.0406893326941,41761.90308150357
6446,385.0462905497101,49630.434426648935
6447,351.23725765234315,59595.548467200395
6448,202.0056558523061,63293.16658052061
6449,179.7705594970567,65582.16826971881
6450,78.06099014238605,64525.7059516273
6451,0.0,60828.08783830711
6452,0.0,58363.00909609367
6453,0.0,60828.08783830711
6454,0.0,57130.46972498692
6455,0.0,58363.00909609367
6456,0.0,59595.548467200395
6457,0.0,53377.35411481341
6458,0.0,44384.74686321872
6459,0.0,44384.74686321872
6460,0.0,44384.74686321872
6461,0.0,48319.01253579141
6462,0.0,43073.32497236115
6463,0.0,38396.526869378475
6464,42.37461651043223,38396.526869378475
6465,20.423575600810175,41761.90308150357
6466,254.43172147789727,43073.32497236115
6467,340.62048703335256,47007.59064493383
6468,392.3727695394055,58363.00909609367
6469,406.65566026183313,67887.59939440493
6470,389.968064082839,70037.14805761506
6471,345.54749921650534,70037.14805761506
6472,262.8881812858117,71111.92238922014
6473,175.31221290825096,68962.37372601002
6474,80.29140129879974,70037.14805761506
6475,0.0,66812.82506279985
6476,0.0,60828.08783830711
6477,0.0,64525.7059516273
6478,0.0,60828.08783830711
6479,0.0,59595.548467200395
6480,0.0,57130.46972498692
6481,0.0,52253.278208364085
6482,0.0,47007.59064493383
6483,0.0,44384.74686321872
6484,0.0,41761.90308150357
6485,0.0,41761.90308150357
6486,0.0,40684.11994215258
6487,0.0,41761.90308150357
6488,47.447667820110944,44384.74686321872
6489,138.9351088243507,50941.856317506514
6490,264.5946542024971,58363.00909609367
6491,241.39049247439016,63293.16658052061
6492,384.1611997075884,67887.59939440493
6493,395.56007516712407,67887.59939440493
6494,397.6564256896516,64525.7059516273
6495,287.0218895074935,63293.16658052061
6496,282.98858555391257,62060.62720941386
6497,139.30483134482992,63293.16658052061
6498,66.73327164309583,63293.16658052061
6499,0.0,64525.7059516273
6500,0.0,65582.16826971881
6501,0.0,67887.59939440493
6502,0.0,72186.69672082523
6503,0.0,72186.69672082523
6504,0.0,67887.59939440493
6505,0.0,62060.62720941386
6506,0.0,49630.434426648935
6507,0.0,45696.16875407625
6508,0.0,41761.90308150357
6509,0.0,39540.323405765535
6510,0.0,39540.323405765535
6511,0.0,39540.323405765535
6512,82.16378905738466,40684.11994215258
6513,154.31835276179842,48319.01253579141
6514,237.8613424148335,49630.434426648935
6515,346.8639501959626,52253.278208364085
6516,338.7447828452499,52253.278208364085
6517,319.6446094887981,57130.46972498692
6518,397.6887775268654,55897.930353880205
6519,352.4286884063528,60828.08783830711
6520,150.07618699819326,63293.16658052061
6521,186.400953314511,60828.08783830711
6522,86.60811392871031,55897.930353880205
6523,0.0,50941.856317506514
6524,0.0,53377.35411481341
6525,0.0,62060.62720941386
6526,0.0,63293.16658052061
6527,0.0,62060.62720941386
6528,0.0,60828.08783830711
6529,0.0,60828.08783830711
6530,0.0,54665.39098277348
6531,0.0,53377.35411481341
6532,0.0,54665.39098277348
6533,0.0,57130.46972498692
6534,0.0,57130.46972498692
6535,0.0,59595.548467200395
6536,80.89337750331352,63293.16658052061
6537,161.136570648621,66812.82506279985
6538,257.6373716903586,67887.59939440493
6539,354.8785359216247,66812.82506279985
6540,394.10842273682266,66812.82506279985
6541,396.7392489029624,68962.37372601002
6542,388.0446056627375,62060.62720941386
6543,332.1821463059337,64525.7059516273
6544,283.498229437362,62060.62720941386
6545,192.97151535483903,59595.548467200395
6546,83.98590901102843,53377.35411481341
6547,0.0,49630.434426648935
6548,0.0,57306.54677800218
6549,0.0,55897.930353880205
6550,0.0,54489.313929758224
6551,0.0,53002.66214599696
6552,0.0,51503.89427073118
6553,0.0,50005.1263954654
6554,0.0,48319.01253579141
6555,0.0,46820.24466052563
6556,0.0,45321.476785259816
6557,0.0,43822.708909994035
6558,0.0,42323.941034728254
6559,0.0,40847.51944735073
6560,61.30240765376565,39540.323405765535
6561,191.41774068343256,38233.12736418033
6562,258.8028920672768,36762.531817396986
6563,349.7652832674244,35455.33577581179
6564,390.79410974116513,43073.32497236115
6565,394.8076855970014,47007.59064493383
6566,386.0178520558268,43073.32497236115
6567,333.3681456717917,47007.59064493383
6568,273.25769616777893,47007.59064493383
6569,173.67989838415906,47007.59064493383
6570,78.39502722974017,49630.434426648935
6571,0.0,47007.59064493383
6572,0.0,45696.16875407625
6573,0.0,45696.16875407625
6574,0.0,45696.16875407625
6575,0.0,47007.59064493383
6576,0.0,47007.59064493383
6577,0.0,49630.434426648935
6578,0.0,44384.74686321872
6579,0.0,43073.32497236115
6580,0.0,44384.74686321872
6581,0.0,45696.16875407625
6582,0.0,49630.434426648935
6583,0.0,49630.434426648935
6584,33.56973078984026,52253.278208364085
6585,182.6950672141577,58363.00909609367
6586,269.0750555635957,57130.46972498692
6587,341.87965183044776,55897.930353880205
6588,390.72689158751393,55897.930353880205
6589,404.3880820436648,58363.00909609367
6590,385.2499949871446,55897.930353880205
6591,307.7176794595117,54665.39098277348
6592,265.59445619746845,54665.39098277348
6593,184.5061623489852,55897.930353880205
6594,82.39078993614169,54665.39098277348
6595,0.0,49630.434426648935
6596,0.0,48319.01253579141
6597,0.0,48319.01253579141
6598,0.0,49630.434426648935
6599,0.0,50941.856317506514
6600,0.0,49630.434426648935
6601,0.0,44384.74686321872
6602,0.0,36108.93379660439
6603,0.0,31533.7476510562
6604,0.0,28383.092973255996
6605,0.0,23255.729189451984
6606,0.0,24281.201946212797
6607,0.0,25306.6747029736
6608,67.08536147769182,26332.14745973439
6609,168.81103145751393,40684.11994215258
6610,251.60786973503463,38396.526869378475
6611,292.8734755022704,33821.340723830304
6612,381.4887552311977,36108.93379660439
6613,403.7963376065914,43073.32497236115
6614,389.06857212708326,45696.16875407625
6615,338.79849343679166,48319.01253579141
6616,271.87237853195165,45696.16875407625
6617,184.04850970247423,43073.32497236115
6618,81.36341483760961,41761.90308150357
6619,0.0,41761.90308150357
6620,0.0,39540.323405765535
6621,0.0,36108.93379660439
6622,0.0,33821.340723830304
6623,0.0,32677.544187443254
6624,0.0,29409.554083480263
6625,0.0,26332.14745973439
6626,0.0,23255.729189451984
6627,0.0,26332.14745973439
6628,0.0,27357.620216495194
6629,0.0,26332.14745973439
6630,0.0,26332.14745973439
6631,0.0,19300.334270517476
6632,64.20882197751241,12540.45133073694
6633,141.97420735846543,9602.250644613274
6634,220.6531993449261,8340.13032859998
6635,345.80818111257014,13378.578103089518
6636,399.3590220536257,22230.2564326912
6637,411.0597010670549,29409.554083480263
6638,395.9735205887293,31533.7476510562
6639,358.9659622801745,37252.73033299145
6640,286.2150696117629,40684.11994215258
6641,188.2716330152113,44384.74686321872
6642,84.93327994685778,44384.74686321872
6643,0.0,43073.32497236115
6644,0.0,43073.32497236115
6645,0.0,41761.90308150357
6646,0.0,43073.32497236115
6647,0.0,43073.32497236115
6648,0.0,38396.526869378475
6649,0.0,36108.93379660439
6650,0.0,31533.7476510562
6651,0.0,27357.620216495194
6652,0.0,23255.729189451984
6653,0.0,19300.334270517476
6654,0.0,20179.310919169588
6655,0.0,20179.310919169588
6656,70.95839074359678,22230.2564326912
6657,179.89174019050114,28383.092973255996
6658,244.2311914693244,32677.544187443254
6659,324.4991972837233,40684.11994215258
6660,386.9982838503957,45696.16875407625
6661,405.5817449983842,47007.59064493383
6662,378.6886916087769,45696.16875407625
6663,345.01590855328294,53377.35411481341
6664,267.1752455976222,60828.08783830711
6665,180.05460440602562,66812.82506279985
6666,76.33086074254747,65582.16826971881
6667,0.0,64525.7059516273
6668,0.0,59595.548467200395
6669,0.0,57130.46972498692
6670,0.0,54665.39098277348
6671,0.0,48319.01253579141
6672,0.0,47007.59064493383
6673,0.0,45696.16875407625
6674,0.0,44384.74686321872
6675,0.0,47007.59064493383
6676,0.0,47007.59064493383
6677,0.0,44384.74686321872
6678,0.0,41761.90308150357
6679,0.0,43073.32497236115
6680,69.56033519240296,44384.74686321872
6681,178.15495421453457,53377.35411481341
6682,273.2978638042506,55897.930353880205
6683,352.4019749999889,59595.548467200395
6684,385.5516568597712,65582.16826971881
6685,389.4267522427584,73261.47105243028
6686,383.4151688586693,71111.92238922014
6687,337.3349484714186,68962.37372601002
6688,271.2444352951905,63293.16658052061
6689,173.7882455971607,60828.08783830711
6690,75.78683096312206,54665.39098277348
6691,0.0,48319.01253579141
6692,0.0,45696.16875407625
6693,0.0,44384.74686321872
6694,0.0,43073.32497236115
6695,0.0,41761.90308150357
6696,0.0,40684.11994215258
6697,0.0,38396.526869378475
6698,0.0,32677.544187443254
6699,0.0,33821.340723830304
6700,0.0,34965.137260217336
6701,0.0,37252.73033299145
6702,0.0,38396.526869378475
6703,0.0,38396.526869378475
6704,63.32404403600503,39540.323405765535
6705,171.15345846137416,49630.434426648935
6706,263.6311278924092,50941.856317506514
6707,317.0573868067156,52253.278208364085
6708,340.4812567658122,54665.39098277348
6709,355.6471041483408,58363.00909609367
6710,345.569874141706,58363.00909609367
6711,304.8009379597879,63293.16658052061
6712,258.8768577440376,60828.08783830711
6713,165.12977137705874,57130.46972498692
6714,56.96598223052755,53377.35411481341
6715,0.0,47007.59064493383
6716,0.0,43073.32497236115
6717,0.0,45696.16875407625
6718,0.0,47007.59064493383
6719,0.0,47007.59064493383
6720,0.0,43073.32497236115
6721,0.0,40684.11994215258
6722,0.0,32677.544187443254
6723,0.0,33821.340723830304
6724,0.0,36108.93379660439
6725,0.0,37252.73033299145
6726,0.0,36108.93379660439
6727,0.0,36108.93379660439
6728,61.51384207225708,37252.73033299145
6729,181.7498639220616,43073.32497236115
6730,266.2680437239704,43073.32497236115
6731,343.7180062921163,41761.90308150357
6732,373.7243809945549,41761.90308150357
6733,387.54226711016616,47007.59064493383
6734,344.40545773197005,53377.35411481341
6735,309.33971167107006,57130.46972498692
6736,245.7639276269427,55897.930353880205
6737,176.76915383068575,54665.39098277348
6738,74.1723483465411,55897.930353880205
6739,0.0,60828.08783830711
6740,0.0,64525.7059516273
6741,0.0,65582.16826971881
6742,0.0,57130.46972498692
6743,0.0,50941.856317506514
6744,0.0,49630.434426648935
6745,0.0,48319.01253579141
6746,0.0,45696.16875407625
6747,0.0,44384.74686321872
6748,0.0,45696.16875407625
6749,0.0,43073.32497236115
6750,0.0,45696.16875407625
6751,0.0,49630.434426648935
6752,65.20691682112891,53377.35411481341
6753,185.99501736379744,60828.08783830711
6754,268.9769981570887,59595.548467200395
6755,345.7900660250723,57130.46972498692
6756,382.3804953283045,55897.930353880205
6757,354.8252763824364,55897.930353880205
6758,338.72126110676567,53377.35411481341
6759,343.40475037680443,55897.930353880205
6760,267.20433000467455,58363.00909609367
6761,110.65446502131574,58363.00909609367
6762,73.663112304992,57130.46972498692
6763,0.0,53377.35411481341
6764,0.0,54665.39098277348
6765,0.0,57130.46972498692
6766,0.0,60828.08783830711
6767,0.0,62060.62720941386
6768,0.0,63293.16658052061
6769,0.0,60828.08783830711
6770,0.0,54665.39098277348
6771,0.0,49630.434426648935
6772,0.0,45696.16875407625
6773,0.0,45696.16875407625
6774,0.0,39540.323405765535
6775,0.0,30389.951114669166
6776,62.35755824955128,31533.7476510562
6777,185.0770612489072,41761.90308150357
6778,275.8383980822624,45696.16875407625
6779,351.8287282538577,45696.16875407625
6780,387.8011348411743,47007.59064493383
6781,371.67889443995256,47007.59064493383
6782,369.1376070317653,41761.90308150357
6783,266.0351907024373,47007.59064493383
6784,266.75048347559607,55897.930353880205
6785,182.8450920724133,58363.00909609367
6786,76.40216605918928,60828.08783830711
6787,0.0,55897.930353880205
6788,0.0,53377.35411481341
6789,0.0,50941.856317506514
6790,0.0,48319.01253579141
6791,0.0,43073.32497236115
6792,0.0,38396.526869378475
6793,0.0,36108.93379660439
6794,0.0,33821.340723830304
6795,0.0,39540.323405765535
6796,0.0,39540.323405765535
6797,0.0,32677.544187443254
6798,0.0,25306.6747029736
6799,0.0,17569.211964852395
6800,67.05223925927794,19300.334270517476
6801,177.97597011550567,29409.554083480263
6802,258.00420260253344,33821.340723830304
6803,351.0783574082548,34965.137260217336
6804,358.8077367316266,36108.93379660439
6805,361.0330334891636,39540.323405765535
6806,365.03456035896994,38396.526869378475
6807,341.23298182429505,41761.90308150357
6808,274.7890445388788,47007.59064493383
6809,182.79564176227603,53377.35411481341
6810,79.25500970144594,59595.548467200395
6811,0.0,58363.00909609367
6812,0.0,54665.39098277348
6813,0.0,52253.278208364085
6814,0.0,53377.35411481341
6815,0.0,54665.39098277348
6816,0.0,52253.278208364085
6817,0.0,49630.434426648935
6818,0.0,41761.90308150357
6819,0.0,36108.93379660439
6820,0.0,31533.7476510562
6821,0.0,27357.620216495194
6822,0.0,25306.6747029736
6823,0.0,25306.6747029736
6824,78.6070170803227,28383.092973255996
6825,166.08541922624258,32677.544187443254
6826,270.9873164556803,37252.73033299145
6827,344.3703980210344,45696.16875407625
6828,366.6577221819558,50941.856317506514
6829,363.568228245268,54665.39098277348
6830,369.3207355876861,52253.278208364085
6831,329.32803135652847,53377.35411481341
6832,269.92474090778404,58363.00909609367
6833,163.3374320565478,58363.00909609367
6834,73.7323679126357,63293.16658052061
6835,0.0,58363.00909609367
6836,0.0,58363.00909609367
6837,0.0,55897.930353880205
6838,0.0,55897.930353880205
6839,0.0,55897.930353880205
6840,0.0,53377.35411481341
6841,0.0,49630.434426648935
6842,0.0,41761.90308150357
6843,0.0,39540.323405765535
6844,0.0,37252.73033299145
6845,0.0,34965.137260217336
6846,0.0,32677.544187443254
6847,0.0,32677.544187443254
6848,56.60495996089047,33821.340723830304
6849,180.56656716411493,40684.11994215258
6850,274.4031812342926,38396.526869378475
6851,341.9582663903505,37252.73033299145
6852,371.4473169108668,39540.323405765535
6853,381.3470442204561,44384.74686321872
6854,374.7172023558924,45696.16875407625
6855,310.7541219445662,50941.856317506514
6856,261.3950648633626,55897.930353880205
6857,171.9080379453975,58363.00909609367
6858,71.4770741850419,60828.08783830711
6859,0.0,60828.08783830711
6860,0.0,59595.548467200395
6861,0.0,55897.930353880205
6862,0.0,52253.278208364085
6863,0.0,49630.434426648935
6864,0.0,47007.59064493383
6865,0.0,41761.90308150357
6866,0.0,33821.340723830304
6867,0.0,24281.201946212797
6868,0.0,17569.211964852395
6869,0.0,22230.2564326912
6870,0.0,27357.620216495194
6871,0.0,29409.554083480263
6872,66.57955202538918,30389.951114669166
6873,173.28228489473375,38396.526869378475
6874,266.41801213761414,37252.73033299145
6875,354.6168776993194,36108.93379660439
6876,394.3593153973797,37252.73033299145
6877,404.6263924375961,38396.526869378475
6878,382.4517729424798,38396.526869378475
6879,327.4230265253727,44384.74686321872
6880,245.87044293576596,55897.930353880205
6881,146.6219484791105,62060.62720941386
6882,72.1383526964812,62060.62720941386
6883,0.0,60828.08783830711
6884,0.0,52253.278208364085
6885,0.0,41761.90308150357
6886,0.0,37252.73033299145
6887,0.0,31533.7476510562
6888,0.0,27357.620216495194
6889,0.0,21204.78367593039
6890,0.0,12540.45133073694
6891,0.0,10233.310802619917
6892,0.0,11822.056954434736
6893,0.0,12540.45133073694
6894,0.0,13378.578103089518
6895,0.0,12540.45133073694
6896,73.131469332594,14216.70487544209
6897,185.6776180305657,17569.211964852395
6898,259.5128941140512,20179.310919169588
6899,337.54144300655355,22230.2564326912
6900,375.1300525270907,23255.729189451984
6901,393.8034916506561,25306.6747029736
6902,381.63615247802886,26332.14745973439
6903,338.2879595179331,33821.340723830304
6904,267.7833859347847,40684.11994215258
6905,176.29821928050546,48319.01253579141
6906,78.52531382290574,53377.35411481341
6907,0.0,55897.930353880205
6908,0.0,65582.16826971881
6909,0.0,68962.37372601002
6910,0.0,60828.08783830711
6911,0.0,48319.01253579141
6912,0.0,32677.544187443254
6913,0.0,23255.729189451984
6914,0.0,14216.70487544209
6915,0.0,10983.930182082157
6916,0.0,7709.070170593332
6917,0.0,5815.889696573389
6918,0.0,3696.01279007597
6919,0.0,2631.0987734397554
6920,72.00909511801503,4050.9841289547107
6921,185.5101744021976,10233.310802619917
6922,260.3133654653248,16731.085192499828
6923,353.960542865608,23255.729189451984
6924,384.74359312074375,31533.7476510562
6925,400.41281853623775,34965.137260217336
6926,374.1439462982195,33821.340723830304
6927,342.3961415041895,37252.73033299145
6928,270.7514331646601,43073.32497236115
6929,175.68878389211758,43073.32497236115
6930,73.7278779607463,41761.90308150357
6931,0.0,40684.11994215258
6932,0.0,44384.74686321872
6933,0.0,38396.526869378475
6934,0.0,34965.137260217336
6935,0.0,29409.554083480263
6936,0.0,19300.334270517476
6937,0.0,11822.056954434736
6938,0.0,5274.980989710559
6939,0.0,2986.070112318495
6940,0.0,1921.1560956822805
6941,0.0,2276.127434561018
6942,0.0,2631.0987734397554
6943,0.0,2631.0987734397554
6944,71.19233559818872,2986.070112318495
6945,174.89350059813574,4643.920831703906
6946,236.7867168473269,4643.920831703906
6947,347.6337038032048,7078.010012586685
6948,391.4725757522546,11822.056954434736
6949,395.0414193302824,20179.310919169588
6950,360.0575573182238,18407.338737204973
6951,331.6319026808502,27357.620216495194
6952,266.34978559452765,22230.2564326912
6953,178.24797592452023,29409.554083480263
6954,72.42932965331855,29409.554083480263
6955,0.0,29409.554083480263
6956,0.0,30389.951114669166
6957,0.0,36108.93379660439
6958,0.0,37252.73033299145
6959,0.0,32677.544187443254
6960,0.0,26332.14745973439
6961,0.0,19300.334270517476
6962,0.0,16731.085192499828
6963,0.0,16731.085192499828
6964,0.0,14216.70487544209
6965,0.0,10983.930182082157
6966,0.0,11822.056954434736
6967,0.0,14216.70487544209
6968,59.205052064061015,20179.310919169588
6969,199.42061745432477,30389.951114669166
6970,278.81693063117865,32677.544187443254
6971,306.8376839198651,30389.951114669166
6972,383.20745481436273,30389.951114669166
6973,396.65960914434544,32677.544187443254
6974,380.0010619680443,36108.93379660439
6975,337.31645621064945,44384.74686321872
6976,264.330290421108,48319.01253579141
6977,172.01401996361602,45696.16875407625
6978,67.22684782824562,43073.32497236115
6979,0.0,37252.73033299145
6980,0.0,33821.340723830304
6981,0.0,33821.340723830304
6982,0.0,34965.137260217336
6983,0.0,32677.544187443254
6984,0.0,25306.6747029736
6985,0.0,16731.085192499828
6986,0.0,11822.056954434736
6987,0.0,7709.070170593332
6988,0.0,4643.920831703906
6989,0.0,2276.127434561018
6990,0.0,1261.9236091931928
6991,0.0,551.9809314357174
6992,62.86502404819632,2631.0987734397554
6993,172.87993179806426,8971.190486606622
6994,282.13447833111604,15054.831647794676
6995,350.9014439041676,21204.78367593039
6996,393.6963799520059,24281.201946212797
6997,401.8503208614901,26332.14745973439
6998,387.1995259442816,23255.729189451984
6999,340.97853283441174,28383.092973255996
7000,268.772366838044,33821.340723830304
7001,176.50669989367296,36108.93379660439
7002,74.35534824757202,34965.137260217336
7003,0.0,32677.544187443254
7004,0.0,32677.544187443254
7005,0.0,34965.137260217336
7006,0.0,36108.93379660439
7007,0.0,30389.951114669166
7008,0.0,19300.334270517476
7009,0.0,10983.930182082157
7010,0.0,11822.056954434736
7011,0.0,13378.578103089518
7012,0.0,15892.958420147246
7013,0.0,15054.831647794676
7014,0.0,15892.958420147246
7015,0.0,15892.958420147246
7016,67.28325540387294,15892.958420147246
7017,192.0102038368564,15892.958420147246
7018,276.3005214278045,11822.056954434736
7019,351.3453469458087,7078.010012586685
7020,385.2760263476303,7078.010012586685
7021,401.6678760623741,13378.578103089518
7022,384.66740406373657,20179.310919169588
7023,343.75659862371725,38396.526869378475
7024,274.18579555707305,48319.01253579141
7025,178.2490758581274,44384.74686321872
7026,74.30494101574179,39540.323405765535
7027,0.0,34965.137260217336
7028,0.0,30389.951114669166
7029,0.0,28383.092973255996
7030,0.0,27357.620216495194
7031,0.0,26332.14745973439
7032,0.0,27357.620216495194
7033,0.0,25306.6747029736
7034,0.0,15054.831647794676
7035,0.0,14216.70487544209
7036,0.0,15892.958420147246
7037,0.0,15892.958420147246
7038,0.0,19300.334270517476
7039,0.0,24281.201946212797
7040,63.777182629095904,33821.340723830304
7041,197.16612215318776,37252.73033299145
7042,285.30157722233264,38396.526869378475
7043,326.99547833492744,41761.90308150357
7044,391.6725670475853,45696.16875407625
7045,398.0179595044965,47007.59064493383
7046,382.7207524009476,38396.526869378475
7047,335.3527792963074,43073.32497236115
7048,248.41735806824232,48319.01253579141
7049,171.28217264558123,49630.434426648935
7050,73.102395373545,54665.39098277348
7051,0.0,54665.39098277348
7052,0.0,53377.35411481341
7053,0.0,50941.856317506514
7054,0.0,52253.278208364085
7055,0.0,52253.278208364085
7056,0.0,49630.434426648935
7057,0.0,49630.434426648935
7058,0.0,50941.856317506514
7059,0.0,49630.434426648935
7060,0.0,48319.01253579141
7061,0.0,43073.32497236115
7062,0.0,38396.526869378475
7063,0.0,31533.7476510562
7064,30.493271307469204,32677.544187443254
7065,134.64655237365642,41761.90308150357
7066,57.96430035030048,53377.35411481341
7067,232.2151798859956,53377.35411481341
7068,132.28020658846407,47007.59064493383
7069,95.36266562376696,45696.16875407625
7070,270.58204198587424,44384.74686321872
7071,173.87509473206936,44384.74686321872
7072,143.9020519394662,39540.323405765535
7073,63.06247874437882,40684.11994215258
7074,42.65016224399145,48319.01253579141
7075,0.0,54665.39098277348
7076,0.0,62060.62720941386
7077,0.0,67887.59939440493
7078,0.0,79181.85571659937
7079,0.0,77407.02918862127
7080,0.0,71111.92238922014
7081,0.0,73261.47105243028
7082,0.0,66812.82506279985
7083,0.0,66812.82506279985
7084,0.0,66812.82506279985
7085,0.0,68962.37372601002
7086,0.0,63293.16658052061
7087,0.0,54665.39098277348
7088,9.370600606583832,55897.930353880205
7089,56.29131632756287,66812.82506279985
7090,141.8812035842365,66812.82506279985
7091,219.6742660420678,72186.69672082523
7092,229.02532716554404,75411.01971564042
7093,131.8614249544226,78324.0083143091
7094,249.2121667701153,77407.02918862127
7095,144.39506342332984,74336.24538403534
7096,66.70622103297121,79181.85571659937
7097,70.07135685429228,77407.02918862127
7098,37.36238777461233,76332.25485701617
7099,0.0,77407.02918862127
7100,0.0,81755.39792347024
7101,0.0,85922.08530602304
7102,0.0,87941.61104396792
7103,0.0,86679.49072795465
7104,0.0,85064.23790373276
7105,0.0,83471.09272805079
7106,0.0,81755.39792347024
7107,0.0,83471.09272805079
7108,0.0,83471.09272805079
7109,0.0,77407.02918862127
7110,0.0,64525.7059516273
7111,0.0,48319.01253579141
7112,12.495180393250102,43073.32497236115
7113,133.04109883116752,37252.73033299145
7114,107.63871909838204,39540.323405765535
7115,236.19377873044465,40684.11994215258
7116,149.84071901016046,48319.01253579141
7117,231.67220859953107,53377.35411481341
7118,68.44248188601601,80897.55052117995
7119,42.84814052363812,93864.11029132077
7120,40.76055730166456,99260.13334524154
7121,17.372269261843417,94357.12603976345
7122,32.24974075903119,89834.79151798786
7123,0.0,87941.61104396792
7124,0.0,86679.49072795465
7125,0.0,81755.39792347024
7126,0.0,80039.70311888967
7127,0.0,52253.278208364085
7128,0.0,12540.45133073694
7129,0.0,6446.949854580043
7130,0.0,551.9809314357174
7131,0.0,1566.1847568035414
7132,0.0,1566.1847568035414
7133,0.0,3696.01279007597
7134,0.0,5815.889696573389
7135,0.0,7709.070170593332
7136,13.797362615902346,15054.831647794676
7137,125.42170833970437,23255.729189451984
7138,91.92396085898348,21204.78367593039
7139,263.2633774311476,28383.092973255996
7140,282.11593190583494,34965.137260217336
7141,350.6657442467513,34965.137260217336
7142,356.09827234333505,29409.554083480263
7143,320.1518928347552,24281.201946212797
7144,258.91744777932934,38396.526869378475
7145,167.98136915297093,53377.35411481341
7146,67.92097134111492,52253.278208364085
7147,0.0,39540.323405765535
7148,0.0,36108.93379660439
7149,0.0,32677.544187443254
7150,0.0,36108.93379660439
7151,0.0,39540.323405765535
7152,0.0,40684.11994215258
7153,0.0,34965.137260217336
7154,0.0,21204.78367593039
7155,0.0,21204.78367593039
7156,0.0,22230.2564326912
7157,0.0,23255.729189451984
7158,0.0,23255.729189451984
7159,0.0,20179.310919169588
7160,69.04341850621103,16731.085192499828
7161,183.08713960908491,15892.958420147246
7162,274.9656886043537,14216.70487544209
7163,344.1271351860618,14216.70487544209
7164,356.358173200536,18407.338737204973
7165,373.6530235597209,32677.544187443254
7166,352.3537071916501,49630.434426648935
7167,319.51718564399994,47007.59064493383
7168,242.9470374730008,59595.548467200395
7169,135.06185704372973,53377.35411481341
7170,47.66127941238468,52253.278208364085
7171,0.0,49630.434426648935
7172,0.0,41761.90308150357
7173,0.0,40684.11994215258
7174,0.0,37252.73033299145
7175,0.0,32677.544187443254
7176,0.0,27357.620216495194
7177,0.0,24281.201946212797
7178,0.0,18407.338737204973
7179,0.0,14216.70487544209
7180,0.0,20179.310919169588
7181,0.0,18407.338737204973
7182,0.0,19300.334270517476
7183,0.0,17569.211964852395
7184,77.05677137998234,19300.334270517476
7185,178.5625308447245,22230.2564326912
7186,253.93250258689213,16731.085192499828
7187,243.66032596542783,14216.70487544209
7188,341.919344093584,15892.958420147246
7189,287.40585486896754,15054.831647794676
7190,140.62547951033872,13378.578103089518
7191,216.09045828175763,13378.578103089518
7192,246.78520477268464,17569.211964852395
7193,143.50000306270968,18407.338737204973
7194,58.16835275756313,22230.2564326912
7195,0.0,22230.2564326912
7196,0.0,23255.729189451984
7197,0.0,22230.2564326912
7198,0.0,26332.14745973439
7199,0.0,29409.554083480263
7200,0.0,30389.951114669166
7201,0.0,33821.340723830304
7202,0.0,25306.6747029736
7203,0.0,28383.092973255996
7204,0.0,28383.092973255996
7205,0.0,23255.729189451984
7206,0.0,22230.2564326912
7207,0.0,19300.334270517476
7208,59.8771116261609,16731.085192499828
7209,196.3197452391044,18407.338737204973
7210,287.7377865917642,15892.958420147246
7211,332.81516203963,16731.085192499828
7212,367.4919845159783,17569.211964852395
7213,383.43147351460215,22230.2564326912
7214,369.9311705372454,19300.334270517476
7215,331.2861658554166,24281.201946212797
7216,264.21291377234843,31533.7476510562
7217,173.449749223012,34965.137260217336
7218,70.62869577533644,37252.73033299145
7219,0.0,33821.340723830304
7220,0.0,32677.544187443254
7221,0.0,33821.340723830304
7222,0.0,32677.544187443254
7223,0.0,30389.951114669166
7224,0.0,27357.620216495194
7225,0.0,24281.201946212797
7226,0.0,16731.085192499828
7227,0.0,14216.70487544209
7228,0.0,10983.930182082157
7229,0.0,8340.13032859998
7230,0.0,7078.010012586685
7231,0.0,7078.010012586685
7232,89.73106288267371,8971.190486606622
7233,155.66189256068898,13378.578103089518
7234,286.71642550946143,14216.70487544209
7235,329.5460420643111,16731.085192499828
7236,356.22338180471456,20179.310919169588
7237,368.275640548884,22230.2564326912
7238,350.1015112025125,25306.6747029736
7239,320.31291739847904,31533.7476510562
7240,258.8545855395967,39540.323405765535
7241,169.801626893046,38396.526869378475
7242,69.12714604600927,38396.526869378475
7243,0.0,36108.93379660439
7244,0.0,36108.93379660439
7245,0.0,32677.544187443254
7246,0.0,31533.7476510562
7247,0.0,28383.092973255996
7248,0.0,25306.6747029736
7249,0.0,19300.334270517476
7250,0.0,13378.578103089518
7251,0.0,10983.930182082157
7252,0.0,10983.930182082157
7253,0.0,10233.310802619917
7254,0.0,8971.190486606622
7255,0.0,8340.13032859998
7256,78.75378942592639,7709.070170593332
7257,197.0351941797336,9602.250644613274
7258,256.4206522237215,10233.310802619917
7259,349.0777112010984,12540.45133073694
7260,369.2278603023228,15054.831647794676
7261,386.6136637683568,16731.085192499828
7262,375.7888601726564,16731.085192499828
7263,334.56840218325,17569.211964852395
7264,263.09624713480446,24281.201946212797
7265,171.33188619424303,32677.544187443254
7266,70.54335989201101,40684.11994215258
7267,0.0,39540.323405765535
7268,0.0,34965.137260217336
7269,0.0,31533.7476510562
7270,0.0,28383.092973255996
7271,0.0,25306.6747029736
7272,0.0,21204.78367593039
7273,0.0,19300.334270517476
7274,0.0,17569.211964852395
7275,0.0,15892.958420147246
7276,0.0,15054.831647794676
7277,0.0,13378.578103089518
7278,0.0,15054.831647794676
7279,0.0,15054.831647794676
7280,44.169773752034665,16731.085192499828
7281,79.05968999019339,21204.78367593039
7282,201.9366107029385,17569.211964852395
7283,344.0096368720803,14216.70487544209
7284,348.13472754446195,14216.70487544209
7285,357.3584388763929,14216.70487544209
7286,351.055540918003,17569.211964852395
7287,329.2897153343998,15054.831647794676
7288,254.2608290142568,20179.310919169588
7289,166.80315098058315,26332.14745973439
7290,65.90712972463676,16731.085192499828
7291,0.0,14216.70487544209
7292,0.0,9241.644840038043
7293,0.0,10233.310802619917
7294,0.0,11462.85976628363
7295,0.0,12779.91612283768
7296,0.0,14096.972479391723
7297,0.0,15414.028835945775
7298,0.0,16731.085192499828
7299,0.0,18048.14154905387
7300,0.0,19446.83037862616
7301,0.0,21058.287567821713
7302,0.0,22669.74475701724
7303,0.0,24281.201946212797
7304,44.141892646831856,25892.65913540834
7305,159.06597006481047,27504.116324603878
7306,258.252134393024,29115.57351379942
7307,295.030677392298,30880.149630263608
7308,355.85645454310605,25306.6747029736
7309,375.8629122383182,26332.14745973439
7310,352.85982913756027,29409.554083480263
7311,319.7410019565987,39540.323405765535
7312,256.2953097655794,49630.434426648935
7313,167.69312638615418,53377.35411481341
7314,64.2633383918865,53377.35411481341
7315,0.0,50941.856317506514
7316,0.0,47007.59064493383
7317,0.0,48319.01253579141
7318,0.0,49630.434426648935
7319,0.0,49630.434426648935
7320,0.0,52253.278208364085
7321,0.0,48319.01253579141
7322,0.0,41761.90308150357
7323,0.0,33821.340723830304
7324,0.0,29409.554083480263
7325,0.0,26332.14745973439
7326,0.0,25306.6747029736
7327,0.0,25306.6747029736
7328,76.82226014216407,28383.092973255996
7329,158.19470411672893,33821.340723830304
7330,255.2561212521336,32677.544187443254
7331,320.72721659476684,33821.340723830304
7332,366.917612056129,32677.544187443254
7333,387.5010268583053,34965.137260217336
7334,355.92553126989174,37252.73033299145
7335,306.746779202201,43073.32497236115
7336,253.05752592017623,50941.856317506514
7337,162.2046904176272,54665.39098277348
7338,39.53023803719849,49630.434426648935
7339,0.0,40684.11994215258
7340,0.0,36108.93379660439
7341,0.0,34965.137260217336
7342,0.0,36108.93379660439
7343,0.0,37252.73033299145
7344,0.0,34965.137260217336
7345,0.0,32677.544187443254
7346,0.0,32677.544187443254
7347,0.0,29409.554083480263
7348,0.0,26332.14745973439
7349,0.0,25306.6747029736
7350,0.0,26332.14745973439
7351,0.0,28383.092973255996
7352,10.236695083409,32677.544187443254
7353,103.15344003365736,38396.526869378475
7354,171.64674840672708,31533.7476510562
7355,208.38319552469352,28383.092973255996
7356,299.5857735851927,28383.092973255996
7357,312.1915234667703,25306.6747029736
7358,242.27540951081352,19300.334270517476
7359,254.6904908643691,19300.334270517476
7360,147.01780251711276,37252.73033299145
7361,87.9917008844203,33821.340723830304
7362,50.655543852869954,34965.137260217336
7363,0.0,33821.340723830304
7364,0.0,31533.7476510562
7365,0.0,30389.951114669166
7366,0.0,30389.951114669166
7367,0.0,32677.544187443254
7368,0.0,31533.7476510562
7369,0.0,29409.554083480263
7370,0.0,25306.6747029736
7371,0.0,21204.78367593039
7372,0.0,16731.085192499828
7373,0.0,14216.70487544209
7374,0.0,13378.578103089518
7375,0.0,13378.578103089518
7376,88.4942395249632,11822.056954434736
7377,163.24697277433293,15892.958420147246
7378,252.9118266972937,17569.211964852395
7379,320.1872242701397,19300.334270517476
7380,336.64833864081635,22230.2564326912
7381,356.78637102624776,29409.554083480263
7382,338.7591003615177,34965.137260217336
7383,293.0846600071893,34965.137260217336
7384,250.9538862872462,38396.526869378475
7385,157.0032291985515,43073.32497236115
7386,43.73030434122724,39540.323405765535
7387,0.0,36108.93379660439
7388,0.0,34965.137260217336
7389,0.0,33821.340723830304
7390,0.0,30389.951114669166
7391,0.0,29409.554083480263
7392,0.0,29409.554083480263
7393,0.0,29409.554083480263
7394,0.0,33821.340723830304
7395,0.0,30389.951114669166
7396,0.0,23255.729189451984
7397,0.0,19300.334270517476
7398,0.0,17569.211964852395
7399,0.0,14216.70487544209
7400,17.673336182801,12540.45133073694
7401,101.43070191112837,19300.334270517476
7402,255.56835580432343,22230.2564326912
7403,314.0287912265883,26332.14745973439
7404,316.3396837423533,29409.554083480263
7405,341.33269813233585,33821.340723830304
7406,358.3961331170204,32677.544187443254
7407,314.7506073534734,44384.74686321872
7408,249.4871568832382,53377.35411481341
7409,161.48594361247555,59595.548467200395
7410,65.34546605825712,53377.35411481341
7411,0.0,47007.59064493383
7412,0.0,39540.323405765535
7413,0.0,36108.93379660439
7414,0.0,37252.73033299145
7415,0.0,34965.137260217336
7416,0.0,33821.340723830304
7417,0.0,31533.7476510562
7418,0.0,32677.544187443254
7419,0.0,30389.951114669166
7420,0.0,19300.334270517476
7421,0.0,15054.831647794676
7422,0.0,15054.831647794676
7423,0.0,15054.831647794676
7424,62.45240908906144,15054.831647794676
7425,163.3987181393736,16731.085192499828
7426,204.39589701305115,16731.085192499828
7427,294.64885332105126,15892.958420147246
7428,308.0215630021069,22230.2564326912
7429,375.49486772360217,30389.951114669166
7430,361.8496816512031,33821.340723830304
7431,303.2678472476469,45696.16875407625
7432,145.47462072099125,50941.856317506514
7433,163.42709665964264,59595.548467200395
7434,66.6061381256924,52253.278208364085
7435,0.0,44384.74686321872
7436,0.0,36108.93379660439
7437,0.0,26332.14745973439
7438,0.0,22230.2564326912
7439,0.0,18407.338737204973
7440,0.0,12540.45133073694
7441,0.0,10983.930182082157
7442,0.0,2986.070112318495
7443,0.0,1566.1847568035414
7444,0.0,906.952270314455
7445,0.0,359.3148492777085
7446,0.0,1566.1847568035414
7447,0.0,2631.0987734397554
7448,78.4781287384243,9602.250644613274
7449,177.6007412625536,20179.310919169588
7450,255.8650474037237,13378.578103089518
7451,336.41340065602776,2631.0987734397554
7452,373.7636449514087,1921.1560956822805
7453,384.6370509884517,4643.920831703906
7454,366.9335169242439,12540.45133073694
7455,322.5453329421105,20179.310919169588
7456,256.2094148131467,32677.544187443254
7457,166.9998375217136,49630.434426648935
7458,69.132339300387,47007.59064493383
7459,0.0,32677.544187443254
7460,0.0,29409.554083480263
7461,0.0,28383.092973255996
7462,0.0,23255.729189451984
7463,0.0,16731.085192499828
7464,0.0,18407.338737204973
7465,0.0,24281.201946212797
7466,0.0,21204.78367593039
7467,0.0,16731.085192499828
7468,0.0,12540.45133073694
7469,0.0,10983.930182082157
7470,0.0,12540.45133073694
7471,0.0,13378.578103089518
7472,87.98179578578966,14216.70487544209
7473,175.13388763175735,16731.085192499828
7474,259.0894471034017,16731.085192499828
7475,308.3236423334827,17569.211964852395
7476,368.2309671910344,21204.78367593039
7477,380.2820467749222,29409.554083480263
7478,363.2539867690413,39540.323405765535
7479,320.93583458354306,41761.90308150357
7480,247.3190818063279,52253.278208364085
7481,161.35365843643623,52253.278208364085
7482,61.90480057949135,45696.16875407625
7483,0.0,43073.32497236115
7484,0.0,36108.93379660439
7485,0.0,34965.137260217336
7486,0.0,34965.137260217336
7487,0.0,31533.7476510562
7488,0.0,26332.14745973439
7489,0.0,17569.211964852395
7490,0.0,8340.13032859998
7491,0.0,3341.0414511972326
7492,0.0,408.61642412197784
7493,0.0,21.24690748843383
7494,0.0,0.0
7495,0.0,0.0
7496,85.67078364925601,0.0
7497,169.85062855140762,0.0
7498,270.4900501009753,0.0
7499,340.27647444294223,0.0
7500,366.6373488021694,0.0
7501,298.0171644144859,21.24690748843383
7502,326.3723896148063,4643.920831703906
7503,39.9005213137446,17569.211964852395
7504,120.86348253670609,25306.6747029736
7505,58.50722834695943,8971.190486606622
7506,44.140836122462055,7078.010012586685
7507,0.0,5274.980989710559
7508,0.0,3341.0414511972326
7509,0.0,1261.9236091931928
7510,0.0,551.9809314357174
7511,0.0,1566.1847568035414
7512,0.0,2276.127434561018
7513,0.0,1261.9236091931928
7514,0.0,119.8500571769725
7515,0.0,0.0
7516,0.0,119.8500571769725
7517,0.0,310.0132744334394
7518,0.0,119.8500571769725
7519,0.0,0.0
7520,75.91690482916437,0.0
7521,184.49509125880056,21.24690748843383
7522,264.0074347353888,0.0
7523,318.1208408875853,21.24690748843383
7524,370.4239926621748,1261.9236091931928
7525,382.8890289966365,7078.010012586685
7526,366.9777789870584,10983.930182082157
7527,318.121448358295,18407.338737204973
7528,190.83657381795905,21204.78367593039
7529,119.63701762238202,24281.201946212797
7530,39.364539570402926,23255.729189451984
7531,0.0,14216.70487544209
7532,0.0,8971.190486606622
7533,0.0,10983.930182082157
7534,0.0,10233.310802619917
7535,0.0,10233.310802619917
7536,0.0,7709.070170593332
7537,0.0,4643.920831703906
7538,0.0,3696.01279007597
7539,0.0,2276.127434561018
7540,0.0,3341.0414511972326
7541,0.0,4050.9841289547107
7542,0.0,4643.920831703906
7543,0.0,3696.01279007597
7544,77.1851349846042,2631.0987734397554
7545,164.05867918503225,1921.1560956822805
7546,256.39306630676646,2276.127434561018
7547,328.0971939382606,3696.01279007597
7548,363.52463898628855,3696.01279007597
7549,383.1090715916297,408.61642412197784
7550,365.44383832377713,6446.949854580043
7551,317.6124005893297,14216.70487544209
7552,247.63531716836445,21204.78367593039
7553,152.46184021025985,22230.2564326912
7554,48.45617612693622,20179.310919169588
7555,0.0,16731.085192499828
7556,0.0,13378.578103089518
7557,0.0,12540.45133073694
7558,0.0,11822.056954434736
7559,0.0,10983.930182082157
7560,0.0,8971.190486606622
7561,0.0,7709.070170593332
7562,0.0,10983.930182082157
7563,0.0,11822.056954434736
7564,0.0,11822.056954434736
7565,0.0,9602.250644613274
7566,0.0,7078.010012586685
7567,0.0,5274.980989710559
7568,82.49333100999753,3696.01279007597
7569,179.85800497293798,5274.980989710559
7570,259.3469552269581,6446.949854580043
7571,313.52646704536875,6446.949854580043
7572,368.7086140713715,8971.190486606622
7573,381.4469310187773,14216.70487544209
7574,365.1498150230614,15054.831647794676
7575,322.7054391596845,16731.085192499828
7576,250.9491359485138,28383.092973255996
7577,166.5179347556556,32677.544187443254
7578,68.70549661164546,27357.620216495194
7579,0.0,25306.6747029736
7580,0.0,20179.310919169588
7581,0.0,19300.334270517476
7582,0.0,18407.338737204973
7583,0.0,19300.334270517476
7584,0.0,21204.78367593039
7585,0.0,20179.310919169588
7586,0.0,24281.201946212797
7587,0.0,23255.729189451984
7588,0.0,19300.334270517476
7589,0.0,17569.211964852395
7590,0.0,15054.831647794676
7591,0.0,13378.578103089518
7592,76.96868294025329,15054.831647794676
7593,174.49344069776575,15892.958420147246
7594,263.01235569629466,14216.70487544209
7595,330.7075140235948,10233.310802619917
7596,349.1611032979632,11822.056954434736
7597,375.5164457410307,14216.70487544209
7598,346.97668692826664,10233.310802619917
7599,322.5280251348147,15054.831647794676
7600,257.49650917672426,22230.2564326912
7601,165.89637339021084,29409.554083480263
7602,67.77891026757261,30389.951114669166
7603,0.0,27357.620216495194
7604,0.0,26332.14745973439
7605,0.0,26332.14745973439
7606,0.0,23255.729189451984
7607,0.0,19300.334270517476
7608,0.0,14216.70487544209
7609,0.0,9602.250644613274
7610,0.0,14216.70487544209
7611,0.0,11822.056954434736
7612,0.0,8971.190486606622
7613,0.0,7709.070170593332
7614,0.0,7078.010012586685
7615,0.0,5815.889696573389
7616,79.25903218660588,6446.949854580043
7617,184.11224334888348,8971.190486606622
7618,262.6421589322396,8971.190486606622
7619,329.9987801126035,8340.13032859998
7620,370.7985724394368,8340.13032859998
7621,378.4426348984892,9602.250644613274
7622,365.3746570781535,7078.010012586685
7623,324.28129958415457,8340.13032859998
7624,258.9835026546763,8971.190486606622
7625,170.21929278079284,9602.250644613274
7626,70.94564113760664,9602.250644613274
7627,0.0,8971.190486606622
7628,0.0,9602.250644613274
7629,0.0,8971.190486606622
7630,0.0,7709.070170593332
7631,0.0,5815.889696573389
7632,0.0,6446.949854580043
7633,0.0,5274.980989710559
7634,0.0,3696.01279007597
7635,0.0,2631.0987734397554
7636,0.0,2986.070112318495
7637,0.0,3696.01279007597
7638,0.0,6446.949854580043
7639,0.0,8971.190486606622
7640,67.76942046036369,13378.578103089518
7641,176.38442453133715,20179.310919169588
7642,263.42333060175355,20179.310919169588
7643,332.10573662934047,20179.310919169588
7644,367.5852112566244,22230.2564326912
7645,376.3498613540928,23255.729189451984
7646,360.838132030716,15892.958420147246
7647,316.47603001834386,20179.310919169588
7648,251.4701397493631,30389.951114669166
7649,165.68546023736818,33821.340723830304
7650,66.73196078006143,34965.137260217336
7651,0.0,31533.7476510562
7652,0.0,28383.092973255996
7653,0.0,28383.092973255996
7654,0.0,24281.201946212797
7655,0.0,23255.729189451984
7656,0.0,24281.201946212797
7657,0.0,22230.2564326912
7658,0.0,25306.6747029736
7659,0.0,21204.78367593039
7660,0.0,18407.338737204973
7661,0.0,18407.338737204973
7662,0.0,18407.338737204973
7663,0.0,16731.085192499828
7664,14.118994691391205,17569.211964852395
7665,177.39306106780032,19300.334270517476
7666,260.6085589635803,15054.831647794676
7667,310.49962363789973,10983.930182082157
7668,350.6334492091686,9602.250644613274
7669,369.41708127165896,10983.930182082157
7670,351.8798943380841,8971.190486606622
7671,311.3395833959864,15892.958420147246
7672,249.5485274424808,25306.6747029736
7673,155.0628932650147,30389.951114669166
7674,67.69769073704217,30389.951114669166
7675,0.0,27357.620216495194
7676,0.0,24281.201946212797
7677,0.0,21204.78367593039
7678,0.0,18407.338737204973
7679,0.0,18407.338737204973
7680,0.0,17569.211964852395
7681,0.0,14216.70487544209
7682,0.0,12540.45133073694
7683,0.0,14216.70487544209
7684,0.0,19300.334270517476
7685,0.0,17569.211964852395
7686,0.0,18407.338737204973
7687,0.0,16731.085192499828
7688,23.32211334906653,15054.831647794676
7689,164.50927953981673,15892.958420147246
7690,237.62642831679184,14216.70487544209
7691,312.6568027450216,11822.056954434736
7692,348.26078578871244,12540.45133073694
7693,365.1025751619088,18407.338737204973
7694,342.3868440954936,12540.45133073694
7695,281.9750849734776,14216.70487544209
7696,224.6174026390781,17569.211964852395
7697,150.39893786968912,17569.211964852395
7698,51.69325892176196,20179.310919169588
7699,0.0,21204.78367593039
7700,0.0,21204.78367593039
7701,0.0,21204.78367593039
7702,0.0,19300.334270517476
7703,0.0,19300.334270517476
7704,0.0,19300.334270517476
7705,0.0,23255.729189451984
7706,0.0,31533.7476510562
7707,0.0,33821.340723830304
7708,0.0,33821.340723830304
7709,0.0,28383.092973255996
7710,0.0,24281.201946212797
7711,0.0,19300.334270517476
7712,69.02720945954417,15054.831647794676
7713,173.32348423168213,16731.085192499828
7714,249.88937120708528,15054.831647794676
7715,316.4000746807307,13378.578103089518
7716,352.8722297937529,15054.831647794676
7717,366.3432264307882,18407.338737204973
7718,351.823006887477,12540.45133073694
7719,312.2070700118131,15054.831647794676
7720,245.51852911047456,17569.211964852395
7721,156.87047610088595,27357.620216495194
7722,65.97115438950043,29409.554083480263
7723,0.0,28383.092973255996
7724,0.0,29409.554083480263
7725,0.0,32677.544187443254
7726,0.0,31533.7476510562
7727,0.0,24281.201946212797
7728,0.0,21204.78367593039
7729,0.0,17569.211964852395
7730,0.0,16731.085192499828
7731,0.0,15892.958420147246
7732,0.0,10983.930182082157
7733,0.0,7709.070170593332
7734,0.0,7709.070170593332
7735,0.0,5815.889696573389
7736,65.14135274667335,6446.949854580043
7737,101.65864801970586,8971.190486606622
7738,258.1874753815664,7709.070170593332
7739,317.6136237181513,7078.010012586685
7740,357.5964176814377,10983.930182082157
7741,370.0282224548784,17569.211964852395
7742,354.7456190764641,16731.085192499828
7743,314.1520819758508,21204.78367593039
7744,212.5185758308414,23255.729189451984
7745,161.60362376602734,29409.554083480263
7746,66.44482658243325,32677.544187443254
7747,0.0,36108.93379660439
7748,0.0,41761.90308150357
7749,0.0,45696.16875407625
7750,0.0,48319.01253579141
7751,0.0,49630.434426648935
7752,0.0,43073.32497236115
7753,0.0,34965.137260217336
7754,0.0,33821.340723830304
7755,0.0,25306.6747029736
7756,0.0,20179.310919169588
7757,0.0,16731.085192499828
7758,0.0,15054.831647794676
7759,0.0,12540.45133073694
7760,70.1992044110329,11822.056954434736
7761,166.99439699371555,14216.70487544209
7762,259.2868218782365,12540.45133073694
7763,320.3832416869642,10983.930182082157
7764,359.8992560096183,9602.250644613274
7765,374.426596436979,11822.056954434736
7766,356.2245223421771,14216.70487544209
7767,315.14848809258075,19300.334270517476
7768,245.9681928511714,27357.620216495194
7769,152.06610658284598,40684.11994215258
7770,65.09975986083775,44384.74686321872
7771,0.0,43073.32497236115
7772,0.0,43073.32497236115
7773,0.0,48319.01253579141
7774,0.0,48319.01253579141
7775,0.0,47007.59064493383
7776,0.0,43073.32497236115
7777,0.0,38396.526869378475
7778,0.0,47007.59064493383
7779,0.0,39540.323405765535
7780,0.0,38396.526869378475
7781,0.0,36108.93379660439
7782,0.0,33821.340723830304
7783,0.0,28383.092973255996
7784,76.45629597748689,25306.6747029736
7785,174.63901897287727,25306.6747029736
7786,257.0544973896987,23255.729189451984
7787,323.27219581340523,20179.310919169588
7788,362.2601513562941,17569.211964852395
7789,375.8263671467536,17569.211964852395
7790,357.4117988651055,15054.831647794676
7791,317.5064499892114,22230.2564326912
7792,251.31731925682948,34965.137260217336
7793,165.74906483062932,38396.526869378475
7794,69.0858594840508,38396.526869378475
7795,0.0,39540.323405765535
7796,0.0,36108.93379660439
7797,0.0,33821.340723830304
7798,0.0,29409.554083480263
7799,0.0,27357.620216495194
7800,0.0,28383.092973255996
7801,0.0,26332.14745973439
7802,0.0,31533.7476510562
7803,0.0,25306.6747029736
7804,0.0,19300.334270517476
7805,0.0,15892.958420147246
7806,0.0,15054.831647794676
7807,0.0,14216.70487544209
7808,60.40038671132815,15892.958420147246
7809,173.63735699148418,18407.338737204973
7810,256.1954906801155,15892.958420147246
7811,300.9864891844003,15054.831647794676
7812,353.9952942693999,16731.085192499828
7813,372.356353791681,19300.334270517476
7814,361.2051849510432,22230.2564326912
7815,320.1609325538969,31533.7476510562
7816,254.69014982652493,33821.340723830304
7817,166.34895258279798,31533.7476510562
7818,70.71096217695954,30389.951114669166
7819,0.0,29409.554083480263
7820,0.0,30389.951114669166
7821,0.0,33821.340723830304
7822,0.0,33821.340723830304
7823,0.0,30389.951114669166
7824,0.0,26332.14745973439
7825,0.0,23255.729189451984
7826,0.0,19300.334270517476
7827,0.0,19300.334270517476
7828,0.0,19300.334270517476
7829,0.0,20179.310919169588
7830,0.0,23255.729189451984
7831,0.0,25306.6747029736
7832,67.80551598429838,26332.14745973439
7833,165.15839072201513,29409.554083480263
7834,258.53210396790985,25306.6747029736
7835,291.8928562582217,22230.2564326912
7836,351.16513513939384,23255.729189451984
7837,364.76660354040246,26332.14745973439
7838,351.71779041975014,29409.554083480263
7839,319.76116662712815,40684.11994215258
7840,256.2283581119003,52253.278208364085
7841,166.01827904542253,54665.39098277348
7842,70.55934647418108,49630.434426648935
7843,0.0,38396.526869378475
7844,0.0,30389.951114669166
7845,0.0,27357.620216495194
7846,0.0,28383.092973255996
7847,0.0,28383.092973255996
7848,0.0,25306.6747029736
7849,0.0,16731.085192499828
7850,0.0,14216.70487544209
7851,0.0,9602.250644613274
7852,0.0,7709.070170593332
7853,0.0,4050.9841289547107
7854,0.0,2631.0987734397554
7855,0.0,211.41012474490094
7856,73.1375863581427,0.0
7857,174.87772785280606,359.3148492777085
7858,269.2564127691154,1921.1560956822805
7859,332.59421332449347,5274.980989710559
7860,367.2756933977165,11822.056954434736
7861,381.1988546636885,21204.78367593039
7862,364.37954783997606,24281.201946212797
7863,321.58219074556115,32677.544187443254
7864,257.9232214609655,39540.323405765535
7865,169.68876212014072,34965.137260217336
7866,72.2694055104895,30389.951114669166
7867,0.0,25306.6747029736
7868,0.0,21204.78367593039
7869,0.0,21204.78367593039
7870,0.0,23255.729189451984
7871,0.0,20179.310919169588
7872,0.0,15892.958420147246
7873,0.0,12540.45133073694
7874,0.0,10983.930182082157
7875,0.0,8340.13032859998
7876,0.0,7078.010012586685
7877,0.0,5815.889696573389
7878,0.0,6446.949854580043
7879,0.0,6446.949854580043
7880,59.11295470485849,6446.949854580043
7881,179.9495494838755,6446.949854580043
7882,257.01904892594,6446.949854580043
7883,312.6128785805848,7078.010012586685
7884,363.7698386987639,10983.930182082157
7885,377.6079286877788,19300.334270517476
7886,359.5255706777013,24281.201946212797
7887,320.5329131346333,34965.137260217336
7888,255.86388171018444,40684.11994215258
7889,167.89460945585208,37252.73033299145
7890,66.99993241227504,37252.73033299145
7891,0.0,33821.340723830304
7892,0.0,28383.092973255996
7893,0.0,22230.2564326912
7894,0.0,19300.334270517476
7895,0.0,20179.310919169588
7896,0.0,17569.211964852395
7897,0.0,12540.45133073694
7898,0.0,8971.190486606622
7899,0.0,4050.9841289547107
7900,0.0,1921.1560956822805
7901,0.0,906.952270314455
7902,0.0,359.3148492777085
7903,0.0,359.3148492777085
7904,14.985558088512876,359.3148492777085
7905,131.093149450177,310.0132744334394
7906,194.5159353671156,457.91799896624696
7907,317.2315702266063,2631.0987734397554
7908,361.5408559044262,6446.949854580043
7909,375.6605887479602,10233.310802619917
7910,358.8269344133609,11822.056954434736
7911,317.78472639925457,17569.211964852395
7912,255.00562053479013,21204.78367593039
7913,167.94824124431884,36108.93379660439
7914,67.58270224604385,34965.137260217336
7915,0.0,30389.951114669166
7916,0.0,30389.951114669166
7917,0.0,30389.951114669166
7918,0.0,29409.554083480263
7919,0.0,29409.554083480263
7920,0.0,29409.554083480263
7921,0.0,25306.6747029736
7922,0.0,18407.338737204973
7923,0.0,9602.250644613274
7924,0.0,5815.889696573389
7925,0.0,2276.127434561018
7926,0.0,906.952270314455
7927,0.0,551.9809314357174
7928,67.8428411565557,359.3148492777085
7929,174.6713119292705,359.3148492777085
7930,261.8498977665999,169.15163202124162
7931,321.3054272059014,211.41012474490094
7932,358.42697609447254,1921.1560956822805
7933,370.3959794730116,8971.190486606622
7934,356.67732529924,18407.338737204973
7935,317.2360566885808,27357.620216495194
7936,252.60215621528775,33821.340723830304
7937,164.83659493178396,44384.74686321872
7938,62.660663741737885,45696.16875407625
7939,0.0,38396.526869378475
7940,0.0,34965.137260217336
7941,0.0,32677.544187443254
7942,0.0,33821.340723830304
7943,0.0,33821.340723830304
7944,0.0,31533.7476510562
7945,0.0,27357.620216495194
7946,0.0,34965.137260217336
7947,0.0,29409.554083480263
7948,0.0,27357.620216495194
7949,0.0,25306.6747029736
7950,0.0,22230.2564326912
7951,0.0,15054.831647794676
7952,74.01652679368948,16731.085192499828
7953,172.05196458936496,19300.334270517476
7954,261.86287059463893,12540.45133073694
7955,312.7173125369763,13378.578103089518
7956,351.18747655601214,20179.310919169588
7957,371.369984499336,26332.14745973439
7958,358.94810245984746,29409.554083480263
7959,235.69668298773524,26332.14745973439
7960,127.5200029424585,24281.201946212797
7961,124.9064305585668,30389.951114669166
7962,59.73052363938716,31533.7476510562
7963,0.0,25306.6747029736
7964,0.0,20179.310919169588
7965,0.0,20179.310919169588
7966,0.0,17569.211964852395
7967,0.0,17569.211964852395
7968,0.0,14216.70487544209
7969,0.0,10233.310802619917
7970,0.0,7078.010012586685
7971,0.0,4643.920831703906
7972,0.0,3696.01279007597
7973,0.0,3341.0414511972326
7974,0.0,1566.1847568035414
7975,0.0,906.952270314455
7976,69.07832736516421,1921.1560956822805
7977,169.36493341952638,1566.1847568035414
7978,262.97895960813054,1261.9236091931928
7979,321.25374262184704,2276.127434561018
7980,357.5806205897248,4643.920831703906
7981,371.96913819814057,8340.13032859998
7982,352.7802468025956,7709.070170593332
7983,315.1888966991964,12540.45133073694
7984,55.34945689694884,18407.338737204973
7985,23.272996452389663,24281.201946212797
7986,61.76639674046021,24281.201946212797
7987,0.0,23255.729189451984
7988,0.0,22230.2564326912
7989,0.0,21204.78367593039
7990,0.0,20179.310919169588
7991,0.0,16731.085192499828
7992,0.0,12540.45133073694
7993,0.0,8971.190486606622
7994,0.0,11822.056954434736
7995,0.0,8971.190486606622
7996,0.0,7078.010012586685
7997,0.0,5815.889696573389
7998,0.0,4050.9841289547107
7999,0.0,3696.01279007597
8000,74.10214852026816,3341.0414511972326
8001,174.5334696868084,3341.0414511972326
8002,256.3332597823056,2631.0987734397554
8003,321.8623572404758,2986.070112318495
8004,355.7587678725625,4050.9841289547107
8005,372.3336319361716,8340.13032859998
8006,355.47705189716834,10983.930182082157
8007,316.89451244018613,16731.085192499828
8008,253.4381864789468,22230.2564326912
8009,168.70908070457995,22230.2564326912
8010,73.75294390170852,26332.14745973439
8011,0.0,28383.092973255996
8012,0.0,42323.941034728254
8013,0.0,37906.32835378405
8014,0.0,33657.94121863216
8015,0.0,29409.554083480263
8016,0.0,25599.666919190968
8017,0.0,21790.768108365144
8018,0.0,18167.873945104246
8019,0.0,15054.831647794676
8020,0.0,11941.7893504851
8021,0.0,9241.644840038043
8022,0.0,6897.707110299075
8023,0.0,4553.769380560101
8024,8.464079877527764,3036.780303586885
8025,172.30429178101082,1718.3153306087158
8026,194.4234254637776,486.09032744868654
8027,325.0791313112923,302.9701923128296
8028,361.7964507387726,9602.250644613274
8029,374.7315560647119,10983.930182082157
8030,358.3671784225197,8971.190486606622
8031,319.36651205675605,10983.930182082157
8032,254.57794681910204,19300.334270517476
8033,168.6307278802078,17569.211964852395
8034,72.21745702218006,19300.334270517476
8035,0.0,15892.958420147246
8036,0.0,15054.831647794676
8037,0.0,14216.70487544209
8038,0.0,13378.578103089518
8039,0.0,12540.45133073694
8040,0.0,10983.930182082157
8041,0.0,10983.930182082157
8042,0.0,7078.010012586685
8043,0.0,6446.949854580043
8044,0.0,8340.13032859998
8045,0.0,11822.056954434736
8046,0.0,13378.578103089518
8047,0.0,8340.13032859998
8048,72.3018808530757,3341.0414511972326
8049,171.26532872728416,1261.9236091931928
8050,255.44522356860853,408.61642412197784
8051,319.88256235445954,169.15163202124162
8052,356.7776519146339,0.0
8053,370.01189682979697,408.61642412197784
8054,352.6809830533016,10983.930182082157
8055,307.6570144942902,15054.831647794676
8056,248.2108097027024,10233.310802619917
8057,165.88280247099465,3696.01279007597
8058,71.75680963711913,2986.070112318495
8059,0.0,2631.0987734397554
8060,0.0,3696.01279007597
8061,0.0,7078.010012586685
8062,0.0,9602.250644613274
8063,0.0,8340.13032859998
8064,0.0,5274.980989710559
8065,0.0,2631.0987734397554
8066,0.0,2986.070112318495
8067,0.0,2986.070112318495
8068,0.0,2276.127434561018
8069,0.0,1566.1847568035414
8070,0.0,906.952270314455
8071,0.0,551.9809314357174
8072,63.14867768442885,906.952270314455
8073,168.46655552303108,1566.1847568035414
8074,246.3184604973164,906.952270314455
8075,316.4023833174284,551.9809314357174
8076,355.6244545609347,2276.127434561018
8077,369.76601750799153,4050.9841289547107
8078,353.11125232148146,8340.13032859998
8079,318.258009770204,10983.930182082157
8080,254.7275783340874,14216.70487544209
8081,170.64700405600416,13378.578103089518
8082,74.94649418757419,12540.45133073694
8083,0.0,14216.70487544209
8084,0.0,14216.70487544209
8085,0.0,15054.831647794676
8086,0.0,19300.334270517476
8087,0.0,20179.310919169588
8088,0.0,17569.211964852395
8089,0.0,14216.70487544209
8090,0.0,11822.056954434736
8091,0.0,10233.310802619917
8092,0.0,7709.070170593332
8093,0.0,6446.949854580043
8094,0.0,8340.13032859998
8095,0.0,7078.010012586685
8096,71.32802307965243,5274.980989710559
8097,168.4662790287128,7709.070170593332
8098,255.26568190506688,5274.980989710559
8099,317.36309166028235,3341.0414511972326
8100,357.9918196885917,2986.070112318495
8101,370.0040694074531,4643.920831703906
8102,358.2089961316726,8971.190486606622
8103,320.4209557420518,15892.958420147246
8104,256.252862385064,22230.2564326912
8105,169.52494614773113,24281.201946212797
8106,74.09113641170778,21204.78367593039
8107,0.0,16731.085192499828
8108,0.0,18407.338737204973
8109,0.0,17569.211964852395
8110,0.0,20179.310919169588
8111,0.0,23255.729189451984
8112,0.0,21204.78367593039
8113,0.0,15892.958420147246
8114,0.0,10983.930182082157
8115,0.0,8971.190486606622
8116,0.0,8340.13032859998
8117,0.0,3341.0414511972326
8118,0.0,2631.0987734397554
8119,0.0,2631.0987734397554
8120,56.680061869576754,2631.0987734397554
8121,164.5806351142339,6446.949854580043
8122,252.96623651008812,5815.889696573389
8123,314.8994285830359,4050.9841289547107
8124,355.2613614502255,3341.0414511972326
8125,367.2900019915798,2986.070112318495
8126,354.98503677933354,10233.310802619917
8127,319.6305172786948,17569.211964852395
8128,255.7329077560802,20179.310919169588
8129,171.1492201437258,17569.211964852395
8130,75.58130485192588,14216.70487544209
8131,0.0,10983.930182082157
8132,0.0,8971.190486606622
8133,0.0,9602.250644613274
8134,0.0,10983.930182082157
8135,0.0,14216.70487544209
8136,0.0,15054.831647794676
8137,0.0,12540.45133073694
8138,0.0,10233.310802619917
8139,0.0,6446.949854580043
8140,0.0,4643.920831703906
8141,0.0,3341.0414511972326
8142,0.0,5274.980989710559
8143,0.0,8340.13032859998
8144,54.765501849913946,10983.930182082157
8145,159.08723479536152,11822.056954434736
8146,254.2140194516598,8971.190486606622
8147,314.18919399401085,6446.949854580043
8148,348.6988853271596,2276.127434561018
8149,367.04712321896017,457.91799896624696
8150,353.72829799626084,2631.0987734397554
8151,317.18990305426377,7709.070170593332
8152,255.6004805179813,15892.958420147246
8153,172.28453101713706,13378.578103089518
8154,75.60229196873298,10233.310802619917
8155,0.0,13378.578103089518
8156,0.0,15054.831647794676
8157,0.0,17569.211964852395
8158,0.0,22230.2564326912
8159,0.0,24281.201946212797
8160,0.0,22230.2564326912
8161,0.0,17569.211964852395
8162,0.0,18407.338737204973
8163,0.0,15892.958420147246
8164,0.0,11822.056954434736
8165,0.0,10233.310802619917
8166,0.0,10983.930182082157
8167,0.0,13378.578103089518
8168,70.22861175341764,16731.085192499828
8169,169.24134742057208,23255.729189451984
8170,251.50604331446624,24281.201946212797
8171,307.95680406041066,23255.729189451984
8172,335.1015329017893,15054.831647794676
8173,340.84827716163824,8971.190486606622
8174,352.58349025971063,9602.250644613274
8175,315.73822246153844,14216.70487544209
8176,254.0210038710609,24281.201946212797
8177,168.61803648812625,26332.14745973439
8178,77.08006125761949,18407.338737204973
8179,0.0,14216.70487544209
8180,0.0,16731.085192499828
8181,0.0,16731.085192499828
8182,0.0,14216.70487544209
8183,0.0,11822.056954434736
8184,0.0,13378.578103089518
8185,0.0,10983.930182082157
8186,0.0,11822.056954434736
8187,0.0,10983.930182082157
8188,0.0,7078.010012586685
8189,0.0,3696.01279007597
8190,0.0,2276.127434561018
8191,0.0,408.61642412197784
8192,64.70606064355803,21.24690748843383
8193,163.8952844109503,21.24690748843383
8194,248.78305994212928,260.7116995891703
8195,313.5419068461511,906.952270314455
8196,350.3674637145186,1566.1847568035414
8197,359.322664262666,2631.0987734397554
8198,353.2818099992391,5274.980989710559
8199,312.0512942810768,9602.250644613274
8200,249.94864996214932,13378.578103089518
8201,167.63806397024874,16731.085192499828
8202,75.10395357992732,19300.334270517476
8203,0.0,23255.729189451984
8204,0.0,30389.951114669166
8205,0.0,34965.137260217336
8206,0.0,34965.137260217336
8207,0.0,31533.7476510562
8208,0.0,26332.14745973439
8209,0.0,27357.620216495194
8210,0.0,26332.14745973439
8211,0.0,21204.78367593039
8212,0.0,19300.334270517476
8213,0.0,17569.211964852395
8214,0.0,18407.338737204973
8215,0.0,17569.211964852395
8216,60.46795235048097,16731.085192499828
8217,159.48280538944258,21204.78367593039
8218,244.9882623368288,18407.338737204973
8219,309.9008298103772,15892.958420147246
8220,348.6536234869211,15054.831647794676
8221,364.21816159717815,16731.085192499828
8222,350.83253565123687,22230.2564326912
8223,314.5628582222031,36108.93379660439
8224,253.723825357094,43073.32497236115
8225,170.86445231092793,47007.59064493383
8226,76.13259383502573,40684.11994215258
8227,0.0,41761.90308150357
8228,0.0,47007.59064493383
8229,0.0,47007.59064493383
8230,0.0,47007.59064493383
8231,0.0,45696.16875407625
8232,0.0,44384.74686321872
8233,0.0,39540.323405765535
8234,0.0,28383.092973255996
8235,0.0,27357.620216495194
8236,0.0,24281.201946212797
8237,0.0,24281.201946212797
8238,0.0,24281.201946212797
8239,0.0,25306.6747029736
8240,57.1253729579653,27357.620216495194
8241,160.32253417274748,27357.620216495194
8242,244.3655794859838,19300.334270517476
8243,310.8652353681246,14216.70487544209
8244,350.6530393091924,12540.45133073694
8245,365.0767818429699,15054.831647794676
8246,354.6438582911568,19300.334270517476
8247,316.77505123868923,27357.620216495194
8248,256.1383056448321,29409.554083480263
8249,172.1611864049355,21204.78367593039
8250,78.16644060956389,22230.2564326912
8251,0.0,19300.334270517476
8252,0.0,17569.211964852395
8253,0.0,21204.78367593039
8254,0.0,24281.201946212797
8255,0.0,24281.201946212797
8256,0.0,24281.201946212797
8257,0.0,22230.2564326912
8258,0.0,17569.211964852395
8259,0.0,13378.578103089518
8260,0.0,10983.930182082157
8261,0.0,9602.250644613274
8262,0.0,9602.250644613274
8263,0.0,6446.949854580043
8264,62.1153801967163,3696.01279007597
8265,154.81629973219154,6446.949854580043
8266,237.67453125493927,7709.070170593332
8267,308.2049001777344,6446.949854580043
8268,347.7091692468093,6446.949854580043
8269,337.0795255738401,10233.310802619917
8270,334.79385206875986,23255.729189451984
8271,309.26371420233454,25306.6747029736
8272,227.29123244538224,22230.2564326912
8273,164.03678455426015,28383.092973255996
8274,76.7660895312779,37252.73033299145
8275,2.215183374294776,30389.951114669166
8276,0.0,30389.951114669166
8277,0.0,33821.340723830304
8278,0.0,33821.340723830304
8279,0.0,26332.14745973439
8280,0.0,20179.310919169588
8281,0.0,15892.958420147246
8282,0.0,10233.310802619917
8283,0.0,7709.070170593332
8284,0.0,1921.1560956822805
8285,0.0,1566.1847568035414
8286,0.0,1566.1847568035414
8287,0.0,2276.127434561018
8288,52.32312522239972,457.91799896624696
8289,141.1872728783534,551.9809314357174
8290,241.69255734966225,551.9809314357174
8291,286.37329729353416,1261.9236091931928
8292,349.59626024586595,2276.127434561018
8293,364.1677018455618,6446.949854580043
8294,349.18377837668925,16731.085192499828
8295,311.977277870229,23255.729189451984
8296,248.3355586579389,34965.137260217336
8297,152.80645660893808,27357.620216495194
8298,55.54482107968192,23255.729189451984
8299,2.2175983260578525,12540.45133073694
8300,0.0,5274.980989710559
8301,0.0,5274.980989710559
8302,0.0,6446.949854580043
8303,0.0,6446.949854580043
8304,0.0,4643.920831703906
8305,0.0,2276.127434561018
8306,0.0,1921.1560956822805
8307,0.0,906.952270314455
8308,0.0,551.9809314357174
8309,0.0,457.91799896624696
8310,0.0,119.8500571769725
8311,0.0,260.7116995891703
8312,37.376613458646055,0.0
8313,149.39888872478852,0.0
8314,243.7788150146633,0.0
8315,310.28480285044185,0.0
8316,348.97140825292286,21.24690748843383
8317,347.7496333376475,169.15163202124162
8318,333.4610864749952,4050.9841289547107
8319,83.17306423202218,10233.310802619917
8320,148.46989761761574,11822.056954434736
8321,87.07102577323883,10983.930182082157
8322,57.42402079443388,7078.010012586685
8323,1.7762578240463576,7078.010012586685
8324,0.0,3341.0414511972326
8325,0.0,1921.1560956822805
8326,0.0,1921.1560956822805
8327,0.0,2276.127434561018
8328,0.0,906.952270314455
8329,0.0,211.41012474490094
8330,0.0,0.0
8331,0.0,0.0
8332,0.0,0.0
8333,0.0,0.0
8334,0.0,0.0
8335,0.0,0.0
8336,52.19446759034716,0.0
8337,157.6315367488459,0.0
8338,243.55568917203465,0.0
8339,303.83521614491787,0.0
8340,340.89146540374617,211.41012474490094
8341,358.61521467634367,2276.127434561018
8342,305.3333327679022,8971.190486606622
8343,42.69885362171024,24281.201946212797
8344,153.3027436182868,24281.201946212797
8345,51.71792612983791,15892.958420147246
8346,33.46889122149943,13378.578103089518
8347,2.6612876035942903,9602.250644613274
8348,0.0,2986.070112318495
8349,0.0,1261.9236091931928
8350,0.0,551.9809314357174
8351,0.0,457.91799896624696
8352,0.0,260.7116995891703
8353,0.0,260.7116995891703
8354,0.0,260.7116995891703
8355,0.0,21.24690748843383
8356,0.0,0.0
8357,0.0,0.0
8358,0.0,0.0
8359,0.0,0.0
8360,7.11025486721283,0.0
8361,146.99914462456894,0.0
8362,239.471479994446,310.0132744334394
8363,306.96340722399657,457.91799896624696
8364,346.5089899095417,1261.9236091931928
8365,364.8704090471861,2986.070112318495
8366,332.9201770630386,7078.010012586685
8367,312.0694673670264,12540.45133073694
8368,252.414391244934,20179.310919169588
8369,170.87080805143262,19300.334270517476
8370,80.33877106495181,15054.831647794676
8371,3.544398182176217,12540.45133073694
8372,0.0,17569.211964852395
8373,0.0,27357.620216495194
8374,0.0,33821.340723830304
8375,0.0,31533.7476510562
8376,0.0,26332.14745973439
8377,0.0,21204.78367593039
8378,0.0,21204.78367593039
8379,0.0,16731.085192499828
8380,0.0,12540.45133073694
8381,0.0,7078.010012586685
8382,0.0,4643.920831703906
8383,0.0,3696.01279007597
8384,53.04612320771363,4643.920831703906
8385,149.00423421424534,8971.190486606622
8386,225.24804855570983,11822.056954434736
8387,302.9298935140964,10233.310802619917
8388,342.87851454646506,7709.070170593332
8389,361.51534322880485,7078.010012586685
8390,350.5840000846795,7078.010012586685
8391,294.013831718704,10983.930182082157
8392,216.342360429113,17569.211964852395
8393,18.06828104887776,25306.6747029736
8394,68.7109655747755,23255.729189451984
8395,3.980793082925686,22230.2564326912
8396,0.0,22230.2564326912
8397,0.0,25306.6747029736
8398,0.0,24281.201946212797
8399,0.0,21204.78367593039
8400,0.0,18407.338737204973
8401,0.0,15054.831647794676
8402,0.0,14216.70487544209
8403,0.0,12540.45133073694
8404,0.0,10233.310802619917
8405,0.0,12540.45133073694
8406,0.0,13378.578103089518
8407,0.0,14216.70487544209
8408,43.01836478549216,13378.578103089518
8409,127.32711394486684,14216.70487544209
8410,213.65298604059907,13378.578103089518
8411,276.70453503253685,15054.831647794676
8412,291.0478382191657,13378.578103089518
8413,169.44320983493083,18407.338737204973
8414,170.87148193506195,33821.340723830304
8415,210.94442016605464,32677.544187443254
8416,179.12542157503466,26332.14745973439
8417,145.40235016757592,25306.6747029736
8418,77.5672211837748,28383.092973255996
8419,4.438102938751433,20179.310919169588
8420,0.0,22230.2564326912
8421,0.0,24281.201946212797
8422,0.0,25306.6747029736
8423,0.0,25306.6747029736
8424,0.0,23255.729189451984
8425,0.0,17569.211964852395
8426,0.0,13378.578103089518
8427,0.0,10233.310802619917
8428,0.0,6446.949854580043
8429,0.0,2276.127434561018
8430,0.0,1261.9236091931928
8431,0.0,906.952270314455
8432,54.067659052373415,551.9809314357174
8433,149.86408245927552,1921.1560956822805
8434,240.73623438335323,3341.0414511972326
8435,280.52096110942085,5274.980989710559
8436,290.8286939228235,6446.949854580043
8437,357.64649314203194,11822.056954434736
8438,352.5659709531542,10233.310802619917
8439,249.43194702161244,5815.889696573389
8440,59.56471273617765,2631.0987734397554
8441,61.87130792967695,5274.980989710559
8442,50.631538272442846,8971.190486606622
8443,4.431977067731333,10233.310802619917
8444,0.0,11822.056954434736
8445,0.0,17569.211964852395
8446,0.0,20179.310919169588
8447,0.0,20179.310919169588
8448,0.0,19300.334270517476
8449,0.0,15892.958420147246
8450,0.0,11822.056954434736
8451,0.0,7709.070170593332
8452,0.0,7709.070170593332
8453,0.0,7078.010012586685
8454,0.0,4050.9841289547107
8455,0.0,3696.01279007597
8456,44.88688903919232,3696.01279007597
8457,138.12043889086075,6446.949854580043
8458,234.00057649004867,7078.010012586685
8459,302.2621189362872,7078.010012586685
8460,343.0029486300835,6446.949854580043
8461,359.8459053303599,10983.930182082157
8462,301.66659207029016,23255.729189451984
8463,312.38052957311754,31533.7476510562
8464,223.88587753731625,31533.7476510562
8465,174.09499028185016,29409.554083480263
8466,77.16574718812555,37252.73033299145
8467,4.869671057705361,33821.340723830304
8468,0.0,33821.340723830304
8469,0.0,41761.90308150357
8470,0.0,45696.16875407625
8471,0.0,40684.11994215258
8472,0.0,32677.544187443254
8473,0.0,25306.6747029736
8474,0.0,14216.70487544209
8475,0.0,10983.930182082157
8476,0.0,8340.13032859998
8477,0.0,3696.01279007597
8478,0.0,2276.127434561018
8479,0.0,906.952270314455
8480,21.71717810369933,310.0132744334394
8481,129.43466831746292,457.91799896624696
8482,221.32081809416667,2631.0987734397554
8483,266.91623225560164,6446.949854580043
8484,326.97795051147506,14216.70487544209
8485,357.614335292202,19300.334270517476
8486,343.5269108934551,17569.211964852395
8487,123.88875920622952,20179.310919169588
8488,223.40802402515837,34965.137260217336
8489,169.54146613896322,33821.340723830304
8490,81.11050075287596,33821.340723830304
8491,4.870399509310398,33821.340723830304
8492,0.0,32677.544187443254
8493,0.0,31533.7476510562
8494,0.0,29409.554083480263
8495,0.0,20179.310919169588
8496,0.0,14216.70487544209
8497,0.0,11822.056954434736
8498,0.0,7709.070170593332
8499,0.0,5274.980989710559
8500,0.0,3696.01279007597
8501,0.0,3341.0414511972326
8502,0.0,2986.070112318495
8503,0.0,4643.920831703906
8504,6.6671314145135625,6446.949854580043
8505,92.10251671119708,10233.310802619917
8506,173.2190973904974,8340.13032859998
8507,284.15220268928834,5274.980989710559
8508,333.0060659418094,2986.070112318495
8509,321.7419899314643,2986.070112318495
8510,322.8303400868521,8971.190486606622
8511,263.670154243654,12540.45133073694
8512,193.28732919489863,18407.338737204973
8513,129.67805628463242,24281.201946212797
8514,73.35218122056865,27357.620216495194
8515,5.311050155129948,29409.554083480263
8516,0.0,25306.6747029736
8517,0.0,21204.78367593039
8518,0.0,21204.78367593039
8519,0.0,20179.310919169588
8520,0.0,17569.211964852395
8521,0.0,10233.310802619917
8522,0.0,7709.070170593332
8523,0.0,2276.127434561018
8524,0.0,551.9809314357174
8525,0.0,551.9809314357174
8526,0.0,1261.9236091931928
8527,0.0,551.9809314357174
8528,42.16593260090925,1261.9236091931928
8529,135.2305689566006,2631.0987734397554
8530,215.0413311123624,3341.0414511972326
8531,293.8664736407184,2276.127434561018
8532,340.8591998114384,310.0132744334394
8533,359.2259265254804,21.24690748843383
8534,342.467024582228,408.61642412197784
8535,311.8116271651304,3696.01279007597
8536,255.57326445104317,10983.930182082157
8537,174.75627340459712,24281.201946212797
8538,83.72380120706838,33821.340723830304
8539,6.198254797317508,31533.7476510562
8540,0.0,27357.620216495194
8541,0.0,29409.554083480263
8542,0.0,33821.340723830304
8543,0.0,29409.554083480263
8544,0.0,18407.338737204973
8545,0.0,9602.250644613274
8546,0.0,9602.250644613274
8547,0.0,7709.070170593332
8548,0.0,4643.920831703906
8549,0.0,4050.9841289547107
8550,0.0,4643.920831703906
8551,0.0,3696.01279007597
8552,49.65979547195887,2986.070112318495
8553,147.95864717350906,2276.127434561018
8554,233.7762613180691,1921.1560956822805
8555,301.4464506581513,2986.070112318495
8556,342.25273050386903,1921.1560956822805
8557,351.1679313937559,359.3148492777085
8558,334.4232692458878,906.952270314455
8559,292.1834549883535,2986.070112318495
8560,208.1240440482352,10983.930182082157
8561,167.4424986353553,21204.78367593039
8562,80.09508131511122,27357.620216495194
8563,6.639795894567782,26332.14745973439
8564,0.0,24281.201946212797
8565,0.0,22230.2564326912
8566,0.0,26332.14745973439
8567,0.0,26332.14745973439
8568,0.0,23255.729189451984
8569,0.0,20179.310919169588
8570,0.0,19300.334270517476
8571,0.0,17569.211964852395
8572,0.0,19300.334270517476
8573,0.0,22230.2564326912
8574,0.0,21204.78367593039
8575,0.0,20179.310919169588
8576,6.652485709136533,26332.14745973439
8577,26.43640817106565,33821.340723830304
8578,146.5446139020033,24281.201946212797
8579,120.22717633666836,18407.338737204973
8580,240.42358375219032,14216.70487544209
8581,306.1303074363036,13378.578103089518
8582,207.2556528472408,169.15163202124162
8583,181.53530706772065,211.41012474490094
8584,151.84723549318497,3696.01279007597
8585,42.91020447437157,14216.70487544209
8586,80.50490599616582,19300.334270517476
8587,6.641852137982884,23255.729189451984
8588,0.0,21204.78367593039
8589,0.0,24281.201946212797
8590,0.0,28383.092973255996
8591,0.0,30389.951114669166
8592,0.0,29409.554083480263
8593,0.0,25306.6747029736
8594,0.0,25306.6747029736
8595,0.0,20179.310919169588
8596,0.0,18407.338737204973
8597,0.0,14216.70487544209
8598,0.0,17569.211964852395
8599,0.0,22230.2564326912
8600,28.499671952216996,23255.729189451984
8601,101.89340377963389,28383.092973255996
8602,214.89332541859136,25306.6747029736
8603,210.6464827993648,17569.211964852395
8604,314.3000663183138,13378.578103089518
8605,349.6417357938365,12540.45133073694
8606,294.26378934295195,14216.70487544209
8607,229.85138284945148,23255.729189451984
8608,251.21881672175996,29409.554083480263
8609,104.95220139990283,16731.085192499828
8610,76.89001134235983,16731.085192499828
8611,7.079736694667499,22230.2564326912
8612,0.0,22230.2564326912
8613,0.0,17569.211964852395
8614,0.0,15054.831647794676
8615,0.0,13378.578103089518
8616,0.0,10233.310802619917
8617,0.0,8340.13032859998
8618,0.0,5274.980989710559
8619,0.0,5815.889696573389
8620,0.0,7078.010012586685
8621,0.0,8971.190486606622
8622,0.0,9602.250644613274
8623,0.0,10233.310802619917
8624,6.651741012252955,11822.056954434736
8625,30.779852044048297,20179.310919169588
8626,223.11079289698228,19300.334270517476
8627,296.4699805521362,15054.831647794676
8628,297.66051642428687,8971.190486606622
8629,294.7696802573932,7709.070170593332
8630,228.6423294681748,8971.190486606622
8631,246.91408611646503,18407.338737204973
8632,256.7925539194325,26332.14745973439
8633,155.74115409978452,26332.14745973439
8634,86.25484026868553,34965.137260217336
8635,7.0859488727920805,29409.554083480263
8636,0.0,32677.544187443254
8637,0.0,34965.137260217336
8638,0.0,36108.93379660439
8639,0.0,33821.340723830304
8640,0.0,28383.092973255996
8641,0.0,24281.201946212797
8642,0.0,24281.201946212797
8643,0.0,19300.334270517476
8644,0.0,15054.831647794676
8645,0.0,12540.45133073694
8646,0.0,13378.578103089518
8647,0.0,14216.70487544209
8648,24.304851035241175,13378.578103089518
8649,135.99028871716152,16731.085192499828
8650,201.28921395842028,18407.338737204973
8651,297.4802901550544,22230.2564326912
8652,343.45973039031395,21204.78367593039
8653,362.7641212245581,18407.338737204973
8654,352.21659328984526,17569.211964852395
8655,316.59054774445644,20179.310919169588
8656,0.0,26332.14745973439
8657,175.81895097002504,29409.554083480263
8658,87.83535037664836,31533.7476510562
8659,7.514550117989339,41761.90308150357
8660,0.0,37252.73033299145
8661,0.0,32677.544187443254
8662,0.0,30389.951114669166
8663,0.0,29409.554083480263
8664,0.0,30389.951114669166
8665,0.0,29409.554083480263
8666,0.0,19300.334270517476
8667,0.0,15892.958420147246
8668,0.0,7709.070170593332
8669,0.0,1261.9236091931928
8670,0.0,169.15163202124162
8671,0.0,260.7116995891703
8672,6.218046878075152,551.9809314357174
8673,102.53381372834622,4050.9841289547107
8674,208.63454318182133,3696.01279007597
8675,290.7435291785976,906.952270314455
8676,341.37378403861806,551.9809314357174
8677,363.74573504140574,2986.070112318495
8678,349.9787111311766,6446.949854580043
8679,294.2342875631407,10983.930182082157
8680,256.9040512366746,15054.831647794676
8681,177.5374550698077,10233.310802619917
8682,89.7009199582,14216.70487544209
8683,7.074414316369612,20179.310919169588
8684,0.0,21204.78367593039
8685,0.0,16731.085192499828
8686,0.0,15892.958420147246
8687,0.0,14216.70487544209
8688,0.0,15892.958420147246
8689,0.0,15054.831647794676
8690,0.0,8340.13032859998
8691,0.0,5815.889696573389
8692,0.0,4643.920831703906
8693,0.0,4050.9841289547107
8694,0.0,7709.070170593332
8695,0.0,13378.578103089518
8696,37.274004097064655,18407.338737204973
8697,132.99354131395685,25306.6747029736
8698,222.6050448617842,22230.2564326912
8699,295.4103522886637,17569.211964852395
8700,338.9600208337881,13378.578103089518
8701,360.10216350672965,12540.45133073694
8702,344.4394995122116,17569.211964852395
8703,307.9353008459806,21204.78367593039
8704,254.4832850713556,22230.2564326912
8705,180.9464425884428,33821.340723830304
8706,89.51121687221426,33821.340723830304
8707,8.39517402218598,33821.340723830304
8708,0.0,33821.340723830304
8709,0.0,34965.137260217336
8710,0.0,28383.092973255996
8711,0.0,18407.338737204973
8712,0.0,10983.930182082157
8713,0.0,4643.920831703906
8714,0.0,2986.070112318495
8715,0.0,3341.0414511972326
8716,0.0,4050.9841289547107
8717,0.0,4050.9841289547107
8718,0.0,2986.070112318495
8719,0.0,310.0132744334394
8720,28.093817539613102,551.9809314357174
8721,115.0941786754384,7709.070170593332
8722,208.43718882698835,15054.831647794676
8723,282.0138536487389,13378.578103089518
8724,307.2949219468491,8340.13032859998
8725,338.9833745087942,6446.949854580043
8726,314.7621802780831,8340.13032859998
8727,285.0883387516502,12540.45133073694
8728,231.51220852820987,25306.6747029736
8729,142.96794329800406,41761.90308150357
8730,62.484449423808,37252.73033299145
8731,7.070417486862735,28383.092973255996
8732,0.0,22230.2564326912
8733,0.0,21204.78367593039
8734,0.0,16731.085192499828
8735,0.0,13378.578103089518
8736,0.0,15892.958420147246
8737,0.0,12540.45133073694
8738,0.0,10233.310802619917
8739,0.0,2986.070112318495
8740,0.0,2276.127434561018
8741,0.0,551.9809314357174
8742,0.0,359.3148492777085
8743,0.0,408.61642412197784
8744,6.6706066666369255,1261.9236091931928
8745,90.3631145661706,2276.127434561018
8746,185.1344578427677,1566.1847568035414
8747,222.2898531256755,1921.1560956822805
8748,323.7632877111811,2276.127434561018
8749,267.1077447675854,3696.01279007597
8750,296.16209398294825,4643.920831703906
8751,318.4103615862953,7078.010012586685
8752,210.2245922896949,13378.578103089518
8753,139.67451763052767,21204.78367593039
8754,86.9272950327914,29409.554083480263
8755,9.272443539712494,32677.544187443254
8756,0.0,30389.951114669166
8757,0.0,30226.55160947101
8758,0.0,29899.752599074713
8759,0.0,29572.95358867842
8760,0.0,29409.554083480263
