Periods,2022,2023
1,130.6913333333331,130.6913333333331
2,56.2766166666668,56.2766166666668
3,64.6168333333334,64.6168333333334
4,73.71595833333345,73.71595833333345
5,104.33875833333344,104.33875833333344
6,82.4677000000001,82.4677000000001
7,120.95613333333345,120.95613333333345
8,203.36976666666644,203.36976666666644
9,124.84102500000024,124.84102500000024
10,84.2506416666668,84.2506416666668
11,86.0832583333334,86.0832583333334
12,71.44188333333345,71.44188333333345
13,88.99816666666665,88.99816666666665
14,86.72379166666676,86.72379166666676
15,97.57423333333345,97.57423333333345
16,109.0657250000002,109.0657250000002
17,228.57670833333296,228.57670833333296
18,638.5699499999985,638.5699499999985
19,970.009449999999,970.009449999999
20,1668.8540583333404,1668.8540583333404
21,2301.8087583333463,2301.8087583333463
22,2075.1721083333423,2075.1721083333423
23,1518.906983333338,1518.906983333338
24,817.642591666666,817.642591666666
25,105.22605833333316,105.22605833333316
26,41.92858333333334,41.92858333333334
27,56.9186833333333,56.9186833333333
28,74.12480833333345,74.12480833333345
29,71.73361666666675,71.73361666666675
30,92.0934333333335,92.0934333333335
31,133.9461583333334,133.9461583333334
32,202.1774666666661,202.1774666666661
33,175.5101333333332,175.5101333333332
34,118.8064083333334,118.8064083333334
35,94.4233916666667,94.4233916666667
36,105.85574166666675,105.85574166666675
37,94.2492166666668,94.2492166666668
38,100.8981583333335,100.8981583333335
39,88.4740750000002,88.4740750000002
40,66.30954166666675,66.30954166666675
41,132.98490833333315,132.98490833333315
42,320.6387999999989,320.6387999999989
43,1000.0392583333335,1000.0392583333335
44,1747.136266666677,1747.136266666677
45,2296.520891666679,2296.520891666679
46,2245.3018000000125,2245.3018000000125
47,1650.778958333339,1650.778958333339
48,904.750966666666,904.750966666666
49,135.3424249999998,135.3424249999998
50,46.94555000000006,46.94555000000006
51,89.7587166666668,89.7587166666668
52,88.59169166666675,88.59169166666675
53,73.77618333333335,73.77618333333335
54,65.5956916666667,65.5956916666667
55,107.42964166666685,107.42964166666685
56,144.29850833333336,144.29850833333336
57,138.5830083333334,138.5830083333334
58,86.79954166666685,86.79954166666685
59,75.8744000000001,75.8744000000001
60,83.39898333333335,83.39898333333335
61,81.29910833333345,81.29910833333345
62,89.1149333333334,89.1149333333334
63,78.3238416666668,78.3238416666668
64,71.44171666666675,71.44171666666675
65,191.203683333333,191.203683333333
66,655.674808333332,655.674808333332
67,890.5912166666645,890.5912166666645
68,1408.6752250000054,1408.6752250000054
69,2428.5711000000156,2428.5711000000156
70,2340.844833333345,2340.844833333345
71,1514.696683333337,1514.696683333337
72,938.5471666666665,938.5471666666665
73,136.28401666666625,136.28401666666625
74,51.37840833333335,51.37840833333335
75,59.42712500000015,59.42712500000015
76,62.69337500000005,62.69337500000005
77,55.8691666666668,55.8691666666668
78,76.41823333333345,76.41823333333345
79,137.62659999999994,137.62659999999994
80,188.9522666666662,188.9522666666662
81,140.1727416666667,140.1727416666667
82,85.92476666666676,85.92476666666676
83,84.6829166666667,84.6829166666667
84,78.7915416666668,78.7915416666668
85,78.8492000000002,78.8492000000002
86,59.48399166666675,59.48399166666675
87,60.70881666666675,60.70881666666675
88,76.92392500000005,76.92392500000005
89,166.9197249999997,166.9197249999997
90,522.639008333332,522.639008333332
91,1227.044758333336,1227.044758333336
92,1851.8926666666764,1851.8926666666764
93,2309.7660083333467,2309.7660083333467
94,2033.266725000012,2033.266725000012
95,1434.7939500000066,1434.7939500000066
96,883.6430583333325,883.6430583333325
97,151.2901249999996,151.2901249999996
98,87.5411333333334,87.5411333333334
99,95.35662500000015,95.35662500000015
100,77.1586750000001,77.1586750000001
101,72.8422166666667,72.8422166666667
102,81.1516000000001,81.1516000000001
103,112.4638333333335,112.4638333333335
104,151.30775833333325,151.30775833333325
105,163.6541999999998,163.6541999999998
106,85.46791666666685,85.46791666666685
107,59.60220833333345,59.60220833333345
108,86.14068333333346,86.14068333333346
109,91.0406500000001,91.0406500000001
110,70.68391666666685,70.68391666666685
111,77.8578166666668,77.8578166666668
112,84.56503333333345,84.56503333333345
113,170.95159999999976,170.95159999999976
114,394.9989583333321,394.9989583333321
115,1038.1861333333345,1038.1861333333345
116,1966.9854833333454,1966.9854833333454
117,2522.3541000000114,2522.3541000000114
118,2075.8300583333453,2075.8300583333453
119,1275.7046833333366,1275.7046833333366
120,914.820099999999,914.820099999999
121,159.9745166666663,159.9745166666663
122,79.37540000000006,79.37540000000006
123,99.67341666666675,99.67341666666675
124,72.5501000000001,72.5501000000001
125,66.83362500000015,66.83362500000015
126,40.76295000000001,40.76295000000001
127,111.05301666666665,111.05301666666665
128,169.4308249999996,169.4308249999996
129,146.25785833333336,146.25785833333336
130,112.57352500000005,112.57352500000005
131,86.84185833333345,86.84185833333345
132,74.2417000000001,74.2417000000001
133,97.2808333333335,97.2808333333335
134,76.04920000000006,76.04920000000006
135,69.16690000000015,69.16690000000015
136,84.7987666666668,84.7987666666668
137,192.57533333333296,192.57533333333296
138,421.7752166666653,421.7752166666653
139,933.5746083333325,933.5746083333325
140,1806.272925000011,1806.272925000011
141,2248.114200000016,2248.114200000016
142,2296.0890583333444,2296.0890583333444
143,1707.126000000007,1707.126000000007
144,846.243749999999,846.243749999999
145,136.6086583333331,136.6086583333331
146,76.9831666666668,76.9831666666668
147,65.66761666666675,65.66761666666675
148,91.15684166666675,91.15684166666675
149,92.38166666666675,92.38166666666675
150,75.89450833333345,75.89450833333345
151,116.8095833333334,116.8095833333334
152,178.1386499999998,178.1386499999998
153,136.04194166666665,136.04194166666665
154,114.64999999999995,114.64999999999995
155,52.9529583333334,52.9529583333334
156,77.21756666666676,77.21756666666676
157,93.84043333333335,93.84043333333335
158,101.248375,101.248375
159,114.89624166666675,114.89624166666675
160,98.9151333333334,98.9151333333334
161,170.96542499999975,170.96542499999975
162,372.09607499999856,372.09607499999856
163,938.713724999999,938.713724999999
164,1840.147791666678,1840.147791666678
165,2292.036608333347,2292.036608333347
166,2136.0658000000094,2136.0658000000094
167,1678.9555000000075,1678.9555000000075
168,918.376541666666,918.376541666666
169,128.73374999999984,128.73374999999984
170,47.76218333333341,47.76218333333341
171,65.66905000000015,65.66905000000015
172,62.86906666666675,62.86906666666675
173,76.05082500000005,76.05082500000005
174,119.58076666666675,119.58076666666675
175,133.75773333333336,133.75773333333336
176,227.15709166666596,227.15709166666596
177,168.7226249999998,168.7226249999998
178,91.70935833333345,91.70935833333345
179,63.80086666666675,63.80086666666675
180,84.44951666666675,84.44951666666675
181,105.2728500000001,105.2728500000001
182,85.2666000000001,85.2666000000001
183,76.51739166666665,76.51739166666665
184,79.9000916666667,79.9000916666667
185,129.1295666666666,129.1295666666666
186,484.52151666666543,484.52151666666543
187,1173.298550000001,1173.298550000001
188,1832.5201666666765,1832.5201666666765
189,2187.2462833333484,2187.2462833333484
190,2146.8927833333455,2146.8927833333455
191,1643.4062750000055,1643.4062750000055
192,869.722408333332,869.722408333332
193,131.0843666666663,131.0843666666663
194,52.60210000000005,52.60210000000005
195,73.59992500000016,73.59992500000016
196,98.3318583333334,98.3318583333334
197,91.62500000000006,91.62500000000006
198,85.9848333333335,85.9848333333335
199,79.0333666666668,79.0333666666668
200,146.37619166666664,146.37619166666664
201,121.0101916666668,121.0101916666668
202,68.05150833333344,68.05150833333344
203,76.2837666666668,76.2837666666668
204,100.0220500000002,100.0220500000002
205,140.1520916666666,140.1520916666666
206,135.6032833333335,135.6032833333335
207,103.69882500000016,103.69882500000016
208,96.52422500000014,96.52422500000014
209,171.142508333333,171.142508333333
210,587.6526749999985,587.6526749999985
211,1045.014716666666,1045.014716666666
212,1844.6617166666765,1844.6617166666765
213,2079.5038000000136,2079.5038000000136
214,2118.9851250000097,2118.9851250000097
215,1576.5914416666715,1576.5914416666715
216,933.044683333333,933.044683333333
217,107.37649166666655,107.37649166666655
218,70.159725,70.159725
219,84.0412666666667,84.0412666666667
220,102.47252500000005,102.47252500000005
221,94.4813750000001,94.4813750000001
222,81.3588750000001,81.3588750000001
223,107.30203333333345,107.30203333333345
224,168.81432499999974,168.81432499999974
225,147.0421833333331,147.0421833333331
226,75.5536833333334,75.5536833333334
227,67.41753333333345,67.41753333333345
228,87.42323333333346,87.42323333333346
229,92.8478583333335,92.8478583333335
230,106.6126750000001,106.6126750000001
231,103.5803083333334,103.5803083333334
232,84.0991750000001,84.0991750000001
233,165.46924999999985,165.46924999999985
234,342.72425833333216,342.72425833333216
235,986.1111833333335,986.1111833333335
236,1977.958100000013,1977.958100000013
237,2273.998716666679,2273.998716666679
238,2128.3507750000117,2128.3507750000117
239,1551.2256833333386,1551.2256833333386
240,875.6716,875.6716
241,154.815983333333,154.815983333333
242,71.6757000000001,71.6757000000001
243,91.85722500000006,91.85722500000006
244,83.7500583333335,83.7500583333335
245,79.37466666666685,79.37466666666685
246,82.90904166666675,82.90904166666675
247,106.2375333333335,106.2375333333335
248,171.4222166666665,171.4222166666665
249,181.24528333333316,181.24528333333316
250,116.40074166666685,116.40074166666685
251,86.37375000000014,86.37375000000014
252,78.79043333333345,78.79043333333345
253,71.6752083333334,71.6752083333334
254,67.12610833333345,67.12610833333345
255,49.1615083333334,49.1615083333334
256,71.73425833333334,71.73425833333334
257,130.5292333333332,130.5292333333332
258,571.0922749999985,571.0922749999985
259,1157.318041666669,1157.318041666669
260,1984.279658333346,1984.279658333346
261,2288.5179750000125,2288.5179750000125
262,2350.2696250000113,2350.2696250000113
263,1355.4907583333365,1355.4907583333365
264,726.4581499999985,726.4581499999985
265,111.0267916666665,111.0267916666665
266,51.49527500000005,51.49527500000005
267,93.66652500000015,93.66652500000015
268,96.69809166666676,96.69809166666676
269,90.6897333333334,90.6897333333334
270,109.17394166666685,109.17394166666685
271,152.62725833333326,152.62725833333326
272,232.0162999999993,232.0162999999993
273,151.31339166666655,151.31339166666655
274,87.7346416666667,87.7346416666667
275,53.82755,53.82755
276,67.1268416666668,67.1268416666668
277,91.7415333333336,91.7415333333336
278,99.0323833333335,99.0323833333335
279,70.80067500000015,70.80067500000015
280,77.97521666666675,77.97521666666675
281,146.72684166666645,146.72684166666645
282,494.433208333332,494.433208333332
283,1014.957224999999,1014.957224999999
284,1655.758566666678,1655.758566666678
285,2378.548575000015,2378.548575000015
286,2093.0898166666766,2093.0898166666766
287,1780.339400000007,1780.339400000007
288,827.959433333333,827.959433333333
289,114.3023499999997,114.3023499999997
290,55.86924166666675,55.86924166666675
291,55.46017500000005,55.46017500000005
292,50.38569166666675,50.38569166666675
293,62.16840000000005,62.16840000000005
294,97.8346000000001,97.8346000000001
295,138.14456666666666,138.14456666666666
296,179.7217666666664,179.7217666666664
297,185.0539749999997,185.0539749999997
298,104.8835083333335,104.8835083333335
299,100.6056500000002,100.6056500000002
300,111.33735833333365,111.33735833333365
301,133.38568333333336,133.38568333333336
302,104.04705000000016,104.04705000000016
303,57.21071666666675,57.21071666666675
304,71.32553333333345,71.32553333333345
305,173.88737499999965,173.88737499999965
306,521.016558333332,521.016558333332
307,1067.6426583333325,1067.6426583333325
308,1858.6897500000096,1858.6897500000096
309,2248.4701000000136,2248.4701000000136
310,1886.512991666677,1886.512991666677
311,1564.094750000005,1564.094750000005
312,1025.712975000001,1025.712975000001
313,164.3476749999996,164.3476749999996
314,72.55070833333345,72.55070833333345
315,102.93896666666674,102.93896666666674
316,111.1045000000002,111.1045000000002
317,93.78129166666685,93.78129166666685
318,69.5701333333334,69.5701333333334
319,103.90913333333356,103.90913333333356
320,151.2320666666666,151.2320666666666
321,137.08945833333345,137.08945833333345
322,91.8247750000002,91.8247750000002
323,68.52512500000005,68.52512500000005
324,74.30075000000015,74.30075000000015
325,92.96597500000016,92.96597500000016
326,80.6003916666668,80.6003916666668
327,104.5728833333333,104.5728833333333
328,89.69871666666675,89.69871666666675
329,184.5998999999997,184.5998999999997
330,541.274091666665,541.274091666665
331,826.619708333332,826.619708333332
332,1926.413008333344,1926.413008333344
333,2284.9345083333465,2284.9345083333465
334,2115.615691666678,2115.615691666678
335,1535.4660666666705,1535.4660666666705
336,892.326858333332,892.326858333332
337,137.2916999999998,137.2916999999998
338,52.4856666666667,52.4856666666667
339,79.3167333333334,79.3167333333334
340,107.3725000000001,107.3725000000001
341,89.1747583333335,89.1747583333335
342,82.7016333333334,82.7016333333334
343,115.9381000000002,115.9381000000002
344,162.69689166666655,162.69689166666655
345,158.68687499999984,158.68687499999984
346,108.0894083333335,108.0894083333335
347,98.7393333333333,98.7393333333333
348,79.37400000000005,79.37400000000005
349,89.8724833333335,89.8724833333335
350,61.1184333333335,61.1184333333335
351,58.61048333333335,58.61048333333335
352,70.28395000000015,70.28395000000015
353,152.16134166666646,152.16134166666646
354,529.6223249999985,529.6223249999985
355,1131.085691666668,1131.085691666668
356,1923.069791666679,1923.069791666679
357,1990.998058333345,1990.998058333345
358,1860.0789666666774,1860.0789666666774
359,1698.1791916666725,1698.1791916666725
360,988.789691666666,988.789691666666
361,104.6494666666666,104.6494666666666
362,96.11500000000015,96.11500000000015
363,89.6991916666668,89.6991916666668
364,67.3595,67.3595
365,77.8582333333334,77.8582333333334
366,94.2256250000001,94.2256250000001
367,116.4145833333336,116.4145833333336
368,163.54080833333336,163.54080833333336
369,116.4333166666668,116.4333166666668
370,59.16140833333345,59.16140833333345
371,53.71003333333345,53.71003333333345
372,55.69347500000005,55.69347500000005
373,79.84083333333335,79.84083333333335
374,99.38100000000006,99.38100000000006
375,69.3429250000001,69.3429250000001
376,52.01938333333335,52.01938333333335
377,172.5633416666664,172.5633416666664
378,595.525741666665,595.525741666665
379,979.1073083333325,979.1073083333325
380,1701.631883333342,1701.631883333342
381,2215.8007916666816,2215.8007916666816
382,2254.151825000013,2254.151825000013
383,1548.492150000004,1548.492150000004
384,1030.4446000000005,1030.4446000000005
385,116.691675,116.691675
386,65.90140833333345,65.90140833333345
387,74.0092416666668,74.0092416666668
388,62.9274750000001,62.9274750000001
389,95.06660000000015,95.06660000000015
390,112.2916666666667,112.2916666666667
391,146.30845,146.30845
392,164.2639249999998,164.2639249999998
393,164.1537416666664,164.1537416666664
394,95.1997583333335,95.1997583333335
395,65.90145000000005,65.90145000000005
396,81.5917916666667,81.5917916666667
397,112.7964416666669,112.7964416666669
398,112.50524166666665,112.50524166666665
399,97.281225,97.281225
400,74.7665833333334,74.7665833333334
401,164.90644166666635,164.90644166666635
402,427.51725833333217,427.51725833333217
403,1130.4472583333336,1130.4472583333336
404,1663.273000000009,1663.273000000009
405,2315.557108333347,2315.557108333347
406,2282.9166166666805,2282.9166166666805
407,1577.3807083333395,1577.3807083333395
408,863.697574999999,863.697574999999
409,122.0008333333332,122.0008333333332
410,54.11767500000005,54.11767500000005
411,68.7583916666667,68.7583916666667
412,89.23209166666675,89.23209166666675
413,82.11578333333345,82.11578333333345
414,67.49485000000006,67.49485000000006
415,92.0725500000001,92.0725500000001
416,201.89532499999936,201.89532499999936
417,158.8803083333332,158.8803083333332
418,107.9064416666668,107.9064416666668
419,80.0752166666668,80.0752166666668
420,76.1667416666668,76.1667416666668
421,98.62241666666685,98.62241666666685
422,111.22073333333346,111.22073333333346
423,86.2570583333335,86.2570583333335
424,68.0593583333334,68.0593583333334
425,185.92848333333316,185.92848333333316
426,702.065341666665,702.065341666665
427,1055.420925,1055.420925
428,1833.746758333342,1833.746758333342
429,2179.443583333348,2179.443583333348
430,2040.3239000000094,2040.3239000000094
431,1528.008400000006,1528.008400000006
432,766.568274999998,766.568274999998
433,132.3665916666664,132.3665916666664
434,69.22494166666665,69.22494166666665
435,119.2114333333334,119.2114333333334
436,96.1141500000001,96.1141500000001
437,74.1258000000001,74.1258000000001
438,77.7689416666667,77.7689416666667
439,142.3015583333332,142.3015583333332
440,208.45934999999955,208.45934999999955
441,132.41485833333326,132.41485833333326
442,83.85081666666674,83.85081666666674
443,67.06770000000004,67.06770000000004
444,81.2990083333334,81.2990083333334
445,75.8746916666668,75.8746916666668
446,83.80756666666684,83.80756666666684
447,76.16662500000005,76.16662500000005
448,61.70200000000005,61.70200000000005
449,122.91189999999985,122.91189999999985
450,348.4397666666656,348.4397666666656
451,997.3244333333334,997.3244333333334
452,1939.495083333347,1939.495083333347
453,2162.1377833333454,2162.1377833333454
454,2371.2770166666774,2371.2770166666774
455,1486.1584166666726,1486.1584166666726
456,884.9031999999995,884.9031999999995
457,170.3243666666661,170.3243666666661
458,72.084425,72.084425
459,89.0575916666669,89.0575916666669
460,75.35051666666675,75.35051666666675
461,81.53270833333335,81.53270833333335
462,95.83386666666685,95.83386666666685
463,122.3445416666668,122.3445416666668
464,197.2530166666664,197.2530166666664
465,160.07514999999995,160.07514999999995
466,86.67735000000015,86.67735000000015
467,49.97774166666671,49.97774166666671
468,63.33434166666675,63.33434166666675
469,102.8810833333335,102.8810833333335
470,94.1319250000001,94.1319250000001
471,63.1602833333334,63.1602833333334
472,59.89378333333345,59.89378333333345
473,159.0701833333333,159.0701833333333
474,499.54087499999844,499.54087499999844
475,1052.4808333333326,1052.4808333333326
476,1483.399666666676,1483.399666666676
477,2351.6670416666807,2351.6670416666807
478,2402.8683333333456,2402.8683333333456
479,1458.9762583333386,1458.9762583333386
480,941.2572666666665,941.2572666666665
481,114.9427583333331,114.9427583333331
482,50.61900833333335,50.61900833333335
483,70.85908333333344,70.85908333333344
484,93.13965833333344,93.13965833333344
485,69.45874166666675,69.45874166666675
486,89.7940250000001,89.7940250000001
487,150.71341666666655,150.71341666666655
488,182.35512499999965,182.35512499999965
489,148.58131666666665,148.58131666666665
490,105.9656583333335,105.9656583333335
491,107.1373083333336,107.1373083333336
492,121.60360833333355,121.60360833333355
493,119.4460750000002,119.4460750000002
494,85.3830000000001,85.3830000000001
495,76.69243333333345,76.69243333333345
496,86.0243916666668,86.0243916666668
497,166.4925333333332,166.4925333333332
498,456.30822499999863,456.30822499999863
499,1016.6821583333325,1016.6821583333325
500,1813.16822500001,1813.16822500001
501,2059.259725000016,2059.259725000016
502,2064.636000000011,2064.636000000011
503,1807.0848166666735,1807.0848166666735
504,1018.2766500000005,1018.2766500000005
505,142.89225833333285,142.89225833333285
506,37.49604166666666,37.49604166666666
507,54.64301666666675,54.64301666666675
508,65.9006333333334,65.9006333333334
509,62.8678166666667,62.8678166666667
510,75.3683750000001,75.3683750000001
511,102.5252416666669,102.5252416666669
512,148.2748999999999,148.2748999999999
513,163.43175833333336,163.43175833333336
514,124.39045833333346,124.39045833333346
515,116.4132916666669,116.4132916666669
516,91.0412083333335,91.0412083333335
517,82.5253666666668,82.5253666666668
518,89.932825,89.932825
519,97.86583333333346,97.86583333333346
520,108.83096666666675,108.83096666666675
521,151.643325,151.643325
522,551.042224999999,551.042224999999
523,773.841841666665,773.841841666665
524,1560.5660333333415,1560.5660333333415
525,2555.8614916666825,2555.8614916666825
526,2411.4873833333477,2411.4873833333477
527,1691.3428750000064,1691.3428750000064
528,824.328116666666,824.328116666666
529,157.88495833333306,157.88495833333306
530,49.51010833333334,49.51010833333334
531,56.27645833333335,56.27645833333335
532,64.7343666666667,64.7343666666667
533,78.26613333333346,78.26613333333346
534,106.0091416666667,106.0091416666667
535,166.86292499999976,166.86292499999976
536,211.23604999999924,211.23604999999924
537,145.48964166666644,145.48964166666644
538,90.79281666666685,90.79281666666685
539,91.6813250000001,91.6813250000001
540,112.2123583333335,112.2123583333335
541,114.31253333333335,114.31253333333335
542,65.0270916666667,65.0270916666667
543,61.2941250000001,61.2941250000001
544,59.0770583333334,59.0770583333334
545,162.1917749999998,162.1917749999998
546,626.451299999999,626.451299999999
547,989.026749999999,989.026749999999
548,1602.0528666666776,1602.0528666666776
549,2374.8467500000156,2374.8467500000156
550,2337.675941666678,2337.675941666678
551,1416.8898083333354,1416.8898083333354
552,810.3330833333325,810.3330833333325
553,100.5259999999998,100.5259999999998
554,64.8510416666667,64.8510416666667
555,84.73990833333345,84.73990833333345
556,101.5973500000001,101.5973500000001
557,81.6506083333334,81.6506083333334
558,74.01189166666676,74.01189166666676
559,143.30531666666656,143.30531666666656
560,172.23059166666636,172.23059166666636
561,145.82447499999984,145.82447499999984
562,105.3331916666667,105.3331916666667
563,66.25094166666675,66.25094166666675
564,59.4852250000001,59.4852250000001
565,67.5354666666668,67.5354666666668
566,79.6671666666668,79.6671666666668
567,101.19004166666674,101.19004166666674
568,120.4370666666668,120.4370666666668
569,179.47799999999964,179.47799999999964
570,448.7314833333321,448.7314833333321
571,1176.577050000002,1176.577050000002
572,1746.5368333333415,1746.5368333333415
573,2116.4562916666796,2116.4562916666796
574,1946.6351166666775,1946.6351166666775
575,1874.2014250000086,1874.2014250000086
576,849.014433333333,849.014433333333
577,142.08341666666624,142.08341666666624
578,80.25000833333345,80.25000833333345
579,76.45872500000014,76.45872500000014
580,96.81645833333344,96.81645833333344
581,77.3338416666668,77.3338416666668
582,83.2185750000001,83.2185750000001
583,116.86162500000015,116.86162500000015
584,213.7595499999994,213.7595499999994
585,186.20192499999965,186.20192499999965
586,79.4923500000002,79.4923500000002
587,65.78430833333346,65.78430833333346
588,57.90997500000005,57.90997500000005
589,80.8324416666667,80.8324416666667
590,80.8330416666668,80.8330416666668
591,62.86750833333345,62.86750833333345
592,76.8740750000001,76.8740750000001
593,155.4468666666666,155.4468666666666
594,639.690883333332,639.690883333332
595,1196.9559416666675,1196.9559416666675
596,1664.479366666674,1664.479366666674
597,2262.7194166666795,2262.7194166666795
598,2088.125775000011,2088.125775000011
599,1475.2353250000056,1475.2353250000056
600,841.1352999999995,841.1352999999995
601,132.50879999999964,132.50879999999964
602,36.27069999999999,36.27069999999999
603,59.4842666666667,59.4842666666667
604,61.29230000000005,61.29230000000005
605,71.6750083333334,71.6750083333334
606,86.50109166666675,86.50109166666675
607,105.15735000000025,105.15735000000025
608,149.54919166666656,149.54919166666656
609,149.69924166666655,149.69924166666655
610,94.7755500000002,94.7755500000002
611,70.0996083333334,70.0996083333334
612,78.84954166666675,78.84954166666675
613,89.9323833333334,89.9323833333334
614,94.6570833333334,94.6570833333334
615,96.8727500000001,96.8727500000001
616,115.94565000000016,115.94565000000016
617,257.15055833333287,257.15055833333287
618,465.2305666666652,465.2305666666652
619,1029.793541666666,1029.793541666666
620,1794.9243833333435,1794.9243833333435
621,2146.8683916666814,2146.8683916666814
622,1996.039016666678,1996.039016666678
623,1693.056116666673,1693.056116666673
624,842.434824999999,842.434824999999
625,123.4668666666664,123.4668666666664
626,73.9508583333334,73.9508583333334
627,90.74891666666684,90.74891666666684
628,80.83289166666675,80.83289166666675
629,97.16409166666675,97.16409166666675
630,97.16684166666676,97.16684166666676
631,107.0534750000002,107.0534750000002
632,176.4045666666663,176.4045666666663
633,157.57183333333325,157.57183333333325
634,83.45868333333355,83.45868333333355
635,91.44910000000004,91.44910000000004
636,129.82794999999996,129.82794999999996
637,133.3274083333334,133.3274083333334
638,98.85554166666675,98.85554166666675
639,80.0163583333334,80.0163583333334
640,64.09369166666676,64.09369166666676
641,184.0349499999996,184.0349499999996
642,428.51978333333227,428.51978333333227
643,944.339741666666,944.339741666666
644,1912.7567166666786,1912.7567166666786
645,2320.345166666681,2320.345166666681
646,2169.1847083333437,2169.1847083333437
647,1554.196858333339,1554.196858333339
648,916.131083333333,916.131083333333
649,147.90809166666634,147.90809166666634
650,73.8345083333334,73.8345083333334
651,114.25499166666675,114.25499166666675
652,85.6155750000001,85.6155750000001
653,93.13955000000006,93.13955000000006
654,68.11930000000005,68.11930000000005
655,67.33345000000016,67.33345000000016
656,151.81563333333344,151.81563333333344
657,158.14811666666654,158.14811666666654
658,120.5641416666669,120.5641416666669
659,130.76146666666676,130.76146666666676
660,97.6310416666668,97.6310416666668
661,71.5003166666668,71.5003166666668
662,76.34211666666675,76.34211666666675
663,105.7391083333335,105.7391083333335
664,108.7141333333334,108.7141333333334
665,175.09369166666664,175.09369166666664
666,435.4011916666657,435.4011916666657
667,940.473191666666,940.473191666666
668,1870.357483333344,1870.357483333344
669,2162.5387666666816,2162.5387666666816
670,2126.272741666678,2126.272741666678
671,1666.738916666672,1666.738916666672
672,946.263891666667,946.263891666667
673,102.4593166666666,102.4593166666666
674,72.25867500000015,72.25867500000015
675,88.64888333333344,88.64888333333344
676,96.58164166666675,96.58164166666675
677,89.40716666666675,89.40716666666675
678,98.6917916666668,98.6917916666668
679,153.7915916666666,153.7915916666666
680,187.41106666666604,187.41106666666604
681,151.1393499999999,151.1393499999999
682,111.11724166666686,111.11724166666686
683,112.97189166666675,112.97189166666675
684,87.19104166666685,87.19104166666685
685,67.94304166666674,67.94304166666674
686,73.3095833333334,73.3095833333334
687,85.26652500000014,85.26652500000014
688,69.75040833333345,69.75040833333345
689,183.70759166666664,183.70759166666664
690,448.97080833333234,448.97080833333234
691,1096.4745250000014,1096.4745250000014
692,1803.5500333333455,1803.5500333333455
693,2314.2732500000143,2314.2732500000143
694,2284.7333583333466,2284.7333583333466
695,1338.326941666669,1338.326941666669
696,750.291841666665,750.291841666665
697,122.24049999999976,122.24049999999976
698,67.59164166666675,67.59164166666675
699,64.61745833333335,64.61745833333335
700,56.50963333333345,56.50963333333345
701,66.54255833333345,66.54255833333345
702,82.2348666666668,82.2348666666668
703,108.5548833333335,108.5548833333335
704,188.51306666666605,188.51306666666605
705,162.14130833333326,162.14130833333326
706,75.7953000000001,75.7953000000001
707,69.0503583333334,69.0503583333334
708,91.62303333333335,91.62303333333335
709,82.698525,82.698525
710,96.405175,96.405175
711,104.92071666666675,104.92071666666675
712,98.27250833333345,98.27250833333345
713,224.29009166666626,224.29009166666626
714,554.1730999999985,554.1730999999985
715,1153.940750000001,1153.940750000001
716,1572.6523416666755,1572.6523416666755
717,2374.182916666681,2374.182916666681
718,2127.633908333346,2127.633908333346
719,1442.091258333338,1442.091258333338
720,857.862441666666,857.862441666666
721,132.2673583333331,132.2673583333331
722,80.1335916666668,80.1335916666668
723,118.51337500000025,118.51337500000025
724,114.9556583333334,114.9556583333334
725,82.5840666666668,82.5840666666668
726,71.3444083333334,71.3444083333334
727,98.7384083333335,98.7384083333335
728,170.5553499999995,170.5553499999995
729,122.67384166666685,122.67384166666685
730,77.20933333333345,77.20933333333345
731,69.51720833333346,69.51720833333346
732,75.3506416666668,75.3506416666668
733,92.7904500000001,92.7904500000001
734,85.20795000000015,85.20795000000015
735,89.9901166666668,89.9901166666668
736,70.97521666666675,70.97521666666675
737,209.59961666666615,209.59961666666615
738,638.4822749999985,638.4822749999985
739,1201.322941666668,1201.322941666668
740,1815.1955083333435,1815.1955083333435
741,2042.171800000011,2042.171800000011
742,2136.3300583333435,2136.3300583333435
743,1551.1604250000055,1551.1604250000055
744,956.161633333333,956.161633333333
745,160.0572916666661,160.0572916666661
746,63.4516166666668,63.4516166666668
747,78.5005000000001,78.5005000000001
748,80.54134166666675,80.54134166666675
749,71.5005083333334,71.5005083333334
750,69.1540000000001,69.1540000000001
751,147.04914166666654,147.04914166666654
752,175.80525833333326,175.80525833333326
753,126.51526666666675,126.51526666666675
754,88.5230416666668,88.5230416666668
755,90.9808500000001,90.9808500000001
756,98.4468583333335,98.4468583333335
757,76.51581666666675,76.51581666666675
758,76.04938333333345,76.04938333333345
759,64.90885833333346,64.90885833333346
760,57.08541666666675,57.08541666666675
761,116.03467499999985,116.03467499999985
762,414.3798083333318,414.3798083333318
763,1234.238366666668,1234.238366666668
764,1812.6236500000105,1812.6236500000105
765,2312.6251500000135,2312.6251500000135
766,2244.9486500000103,2244.9486500000103
767,1852.006350000008,1852.006350000008
768,947.776916666666,947.776916666666
769,120.33991666666655,120.33991666666655
770,62.51884166666675,62.51884166666675
771,65.31826666666674,65.31826666666674
772,73.42561666666676,73.42561666666676
773,60.76872500000005,60.76872500000005
774,90.40061666666675,90.40061666666675
775,120.86423333333335,120.86423333333335
776,194.91285833333305,194.91285833333305
777,158.05625833333326,158.05625833333326
778,120.68173333333355,120.68173333333355
779,80.3082250000002,80.3082250000002
780,97.8652666666667,97.8652666666667
781,87.7160500000002,87.7160500000002
782,93.83973333333346,93.83973333333346
783,95.47295833333335,95.47295833333335
784,65.02643333333334,65.02643333333334
785,120.9057333333333,120.9057333333333
786,497.2831916666652,497.2831916666652
787,1082.066266666669,1082.066266666669
788,1981.644241666679,1981.644241666679
789,2451.454241666679,2451.454241666679
790,2200.8885916666777,2200.8885916666777
791,1661.537166666672,1661.537166666672
792,990.019308333334,990.019308333334
793,132.53460833333315,132.53460833333315
794,59.48605,59.48605
795,81.47550000000005,81.47550000000005
796,91.91580833333344,91.91580833333344
797,91.27381666666675,91.27381666666675
798,97.09200833333335,97.09200833333335
799,136.69432500000005,136.69432500000005
800,183.75325833333304,183.75325833333304
801,124.0117416666669,124.0117416666669
802,93.4682333333335,93.4682333333335
803,90.2814250000002,90.2814250000002
804,104.5721416666668,104.5721416666668
805,102.29821666666685,102.29821666666685
806,62.40221666666675,62.40221666666675
807,67.4763166666667,67.4763166666667
808,70.80210833333335,70.80210833333335
809,163.40984999999964,163.40984999999964
810,571.0996499999985,571.0996499999985
811,978.3654083333325,978.3654083333325
812,1865.514558333344,1865.514558333344
813,2295.374325000013,2295.374325000013
814,2330.080075000012,2330.080075000012
815,1752.9968083333415,1752.9968083333415
816,891.7581499999995,891.7581499999995
817,111.9256416666665,111.9256416666665
818,62.6342250000001,62.6342250000001
819,74.53264166666675,74.53264166666675
820,83.5157250000001,83.5157250000001
821,90.2229166666668,90.2229166666668
822,66.77739166666674,66.77739166666674
823,103.6512416666668,103.6512416666668
824,182.49575833333316,182.49575833333316
825,159.2888166666665,159.2888166666665
826,85.1076333333335,85.1076333333335
827,56.68398333333345,56.68398333333345
828,65.6666083333334,65.6666083333334
829,50.26935,50.26935
830,36.621074999999976,36.621074999999976
831,69.80960000000005,69.80960000000005
832,98.50695833333344,98.50695833333344
833,194.79996666666634,194.79996666666634
834,598.7201499999985,598.7201499999985
835,1083.758758333333,1083.758758333333
836,1739.4055916666764,1739.4055916666764
837,2307.4167250000123,2307.4167250000123
838,2269.2639250000125,2269.2639250000125
839,1832.1221500000095,1832.1221500000095
840,1019.439758333334,1019.439758333334
841,126.85010833333305,126.85010833333305
842,42.62890000000001,42.62890000000001
843,52.8351500000001,52.8351500000001
844,62.1089500000001,62.1089500000001
845,62.57623333333345,62.57623333333345
846,64.06103333333346,64.06103333333346
847,111.41308333333355,111.41308333333355
848,172.46295,172.46295
849,157.5639833333332,157.5639833333332
850,99.98249166666675,99.98249166666675
851,107.0212500000002,107.0212500000002
852,127.0276500000001,127.0276500000001
853,107.48827500000004,107.48827500000004
854,101.422575,101.422575
855,50.7942333333334,50.7942333333334
856,69.10936666666674,69.10936666666674
857,157.3100249999999,157.3100249999999
858,489.472558333332,489.472558333332
859,1181.9815333333345,1181.9815333333345
860,1658.3768833333454,1658.3768833333454
861,2275.6530083333487,2275.6530083333487
862,2419.0528250000116,2419.0528250000116
863,1639.820716666673,1639.820716666673
864,1016.05125,1016.05125
865,116.74237499999975,116.74237499999975
866,54.8193333333334,54.8193333333334
867,95.64798333333334,95.64798333333334
868,101.71332499999995,101.71332499999995
869,91.44811666666675,91.44811666666675
870,83.0098916666667,83.0098916666667
871,112.6807666666668,112.6807666666668
872,174.33089166666656,174.33089166666656
873,129.5510916666668,129.5510916666668
874,86.98471666666676,86.98471666666676
875,59.6602833333334,59.6602833333334
876,78.0338333333335,78.0338333333335
877,87.36545000000005,87.36545000000005
878,99.3228583333334,99.3228583333334
879,81.1827250000001,81.1827250000001
880,75.00083333333345,75.00083333333345
881,115.03616666666674,115.03616666666674
882,503.9411333333325,503.9411333333325
883,1346.203091666673,1346.203091666673
884,2101.96099166668,2101.96099166668
885,2430.6979583333496,2430.6979583333496
886,2093.991275000011,2093.991275000011
887,1501.8612750000054,1501.8612750000054
888,956.123858333333,956.123858333333
889,160.89883333333304,160.89883333333304
890,56.9185583333334,56.9185583333334
891,83.3992666666668,83.3992666666668
892,85.09070833333345,85.09070833333345
893,71.20925833333335,71.20925833333335
894,62.83652500000005,62.83652500000005
895,86.2988750000001,86.2988750000001
896,150.4989499999998,150.4989499999998
897,134.3389583333333,134.3389583333333
898,113.20475833333344,113.20475833333344
899,90.80610833333346,90.80610833333346
900,95.5892583333335,95.5892583333335
901,82.6985416666668,82.6985416666668
902,57.7350416666667,57.7350416666667
903,76.51679166666675,76.51679166666675
904,102.5319333333335,102.5319333333335
905,149.21876666666645,149.21876666666645
906,463.33074999999843,463.33074999999843
907,1091.8884500000015,1091.8884500000015
908,1767.1120166666785,1767.1120166666785
909,2607.6071500000166,2607.6071500000166
910,2072.05327500001,2072.05327500001
911,1882.7504583333396,1882.7504583333396
912,886.460899999999,886.460899999999
913,156.42194166666664,156.42194166666664
914,85.20713333333345,85.20713333333345
915,85.0325666666668,85.0325666666668
916,102.06453333333334,102.06453333333334
917,66.9512083333334,66.9512083333334
918,50.57970000000005,50.57970000000005
919,90.8583000000002,90.8583000000002
920,156.0739499999999,156.0739499999999
921,139.76512500000004,139.76512500000004
922,71.20963333333346,71.20963333333346
923,71.38384166666675,71.38384166666675
924,93.3151166666667,93.3151166666667
925,92.2066916666667,92.2066916666667
926,101.71435833333335,101.71435833333335
927,87.13284166666675,87.13284166666675
928,103.2313000000001,103.2313000000001
929,207.4767083333331,207.4767083333331
930,519.581399999999,519.581399999999
931,1168.3639333333356,1168.3639333333356
932,1837.73764166668,1837.73764166668
933,2490.279816666679,2490.279816666679
934,2242.4978833333457,2242.4978833333457
935,1740.4582416666724,1740.4582416666724
936,762.2782416666655,762.2782416666655
937,142.94202499999975,142.94202499999975
938,50.50363333333335,50.50363333333335
939,58.31900833333335,58.31900833333335
940,61.9353333333334,61.9353333333334
941,74.82583333333345,74.82583333333345
942,81.56051666666674,81.56051666666674
943,96.87510000000024,96.87510000000024
944,179.5808083333331,179.5808083333331
945,160.42390833333334,160.42390833333334
946,97.2429083333335,97.2429083333335
947,102.93950833333335,102.93950833333335
948,97.68925000000004,97.68925000000004
949,85.9645250000001,85.9645250000001
950,71.3833333333334,71.3833333333334
951,95.1815250000001,95.1815250000001
952,100.6063333333334,100.6063333333334
953,191.4798499999996,191.4798499999996
954,529.0958333333325,529.0958333333325
955,1041.2884666666655,1041.2884666666655
956,1514.9683250000076,1514.9683250000076
957,2460.785083333348,2460.785083333348
958,2499.032308333345,2499.032308333345
959,1831.9575666666765,1831.9575666666765
960,924.334008333334,924.334008333334
961,139.3674166666663,139.3674166666663
962,67.18459166666675,67.18459166666675
963,67.1267416666667,67.1267416666667
964,59.4273166666667,59.4273166666667
965,100.02319166666665,100.02319166666665
966,120.48192500000005,120.48192500000005
967,112.26482500000014,112.26482500000014
968,136.067425,136.067425
969,154.95776666666666,154.95776666666666
970,128.4817750000001,128.4817750000001
971,105.79705,105.79705
972,101.48140833333335,101.48140833333335
973,83.5746916666667,83.5746916666667
974,62.05165000000005,62.05165000000005
975,87.1328416666667,87.1328416666667
976,96.7561750000001,96.7561750000001
977,173.62339166666635,173.62339166666635
978,639.614091666665,639.614091666665
979,1182.5770916666665,1182.5770916666665
980,1799.2352083333456,1799.2352083333456
981,2419.2063500000154,2419.2063500000154
982,2234.5234166666773,2234.5234166666773
983,1611.026275000007,1611.026275000007
984,785.6507916666665,785.6507916666665
985,98.5845416666667,98.5845416666667
986,66.3089416666667,66.3089416666667
987,94.598325,94.598325
988,83.86613333333345,83.86613333333345
989,81.9413833333335,81.9413833333335
990,91.682825,91.682825
991,99.7587833333335,99.7587833333335
992,195.92731666666626,195.92731666666626
993,177.0857499999998,177.0857499999998
994,130.8090000000001,130.8090000000001
995,86.1998750000001,86.1998750000001
996,69.98455000000006,69.98455000000006
997,81.64929166666685,81.64929166666685
998,140.50249166666654,140.50249166666654
999,106.96411666666675,106.96411666666675
1000,94.5987583333334,94.5987583333334
1001,120.21470833333335,120.21470833333335
1002,548.9760749999984,548.9760749999984
1003,903.927991666666,903.927991666666
1004,1708.440925000011,1708.440925000011
1005,2251.8335750000133,2251.8335750000133
1006,2263.285091666677,2263.285091666677
1007,1745.7421666666714,1745.7421666666714
1008,1179.888158333335,1179.888158333335
1009,92.5359333333331,92.5359333333331
1010,30.9634333333333,30.9634333333333
1011,61.52658333333345,61.52658333333345
1012,81.35661666666675,81.35661666666675
1013,90.86500000000005,90.86500000000005
1014,119.0807166666668,119.0807166666668
1015,149.83576666666656,149.83576666666656
1016,216.6675499999992,216.6675499999992
1017,152.7776833333332,152.7776833333332
1018,84.1672250000002,84.1672250000002
1019,68.93416666666675,68.93416666666675
1020,64.0342583333335,64.0342583333335
1021,65.0844500000001,65.0844500000001
1022,94.8893500000001,94.8893500000001
1023,103.46436666666665,103.46436666666665
1024,66.7182416666667,66.7182416666667
1025,141.01475833333325,141.01475833333325
1026,501.8473749999985,501.8473749999985
1027,1234.884558333336,1234.884558333336
1028,1821.68657500001,1821.68657500001
1029,2244.1752500000143,2244.1752500000143
1030,2334.816100000013,2334.816100000013
1031,1888.257950000007,1888.257950000007
1032,794.3275166666655,794.3275166666655
1033,136.1494499999999,136.1494499999999
1034,78.1496416666667,78.1496416666667
1035,81.9410666666668,81.9410666666668
1036,65.90085000000005,65.90085000000005
1037,70.9171250000001,70.9171250000001
1038,86.5518250000001,86.5518250000001
1039,108.54758333333335,108.54758333333335
1040,139.0829416666666,139.0829416666666
1041,118.66569166666685,118.66569166666685
1042,81.6614666666667,81.6614666666667
1043,61.93430833333335,61.93430833333335
1044,68.05845833333335,68.05845833333335
1045,90.9230833333334,90.9230833333334
1046,100.95467500000025,100.95467500000025
1047,94.3056666666668,94.3056666666668
1048,89.11540000000005,89.11540000000005
1049,226.19105833333285,226.19105833333285
1050,599.7262333333315,599.7262333333315
1051,1337.88301666667,1337.88301666667
1052,1668.489058333342,1668.489058333342
1053,2432.997700000014,2432.997700000014
1054,2426.0616333333455,2426.0616333333455
1055,1565.9871333333406,1565.9871333333406
1056,834.924833333332,834.924833333332
1057,129.4429999999996,129.4429999999996
1058,52.71965,52.71965
1059,64.6770083333335,64.6770083333335
1060,89.6413916666668,89.6413916666668
1061,104.86475000000004,104.86475000000004
1062,102.6495000000002,102.6495000000002
1063,107.57918333333345,107.57918333333345
1064,149.9652916666666,149.9652916666666
1065,149.8274666666665,149.8274666666665
1066,100.14713333333356,100.14713333333356
1067,72.60885000000005,72.60885000000005
1068,95.9975333333336,95.9975333333336
1069,98.09704166666675,98.09704166666675
1070,93.8982833333334,93.8982833333334
1071,72.5510333333334,72.5510333333334
1072,77.0418166666667,77.0418166666667
1073,173.62654999999975,173.62654999999975
1074,504.346624999999,504.346624999999
1075,1057.6112749999986,1057.6112749999986
1076,1738.4451666666755,1738.4451666666755
1077,2278.4940333333484,2278.4940333333484
1078,2319.6936583333463,2319.6936583333463
1079,1829.4745166666744,1829.4745166666744
1080,926.457775,926.457775
1081,188.39939999999964,188.39939999999964
1082,56.6863750000001,56.6863750000001
1083,69.2852916666667,69.2852916666667
1084,74.82635000000005,74.82635000000005
1085,102.3564166666668,102.3564166666668
1086,77.2776166666667,77.2776166666667
1087,109.5091083333335,109.5091083333335
1088,153.8165416666666,153.8165416666666
1089,148.52759166666655,148.52759166666655
1090,100.42670000000015,100.42670000000015
1091,81.70695000000005,81.70695000000005
1092,73.2502166666668,73.2502166666668
1093,71.44202500000014,71.44202500000014
1094,65.0842083333334,65.0842083333334
1095,68.3503916666668,68.3503916666668
1096,108.2469666666669,108.2469666666669
1097,207.9638499999998,207.9638499999998
1098,445.67774999999875,445.67774999999875
1099,1062.1986166666675,1062.1986166666675
1100,2019.1253416666784,2019.1253416666784
1101,2471.103741666682,2471.103741666682
1102,2160.349675000011,2160.349675000011
1103,1748.896558333339,1748.896558333339
1104,981.1068000000005,981.1068000000005
1105,172.15795833333306,172.15795833333306
1106,34.87114166666663,34.87114166666663
1107,71.2086666666668,71.2086666666668
1108,106.789225,106.789225
1109,112.56405000000015,112.56405000000015
1110,109.7922083333335,109.7922083333335
1111,120.89074166666686,120.89074166666686
1112,176.48778333333274,176.48778333333274
1113,160.84875833333294,160.84875833333294
1114,94.35190833333355,94.35190833333355
1115,89.63932500000016,89.63932500000016
1116,65.3177333333334,65.3177333333334
1117,64.9092500000001,64.9092500000001
1118,67.1258166666668,67.1258166666668
1119,89.81475000000005,89.81475000000005
1120,95.70670000000015,95.70670000000015
1121,209.9742666666665,209.9742666666665
1122,558.526899999999,558.526899999999
1123,1121.8913583333344,1121.8913583333344
1124,1697.7380083333414,1697.7380083333414
1125,2263.5522083333485,2263.5522083333485
1126,2302.6310916666775,2302.6310916666775
1127,1838.8901166666735,1838.8901166666735
1128,794.833133333332,794.833133333332
1129,107.0431333333333,107.0431333333333
1130,64.1509833333334,64.1509833333334
1131,76.1659333333334,76.1659333333334
1132,81.474,81.474
1133,106.03090833333334,106.03090833333334
1134,91.80010833333345,91.80010833333345
1135,104.02051666666685,104.02051666666685
1136,186.49557499999975,186.49557499999975
1137,161.5365083333332,161.5365083333332
1138,101.2140750000001,101.2140750000001
1139,85.8490166666668,85.8490166666668
1140,85.0323000000002,85.0323000000002
1141,77.0992250000001,77.0992250000001
1142,85.6160166666668,85.6160166666668
1143,82.4666166666668,82.4666166666668
1144,98.09862500000015,98.09862500000015
1145,186.1351916666665,186.1351916666665
1146,575.2570999999984,575.2570999999984
1147,1027.3355333333325,1027.3355333333325
1148,1593.0095500000066,1593.0095500000066
1149,2261.7680416666794,2261.7680416666794
1150,2299.4709583333447,2299.4709583333447
1151,1785.0904500000095,1785.0904500000095
1152,1133.449800000002,1133.449800000002
1153,160.7010999999999,160.7010999999999
1154,41.11290833333333,41.11290833333333
1155,55.1686916666667,55.1686916666667
1156,66.19264166666674,66.19264166666674
1157,77.8583083333334,77.8583083333334
1158,69.1692500000001,69.1692500000001
1159,137.42055,137.42055
1160,181.8800916666667,181.8800916666667
1161,161.94037499999996,161.94037499999996
1162,90.2422666666668,90.2422666666668
1163,57.09355000000005,57.09355000000005
1164,79.0249,79.0249
1165,135.8938999999999,135.8938999999999
1166,122.53630000000015,122.53630000000015
1167,81.0072750000001,81.0072750000001
1168,81.6497416666668,81.6497416666668
1169,116.63654999999996,116.63654999999996
1170,498.8962749999989,498.8962749999989
1171,897.1472833333326,897.1472833333326
1172,1837.197191666675,1837.197191666675
1173,2391.842633333349,2391.842633333349
1174,2431.282000000013,2431.282000000013
1175,1736.2334666666754,1736.2334666666754
1176,956.4663,956.4663
1177,107.5925999999999,107.5925999999999
1178,53.76949166666665,53.76949166666665
1179,76.45962500000005,76.45962500000005
1180,90.63308333333354,90.63308333333354
1181,77.3927000000002,77.3927000000002
1182,78.84425000000014,78.84425000000014
1183,122.6370833333335,122.6370833333335
1184,204.6347749999994,204.6347749999994
1185,136.3659166666666,136.3659166666666
1186,102.5558500000001,102.5558500000001
1187,89.2319666666668,89.2319666666668
1188,80.5409416666668,80.5409416666668
1189,72.43370833333336,72.43370833333336
1190,87.3069666666668,87.3069666666668
1191,103.1718750000001,103.1718750000001
1192,91.85746666666675,91.85746666666675
1193,234.47009166666626,234.47009166666626
1194,518.8874999999985,518.8874999999985
1195,1028.243983333334,1028.243983333334
1196,1630.686608333342,1630.686608333342
1197,2220.766275000011,2220.766275000011
1198,2164.005050000012,2164.005050000012
1199,2134.3027333333434,2134.3027333333434
1200,1066.4124583333346,1066.4124583333346
1201,170.4826749999997,170.4826749999997
1202,67.94244166666675,67.94244166666675
1203,82.7580000000002,82.7580000000002
1204,82.4081916666667,82.4081916666667
1205,87.9489333333334,87.9489333333334
1206,82.8923833333335,82.8923833333335
1207,95.27481666666695,95.27481666666695
1208,162.45680833333324,162.45680833333324
1209,152.77139999999974,152.77139999999974
1210,113.4719333333334,113.4719333333334
1211,67.76702500000005,67.76702500000005
1212,84.3323583333334,84.3323583333334
1213,93.02407500000005,93.02407500000005
1214,81.4741416666667,81.4741416666667
1215,76.8084750000001,76.8084750000001
1216,82.40770000000015,82.40770000000015
1217,236.17848333333305,236.17848333333305
1218,564.5521749999986,564.5521749999986
1219,945.445299999999,945.445299999999
1220,1599.548741666674,1599.548741666674
1221,2264.217966666682,2264.217966666682
1222,2480.4993916666813,2480.4993916666813
1223,1897.175775000008,1897.175775000008
1224,948.111033333334,948.111033333334
1225,171.607108333333,171.607108333333
1226,56.56890833333335,56.56890833333335
1227,63.0430083333334,63.0430083333334
1228,84.7418333333334,84.7418333333334
1229,92.73256666666676,92.73256666666676
1230,78.83566666666675,78.83566666666675
1231,108.3266416666668,108.3266416666668
1232,205.3601499999994,205.3601499999994
1233,168.2121166666666,168.2121166666666
1234,87.39401666666684,87.39401666666684
1235,84.09981666666685,84.09981666666685
1236,65.7843833333334,65.7843833333334
1237,51.14445000000005,51.14445000000005
1238,72.66676666666675,72.66676666666675
1239,96.6976916666667,96.6976916666667
1240,89.69745833333344,89.69745833333344
1241,185.53500833333285,185.53500833333285
1242,624.998591666665,624.998591666665
1243,929.0010583333325,929.0010583333325
1244,1628.963450000009,1628.963450000009
1245,2309.4741250000134,2309.4741250000134
1246,2222.948616666677,2222.948616666677
1247,1913.622950000007,1913.622950000007
1248,1039.5298750000004,1039.5298750000004
1249,149.45840833333324,149.45840833333324
1250,47.70290000000002,47.70290000000002
1251,46.944450000000025,46.944450000000025
1252,55.05245833333345,55.05245833333345
1253,79.5504333333334,79.5504333333334
1254,86.8349833333334,86.8349833333334
1255,94.20481666666674,94.20481666666674
1256,174.84587499999984,174.84587499999984
1257,143.86814999999984,143.86814999999984
1258,108.3598166666668,108.3598166666668
1259,113.03025833333365,113.03025833333365
1260,103.4056000000001,103.4056000000001
1261,78.2079083333334,78.2079083333334
1262,64.3842500000001,64.3842500000001
1263,74.18334166666675,74.18334166666675
1264,86.0823916666667,86.0823916666667
1265,116.5941416666667,116.5941416666667
1266,459.63043333333195,459.63043333333195
1267,988.705991666667,988.705991666667
1268,1762.157466666676,1762.157466666676
1269,2510.005316666682,2510.005316666682
1270,2586.9323166666777,2586.9323166666777
1271,1653.841758333339,1653.841758333339
1272,973.6236666666655,973.6236666666655
1273,146.70067499999996,146.70067499999996
1274,53.18615000000005,53.18615000000005
1275,72.84165833333346,72.84165833333346
1276,80.01617500000015,80.01617500000015
1277,50.73564166666665,50.73564166666665
1278,70.3282333333334,70.3282333333334
1279,123.56254166666685,123.56254166666685
1280,183.9208749999997,183.9208749999997
1281,158.80474166666656,158.80474166666656
1282,94.4163916666668,94.4163916666668
1283,84.79845000000005,84.79845000000005
1284,80.5987500000001,80.5987500000001
1285,83.5743666666668,83.5743666666668
1286,89.4653000000001,89.4653000000001
1287,98.04008333333346,98.04008333333346
1288,111.80462500000014,111.80462500000014
1289,217.9623333333329,217.9623333333329
1290,642.958333333332,642.958333333332
1291,1317.6265750000034,1317.6265750000034
1292,1542.841083333341,1542.841083333341
1293,2332.7367500000155,2332.7367500000155
1294,2215.129533333346,2215.129533333346
1295,1837.3563083333404,1837.3563083333404
1296,987.1245666666675,987.1245666666675
1297,193.97326666666615,193.97326666666615
1298,80.1918166666667,80.1918166666667
1299,89.93186666666665,89.93186666666665
1300,87.83177500000005,87.83177500000005
1301,56.21845000000005,56.21845000000005
1302,45.68883333333338,45.68883333333338
1303,100.7240916666668,100.7240916666668
1304,141.7088750000001,141.7088750000001
1305,157.58188333333314,157.58188333333314
1306,89.9429583333334,89.9429583333334
1307,77.91728333333344,77.91728333333344
1308,78.03317500000006,78.03317500000006
1309,89.93132500000004,89.93132500000004
1310,112.68000833333365,112.68000833333365
1311,130.1197916666669,130.1197916666669
1312,133.8537083333335,133.8537083333335
1313,193.3585666666664,193.3585666666664
1314,514.1794749999985,514.1794749999985
1315,982.680899999999,982.680899999999
1316,1637.4649166666745,1637.4649166666745
1317,2382.0401833333485,2382.0401833333485
1318,2368.449016666679,2368.449016666679
1319,1671.0309750000065,1671.0309750000065
1320,957.409508333334,957.409508333334
1321,135.1644416666665,135.1644416666665
1322,82.114975,82.114975
1323,64.9082083333334,64.9082083333334
1324,63.91666666666675,63.91666666666675
1325,52.2521166666668,52.2521166666668
1326,65.38643333333346,65.38643333333346
1327,131.08857499999996,131.08857499999996
1328,200.6537916666663,200.6537916666663
1329,142.43249166666655,142.43249166666655
1330,67.7775333333335,67.7775333333335
1331,47.35222500000006,47.35222500000006
1332,65.78327500000015,65.78327500000015
1333,71.3822833333334,71.3822833333334
1334,67.88287500000006,67.88287500000006
1335,75.69930000000015,75.69930000000015
1336,104.57269166666676,104.57269166666676
1337,172.6350499999999,172.6350499999999
1338,568.033499999999,568.033499999999
1339,946.4852166666655,946.4852166666655
1340,1795.418833333342,1795.418833333342
1341,2092.92814166668,2092.92814166668
1342,2401.964925000013,2401.964925000013
1343,1872.6311333333424,1872.6311333333424
1344,1113.181883333334,1113.181883333334
1345,135.6335416666663,135.6335416666663
1346,60.88540833333345,60.88540833333345
1347,72.02601666666675,72.02601666666675
1348,68.11724166666674,68.11724166666674
1349,64.38382500000004,64.38382500000004
1350,83.7430500000001,83.7430500000001
1351,125.27250000000005,125.27250000000005
1352,168.03890833333315,168.03890833333315
1353,187.2866499999999,187.2866499999999
1354,121.30592500000004,121.30592500000004
1355,102.12135833333345,102.12135833333345
1356,96.63903333333334,96.63903333333334
1357,77.6241083333334,77.6241083333334
1358,94.13135000000015,94.13135000000015
1359,80.8909333333335,80.8909333333335
1360,69.2257416666668,69.2257416666668
1361,161.4138166666665,161.4138166666665
1362,571.3648249999985,571.3648249999985
1363,1046.8554666666676,1046.8554666666676
1364,1946.9614750000094,1946.9614750000094
1365,2237.3940416666806,2237.3940416666806
1366,2086.8779916666763,2086.8779916666763
1367,1738.2672333333405,1738.2672333333405
1368,834.4826583333326,834.4826583333326
1369,132.4656916666664,132.4656916666664
1370,46.303466666666694,46.303466666666694
1371,71.55925833333345,71.55925833333345
1372,72.66705833333334,72.66705833333334
1373,66.3679416666668,66.3679416666668
1374,83.71857500000014,83.71857500000014
1375,132.78045833333334,132.78045833333334
1376,172.18845833333316,172.18845833333316
1377,135.3423666666667,135.3423666666667
1378,87.8088000000001,87.8088000000001
1379,59.0766833333335,59.0766833333335
1380,75.1162416666668,75.1162416666668
1381,100.25639166666674,100.25639166666674
1382,125.5710333333336,125.5710333333336
1383,93.43188333333345,93.43188333333345
1384,66.1918916666668,66.1918916666668
1385,126.79465,126.79465
1386,446.8836916666656,446.8836916666656
1387,1045.5263000000025,1045.5263000000025
1388,1879.710741666679,1879.710741666679
1389,2399.1828000000146,2399.1828000000146
1390,2422.386633333344,2422.386633333344
1391,1735.3309000000056,1735.3309000000056
1392,887.139324999999,887.139324999999
1393,140.0751083333331,140.0751083333331
1394,109.181125,109.181125
1395,102.88194166666675,102.88194166666675
1396,82.8749666666668,82.8749666666668
1397,73.2515083333335,73.2515083333335
1398,73.39440000000005,73.39440000000005
1399,85.23831666666685,85.23831666666685
1400,187.06337499999944,187.06337499999944
1401,181.02787499999965,181.02787499999965
1402,114.87290000000004,114.87290000000004
1403,95.8796333333336,95.8796333333336
1404,77.62375000000014,77.62375000000014
1405,95.7642083333334,95.7642083333334
1406,101.9474000000001,101.9474000000001
1407,90.3405333333334,90.3405333333334
1408,77.1013583333334,77.1013583333334
1409,205.9315499999998,205.9315499999998
1410,588.5187166666655,588.5187166666655
1411,1132.7271166666676,1132.7271166666676
1412,1656.4097916666756,1656.4097916666756
1413,2407.1998416666825,2407.1998416666825
1414,2277.3737416666795,2277.3737416666795
1415,1630.4859083333406,1630.4859083333406
1416,862.4763249999995,862.4763249999995
1417,111.63332499999984,111.63332499999984
1418,49.86120000000006,49.86120000000006
1419,68.23437500000016,68.23437500000016
1420,81.2410250000001,81.2410250000001
1421,71.90850833333344,71.90850833333344
1422,71.76852500000015,71.76852500000015
1423,116.69920833333354,116.69920833333354
1424,179.89684166666626,179.89684166666626
1425,159.22066666666666,159.22066666666666
1426,102.39238333333336,102.39238333333336
1427,62.81025000000005,62.81025000000005
1428,36.67904166666666,36.67904166666666
1429,62.4600083333334,62.4600083333334
1430,92.03245833333345,92.03245833333345
1431,88.00824166666685,88.00824166666685
1432,131.0545666666667,131.0545666666667
1433,245.10826666666634,245.10826666666634
1434,617.593883333332,617.593883333332
1435,1014.3863416666675,1014.3863416666675
1436,2017.1677083333445,2017.1677083333445
1437,2161.7371000000126,2161.7371000000126
1438,2123.5228750000124,2123.5228750000124
1439,1704.8361750000074,1704.8361750000074
1440,849.2662916666656,849.2662916666656
1441,135.5249416666663,135.5249416666663
1442,75.8172166666668,75.8172166666668
1443,91.5075666666667,91.5075666666667
1444,103.2316666666667,103.2316666666667
1445,102.23952500000016,102.23952500000016
1446,69.12865000000015,69.12865000000015
1447,95.08911666666675,95.08911666666675
1448,181.5707583333329,181.5707583333329
1449,145.95978333333326,145.95978333333326
1450,105.6686750000001,105.6686750000001
1451,98.50545833333335,98.50545833333335
1452,88.2979916666667,88.2979916666667
1453,79.5490166666668,79.5490166666668
1454,80.94968333333345,80.94968333333345
1455,113.4965250000001,113.4965250000001
1456,100.60550000000005,100.60550000000005
1457,225.7108583333329,225.7108583333329
1458,442.32061666666505,442.32061666666505
1459,950.568833333333,950.568833333333
1460,1698.2903083333435,1698.2903083333435
1461,2334.910558333349,2334.910558333349
1462,2406.8967083333473,2406.8967083333473
1463,1725.480758333341,1725.480758333341
1464,792.083466666665,792.083466666665
1465,101.9521916666665,101.9521916666665
1466,47.819800000000036,47.819800000000036
1467,79.8410500000001,79.8410500000001
1468,88.18199166666675,88.18199166666675
1469,97.86450833333345,97.86450833333345
1470,88.7665583333334,88.7665583333334
1471,163.2876583333333,163.2876583333333
1472,215.7086083333326,215.7086083333326
1473,149.8490583333333,149.8490583333333
1474,72.869025,72.869025
1475,51.9604833333334,51.9604833333334
1476,55.51790000000005,55.51790000000005
1477,82.46527500000015,82.46527500000015
1478,71.03371666666675,71.03371666666675
1479,66.01760000000014,66.01760000000014
1480,52.95304166666675,52.95304166666675
1481,183.54852499999944,183.54852499999944
1482,617.1563249999984,617.1563249999984
1483,1219.424191666667,1219.424191666667
1484,1728.356366666677,1728.356366666677
1485,2173.5791000000136,2173.5791000000136
1486,2429.106933333346,2429.106933333346
1487,1751.8196166666735,1751.8196166666735
1488,702.251591666665,702.251591666665
1489,137.04170833333316,137.04170833333316
1490,55.98495833333335,55.98495833333335
1491,84.04051666666685,84.04051666666685
1492,84.91566666666675,84.91566666666675
1493,89.46478333333344,89.46478333333344
1494,79.96779166666686,79.96779166666686
1495,110.77950000000016,110.77950000000016
1496,191.02794999999966,191.02794999999966
1497,158.55467499999995,158.55467499999995
1498,95.5915500000002,95.5915500000002
1499,70.33417500000014,70.33417500000014
1500,81.5332000000001,81.5332000000001
1501,101.53968333333334,101.53968333333334
1502,102.64784166666675,102.64784166666675
1503,70.50906666666675,70.50906666666675
1504,74.65126666666686,74.65126666666686
1505,122.80052499999995,122.80052499999995
1506,443.6582749999987,443.6582749999987
1507,1086.921791666667,1086.921791666667
1508,1959.563141666678,1959.563141666678
1509,2447.8466500000127,2447.8466500000127
1510,2262.4903666666787,2262.4903666666787
1511,1594.4190833333384,1594.4190833333384
1512,746.728399999998,746.728399999998
1513,124.25039999999974,124.25039999999974
1514,59.4269083333334,59.4269083333334
1515,89.0569416666668,89.0569416666668
1516,109.8793000000002,109.8793000000002
1517,91.7396833333334,91.7396833333334
1518,85.36004166666675,85.36004166666675
1519,110.8392416666668,110.8392416666668
1520,205.0276833333331,205.0276833333331
1521,208.76254999999955,208.76254999999955
1522,88.26839166666674,88.26839166666674
1523,71.3254833333334,71.3254833333334
1524,63.7420333333334,63.7420333333334
1525,65.0259583333334,65.0259583333334
1526,77.45007500000015,77.45007500000015
1527,67.3002333333334,67.3002333333334
1528,49.10235000000002,49.10235000000002
1529,227.2046499999996,227.2046499999996
1530,436.97195833333205,436.97195833333205
1531,905.5777499999984,905.5777499999984
1532,1864.8023000000096,1864.8023000000096
1533,2459.0151916666814,2459.0151916666814
1534,2470.711866666681,2470.711866666681
1535,1376.752875000004,1376.752875000004
1536,777.5169666666645,777.5169666666645
1537,133.22541666666635,133.22541666666635
1538,77.85852500000006,77.85852500000006
1539,100.13927500000015,100.13927500000015
1540,97.5732250000001,97.5732250000001
1541,84.79959166666686,84.79959166666686
1542,97.1250083333334,97.1250083333334
1543,115.7440250000002,115.7440250000002
1544,164.9812333333335,164.9812333333335
1545,203.6107499999998,203.6107499999998
1546,101.4590000000001,101.4590000000001
1547,73.89270833333345,73.89270833333345
1548,89.81635833333355,89.81635833333355
1549,98.9728500000002,98.9728500000002
1550,108.77114166666675,108.77114166666675
1551,79.7232583333334,79.7232583333334
1552,66.0746916666668,66.0746916666668
1553,139.8348916666665,139.8348916666665
1554,383.18329999999855,383.18329999999855
1555,1075.417641666668,1075.417641666668
1556,1641.2828500000105,1641.2828500000105
1557,2358.841083333348,2358.841083333348
1558,2307.873800000011,2307.873800000011
1559,1744.0665250000054,1744.0665250000054
1560,908.685358333333,908.685358333333
1561,119.43344166666655,119.43344166666655
1562,61.00160000000005,61.00160000000005
1563,87.7742166666667,87.7742166666667
1564,96.46518333333346,96.46518333333346
1565,83.22445833333354,83.22445833333354
1566,69.6364583333334,69.6364583333334
1567,83.0909666666668,83.0909666666668
1568,146.08240000000006,146.08240000000006
1569,138.02569166666675,138.02569166666675
1570,85.9926500000001,85.9926500000001
1571,64.44294166666675,64.44294166666675
1572,59.2518750000001,59.2518750000001
1573,63.80082500000005,63.80082500000005
1574,83.1072583333334,83.1072583333334
1575,78.7321000000001,78.7321000000001
1576,114.25424166666684,114.25424166666684
1577,261.5628249999996,261.5628249999996
1578,707.235733333332,707.235733333332
1579,1098.915008333334,1098.915008333334
1580,1809.1803083333434,1809.1803083333434
1581,2303.3299750000156,2303.3299750000156
1582,2307.358775000014,2307.358775000014
1583,1591.238308333338,1591.238308333338
1584,825.889183333332,825.889183333332
1585,134.6919083333332,134.6919083333332
1586,56.5108416666667,56.5108416666667
1587,72.9590250000001,72.9590250000001
1588,98.7975166666668,98.7975166666668
1589,108.4802166666669,108.4802166666669
1590,86.2018416666668,86.2018416666668
1591,122.5639916666668,122.5639916666668
1592,201.61092499999955,201.61092499999955
1593,183.22877499999964,183.22877499999964
1594,103.15690833333345,103.15690833333345
1595,76.45863333333345,76.45863333333345
1596,81.06682500000005,81.06682500000005
1597,83.98388333333335,83.98388333333335
1598,82.8752500000001,82.8752500000001
1599,86.60718333333345,86.60718333333345
1600,97.2812416666667,97.2812416666667
1601,194.9095666666664,194.9095666666664
1602,566.241791666665,566.241791666665
1603,1071.9769416666654,1071.9769416666654
1604,1729.8996000000075,1729.8996000000075
1605,2027.620916666677,2027.620916666677
1606,2256.4232583333437,2256.4232583333437
1607,1734.349641666676,1734.349641666676
1608,872.757883333333,872.757883333333
1609,135.67401666666635,135.67401666666635
1610,80.2495250000001,80.2495250000001
1611,106.20577500000005,106.20577500000005
1612,91.21628333333345,91.21628333333345
1613,76.28399166666675,76.28399166666675
1614,94.36694166666685,94.36694166666685
1615,121.3024333333335,121.3024333333335
1616,170.3227083333332,170.3227083333332
1617,153.70616666666646,153.70616666666646
1618,110.95038333333345,110.95038333333345
1619,97.3995083333335,97.3995083333335
1620,86.4927083333335,86.4927083333335
1621,80.9514583333334,80.9514583333334
1622,65.3771750000001,65.3771750000001
1623,66.4853333333334,66.4853333333334
1624,79.31666666666675,79.31666666666675
1625,191.41938333333326,191.41938333333326
1626,434.9498666666654,434.9498666666654
1627,1084.458266666669,1084.458266666669
1628,1748.5872250000104,1748.5872250000104
1629,2366.4071833333455,2366.4071833333455
1630,2529.03244166668,2529.03244166668
1631,1695.584766666673,1695.584766666673
1632,879.9887833333335,879.9887833333335
1633,105.80079999999995,105.80079999999995
1634,81.5338083333334,81.5338083333334
1635,104.10611666666685,104.10611666666685
1636,118.22207500000005,118.22207500000005
1637,91.7985000000002,91.7985000000002
1638,55.45523333333335,55.45523333333335
1639,81.90018333333344,81.90018333333344
1640,162.6321166666665,162.6321166666665
1641,155.93754166666656,155.93754166666656
1642,92.8565333333335,92.8565333333335
1643,105.3892000000001,105.3892000000001
1644,82.64114166666685,82.64114166666685
1645,89.98994166666675,89.98994166666675
1646,75.4662666666668,75.4662666666668
1647,70.5086083333334,70.5086083333334
1648,72.66766666666675,72.66766666666675
1649,142.14901666666665,142.14901666666665
1650,526.875783333332,526.875783333332
1651,1049.7070166666674,1049.7070166666674
1652,1703.677408333341,1703.677408333341
1653,2551.948300000013,2551.948300000013
1654,2264.7630250000107,2264.7630250000107
1655,1562.418008333339,1562.418008333339
1656,872.2842249999995,872.2842249999995
1657,120.23395833333305,120.23395833333305
1658,54.0602000000001,54.0602000000001
1659,64.03422500000005,64.03422500000005
1660,77.62404166666676,77.62404166666676
1661,105.9715416666667,105.9715416666667
1662,101.34099166666675,101.34099166666675
1663,132.3208166666667,132.3208166666667
1664,183.05428333333305,183.05428333333305
1665,147.1910333333332,147.1910333333332
1666,118.3669166666667,118.3669166666667
1667,105.2722916666668,105.2722916666668
1668,91.68262500000014,91.68262500000014
1669,90.16573333333335,90.16573333333335
1670,103.5218166666668,103.5218166666668
1671,67.70978333333345,67.70978333333345
1672,81.4177916666668,81.4177916666668
1673,157.12480833333336,157.12480833333336
1674,362.33369166666574,362.33369166666574
1675,998.7845000000005,998.7845000000005
1676,1822.1378333333446,1822.1378333333446
1677,2211.6498916666824,2211.6498916666824
1678,2454.478483333346,2454.478483333346
1679,1800.79688333334,1800.79688333334
1680,751.925133333332,751.925133333332
1681,110.11658333333315,110.11658333333315
1682,51.90254166666675,51.90254166666675
1683,69.51681666666686,69.51681666666686
1684,78.38234166666675,78.38234166666675
1685,82.29081666666676,82.29081666666676
1686,64.669975,64.669975
1687,96.7818000000002,96.7818000000002
1688,176.6794833333329,176.6794833333329
1689,161.1739916666666,161.1739916666666
1690,74.03002500000015,74.03002500000015
1691,92.84769166666665,92.84769166666665
1692,74.59140000000005,74.59140000000005
1693,69.0506250000001,69.0506250000001
1694,104.3977333333335,104.3977333333335
1695,115.94629166666695,115.94629166666695
1696,96.17243333333344,96.17243333333344
1697,157.76946666666635,157.76946666666635
1698,412.50874999999877,412.50874999999877
1699,1067.402275000001,1067.402275000001
1700,1633.4811416666755,1633.4811416666755
1701,2487.979733333347,2487.979733333347
1702,2185.690241666679,2185.690241666679
1703,1553.345866666672,1553.345866666672
1704,1009.2377583333335,1009.2377583333335
1705,160.8835249999998,160.8835249999998
1706,33.99616666666664,33.99616666666664
1707,51.84370000000005,51.84370000000005
1708,68.64169166666684,68.64169166666684
1709,79.08315000000015,79.08315000000015
1710,71.0693416666667,71.0693416666667
1711,92.5444333333335,92.5444333333335
1712,168.6626333333331,168.6626333333331
1713,166.3365166666665,166.3365166666665
1714,101.97133333333345,101.97133333333345
1715,95.0644583333335,95.0644583333335
1716,113.08878333333355,113.08878333333355
1717,90.9235666666668,90.9235666666668
1718,74.4162666666668,74.4162666666668
1719,66.6599750000001,66.6599750000001
1720,82.93359166666674,82.93359166666674
1721,149.09952500000006,149.09952500000006
1722,682.484849999999,682.484849999999
1723,992.1071583333324,992.1071583333324
1724,1715.511450000008,1715.511450000008
1725,2360.768133333347,2360.768133333347
1726,2304.7919583333464,2304.7919583333464
1727,1798.15313333334,1798.15313333334
1728,906.436216666667,906.436216666667
1729,167.5488833333328,167.5488833333328
1730,77.33295000000005,77.33295000000005
1731,102.1220583333334,102.1220583333334
1732,69.9252916666667,69.9252916666667
1733,55.6930333333334,55.6930333333334
1734,56.0457583333334,56.0457583333334
1735,98.17415000000025,98.17415000000025
1736,166.48060833333304,166.48060833333304
1737,130.6247500000001,130.6247500000001
1738,102.97453333333345,102.97453333333345
1739,115.0725416666667,115.0725416666667
1740,99.38189166666685,99.38189166666685
1741,81.5324583333334,81.5324583333334
1742,102.00588333333334,102.00588333333334
1743,122.9459666666668,122.9459666666668
1744,108.7729916666667,108.7729916666667
1745,167.2795499999999,167.2795499999999
1746,501.899599999999,501.899599999999
1747,1110.0081166666664,1110.0081166666664
1748,1779.042116666676,1779.042116666676
1749,2227.51071666668,2227.51071666668
1750,2441.846025000011,2441.846025000011
1751,1577.697716666672,1577.697716666672
1752,796.300858333332,796.300858333332
1753,131.9759666666665,131.9759666666665
1754,77.33500000000005,77.33500000000005
1755,73.54398333333334,73.54398333333334
1756,93.37519166666685,93.37519166666685
1757,86.8988833333334,86.8988833333334
1758,97.5411083333335,97.5411083333335
1759,144.036125,144.036125
1760,170.7461916666665,170.7461916666665
1761,139.30821666666665,139.30821666666665
1762,97.1258750000001,97.1258750000001
1763,90.22342500000005,90.22342500000005
1764,80.60023333333345,80.60023333333345
1765,81.53338333333345,81.53338333333345
1766,76.2829750000001,76.2829750000001
1767,79.02466666666675,79.02466666666675
1768,69.9843833333334,69.9843833333334
1769,182.19928333333286,182.19928333333286
1770,591.570541666665,591.570541666665
1771,1157.1119000000006,1157.1119000000006
1772,1708.225441666676,1708.225441666676
1773,2131.0785500000134,2131.0785500000134
1774,2421.629975000013,2421.629975000013
1775,1828.849116666676,1828.849116666676
1776,918.857558333333,918.857558333333
1777,82.59166666666665,82.59166666666665
1778,69.05039166666675,69.05039166666675
1779,67.067525,67.067525
1780,73.13398333333345,73.13398333333345
1781,68.75874166666685,68.75874166666685
1782,82.83532500000015,82.83532500000015
1783,131.7032166666668,131.7032166666668
1784,167.4810499999998,167.4810499999998
1785,178.2566416666661,178.2566416666661
1786,120.2994000000001,120.2994000000001
1787,82.46687500000004,82.46687500000004
1788,80.4833000000001,80.4833000000001
1789,89.1156666666668,89.1156666666668
1790,105.85558333333356,105.85558333333356
1791,91.9737833333335,91.9737833333335
1792,86.8410666666668,86.8410666666668
1793,177.2762833333331,177.2762833333331
1794,560.1322999999985,560.1322999999985
1795,1113.878541666667,1113.878541666667
1796,1977.5121833333455,1977.5121833333455
1797,2379.51081666668,2379.51081666668
1798,2255.8173333333466,2255.8173333333466
1799,1493.2452083333376,1493.2452083333376
1800,758.1203666666655,758.1203666666655
1801,126.86064166666625,126.86064166666625
1802,45.895016666666656,45.895016666666656
1803,95.12390000000005,95.12390000000005
1804,116.9967,116.9967
1805,113.0883,113.0883
1806,74.2436833333335,74.2436833333335
1807,106.3904083333335,106.3904083333335
1808,162.88224999999994,162.88224999999994
1809,147.8391333333333,147.8391333333333
1810,100.47530000000015,100.47530000000015
1811,72.4325000000001,72.4325000000001
1812,87.4237583333334,87.4237583333334
1813,80.24965833333334,80.24965833333334
1814,103.6970583333335,103.6970583333335
1815,95.2974583333334,95.2974583333334
1816,84.50634166666686,84.50634166666686
1817,187.5780333333332,187.5780333333332
1818,527.4558333333325,527.4558333333325
1819,1092.219133333333,1092.219133333333
1820,1708.4952583333445,1708.4952583333445
1821,2454.391158333349,2454.391158333349
1822,2302.1485416666783,2302.1485416666783
1823,1605.6467000000075,1605.6467000000075
1824,814.6790833333315,814.6790833333315
1825,179.7822249999996,179.7822249999996
1826,47.76039166666673,47.76039166666673
1827,62.5760166666667,62.5760166666667
1828,49.277758333333345,49.277758333333345
1829,61.11890833333345,61.11890833333345
1830,84.4169833333335,84.4169833333335
1831,120.9440833333335,120.9440833333335
1832,178.7204916666664,178.7204916666664
1833,172.9691999999997,172.9691999999997
1834,152.6607583333333,152.6607583333333
1835,121.66214166666686,121.66214166666686
1836,108.3035750000002,108.3035750000002
1837,73.3082500000001,73.3082500000001
1838,87.3654083333335,87.3654083333335
1839,74.7089166666668,74.7089166666668
1840,71.50156666666685,71.50156666666685
1841,136.54045833333336,136.54045833333336
1842,460.60699166666535,460.60699166666535
1843,869.376083333331,869.376083333331
1844,1675.817208333342,1675.817208333342
1845,2394.522650000014,2394.522650000014
1846,2554.409016666679,2554.409016666679
1847,1673.8252500000076,1673.8252500000076
1848,815.5541749999985,815.5541749999985
1849,138.7177999999998,138.7177999999998
1850,72.0254666666667,72.0254666666667
1851,63.567675,63.567675
1852,54.52745833333335,54.52745833333335
1853,74.99959166666675,74.99959166666675
1854,70.6774916666668,70.6774916666668
1855,99.19558333333354,99.19558333333354
1856,161.0298249999998,161.0298249999998
1857,155.58191666666656,155.58191666666656
1858,81.0781416666667,81.0781416666667
1859,64.38460833333335,64.38460833333335
1860,103.34732500000015,103.34732500000015
1861,99.08979166666686,99.08979166666686
1862,108.5401250000001,108.5401250000001
1863,118.28024166666665,118.28024166666665
1864,93.1409000000001,93.1409000000001
1865,141.6175333333333,141.6175333333333
1866,479.3327249999985,479.3327249999985
1867,942.4413416666655,942.4413416666655
1868,1586.299725000007,1586.299725000007
1869,2402.1901083333455,2402.1901083333455
1870,2368.2685666666785,2368.2685666666785
1871,1843.629050000008,1843.629050000008
1872,867.8809833333335,867.8809833333335
1873,115.966983333333,115.966983333333
1874,45.89528333333331,45.89528333333331
1875,64.09376666666675,64.09376666666675
1876,62.81047500000015,62.81047500000015
1877,57.1530500000001,57.1530500000001
1878,94.82585833333346,94.82585833333346
1879,142.3019,142.3019
1880,160.9568083333333,160.9568083333333
1881,149.54029166666655,149.54029166666655
1882,108.0401666666668,108.0401666666668
1883,93.37340833333334,93.37340833333334
1884,99.9646250000001,99.9646250000001
1885,66.07556666666675,66.07556666666675
1886,66.0758166666667,66.0758166666667
1887,93.95681666666675,93.95681666666675
1888,81.06705833333345,81.06705833333345
1889,201.85014999999976,201.85014999999976
1890,644.1869916666654,644.1869916666654
1891,1327.4056333333374,1327.4056333333374
1892,2033.851125000012,2033.851125000012
1893,2326.751858333348,2326.751858333348
1894,2144.049350000012,2144.049350000012
1895,1546.9977333333375,1546.9977333333375
1896,651.487158333332,651.487158333332
1897,159.548858333333,159.548858333333
1898,70.80100833333346,70.80100833333346
1899,74.88378333333345,74.88378333333345
1900,91.33270000000014,91.33270000000014
1901,76.8080833333334,76.8080833333334
1902,105.0907166666668,105.0907166666668
1903,176.6227916666665,176.6227916666665
1904,188.12746666666644,188.12746666666644
1905,172.0138583333333,172.0138583333333
1906,104.4592333333335,104.4592333333335
1907,93.31623333333344,93.31623333333344
1908,89.17425,89.17425
1909,80.7158666666668,80.7158666666668
1910,74.24131666666675,74.24131666666675
1911,88.1240500000001,88.1240500000001
1912,73.7174333333335,73.7174333333335
1913,159.37849166666666,159.37849166666666
1914,474.2046583333321,474.2046583333321
1915,1053.8816666666676,1053.8816666666676
1916,1707.14707500001,1707.14707500001
1917,2454.509675000015,2454.509675000015
1918,2378.308116666681,2378.308116666681
1919,1661.5103583333396,1661.5103583333396
1920,772.186616666665,772.186616666665
1921,98.0599249999997,98.0599249999997
1922,40.93737500000004,40.93737500000004
1923,86.9581416666668,86.9581416666668
1924,117.58020833333335,117.58020833333335
1925,96.2318416666668,96.2318416666668
1926,75.24291666666674,75.24291666666674
1927,92.58027500000004,92.58027500000004
1928,189.37869166666644,189.37869166666644
1929,159.75024166666645,159.75024166666645
1930,101.5263250000001,101.5263250000001
1931,86.37419166666675,86.37419166666675
1932,108.2462916666668,108.2462916666668
1933,127.2623416666668,127.2623416666668
1934,101.01538333333345,101.01538333333345
1935,79.25855000000016,79.25855000000016
1936,67.35960000000016,67.35960000000016
1937,135.71529999999996,135.71529999999996
1938,577.909433333332,577.909433333332
1939,998.866891666667,998.866891666667
1940,1799.9395750000085,1799.9395750000085
1941,2257.6094583333456,2257.6094583333456
1942,2224.0755000000113,2224.0755000000113
1943,1557.3898083333386,1557.3898083333386
1944,972.808866666667,972.808866666667
1945,192.2964249999995,192.2964249999995
1946,111.63011666666685,111.63011666666685
1947,121.4865083333334,121.4865083333334
1948,117.57970833333334,117.57970833333334
1949,76.2832500000001,76.2832500000001
1950,68.4684333333334,68.4684333333334
1951,77.93948333333346,77.93948333333346
1952,138.91604166666676,138.91604166666676
1953,144.17335833333345,144.17335833333345
1954,95.9727750000001,95.9727750000001
1955,101.53968333333346,101.53968333333346
1956,83.2826083333335,83.2826083333335
1957,73.7756333333334,73.7756333333334
1958,75.35055000000015,75.35055000000015
1959,83.80845000000005,83.80845000000005
1960,62.9849583333334,62.9849583333334
1961,142.9201333333332,142.9201333333332
1962,448.0261833333317,448.0261833333317
1963,1181.6283833333355,1181.6283833333355
1964,1634.780725000009,1634.780725000009
1965,2302.2604000000133,2302.2604000000133
1966,2220.533233333345,2220.533233333345
1967,1642.3331000000064,1642.3331000000064
1968,982.1805583333335,982.1805583333335
1969,183.63275833333296,183.63275833333296
1970,61.99350833333345,61.99350833333345
1971,66.0757333333334,66.0757333333334
1972,61.29230833333345,61.29230833333345
1973,49.626766666666676,49.626766666666676
1974,64.06075833333335,64.06075833333335
1975,122.3783166666668,122.3783166666668
1976,181.82898333333296,181.82898333333296
1977,149.21649999999994,149.21649999999994
1978,119.17374166666664,119.17374166666664
1979,86.72392500000015,86.72392500000015
1980,75.6410416666668,75.6410416666668
1981,68.5251333333334,68.5251333333334
1982,66.89311666666676,66.89311666666676
1983,82.9914833333334,82.9914833333334
1984,83.80803333333346,83.80803333333346
1985,163.81916666666666,163.81916666666666
1986,543.3006416666655,543.3006416666655
1987,1089.1105416666664,1089.1105416666664
1988,1763.3126500000064,1763.3126500000064
1989,2404.429391666682,2404.429391666682
1990,2313.9986750000126,2313.9986750000126
1991,1703.9232833333406,1703.9232833333406
1992,813.7670166666655,813.7670166666655
1993,123.8016249999997,123.8016249999997
1994,69.3430916666667,69.3430916666667
1995,77.21768333333345,77.21768333333345
1996,73.65928333333335,73.65928333333335
1997,73.07526666666675,73.07526666666675
1998,79.6089166666667,79.6089166666667
1999,123.54400833333345,123.54400833333345
2000,192.66834999999955,192.66834999999955
2001,188.753358333333,188.753358333333
2002,112.0234083333334,112.0234083333334
2003,69.2250333333334,69.2250333333334
2004,60.24326666666675,60.24326666666675
2005,58.25931666666675,58.25931666666675
2006,86.25594166666674,86.25594166666674
2007,72.89920833333345,72.89920833333345
2008,81.3570666666668,81.3570666666668
2009,174.67934166666635,174.67934166666635
2010,456.3078499999989,456.3078499999989
2011,1108.1011250000006,1108.1011250000006
2012,1748.590841666677,1748.590841666677
2013,2319.051033333347,2319.051033333347
2014,2369.37239166668,2369.37239166668
2015,1601.2843416666735,1601.2843416666735
2016,848.9656916666665,848.9656916666665
2017,152.35722499999966,152.35722499999966
2018,82.23369166666674,82.23369166666674
2019,78.73302500000015,78.73302500000015
2020,71.32468333333345,71.32468333333345
2021,63.7426916666667,63.7426916666667
2022,65.5022750000001,65.5022750000001
2023,144.47750833333336,144.47750833333336
2024,193.12034166666626,193.12034166666626
2025,146.04149166666676,146.04149166666676
2026,123.8727500000001,123.8727500000001
2027,102.70560833333344,102.70560833333344
2028,85.67393333333345,85.67393333333345
2029,68.17599166666675,68.17599166666675
2030,70.7419916666668,70.7419916666668
2031,71.90860000000005,71.90860000000005
2032,81.2998416666667,81.2998416666667
2033,232.32064166666635,232.32064166666635
2034,557.8894666666655,557.8894666666655
2035,964.433499999998,964.433499999998
2036,1733.4793833333435,1733.4793833333435
2037,2193.245966666683,2193.245966666683
2038,2217.034850000012,2217.034850000012
2039,1659.2819500000064,1659.2819500000064
2040,944.933616666666,944.933616666666
2041,146.25833333333316,146.25833333333316
2042,63.10226666666675,63.10226666666675
2043,73.8924500000001,73.8924500000001
2044,74.76658333333344,74.76658333333344
2045,82.17372500000005,82.17372500000005
2046,117.67315833333345,117.67315833333345
2047,163.65716666666646,163.65716666666646
2048,201.07698333333295,201.07698333333295
2049,153.96441666666664,153.96441666666664
2050,81.7441916666667,81.7441916666667
2051,66.36802500000005,66.36802500000005
2052,73.7753083333334,73.7753083333334
2053,62.9841833333334,62.9841833333334
2054,90.10610833333335,90.10610833333335
2055,86.6647833333335,86.6647833333335
2056,104.1641250000001,104.1641250000001
2057,228.76952499999965,228.76952499999965
2058,655.1327666666655,655.1327666666655
2059,1166.074141666669,1166.074141666669
2060,1665.1265000000114,1665.1265000000114
2061,2165.106841666678,2165.106841666678
2062,2219.651141666678,2219.651141666678
2063,1615.8472250000054,1615.8472250000054
2064,918.6272833333325,918.6272833333325
2065,115.1346333333331,115.1346333333331
2066,37.61181666666669,37.61181666666669
2067,51.4356083333334,51.4356083333334
2068,59.95145833333335,59.95145833333335
2069,91.97345833333345,91.97345833333345
2070,85.20143333333345,85.20143333333345
2071,116.38657500000025,116.38657500000025
2072,185.77132499999976,185.77132499999976
2073,154.18192499999984,154.18192499999984
2074,100.1259166666668,100.1259166666668
2075,77.7405333333334,77.7405333333334
2076,74.82470000000005,74.82470000000005
2077,74.8255250000001,74.8255250000001
2078,81.00770833333345,81.00770833333345
2079,56.80178333333335,56.80178333333335
2080,62.6931583333334,62.6931583333334
2081,163.60197499999975,163.60197499999975
2082,552.263958333332,552.263958333332
2083,1265.6998500000016,1265.6998500000016
2084,1874.985708333342,1874.985708333342
2085,2234.7748666666785,2234.7748666666785
2086,2466.54506666668,2466.54506666668
2087,1765.5462000000075,1765.5462000000075
2088,732.9526999999995,732.9526999999995
2089,140.38092499999996,140.38092499999996
2090,103.523,103.523
2091,96.34831666666675,96.34831666666675
2092,87.0161583333335,87.0161583333335
2093,60.6512916666667,60.6512916666667
2094,46.31245833333336,46.31245833333336
2095,102.3632166666668,102.3632166666668
2096,192.5198999999998,192.5198999999998
2097,183.02180833333324,183.02180833333324
2098,126.56476666666686,126.56476666666686
2099,109.35432499999995,109.35432499999995
2100,109.76251666666685,109.76251666666685
2101,107.1380833333335,107.1380833333335
2102,69.92564166666675,69.92564166666675
2103,55.81052500000005,55.81052500000005
2104,59.77598333333345,59.77598333333345
2105,122.38635833333325,122.38635833333325
2106,466.70952499999873,466.70952499999873
2107,1132.1532333333355,1132.1532333333355
2108,1928.5239000000124,1928.5239000000124
2109,2394.2324916666785,2394.2324916666785
2110,2254.496483333345,2254.496483333345
2111,1723.3905166666746,1723.3905166666746
2112,725.594141666665,725.594141666665
2113,128.8919749999997,128.8919749999997
2114,55.8689666666667,55.8689666666667
2115,60.5932250000001,60.5932250000001
2116,43.853116666666736,43.853116666666736
2117,55.28474166666675,55.28474166666675
2118,99.7077583333334,99.7077583333334
2119,142.5793583333333,142.5793583333333
2120,230.17624999999936,230.17624999999936
2121,147.5471333333332,147.5471333333332
2122,93.8190333333336,93.8190333333336
2123,69.4016166666668,69.4016166666668
2124,82.2917500000001,82.2917500000001
2125,83.5161500000001,83.5161500000001
2126,97.33944166666674,97.33944166666674
2127,100.31434166666665,100.31434166666665
2128,107.0221083333333,107.0221083333333
2129,243.7830999999996,243.7830999999996
2130,583.806033333332,583.806033333332
2131,1339.457383333335,1339.457383333335
2132,1811.039316666676,1811.039316666676
2133,2417.5129250000155,2417.5129250000155
2134,2164.331683333345,2164.331683333345
2135,1378.23126666667,1378.23126666667
2136,768.2254833333315,768.2254833333315
2137,123.41016666666646,123.41016666666646
2138,64.32613333333335,64.32613333333335
2139,71.55807500000004,71.55807500000004
2140,82.9907166666668,82.9907166666668
2141,78.1486000000001,78.1486000000001
2142,83.0750166666667,83.0750166666667
2143,109.9817833333336,109.9817833333336
2144,176.41335,176.41335
2145,123.31047500000025,123.31047500000025
2146,84.45056666666684,84.45056666666684
2147,86.9580083333335,86.9580083333335
2148,98.9152666666668,98.9152666666668
2149,125.97833333333345,125.97833333333345
2150,87.19035000000005,87.19035000000005
2151,90.8069000000002,90.8069000000002
2152,62.34370833333355,62.34370833333355
2153,164.96032499999976,164.96032499999976
2154,486.1469499999983,486.1469499999983
2155,1093.534916666667,1093.534916666667
2156,1890.7461666666795,1890.7461666666795
2157,2091.4755916666795,2091.4755916666795
2158,2138.9470500000116,2138.9470500000116
2159,1883.8899083333415,1883.8899083333415
2160,983.0317083333344,983.0317083333344
2161,147.2662333333332,147.2662333333332
2162,61.7026750000001,61.7026750000001
2163,78.44216666666675,78.44216666666675
2164,68.05975833333345,68.05975833333345
2165,67.4759750000001,67.4759750000001
2166,90.9836083333334,90.9836083333334
2167,128.26988333333344,128.26988333333344
2168,193.99509166666635,193.99509166666635
2169,186.3368499999997,186.3368499999997
2170,95.4175333333335,95.4175333333335
2171,71.61720833333345,71.61720833333345
2172,74.8834583333334,74.8834583333334
2173,84.5073666666668,84.5073666666668
2174,105.7390916666666,105.7390916666666
2175,93.023325,93.023325
2176,85.3240250000001,85.3240250000001
2177,211.76885833333276,211.76885833333276
2178,512.602441666665,512.602441666665
2179,1124.635283333334,1124.635283333334
2180,1744.9213333333446,1744.9213333333446
2181,2248.086341666682,2248.086341666682
2182,2319.007166666679,2319.007166666679
2183,1814.038358333341,1814.038358333341
2184,816.8836416666655,816.8836416666655
2185,123.2266999999997,123.2266999999997
2186,52.1940750000001,52.1940750000001
2187,58.20152500000005,58.20152500000005
2188,100.89718333333354,100.89718333333354
2189,100.31363333333346,100.31363333333346
2190,73.8937416666668,73.8937416666668
2191,97.30005000000025,97.30005000000025
2192,183.81211666666636,183.81211666666636
2193,126.3668500000002,126.3668500000002
2194,79.17911666666674,79.17911666666674
2195,64.7348333333334,64.7348333333334
2196,44.78610833333339,44.78610833333339
2197,54.7598583333334,54.7598583333334
2198,95.0644083333334,95.0644083333334
2199,121.48782500000014,121.48782500000014
2200,111.163575,111.163575
2201,236.90049166666614,236.90049166666614
2202,512.852083333332,512.852083333332
2203,938.2021249999985,938.2021249999985
2204,1811.8196083333414,1811.8196083333414
2205,2386.9193666666797,2386.9193666666797
2206,2405.8767083333455,2405.8767083333455
2207,1726.5305583333395,1726.5305583333395
2208,806.7154166666655,806.7154166666655
2209,145.30056666666636,145.30056666666636
2210,47.52809166666663,47.52809166666663
2211,63.9762916666667,63.9762916666667
2212,95.9399666666667,95.9399666666667
2213,77.9162416666668,77.9162416666668
2214,65.84318333333346,65.84318333333346
2215,93.3199416666668,93.3199416666668
2216,151.5230583333334,151.5230583333334
2217,157.10406666666654,157.10406666666654
2218,99.9808416666668,99.9808416666668
2219,90.10706666666675,90.10706666666675
2220,96.3480166666667,96.3480166666667
2221,122.9455000000002,122.9455000000002
2222,95.06509166666675,95.06509166666675
2223,75.11662500000006,75.11662500000006
2224,71.9671916666667,71.9671916666667
2225,167.6515416666665,167.6515416666665
2226,572.092316666665,572.092316666665
2227,1195.6263916666676,1195.6263916666676
2228,1749.780675000012,1749.780675000012
2229,2427.265641666682,2427.265641666682
2230,2088.1758250000116,2088.1758250000116
2231,1644.8677250000064,1644.8677250000064
2232,897.2147666666665,897.2147666666665
2233,107.9006166666666,107.9006166666666
2234,73.0758916666668,73.0758916666668
2235,93.8984416666667,93.8984416666667
2236,120.7288250000002,120.7288250000002
2237,84.1570083333335,84.1570083333335
2238,83.9254750000001,83.9254750000001
2239,117.88737500000015,117.88737500000015
2240,200.2617583333328,200.2617583333328
2241,157.00494166666655,157.00494166666655
2242,113.8884666666668,113.8884666666668
2243,98.09824166666685,98.09824166666685
2244,80.4839583333334,80.4839583333334
2245,81.4756583333335,81.4756583333335
2246,69.4008333333334,69.4008333333334
2247,78.26663333333344,78.26663333333344
2248,70.6844750000001,70.6844750000001
2249,160.35248333333314,160.35248333333314
2250,345.00534999999894,345.00534999999894
2251,1133.0415416666674,1133.0415416666674
2252,1563.553233333339,1563.553233333339
2253,2599.655158333349,2599.655158333349
2254,2689.9934916666784,2689.9934916666784
2255,1545.625191666671,1545.625191666671
2256,781.932091666666,781.932091666666
2257,131.9332249999997,131.9332249999997
2258,61.58502500000005,61.58502500000005
2259,82.2907416666667,82.2907416666667
2260,115.3624500000002,115.3624500000002
2261,120.8448666666668,120.8448666666668
2262,103.13355000000016,103.13355000000016
2263,137.79579166666684,137.79579166666684
2264,168.4964249999998,168.4964249999998
2265,169.48703333333304,169.48703333333304
2266,87.6846666666668,87.6846666666668
2267,71.2090916666668,71.2090916666668
2268,81.99978333333345,81.99978333333345
2269,89.0576833333335,89.0576833333335
2270,76.2837333333335,76.2837333333335
2271,53.7111083333334,53.7111083333334
2272,56.7436750000001,56.7436750000001
2273,162.44014999999965,162.44014999999965
2274,457.03769166666547,457.03769166666547
2275,1091.5480749999995,1091.5480749999995
2276,1756.1398583333435,1756.1398583333435
2277,2376.535158333347,2376.535158333347
2278,2347.816741666679,2347.816741666679
2279,1852.5504000000085,1852.5504000000085
2280,904.4933,904.4933
2281,173.94198333333296,173.94198333333296
2282,40.70468333333343,40.70468333333343
2283,73.30924166666675,73.30924166666675
2284,99.2659166666668,99.2659166666668
2285,109.4722416666668,109.4722416666668
2286,100.80787500000005,100.80787500000005
2287,129.2453000000001,129.2453000000001
2288,172.6558333333331,172.6558333333331
2289,128.939475,128.939475
2290,85.12505833333336,85.12505833333336
2291,91.6222833333334,91.6222833333334
2292,71.4994333333335,71.4994333333335
2293,60.94317500000015,60.94317500000015
2294,90.7493416666667,90.7493416666667
2295,103.7568916666669,103.7568916666669
2296,88.76693333333355,88.76693333333355
2297,131.7300666666667,131.7300666666667
2298,571.7522666666655,571.7522666666655
2299,1113.6449750000006,1113.6449750000006
2300,1665.782441666676,1665.782441666676
2301,2318.0171500000156,2318.0171500000156
2302,2411.996041666681,2411.996041666681
2303,1644.4875416666735,1644.4875416666735
2304,982.6439583333334,982.6439583333334
2305,138.07549999999975,138.07549999999975
2306,52.2531083333334,52.2531083333334
2307,72.8426583333334,72.8426583333334
2308,87.71530833333335,87.71530833333335
2309,98.56404166666665,98.56404166666665
2310,109.96421666666674,109.96421666666674
2311,106.1536500000002,106.1536500000002
2312,171.39748333333316,171.39748333333316
2313,163.3794916666664,163.3794916666664
2314,102.35091666666685,102.35091666666685
2315,85.20779166666685,85.20779166666685
2316,71.20897500000015,71.20897500000015
2317,58.2021083333334,58.2021083333334
2318,79.14155833333345,79.14155833333345
2319,85.49957500000015,85.49957500000015
2320,76.16689166666676,76.16689166666676
2321,172.60247499999986,172.60247499999986
2322,610.4799499999986,610.4799499999986
2323,1244.648625000004,1244.648625000004
2324,1884.748408333346,1884.748408333346
2325,2106.735191666679,2106.735191666679
2326,2176.5093750000106,2176.5093750000106
2327,1838.311108333341,1838.311108333341
2328,747.370674999999,747.370674999999
2329,146.6320083333329,146.6320083333329
2330,65.4934416666668,65.4934416666668
2331,55.40213333333345,55.40213333333345
2332,73.25045833333346,73.25045833333346
2333,99.8479666666669,99.8479666666669
2334,129.6144583333335,129.6144583333335
2335,165.3265249999998,165.3265249999998
2336,189.72815833333286,189.72815833333286
2337,137.3845416666666,137.3845416666666
2338,59.02061666666675,59.02061666666675
2339,62.10874166666675,62.10874166666675
2340,76.8665250000001,76.8665250000001
2341,86.9568666666667,86.9568666666667
2342,73.25005000000004,73.25005000000004
2343,72.5499500000001,72.5499500000001
2344,85.90724166666675,85.90724166666675
2345,188.06339166666646,188.06339166666646
2346,429.43028333333194,429.43028333333194
2347,961.277774999999,961.277774999999
2348,1789.9900333333435,1789.9900333333435
2349,2418.8656416666804,2418.8656416666804
2350,2246.916200000012,2246.916200000012
2351,1719.649866666674,1719.649866666674
2352,1093.269483333335,1093.269483333335
2353,155.52403333333305,155.52403333333305
2354,67.35936666666674,67.35936666666674
2355,75.87544166666684,75.87544166666684
2356,91.7988166666668,91.7988166666668
2357,83.2830416666669,83.2830416666669
2358,79.2028166666667,79.2028166666667
2359,126.0706916666668,126.0706916666668
2360,174.98830833333324,174.98830833333324
2361,164.7960083333333,164.7960083333333
2362,84.6087416666668,84.6087416666668
2363,81.53287500000015,81.53287500000015
2364,81.30033333333346,81.30033333333346
2365,56.21865000000005,56.21865000000005
2366,62.69341666666675,62.69341666666675
2367,79.55020000000005,79.55020000000005
2368,118.80470833333345,118.80470833333345
2369,228.4664583333329,228.4664583333329
2370,469.64618333333203,469.64618333333203
2371,1137.968266666669,1137.968266666669
2372,1867.0469833333434,1867.0469833333434
2373,2463.2070750000157,2463.2070750000157
2374,2390.34639166668,2390.34639166668
2375,1696.722466666672,1696.722466666672
2376,656.775491666665,656.775491666665
2377,104.21817499999965,104.21817499999965
2378,47.528008333333354,47.528008333333354
2379,112.97196666666675,112.97196666666675
2380,100.2569000000001,100.2569000000001
2381,101.1894083333334,101.1894083333334
2382,100.29976666666686,100.29976666666686
2383,145.1852416666667,145.1852416666667
2384,191.2953833333327,191.2953833333327
2385,180.77107499999946,180.77107499999946
2386,100.28378333333345,100.28378333333345
2387,71.67559166666675,71.67559166666675
2388,66.65954166666675,66.65954166666675
2389,72.4927666666668,72.4927666666668
2390,111.39765833333355,111.39765833333355
2391,105.6229083333333,105.6229083333333
2392,90.22336666666665,90.22336666666665
2393,117.60943333333336,117.60943333333336
2394,435.4061333333322,435.4061333333322
2395,1015.1929999999985,1015.1929999999985
2396,1930.1040750000104,1930.1040750000104
2397,2478.791383333348,2478.791383333348
2398,2299.980541666679,2299.980541666679
2399,1471.0090250000055,1471.0090250000055
2400,877.077591666666,877.077591666666
2401,130.00030833333304,130.00030833333304
2402,53.5361250000001,53.5361250000001
2403,54.93567500000005,54.93567500000005
2404,61.52626666666675,61.52626666666675
2405,59.8353666666667,59.8353666666667
2406,83.9767083333334,83.9767083333334
2407,143.81788333333324,143.81788333333324
2408,199.80271666666624,199.80271666666624
2409,152.20560833333306,152.20560833333306
2410,96.4668333333335,96.4668333333335
2411,55.22698333333335,55.22698333333335
2412,79.49161666666674,79.49161666666674
2413,76.4004750000001,76.4004750000001
2414,61.41070000000005,61.41070000000005
2415,67.53430833333346,67.53430833333346
2416,91.39084166666674,91.39084166666674
2417,174.76002499999984,174.76002499999984
2418,537.1194916666655,537.1194916666655
2419,1130.535908333334,1130.535908333334
2420,1946.6307416666775,1946.6307416666775
2421,2321.248191666681,2321.248191666681
2422,2171.134650000013,2171.134650000013
2423,1652.2826166666734,1652.2826166666734
2424,905.7624333333325,905.7624333333325
2425,163.69766666666615,163.69766666666615
2426,52.42721666666675,52.42721666666675
2427,77.6828333333335,77.6828333333335
2428,57.32706666666675,57.32706666666675
2429,81.2994500000001,81.2994500000001
2430,96.8252666666668,96.8252666666668
2431,131.7781083333335,131.7781083333335
2432,178.92050833333306,178.92050833333306
2433,157.59515833333305,157.59515833333305
2434,96.26559166666675,96.26559166666675
2435,91.2734416666667,91.2734416666667
2436,100.0235083333333,100.0235083333333
2437,88.1245250000002,88.1245250000002
2438,80.2496000000001,80.2496000000001
2439,73.9503166666668,73.9503166666668
2440,82.6415000000002,82.6415000000002
2441,192.447058333333,192.447058333333
2442,647.5577999999985,647.5577999999985
2443,1116.4135416666675,1116.4135416666675
2444,1730.050791666677,1730.050791666677
2445,2294.6945416666813,2294.6945416666813
2446,2220.9428000000107,2220.9428000000107
2447,1634.319391666672,1634.319391666672
2448,837.4171666666655,837.4171666666655
2449,142.40173333333306,142.40173333333306
2450,58.6699166666667,58.6699166666667
2451,93.08244166666665,93.08244166666665
2452,85.67482500000015,85.67482500000015
2453,88.47412500000014,88.47412500000014
2454,71.2272500000001,71.2272500000001
2455,115.51456666666685,115.51456666666685
2456,153.50769999999986,153.50769999999986
2457,135.1999916666668,135.1999916666668
2458,92.4996250000002,92.4996250000002
2459,73.1337916666667,73.1337916666667
2460,68.23472500000005,68.23472500000005
2461,79.7245666666668,79.7245666666668
2462,113.8462250000001,113.8462250000001
2463,122.7114916666667,122.7114916666667
2464,104.7465333333335,104.7465333333335
2465,191.87457499999974,191.87457499999974
2466,463.02559999999846,463.02559999999846
2467,1121.4330750000015,1121.4330750000015
2468,1849.312300000012,1849.312300000012
2469,2578.524783333349,2578.524783333349
2470,2341.3993416666785,2341.3993416666785
2471,1483.567500000004,1483.567500000004
2472,777.111791666665,777.111791666665
2473,136.658333333333,136.658333333333
2474,56.3354666666667,56.3354666666667
2475,67.70990000000015,67.70990000000015
2476,71.09294166666685,71.09294166666685
2477,90.1071083333334,90.1071083333334
2478,103.7743333333335,103.7743333333335
2479,95.1138083333335,95.1138083333335
2480,174.77116666666635,174.77116666666635
2481,159.7490249999999,159.7490249999999
2482,67.7545083333334,67.7545083333334
2483,69.0510500000001,69.0510500000001
2484,85.8486833333334,85.8486833333334
2485,79.8415333333334,79.8415333333334
2486,95.82330833333344,95.82330833333344
2487,78.26702500000005,78.26702500000005
2488,91.27342499999995,91.27342499999995
2489,149.45750833333324,149.45750833333324
2490,465.5046916666654,465.5046916666654
2491,1077.128816666666,1077.128816666666
2492,1719.1064583333405,1719.1064583333405
2493,2416.9208500000127,2416.9208500000127
2494,2315.171058333345,2315.171058333345
2495,1864.749425000009,1864.749425000009
2496,806.849333333333,806.849333333333
2497,121.3345333333331,121.3345333333331
2498,76.63385833333345,76.63385833333345
2499,98.50662500000006,98.50662500000006
2500,100.72241666666675,100.72241666666675
2501,86.0821166666668,86.0821166666668
2502,91.96715000000015,91.96715000000015
2503,97.79181666666695,97.79181666666695
2504,152.73273333333316,152.73273333333316
2505,166.9472416666664,166.9472416666664
2506,97.71631666666676,97.71631666666676
2507,96.6972000000001,96.6972000000001
2508,95.5311666666668,95.5311666666668
2509,111.57282500000005,111.57282500000005
2510,121.4888916666667,121.4888916666667
2511,92.49887500000006,92.49887500000006
2512,85.0913916666667,85.0913916666667
2513,169.12488333333314,169.12488333333314
2514,653.9636416666655,653.9636416666655
2515,1215.6861333333345,1215.6861333333345
2516,1791.931083333345,1791.931083333345
2517,2370.203250000015,2370.203250000015
2518,2140.634716666678,2140.634716666678
2519,1447.771991666672,1447.771991666672
2520,812.2672083333325,812.2672083333325
2521,143.9486999999998,143.9486999999998
2522,94.7729083333334,94.7729083333334
2523,98.9150416666668,98.9150416666668
2524,92.61561666666675,92.61561666666675
2525,89.58270000000005,89.58270000000005
2526,92.94294166666675,92.94294166666675
2527,147.8517083333334,147.8517083333334
2528,173.67275833333326,173.67275833333326
2529,114.4584000000002,114.4584000000002
2530,76.5010916666668,76.5010916666668
2531,71.1495833333334,71.1495833333334
2532,78.2076916666668,78.2076916666668
2533,64.38440000000006,64.38440000000006
2534,73.3681916666668,73.3681916666668
2535,101.3068583333334,101.3068583333334
2536,74.2428583333335,74.2428583333335
2537,143.72159166666665,143.72159166666665
2538,481.41474999999883,481.41474999999883
2539,1095.063791666668,1095.063791666668
2540,1918.521383333345,1918.521383333345
2541,2479.221300000014,2479.221300000014
2542,2274.490908333346,2274.490908333346
2543,1630.341583333339,1630.341583333339
2544,776.605041666666,776.605041666666
2545,135.3251166666665,135.3251166666665
2546,75.9918333333334,75.9918333333334
2547,81.99935000000005,81.99935000000005
2548,92.3815333333334,92.3815333333334
2549,83.4002083333335,83.4002083333335
2550,50.08887500000005,50.08887500000005
2551,91.3420416666668,91.3420416666668
2552,193.7454583333328,193.7454583333328
2553,144.02541666666644,144.02541666666644
2554,91.4744416666668,91.4744416666668
2555,90.3392083333334,90.3392083333334
2556,71.3247416666667,71.3247416666667
2557,85.9070666666667,85.9070666666667
2558,92.84811666666675,92.84811666666675
2559,88.9398000000001,88.9398000000001
2560,100.7222250000001,100.7222250000001
2561,192.0890749999996,192.0890749999996
2562,557.638983333332,557.638983333332
2563,1113.3960333333355,1113.3960333333355
2564,1614.023925000008,1614.023925000008
2565,2355.8100666666805,2355.8100666666805
2566,2335.5729166666783,2335.5729166666783
2567,1688.2000833333395,1688.2000833333395
2568,766.7461583333325,766.7461583333325
2569,134.4164416666662,134.4164416666662
2570,69.22629166666675,69.22629166666675
2571,78.14927500000005,78.14927500000005
2572,78.90688333333335,78.90688333333335
2573,83.68999166666676,83.68999166666676
2574,75.27915833333346,75.27915833333346
2575,147.47475833333314,147.47475833333314
2576,215.7284583333328,215.7284583333328
2577,154.0664916666664,154.0664916666664
2578,91.61782500000005,91.61782500000005
2579,72.60933333333335,72.60933333333335
2580,77.80064166666675,77.80064166666675
2581,91.1564333333334,91.1564333333334
2582,92.4396666666668,92.4396666666668
2583,88.9412916666667,88.9412916666667
2584,103.93138333333344,103.93138333333344
2585,205.7276749999999,205.7276749999999
2586,598.210183333332,598.210183333332
2587,1003.988883333333,1003.988883333333
2588,1857.4759583333455,1857.4759583333455
2589,2382.900008333345,2382.900008333345
2590,2335.491250000012,2335.491250000012
2591,1700.534650000007,1700.534650000007
2592,877.7305499999995,877.7305499999995
2593,218.78874166666614,218.78874166666614
2594,51.3191083333334,51.3191083333334
2595,56.3361833333335,56.3361833333335
2596,73.60064166666675,73.60064166666675
2597,100.3154333333335,100.3154333333335
2598,85.72717500000014,85.72717500000014
2599,102.9144666666668,102.9144666666668
2600,175.62059166666634,175.62059166666634
2601,183.32803333333325,183.32803333333325
2602,140.1205166666666,140.1205166666666
2603,116.23878333333344,116.23878333333344
2604,108.7141249999999,108.7141249999999
2605,116.6474416666667,116.6474416666667
2606,129.8874000000002,129.8874000000002
2607,101.5404250000001,101.5404250000001
2608,84.21631666666676,84.21631666666676
2609,95.074475,95.074475
2610,433.30665833333177,433.30665833333177
2611,976.4416666666665,976.4416666666665
2612,1725.971591666676,1725.971591666676
2613,2353.4321250000135,2353.4321250000135
2614,2329.4206583333466,2329.4206583333466
2615,1874.328091666675,1874.328091666675
2616,723.2489249999985,723.2489249999985
2617,143.4915916666663,143.4915916666663
2618,54.7605083333334,54.7605083333334
2619,68.93394166666666,68.93394166666666
2620,81.29929166666675,81.29929166666675
2621,91.74060000000016,91.74060000000016
2622,99.6918916666668,99.6918916666668
2623,137.9354083333333,137.9354083333333
2624,179.5871749999995,179.5871749999995
2625,148.94718333333324,148.94718333333324
2626,83.27554166666675,83.27554166666675
2627,83.4001166666668,83.4001166666668
2628,76.51780000000005,76.51780000000005
2629,84.33347500000015,84.33347500000015
2630,89.5821750000001,89.5821750000001
2631,73.8911666666668,73.8911666666668
2632,103.6386000000002,103.6386000000002
2633,203.7013249999997,203.7013249999997
2634,533.5995499999985,533.5995499999985
2635,967.825174999999,967.825174999999
2636,1980.327666666679,1980.327666666679
2637,2322.194475000016,2322.194475000016
2638,1918.430008333344,1918.430008333344
2639,1870.4985083333395,1870.4985083333395
2640,1019.231216666667,1019.231216666667
2641,125.58389999999974,125.58389999999974
2642,59.6599666666667,59.6599666666667
2643,71.79175833333345,71.79175833333345
2644,69.1085416666667,69.1085416666667
2645,60.5932500000001,60.5932500000001
2646,83.2264750000001,83.2264750000001
2647,103.35664166666675,103.35664166666675
2648,148.0242333333332,148.0242333333332
2649,146.123575,146.123575
2650,94.3241250000002,94.3241250000002
2651,100.8387416666668,100.8387416666668
2652,113.55468333333356,113.55468333333356
2653,102.356225,102.356225
2654,94.83189166666675,94.83189166666675
2655,101.1897500000002,101.1897500000002
2656,85.0332166666667,85.0332166666667
2657,125.3943916666667,125.3943916666667
2658,503.173274999999,503.173274999999
2659,1134.222041666668,1134.222041666668
2660,1700.83770000001,1700.83770000001
2661,2449.432016666682,2449.432016666682
2662,2302.0707333333444,2302.0707333333444
2663,1692.4058000000075,1692.4058000000075
2664,882.214058333332,882.214058333332
2665,126.6584166666665,126.6584166666665
2666,61.4676916666666,61.4676916666666
2667,78.8493916666667,78.8493916666667
2668,78.55876666666676,78.55876666666676
2669,60.36027500000015,60.36027500000015
2670,73.17719166666684,73.17719166666684
2671,124.3765000000001,124.3765000000001
2672,167.19601666666654,167.19601666666654
2673,147.7157499999999,147.7157499999999
2674,79.2077250000001,79.2077250000001
2675,62.28436666666675,62.28436666666675
2676,94.42339166666665,94.42339166666665
2677,89.46600000000015,89.46600000000015
2678,115.4216583333336,115.4216583333336
2679,91.6233000000002,91.6233000000002
2680,74.94187500000015,74.94187500000015
2681,178.9126249999996,178.9126249999996
2682,478.61505833333166,478.61505833333166
2683,1313.988716666671,1313.988716666671
2684,1749.3258833333455,1749.3258833333455
2685,2249.743800000012,2249.743800000012
2686,2427.9953666666775,2427.9953666666775
2687,1731.632766666674,1731.632766666674
2688,801.9507583333325,801.9507583333325
2689,141.83355833333314,141.83355833333314
2690,58.2028916666667,58.2028916666667
2691,42.687408333333345,42.687408333333345
2692,56.80241666666665,56.80241666666665
2693,58.78570833333345,58.78570833333345
2694,82.66924166666675,82.66924166666675
2695,106.05534166666685,106.05534166666685
2696,197.16124166666626,197.16124166666626
2697,154.0734583333333,154.0734583333333
2698,106.29045833333345,106.29045833333345
2699,75.05754166666675,75.05754166666675
2700,81.6494916666668,81.6494916666668
2701,70.3338916666667,70.3338916666667
2702,77.8579916666668,77.8579916666668
2703,68.75826666666676,68.75826666666676
2704,78.7334500000001,78.7334500000001
2705,160.81728333333314,160.81728333333314
2706,516.3231749999985,516.3231749999985
2707,1244.8668166666696,1244.8668166666696
2708,1938.3785750000116,1938.3785750000116
2709,2546.4749500000157,2546.4749500000157
2710,2214.661833333345,2214.661833333345
2711,1683.1047666666734,1683.1047666666734
2712,777.9215333333325,777.9215333333325
2713,136.8326916666665,136.8326916666665
2714,56.9762083333334,56.9762083333334
2715,83.0488916666668,83.0488916666668
2716,100.54845,100.54845
2717,99.20683333333345,99.20683333333345
2718,74.8603250000001,74.8603250000001
2719,126.5530916666667,126.5530916666667
2720,174.4873249999997,174.4873249999997
2721,153.2965666666666,153.2965666666666
2722,105.1467750000001,105.1467750000001
2723,91.7396916666668,91.7396916666668
2724,77.56721666666675,77.56721666666675
2725,82.52477500000015,82.52477500000015
2726,92.90670000000004,92.90670000000004
2727,90.16510000000005,90.16510000000005
2728,82.7240333333334,82.7240333333334
2729,193.356283333333,193.356283333333
2730,612.532749999998,612.532749999998
2731,1121.459816666668,1121.459816666668
2732,1694.7251333333425,1694.7251333333425
2733,2116.839791666678,2116.839791666678
2734,2326.3387000000107,2326.3387000000107
2735,1832.721058333339,1832.721058333339
2736,806.3141083333325,806.3141083333325
2737,110.99978333333296,110.99978333333296
2738,46.65400833333337,46.65400833333337
2739,76.40144166666676,76.40144166666676
2740,78.8507416666667,78.8507416666667
2741,79.4910666666668,79.4910666666668
2742,75.11896666666685,75.11896666666685
2743,137.0696000000001,137.0696000000001
2744,195.85339166666634,195.85339166666634
2745,180.2898916666663,180.2898916666663
2746,98.34410000000005,98.34410000000005
2747,62.4594583333334,62.4594583333334
2748,81.59134166666675,81.59134166666675
2749,69.2836333333334,69.2836333333334
2750,84.09923333333344,84.09923333333344
2751,83.5158833333335,83.5158833333335
2752,95.47275000000015,95.47275000000015
2753,202.0169916666663,202.0169916666663
2754,540.377083333332,540.377083333332
2755,1175.9286833333344,1175.9286833333344
2756,1930.7363000000105,1930.7363000000105
2757,2403.6578833333483,2403.6578833333483
2758,2240.331025000011,2240.331025000011
2759,1549.5474416666716,1549.5474416666716
2760,729.6643666666655,729.6643666666655
2761,132.40130833333305,132.40130833333305
2762,52.0196333333334,52.0196333333334
2763,62.6352166666668,62.6352166666668
2764,64.6757166666667,64.6757166666667
2765,76.74923333333345,76.74923333333345
2766,56.0612833333334,56.0612833333334
2767,108.39480833333344,108.39480833333344
2768,210.50891666666604,210.50891666666604
2769,161.98893333333325,161.98893333333325
2770,94.58324166666675,94.58324166666675
2771,58.6675916666667,58.6675916666667
2772,67.7087583333334,67.7087583333334
2773,78.7323166666667,78.7323166666667
2774,67.5916250000001,67.5916250000001
2775,62.8668833333334,62.8668833333334
2776,98.03930833333345,98.03930833333345
2777,207.75910833333296,207.75910833333296
2778,482.171708333332,482.171708333332
2779,1178.148675,1178.148675
2780,1885.0716416666764,1885.0716416666764
2781,2589.9460583333507,2589.9460583333507
2782,2226.675375000012,2226.675375000012
2783,1396.518508333337,1396.518508333337
2784,742.362299999998,742.362299999998
2785,148.298883333333,148.298883333333
2786,64.79255833333345,64.79255833333345
2787,57.9096416666667,57.9096416666667
2788,63.8592833333334,63.8592833333334
2789,68.99156666666676,68.99156666666676
2790,65.8765416666667,65.8765416666667
2791,109.5048583333335,109.5048583333335
2792,168.62980833333324,168.62980833333324
2793,148.9315999999999,148.9315999999999
2794,66.7715833333335,66.7715833333335
2795,81.7079166666668,81.7079166666668
2796,78.3252166666669,78.3252166666669
2797,79.9586416666669,79.9586416666669
2798,81.9412250000001,81.9412250000001
2799,89.64060000000015,89.64060000000015
2800,75.5832916666668,75.5832916666668
2801,186.00442499999994,186.00442499999994
2802,488.32681666666537,488.32681666666537
2803,1200.4934500000024,1200.4934500000024
2804,1793.65580000001,1793.65580000001
2805,2203.7586500000125,2203.7586500000125
2806,2282.7384750000124,2282.7384750000124
2807,1683.5637083333395,1683.5637083333395
2808,865.8219916666665,865.8219916666665
2809,154.4821166666664,154.4821166666664
2810,69.16844166666675,69.16844166666675
2811,74.8840750000001,74.8840750000001
2812,86.8414000000001,86.8414000000001
2813,94.89095000000015,94.89095000000015
2814,104.4330833333335,104.4330833333335
2815,115.5766833333335,115.5766833333335
2816,190.8371583333332,190.8371583333332
2817,189.78195833333294,189.78195833333294
2818,103.4841500000002,103.4841500000002
2819,79.6661416666668,79.6661416666668
2820,93.8980666666668,93.8980666666668
2821,90.69040000000005,90.69040000000005
2822,97.8640166666667,97.8640166666667
2823,79.1411583333335,79.1411583333335
2824,81.5336750000001,81.5336750000001
2825,177.91751666666656,177.91751666666656
2826,409.6949666666656,409.6949666666656
2827,989.290516666667,989.290516666667
2828,1646.566183333342,1646.566183333342
2829,2190.161116666681,2190.161116666681
2830,2379.792008333345,2379.792008333345
2831,1868.9080250000075,1868.9080250000075
2832,856.0107333333325,856.0107333333325
2833,118.45132499999976,118.45132499999976
2834,21.68923333333334,21.68923333333334
2835,49.219108333333324,49.219108333333324
2836,45.07811666666671,45.07811666666671
2837,58.43445000000015,58.43445000000015
2838,68.1779916666668,68.1779916666668
2839,114.10705000000014,114.10705000000014
2840,190.70394166666645,190.70394166666645
2841,140.7820499999999,140.7820499999999
2842,89.2774750000001,89.2774750000001
2843,131.87104166666686,131.87104166666686
2844,125.86310833333356,125.86310833333356
2845,107.43137500000014,107.43137500000014
2846,67.4177000000001,67.4177000000001
2847,88.5911833333334,88.5911833333334
2848,116.5878916666668,116.5878916666668
2849,143.79211666666666,143.79211666666666
2850,476.58825833333236,476.58825833333236
2851,1226.926308333334,1226.926308333334
2852,1854.56121666668,1854.56121666668
2853,2400.792533333348,2400.792533333348
2854,2198.790483333344,2198.790483333344
2855,1777.01895833334,1777.01895833334
2856,857.665808333332,857.665808333332
2857,123.55788333333315,123.55788333333315
2858,65.55160000000005,65.55160000000005
2859,77.8594250000001,77.8594250000001
2860,62.1686000000001,62.1686000000001
2861,89.11594166666676,89.11594166666676
2862,92.7834083333334,92.7834083333334
2863,126.06265833333335,126.06265833333335
2864,168.12266666666636,168.12266666666636
2865,125.41740833333336,125.41740833333336
2866,70.95288333333345,70.95288333333345
2867,80.25027500000004,80.25027500000004
2868,89.1149916666667,89.1149916666667
2869,95.88043333333346,95.88043333333346
2870,82.34782500000016,82.34782500000016
2871,69.98395000000005,69.98395000000005
2872,91.7410000000001,91.7410000000001
2873,175.1436249999998,175.1436249999998
2874,502.947699999999,502.947699999999
2875,1294.147658333337,1294.147658333337
2876,1614.7920416666775,1614.7920416666775
2877,2173.6782666666813,2173.6782666666813
2878,2354.5220416666793,2354.5220416666793
2879,1743.458191666676,1743.458191666676
2880,907.174283333333,907.174283333333
2881,123.23326666666655,123.23326666666655
2882,79.0246000000001,79.0246000000001
2883,97.3391666666668,97.3391666666668
2884,99.38145833333336,99.38145833333336
2885,102.6485250000001,102.6485250000001
2886,104.0915916666668,104.0915916666668
2887,134.60757500000005,134.60757500000005
2888,184.92054999999985,184.92054999999985
2889,144.53051666666664,144.53051666666664
2890,106.78102500000016,106.78102500000016
2891,86.7819083333334,86.7819083333334
2892,74.4747000000001,74.4747000000001
2893,78.7329500000001,78.7329500000001
2894,85.2080166666668,85.2080166666668
2895,100.7815833333333,100.7815833333333
2896,77.74172500000005,77.74172500000005
2897,156.37207499999965,156.37207499999965
2898,507.0736499999985,507.0736499999985
2899,887.6247583333325,887.6247583333325
2900,1675.1546000000085,1675.1546000000085
2901,2109.713433333347,2109.713433333347
2902,2400.407466666678,2400.407466666678
2903,1996.5047250000075,1996.5047250000075
2904,913.7063833333335,913.7063833333335
2905,113.53251666666635,113.53251666666635
2906,55.63491666666675,55.63491666666675
2907,63.9758083333334,63.9758083333334
2908,75.2908333333334,75.2908333333334
2909,82.17397500000015,82.17397500000015
2910,92.2425166666667,92.2425166666667
2911,114.1898333333335,114.1898333333335
2912,168.2890999999996,168.2890999999996
2913,141.2568499999999,141.2568499999999
2914,79.9438000000001,79.9438000000001
2915,94.53974166666676,94.53974166666676
2916,101.77269166666674,101.77269166666674
2917,93.37301666666674,93.37301666666674
2918,70.1591000000001,70.1591000000001
2919,73.0751500000001,73.0751500000001
2920,68.46750000000004,68.46750000000004
2921,149.9588499999999,149.9588499999999
2922,546.719249999999,546.719249999999
2923,1045.208491666666,1045.208491666666
2924,1756.679466666677,1756.679466666677
2925,2127.9042583333485,2127.9042583333485
2926,2288.315008333346,2288.315008333346
2927,1897.3316916666754,1897.3316916666754
2928,974.058325,974.058325
2929,135.43422499999954,135.43422499999954
2930,51.611175,51.611175
2931,86.0825000000001,86.0825000000001
2932,100.13910000000016,100.13910000000016
2933,89.52378333333345,89.52378333333345
2934,95.75763333333344,95.75763333333344
2935,142.41119999999984,142.41119999999984
2936,197.10321666666596,197.10321666666596
2937,155.3135166666665,155.3135166666665
2938,87.5853166666668,87.5853166666668
2939,61.35182500000005,61.35182500000005
2940,83.75020833333355,83.75020833333355
2941,67.0100500000001,67.0100500000001
2942,78.14969166666675,78.14969166666675
2943,79.78220000000015,79.78220000000015
2944,93.3142250000001,93.3142250000001
2945,198.6922249999997,198.6922249999997
2946,595.0399499999985,595.0399499999985
2947,1135.7860416666674,1135.7860416666674
2948,1917.0506916666775,1917.0506916666775
2949,2225.0162916666786,2225.0162916666786
2950,2186.6392916666787,2186.6392916666787
2951,1560.4799583333395,1560.4799583333395
2952,939.0238666666665,939.0238666666665
2953,109.6758416666667,109.6758416666667
2954,44.49520833333328,44.49520833333328
2955,60.0680666666667,60.0680666666667
2956,68.29209166666675,68.29209166666675
2957,91.5645583333334,91.5645583333334
2958,103.16512500000015,103.16512500000015
2959,165.97895833333334,165.97895833333334
2960,190.24492499999974,190.24492499999974
2961,140.44754166666664,140.44754166666664
2962,72.7082750000001,72.7082750000001
2963,62.9264666666667,62.9264666666667
2964,65.5511250000001,65.5511250000001
2965,67.76760000000014,67.76760000000014
2966,68.52650833333345,68.52650833333345
2967,88.88262500000015,88.88262500000015
2968,75.70020833333345,75.70020833333345
2969,201.90830833333305,201.90830833333305
2970,503.5387333333315,503.5387333333315
2971,931.119266666665,931.119266666665
2972,1561.222950000007,1561.222950000007
2973,2369.4308000000124,2369.4308000000124
2974,2402.737350000013,2402.737350000013
2975,1749.69473333334,1749.69473333334
2976,905.4488166666665,905.4488166666665
2977,202.29811666666626,202.29811666666626
2978,67.5343000000002,67.5343000000002
2979,47.58585000000004,47.58585000000004
2980,68.2919333333334,68.2919333333334
2981,94.2478166666667,94.2478166666667
2982,91.06646666666686,91.06646666666686
2983,118.3343833333333,118.3343833333333
2984,187.6955499999993,187.6955499999993
2985,159.36658333333295,159.36658333333295
2986,96.3796166666668,96.3796166666668
2987,67.1842583333334,67.1842583333334
2988,80.36605000000014,80.36605000000014
2989,80.5412333333334,80.5412333333334
2990,97.33994166666675,97.33994166666675
2991,84.85828333333345,84.85828333333345
2992,90.04966666666675,90.04966666666675
2993,206.0739249999996,206.0739249999996
2994,537.1210416666655,537.1210416666655
2995,1172.7368833333344,1172.7368833333344
2996,1822.520091666677,1822.520091666677
2997,2485.207883333348,2485.207883333348
2998,2117.14432500001,2117.14432500001
2999,1502.967991666673,1502.967991666673
3000,734.4491833333315,734.4491833333315
3001,164.35027499999964,164.35027499999964
3002,51.26125000000005,51.26125000000005
3003,72.66783333333345,72.66783333333345
3004,81.65029166666675,81.65029166666675
3005,95.99866666666685,95.99866666666685
3006,110.39140833333335,110.39140833333335
3007,125.15504999999995,125.15504999999995
3008,192.71971666666636,192.71971666666636
3009,178.24339999999975,178.24339999999975
3010,127.48025,127.48025
3011,112.9709833333335,112.9709833333335
3012,87.8901250000001,87.8901250000001
3013,80.5984166666668,80.5984166666668
3014,81.82400833333345,81.82400833333345
3015,85.96518333333346,85.96518333333346
3016,74.8843666666667,74.8843666666667
3017,172.0873166666665,172.0873166666665
3018,526.899749999999,526.899749999999
3019,1065.8308666666665,1065.8308666666665
3020,1472.66678333334,1472.66678333334
3021,2212.6158000000146,2212.6158000000146
3022,2789.274025000013,2789.274025000013
3023,1559.420383333339,1559.420383333339
3024,855.417524999999,855.417524999999
3025,166.77550833333316,166.77550833333316
3026,55.81089166666665,55.81089166666665
3027,81.70828333333336,81.70828333333336
3028,98.0398250000001,98.0398250000001
3029,91.21520833333335,91.21520833333335
3030,87.5930916666668,87.5930916666668
3031,114.91260000000015,114.91260000000015
3032,181.10392499999986,181.10392499999986
3033,168.3713083333332,168.3713083333332
3034,119.81531666666675,119.81531666666675
3035,81.6488583333334,81.6488583333334
3036,70.3909916666667,70.3909916666667
3037,86.37370000000016,86.37370000000016
3038,82.1740083333334,82.1740083333334
3039,77.62431666666674,77.62431666666674
3040,61.64311666666675,61.64311666666675
3041,158.6217,158.6217
3042,487.7114666666654,487.7114666666654
3043,1059.4459583333335,1059.4459583333335
3044,1656.8176666666775,1656.8176666666775
3045,2340.9523583333475,2340.9523583333475
3046,2383.891850000012,2383.891850000012
3047,1814.349525000009,1814.349525000009
3048,867.923675,867.923675
3049,99.4106499999998,99.4106499999998
3050,52.3693166666667,52.3693166666667
3051,55.75195833333335,55.75195833333335
3052,85.44093333333345,85.44093333333345
3053,64.85159166666675,64.85159166666675
3054,97.27485000000016,97.27485000000016
3055,122.50393333333345,122.50393333333345
3056,196.83650833333266,196.83650833333266
3057,175.2806166666663,175.2806166666663
3058,110.33265000000004,110.33265000000004
3059,69.1095750000001,69.1095750000001
3060,62.5179416666668,62.5179416666668
3061,72.72514166666684,72.72514166666684
3062,85.90653333333336,85.90653333333336
3063,78.0902583333334,78.0902583333334
3064,78.6158500000001,78.6158500000001
3065,129.26594166666666,129.26594166666666
3066,600.044658333332,600.044658333332
3067,1187.3163250000005,1187.3163250000005
3068,1929.444591666678,1929.444591666678
3069,2334.1461083333475,2334.1461083333475
3070,2053.449208333344,2053.449208333344
3071,1753.0331916666746,1753.0331916666746
3072,827.197391666666,827.197391666666
3073,134.19902499999986,134.19902499999986
3074,62.98531666666675,62.98531666666675
3075,88.8245416666668,88.8245416666668
3076,94.54044166666675,94.54044166666675
3077,67.1848583333334,67.1848583333334
3078,45.30524999999998,45.30524999999998
3079,89.6733000000002,89.6733000000002
3080,159.08927499999965,159.08927499999965
3081,162.54374999999976,162.54374999999976
3082,106.6545916666668,106.6545916666668
3083,122.711475,122.711475
3084,132.8608000000001,132.8608000000001
3085,89.69805000000005,89.69805000000005
3086,62.6346083333334,62.6346083333334
3087,50.09425833333335,50.09425833333335
3088,40.237475,40.237475
3089,177.01258333333294,177.01258333333294
3090,524.4691166666655,524.4691166666655
3091,1208.0209083333355,1208.0209083333355
3092,1794.0308583333424,1794.0308583333424
3093,2160.1738666666797,2160.1738666666797
3094,2214.49021666668,2214.49021666668
3095,1697.485233333339,1697.485233333339
3096,1016.4059083333325,1016.4059083333325
3097,132.9503916666664,132.9503916666664
3098,39.128341666666685,39.128341666666685
3099,54.7014416666667,54.7014416666667
3100,91.6795166666668,91.6795166666668
3101,100.25345000000004,100.25345000000004
3102,98.92440833333345,98.92440833333345
3103,146.72957500000015,146.72957500000015
3104,162.7401749999998,162.7401749999998
3105,144.2892666666666,144.2892666666666
3106,87.1246500000002,87.1246500000002
3107,79.60810000000015,79.60810000000015
3108,73.0169666666668,73.0169666666668
3109,79.0246583333334,79.0246583333334
3110,92.7321583333334,92.7321583333334
3111,87.65732500000016,87.65732500000016
3112,101.36480000000005,101.36480000000005
3113,209.977233333333,209.977233333333
3114,442.0657749999985,442.0657749999985
3115,905.2490333333315,905.2490333333315
3116,1950.370358333344,1950.370358333344
3117,2363.9601833333463,2363.9601833333463
3118,2304.2470166666776,2304.2470166666776
3119,1577.4975500000075,1577.4975500000075
3120,1145.357591666669,1145.357591666669
3121,149.70651666666626,149.70651666666626
3122,80.54127500000006,80.54127500000006
3123,72.95942500000005,72.95942500000005
3124,60.76835000000015,60.76835000000015
3125,72.60921666666675,72.60921666666675
3126,83.51860833333345,83.51860833333345
3127,131.94519999999994,131.94519999999994
3128,201.18490833333274,201.18490833333274
3129,140.1997999999998,140.1997999999998
3130,73.1769833333335,73.1769833333335
3131,75.40775833333345,75.40775833333345
3132,95.8236833333334,95.8236833333334
3133,96.87340833333344,96.87340833333344
3134,83.69124166666685,83.69124166666685
3135,107.37264999999995,107.37264999999995
3136,100.43165833333335,100.43165833333335
3137,218.6345,218.6345
3138,580.657599999999,580.657599999999
3139,795.4311833333315,795.4311833333315
3140,1647.2397916666764,1647.2397916666764
3141,2265.3825416666796,2265.3825416666796
3142,2175.03169166668,2175.03169166668
3143,1882.8899333333404,1882.8899333333404
3144,1024.633116666667,1024.633116666667
3145,143.5916916666663,143.5916916666663
3146,63.3347083333334,63.3347083333334
3147,94.131125,94.131125
3148,94.18978333333345,94.18978333333345
3149,97.86430000000006,97.86430000000006
3150,91.9260416666668,91.9260416666668
3151,103.03121666666685,103.03121666666685
3152,182.8216833333331,182.8216833333331
3153,163.6961166666666,163.6961166666666
3154,81.62400833333345,81.62400833333345
3155,62.8094416666668,62.8094416666668
3156,68.46712500000005,68.46712500000005
3157,100.66513333333344,100.66513333333344
3158,89.87450000000005,89.87450000000005
3159,78.85051666666675,78.85051666666675
3160,80.77555833333345,80.77555833333345
3161,147.406083333333,147.406083333333
3162,464.77741666666503,464.77741666666503
3163,1027.228116666667,1027.228116666667
3164,1743.6805166666766,1743.6805166666766
3165,2481.040858333347,2481.040858333347
3166,2433.704516666679,2433.704516666679
3167,1551.4594666666715,1551.4594666666715
3168,883.173166666666,883.173166666666
3169,174.4653833333328,174.4653833333328
3170,77.44990000000006,77.44990000000006
3171,92.49868333333335,92.49868333333335
3172,103.17288333333344,103.17288333333344
3173,87.5402833333335,87.5402833333335
3174,85.13467500000014,85.13467500000014
3175,126.1538166666668,126.1538166666668
3176,173.1306083333331,173.1306083333331
3177,165.4720833333332,165.4720833333332
3178,111.7163916666668,111.7163916666668
3179,86.37400833333345,86.37400833333345
3180,91.50690833333336,91.50690833333336
3181,89.5828500000002,89.5828500000002
3182,72.7260250000001,72.7260250000001
3183,57.2686500000001,57.2686500000001
3184,85.55830000000014,85.55830000000014
3185,187.9292666666665,187.9292666666665
3186,394.0083916666658,394.0083916666658
3187,1034.0941166666664,1034.0941166666664
3188,1809.682258333346,1809.682258333346
3189,2177.3366333333465,2177.3366333333465
3190,2363.4148500000115,2363.4148500000115
3191,1855.2940416666754,1855.2940416666754
3192,802.160208333332,802.160208333332
3193,142.6415499999997,142.6415499999997
3194,76.10785833333345,76.10785833333345
3195,80.5410166666668,80.5410166666668
3196,94.7732000000001,94.7732000000001
3197,79.84080000000004,79.84080000000004
3198,86.8335250000001,86.8335250000001
3199,104.85551666666674,104.85551666666674
3200,195.77785833333286,195.77785833333286
3201,170.9759333333332,170.9759333333332
3202,120.47921666666674,120.47921666666674
3203,96.9882083333334,96.9882083333334
3204,93.66418333333336,93.66418333333336
3205,84.97436666666675,84.97436666666675
3206,56.45243333333345,56.45243333333345
3207,58.8444416666667,58.8444416666667
3208,59.48538333333335,59.48538333333335
3209,127.04468333333345,127.04468333333345
3210,611.378849999999,611.378849999999
3211,1168.3958416666685,1168.3958416666685
3212,1561.115750000009,1561.115750000009
3213,2151.545741666678,2151.545741666678
3214,2270.5338916666774,2270.5338916666774
3215,1827.3719333333404,1827.3719333333404
3216,873.423716666667,873.423716666667
3217,139.6505416666664,139.6505416666664
3218,62.05175833333335,62.05175833333335
3219,77.5084666666668,77.5084666666668
3220,70.68412500000005,70.68412500000005
3221,86.89901666666675,86.89901666666675
3222,92.8085166666667,92.8085166666667
3223,100.0814666666669,100.0814666666669
3224,185.3713166666663,185.3713166666663
3225,142.3751499999999,142.3751499999999
3226,79.6773416666668,79.6773416666668
3227,78.67430833333346,78.67430833333346
3228,79.54945833333335,79.54945833333335
3229,94.48079166666685,94.48079166666685
3230,116.4706916666668,116.4706916666668
3231,105.91400000000014,105.91400000000014
3232,81.41705833333354,81.41705833333354
3233,166.7465499999995,166.7465499999995
3234,567.5663499999985,567.5663499999985
3235,920.610716666666,920.610716666666
3236,1793.365600000009,1793.365600000009
3237,2447.392200000014,2447.392200000014
3238,2264.6837250000117,2264.6837250000117
3239,1515.566741666672,1515.566741666672
3240,899.462275,899.462275
3241,163.4238333333329,163.4238333333329
3242,64.15202500000005,64.15202500000005
3243,47.470275000000036,47.470275000000036
3244,48.928900000000034,48.928900000000034
3245,55.11090000000015,55.11090000000015
3246,85.49360000000016,85.49360000000016
3247,115.3629083333334,115.3629083333334
3248,193.02756666666636,193.02756666666636
3249,165.6383499999998,165.6383499999998
3250,98.37489166666685,98.37489166666685
3251,77.8589333333335,77.8589333333335
3252,71.85093333333334,71.85093333333334
3253,94.9481333333334,94.9481333333334
3254,89.23153333333345,89.23153333333345
3255,99.49765833333345,99.49765833333345
3256,146.6847499999999,146.6847499999999
3257,170.98824166666654,170.98824166666654
3258,512.9707916666655,512.9707916666655
3259,883.5261499999986,883.5261499999986
3260,1488.6927750000095,1488.6927750000095
3261,2347.567733333349,2347.567733333349
3262,2562.79236666668,2562.79236666668
3263,1776.490891666672,1776.490891666672
3264,952.168199999999,952.168199999999
3265,130.53098333333315,130.53098333333315
3266,65.7259583333334,65.7259583333334
3267,90.51580833333345,90.51580833333345
3268,85.0901916666669,85.0901916666669
3269,101.6555833333334,101.6555833333334
3270,104.1735500000001,104.1735500000001
3271,138.63312499999984,138.63312499999984
3272,182.42935833333286,182.42935833333286
3273,159.73254999999986,159.73254999999986
3274,110.64129166666685,110.64129166666685
3275,73.7171250000001,73.7171250000001
3276,78.44144166666675,78.44144166666675
3277,75.87490000000005,75.87490000000005
3278,57.9678666666667,57.9678666666667
3279,48.926666666666684,48.926666666666684
3280,52.77705833333335,52.77705833333335
3281,166.35644999999994,166.35644999999994
3282,684.493733333332,684.493733333332
3283,1341.2517250000044,1341.2517250000044
3284,1664.460983333343,1664.460983333343
3285,1975.848700000012,1975.848700000012
3286,2273.71294166668,2273.71294166668
3287,1924.0043916666746,1924.0043916666746
3288,891.7998833333324,891.7998833333324
3289,165.964608333333,165.964608333333
3290,69.9257833333334,69.9257833333334
3291,100.138975,100.138975
3292,106.84683333333335,106.84683333333335
3293,74.12534166666676,74.12534166666676
3294,91.96670000000015,91.96670000000015
3295,124.3578750000002,124.3578750000002
3296,156.28055,156.28055
3297,142.9002,142.9002
3298,81.35268333333335,81.35268333333335
3299,80.3662333333334,80.3662333333334
3300,84.09986666666676,84.09986666666676
3301,73.71777500000005,73.71777500000005
3302,82.81682500000015,82.81682500000015
3303,89.52454166666675,89.52454166666675
3304,97.69030000000015,97.69030000000015
3305,163.85349166666654,163.85349166666654
3306,606.9798333333315,606.9798333333315
3307,1006.023866666666,1006.023866666666
3308,1717.074241666677,1717.074241666677
3309,2324.0254333333455,2324.0254333333455
3310,2161.1314750000115,2161.1314750000115
3311,1797.9527333333406,1797.9527333333406
3312,867.4653666666655,867.4653666666655
3313,195.93175833333274,195.93175833333274
3314,59.6602416666668,59.6602416666668
3315,108.8302333333335,108.8302333333335
3316,123.17781666666674,123.17781666666674
3317,93.60660000000006,93.60660000000006
3318,86.47615833333354,86.47615833333354
3319,126.57817500000004,126.57817500000004
3320,187.10329999999985,187.10329999999985
3321,148.08366666666674,148.08366666666674
3322,110.44854166666676,110.44854166666676
3323,97.397225,97.397225
3324,70.15885000000004,70.15885000000004
3325,50.44480833333335,50.44480833333335
3326,70.85935000000005,70.85935000000005
3327,59.8355416666667,59.8355416666667
3328,60.88533333333335,60.88533333333335
3329,189.00677499999975,189.00677499999975
3330,684.3636499999985,684.3636499999985
3331,1073.901041666666,1073.901041666666
3332,1771.2642666666734,1771.2642666666734
3333,2318.786075000015,2318.786075000015
3334,2259.5321833333437,2259.5321833333437
3335,1561.3359250000055,1561.3359250000055
3336,1021.918033333334,1021.918033333334
3337,112.47595,112.47595
3338,50.2701416666668,50.2701416666668
3339,46.65332500000002,46.65332500000002
3340,58.377525,58.377525
3341,58.26085000000005,58.26085000000005
3342,63.82822500000005,63.82822500000005
3343,72.67682500000015,72.67682500000015
3344,133.6850916666667,133.6850916666667
3345,126.5997750000001,126.5997750000001
3346,108.45639166666685,108.45639166666685
3347,122.9449583333335,122.9449583333335
3348,78.14984166666675,78.14984166666675
3349,85.7907750000001,85.7907750000001
3350,110.1716666666668,110.1716666666668
3351,129.88668333333345,129.88668333333345
3352,125.97871666666676,125.97871666666676
3353,200.06132499999975,200.06132499999975
3354,459.1786666666654,459.1786666666654
3355,956.926474999999,956.926474999999
3356,1974.834300000009,1974.834300000009
3357,2167.531483333346,2167.531483333346
3358,2462.056800000013,2462.056800000013
3359,1892.9404833333415,1892.9404833333415
3360,730.790924999999,730.790924999999
3361,176.50783333333285,176.50783333333285
3362,81.53245833333345,81.53245833333345
3363,82.52403333333345,82.52403333333345
3364,80.8909916666667,80.8909916666667
3365,101.07305833333345,101.07305833333345
3366,87.72676666666675,87.72676666666675
3367,98.7913000000002,98.7913000000002
3368,161.6898416666664,161.6898416666664
3369,139.10449166666686,139.10449166666686
3370,87.42359166666685,87.42359166666685
3371,93.14035000000005,93.14035000000005
3372,81.70815833333344,81.70815833333344
3373,97.3986333333334,97.3986333333334
3374,120.1467000000002,120.1467000000002
3375,112.2127666666668,112.2127666666668
3376,73.24970833333344,73.24970833333344
3377,119.20326666666655,119.20326666666655
3378,366.77269166666554,366.77269166666554
3379,928.6934999999995,928.6934999999995
3380,1706.2803500000084,1706.2803500000084
3381,2170.6265333333454,2170.6265333333454
3382,2343.4580833333475,2343.4580833333475
3383,1984.3402666666766,1984.3402666666766
3384,1022.309166666668,1022.309166666668
3385,125.04259166666655,125.04259166666655
3386,40.9953166666667,40.9953166666667
3387,76.86670833333345,76.86670833333345
3388,83.3983166666668,83.3983166666668
3389,86.49037500000026,86.49037500000026
3390,100.29910000000015,100.29910000000015
3391,123.82006666666675,123.82006666666675
3392,181.27124166666624,181.27124166666624
3393,154.34664999999984,154.34664999999984
3394,97.4005500000001,97.4005500000001
3395,113.67204166666686,113.67204166666686
3396,93.8982166666667,93.8982166666667
3397,84.15718333333345,84.15718333333345
3398,84.9742666666668,84.9742666666668
3399,93.8405416666667,93.8405416666667
3400,85.2086833333334,85.2086833333334
3401,242.1067083333332,242.1067083333332
3402,586.8291333333315,586.8291333333315
3403,1083.004541666666,1083.004541666666
3404,1826.748300000011,1826.748300000011
3405,2274.6748833333463,2274.6748833333463
3406,2224.6503250000105,2224.6503250000105
3407,1539.153175000006,1539.153175000006
3408,1006.975725000001,1006.975725000001
3409,105.31754999999995,105.31754999999995
3410,44.61118333333339,44.61118333333339
3411,70.10001666666675,70.10001666666675
3412,72.84140833333345,72.84140833333345
3413,85.61560000000004,85.61560000000004
3414,102.70855000000014,102.70855000000014
3415,116.1151583333335,116.1151583333335
3416,166.6063666666662,166.6063666666662
3417,119.83580000000015,119.83580000000015
3418,87.22684166666674,87.22684166666674
3419,75.11797500000014,75.11797500000014
3420,103.6395333333334,103.6395333333334
3421,110.5801833333335,110.5801833333335
3422,86.6065083333334,86.6065083333334
3423,77.74106666666675,77.74106666666675
3424,70.33316666666676,70.33316666666676
3425,128.009025,128.009025
3426,403.7126333333323,403.7126333333323
3427,954.0922749999995,954.0922749999995
3428,1892.2198833333434,1892.2198833333434
3429,2381.6243833333456,2381.6243833333456
3430,2301.887825000012,2301.887825000012
3431,1748.057283333339,1748.057283333339
3432,903.788133333333,903.788133333333
3433,111.76794166666654,111.76794166666654
3434,40.00358333333334,40.00358333333334
3435,59.2515083333334,59.2515083333334
3436,82.3499250000002,82.3499250000002
3437,95.24065000000014,95.24065000000014
3438,69.2850583333334,69.2850583333334
3439,117.60979166666675,117.60979166666675
3440,191.16080833333305,191.16080833333305
3441,151.9707583333334,151.9707583333334
3442,98.7569416666669,98.7569416666669
3443,111.2223333333335,111.2223333333335
3444,101.6546250000002,101.6546250000002
3445,86.6645250000001,86.6645250000001
3446,81.9402166666668,81.9402166666668
3447,75.34971666666675,75.34971666666675
3448,79.0251916666667,79.0251916666667
3449,99.02317499999995,99.02317499999995
3450,436.6169666666657,436.6169666666657
3451,1234.443408333337,1234.443408333337
3452,1723.0147416666764,1723.0147416666764
3453,2225.452608333346,2225.452608333346
3454,2240.9404333333446,2240.9404333333446
3455,1799.842550000007,1799.842550000007
3456,1016.1638416666665,1016.1638416666665
3457,101.19434999999964,101.19434999999964
3458,72.8424166666668,72.8424166666668
3459,116.7629333333336,116.7629333333336
3460,105.56300000000014,105.56300000000014
3461,112.09662499999995,112.09662499999995
3462,88.7588583333335,88.7588583333335
3463,105.6103166666668,105.6103166666668
3464,181.09534166666634,181.09534166666634
3465,128.36644999999996,128.36644999999996
3466,67.8091083333334,67.8091083333334
3467,69.3427333333334,69.3427333333334
3468,91.56572500000004,91.56572500000004
3469,102.4146,102.4146
3470,100.78131666666665,100.78131666666665
3471,81.2999500000001,81.2999500000001
3472,83.9828666666668,83.9828666666668
3473,163.09839166666654,163.09839166666654
3474,548.1776249999986,548.1776249999986
3475,944.6528749999995,944.6528749999995
3476,1602.804950000008,1602.804950000008
3477,2271.9770083333483,2271.9770083333483
3478,2223.874691666679,2223.874691666679
3479,1866.6055833333405,1866.6055833333405
3480,819.2449416666655,819.2449416666655
3481,136.37523333333286,136.37523333333286
3482,51.4363916666667,51.4363916666667
3483,88.64939166666674,88.64939166666674
3484,89.1159500000001,89.1159500000001
3485,73.3676666666668,73.3676666666668
3486,70.17910833333345,70.17910833333345
3487,119.14788333333345,119.14788333333345
3488,186.15416666666624,186.15416666666624
3489,164.41895833333314,164.41895833333314
3490,102.89125833333355,102.89125833333355
3491,70.3919666666667,70.3919666666667
3492,74.4165916666668,74.4165916666668
3493,74.76672500000005,74.76672500000005
3494,82.93370000000004,82.93370000000004
3495,88.88241666666686,88.88241666666686
3496,73.07512500000016,73.07512500000016
3497,174.628633333333,174.628633333333
3498,579.1807416666655,579.1807416666655
3499,1046.1700916666664,1046.1700916666664
3500,1556.6334500000064,1556.6334500000064
3501,2281.734491666678,2281.734491666678
3502,2473.2280750000127,2473.2280750000127
3503,1691.6447166666735,1691.6447166666735
3504,984.339983333333,984.339983333333
3505,175.6497333333328,175.6497333333328
3506,85.1487333333334,85.1487333333334
3507,88.00702500000016,88.00702500000016
3508,101.53918333333336,101.53918333333336
3509,69.8671666666667,69.8671666666667
3510,81.1845333333335,81.1845333333335
3511,109.3937416666668,109.3937416666668
3512,160.4223499999997,160.4223499999997
3513,161.68074999999976,161.68074999999976
3514,79.06810000000004,79.06810000000004
3515,54.06035000000005,54.06035000000005
3516,53.2438166666667,53.2438166666667
3517,77.6249666666668,77.6249666666668
3518,77.742575,77.742575
3519,84.21532500000015,84.21532500000015
3520,62.92570000000005,62.92570000000005
3521,135.3693999999999,135.3693999999999
3522,495.85834166666547,495.85834166666547
3523,958.790808333332,958.790808333332
3524,2031.225641666677,2031.225641666677
3525,2265.646225000012,2265.646225000012
3526,2274.462016666679,2274.462016666679
3527,1592.8810666666725,1592.8810666666725
3528,990.5456583333334,990.5456583333334
3529,110.6840166666664,110.6840166666664
3530,70.6260000000001,70.6260000000001
3531,85.7322666666669,85.7322666666669
3532,87.18945833333345,87.18945833333345
3533,95.35541666666676,95.35541666666676
3534,97.3912916666668,97.3912916666668
3535,128.4196250000001,128.4196250000001
3536,161.13159166666654,161.13159166666654
3537,143.79226666666665,143.79226666666665
3538,85.27113333333355,85.27113333333355
3539,68.70074166666674,68.70074166666674
3540,79.72451666666674,79.72451666666674
3541,84.8573916666668,84.8573916666668
3542,105.85460833333345,105.85460833333345
3543,124.69457500000016,124.69457500000016
3544,101.48185000000015,101.48185000000015
3545,179.5920499999996,179.5920499999996
3546,530.527258333332,530.527258333332
3547,1028.6320999999984,1028.6320999999984
3548,1719.556441666675,1719.556441666675
3549,2405.683941666682,2405.683941666682
3550,2222.508150000012,2222.508150000012
3551,1826.6057000000085,1826.6057000000085
3552,875.6757416666665,875.6757416666665
3553,143.51635833333296,143.51635833333296
3554,74.6512083333334,74.6512083333334
3555,91.85815000000005,91.85815000000005
3556,88.06690833333344,88.06690833333344
3557,52.95304166666675,52.95304166666675
3558,92.2110166666668,92.2110166666668
3559,147.54674999999986,147.54674999999986
3560,196.24409999999946,196.24409999999946
3561,194.5022583333329,194.5022583333329
3562,134.54772500000016,134.54772500000016
3563,112.4465000000002,112.4465000000002
3564,88.93997500000015,88.93997500000015
3565,56.5096000000001,56.5096000000001
3566,49.219341666666665,49.219341666666665
3567,89.4068000000001,89.4068000000001
3568,108.36270000000015,108.36270000000015
3569,236.94532499999934,236.94532499999934
3570,631.7579499999985,631.7579499999985
3571,1007.474199999999,1007.474199999999
3572,1525.946491666674,1525.946491666674
3573,2078.54506666668,2078.54506666668
3574,2423.071425000012,2423.071425000012
3575,1922.1438083333414,1922.1438083333414
3576,703.512949999999,703.512949999999
3577,130.54239999999996,130.54239999999996
3578,63.16028333333335,63.16028333333335
3579,74.2419083333334,74.2419083333334
3580,62.4596666666667,62.4596666666667
3581,67.1257500000001,67.1257500000001
3582,86.0848000000001,86.0848000000001
3583,114.5978916666668,114.5978916666668
3584,183.42081666666624,183.42081666666624
3585,159.01346666666646,159.01346666666646
3586,141.3634166666666,141.3634166666666
3587,107.13893333333336,107.13893333333336
3588,65.5517666666667,65.5517666666667
3589,78.84980833333346,78.84980833333346
3590,77.33289166666675,77.33289166666675
3591,89.4070666666668,89.4070666666668
3592,104.39776666666666,104.39776666666666
3593,148.40036666666646,148.40036666666646
3594,409.2806916666655,409.2806916666655
3595,901.384708333332,901.384708333332
3596,1575.5256083333416,1575.5256083333416
3597,2367.31466666668,2367.31466666668
3598,2257.6779583333455,2257.6779583333455
3599,1890.0594583333425,1890.0594583333425
3600,1057.1352333333334,1057.1352333333334
3601,116.0254249999996,116.0254249999996
3602,43.037075000000094,43.037075000000094
3603,53.82731666666675,53.82731666666675
3604,63.45048333333335,63.45048333333335
3605,89.11450000000005,89.11450000000005
3606,101.95676666666685,101.95676666666685
3607,130.75148333333345,130.75148333333345
3608,184.3196166666664,184.3196166666664
3609,135.89965000000004,135.89965000000004
3610,90.91630000000015,90.91630000000015
3611,53.53511666666675,53.53511666666675
3612,68.0586833333334,68.0586833333334
3613,96.63905000000015,96.63905000000015
3614,86.3143166666668,86.3143166666668
3615,101.94695000000014,101.94695000000014
3616,100.8975666666666,100.8975666666666
3617,135.2702,135.2702
3618,522.1602333333325,522.1602333333325
3619,998.673991666666,998.673991666666
3620,1751.0054333333426,1751.0054333333426
3621,2188.9550833333465,2188.9550833333465
3622,2485.6205416666767,2485.6205416666767
3623,1675.774050000006,1675.774050000006
3624,951.8877499999995,951.8877499999995
3625,118.00985000000006,118.00985000000006
3626,48.22834999999996,48.22834999999996
3627,49.453441666666706,49.453441666666706
3628,56.1610083333334,56.1610083333334
3629,56.91815000000005,56.91815000000005
3630,76.8096666666668,76.8096666666668
3631,140.8518250000001,140.8518250000001
3632,164.6471249999999,164.6471249999999
3633,153.1887666666665,153.1887666666665
3634,106.79809166666675,106.79809166666675
3635,94.3065000000001,94.3065000000001
3636,90.51448333333344,90.51448333333344
3637,74.64962500000004,74.64962500000004
3638,98.0402416666668,98.0402416666668
3639,90.57415833333344,90.57415833333344
3640,85.8495583333335,85.8495583333335
3641,265.1636583333329,265.1636583333329
3642,490.421791666665,490.421791666665
3643,1007.1194333333325,1007.1194333333325
3644,1808.161841666676,1808.161841666676
3645,2345.925458333346,2345.925458333346
3646,2363.5976000000123,2363.5976000000123
3647,1730.67270833334,1730.67270833334
3648,867.6554833333325,867.6554833333325
3649,117.9428333333332,117.9428333333332
3650,67.5926166666668,67.5926166666668
3651,107.4887416666669,107.4887416666669
3652,90.4577666666668,90.4577666666668
3653,48.5202833333334,48.5202833333334
3654,44.77173333333337,44.77173333333337
3655,106.2306000000001,106.2306000000001
3656,206.4031416666663,206.4031416666663
3657,184.18906666666604,184.18906666666604
3658,97.70795833333335,97.70795833333335
3659,70.5078000000001,70.5078000000001
3660,78.14949166666675,78.14949166666675
3661,98.0968083333335,98.0968083333335
3662,103.23018333333346,103.23018333333346
3663,109.23878333333344,109.23878333333344
3664,114.1882250000002,114.1882250000002
3665,260.3917166666663,260.3917166666663
3666,543.0239166666655,543.0239166666655
3667,1132.7017083333344,1132.7017083333344
3668,1697.927600000009,1697.927600000009
3669,2294.6827333333486,2294.6827333333486
3670,2172.2414583333457,2172.2414583333457
3671,1759.182700000007,1759.182700000007
3672,809.482408333332,809.482408333332
3673,129.05101666666656,129.05101666666656
3674,58.66920833333335,58.66920833333335
3675,72.43399166666676,72.43399166666676
3676,73.6002166666669,73.6002166666669
3677,77.85819166666685,77.85819166666685
3678,92.0661166666668,92.0661166666668
3679,134.835575,134.835575
3680,193.5208333333331,193.5208333333331
3681,169.65609166666655,169.65609166666655
3682,96.4174500000001,96.4174500000001
3683,85.85014166666684,85.85014166666684
3684,100.7832416666669,100.7832416666669
3685,86.84267500000006,86.84267500000006
3686,91.6830166666668,91.6830166666668
3687,89.64089166666675,89.64089166666675
3688,105.21502500000005,105.21502500000005
3689,228.07289999999946,228.07289999999946
3690,653.1098333333315,653.1098333333315
3691,1276.706841666669,1276.706841666669
3692,1827.434783333344,1827.434783333344
3693,2153.47834166668,2153.47834166668
3694,2252.6054833333437,2252.6054833333437
3695,1641.4004166666725,1641.4004166666725
3696,820.8496166666655,820.8496166666655
3697,159.3985749999998,159.3985749999998
3698,60.0680833333334,60.0680833333334
3699,65.08343333333345,65.08343333333345
3700,77.3901666666667,77.3901666666667
3701,99.55422500000005,99.55422500000005
3702,106.50616666666674,106.50616666666674
3703,108.18570833333345,108.18570833333345
3704,176.5035916666663,176.5035916666663
3705,169.98159999999964,169.98159999999964
3706,85.6782416666668,85.6782416666668
3707,65.7267083333334,65.7267083333334
3708,66.60174166666675,66.60174166666675
3709,73.30890000000005,73.30890000000005
3710,77.4506083333334,77.4506083333334
3711,71.6179833333334,71.6179833333334
3712,60.65258333333335,60.65258333333335
3713,227.26162499999975,227.26162499999975
3714,460.4159249999987,460.4159249999987
3715,973.817500000001,973.817500000001
3716,1892.555900000014,1892.555900000014
3717,2476.1887750000137,2476.1887750000137
3718,2128.0645000000113,2128.0645000000113
3719,1676.0069833333375,1676.0069833333375
3720,873.0027666666655,873.0027666666655
3721,108.2940249999999,108.2940249999999
3722,65.2591083333334,65.2591083333334
3723,80.71630000000005,80.71630000000005
3724,121.54634166666685,121.54634166666685
3725,84.15680000000005,84.15680000000005
3726,59.1029166666667,59.1029166666667
3727,98.7486000000002,98.7486000000002
3728,158.04771666666645,158.04771666666645
3729,175.2370499999997,175.2370499999997
3730,96.5926833333335,96.5926833333335
3731,88.70775833333335,88.70775833333335
3732,110.46491666666675,110.46491666666675
3733,114.9557833333335,114.9557833333335
3734,95.9403083333334,95.9403083333334
3735,82.5251083333334,82.5251083333334
3736,70.97610000000014,70.97610000000014
3737,253.42186666666626,253.42186666666626
3738,630.228333333332,630.228333333332
3739,1157.0459750000005,1157.0459750000005
3740,1735.326600000014,1735.326600000014
3741,2293.1654916666826,2293.1654916666826
3742,2425.876325000012,2425.876325000012
3743,1614.0974583333384,1614.0974583333384
3744,768.9363416666655,768.9363416666655
3745,125.2423749999997,125.2423749999997
3746,68.58418333333336,68.58418333333336
3747,77.09979166666675,77.09979166666675
3748,61.40922500000015,61.40922500000015
3749,76.7499083333334,76.7499083333334
3750,109.88382500000014,109.88382500000014
3751,159.29502500000004,159.29502500000004
3752,194.9872749999999,194.9872749999999
3753,152.19924166666664,152.19924166666664
3754,85.29980833333344,85.29980833333344
3755,63.27698333333345,63.27698333333345
3756,67.35870000000006,67.35870000000006
3757,74.6503583333334,74.6503583333334
3758,87.3656833333334,87.3656833333334
3759,73.4839500000001,73.4839500000001
3760,67.5934000000001,67.5934000000001
3761,122.5614416666667,122.5614416666667
3762,457.24077499999873,457.24077499999873
3763,836.2283583333315,836.2283583333315
3764,1765.9366416666755,1765.9366416666755
3765,2560.1268250000144,2560.1268250000144
3766,2255.1714750000115,2255.1714750000115
3767,1887.526858333341,1887.526858333341
3768,859.3292833333325,859.3292833333325
3769,138.62564166666635,138.62564166666635
3770,69.8674000000001,69.8674000000001
3771,81.59044166666675,81.59044166666675
3772,80.8317416666667,80.8317416666667
3773,84.39149166666675,84.39149166666675
3774,85.55163333333346,85.55163333333346
3775,90.4094833333335,90.4094833333335
3776,149.5492666666666,149.5492666666666
3777,162.32395833333305,162.32395833333305
3778,126.8566416666666,126.8566416666666
3779,112.3882833333335,112.3882833333335
3780,78.5584916666668,78.5584916666668
3781,49.91943333333336,49.91943333333336
3782,52.95361666666675,52.95361666666675
3783,74.7096250000001,74.7096250000001
3784,66.2519416666667,66.2519416666667
3785,121.30161666666665,121.30161666666665
3786,463.9732916666653,463.9732916666653
3787,1234.0805583333365,1234.0805583333365
3788,1768.9738416666785,1768.9738416666785
3789,2341.85879166668,2341.85879166668
3790,2685.7980750000124,2685.7980750000124
3791,1830.346416666674,1830.346416666674
3792,693.7132749999985,693.7132749999985
3793,74.3530249999999,74.3530249999999
3794,40.87912500000003,40.87912500000003
3795,61.176525,61.176525
3796,87.7159583333334,87.7159583333334
3797,72.84274166666675,72.84274166666675
3798,76.42671666666675,76.42671666666675
3799,108.64668333333346,108.64668333333346
3800,186.1463333333327,186.1463333333327
3801,168.2361749999996,168.2361749999996
3802,102.7487333333333,102.7487333333333
3803,91.3318916666668,91.3318916666668
3804,104.39747500000006,104.39747500000006
3805,89.2315583333334,89.2315583333334
3806,68.70096666666674,68.70096666666674
3807,73.60147500000015,73.60147500000015
3808,92.8488000000001,92.8488000000001
3809,187.77045833333304,187.77045833333304
3810,452.39094999999867,452.39094999999867
3811,1312.299158333336,1312.299158333336
3812,1833.7092583333456,1833.7092583333456
3813,2222.552400000011,2222.552400000011
3814,2351.837058333345,2351.837058333345
3815,1861.2963916666745,1861.2963916666745
3816,798.430416666666,798.430416666666
3817,145.98286666666624,145.98286666666624
3818,49.27840833333333,49.27840833333333
3819,78.7331000000001,78.7331000000001
3820,86.0239166666668,86.0239166666668
3821,99.61410000000005,99.61410000000005
3822,128.93020000000004,128.93020000000004
3823,150.66195000000005,150.66195000000005
3824,164.8893916666666,164.8893916666666
3825,168.2826416666666,168.2826416666666
3826,80.81144166666685,80.81144166666685
3827,70.62538333333345,70.62538333333345
3828,90.8074166666668,90.8074166666668
3829,87.71623333333335,87.71623333333335
3830,102.8222416666669,102.8222416666669
3831,115.88785833333355,115.88785833333355
3832,89.64066666666675,89.64066666666675
3833,210.96319999999994,210.96319999999994
3834,513.570599999999,513.570599999999
3835,1024.6002,1024.6002
3836,1727.646358333341,1727.646358333341
3837,2373.5021000000147,2373.5021000000147
3838,2526.8979083333456,2526.8979083333456
3839,1737.4871083333414,1737.4871083333414
3840,777.6430083333325,777.6430083333325
3841,119.9506499999998,119.9506499999998
3842,56.0439583333334,56.0439583333334
3843,87.48227500000004,87.48227500000004
3844,109.99680000000025,109.99680000000025
3845,93.66351666666695,93.66351666666695
3846,86.87505833333346,86.87505833333346
3847,114.5281083333335,114.5281083333335
3848,160.6889833333335,160.6889833333335
3849,155.58004999999974,155.58004999999974
3850,116.77275000000014,116.77275000000014
3851,100.19743333333335,100.19743333333335
3852,73.7170666666667,73.7170666666667
3853,53.1855416666667,53.1855416666667
3854,70.04212500000006,70.04212500000006
3855,62.63451666666675,62.63451666666675
3856,64.67679166666674,64.67679166666674
3857,126.17899166666675,126.17899166666675
3858,624.785566666665,624.785566666665
3859,1352.2069250000025,1352.2069250000025
3860,1842.8079000000105,1842.8079000000105
3861,2260.584033333347,2260.584033333347
3862,2025.1076083333435,2025.1076083333435
3863,1682.595475000008,1682.595475000008
3864,971.4835416666665,971.4835416666665
3865,136.232333333333,136.232333333333
3866,78.09230000000005,78.09230000000005
3867,100.60700833333345,100.60700833333345
3868,75.9931083333334,75.9931083333334
3869,75.58344166666674,75.58344166666674
3870,75.8102083333334,75.8102083333334
3871,82.7296583333335,82.7296583333335
3872,149.3992416666667,149.3992416666667
3873,142.78159166666674,142.78159166666674
3874,107.07458333333345,107.07458333333345
3875,103.28926666666665,103.28926666666665
3876,104.45575,104.45575
3877,103.4641250000001,103.4641250000001
3878,123.4120833333336,123.4120833333336
3879,99.7313416666668,99.7313416666668
3880,66.1936500000001,66.1936500000001
3881,203.58902499999974,203.58902499999974
3882,567.2070499999985,567.2070499999985
3883,1077.6236250000004,1077.6236250000004
3884,1828.669283333343,1828.669283333343
3885,2470.503216666681,2470.503216666681
3886,1988.284833333346,1988.284833333346
3887,1757.104100000007,1757.104100000007
3888,1052.0364000000004,1052.0364000000004
3889,127.2491083333331,127.2491083333331
3890,67.0095583333334,67.0095583333334
3891,75.52490000000004,75.52490000000004
3892,88.7074583333335,88.7074583333335
3893,70.74261666666675,70.74261666666675
3894,62.9952916666668,62.9952916666668
3895,107.0729416666669,107.0729416666669
3896,171.77166666666636,171.77166666666636
3897,153.2238166666665,153.2238166666665
3898,102.1837333333335,102.1837333333335
3899,88.18160833333344,88.18160833333344
3900,105.9726083333335,105.9726083333335
3901,94.48250000000014,94.48250000000014
3902,95.24142500000015,95.24142500000015
3903,108.4810166666668,108.4810166666668
3904,125.2792500000002,125.2792500000002
3905,199.72884999999965,199.72884999999965
3906,565.440816666665,565.440816666665
3907,1177.4804500000016,1177.4804500000016
3908,1859.156125000012,1859.156125000012
3909,2219.072075000013,2219.072075000013
3910,2342.2226416666776,2342.2226416666776
3911,1724.0660666666736,1724.0660666666736
3912,804.261508333332,804.261508333332
3913,135.4819416666663,135.4819416666663
3914,66.1340916666667,66.1340916666667
3915,94.30603333333335,94.30603333333335
3916,81.41572500000015,81.41572500000015
3917,82.34992500000016,82.34992500000016
3918,71.71120833333345,71.71120833333345
3919,90.69055000000024,90.69055000000024
3920,166.8716083333331,166.8716083333331
3921,150.72229999999996,150.72229999999996
3922,105.54844166666685,105.54844166666685
3923,87.54140000000015,87.54140000000015
3924,78.90845000000004,78.90845000000004
3925,103.8153833333335,103.8153833333335
3926,85.55743333333345,85.55743333333345
3927,69.98336666666675,69.98336666666675
3928,70.62567500000004,70.62567500000004
3929,192.2761499999998,192.2761499999998
3930,442.13177499999887,442.13177499999887
3931,1017.390591666666,1017.390591666666
3932,1759.9189750000105,1759.9189750000105
3933,2496.7102000000164,2496.7102000000164
3934,2399.734583333345,2399.734583333345
3935,1647.413683333339,1647.413683333339
3936,793.5117166666655,793.5117166666655
3937,135.15856666666645,135.15856666666645
3938,55.40247500000005,55.40247500000005
3939,45.01975000000001,45.01975000000001
3940,77.21630833333344,77.21630833333344
3941,82.1165916666668,82.1165916666668
3942,111.66497500000015,111.66497500000015
3943,114.1800916666668,114.1800916666668
3944,152.58170833333324,152.58170833333324
3945,159.253675,159.253675
3946,109.39826666666686,109.39826666666686
3947,82.6403583333334,82.6403583333334
3948,81.2407416666668,81.2407416666668
3949,89.6983250000001,89.6983250000001
3950,86.60694166666676,86.60694166666676
3951,87.71532500000005,87.71532500000005
3952,79.95814166666675,79.95814166666675
3953,153.34789166666656,153.34789166666656
3954,418.50807499999866,418.50807499999866
3955,1187.6734166666686,1187.6734166666686
3956,1644.561408333342,1644.561408333342
3957,2256.4770916666803,2256.4770916666803
3958,2337.5465666666796,2337.5465666666796
3959,1727.175733333341,1727.175733333341
3960,820.278366666667,820.278366666667
3961,132.525208333333,132.525208333333
3962,48.4618916666667,48.4618916666667
3963,86.84187500000014,86.84187500000014
3964,79.4338500000001,79.4338500000001
3965,80.3677500000002,80.3677500000002
3966,57.9715083333334,57.9715083333334
3967,83.6424750000002,83.6424750000002
3968,143.3503833333334,143.3503833333334
3969,139.1354166666667,139.1354166666667
3970,85.0380083333334,85.0380083333334
3971,106.78883333333356,106.78883333333356
3972,104.68784166666686,104.68784166666686
3973,101.12981666666685,101.12981666666685
3974,113.90455833333355,113.90455833333355
3975,111.6299583333335,111.6299583333335
3976,79.8425416666668,79.8425416666668
3977,184.6960833333331,184.6960833333331
3978,529.6660416666655,529.6660416666655
3979,1032.781274999999,1032.781274999999
3980,1708.205075000008,1708.205075000008
3981,2469.739491666682,2469.739491666682
3982,2279.580366666679,2279.580366666679
3983,1664.7990500000085,1664.7990500000085
3984,908.251491666667,908.251491666667
3985,161.48229999999975,161.48229999999975
3986,67.5336250000001,67.5336250000001
3987,82.29135833333345,82.29135833333345
3988,75.4086916666668,75.4086916666668
3989,85.0330583333335,85.0330583333335
3990,93.7432416666668,93.7432416666668
3991,121.82261666666685,121.82261666666685
3992,195.49450833333304,195.49450833333304
3993,149.2390583333334,149.2390583333334
3994,92.30855833333345,92.30855833333345
3995,65.9018500000001,65.9018500000001
3996,85.26643333333345,85.26643333333345
3997,83.1658333333335,83.1658333333335
3998,88.41491666666666,88.41491666666666
3999,97.2810500000001,97.2810500000001
4000,97.63150833333346,97.63150833333346
4001,147.1103249999998,147.1103249999998
4002,460.1241916666652,460.1241916666652
4003,1040.17105,1040.17105
4004,1626.239816666678,1626.239816666678
4005,2031.380483333348,2031.380483333348
4006,2810.082583333345,2810.082583333345
4007,1897.2900666666726,1897.2900666666726
4008,965.670383333333,965.670383333333
4009,151.1824499999997,151.1824499999997
4010,81.4168333333335,81.4168333333335
4011,60.47730000000015,60.47730000000015
4012,68.0602833333335,68.0602833333335
4013,74.82570000000005,74.82570000000005
4014,76.62013333333346,76.62013333333346
4015,124.03105000000015,124.03105000000015
4016,197.1957583333332,197.1957583333332
4017,180.1582833333331,180.1582833333331
4018,124.27785,124.27785
4019,89.7573750000002,89.7573750000002
4020,79.6666750000002,79.6666750000002
4021,74.3589500000001,74.3589500000001
4022,89.29005,89.29005
4023,89.23133333333335,89.23133333333335
4024,90.86574166666675,90.86574166666675
4025,180.93801666666656,180.93801666666656
4026,389.1677583333322,389.1677583333322
4027,852.578516666665,852.578516666665
4028,1838.7113333333416,1838.7113333333416
4029,2710.3421333333476,2710.3421333333476
4030,2318.9592500000135,2318.9592500000135
4031,1579.5925333333405,1579.5925333333405
4032,830.2899499999985,830.2899499999985
4033,102.60255833333305,102.60255833333305
4034,56.51020000000005,56.51020000000005
4035,70.1003416666667,70.1003416666667
4036,75.5835166666668,75.5835166666668
4037,72.1416250000001,72.1416250000001
4038,61.5106500000001,61.5106500000001
4039,117.37873333333334,117.37873333333334
4040,163.10544999999976,163.10544999999976
4041,147.8902166666665,147.8902166666665
4042,115.1910416666668,115.1910416666668
4043,97.63060833333346,97.63060833333346
4044,93.8983416666668,93.8983416666668
4045,81.24098333333345,81.24098333333345
4046,68.4668833333334,68.4668833333334
4047,79.84083333333345,79.84083333333345
4048,87.19006666666675,87.19006666666675
4049,211.67951666666656,211.67951666666656
4050,526.8703166666655,526.8703166666655
4051,1206.8962666666685,1206.8962666666685
4052,1915.7911416666766,1915.7911416666766
4053,2224.9008083333474,2224.9008083333474
4054,2320.5217916666793,2320.5217916666793
4055,1602.832408333339,1602.832408333339
4056,835.894908333332,835.894908333332
4057,144.2171916666665,144.2171916666665
4058,41.28729166666672,41.28729166666672
4059,69.9271333333334,69.9271333333334
4060,73.8935416666668,73.8935416666668
4061,78.03438333333345,78.03438333333345
4062,117.86458333333356,117.86458333333356
4063,129.8534083333335,129.8534083333335
4064,191.7869416666662,191.7869416666662
4065,155.74789999999976,155.74789999999976
4066,107.34936666666675,107.34936666666675
4067,101.1896916666668,101.1896916666668
4068,82.6420250000001,82.6420250000001
4069,73.07555833333345,73.07555833333345
4070,83.86564166666675,83.86564166666675
4071,87.5991416666668,87.5991416666668
4072,87.1336333333335,87.1336333333335
4073,204.7620416666664,204.7620416666664
4074,612.1681333333315,612.1681333333315
4075,1190.9598166666685,1190.9598166666685
4076,1663.008375000005,1663.008375000005
4077,2101.8077916666816,2101.8077916666816
4078,2344.2726750000115,2344.2726750000115
4079,1894.4902583333405,1894.4902583333405
4080,880.8591583333325,880.8591583333325
4081,135.5890749999998,135.5890749999998
4082,103.8139000000001,103.8139000000001
4083,92.3820416666669,92.3820416666669
4084,88.3579000000002,88.3579000000002
4085,86.02515000000005,86.02515000000005
4086,85.7351000000001,85.7351000000001
4087,107.33775000000016,107.33775000000016
4088,143.99149166666666,143.99149166666666
4089,172.86164999999974,172.86164999999974
4090,105.11565833333346,105.11565833333346
4091,92.61522500000005,92.61522500000005
4092,100.95612500000006,100.95612500000006
4093,75.8163750000001,75.8163750000001
4094,88.4149666666667,88.4149666666667
4095,105.2132166666668,105.2132166666668
4096,85.38201666666664,85.38201666666664
4097,127.890375,127.890375
4098,618.2679249999985,618.2679249999985
4099,1165.3674583333354,1165.3674583333354
4100,1640.375208333341,1640.375208333341
4101,2335.9427500000147,2335.9427500000147
4102,2298.413116666679,2298.413116666679
4103,1505.98598333334,1505.98598333334
4104,831.9015333333335,831.9015333333335
4105,129.2751416666664,129.2751416666664
4106,57.03540833333335,57.03540833333335
4107,68.35057500000005,68.35057500000005
4108,87.36421666666675,87.36421666666675
4109,71.9073083333334,71.9073083333334
4110,91.5251250000001,91.5251250000001
4111,154.11617499999986,154.11617499999986
4112,212.6772666666662,212.6772666666662
4113,160.4946333333332,160.4946333333332
4114,87.66442500000015,87.66442500000015
4115,86.08227500000015,86.08227500000015
4116,64.67690833333344,64.67690833333344
4117,74.0097083333335,74.0097083333335
4118,78.44224166666685,78.44224166666685
4119,68.05905000000006,68.05905000000006
4120,79.14145833333345,79.14145833333345
4121,225.7377999999996,225.7377999999996
4122,635.7641416666655,635.7641416666655
4123,883.2212083333314,883.2212083333314
4124,1629.9242500000064,1629.9242500000064
4125,2285.1028583333473,2285.1028583333473
4126,2707.53114166668,2707.53114166668
4127,1621.4210416666724,1621.4210416666724
4128,958.698575,958.698575
4129,129.2827916666661,129.2827916666661
4130,82.9911666666667,82.9911666666667
4131,85.73317500000005,85.73317500000005
4132,55.22791666666675,55.22791666666675
4133,35.68728333333333,35.68728333333333
4134,41.747525,41.747525
4135,107.64238333333356,107.64238333333356
4136,179.9288249999998,179.9288249999998
4137,151.1739083333333,151.1739083333333
4138,90.3260166666668,90.3260166666668
4139,82.23365000000015,82.23365000000015
4140,99.4397833333334,99.4397833333334
4141,85.44040000000005,85.44040000000005
4142,87.9481666666667,87.9481666666667
4143,91.0967916666668,91.0967916666668
4144,103.1129833333335,103.1129833333335
4145,223.80217499999964,223.80217499999964
4146,700.887374999999,700.887374999999
4147,1197.094983333335,1197.094983333335
4148,1826.366566666677,1826.366566666677
4149,2342.7522166666813,2342.7522166666813
4150,2004.7792583333444,2004.7792583333444
4151,1605.370158333339,1605.370158333339
4152,924.8185916666665,924.8185916666665
4153,149.3821999999996,149.3821999999996
4154,63.04340000000005,63.04340000000005
4155,86.4319666666667,86.4319666666667
4156,88.9991833333334,88.9991833333334
4157,91.5660666666668,91.5660666666668
4158,76.3438333333334,76.3438333333334
4159,84.6293583333335,84.6293583333335
4160,163.74676666666636,163.74676666666636
4161,150.7565249999999,150.7565249999999
4162,114.9417333333336,114.9417333333336
4163,103.98923333333344,103.98923333333344
4164,82.40792500000015,82.40792500000015
4165,56.335175,56.335175
4166,71.2088666666668,71.2088666666668
4167,72.55083333333334,72.55083333333334
4168,75.81687500000005,75.81687500000005
4169,127.57555833333345,127.57555833333345
4170,505.9653916666655,505.9653916666655
4171,1036.273975,1036.273975
4172,1854.23831666668,1854.23831666668
4173,2462.3627583333487,2462.3627583333487
4174,2485.603066666679,2485.603066666679
4175,1838.056108333342,1838.056108333342
4176,712.5152833333325,712.5152833333325
4177,93.0357416666665,93.0357416666665
4178,51.90308333333335,51.90308333333335
4179,66.4257000000001,66.4257000000001
4180,85.0909250000001,85.0909250000001
4181,114.31245833333355,114.31245833333355
4182,68.18738333333334,68.18738333333334
4183,103.8429500000002,103.8429500000002
4184,163.0491249999997,163.0491249999997
4185,148.32427499999994,148.32427499999994
4186,65.9453916666668,65.9453916666668
4187,86.0827500000001,86.0827500000001
4188,81.6497583333334,81.6497583333334
4189,100.37318333333334,100.37318333333334
4190,100.25570833333354,100.25570833333354
4191,101.0137333333335,101.0137333333335
4192,124.05326666666684,124.05326666666684
4193,211.11281666666625,211.11281666666625
4194,573.770108333332,573.770108333332
4195,1077.7107666666666,1077.7107666666666
4196,1753.8148666666755,1753.8148666666755
4197,2352.675058333347,2352.675058333347
4198,2216.9320500000103,2216.9320500000103
4199,1743.415425000007,1743.415425000007
4200,841.9996833333325,841.9996833333325
4201,147.39046666666636,147.39046666666636
4202,68.2339833333334,68.2339833333334
4203,91.0978583333334,91.0978583333334
4204,86.37358333333346,86.37358333333346
4205,69.5177333333334,69.5177333333334
4206,75.01860000000015,75.01860000000015
4207,122.0050333333335,122.0050333333335
4208,184.5701749999997,184.5701749999997
4209,145.78904999999995,145.78904999999995
4210,93.5671333333335,93.5671333333335
4211,78.55747500000005,78.55747500000005
4212,78.1490833333335,78.1490833333335
4213,56.9767166666667,56.9767166666667
4214,60.3597583333334,60.3597583333334
4215,94.5403166666667,94.5403166666667
4216,91.2156333333334,91.2156333333334
4217,149.5294499999999,149.5294499999999
4218,586.155358333332,586.155358333332
4219,1122.9737416666676,1122.9737416666676
4220,1694.05985000001,1694.05985000001
4221,2493.2092000000134,2493.2092000000134
4222,2163.952466666676,2163.952466666676
4223,1568.09183333334,1568.09183333334
4224,968.3772083333325,968.3772083333325
4225,156.36546666666615,156.36546666666615
4226,78.79136666666675,78.79136666666675
4227,110.46306666666695,110.46306666666695
4228,112.27291666666675,112.27291666666675
4229,85.26720000000014,85.26720000000014
4230,80.1277666666668,80.1277666666668
4231,115.1246166666669,115.1246166666669
4232,149.87470833333325,149.87470833333325
4233,150.7151166666664,150.7151166666664
4234,78.2117083333334,78.2117083333334
4235,75.17550000000016,75.17550000000016
4236,65.08451666666674,65.08451666666674
4237,49.393608333333425,49.393608333333425
4238,72.78366666666675,72.78366666666675
4239,118.9218250000002,118.9218250000002
4240,121.3133083333334,121.3133083333334
4241,231.59448333333305,231.59448333333305
4242,607.3282999999985,607.3282999999985
4243,1236.7326500000036,1236.7326500000036
4244,1890.9293583333435,1890.9293583333435
4245,2163.296066666681,2163.296066666681
4246,2254.663308333345,2254.663308333345
4247,1578.0637666666714,1578.0637666666714
4248,822.671858333333,822.671858333333
4249,110.0268666666664,110.0268666666664
4250,36.854416666666644,36.854416666666644
4251,55.51894166666675,55.51894166666675
4252,75.2337666666668,75.2337666666668
4253,80.4827416666669,80.4827416666669
4254,80.9688666666668,80.9688666666668
4255,103.2648666666668,103.2648666666668
4256,194.8111999999996,194.8111999999996
4257,136.29947499999994,136.29947499999994
4258,76.4674000000001,76.4674000000001
4259,90.8073000000001,90.8073000000001
4260,100.7805166666668,100.7805166666668
4261,105.3879750000002,105.3879750000002
4262,101.01400000000005,101.01400000000005
4263,85.38263333333335,85.38263333333335
4264,119.5049000000002,119.5049000000002
4265,227.651533333333,227.651533333333
4266,632.751874999998,632.751874999998
4267,1340.2980500000044,1340.2980500000044
4268,1877.74712500001,1877.74712500001
4269,2068.148516666678,2068.148516666678
4270,2387.5648583333445,2387.5648583333445
4271,1630.5024750000075,1630.5024750000075
4272,741.8031249999995,741.8031249999995
4273,130.7254916666665,130.7254916666665
4274,72.02629166666675,72.02629166666675
4275,80.8921666666668,80.8921666666668
4276,73.7182666666668,73.7182666666668
4277,63.0424916666668,63.0424916666668
4278,100.9816083333335,100.9816083333335
4279,130.3673250000001,130.3673250000001
4280,181.41291666666655,181.41291666666655
4281,150.6900083333332,150.6900083333332
4282,113.0051833333335,113.0051833333335
4283,105.50542500000014,105.50542500000014
4284,97.9226083333334,97.9226083333334
4285,110.46415,110.46415
4286,120.96330000000005,120.96330000000005
4287,96.5233083333334,96.5233083333334
4288,92.54072500000005,92.54072500000005
4289,207.93361666666624,207.93361666666624
4290,547.198558333332,547.198558333332
4291,1100.9100333333336,1100.9100333333336
4292,1655.3607750000094,1655.3607750000094
4293,2269.224491666681,2269.224491666681
4294,2213.293383333343,2213.293383333343
4295,1700.4513500000085,1700.4513500000085
4296,840.3014333333325,840.3014333333325
4297,159.63185833333304,159.63185833333304
4298,39.77016666666673,39.77016666666673
4299,58.08455000000005,58.08455000000005
4300,64.20861666666676,64.20861666666676
4301,88.18218333333346,88.18218333333346
4302,87.54350833333345,87.54350833333345
4303,127.84823333333335,127.84823333333335
4304,140.81814166666666,140.81814166666666
4305,133.0171166666667,133.0171166666667
4306,83.86665833333345,83.86665833333345
4307,88.59014166666675,88.59014166666675
4308,106.03036666666675,106.03036666666675
4309,105.0973666666667,105.0973666666667
4310,110.75583333333336,110.75583333333336
4311,126.50434166666685,126.50434166666685
4312,118.6891583333333,118.6891583333333
4313,213.7055333333331,213.7055333333331
4314,675.874708333332,675.874708333332
4315,1307.8124000000034,1307.8124000000034
4316,1776.9567166666754,1776.9567166666754
4317,2025.2470333333456,2025.2470333333456
4318,1967.1159166666775,1967.1159166666775
4319,1689.426741666673,1689.426741666673
4320,938.4011416666675,938.4011416666675
4321,174.5979416666663,174.5979416666663
4322,64.4430916666668,64.4430916666668
4323,77.8004333333335,77.8004333333335
4324,106.43916666666685,106.43916666666685
4325,104.4550666666668,104.4550666666668
4326,89.15705833333345,89.15705833333345
4327,124.71849166666675,124.71849166666675
4328,196.4029999999998,196.4029999999998
4329,155.5399249999999,155.5399249999999
4330,105.5020916666668,105.5020916666668
4331,100.5475250000001,100.5475250000001
4332,101.83118333333346,101.83118333333346
4333,103.4641250000001,103.4641250000001
4334,76.9834250000002,76.9834250000002
4335,60.76861666666675,60.76861666666675
4336,44.145275000000034,44.145275000000034
4337,140.70334999999994,140.70334999999994
4338,452.41381666666564,452.41381666666564
4339,1031.9644416666674,1031.9644416666674
4340,1571.5670583333424,1571.5670583333424
4341,2409.8037166666813,2409.8037166666813
4342,2387.861041666679,2387.861041666679
4343,1701.539591666672,1701.539591666672
4344,907.107058333333,907.107058333333
4345,140.36749166666644,140.36749166666644
4346,61.40947500000005,61.40947500000005
4347,69.9835083333334,69.9835083333334
4348,82.23156666666675,82.23156666666675
4349,80.8323083333334,80.8323083333334
4350,86.825625,86.825625
4351,110.05403333333345,110.05403333333345
4352,188.71099999999944,188.71099999999944
4353,179.7350749999998,179.7350749999998
4354,87.69049166666674,87.69049166666674
4355,64.2688333333334,64.2688333333334
4356,85.6167916666667,85.6167916666667
4357,101.48137499999994,101.48137499999994
4358,106.0320166666668,106.0320166666668
4359,94.77469166666685,94.77469166666685
4360,87.6000666666668,87.6000666666668
4361,138.2217249999999,138.2217249999999
4362,496.78564166666524,496.78564166666524
4363,1063.7792333333346,1063.7792333333346
4364,1997.9516500000125,1997.9516500000125
4365,2517.5530500000127,2517.5530500000127
4366,1990.278691666676,1990.278691666676
4367,1368.732733333336,1368.732733333336
4368,770.0066249999985,770.0066249999985
4369,127.24283333333305,127.24283333333305
4370,66.07664166666675,66.07664166666675
4371,96.99004166666676,96.99004166666676
4372,71.73425833333344,71.73425833333344
4373,79.43341666666674,79.43341666666674
4374,85.76839166666674,85.76839166666674
4375,120.3446916666669,120.3446916666669
4376,131.1833083333336,131.1833083333336
4377,120.06639166666685,120.06639166666685
4378,86.9415750000001,86.9415750000001
4379,92.09065000000015,92.09065000000015
4380,81.76626666666685,81.76626666666685
4381,69.2261416666668,69.2261416666668
4382,66.54304166666675,66.54304166666675
4383,58.61022499999995,58.61022499999995
4384,75.5837833333335,75.5837833333335
4385,184.59096666666636,184.59096666666636
4386,602.902791666665,602.902791666665
4387,1227.316850000003,1227.316850000003
4388,1938.436283333345,1938.436283333345
4389,2186.3077833333446,2186.3077833333446
4390,2212.712358333343,2212.712358333343
4391,1536.6250583333385,1536.6250583333385
4392,826.9068833333325,826.9068833333325
4393,145.71549999999965,145.71549999999965
4394,75.2923750000001,75.2923750000001
4395,96.46537500000025,96.46537500000025
4396,98.73991666666664,98.73991666666664
4397,98.03948333333335,98.03948333333335
4398,70.6449333333334,70.6449333333334
4399,118.81462500000005,118.81462500000005
4400,168.0718749999999,168.0718749999999
4401,130.3917500000001,130.3917500000001
4402,88.0498916666668,88.0498916666668
4403,86.3150166666667,86.3150166666667
4404,68.81705000000005,68.81705000000005
4405,46.536108333333345,46.536108333333345
4406,42.86126666666665,42.86126666666665
4407,86.7235500000001,86.7235500000001
4408,103.1733500000002,103.1733500000002
4409,188.0277999999997,188.0277999999997
4410,558.298666666665,558.298666666665
4411,848.809833333331,848.809833333331
4412,1754.242358333343,1754.242358333343
4413,2409.648508333346,2409.648508333346
4414,2088.0841916666755,2088.0841916666755
4415,1584.0903833333396,1584.0903833333396
4416,893.600191666666,893.600191666666
4417,169.966758333333,169.966758333333
4418,58.43521666666675,58.43521666666675
4419,88.41478333333345,88.41478333333345
4420,99.96355,99.96355
4421,66.60035000000005,66.60035000000005
4422,58.5528750000001,58.5528750000001
4423,88.41375833333355,88.41375833333355
4424,161.06335833333304,161.06335833333304
4425,129.58455000000015,129.58455000000015
4426,65.4703916666668,65.4703916666668
4427,68.64290000000015,68.64290000000015
4428,71.8503916666668,71.8503916666668
4429,71.0325750000001,71.0325750000001
4430,106.67119166666684,106.67119166666684
4431,100.78152500000004,100.78152500000004
4432,104.98160833333345,104.98160833333345
4433,191.9081416666666,191.9081416666666
4434,458.10915833333246,458.10915833333246
4435,929.6659666666665,929.6659666666665
4436,1772.0844250000096,1772.0844250000096
4437,2131.3447166666806,2131.3447166666806
4438,2666.7586833333467,2666.7586833333467
4439,1579.4958416666705,1579.4958416666705
4440,938.6269416666655,938.6269416666655
4441,155.9506749999999,155.9506749999999
4442,48.461450000000056,48.461450000000056
4443,57.2097666666667,57.2097666666667
4444,88.59001666666676,88.59001666666676
4445,101.48104166666675,101.48104166666675
4446,90.52634166666675,90.52634166666675
4447,132.79015000000004,132.79015000000004
4448,154.3165499999999,154.3165499999999
4449,124.9949166666669,124.9949166666669
4450,61.63851666666675,61.63851666666675
4451,60.7682833333334,60.7682833333334
4452,70.1597166666668,70.1597166666668
4453,95.76520833333335,95.76520833333335
4454,87.0739250000001,87.0739250000001
4455,93.3146000000001,93.3146000000001
4456,87.77358333333345,87.77358333333345
4457,100.271575,100.271575
4458,498.3085166666654,498.3085166666654
4459,1071.333716666666,1071.333716666666
4460,1703.1813416666776,1703.1813416666776
4461,2534.656083333348,2534.656083333348
4462,2467.9100666666804,2467.9100666666804
4463,1531.7576916666715,1531.7576916666715
4464,805.0153166666655,805.0153166666655
4465,135.0674166666666,135.0674166666666
4466,72.3175916666668,72.3175916666668
4467,85.38245833333345,85.38245833333345
4468,114.54700833333355,114.54700833333355
4469,68.9343,68.9343
4470,67.30419166666675,67.30419166666675
4471,108.13374166666675,108.13374166666675
4472,174.73019999999954,174.73019999999954
4473,142.10851666666656,142.10851666666656
4474,103.2090416666668,103.2090416666668
4475,73.77470833333345,73.77470833333345
4476,105.97214166666684,105.97214166666684
4477,131.9865333333335,131.9865333333335
4478,108.4216750000001,108.4216750000001
4479,86.72390833333345,86.72390833333345
4480,84.6166666666668,84.6166666666668
4481,158.15419999999986,158.15419999999986
4482,602.2825749999985,602.2825749999985
4483,1071.7931916666685,1071.7931916666685
4484,1799.826683333344,1799.826683333344
4485,2318.8042166666805,2318.8042166666805
4486,2019.0185833333444,2019.0185833333444
4487,1488.1558083333375,1488.1558083333375
4488,868.6892166666655,868.6892166666655
4489,145.64249166666636,145.64249166666636
4490,54.8768333333334,54.8768333333334
4491,70.91665000000015,70.91665000000015
4492,56.8017166666667,56.8017166666667
4493,77.8584500000001,77.8584500000001
4494,70.56926666666675,70.56926666666675
4495,112.4366250000001,112.4366250000001
4496,176.98771666666624,176.98771666666624
4497,136.04999166666676,136.04999166666676
4498,81.80265000000016,81.80265000000016
4499,75.5832666666667,75.5832666666667
4500,98.03940000000016,98.03940000000016
4501,80.7158666666668,80.7158666666668
4502,75.99147500000005,75.99147500000005
4503,90.57340833333335,90.57340833333335
4504,83.1074916666668,83.1074916666668
4505,215.536583333333,215.536583333333
4506,536.841058333332,536.841058333332
4507,1065.6335083333324,1065.6335083333324
4508,1793.3872500000095,1793.3872500000095
4509,2355.6617166666806,2355.6617166666806
4510,2215.8464833333414,2215.8464833333414
4511,1493.561275000007,1493.561275000007
4512,877.1946249999995,877.1946249999995
4513,141.2922083333331,141.2922083333331
4514,78.7339916666667,78.7339916666667
4515,104.5728000000001,104.5728000000001
4516,92.0904000000002,92.0904000000002
4517,90.9815833333333,90.9815833333333
4518,109.7820750000002,109.7820750000002
4519,109.42078333333355,109.42078333333355
4520,153.0402,153.0402
4521,123.05098333333345,123.05098333333345
4522,104.5317666666668,104.5317666666668
4523,86.6652333333334,86.6652333333334
4524,81.64860833333346,81.64860833333346
4525,74.06721666666675,74.06721666666675
4526,86.5497833333335,86.5497833333335
4527,67.3593666666667,67.3593666666667
4528,78.61608333333345,78.61608333333345
4529,198.79019999999954,198.79019999999954
4530,547.6530249999985,547.6530249999985
4531,1018.39245,1018.39245
4532,1825.11667500001,1825.11667500001
4533,2329.346975000013,2329.346975000013
4534,2104.3980833333444,2104.3980833333444
4535,1483.6110750000046,1483.6110750000046
4536,997.536966666667,997.536966666667
4537,76.1276166666666,76.1276166666666
4538,40.82077500000003,40.82077500000003
4539,82.34978333333335,82.34978333333335
4540,114.37155000000016,114.37155000000016
4541,94.9489916666668,94.9489916666668
4542,81.8431833333334,81.8431833333334
4543,117.9894916666667,117.9894916666667
4544,200.385666666666,200.385666666666
4545,160.23501666666644,160.23501666666644
4546,117.52164166666685,117.52164166666685
4547,89.8727000000001,89.8727000000001
4548,80.4820833333334,80.4820833333334
4549,72.37547500000005,72.37547500000005
4550,76.5746750000001,76.5746750000001
4551,96.7566416666668,96.7566416666668
4552,82.81664166666685,82.81664166666685
4553,172.18873333333306,172.18873333333306
4554,554.577066666665,554.577066666665
4555,1058.0525999999995,1058.0525999999995
4556,1873.1289250000095,1873.1289250000095
4557,2298.8407000000143,2298.8407000000143
4558,2292.7366583333455,2292.7366583333455
4559,1307.7788500000045,1307.7788500000045
4560,862.310208333333,862.310208333333
4561,131.15014166666646,131.15014166666646
4562,64.26752500000005,64.26752500000005
4563,103.5223083333335,103.5223083333335
4564,88.4727916666668,88.4727916666668
4565,76.74908333333345,76.74908333333345
4566,90.98295000000005,90.98295000000005
4567,104.5867166666668,104.5867166666668
4568,193.76133333333294,193.76133333333294
4569,153.4519666666665,153.4519666666665
4570,103.4124500000002,103.4124500000002
4571,104.10577500000005,104.10577500000005
4572,76.86647500000015,76.86647500000015
4573,60.47726666666665,60.47726666666665
4574,68.81816666666676,68.81816666666676
4575,85.55837500000005,85.55837500000005
4576,102.00745833333345,102.00745833333345
4577,171.3523499999999,171.3523499999999
4578,534.8381166666655,534.8381166666655
4579,1101.6172083333345,1101.6172083333345
4580,1635.843350000011,1635.843350000011
4581,2213.836641666679,2213.836641666679
4582,2138.215591666677,2138.215591666677
4583,1621.4318416666724,1621.4318416666724
4584,861.702299999999,861.702299999999
4585,104.51702499999985,104.51702499999985
4586,62.4021833333334,62.4021833333334
4587,88.4742583333334,88.4742583333334
4588,81.06695833333345,81.06695833333345
4589,66.8927000000001,66.8927000000001
4590,97.4328583333334,97.4328583333334
4591,113.55337500000014,113.55337500000014
4592,175.39604999999986,175.39604999999986
4593,141.1582666666668,141.1582666666668
4594,90.3457333333335,90.3457333333335
4595,86.8991333333334,86.8991333333334
4596,90.69055,90.69055
4597,67.3008166666667,67.3008166666667
4598,74.12389166666675,74.12389166666675
4599,55.9841416666667,55.9841416666667
4600,56.8598916666667,56.8598916666667
4601,184.388333333333,184.388333333333
4602,612.564441666665,612.564441666665
4603,1109.5506750000015,1109.5506750000015
4604,1959.581658333345,1959.581658333345
4605,2396.0971500000155,2396.0971500000155
4606,2173.446816666678,2173.446816666678
4607,1344.768300000002,1344.768300000002
4608,879.414324999999,879.414324999999
4609,102.21820833333305,102.21820833333305
4610,69.45913333333345,69.45913333333345
4611,87.2484083333334,87.2484083333334
4612,69.34298333333345,69.34298333333345
4613,61.9936000000001,61.9936000000001
4614,70.30340833333345,70.30340833333345
4615,150.352925,150.352925
4616,194.22020833333306,194.22020833333306
4617,173.13884999999976,173.13884999999976
4618,101.9574666666668,101.9574666666668
4619,67.12515833333345,67.12515833333345
4620,78.14996666666676,78.14996666666676
4621,87.42392500000005,87.42392500000005
4622,86.08244166666675,86.08244166666675
4623,95.12274166666676,95.12274166666676
4624,100.37256666666666,100.37256666666666
4625,216.8603749999998,216.8603749999998
4626,422.42489999999873,422.42489999999873
4627,1025.0161666666665,1025.0161666666665
4628,1842.6956250000126,1842.6956250000126
4629,2487.9405000000147,2487.9405000000147
4630,2149.2322333333427,2149.2322333333427
4631,1600.1007666666735,1600.1007666666735
4632,812.174949999999,812.174949999999
4633,196.191333333333,196.191333333333
4634,38.778924999999994,38.778924999999994
4635,62.98466666666675,62.98466666666675
4636,86.0242916666668,86.0242916666668
4637,92.49859166666675,92.49859166666675
4638,91.1929500000001,91.1929500000001
4639,94.6514750000002,94.6514750000002
4640,182.13724999999974,182.13724999999974
4641,138.94110833333335,138.94110833333335
4642,80.3268583333336,80.3268583333336
4643,78.0334083333335,78.0334083333335
4644,93.6659916666668,93.6659916666668
4645,84.44995833333346,84.44995833333346
4646,112.38924166666675,112.38924166666675
4647,143.24479166666674,143.24479166666674
4648,121.95530000000005,121.95530000000005
4649,203.37794999999974,203.37794999999974
4650,549.267141666665,549.267141666665
4651,1011.0491833333335,1011.0491833333335
4652,1714.6740833333424,1714.6740833333424
4653,2152.678625000013,2152.678625000013
4654,2222.531075000013,2222.531075000013
4655,1439.4926000000046,1439.4926000000046
4656,921.3155749999995,921.3155749999995
4657,137.80973333333296,137.80973333333296
4658,37.320883333333335,37.320883333333335
4659,52.077675,52.077675
4660,57.2103083333334,57.2103083333334
4661,83.92463333333345,83.92463333333345
4662,114.5568083333335,114.5568083333335
4663,141.88520833333334,141.88520833333334
4664,174.8549249999999,174.8549249999999
4665,135.7917083333335,135.7917083333335
4666,78.4940250000001,78.4940250000001
4667,60.7677166666668,60.7677166666668
4668,74.5327666666668,74.5327666666668
4669,88.23971666666685,88.23971666666685
4670,73.89210000000006,73.89210000000006
4671,78.4997000000001,78.4997000000001
4672,80.59957500000014,80.59957500000014
4673,235.74473333333296,235.74473333333296
4674,480.68090833333184,480.68090833333184
4675,1059.1615416666666,1059.1615416666666
4676,1805.751783333342,1805.751783333342
4677,2276.5008666666804,2276.5008666666804
4678,2392.886750000012,2392.886750000012
4679,1397.4289250000045,1397.4289250000045
4680,811.181016666665,811.181016666665
4681,139.70075833333294,139.70075833333294
4682,28.805266666666654,28.805266666666654
4683,54.70198333333335,54.70198333333335
4684,84.4494416666668,84.4494416666668
4685,63.0436083333334,63.0436083333334
4686,74.8444166666668,74.8444166666668
4687,118.5298916666669,118.5298916666669
4688,191.55390833333314,191.55390833333314
4689,170.3282249999998,170.3282249999998
4690,65.0282916666667,65.0282916666667
4691,71.20931666666675,71.20931666666675
4692,79.9581500000001,79.9581500000001
4693,79.8410666666668,79.8410666666668
4694,91.9733250000001,91.9733250000001
4695,103.930725,103.930725
4696,101.60592500000016,101.60592500000016
4697,205.1429999999997,205.1429999999997
4698,553.135133333332,553.135133333332
4699,1433.6823916666724,1433.6823916666724
4700,1683.4087250000096,1683.4087250000096
4701,2139.4702833333463,2139.4702833333463
4702,2007.93417500001,2007.93417500001
4703,1593.3726750000055,1593.3726750000055
4704,922.457699999999,922.457699999999
4705,148.44924166666624,148.44924166666624
4706,68.29215833333345,68.29215833333345
4707,86.3744833333335,86.3744833333335
4708,107.9566333333334,107.9566333333334
4709,96.4077916666669,96.4077916666669
4710,77.74435833333345,77.74435833333345
4711,88.8477416666668,88.8477416666668
4712,190.111208333333,190.111208333333
4713,136.26417499999985,136.26417499999985
4714,80.73364166666676,80.73364166666676
4715,81.8830416666667,81.8830416666667
4716,101.1321250000001,101.1321250000001
4717,90.57383333333345,90.57383333333345
4718,87.5980666666667,87.5980666666667
4719,106.9637833333334,106.9637833333334
4720,107.43168333333335,107.43168333333335
4721,167.12704999999994,167.12704999999994
4722,525.0261499999986,525.0261499999986
4723,942.5654833333325,942.5654833333325
4724,1995.825958333345,1995.825958333345
4725,2337.0927750000124,2337.0927750000124
4726,2080.376308333343,2080.376308333343
4727,1566.191966666672,1566.191966666672
4728,847.978349999999,847.978349999999
4729,143.999408333333,143.999408333333
4730,67.3006,67.3006
4731,83.28232500000016,83.28232500000016
4732,70.3916916666668,70.3916916666668
4733,74.18446666666675,74.18446666666675
4734,96.70885000000015,96.70885000000015
4735,114.9125833333334,114.9125833333334
4736,205.13583333333284,205.13583333333284
4737,163.8381916666664,163.8381916666664
4738,85.3247750000001,85.3247750000001
4739,76.0506500000001,76.0506500000001
4740,62.752225,62.752225
4741,83.34165833333336,83.34165833333336
4742,111.9795500000001,111.9795500000001
4743,96.58116666666675,96.58116666666675
4744,59.95143333333345,59.95143333333345
4745,141.9203916666665,141.9203916666665
4746,426.311899999999,426.311899999999
4747,1028.9672416666665,1028.9672416666665
4748,1941.7647000000104,1941.7647000000104
4749,2414.816233333349,2414.816233333349
4750,2393.646050000013,2393.646050000013
4751,1527.8685500000056,1527.8685500000056
4752,603.8316499999985,603.8316499999985
4753,146.63311666666644,146.63311666666644
4754,71.15015,71.15015
4755,93.89790833333345,93.89790833333345
4756,90.45625833333345,90.45625833333345
4757,82.5816916666668,82.5816916666668
4758,81.17635000000016,81.17635000000016
4759,131.660825,131.660825
4760,202.1689083333329,202.1689083333329
4761,196.2101749999996,196.2101749999996
4762,119.88227500000005,119.88227500000005
4763,85.20795833333345,85.20795833333345
4764,90.80750833333344,90.80750833333344
4765,61.4100583333335,61.4100583333335
4766,64.8513583333334,64.8513583333334
4767,65.7261916666668,65.7261916666668
4768,68.3515833333334,68.3515833333334
4769,202.36958333333305,202.36958333333305
4770,623.6949833333315,623.6949833333315
4771,1064.4880416666665,1064.4880416666665
4772,1631.750058333342,1631.750058333342
4773,2147.2870416666815,2147.2870416666815
4774,2230.47786666668,2230.47786666668
4775,1664.998950000006,1664.998950000006
4776,909.366258333333,909.366258333333
4777,138.0249333333331,138.0249333333331
4778,45.42805000000005,45.42805000000005
4779,74.00880000000005,74.00880000000005
4780,103.40585833333336,103.40585833333336
4781,109.35564166666666,109.35564166666666
4782,102.1490833333334,102.1490833333334
4783,123.9604250000001,123.9604250000001
4784,156.49017499999985,156.49017499999985
4785,144.6430166666668,144.6430166666668
4786,109.75157500000014,109.75157500000014
4787,88.99890833333345,88.99890833333345
4788,76.28296666666675,76.28296666666675
4789,88.00670000000005,88.00670000000005
4790,92.61609166666685,92.61609166666685
4791,80.77535000000015,80.77535000000015
4792,84.9172416666668,84.9172416666668
4793,195.54531666666614,195.54531666666614
4794,502.954216666665,502.954216666665
4795,1113.913191666668,1113.913191666668
4796,1621.261183333341,1621.261183333341
4797,2209.701675000013,2209.701675000013
4798,2276.6455916666773,2276.6455916666773
4799,1455.8764916666705,1455.8764916666705
4800,913.515983333333,913.515983333333
4801,115.08332499999985,115.08332499999985
4802,57.50145833333335,57.50145833333335
4803,87.6572333333334,87.6572333333334
4804,70.85855833333345,70.85855833333345
4805,67.30029166666675,67.30029166666675
4806,86.33421666666675,86.33421666666675
4807,130.360325,130.360325
4808,163.8560666666663,163.8560666666663
4809,149.6823,149.6823
4810,100.4908916666668,100.4908916666668
4811,64.5005583333334,64.5005583333334
4812,58.3174583333334,58.3174583333334
4813,79.4326250000001,79.4326250000001
4814,89.1161916666668,89.1161916666668
4815,95.8813000000001,95.8813000000001
4816,91.62341666666686,91.62341666666686
4817,163.6422333333333,163.6422333333333
4818,607.2225499999985,607.2225499999985
4819,922.204808333332,922.204808333332
4820,1724.3580166666745,1724.3580166666745
4821,2436.6448083333476,2436.6448083333476
4822,1967.423541666678,1967.423541666678
4823,1656.339591666673,1656.339591666673
4824,811.6685749999986,811.6685749999986
4825,134.0830749999998,134.0830749999998
4826,75.93437500000005,75.93437500000005
4827,88.18314166666676,88.18314166666676
4828,94.1319000000001,94.1319000000001
4829,80.65734166666675,80.65734166666675
4830,87.64202500000005,87.64202500000005
4831,119.83024166666675,119.83024166666675
4832,189.4535166666662,189.4535166666662
4833,145.94694166666656,145.94694166666656
4834,98.69246666666685,98.69246666666685
4835,84.50831666666674,84.50831666666674
4836,84.74105833333346,84.74105833333346
4837,95.18069166666675,95.18069166666675
4838,70.3338000000001,70.3338000000001
4839,85.9075250000001,85.9075250000001
4840,66.89295833333335,66.89295833333335
4841,122.11726666666665,122.11726666666665
4842,469.55483333333194,469.55483333333194
4843,1064.9690916666666,1064.9690916666666
4844,1951.1131916666784,1951.1131916666784
4845,2240.3530250000135,2240.3530250000135
4846,1974.992450000009,1974.992450000009
4847,1695.347416666673,1695.347416666673
4848,868.4486666666666,868.4486666666666
4849,112.0343749999998,112.0343749999998
4850,62.57652500000005,62.57652500000005
4851,71.6756583333333,71.6756583333333
4852,54.2938,54.2938
4853,50.5610416666667,50.5610416666667
4854,92.0349916666668,92.0349916666668
4855,119.34580833333345,119.34580833333345
4856,185.97991666666604,185.97991666666604
4857,165.4244166666663,165.4244166666663
4858,98.93556666666674,98.93556666666674
4859,88.8239916666668,88.8239916666668
4860,105.2136500000001,105.2136500000001
4861,93.19785000000005,93.19785000000005
4862,79.4907916666668,79.4907916666668
4863,80.01577500000015,80.01577500000015
4864,67.35935000000015,67.35935000000015
4865,156.0744666666664,156.0744666666664
4866,497.5440666666652,497.5440666666652
4867,1090.693691666666,1090.693691666666
4868,1755.7979083333405,1755.7979083333405
4869,2433.8053666666797,2433.8053666666797
4870,2337.5843333333455,2337.5843333333455
4871,1574.60299166667,1574.60299166667
4872,801.8781583333325,801.8781583333325
4873,136.8420416666664,136.8420416666664
4874,72.4922666666667,72.4922666666667
4875,99.08888333333336,99.08888333333336
4876,75.52470833333345,75.52470833333345
4877,79.84186666666675,79.84186666666675
4878,83.62755833333335,83.62755833333335
4879,116.4047416666668,116.4047416666668
4880,166.0971999999996,166.0971999999996
4881,186.27025833333295,186.27025833333295
4882,101.61542500000014,101.61542500000014
4883,61.05959166666685,61.05959166666685
4884,58.0272916666667,58.0272916666667
4885,60.18585000000005,60.18585000000005
4886,59.5448250000001,59.5448250000001
4887,79.08444166666685,79.08444166666685
4888,95.94139166666685,95.94139166666685
4889,152.1382916666665,152.1382916666665
4890,571.3872166666655,571.3872166666655
4891,1129.589900000001,1129.589900000001
4892,1971.353291666677,1971.353291666677
4893,2429.781583333345,2429.781583333345
4894,2050.6840583333446,2050.6840583333446
4895,1518.8555000000056,1518.8555000000056
4896,747.497841666665,747.497841666665
4897,97.86828333333325,97.86828333333325
4898,75.4099250000002,75.4099250000002
4899,98.21574166666674,98.21574166666674
4900,87.30844166666665,87.30844166666665
4901,78.9669666666668,78.9669666666668
4902,88.50917500000016,88.50917500000016
4903,128.7792666666667,128.7792666666667
4904,195.82135833333254,195.82135833333254
4905,129.51732499999994,129.51732499999994
4906,84.2202500000001,84.2202500000001
4907,42.74499166666667,42.74499166666667
4908,56.9764250000001,56.9764250000001
4909,72.25849166666676,72.25849166666676
4910,77.56555000000014,77.56555000000014
4911,86.257,86.257
4912,97.68961666666685,97.68961666666685
4913,149.36811666666654,149.36811666666654
4914,451.50790833333207,451.50790833333207
4915,1262.066983333337,1262.066983333337
4916,1823.5451416666765,1823.5451416666765
4917,2508.058083333349,2508.058083333349
4918,2210.7231333333457,2210.7231333333457
4919,1423.4198500000025,1423.4198500000025
4920,732.4952916666655,732.4952916666655
4921,181.0819416666663,181.0819416666663
4922,73.25010833333344,73.25010833333344
4923,56.9179000000001,56.9179000000001
4924,58.25924166666675,58.25924166666675
4925,57.20902500000005,57.20902500000005
4926,53.18581666666675,53.18581666666675
4927,83.4374166666668,83.4374166666668
4928,166.31442499999974,166.31442499999974
4929,159.0643833333332,159.0643833333332
4930,116.8149750000002,116.8149750000002
4931,79.49105000000004,79.49105000000004
4932,81.53259166666675,81.53259166666675
4933,92.0318250000001,92.0318250000001
4934,61.7012083333334,61.7012083333334
4935,99.49855833333335,99.49855833333335
4936,77.85833333333345,77.85833333333345
4937,154.66044999999986,154.66044999999986
4938,608.4032249999985,608.4032249999985
4939,1142.722041666669,1142.722041666669
4940,1830.323641666678,1830.323641666678
4941,2201.386133333345,2201.386133333345
4942,2282.436100000012,2282.436100000012
4943,1553.10340833334,1553.10340833334
4944,853.958058333332,853.958058333332
4945,124.1412416666664,124.1412416666664
4946,73.01692500000004,73.01692500000004
4947,62.6929333333334,62.6929333333334
4948,90.1076583333334,90.1076583333334
4949,100.95616666666675,100.95616666666675
4950,82.46883333333345,82.46883333333345
4951,120.3466416666667,120.3466416666667
4952,172.24711666666636,172.24711666666636
4953,166.8054083333331,166.8054083333331
4954,117.8253416666668,117.8253416666668
4955,125.2202833333334,125.2202833333334
4956,105.62295000000015,105.62295000000015
4957,58.9613333333334,58.9613333333334
4958,84.80007500000005,84.80007500000005
4959,89.05639166666666,89.05639166666666
4960,87.4818083333334,87.4818083333334
4961,195.16979999999964,195.16979999999964
4962,439.77388333333187,439.77388333333187
4963,1042.312058333333,1042.312058333333
4964,1855.304983333345,1855.304983333345
4965,2346.219900000015,2346.219900000015
4966,2200.150116666678,2200.150116666678
4967,1522.3167583333386,1522.3167583333386
4968,650.690516666665,650.690516666665
4969,159.45882499999956,159.45882499999956
4970,66.5425916666668,66.5425916666668
4971,64.6761166666667,64.6761166666667
4972,93.9569250000001,93.9569250000001
4973,96.2901666666668,96.2901666666668
4974,94.5086666666668,94.5086666666668
4975,110.77498333333345,110.77498333333345
4976,157.6072749999999,157.6072749999999
4977,142.0473500000001,142.0473500000001
4978,95.9999166666668,95.9999166666668
4979,100.3138333333334,100.3138333333334
4980,93.1402416666667,93.1402416666667
4981,66.3684666666667,66.3684666666667
4982,92.5576833333334,92.5576833333334
4983,80.83311666666675,80.83311666666675
4984,78.6743083333334,78.6743083333334
4985,225.68265833333305,225.68265833333305
4986,554.3242333333314,554.3242333333314
4987,1236.932975000006,1236.932975000006
4988,1703.4981500000094,1703.4981500000094
4989,2491.8215333333487,2491.8215333333487
4990,2116.055933333342,2116.055933333342
4991,1479.5330416666704,1479.5330416666704
4992,743.044899999999,743.044899999999
4993,116.33444999999965,116.33444999999965
4994,73.4264416666667,73.4264416666667
4995,71.7342750000001,71.7342750000001
4996,60.1844500000001,60.1844500000001
4997,87.3657500000001,87.3657500000001
4998,72.0357416666668,72.0357416666668
4999,100.3373916666669,100.3373916666669
5000,146.80778333333325,146.80778333333325
5001,158.9975083333331,158.9975083333331
5002,100.09306666666674,100.09306666666674
5003,63.5689166666667,63.5689166666667
5004,64.0924416666667,64.0924416666667
5005,88.99878333333345,88.99878333333345
5006,80.48356666666675,80.48356666666675
5007,84.85701666666675,84.85701666666675
5008,64.61714166666675,64.61714166666675
5009,146.75612499999994,146.75612499999994
5010,587.3069249999985,587.3069249999985
5011,1131.246408333334,1131.246408333334
5012,2074.607075000012,2074.607075000012
5013,2487.940358333349,2487.940358333349
5014,2087.183066666679,2087.183066666679
5015,1396.23601666667,1396.23601666667
5016,831.233541666666,831.233541666666
5017,154.5417499999996,154.5417499999996
5018,77.85885833333344,77.85885833333344
5019,96.58240000000015,96.58240000000015
5020,103.6407666666668,103.6407666666668
5021,81.3011416666668,81.3011416666668
5022,100.59294166666685,100.59294166666685
5023,136.36305000000004,136.36305000000004
5024,186.8037999999997,186.8037999999997
5025,152.93212499999996,152.93212499999996
5026,68.3296666666668,68.3296666666668
5027,68.9332333333334,68.9332333333334
5028,71.20775833333344,71.20775833333344
5029,70.2160000000001,70.2160000000001
5030,50.5609333333334,50.5609333333334
5031,67.76751666666675,67.76751666666675
5032,73.19155833333345,73.19155833333345
5033,200.5980749999998,200.5980749999998
5034,571.686633333332,571.686633333332
5035,851.099533333332,851.099533333332
5036,1572.12937500001,1572.12937500001
5037,2623.0466416666827,2623.0466416666827
5038,2302.8382333333443,2302.8382333333443
5039,1584.7293750000056,1584.7293750000056
5040,858.125466666666,858.125466666666
5041,108.4680249999998,108.4680249999998
5042,44.787375000000026,44.787375000000026
5043,51.08620833333335,51.08620833333335
5044,68.75946666666675,68.75946666666675
5045,69.1678750000001,69.1678750000001
5046,69.0107083333335,69.0107083333335
5047,104.73854166666685,104.73854166666685
5048,183.487233333333,183.487233333333
5049,177.0439416666663,177.0439416666663
5050,136.7456500000001,136.7456500000001
5051,110.98823333333345,110.98823333333345
5052,102.2393666666669,102.2393666666669
5053,101.54006666666675,101.54006666666675
5054,68.5850250000001,68.5850250000001
5055,66.8352500000001,66.8352500000001
5056,69.6514750000001,69.6514750000001
5057,180.6871249999998,180.6871249999998
5058,546.5412999999985,546.5412999999985
5059,1280.964466666669,1280.964466666669
5060,1785.1130333333435,1785.1130333333435
5061,2171.3189333333453,2171.3189333333453
5062,2191.6804750000106,2191.6804750000106
5063,1457.7991833333365,1457.7991833333365
5064,830.372499999999,830.372499999999
5065,122.1504749999997,122.1504749999997
5066,52.42681666666675,52.42681666666675
5067,61.40944166666675,61.40944166666675
5068,100.19785000000024,100.19785000000024
5069,101.89051666666676,101.89051666666676
5070,85.1437250000001,85.1437250000001
5071,118.9826000000002,118.9826000000002
5072,140.22446666666664,140.22446666666664
5073,165.32877499999975,165.32877499999975
5074,126.8539916666668,126.8539916666668
5075,99.0305666666667,99.0305666666667
5076,66.8338833333334,66.8338833333334
5077,74.64987500000005,74.64987500000005
5078,68.00049166666675,68.00049166666675
5079,52.01900000000015,52.01900000000015
5080,70.91756666666674,70.91756666666674
5081,148.09425833333336,148.09425833333336
5082,414.82468333333225,414.82468333333225
5083,1070.29955,1070.29955
5084,2022.624691666678,2022.624691666678
5085,2149.035375000013,2149.035375000013
5086,2123.7721750000105,2123.7721750000105
5087,1807.4222416666755,1807.4222416666755
5088,789.5185249999995,789.5185249999995
5089,150.2753666666663,150.2753666666663
5090,52.36866666666675,52.36866666666675
5091,70.97453333333345,70.97453333333345
5092,109.00486666666686,109.00486666666686
5093,102.64748333333345,102.64748333333345
5094,84.7440250000001,84.7440250000001
5095,123.89643333333345,123.89643333333345
5096,200.41918333333265,200.41918333333265
5097,170.97554166666635,170.97554166666635
5098,100.28226666666674,100.28226666666674
5099,68.64233333333345,68.64233333333345
5100,64.3259916666667,64.3259916666667
5101,63.4515083333334,63.4515083333334
5102,84.39233333333345,84.39233333333345
5103,87.1929833333335,87.1929833333335
5104,85.9684833333334,85.9684833333334
5105,177.13794999999976,177.13794999999976
5106,514.884283333332,514.884283333332
5107,1078.8777999999995,1078.8777999999995
5108,1680.5582750000076,1680.5582750000076
5109,2414.275400000015,2414.275400000015
5110,2342.878083333344,2342.878083333344
5111,1772.5357000000085,1772.5357000000085
5112,884.8178333333325,884.8178333333325
5113,125.9088999999996,125.9088999999996
5114,42.62845000000003,42.62845000000003
5115,41.5787083333333,41.5787083333333
5116,52.8937333333334,52.8937333333334
5117,62.10973333333345,62.10973333333345
5118,73.3948583333334,73.3948583333334
5119,134.2353916666669,134.2353916666669
5120,201.7545749999996,201.7545749999996
5121,200.6029083333327,200.6029083333327
5122,133.9731583333333,133.9731583333333
5123,110.34628333333355,110.34628333333355
5124,120.14580833333345,120.14580833333345
5125,78.3840750000001,78.3840750000001
5126,92.38327500000015,92.38327500000015
5127,124.1725916666667,124.1725916666667
5128,123.9406666666668,123.9406666666668
5129,294.62405833333275,294.62405833333275
5130,618.225608333332,618.225608333332
5131,1054.2232916666676,1054.2232916666676
5132,1769.0309416666776,1769.0309416666776
5133,2662.8739166666837,2662.8739166666837
5134,2347.3797333333455,2347.3797333333455
5135,1555.3817416666716,1555.3817416666716
5136,825.0147999999984,825.0147999999984
5137,110.60230833333296,110.60230833333296
5138,67.5934416666667,67.5934416666667
5139,98.15600000000015,98.15600000000015
5140,93.83939166666676,93.83939166666676
5141,97.86416666666675,97.86416666666675
5142,104.1652250000002,104.1652250000002
5143,121.70252500000015,121.70252500000015
5144,163.1133166666665,163.1133166666665
5145,171.0273166666663,171.0273166666663
5146,98.02386666666685,98.02386666666685
5147,67.35898333333346,67.35898333333346
5148,54.46955000000005,54.46955000000005
5149,54.06090833333335,54.06090833333335
5150,66.8346083333334,66.8346083333334
5151,89.3498416666667,89.3498416666667
5152,125.2815166666667,125.2815166666667
5153,202.77317499999984,202.77317499999984
5154,669.832174999999,669.832174999999
5155,897.258058333331,897.258058333331
5156,1722.942016666677,1722.942016666677
5157,2567.7147416666826,2567.7147416666826
5158,2274.5398083333457,2274.5398083333457
5159,1676.6845500000065,1676.6845500000065
5160,950.098283333333,950.098283333333
5161,161.382233333333,161.382233333333
5162,40.52817499999996,40.52817499999996
5163,52.5444500000001,52.5444500000001
5164,85.0918166666668,85.0918166666668
5165,87.83282500000016,87.83282500000016
5166,92.62623333333345,92.62623333333345
5167,116.5394083333335,116.5394083333335
5168,173.88921666666656,173.88921666666656
5169,163.1726749999999,163.1726749999999
5170,96.9163916666668,96.9163916666668
5171,97.51513333333335,97.51513333333335
5172,93.66604166666686,93.66604166666686
5173,94.30777500000015,94.30777500000015
5174,118.2811666666667,118.2811666666667
5175,120.73135833333345,120.73135833333345
5176,124.0990333333334,124.0990333333334
5177,173.6435249999997,173.6435249999997
5178,539.647766666665,539.647766666665
5179,1189.8800750000014,1189.8800750000014
5180,1558.99730833334,1558.99730833334
5181,2397.1551250000143,2397.1551250000143
5182,2283.3161500000133,2283.3161500000133
5183,1790.7010166666755,1790.7010166666755
5184,952.2455083333335,952.2455083333335
5185,181.05849999999955,181.05849999999955
5186,42.33687499999999,42.33687499999999
5187,62.10932500000005,62.10932500000005
5188,72.08346666666675,72.08346666666675
5189,65.3181916666667,65.3181916666667
5190,83.5773333333334,83.5773333333334
5191,132.8369833333333,132.8369833333333
5192,178.22155833333306,178.22155833333306
5193,145.0763916666665,145.0763916666665
5194,86.06942500000015,86.06942500000015
5195,92.08930833333355,92.08930833333355
5196,86.89843333333344,86.89843333333344
5197,72.08373333333336,72.08373333333336
5198,90.22345000000006,90.22345000000006
5199,79.55125000000005,79.55125000000005
5200,123.6490666666667,123.6490666666667
5201,303.93330833333283,303.93330833333283
5202,577.6308083333325,577.6308083333325
5203,1092.2510916666686,1092.2510916666686
5204,1622.8476833333434,1622.8476833333434
5205,2550.3352166666814,2550.3352166666814
5206,2251.0723916666784,2251.0723916666784
5207,1686.334750000008,1686.334750000008
5208,955.1147333333325,955.1147333333325
5209,146.48214999999976,146.48214999999976
5210,61.11900000000015,61.11900000000015
5211,79.84187500000014,79.84187500000014
5212,71.15150833333335,71.15150833333335
5213,90.86610833333344,90.86610833333344
5214,80.60025833333346,80.60025833333346
5215,130.35032500000005,130.35032500000005
5216,247.48069166666576,247.48069166666576
5217,173.3118999999996,173.3118999999996
5218,109.57370000000014,109.57370000000014
5219,92.9066916666667,92.9066916666667
5220,95.59015833333355,95.59015833333355
5221,87.4245750000002,87.4245750000002
5222,86.7252083333334,86.7252083333334
5223,86.2007416666668,86.2007416666668
5224,93.90116666666685,93.90116666666685
5225,179.67634999999964,179.67634999999964
5226,548.984508333332,548.984508333332
5227,1256.624950000004,1256.624950000004
5228,1721.4081750000084,1721.4081750000084
5229,2322.051566666682,2322.051566666682
5230,2256.8751750000133,2256.8751750000133
5231,1767.3678000000066,1767.3678000000066
5232,898.531866666666,898.531866666666
5233,108.7167833333333,108.7167833333333
5234,80.54290833333344,80.54290833333344
5235,108.18942500000016,108.18942500000016
5236,110.2891666666668,110.2891666666668
5237,104.5720166666667,104.5720166666667
5238,95.5490083333334,95.5490083333334
5239,137.00450000000006,137.00450000000006
5240,199.594833333333,199.594833333333
5241,164.31257499999984,164.31257499999984
5242,117.2649500000002,117.2649500000002
5243,104.9233000000002,104.9233000000002
5244,79.95849166666675,79.95849166666675
5245,68.75959166666675,68.75959166666675
5246,79.49277500000005,79.49277500000005
5247,86.90040000000015,86.90040000000015
5248,90.9260333333334,90.9260333333334
5249,133.2904999999999,133.2904999999999
5250,424.1667833333319,424.1667833333319
5251,1061.4184416666676,1061.4184416666676
5252,1846.135983333344,1846.135983333344
5253,2328.200375000014,2328.200375000014
5254,2311.9442166666786,2311.9442166666786
5255,1757.841500000008,1757.841500000008
5256,826.8703,826.8703
5257,164.3644416666663,164.3644416666663
5258,66.0752500000001,66.0752500000001
5259,89.1736416666668,89.1736416666668
5260,113.0291416666669,113.0291416666669
5261,97.3977833333334,97.3977833333334
5262,88.4759666666668,88.4759666666668
5263,108.3648250000002,108.3648250000002
5264,170.754683333333,170.754683333333
5265,163.1295999999997,163.1295999999997
5266,110.06721666666675,110.06721666666675
5267,94.4816916666667,94.4816916666667
5268,83.8085500000001,83.8085500000001
5269,55.63593333333345,55.63593333333345
5270,69.3430916666667,69.3430916666667
5271,93.43304166666685,93.43304166666685
5272,111.0498583333335,111.0498583333335
5273,227.5693749999997,227.5693749999997
5274,621.971283333332,621.971283333332
5275,1231.7954500000014,1231.7954500000014
5276,1932.818775000012,1932.818775000012
5277,2286.986600000013,2286.986600000013
5278,2209.625408333346,2209.625408333346
5279,1712.2742083333394,1712.2742083333394
5280,713.1891833333315,713.1891833333315
5281,143.52434999999966,143.52434999999966
5282,77.50794166666675,77.50794166666675
5283,97.86435833333346,97.86435833333346
5284,107.0792750000002,107.0792750000002
5285,102.8799750000001,102.8799750000001
5286,88.68385833333335,88.68385833333335
5287,112.155125,112.155125
5288,184.28736666666634,184.28736666666634
5289,136.35454166666676,136.35454166666676
5290,71.88523333333345,71.88523333333345
5291,72.43393333333346,72.43393333333346
5292,92.6155750000002,92.6155750000002
5293,80.3667416666668,80.3667416666668
5294,88.1835333333335,88.1835333333335
5295,102.1253250000002,102.1253250000002
5296,105.80028333333345,105.80028333333345
5297,178.0612499999998,178.0612499999998
5298,527.6124916666655,527.6124916666655
5299,873.8417333333315,873.8417333333315
5300,1561.620033333341,1561.620033333341
5301,2386.598175000016,2386.598175000016
5302,2367.313041666677,2367.313041666677
5303,1915.6665583333404,1915.6665583333404
5304,1020.4174999999994,1020.4174999999994
5305,151.40874166666634,151.40874166666634
5306,45.544725000000035,45.544725000000035
5307,71.3830833333334,71.3830833333334
5308,81.70688333333335,81.70688333333335
5309,82.23227500000004,82.23227500000004
5310,75.1179166666667,75.1179166666667
5311,101.68052500000015,101.68052500000015
5312,187.6618749999997,187.6618749999997
5313,165.6645749999998,165.6645749999998
5314,64.76189166666686,64.76189166666686
5315,54.3533083333334,54.3533083333334
5316,85.8497666666668,85.8497666666668
5317,93.7815666666668,93.7815666666668
5318,73.2515250000001,73.2515250000001
5319,113.9075416666667,113.9075416666667
5320,112.56640000000004,112.56640000000004
5321,188.9028333333332,188.9028333333332
5322,639.398858333332,639.398858333332
5323,1025.6481166666656,1025.6481166666656
5324,1627.853075000009,1627.853075000009
5325,2281.7723500000143,2281.7723500000143
5326,2463.766158333345,2463.766158333345
5327,1854.379041666674,1854.379041666674
5328,835.274091666666,835.274091666666
5329,131.64954166666644,131.64954166666644
5330,42.16150000000001,42.16150000000001
5331,67.30036666666675,67.30036666666675
5332,65.43378333333335,65.43378333333335
5333,58.84309166666665,58.84309166666665
5334,55.4372833333334,55.4372833333334
5335,104.7462833333335,104.7462833333335
5336,179.85457499999964,179.85457499999964
5337,161.79645833333325,161.79645833333325
5338,108.08195833333355,108.08195833333355
5339,115.30390000000025,115.30390000000025
5340,120.9621750000002,120.9621750000002
5341,95.1234916666669,95.1234916666669
5342,76.5757083333335,76.5757083333335
5343,75.52636666666675,75.52636666666675
5344,109.29989166666675,109.29989166666675
5345,206.04678333333285,206.04678333333285
5346,469.89888333333215,469.89888333333215
5347,983.1156916666665,983.1156916666665
5348,1826.9973583333424,1826.9973583333424
5349,2094.044975000014,2094.044975000014
5350,2435.5268083333453,2435.5268083333453
5351,1789.2244583333404,1789.2244583333404
5352,1021.2965916666675,1021.2965916666675
5353,135.07482499999975,135.07482499999975
5354,64.2094416666667,64.2094416666667
5355,79.0244166666668,79.0244166666668
5356,63.97585000000005,63.97585000000005
5357,60.0690000000001,60.0690000000001
5358,62.64501666666675,62.64501666666675
5359,94.1715666666668,94.1715666666668
5360,192.8458166666664,192.8458166666664
5361,169.92258333333294,169.92258333333294
5362,132.7310000000001,132.7310000000001
5363,86.3162333333335,86.3162333333335
5364,78.61719166666676,78.61719166666676
5365,82.64145833333345,82.64145833333345
5366,112.56396666666664,112.56396666666664
5367,115.53906666666666,115.53906666666666
5368,109.7076916666668,109.7076916666668
5369,185.06239166666626,185.06239166666626
5370,629.383641666665,629.383641666665
5371,1147.3921916666684,1147.3921916666684
5372,1728.2054166666765,1728.2054166666765
5373,2260.3344750000156,2260.3344750000156
5374,2232.155741666679,2232.155741666679
5375,1938.014316666675,1938.014316666675
5376,831.426266666666,831.426266666666
5377,171.92611666666625,171.92611666666625
5378,77.8588750000001,77.8588750000001
5379,92.3236833333335,92.3236833333335
5380,81.76662500000015,81.76662500000015
5381,92.20665833333335,92.20665833333335
5382,100.9404000000001,100.9404000000001
5383,131.56826666666674,131.56826666666674
5384,174.90494166666616,174.90494166666616
5385,132.3408250000001,132.3408250000001
5386,77.2428333333334,77.2428333333334
5387,91.44955000000014,91.44955000000014
5388,83.98255,83.98255
5389,97.92339166666675,97.92339166666675
5390,65.9025833333334,65.9025833333334
5391,86.1427750000001,86.1427750000001
5392,89.70143333333345,89.70143333333345
5393,248.5553999999997,248.5553999999997
5394,627.250124999999,627.250124999999
5395,1107.929333333334,1107.929333333334
5396,1781.3996750000115,1781.3996750000115
5397,2205.041683333348,2205.041683333348
5398,2167.6102833333466,2167.6102833333466
5399,2063.339741666676,2063.339741666676
5400,957.276449999999,957.276449999999
5401,159.8319416666662,159.8319416666662
5402,69.63431666666675,69.63431666666675
5403,61.7018916666668,61.7018916666668
5404,77.15820833333345,77.15820833333345
5405,100.07994166666666,100.07994166666666
5406,79.15949166666675,79.15949166666675
5407,98.6422500000002,98.6422500000002
5408,138.23400833333335,138.23400833333335
5409,127.55980000000005,127.55980000000005
5410,77.06169166666675,77.06169166666675
5411,61.7008333333334,61.7008333333334
5412,60.53426666666675,60.53426666666675
5413,85.44045000000015,85.44045000000015
5414,120.72879166666685,120.72879166666685
5415,91.68284166666675,91.68284166666675
5416,111.34142500000014,111.34142500000014
5417,209.91353333333305,209.91353333333305
5418,556.840024999999,556.840024999999
5419,1141.4982166666664,1141.4982166666664
5420,1602.249791666677,1602.249791666677
5421,2391.679600000013,2391.679600000013
5422,2475.1425500000114,2475.1425500000114
5423,1742.9079416666734,1742.9079416666734
5424,891.5990000000005,891.5990000000005
5425,152.79224166666634,152.79224166666634
5426,46.1867,46.1867
5427,83.86550833333345,83.86550833333345
5428,89.5811916666667,89.5811916666667
5429,82.87352500000016,82.87352500000016
5430,65.35311666666675,65.35311666666675
5431,103.6479500000001,103.6479500000001
5432,199.95319999999944,199.95319999999944
5433,181.07947499999995,181.07947499999995
5434,130.03191666666686,130.03191666666686
5435,113.7889583333334,113.7889583333334
5436,79.66787500000005,79.66787500000005
5437,74.82598333333335,74.82598333333335
5438,79.2592750000001,79.2592750000001
5439,77.68496666666685,77.68496666666685
5440,94.30900000000015,94.30900000000015
5441,185.57559166666664,185.57559166666664
5442,400.3642166666656,400.3642166666656
5443,936.322366666666,936.322366666666
5444,1607.092383333342,1607.092383333342
5445,2754.8103250000163,2754.8103250000163
5446,2317.4885083333456,2317.4885083333456
5447,1813.1225833333406,1813.1225833333406
5448,1013.016358333335,1013.016358333335
5449,119.1518666666663,119.1518666666663
5450,51.8450666666667,51.8450666666667
5451,90.457525,90.457525
5452,115.01312500000014,115.01312500000014
5453,104.51453333333345,104.51453333333345
5454,84.90125833333344,84.90125833333344
5455,139.0402083333332,139.0402083333332
5456,170.10659166666656,170.10659166666656
5457,137.0680333333333,137.0680333333333
5458,60.31549166666675,60.31549166666675
5459,56.5688416666668,56.5688416666668
5460,68.8172750000001,68.8172750000001
5461,97.8647416666667,97.8647416666667
5462,120.613525,120.613525
5463,114.95700833333345,114.95700833333345
5464,117.87477500000016,117.87477500000016
5465,197.39792499999976,197.39792499999976
5466,459.222783333332,459.222783333332
5467,1209.6098416666684,1209.6098416666684
5468,1793.963833333341,1793.963833333341
5469,2167.555366666679,2167.555366666679
5470,2558.0200166666805,2558.0200166666805
5471,1748.472825000009,1748.472825000009
5472,966.429225,966.429225
5473,94.78339166666674,94.78339166666674
5474,56.8019916666667,56.8019916666667
5475,68.8763166666667,68.8763166666667
5476,68.4671916666667,68.4671916666667
5477,77.79925000000004,77.79925000000004
5478,90.7997583333334,90.7997583333334
5479,131.90604166666674,131.90604166666674
5480,150.32354166666644,150.32354166666644
5481,137.88164166666664,137.88164166666664
5482,59.5774583333334,59.5774583333334
5483,57.56036666666675,57.56036666666675
5484,72.0253000000001,72.0253000000001
5485,75.7005000000001,75.7005000000001
5486,79.0257500000001,79.0257500000001
5487,92.7917166666668,92.7917166666668
5488,116.53250000000016,116.53250000000016
5489,266.0370166666663,266.0370166666663
5490,736.289774999998,736.289774999998
5491,1291.0371166666705,1291.0371166666705
5492,2122.468691666678,2122.468691666678
5493,2113.1532583333483,2113.1532583333483
5494,2024.742858333344,2024.742858333344
5495,1664.938775000006,1664.938775000006
5496,936.8054083333335,936.8054083333335
5497,195.2884249999995,195.2884249999995
5498,64.9692166666668,64.9692166666668
5499,61.1776083333334,61.1776083333334
5500,87.6581666666668,87.6581666666668
5501,93.25795000000015,93.25795000000015
5502,92.13452500000015,92.13452500000015
5503,106.39796666666695,106.39796666666695
5504,158.1731249999999,158.1731249999999
5505,168.22334166666636,168.22334166666636
5506,91.93485000000015,91.93485000000015
5507,48.11048333333337,48.11048333333337
5508,53.24359166666675,53.24359166666675
5509,48.69393333333333,48.69393333333333
5510,83.691925,83.691925
5511,130.997025,130.997025
5512,127.78971666666665,127.78971666666665
5513,216.7507166666663,216.7507166666663
5514,584.7208249999985,584.7208249999985
5515,1260.3280166666675,1260.3280166666675
5516,1681.5718083333425,1681.5718083333425
5517,2603.9705000000176,2603.9705000000176
5518,2286.0153416666794,2286.0153416666794
5519,1725.985300000007,1725.985300000007
5520,878.4985916666665,878.4985916666665
5521,202.49872499999964,202.49872499999964
5522,65.0259833333334,65.0259833333334
5523,54.76035,54.76035
5524,50.67795,50.67795
5525,90.6321833333334,90.6321833333334
5526,94.28312500000015,94.28312500000015
5527,148.97600833333334,148.97600833333334
5528,198.76986666666625,198.76986666666625
5529,148.98175833333326,148.98175833333326
5530,113.7988250000001,113.7988250000001
5531,103.17275833333355,103.17275833333355
5532,130.93674166666685,130.93674166666685
5533,113.43872500000005,113.43872500000005
5534,88.4161583333334,88.4161583333334
5535,94.8911583333335,94.8911583333335
5536,107.14210000000016,107.14210000000016
5537,200.2724999999994,200.2724999999994
5538,730.328291666665,730.328291666665
5539,1126.696241666667,1126.696241666667
5540,1629.9054833333414,1629.9054833333414
5541,2488.918250000011,2488.918250000011
5542,1940.826550000011,1940.826550000011
5543,1715.2333500000066,1715.2333500000066
5544,884.0500916666655,884.0500916666655
5545,102.67581666666645,102.67581666666645
5546,54.99411666666675,54.99411666666675
5547,77.39197500000014,77.39197500000014
5548,74.00896666666675,74.00896666666675
5549,74.00981666666675,74.00981666666675
5550,73.3617000000001,73.3617000000001
5551,117.92966666666685,117.92966666666685
5552,174.27880833333316,174.27880833333316
5553,163.53985833333314,163.53985833333314
5554,136.73964166666664,136.73964166666664
5555,98.03952500000015,98.03952500000015
5556,70.27490833333346,70.27490833333346
5557,100.8973083333334,100.8973083333334
5558,78.4420166666668,78.4420166666668
5559,96.35020000000014,96.35020000000014
5560,112.8577000000002,112.8577000000002
5561,203.8139666666662,203.8139666666662
5562,653.434358333332,653.434358333332
5563,1219.267858333335,1219.267858333335
5564,1571.927341666675,1571.927341666675
5565,2390.131116666679,2390.131116666679
5566,2492.101383333344,2492.101383333344
5567,1876.0702416666745,1876.0702416666745
5568,730.2731666666655,730.2731666666655
5569,136.44975833333305,136.44975833333305
5570,75.6999000000001,75.6999000000001
5571,61.05960833333345,61.05960833333345
5572,80.7750500000001,80.7750500000001
5573,104.63074166666685,104.63074166666685
5574,97.78367500000014,97.78367500000014
5575,141.5753250000001,141.5753250000001
5576,188.860758333333,188.860758333333
5577,167.17251666666635,167.17251666666635
5578,99.3577416666668,99.3577416666668
5579,80.95025000000005,80.95025000000005
5580,83.0497000000001,83.0497000000001
5581,77.97560000000006,77.97560000000006
5582,77.62589166666665,77.62589166666665
5583,72.4930416666668,72.4930416666668
5584,130.4146083333332,130.4146083333332
5585,210.66493333333275,210.66493333333275
5586,669.773399999998,669.773399999998
5587,1273.154950000001,1273.154950000001
5588,1668.735916666677,1668.735916666677
5589,2048.478925000011,2048.478925000011
5590,2151.2349083333465,2151.2349083333465
5591,1696.1444500000075,1696.1444500000075
5592,995.756708333334,995.756708333334
5593,124.50141666666644,124.50141666666644
5594,52.3690083333334,52.3690083333334
5595,59.19331666666675,59.19331666666675
5596,79.6662416666668,79.6662416666668
5597,64.3845500000001,64.3845500000001
5598,60.6871250000001,60.6871250000001
5599,84.99275833333355,84.99275833333355
5600,131.55160000000004,131.55160000000004
5601,140.623675,140.623675
5602,100.6593416666668,100.6593416666668
5603,96.7561833333334,96.7561833333334
5604,91.5068333333335,91.5068333333335
5605,110.22996666666685,110.22996666666685
5606,110.52205,110.52205
5607,129.24685833333336,129.24685833333336
5608,151.52965000000006,151.52965000000006
5609,334.01288333333287,334.01288333333287
5610,754.5338833333315,754.5338833333315
5611,1191.162091666669,1191.162091666669
5612,1823.919450000009,1823.919450000009
5613,2132.9046666666777,2132.9046666666777
5614,2293.2502750000117,2293.2502750000117
5615,1701.693158333341,1701.693158333341
5616,902.117624999999,902.117624999999
5617,103.2425333333332,103.2425333333332
5618,67.59275000000015,67.59275000000015
5619,106.9644916666667,106.9644916666667
5620,95.2983333333334,95.2983333333334
5621,64.61817500000005,64.61817500000005
5622,78.1013916666668,78.1013916666668
5623,121.50205833333355,121.50205833333355
5624,193.361608333333,193.361608333333
5625,162.36245833333294,162.36245833333294
5626,117.95627500000005,117.95627500000005
5627,89.8740166666668,89.8740166666668
5628,94.65655000000005,94.65655000000005
5629,90.10770833333345,90.10770833333345
5630,93.37407500000015,93.37407500000015
5631,115.2474833333335,115.2474833333335
5632,87.95030833333355,87.95030833333355
5633,111.51378333333325,111.51378333333325
5634,457.07573333333187,457.07573333333187
5635,1014.774608333333,1014.774608333333
5636,1897.3437083333445,1897.3437083333445
5637,2454.788000000013,2454.788000000013
5638,2456.792391666678,2456.792391666678
5639,1645.9684000000075,1645.9684000000075
5640,814.650716666666,814.650716666666
5641,114.8332583333331,114.8332583333331
5642,79.02518333333344,79.02518333333344
5643,117.1715083333334,117.1715083333334
5644,120.0884583333333,120.0884583333333
5645,99.67424166666675,99.67424166666675
5646,111.4652250000001,111.4652250000001
5647,154.4936416666666,154.4936416666666
5648,177.9883583333329,177.9883583333329
5649,153.59896666666654,153.59896666666654
5650,73.8697750000001,73.8697750000001
5651,54.1765833333334,54.1765833333334
5652,71.03335000000006,71.03335000000006
5653,98.85655833333335,98.85655833333335
5654,106.49848333333345,106.49848333333345
5655,98.5078750000001,98.5078750000001
5656,96.40857500000016,96.40857500000016
5657,213.39587499999956,213.39587499999956
5658,591.975733333332,591.975733333332
5659,1213.893541666668,1213.893541666668
5660,1705.1208750000105,1705.1208750000105
5661,2112.013000000012,2112.013000000012
5662,2154.542491666679,2154.542491666679
5663,1850.4142250000075,1850.4142250000075
5664,845.950675,845.950675
5665,112.3163249999998,112.3163249999998
5666,59.776825,59.776825
5667,71.0928583333334,71.0928583333334
5668,102.29839166666675,102.29839166666675
5669,112.03845833333345,112.03845833333345
5670,91.7337666666667,91.7337666666667
5671,117.37840833333355,117.37840833333355
5672,167.3142333333331,167.3142333333331
5673,145.69089999999994,145.69089999999994
5674,101.9111166666668,101.9111166666668
5675,66.89274166666675,66.89274166666675
5676,60.2433833333334,60.2433833333334
5677,53.0110416666667,53.0110416666667
5678,88.00849166666676,88.00849166666676
5679,128.60650833333335,128.60650833333335
5680,132.3984583333334,132.3984583333334
5681,201.3818999999996,201.3818999999996
5682,634.861216666665,634.861216666665
5683,1297.438758333338,1297.438758333338
5684,1899.179183333348,1899.179183333348
5685,2410.4886500000134,2410.4886500000134
5686,2101.358058333342,2101.358058333342
5687,1446.9040916666704,1446.9040916666704
5688,943.881449999999,943.881449999999
5689,129.6477749999997,129.6477749999997
5690,64.2097916666667,64.2097916666667
5691,73.0164916666668,73.0164916666668
5692,77.1580166666668,77.1580166666668
5693,74.94220833333345,74.94220833333345
5694,90.1087250000001,90.1087250000001
5695,130.3949666666667,130.3949666666667
5696,195.42892499999954,195.42892499999954
5697,177.4219583333329,177.4219583333329
5698,114.74727500000014,114.74727500000014
5699,78.90765833333344,78.90765833333344
5700,44.669466666666644,44.669466666666644
5701,74.06693333333345,74.06693333333345
5702,84.2163083333335,84.2163083333335
5703,78.2681250000001,78.2681250000001
5704,83.5181000000001,83.5181000000001
5705,161.10909999999984,161.10909999999984
5706,531.2413666666655,531.2413666666655
5707,1251.9981416666694,1251.9981416666694
5708,1797.390983333342,1797.390983333342
5709,2378.0848416666827,2378.0848416666827
5710,2496.1776916666795,2496.1776916666795
5711,1522.985075000006,1522.985075000006
5712,835.4128583333315,835.4128583333315
5713,129.6829583333331,129.6829583333331
5714,68.75862500000005,68.75862500000005
5715,64.09354166666665,64.09354166666665
5716,71.4425083333334,71.4425083333334
5717,90.8071500000001,90.8071500000001
5718,91.9744583333335,91.9744583333335
5719,127.3559750000001,127.3559750000001
5720,165.35518333333306,165.35518333333306
5721,128.49034999999995,128.49034999999995
5722,76.45885000000015,76.45885000000015
5723,73.36600833333345,73.36600833333345
5724,76.04960833333345,76.04960833333345
5725,79.7831750000002,79.7831750000002
5726,94.4242000000001,94.4242000000001
5727,110.9311333333334,110.9311333333334
5728,104.99227500000015,104.99227500000015
5729,209.40575833333324,209.40575833333324
5730,613.0107666666655,613.0107666666655
5731,1089.481708333334,1089.481708333334
5732,1785.240141666677,1785.240141666677
5733,2233.3174666666787,2233.3174666666787
5734,2467.1464333333465,2467.1464333333465
5735,1680.71580833334,1680.71580833334
5736,914.484924999999,914.484924999999
5737,183.1901416666662,183.1901416666662
5738,59.9521666666667,59.9521666666667
5739,70.74289166666675,70.74289166666675
5740,85.2088000000002,85.2088000000002
5741,75.99195000000005,75.99195000000005
5742,58.9865416666667,58.9865416666667
5743,75.68975833333344,75.68975833333344
5744,144.95689999999996,144.95689999999996
5745,141.83825833333324,141.83825833333324
5746,95.9398166666668,95.9398166666668
5747,91.62390833333345,91.62390833333345
5748,89.63982500000014,89.63982500000014
5749,78.2670250000001,78.2670250000001
5750,93.0247333333335,93.0247333333335
5751,119.79886666666675,119.79886666666675
5752,165.99555833333346,165.99555833333346
5753,253.90009166666624,253.90009166666624
5754,457.30120833333183,457.30120833333183
5755,1179.5467583333354,1179.5467583333354
5756,1868.8429916666764,1868.8429916666764
5757,2433.513150000015,2433.513150000015
5758,2211.938891666679,2211.938891666679
5759,1758.6409333333415,1758.6409333333415
5760,941.7725499999995,941.7725499999995
5761,193.4391166666662,193.4391166666662
5762,87.7162833333335,87.7162833333335
5763,71.09182500000006,71.09182500000006
5764,59.48480000000015,59.48480000000015
5765,65.60895833333345,65.60895833333345
5766,70.41910833333345,70.41910833333345
5767,104.06532500000014,104.06532500000014
5768,173.83799166666634,173.83799166666634
5769,168.1523083333331,168.1523083333331
5770,84.9909750000002,84.9909750000002
5771,78.2669083333334,78.2669083333334
5772,83.5165416666668,83.5165416666668
5773,103.58121666666685,103.58121666666685
5774,102.2985833333334,102.2985833333334
5775,108.19088333333355,108.19088333333355
5776,92.26769166666685,92.26769166666685
5777,239.955358333333,239.955358333333
5778,540.257424999999,540.257424999999
5779,980.324625,980.324625
5780,1838.596191666677,1838.596191666677
5781,2205.870275000016,2205.870275000016
5782,2132.7623083333456,2132.7623083333456
5783,1987.6857833333415,1987.6857833333415
5784,901.2626583333335,901.2626583333335
5785,113.76841666666625,113.76841666666625
5786,41.57878333333337,41.57878333333337
5787,73.3675833333334,73.3675833333334
5788,99.14765000000016,99.14765000000016
5789,74.3579750000001,74.3579750000001
5790,66.6696916666667,66.6696916666667
5791,82.4173250000001,82.4173250000001
5792,163.38154166666666,163.38154166666666
5793,153.27409999999986,153.27409999999986
5794,118.62330000000016,118.62330000000016
5795,104.28015000000005,104.28015000000005
5796,92.8486500000001,92.8486500000001
5797,105.2140000000001,105.2140000000001
5798,126.09669166666686,126.09669166666686
5799,157.65291666666664,157.65291666666664
5800,108.54121666666676,108.54121666666676
5801,133.5999916666667,133.5999916666667
5802,521.3737999999985,521.3737999999985
5803,1209.5752250000005,1209.5752250000005
5804,1640.341675000009,1640.341675000009
5805,2221.4855916666816,2221.4855916666816
5806,2350.1058833333464,2350.1058833333464
5807,1959.654741666674,1959.654741666674
5808,808.629249999999,808.629249999999
5809,139.05871666666636,139.05871666666636
5810,42.45388333333343,42.45388333333343
5811,59.07722500000005,59.07722500000005
5812,85.03243333333344,85.03243333333344
5813,109.99754166666675,109.99754166666675
5814,103.52529166666675,103.52529166666675
5815,126.08710000000005,126.08710000000005
5816,187.8378916666661,187.8378916666661
5817,183.0793999999993,183.0793999999993
5818,108.29800833333346,108.29800833333346
5819,78.90800833333356,78.90800833333356
5820,63.62635833333345,63.62635833333345
5821,78.2661166666667,78.2661166666667
5822,110.75550833333335,110.75550833333335
5823,105.50720833333345,105.50720833333345
5824,91.5682333333334,91.5682333333334
5825,210.632383333333,210.632383333333
5826,514.7888166666655,514.7888166666655
5827,1070.7798416666676,1070.7798416666676
5828,1669.987358333344,1669.987358333344
5829,2488.237350000013,2488.237350000013
5830,2578.9096916666776,2578.9096916666776
5831,1779.063808333341,1779.063808333341
5832,730.652725,730.652725
5833,156.3660499999997,156.3660499999997
5834,69.1686500000001,69.1686500000001
5835,88.94169166666676,88.94169166666676
5836,86.9580500000001,86.9580500000001
5837,61.5845250000001,61.5845250000001
5838,53.91131666666675,53.91131666666675
5839,97.0572250000002,97.0572250000002
5840,172.3714333333332,172.3714333333332
5841,179.8290666666664,179.8290666666664
5842,134.13792500000014,134.13792500000014
5843,90.7479000000001,90.7479000000001
5844,82.11540000000005,82.11540000000005
5845,82.1734916666667,82.1734916666667
5846,81.24016666666675,81.24016666666675
5847,78.55762500000014,78.55762500000014
5848,58.7263500000001,58.7263500000001
5849,164.464483333333,164.464483333333
5850,537.0400333333315,537.0400333333315
5851,1085.339391666669,1085.339391666669
5852,1908.104291666679,1908.104291666679
5853,2302.1812000000145,2302.1812000000145
5854,1960.1221833333416,1960.1221833333416
5855,1406.934966666672,1406.934966666672
5856,818.8892333333315,818.8892333333315
5857,123.37559166666645,123.37559166666645
5858,53.0114083333334,53.0114083333334
5859,61.2933416666667,61.2933416666667
5860,75.35009166666676,75.35009166666676
5861,66.71830000000016,66.71830000000016
5862,72.11927500000004,72.11927500000004
5863,136.23821666666666,136.23821666666666
5864,196.7119666666664,196.7119666666664
5865,148.9218083333332,148.9218083333332
5866,107.7070750000002,107.7070750000002
5867,124.75379166666686,124.75379166666686
5868,97.57307500000005,97.57307500000005
5869,107.60612500000005,107.60612500000005
5870,78.6161750000001,78.6161750000001
5871,83.69106666666676,83.69106666666676
5872,107.5480833333335,107.5480833333335
5873,260.3340083333331,260.3340083333331
5874,419.24952499999887,419.24952499999887
5875,901.0172999999995,901.0172999999995
5876,1945.9201000000114,1945.9201000000114
5877,2476.704566666682,2476.704566666682
5878,2142.920750000011,2142.920750000011
5879,1330.694158333336,1330.694158333336
5880,837.3986249999995,837.3986249999995
5881,151.4091333333333,151.4091333333333
5882,42.511975000000014,42.511975000000014
5883,88.4160166666667,88.4160166666667
5884,101.77320000000005,101.77320000000005
5885,94.9487583333334,94.9487583333334
5886,104.13347500000005,104.13347500000005
5887,148.67745,148.67745
5888,220.28510833333274,220.28510833333274
5889,168.03034166666646,168.03034166666646
5890,81.67090000000005,81.67090000000005
5891,59.5436250000001,59.5436250000001
5892,79.7252666666668,79.7252666666668
5893,89.69877500000015,89.69877500000015
5894,81.06659166666675,81.06659166666675
5895,99.55580833333345,99.55580833333345
5896,67.70885833333335,67.70885833333335
5897,182.69548333333304,182.69548333333304
5898,581.493433333332,581.493433333332
5899,1071.464241666666,1071.464241666666
5900,1586.0409916666745,1586.0409916666745
5901,2231.5902000000156,2231.5902000000156
5902,2202.552983333343,2202.552983333343
5903,1510.592991666672,1510.592991666672
5904,735.654466666665,735.654466666665
5905,114.8842333333328,114.8842333333328
5906,51.3195333333334,51.3195333333334
5907,66.0767333333334,66.0767333333334
5908,61.06061666666675,61.06061666666675
5909,69.4021666666668,69.4021666666668
5910,62.7866583333334,62.7866583333334
5911,96.70569166666685,96.70569166666685
5912,170.12197499999965,170.12197499999965
5913,138.07733333333346,138.07733333333346
5914,142.27230833333346,142.27230833333346
5915,110.28925833333345,110.28925833333345
5916,105.79810833333335,105.79810833333335
5917,105.5649916666667,105.5649916666667
5918,114.43138333333324,114.43138333333324
5919,97.6319416666667,97.6319416666667
5920,78.0912666666668,78.0912666666668
5921,228.4868833333329,228.4868833333329
5922,442.59818333333163,442.59818333333163
5923,862.9991416666655,862.9991416666655
5924,1798.6485000000105,1798.6485000000105
5925,2474.855183333346,2474.855183333346
5926,2082.6250500000115,2082.6250500000115
5927,1581.158208333339,1581.158208333339
5928,890.979191666666,890.979191666666
5929,124.8749416666664,124.8749416666664
5930,83.63320000000014,83.63320000000014
5931,87.30705000000015,87.30705000000015
5932,72.7253000000001,72.7253000000001
5933,74.06726666666675,74.06726666666675
5934,98.85751666666675,98.85751666666675
5935,117.2355166666668,117.2355166666668
5936,167.9310333333331,167.9310333333331
5937,153.5136416666664,153.5136416666664
5938,111.62210833333344,111.62210833333344
5939,98.15632500000005,98.15632500000005
5940,90.34024166666676,90.34024166666676
5941,72.0259666666667,72.0259666666667
5942,63.21810000000005,63.21810000000005
5943,77.85892500000016,77.85892500000016
5944,83.9817500000001,83.9817500000001
5945,145.8250749999999,145.8250749999999
5946,407.4903166666656,407.4903166666656
5947,936.683649999999,936.683649999999
5948,1720.0108333333426,1720.0108333333426
5949,2392.473941666681,2392.473941666681
5950,2193.662291666679,2193.662291666679
5951,1508.4974000000045,1508.4974000000045
5952,896.311141666666,896.311141666666
5953,107.7923666666666,107.7923666666666
5954,49.51014166666667,49.51014166666667
5955,70.68361666666675,70.68361666666675
5956,93.78175833333346,93.78175833333346
5957,90.98266666666684,90.98266666666684
5958,93.93388333333336,93.93388333333336
5959,131.55335000000014,131.55335000000014
5960,156.9737833333334,156.9737833333334
5961,150.56018333333336,150.56018333333336
5962,93.4854666666668,93.4854666666668
5963,101.36363333333355,101.36363333333355
5964,87.5402166666668,87.5402166666668
5965,68.1176000000001,68.1176000000001
5966,67.8260083333334,67.8260083333334
5967,99.6144833333335,99.6144833333335
5968,119.38687500000015,119.38687500000015
5969,162.1020416666666,162.1020416666666
5970,514.974399999999,514.974399999999
5971,1012.2173166666665,1012.2173166666665
5972,1708.225091666674,1708.225091666674
5973,2467.4488583333473,2467.4488583333473
5974,1936.577066666677,1936.577066666677
5975,1500.4110083333394,1500.4110083333394
5976,979.110691666667,979.110691666667
5977,159.624508333333,159.624508333333
5978,49.51152500000007,49.51152500000007
5979,98.91585833333345,98.91585833333345
5980,110.46395833333335,110.46395833333335
5981,83.39891666666675,83.39891666666675
5982,67.08576666666676,67.08576666666676
5983,123.01229166666675,123.01229166666675
5984,190.7448249999996,190.7448249999996
5985,156.35718333333335,156.35718333333335
5986,72.2950750000001,72.2950750000001
5987,82.29141666666675,82.29141666666675
5988,97.34062500000014,97.34062500000014
5989,90.80848333333346,90.80848333333346
5990,105.56374166666686,105.56374166666686
5991,129.53617500000004,129.53617500000004
5992,104.6882083333334,104.6882083333334
5993,199.93611666666655,199.93611666666655
5994,617.464766666665,617.464766666665
5995,849.839783333331,849.839783333331
5996,1783.8523333333435,1783.8523333333435
5997,2220.8537833333485,2220.8537833333485
5998,1844.269175000011,1844.269175000011
5999,1581.2255000000066,1581.2255000000066
6000,910.751316666666,910.751316666666
6001,142.67480833333306,142.67480833333306
6002,48.28764166666672,48.28764166666672
6003,78.09314166666685,78.09314166666685
6004,95.70698333333345,95.70698333333345
6005,94.59869166666675,94.59869166666675
6006,93.37495000000006,93.37495000000006
6007,111.0944500000002,111.0944500000002
6008,189.91857499999966,189.91857499999966
6009,157.70624166666656,157.70624166666656
6010,94.92537500000014,94.92537500000014
6011,78.50060000000005,78.50060000000005
6012,82.2329916666668,82.2329916666668
6013,90.92387500000005,90.92387500000005
6014,99.0313583333334,99.0313583333334
6015,103.2885500000002,103.2885500000002
6016,117.8709333333336,117.8709333333336
6017,126.96040833333335,126.96040833333335
6018,360.94253333333205,360.94253333333205
6019,1070.137383333336,1070.137383333336
6020,1689.2591500000105,1689.2591500000105
6021,2351.937058333346,2351.937058333346
6022,1994.0280666666765,1994.0280666666765
6023,1636.430408333338,1636.430408333338
6024,832.624833333332,832.624833333332
6025,131.68392499999965,131.68392499999965
6026,45.370333333333306,45.370333333333306
6027,93.08219166666674,93.08219166666674
6028,90.22367500000006,90.22367500000006
6029,105.2139666666669,105.2139666666669
6030,104.0485833333334,104.0485833333334
6031,152.10688333333314,152.10688333333314
6032,190.8778416666663,190.8778416666663
6033,133.7079833333333,133.7079833333333
6034,66.4199416666668,66.4199416666668
6035,72.9590583333335,72.9590583333335
6036,92.4403416666667,92.4403416666667
6037,91.9159833333334,91.9159833333334
6038,87.24878333333345,87.24878333333345
6039,86.6653083333334,86.6653083333334
6040,79.1423000000001,79.1423000000001
6041,132.32925833333326,132.32925833333326
6042,530.1756083333315,530.1756083333315
6043,1111.512600000001,1111.512600000001
6044,1818.3652833333445,1818.3652833333445
6045,2130.261858333347,2130.261858333347
6046,1964.397333333342,1964.397333333342
6047,1478.9032583333385,1478.9032583333385
6048,939.3132500000005,939.3132500000005
6049,130.21829166666626,130.21829166666626
6050,41.52052500000003,41.52052500000003
6051,72.72560000000006,72.72560000000006
6052,61.70150833333345,61.70150833333345
6053,67.24232500000005,67.24232500000005
6054,100.73336666666685,100.73336666666685
6055,120.79726666666684,120.79726666666684
6056,165.31389166666656,165.31389166666656
6057,163.9983749999996,163.9983749999996
6058,131.5390833333334,131.5390833333334
6059,88.59010833333335,88.59010833333335
6060,75.81655,75.81655
6061,72.78361666666675,72.78361666666675
6062,80.3077166666668,80.3077166666668
6063,88.2981833333334,88.2981833333334
6064,109.64622500000014,109.64622500000014
6065,186.27079999999975,186.27079999999975
6066,559.583274999999,559.583274999999
6067,988.1091499999985,988.1091499999985
6068,1999.919558333345,1999.919558333345
6069,2377.63409166668,2377.63409166668
6070,1942.5320583333435,1942.5320583333435
6071,1236.447166666669,1236.447166666669
6072,924.567125,924.567125
6073,106.73516666666654,106.73516666666654
6074,52.4859750000001,52.4859750000001
6075,67.41790833333334,67.41790833333334
6076,74.3586083333334,74.3586083333334
6077,96.93158333333345,96.93158333333345
6078,68.52782500000005,68.52782500000005
6079,134.4629166666666,134.4629166666666
6080,164.76549166666646,164.76549166666646
6081,149.0907166666666,149.0907166666666
6082,109.3097083333335,109.3097083333335
6083,88.2401750000001,88.2401750000001
6084,86.1971916666668,86.1971916666668
6085,81.4726416666667,81.4726416666667
6086,85.6151333333334,85.6151333333334
6087,87.8326166666668,87.8326166666668
6088,80.89250833333335,80.89250833333335
6089,134.3894416666668,134.3894416666668
6090,562.5658583333325,562.5658583333325
6091,966.2062333333315,966.2062333333315
6092,1661.711083333345,1661.711083333345
6093,2299.798708333349,2299.798708333349
6094,1980.7245833333434,1980.7245833333434
6095,1648.916491666672,1648.916491666672
6096,835.311625,835.311625
6097,157.59990833333305,157.59990833333305
6098,56.1025416666668,56.1025416666668
6099,65.4931250000001,65.4931250000001
6100,65.3765416666667,65.3765416666667
6101,62.519125,62.519125
6102,80.7016750000001,80.7016750000001
6103,116.02893333333346,116.02893333333346
6104,211.19239166666605,211.19239166666605
6105,175.64566666666644,175.64566666666644
6106,107.17585000000015,107.17585000000015
6107,120.0877083333335,120.0877083333335
6108,90.8072250000001,90.8072250000001
6109,113.02955000000016,113.02955000000016
6110,123.8203833333334,123.8203833333334
6111,104.6896166666668,104.6896166666668
6112,86.9586416666668,86.9586416666668
6113,147.4151166666664,147.4151166666664
6114,560.634558333332,560.634558333332
6115,1000.9561999999995,1000.9561999999995
6116,1804.0222250000095,1804.0222250000095
6117,2340.841475000017,2340.841475000017
6118,2134.259841666679,2134.259841666679
6119,1400.700458333337,1400.700458333337
6120,763.465074999999,763.465074999999
6121,170.74774166666606,170.74774166666606
6122,93.48909166666685,93.48909166666685
6123,94.8884083333335,94.8884083333335
6124,98.2138833333334,98.2138833333334
6125,77.44976666666685,77.44976666666685
6126,88.5759666666668,88.5759666666668
6127,153.20629999999986,153.20629999999986
6128,176.71381666666665,176.71381666666665
6129,129.6916416666667,129.6916416666667
6130,73.64285833333345,73.64285833333345
6131,55.28445000000005,55.28445000000005
6132,72.4915333333334,72.4915333333334
6133,73.366775,73.366775
6134,55.634675,55.634675
6135,59.9513666666667,59.9513666666667
6136,68.8172083333334,68.8172083333334
6137,192.23576666666656,192.23576666666656
6138,481.21044999999884,481.21044999999884
6139,1130.0447000000015,1130.0447000000015
6140,1629.606116666676,1629.606116666676
6141,2133.425050000015,2133.425050000015
6142,1962.5981416666775,1962.5981416666775
6143,1541.0908916666715,1541.0908916666715
6144,848.3526166666664,848.3526166666664
6145,116.8414083333332,116.8414083333332
6146,61.4685250000002,61.4685250000002
6147,60.4767833333335,60.4767833333335
6148,96.87317500000015,96.87317500000015
6149,114.8382666666668,114.8382666666668
6150,117.27368333333345,117.27368333333345
6151,148.72749166666654,148.72749166666654
6152,182.57069166666665,182.57069166666665
6153,171.2801916666664,171.2801916666664
6154,122.90707500000015,122.90707500000015
6155,91.79845833333346,91.79845833333346
6156,83.9829916666668,83.9829916666668
6157,88.70701666666675,88.70701666666675
6158,70.2161000000001,70.2161000000001
6159,58.6094250000001,58.6094250000001
6160,58.77730833333335,58.77730833333335
6161,183.4231333333328,183.4231333333328
6162,566.7071499999985,566.7071499999985
6163,1061.044808333333,1061.044808333333
6164,1647.1001666666734,1647.1001666666734
6165,2276.218000000013,2276.218000000013
6166,2156.699341666677,2156.699341666677
6167,1393.5858250000035,1393.5858250000035
6168,866.752216666666,866.752216666666
6169,131.0939666666665,131.0939666666665
6170,56.74265833333335,56.74265833333335
6171,61.58421666666675,61.58421666666675
6172,65.3178916666667,65.3178916666667
6173,92.49922500000005,92.49922500000005
6174,94.4991333333335,94.4991333333335
6175,114.59465833333346,114.59465833333346
6176,224.558341666666,224.558341666666
6177,141.8562916666667,141.8562916666667
6178,103.9583916666668,103.9583916666668
6179,85.79033333333345,85.79033333333345
6180,57.0930666666668,57.0930666666668
6181,64.9087750000001,64.9087750000001
6182,66.0758833333334,66.0758833333334
6183,83.16683333333344,83.16683333333344
6184,95.1245833333335,95.1245833333335
6185,203.694508333333,203.694508333333
6186,521.7132666666655,521.7132666666655
6187,1085.3591750000014,1085.3591750000014
6188,1658.512591666674,1658.512591666674
6189,2240.9098416666807,2240.9098416666807
6190,2065.365408333343,2065.365408333343
6191,1490.6468083333375,1490.6468083333375
6192,882.404908333333,882.404908333333
6193,149.61710833333294,149.61710833333294
6194,56.161025,56.161025
6195,66.3101000000001,66.3101000000001
6196,61.1188000000001,61.1188000000001
6197,71.44237500000015,71.44237500000015
6198,102.13397500000015,102.13397500000015
6199,130.75335833333344,130.75335833333344
6200,199.361166666666,199.361166666666
6201,194.7271249999998,194.7271249999998
6202,109.78169166666684,109.78169166666684
6203,91.3317083333334,91.3317083333334
6204,87.07314166666676,87.07314166666676
6205,64.15015833333335,64.15015833333335
6206,78.38271666666675,78.38271666666675
6207,98.3906750000001,98.3906750000001
6208,96.93289166666685,96.93289166666685
6209,147.6220416666665,147.6220416666665
6210,506.0265916666655,506.0265916666655
6211,1145.262791666667,1145.262791666667
6212,1667.8905750000074,1667.8905750000074
6213,2217.504241666678,2217.504241666678
6214,2011.2396666666784,2011.2396666666784
6215,1584.6761083333395,1584.6761083333395
6216,703.476699999999,703.476699999999
6217,127.64165833333325,127.64165833333325
6218,70.1598000000001,70.1598000000001
6219,87.65749166666674,87.65749166666674
6220,80.8323750000002,80.8323750000002
6221,65.78402500000006,65.78402500000006
6222,110.3248250000001,110.3248250000001
6223,145.53553333333335,145.53553333333335
6224,194.77041666666636,194.77041666666636
6225,178.1613749999998,178.1613749999998
6226,149.05275833333334,149.05275833333334
6227,92.67358333333345,92.67358333333345
6228,65.72545,65.72545
6229,79.4913250000001,79.4913250000001
6230,64.55938333333344,64.55938333333344
6231,70.2754000000001,70.2754000000001
6232,94.4237333333334,94.4237333333334
6233,251.44331666666616,251.44331666666616
6234,473.003058333332,473.003058333332
6235,1084.354525,1084.354525
6236,1945.8474083333444,1945.8474083333444
6237,2288.5834000000154,2288.5834000000154
6238,1877.7603166666754,1877.7603166666754
6239,1570.25404166667,1570.25404166667
6240,744.0128749999985,744.0128749999985
6241,151.58243333333286,151.58243333333286
6242,76.5157500000001,76.5157500000001
6243,76.8670583333335,76.8670583333335
6244,90.0495166666668,90.0495166666668
6245,93.9578916666668,93.9578916666668
6246,96.9499333333335,96.9499333333335
6247,115.05315000000014,115.05315000000014
6248,173.3719916666665,173.3719916666665
6249,196.4446916666663,196.4446916666663
6250,134.48132500000006,134.48132500000006
6251,94.88969166666675,94.88969166666675
6252,78.09031666666675,78.09031666666675
6253,53.12665000000005,53.12665000000005
6254,53.884775,53.884775
6255,56.16019166666675,56.16019166666675
6256,73.89248333333344,73.89248333333344
6257,160.43884999999975,160.43884999999975
6258,480.3824916666651,480.3824916666651
6259,1137.043650000001,1137.043650000001
6260,1797.6763500000116,1797.6763500000116
6261,2176.8504833333445,2176.8504833333445
6262,2154.8879666666753,2154.8879666666753
6263,1675.596875000007,1675.596875000007
6264,795.238624999999,795.238624999999
6265,112.9514999999998,112.9514999999998
6266,39.47869999999999,39.47869999999999
6267,63.2759583333334,63.2759583333334
6268,47.119450000000015,47.119450000000015
6269,67.18415000000005,67.18415000000005
6270,95.9248500000001,95.9248500000001
6271,150.81817499999985,150.81817499999985
6272,166.73924999999974,166.73924999999974
6273,164.90330833333306,164.90330833333306
6274,70.8684083333334,70.8684083333334
6275,81.8249166666667,81.8249166666667
6276,100.5483166666667,100.5483166666667
6277,117.230466666667,117.230466666667
6278,133.9118166666668,133.9118166666668
6279,111.68799166666685,111.68799166666685
6280,67.30123333333346,67.30123333333346
6281,222.54766666666626,222.54766666666626
6282,499.271866666665,499.271866666665
6283,1104.0763,1104.0763
6284,1660.66020000001,1660.66020000001
6285,2182.6518500000143,2182.6518500000143
6286,1991.2168583333425,1991.2168583333425
6287,1589.8563250000045,1589.8563250000045
6288,897.456783333333,897.456783333333
6289,139.94253333333316,139.94253333333316
6290,56.45250000000005,56.45250000000005
6291,49.569208333333414,49.569208333333414
6292,55.4019000000001,55.4019000000001
6293,72.66670833333345,72.66670833333345
6294,86.1095916666668,86.1095916666668
6295,124.99953333333335,124.99953333333335
6296,196.80312499999954,196.80312499999954
6297,155.1806833333331,155.1806833333331
6298,106.7143583333334,106.7143583333334
6299,91.79860833333335,91.79860833333335
6300,83.39953333333345,83.39953333333345
6301,72.37516666666674,72.37516666666674
6302,56.45162500000005,56.45162500000005
6303,72.8420666666668,72.8420666666668
6304,59.25300000000005,59.25300000000005
6305,168.54894166666645,168.54894166666645
6306,580.809524999999,580.809524999999
6307,1028.558683333335,1028.558683333335
6308,1918.55687500001,1918.55687500001
6309,2296.8384833333475,2296.8384833333475
6310,1969.5489833333445,1969.5489833333445
6311,1555.538341666672,1555.538341666672
6312,900.3007916666655,900.3007916666655
6313,147.24106666666646,147.24106666666646
6314,59.13442500000005,59.13442500000005
6315,75.2913333333335,75.2913333333335
6316,99.1479000000002,99.1479000000002
6317,109.64690000000004,109.64690000000004
6318,76.069375,76.069375
6319,111.6302166666668,111.6302166666668
6320,175.40365833333314,175.40365833333314
6321,171.99465833333295,171.99465833333295
6322,118.4404583333334,118.4404583333334
6323,67.3586500000001,67.3586500000001
6324,67.47529166666675,67.47529166666675
6325,66.2511000000001,66.2511000000001
6326,75.64231666666674,75.64231666666674
6327,66.07553333333345,66.07553333333345
6328,61.7591000000001,61.7591000000001
6329,134.17719166666646,134.17719166666646
6330,430.6015166666652,430.6015166666652
6331,1030.9045166666665,1030.9045166666665
6332,1548.0097750000116,1548.0097750000116
6333,2397.097108333349,2397.097108333349
6334,2243.911241666677,2243.911241666677
6335,1445.2650000000035,1445.2650000000035
6336,886.5945916666655,886.5945916666655
6337,123.3585749999998,123.3585749999998
6338,66.83396666666675,66.83396666666675
6339,59.9512416666667,59.9512416666667
6340,55.10988333333335,55.10988333333335
6341,73.95035833333345,73.95035833333345
6342,103.27445833333346,103.27445833333346
6343,144.7345083333334,144.7345083333334
6344,184.40354999999985,184.40354999999985
6345,140.3900583333333,140.3900583333333
6346,86.6424750000001,86.6424750000001
6347,98.33045833333345,98.33045833333345
6348,67.24230833333345,67.24230833333345
6349,80.0161000000001,80.0161000000001
6350,68.7003500000001,68.7003500000001
6351,50.8514250000001,50.8514250000001
6352,74.4160750000001,74.4160750000001
6353,168.3857333333331,168.3857333333331
6354,495.2858833333322,495.2858833333322
6355,1120.7676916666665,1120.7676916666665
6356,1823.15655000001,1823.15655000001
6357,2277.2930166666806,2277.2930166666806
6358,2010.759033333344,2010.759033333344
6359,1619.51393333334,1619.51393333334
6360,780.116599999999,780.116599999999
6361,167.00016666666636,167.00016666666636
6362,44.960975,44.960975
6363,67.59196666666675,67.59196666666675
6364,75.2915416666668,75.2915416666668
6365,85.20716666666675,85.20716666666675
6366,78.6188750000001,78.6188750000001
6367,119.5681416666666,119.5681416666666
6368,159.5476499999999,159.5476499999999
6369,180.82295833333296,180.82295833333296
6370,97.5515,97.5515
6371,65.20184166666675,65.20184166666675
6372,72.2581750000001,72.2581750000001
6373,81.0654750000001,81.0654750000001
6374,100.6637916666668,100.6637916666668
6375,119.5042250000001,119.5042250000001
6376,146.6862750000001,146.6862750000001
6377,151.78505833333324,151.78505833333324
6378,647.899049999999,647.899049999999
6379,1063.2954083333334,1063.2954083333334
6380,1585.330016666677,1585.330016666677
6381,2021.279825000015,2021.279825000015
6382,2121.1688833333424,2121.1688833333424
6383,1588.958200000007,1588.958200000007
6384,896.180049999999,896.180049999999
6385,132.45051666666635,132.45051666666635
6386,36.44614166666669,36.44614166666669
6387,84.6833333333335,84.6833333333335
6388,81.88316666666675,81.88316666666675
6389,93.4324250000001,93.4324250000001
6390,90.28417500000005,90.28417500000005
6391,136.0938,136.0938
6392,222.3839333333327,222.3839333333327
6393,152.78839999999985,152.78839999999985
6394,74.6849750000001,74.6849750000001
6395,54.64361666666675,54.64361666666675
6396,55.22664166666675,55.22664166666675
6397,70.91688333333335,70.91688333333335
6398,53.5354,53.5354
6399,67.47609166666675,67.47609166666675
6400,98.7406666666668,98.7406666666668
6401,199.52714999999964,199.52714999999964
6402,588.3497999999985,588.3497999999985
6403,1240.1824750000005,1240.1824750000005
6404,1734.1471416666775,1734.1471416666775
6405,2215.588850000016,2215.588850000016
6406,1968.262191666678,1968.262191666678
6407,1363.4163833333364,1363.4163833333364
6408,804.576608333333,804.576608333333
6409,124.28414999999976,124.28414999999976
6410,52.4865250000001,52.4865250000001
6411,72.84226666666675,72.84226666666675
6412,86.3158750000001,86.3158750000001
6413,100.02340833333345,100.02340833333345
6414,90.87590833333346,90.87590833333346
6415,137.9014916666666,137.9014916666666
6416,172.23749166666644,172.23749166666644
6417,134.2063583333334,134.2063583333334
6418,106.53285000000015,106.53285000000015
6419,111.33843333333346,111.33843333333346
6420,100.4307583333334,100.4307583333334
6421,78.1509916666667,78.1509916666667
6422,82.1753083333335,82.1753083333335
6423,74.41670000000015,74.41670000000015
6424,77.27433333333344,77.27433333333344
6425,192.5395249999997,192.5395249999997
6426,566.052116666665,566.052116666665
6427,931.826499999999,931.826499999999
6428,1831.7738833333435,1831.7738833333435
6429,2184.2572666666797,2184.2572666666797
6430,2061.0870750000095,2061.0870750000095
6431,1670.8641416666726,1670.8641416666726
6432,826.3912499999994,826.3912499999994
6433,129.6337666666663,129.6337666666663
6434,57.21013333333335,57.21013333333335
6435,89.28980000000006,89.28980000000006
6436,109.9377833333336,109.9377833333336
6437,98.2725583333334,98.2725583333334
6438,80.0931583333334,80.0931583333334
6439,154.3934749999998,154.3934749999998
6440,197.2946583333331,197.2946583333331
6441,158.68161666666654,158.68161666666654
6442,69.8875000000001,69.8875000000001
6443,55.40190000000005,55.40190000000005
6444,75.11675000000005,75.11675000000005
6445,72.4925750000001,72.4925750000001
6446,86.8998750000001,86.8998750000001
6447,97.4570583333334,97.4570583333334
6448,69.75078333333344,69.75078333333344
6449,231.8297666666663,231.8297666666663
6450,569.1854833333325,569.1854833333325
6451,1012.5533999999975,1012.5533999999975
6452,1614.166708333344,1614.166708333344
6453,2119.779166666682,2119.779166666682
6454,2119.4709333333444,2119.4709333333444
6455,1529.9096750000065,1529.9096750000065
6456,863.140658333333,863.140658333333
6457,139.9765249999996,139.9765249999996
6458,71.50207500000005,71.50207500000005
6459,112.2721083333336,112.2721083333336
6460,121.42920833333355,121.42920833333355
6461,105.56393333333335,105.56393333333335
6462,84.04281666666675,84.04281666666675
6463,112.02987500000015,112.02987500000015
6464,206.19472499999955,206.19472499999955
6465,171.713408333333,171.713408333333
6466,96.99184166666674,96.99184166666674
6467,53.59382500000005,53.59382500000005
6468,65.9012166666667,65.9012166666667
6469,49.919783333333356,49.919783333333356
6470,73.6005333333334,73.6005333333334
6471,87.01554166666685,87.01554166666685
6472,112.5046083333336,112.5046083333336
6473,165.4099666666665,165.4099666666665
6474,452.10894999999874,452.10894999999874
6475,848.919699999998,848.919699999998
6476,1652.1002416666754,1652.1002416666754
6477,2257.8014083333474,2257.8014083333474
6478,2156.4057666666795,2156.4057666666795
6479,1658.9778500000066,1658.9778500000066
6480,776.9722499999986,776.9722499999986
6481,152.34136666666635,152.34136666666635
6482,83.28352500000015,83.28352500000015
6483,90.7491833333335,90.7491833333335
6484,87.6569416666668,87.6569416666668
6485,62.9265333333334,62.9265333333334
6486,78.2527416666667,78.2527416666667
6487,118.83614999999995,118.83614999999995
6488,212.41842499999944,212.41842499999944
6489,179.39415833333305,179.39415833333305
6490,82.44944166666674,82.44944166666674
6491,63.27630833333345,63.27630833333345
6492,63.50934166666675,63.50934166666675
6493,65.78364166666675,65.78364166666675
6494,76.34088333333345,76.34088333333345
6495,98.506525,98.506525
6496,84.7410833333334,84.7410833333334
6497,237.88387499999965,237.88387499999965
6498,567.851183333332,567.851183333332
6499,1120.2830250000004,1120.2830250000004
6500,1751.36125000001,1751.36125000001
6501,2225.4575833333465,2225.4575833333465
6502,2108.122475000012,2108.122475000012
6503,1522.6915583333396,1522.6915583333396
6504,890.7422999999995,890.7422999999995
6505,119.3091999999998,119.3091999999998
6506,52.54469166666675,52.54469166666675
6507,62.5180250000001,62.5180250000001
6508,80.9501000000001,80.9501000000001
6509,88.0081250000001,88.0081250000001
6510,91.6358666666667,91.6358666666667
6511,119.5223250000002,119.5223250000002
6512,173.73014999999984,173.73014999999984
6513,166.0646666666665,166.0646666666665
6514,118.4835083333335,118.4835083333335
6515,111.45468333333345,111.45468333333345
6516,80.4248500000001,80.4248500000001
6517,83.22376666666675,83.22376666666675
6518,75.2325916666668,75.2325916666668
6519,59.19264166666675,59.19264166666675
6520,93.54798333333345,93.54798333333345
6521,207.57219999999955,207.57219999999955
6522,455.7446833333319,455.7446833333319
6523,1197.377941666669,1197.377941666669
6524,1691.515991666674,1691.515991666674
6525,2348.4317166666815,2348.4317166666815
6526,1959.62619166668,1959.62619166668
6527,1583.615900000006,1583.615900000006
6528,718.711674999998,718.711674999998
6529,109.40754999999984,109.40754999999984
6530,78.15020833333345,78.15020833333345
6531,86.6656166666667,86.6656166666667
6532,75.6996916666667,75.6996916666667
6533,58.90140000000005,58.90140000000005
6534,71.56968333333344,71.56968333333344
6535,141.04540833333326,141.04540833333326
6536,204.7694333333329,204.7694333333329
6537,145.1752916666666,145.1752916666666
6538,92.77548333333355,92.77548333333355
6539,76.1075583333334,76.1075583333334
6540,94.1312166666668,94.1312166666668
6541,80.8913250000001,80.8913250000001
6542,96.23172500000005,96.23172500000005
6543,96.2893750000001,96.2893750000001
6544,98.50667500000014,98.50667500000014
6545,111.5996833333334,111.5996833333334
6546,374.27670833333246,374.27670833333246
6547,1088.440666666668,1088.440666666668
6548,1793.224450000012,1793.224450000012
6549,2286.0691500000144,2286.0691500000144
6550,2232.1370166666766,2232.1370166666766
6551,1408.1172916666715,1408.1172916666715
6552,996.1134083333335,996.1134083333335
6553,148.65918333333315,148.65918333333315
6554,46.536825,46.536825
6555,61.58540833333345,61.58540833333345
6556,64.67618333333346,64.67618333333346
6557,80.0163916666668,80.0163916666668
6558,84.8849166666668,84.8849166666668
6559,122.33326666666674,122.33326666666674
6560,209.63675833333286,209.63675833333286
6561,212.6850666666664,212.6850666666664
6562,75.0931250000001,75.0931250000001
6563,76.8092083333334,76.8092083333334
6564,95.6494583333335,95.6494583333335
6565,100.95710000000005,100.95710000000005
6566,90.39995000000005,90.39995000000005
6567,95.3569250000001,95.3569250000001
6568,101.3663000000002,101.3663000000002
6569,182.3872083333331,182.3872083333331
6570,532.453749999999,532.453749999999
6571,1187.6833083333354,1187.6833083333354
6572,1732.7026083333426,1732.7026083333426
6573,2157.352558333347,2157.352558333347
6574,2049.384666666677,2049.384666666677
6575,2011.8445416666755,2011.8445416666755
6576,1217.8667166666694,1217.8667166666694
6577,133.9424749999997,133.9424749999997
6578,53.94432500000005,53.94432500000005
6579,64.7920833333334,64.7920833333334
6580,63.1006500000001,63.1006500000001
6581,68.1173916666668,68.1173916666668
6582,63.1110333333334,63.1110333333334
6583,107.69866666666685,107.69866666666685
6584,194.11136666666644,194.11136666666644
6585,185.16858333333306,185.16858333333306
6586,113.8893250000001,113.8893250000001
6587,89.75690000000004,89.75690000000004
6588,79.19895833333345,79.19895833333345
6589,64.44192500000005,64.44192500000005
6590,66.42505000000006,66.42505000000006
6591,65.20091666666676,65.20091666666676
6592,86.78407500000004,86.78407500000004
6593,190.6199249999997,190.6199249999997
6594,580.3414333333315,580.3414333333315
6595,1450.8489916666715,1450.8489916666715
6596,1823.6469583333455,1823.6469583333455
6597,2216.3956333333476,2216.3956333333476
6598,2199.036450000014,2199.036450000014
6599,1594.6516166666704,1594.6516166666704
6600,1036.331408333334,1036.331408333334
6601,138.58278333333294,138.58278333333294
6602,46.12861666666667,46.12861666666667
6603,55.92688333333335,55.92688333333335
6604,88.47325,88.47325
6605,81.59129166666665,81.59129166666665
6606,62.75343333333335,62.75343333333335
6607,120.38840000000005,120.38840000000005
6608,163.8052916666665,163.8052916666665
6609,133.02364999999986,133.02364999999986
6610,103.6719250000001,103.6719250000001
6611,99.263125,99.263125
6612,75.29150000000006,75.29150000000006
6613,55.69299166666675,55.69299166666675
6614,78.96580833333346,78.96580833333346
6615,117.11385833333355,117.11385833333355
6616,133.27271666666664,133.27271666666664
6617,231.1321583333332,231.1321583333332
6618,488.0146749999987,488.0146749999987
6619,1012.893075,1012.893075
6620,1925.4833416666766,1925.4833416666766
6621,2702.2966833333494,2702.2966833333494
6622,2299.601033333345,2299.601033333345
6623,1626.7602333333416,1626.7602333333416
6624,803.0269666666655,803.0269666666655
6625,147.6243416666664,147.6243416666664
6626,69.2848083333334,69.2848083333334
6627,83.34126666666675,83.34126666666675
6628,87.54078333333345,87.54078333333345
6629,82.8753916666667,82.8753916666667
6630,107.7991750000001,107.7991750000001
6631,94.98036666666685,94.98036666666685
6632,177.5966333333332,177.5966333333332
6633,163.5987916666664,163.5987916666664
6634,80.86864166666685,80.86864166666685
6635,61.0598333333334,61.0598333333334
6636,72.60935000000005,72.60935000000005
6637,74.18400833333345,74.18400833333345
6638,92.09128333333345,92.09128333333345
6639,107.37369166666684,107.37369166666684
6640,106.96618333333355,106.96618333333355
6641,202.4338999999997,202.4338999999997
6642,611.000383333332,611.000383333332
6643,900.5144666666645,900.5144666666645
6644,1795.627366666676,1795.627366666676
6645,2477.330333333347,2477.330333333347
6646,2283.305175000013,2283.305175000013
6647,1786.629983333339,1786.629983333339
6648,918.8056916666675,918.8056916666675
6649,120.8158249999998,120.8158249999998
6650,72.7250250000001,72.7250250000001
6651,82.6989666666668,82.6989666666668
6652,74.06632500000005,74.06632500000005
6653,97.80520000000016,97.80520000000016
6654,115.6719250000001,115.6719250000001
6655,145.50093333333325,145.50093333333325
6656,188.06162499999954,188.06162499999954
6657,151.9978333333331,151.9978333333331
6658,70.7974166666668,70.7974166666668
6659,91.50729166666675,91.50729166666675
6660,90.9814333333334,90.9814333333334
6661,76.1660000000001,76.1660000000001
6662,80.01561666666674,80.01561666666674
6663,75.58418333333346,75.58418333333346
6664,96.81715000000005,96.81715000000005
6665,241.036908333333,241.036908333333
6666,714.5709499999984,714.5709499999984
6667,1235.3971333333375,1235.3971333333375
6668,1881.545275000014,1881.545275000014
6669,1871.04175000001,1871.04175000001
6670,2067.1031166666753,2067.1031166666753
6671,1918.110333333341,1918.110333333341
6672,998.128816666668,998.128816666668
6673,153.7068333333328,153.7068333333328
6674,59.1354083333334,59.1354083333334
6675,70.3931083333334,70.3931083333334
6676,89.75803333333334,89.75803333333334
6677,80.77530000000004,80.77530000000004
6678,69.67812500000005,69.67812500000005
6679,113.6129166666667,113.6129166666667
6680,165.6989999999998,165.6989999999998
6681,171.7480083333331,171.7480083333331
6682,129.4455166666667,129.4455166666667
6683,89.64035000000015,89.64035000000015
6684,48.05272499999999,48.05272499999999
6685,50.7364083333334,50.7364083333334
6686,68.11874166666675,68.11874166666675
6687,94.4249250000001,94.4249250000001
6688,114.8994000000001,114.8994000000001
6689,249.44621666666626,249.44621666666626
6690,615.269808333332,615.269808333332
6691,1140.973133333334,1140.973133333334
6692,1797.895791666677,1797.895791666677
6693,2481.405758333348,2481.405758333348
6694,2099.50576666668,2099.50576666668
6695,1736.45393333334,1736.45393333334
6696,907.0593499999995,907.0593499999995
6697,132.64149999999964,132.64149999999964
6698,75.6419583333334,75.6419583333334
6699,84.0408250000001,84.0408250000001
6700,92.09027500000005,92.09027500000005
6701,95.18150000000016,95.18150000000016
6702,98.83349166666675,98.83349166666675
6703,155.1026333333333,155.1026333333333
6704,190.1125749999997,190.1125749999997
6705,139.9240249999999,139.9240249999999
6706,107.7727500000001,107.7727500000001
6707,72.02549166666675,72.02549166666675
6708,67.4758083333334,67.4758083333334
6709,82.465975,82.465975
6710,92.32289166666675,92.32289166666675
6711,99.55710833333355,99.55710833333355
6712,110.1751833333335,110.1751833333335
6713,316.77363333333267,316.77363333333267
6714,846.767666666666,846.767666666666
6715,1037.0615333333326,1037.0615333333326
6716,1720.4346916666755,1720.4346916666755
6717,2167.4843666666775,2167.4843666666775
6718,2294.207983333346,2294.207983333346
6719,1728.3014083333394,1728.3014083333394
6720,873.2082833333325,873.2082833333325
6721,114.9675166666664,114.9675166666664
6722,78.50075,78.50075
6723,86.1985333333333,86.1985333333333
6724,75.5835166666668,75.5835166666668
6725,68.5847833333335,68.5847833333335
6726,85.81045833333344,85.81045833333344
6727,140.645475,140.645475
6728,158.91426666666666,158.91426666666666
6729,137.53330833333334,137.53330833333334
6730,72.96069166666675,72.96069166666675
6731,57.2098416666667,57.2098416666667
6732,75.05847500000004,75.05847500000004
6733,96.0573000000001,96.0573000000001
6734,98.97426666666685,98.97426666666685
6735,118.4560666666668,118.4560666666668
6736,107.02458333333355,107.02458333333355
6737,209.397458333333,209.397458333333
6738,627.572924999998,627.572924999998
6739,1324.87616666667,1324.87616666667
6740,1812.873866666677,1812.873866666677
6741,2141.23586666668,2141.23586666668
6742,2069.579983333343,2069.579983333343
6743,1770.1499750000075,1770.1499750000075
6744,1035.0590583333344,1035.0590583333344
6745,177.24898333333294,177.24898333333294
6746,42.16254166666669,42.16254166666669
6747,88.53287500000015,88.53287500000015
6748,55.2279083333334,55.2279083333334
6749,60.71018333333345,60.71018333333345
6750,102.1755916666668,102.1755916666668
6751,140.2361916666668,140.2361916666668
6752,193.06185833333296,193.06185833333296
6753,184.093483333333,184.093483333333
6754,119.0957583333334,119.0957583333334
6755,80.89059166666675,80.89059166666675
6756,66.25067500000004,66.25067500000004
6757,70.4508500000001,70.4508500000001
6758,96.0569416666666,96.0569416666666
6759,110.8722666666667,110.8722666666667
6760,123.9978833333334,123.9978833333334
6761,172.3871583333332,172.3871583333332
6762,505.1911749999985,505.1911749999985
6763,1166.7983916666676,1166.7983916666676
6764,1936.278841666679,1936.278841666679
6765,2388.6241250000144,2388.6241250000144
6766,2160.201066666679,2160.201066666679
6767,1795.1034666666735,1795.1034666666735
6768,881.653133333333,881.653133333333
6769,129.9014916666663,129.9014916666663
6770,51.72782500000005,51.72782500000005
6771,92.32400833333335,92.32400833333335
6772,126.7373500000002,126.7373500000002
6773,132.68662500000016,132.68662500000016
6774,120.5322583333335,120.5322583333335
6775,164.543433333333,164.543433333333
6776,168.7638749999998,168.7638749999998
6777,124.84221666666674,124.84221666666674
6778,76.73645833333345,76.73645833333345
6779,95.35664166666675,95.35664166666675
6780,98.506175,98.506175
6781,75.7586250000001,75.7586250000001
6782,82.2908916666668,82.2908916666668
6783,93.2576666666668,93.2576666666668
6784,112.4496583333335,112.4496583333335
6785,272.8969666666663,272.8969666666663
6786,668.589216666665,668.589216666665
6787,1109.5823083333346,1109.5823083333346
6788,1826.3120416666775,1826.3120416666775
6789,2324.3810666666805,2324.3810666666805
6790,2211.0436000000113,2211.0436000000113
6791,1481.8945583333375,1481.8945583333375
6792,908.5921833333325,908.5921833333325
6793,118.5744916666663,118.5744916666663
6794,84.21598333333345,84.21598333333345
6795,82.1164000000002,82.1164000000002
6796,62.7510666666668,62.7510666666668
6797,55.40226666666675,55.40226666666675
6798,71.0934833333334,71.0934833333334
6799,113.1377416666668,113.1377416666668
6800,177.65469999999976,177.65469999999976
6801,148.7796166666665,148.7796166666665
6802,118.3563083333333,118.3563083333333
6803,86.1991916666668,86.1991916666668
6804,81.5337250000001,81.5337250000001
6805,87.4254500000001,87.4254500000001
6806,101.88954166666674,101.88954166666674
6807,99.0893916666668,99.0893916666668
6808,94.77485000000016,94.77485000000016
6809,185.09982499999964,185.09982499999964
6810,571.6124666666655,571.6124666666655
6811,1182.8889000000015,1182.8889000000015
6812,1717.2995000000114,1717.2995000000114
6813,2364.7855250000134,2364.7855250000134
6814,2271.275233333346,2271.275233333346
6815,1763.348266666671,1763.348266666671
6816,873.989674999999,873.989674999999
6817,122.9092166666665,122.9092166666665
6818,67.94339166666676,67.94339166666676
6819,86.66585833333345,86.66585833333345
6820,86.78224166666685,86.78224166666685
6821,78.20815833333344,78.20815833333344
6822,96.3921750000001,96.3921750000001
6823,143.57785833333344,143.57785833333344
6824,187.32066666666614,187.32066666666614
6825,170.5835499999997,170.5835499999997
6826,105.04240000000026,105.04240000000026
6827,79.9004500000001,79.9004500000001
6828,78.44225000000004,78.44225000000004
6829,77.50933333333334,77.50933333333334
6830,83.3999500000001,83.3999500000001
6831,61.0011083333334,61.0011083333334
6832,93.60857500000004,93.60857500000004
6833,160.2506499999998,160.2506499999998
6834,474.65390833333214,474.65390833333214
6835,1317.278400000004,1317.278400000004
6836,1877.281066666678,1877.281066666678
6837,2227.901750000014,2227.901750000014
6838,2195.1900083333444,2195.1900083333444
6839,1532.7374000000054,1532.7374000000054
6840,1188.0336000000025,1188.0336000000025
6841,154.4566166666663,154.4566166666663
6842,71.73384166666675,71.73384166666675
6843,89.75650833333346,89.75650833333346
6844,93.4892833333335,93.4892833333335
6845,100.4892916666668,100.4892916666668
6846,81.96789166666674,81.96789166666674
6847,124.01289166666675,124.01289166666675
6848,190.086433333333,190.086433333333
6849,137.0067083333333,137.0067083333333
6850,84.1247416666669,84.1247416666669
6851,81.2987250000001,81.2987250000001
6852,86.66537500000015,86.66537500000015
6853,86.2575083333334,86.2575083333334
6854,82.5245166666668,82.5245166666668
6855,71.96755833333334,71.96755833333334
6856,77.9174166666667,77.9174166666667
6857,207.26850833333296,207.26850833333296
6858,625.110033333332,625.110033333332
6859,1249.986150000003,1249.986150000003
6860,1823.4990666666754,1823.4990666666754
6861,2287.978016666682,2287.978016666682
6862,1938.5574500000096,1938.5574500000096
6863,1653.226458333341,1653.226458333341
6864,1124.439850000001,1124.439850000001
6865,118.10791666666655,118.10791666666655
6866,56.3357083333334,56.3357083333334
6867,72.5508666666667,72.5508666666667
6868,70.74237500000005,70.74237500000005
6869,92.3234250000002,92.3234250000002
6870,109.76494166666684,109.76494166666684
6871,113.02925000000015,113.02925000000015
6872,174.9041833333331,174.9041833333331
6873,136.32360833333334,136.32360833333334
6874,67.8930416666667,67.8930416666667
6875,76.8667500000001,76.8667500000001
6876,84.1590416666668,84.1590416666668
6877,99.0907583333335,99.0907583333335
6878,93.0823666666667,93.0823666666667
6879,94.59906666666674,94.59906666666674
6880,108.36547500000015,108.36547500000015
6881,219.34509999999986,219.34509999999986
6882,459.14324166666563,459.14324166666563
6883,1037.953766666666,1037.953766666666
6884,1779.180441666676,1779.180441666676
6885,2332.680900000014,2332.680900000014
6886,2285.440025000013,2285.440025000013
6887,1934.758450000007,1934.758450000007
6888,1063.5078000000005,1063.5078000000005
6889,131.52586666666645,131.52586666666645
6890,55.2276250000001,55.2276250000001
6891,72.9007333333334,72.9007333333334
6892,68.2346500000001,68.2346500000001
6893,65.7267166666667,65.7267166666667
6894,91.72664166666675,91.72664166666675
6895,157.07074999999986,157.07074999999986
6896,196.6793666666663,196.6793666666663
6897,182.74489166666635,182.74489166666635
6898,105.35612500000015,105.35612500000015
6899,65.6095583333334,65.6095583333334
6900,70.2181833333334,70.2181833333334
6901,70.1016250000002,70.1016250000002
6902,100.08197500000016,100.08197500000016
6903,129.9474333333336,129.9474333333336
6904,157.77127499999995,157.77127499999995
6905,235.04144999999954,235.04144999999954
6906,597.0906249999985,597.0906249999985
6907,966.983324999999,966.983324999999
6908,1653.533608333341,1653.533608333341
6909,2475.7324333333504,2475.7324333333504
6910,2291.6912250000105,2291.6912250000105
6911,1837.1549166666746,1837.1549166666746
6912,1031.414075000001,1031.414075000001
6913,124.99133333333315,124.99133333333315
6914,69.8087833333334,69.8087833333334
6915,87.1909833333334,87.1909833333334
6916,113.2634916666669,113.2634916666669
6917,114.48830000000015,114.48830000000015
6918,112.82349166666685,112.82349166666685
6919,129.37807500000014,129.37807500000014
6920,170.9815583333331,170.9815583333331
6921,130.42824166666665,130.42824166666665
6922,83.1701333333335,83.1701333333335
6923,83.4587000000002,83.4587000000002
6924,78.3255583333335,78.3255583333335
6925,85.0326166666668,85.0326166666668
6926,83.86634166666676,83.86634166666676
6927,92.3241583333335,92.3241583333335
6928,129.07307500000005,129.07307500000005
6929,223.896408333333,223.896408333333
6930,645.828966666666,645.828966666666
6931,1205.671208333334,1205.671208333334
6932,1820.5588583333415,1820.5588583333415
6933,2352.0697583333485,2352.0697583333485
6934,2254.1414500000146,2254.1414500000146
6935,1636.286766666674,1636.286766666674
6936,1039.142625000001,1039.142625000001
6937,136.4416916666665,136.4416916666665
6938,67.3018333333334,67.3018333333334
6939,88.53280833333345,88.53280833333345
6940,103.3480666666668,103.3480666666668
6941,88.70723333333345,88.70723333333345
6942,44.37175000000001,44.37175000000001
6943,70.2273166666668,70.2273166666668
6944,160.58996666666624,160.58996666666624
6945,145.7494500000001,145.7494500000001
6946,131.9478666666668,131.9478666666668
6947,103.87340000000015,103.87340000000015
6948,87.8913916666668,87.8913916666668
6949,80.54175833333345,80.54175833333345
6950,52.0779583333334,52.0779583333334
6951,71.90963333333335,71.90963333333335
6952,102.76691666666684,102.76691666666684
6953,187.1375166666666,187.1375166666666
6954,505.3668333333325,505.3668333333325
6955,1068.3056000000015,1068.3056000000015
6956,1817.319358333345,1817.319358333345
6957,2345.537750000013,2345.537750000013
6958,2333.63810000001,2333.63810000001
6959,1912.1961583333396,1912.1961583333396
6960,976.1130583333335,976.1130583333335
6961,106.55837499999996,106.55837499999996
6962,51.4354250000001,51.4354250000001
6963,69.69177500000005,69.69177500000005
6964,88.76540000000016,88.76540000000016
6965,78.2079500000001,78.2079500000001
6966,77.6608916666667,77.6608916666667
6967,106.78950833333354,106.78950833333354
6968,178.0635916666664,178.0635916666664
6969,152.8569249999999,152.8569249999999
6970,116.1235166666668,116.1235166666668
6971,89.64095000000015,89.64095000000015
6972,82.40743333333344,82.40743333333344
6973,101.83103333333345,101.83103333333345
6974,83.69145833333344,83.69145833333344
6975,92.0913916666668,92.0913916666668
6976,104.39980833333345,104.39980833333345
6977,210.4293749999997,210.4293749999997
6978,646.675241666665,646.675241666665
6979,1073.781591666666,1073.781591666666
6980,1898.4655000000114,1898.4655000000114
6981,2364.9660500000145,2364.9660500000145
6982,2329.7329666666765,2329.7329666666765
6983,1679.78650833334,1679.78650833334
6984,834.016583333332,834.016583333332
6985,136.00251666666634,136.00251666666634
6986,58.7853,58.7853
6987,51.960925,51.960925
6988,57.79292500000005,57.79292500000005
6989,64.32524166666676,64.32524166666676
6990,76.74205833333345,76.74205833333345
6991,121.01921666666685,121.01921666666685
6992,200.2849499999996,200.2849499999996
6993,155.4469666666666,155.4469666666666
6994,108.2924250000001,108.2924250000001
6995,98.04031666666675,98.04031666666675
6996,92.84939166666685,92.84939166666685
6997,72.37674166666675,72.37674166666675
6998,74.3009083333334,74.3009083333334
6999,108.1897166666668,108.1897166666668
7000,106.61593333333344,106.61593333333344
7001,206.8696083333332,206.8696083333332
7002,585.154924999999,585.154924999999
7003,1260.4840750000035,1260.4840750000035
7004,1554.613516666675,1554.613516666675
7005,2218.9566916666804,2218.9566916666804
7006,2383.101866666677,2383.101866666677
7007,1812.3144166666746,1812.3144166666746
7008,1182.699325000003,1182.699325000003
7009,144.7508499999996,144.7508499999996
7010,63.56752500000005,63.56752500000005
7011,74.6494916666667,74.6494916666667
7012,93.8395833333334,93.8395833333334
7013,89.11615000000015,89.11615000000015
7014,68.82107500000015,68.82107500000015
7015,101.62600833333344,101.62600833333344
7016,159.09856666666664,159.09856666666664
7017,153.45414166666674,153.45414166666674
7018,97.4754083333333,97.4754083333333
7019,72.90047500000006,72.90047500000006
7020,89.93260833333345,89.93260833333345
7021,62.45990833333345,62.45990833333345
7022,68.4096333333334,68.4096333333334
7023,134.5552999999998,134.5552999999998
7024,156.0793916666665,156.0793916666665
7025,266.78439999999944,266.78439999999944
7026,651.5769249999985,651.5769249999985
7027,1164.195216666668,1164.195216666668
7028,1975.2105000000145,1975.2105000000145
7029,2212.7003416666817,2212.7003416666817
7030,2206.5325083333455,2206.5325083333455
7031,1790.5691083333415,1790.5691083333415
7032,839.3475249999995,839.3475249999995
7033,144.43315833333315,144.43315833333315
7034,72.02660000000004,72.02660000000004
7035,76.86690000000014,76.86690000000014
7036,86.08225000000004,86.08225000000004
7037,86.7818333333335,86.7818333333335
7038,69.9436000000001,69.9436000000001
7039,129.1272333333334,129.1272333333334
7040,218.01856666666606,218.01856666666606
7041,203.95217499999976,203.95217499999976
7042,122.9755750000002,122.9755750000002
7043,71.61736666666675,71.61736666666675
7044,61.58417500000005,61.58417500000005
7045,65.14254166666665,65.14254166666665
7046,65.0836416666668,65.0836416666668
7047,70.0418833333335,70.0418833333335
7048,120.26417500000005,120.26417500000005
7049,259.18645833333284,259.18645833333284
7050,653.7631249999985,653.7631249999985
7051,1167.008266666668,1167.008266666668
7052,1808.6158000000105,1808.6158000000105
7053,2247.606691666681,2247.606691666681
7054,2227.09359166668,2227.09359166668
7055,1559.610891666672,1559.610891666672
7056,1021.2373833333335,1021.2373833333335
7057,126.13372499999964,126.13372499999964
7058,44.43615833333335,44.43615833333335
7059,71.2082583333334,71.2082583333334
7060,87.94855000000005,87.94855000000005
7061,74.35780000000015,74.35780000000015
7062,87.05877500000015,87.05877500000015
7063,96.8694083333334,96.8694083333334
7064,176.79556666666656,176.79556666666656
7065,164.94390833333316,164.94390833333316
7066,96.7896166666667,96.7896166666667
7067,93.7799333333335,93.7799333333335
7068,84.6235416666668,84.6235416666668
7069,63.97582500000005,63.97582500000005
7070,72.5504833333334,72.5504833333334
7071,93.7821083333334,93.7821083333334
7072,112.6818833333334,112.6818833333334
7073,150.07947499999995,150.07947499999995
7074,468.2155999999988,468.2155999999988
7075,944.9016833333325,944.9016833333325
7076,1728.331675000013,1728.331675000013
7077,2289.188891666684,2289.188891666684
7078,2211.393458333345,2211.393458333345
7079,1835.413991666674,1835.413991666674
7080,1117.1024833333336,1117.1024833333336
7081,141.7426999999997,141.7426999999997
7082,61.0015916666667,61.0015916666667
7083,62.8679833333334,62.8679833333334
7084,76.51650000000005,76.51650000000005
7085,91.68115000000004,91.68115000000004
7086,126.07206666666686,126.07206666666686
7087,158.25797499999996,158.25797499999996
7088,200.8184249999994,200.8184249999994
7089,146.88013333333325,146.88013333333325
7090,98.18228333333344,98.18228333333344
7091,78.20834166666675,78.20834166666675
7092,69.7511833333334,69.7511833333334
7093,76.16705833333344,76.16705833333344
7094,67.3019416666667,67.3019416666667
7095,75.35210833333345,75.35210833333345
7096,102.7665916666668,102.7665916666668
7097,205.02328333333304,205.02328333333304
7098,637.041366666665,637.041366666665
7099,1138.007841666668,1138.007841666668
7100,1987.1121583333475,1987.1121583333475
7101,2284.992766666679,2284.992766666679
7102,2317.01476666668,2317.01476666668
7103,1569.926883333338,1569.926883333338
7104,814.8656083333325,814.8656083333325
7105,132.1500833333332,132.1500833333332
7106,67.82619166666674,67.82619166666674
7107,90.9235250000001,90.9235250000001
7108,74.59173333333345,74.59173333333345
7109,75.05872500000005,75.05872500000005
7110,94.20100833333355,94.20100833333355
7111,122.9455333333333,122.9455333333333
7112,187.08638333333295,187.08638333333295
7113,174.5465833333333,174.5465833333333
7114,114.73095833333345,114.73095833333345
7115,90.9236583333334,90.9236583333334
7116,76.51668333333345,76.51668333333345
7117,76.0502500000001,76.0502500000001
7118,82.93220000000005,82.93220000000005
7119,84.21590833333335,84.21590833333335
7120,67.2435416666667,67.2435416666667
7121,194.04480833333324,194.04480833333324
7122,493.5898166666657,493.5898166666657
7123,1196.581608333335,1196.581608333335
7124,1776.746008333344,1776.746008333344
7125,2236.6422333333476,2236.6422333333476
7126,2466.2857416666793,2466.2857416666793
7127,1751.9482833333395,1751.9482833333395
7128,801.1655333333325,801.1655333333325
7129,152.33185833333295,152.33185833333295
7130,85.6738083333334,85.6738083333334
7131,83.2829083333335,83.2829083333335
7132,74.4173833333334,74.4173833333334
7133,62.86867500000005,62.86867500000005
7134,89.1922750000001,89.1922750000001
7135,142.7713833333334,142.7713833333334
7136,227.2928416666661,227.2928416666661
7137,162.892375,162.892375
7138,87.9862083333335,87.9862083333335
7139,93.66551666666675,93.66551666666675
7140,97.33986666666665,97.33986666666665
7141,80.4243666666668,80.4243666666668
7142,83.86560833333345,83.86560833333345
7143,108.42260000000005,108.42260000000005
7144,117.5238333333335,117.5238333333335
7145,142.59412500000005,142.59412500000005
7146,470.2063249999986,470.2063249999986
7147,1033.460216666665,1033.460216666665
7148,1773.6644416666786,1773.6644416666786
7149,2383.5636083333475,2383.5636083333475
7150,2382.536116666678,2382.536116666678
7151,1560.4632250000045,1560.4632250000045
7152,1079.1601166666676,1079.1601166666676
7153,159.0572583333329,159.0572583333329
7154,74.8834750000001,74.8834750000001
7155,98.15545833333346,98.15545833333346
7156,86.13947500000015,86.13947500000015
7157,77.8578416666668,77.8578416666668
7158,95.38350833333345,95.38350833333345
7159,120.30069166666685,120.30069166666685
7160,159.29825833333325,159.29825833333325
7161,176.19929166666634,176.19929166666634
7162,103.64369166666685,103.64369166666685
7163,76.6334916666668,76.6334916666668
7164,56.51036666666665,56.51036666666665
7165,86.84131666666676,86.84131666666676
7166,90.86679166666666,90.86679166666666
7167,95.06725000000014,95.06725000000014
7168,149.66341666666676,149.66341666666676
7169,183.7254249999996,183.7254249999996
7170,474.0458166666654,474.0458166666654
7171,1241.803708333336,1241.803708333336
7172,1960.1762416666786,1960.1762416666786
7173,2027.7389250000124,2027.7389250000124
7174,2379.862500000012,2379.862500000012
7175,1644.7094250000066,1644.7094250000066
7176,1088.017383333334,1088.017383333334
7177,109.27514166666646,109.27514166666646
7178,63.45165833333335,63.45165833333335
7179,84.6243500000001,84.6243500000001
7180,74.88415833333345,74.88415833333345
7181,88.88246666666674,88.88246666666674
7182,95.8749916666668,95.8749916666668
7183,127.93599166666675,127.93599166666675
7184,197.46824999999956,197.46824999999956
7185,149.79931666666664,149.79931666666664
7186,97.54790000000006,97.54790000000006
7187,93.95641666666666,93.95641666666666
7188,83.0501916666667,83.0501916666667
7189,92.03278333333346,92.03278333333346
7190,102.12355000000005,102.12355000000005
7191,93.5499916666669,93.5499916666669
7192,96.29240833333346,96.29240833333346
7193,197.53874166666645,197.53874166666645
7194,473.8925166666651,473.8925166666651
7195,1101.4365333333344,1101.4365333333344
7196,2103.108100000013,2103.108100000013
7197,2328.399325000015,2328.399325000015
7198,2031.593808333344,2031.593808333344
7199,1747.6084166666735,1747.6084166666735
7200,906.6374250000005,906.6374250000005
7201,175.39042499999945,175.39042499999945
7202,55.1108833333334,55.1108833333334
7203,89.23211666666676,89.23211666666676
7204,85.09117500000005,85.09117500000005
7205,77.85847500000006,77.85847500000006
7206,81.41124166666675,81.41124166666675
7207,132.88668333333345,132.88668333333345
7208,178.304725,178.304725
7209,159.0166249999999,159.0166249999999
7210,91.7257916666668,91.7257916666668
7211,82.9912916666668,82.9912916666668
7212,80.42424166666675,80.42424166666675
7213,64.26776666666674,64.26776666666674
7214,54.46920000000005,54.46920000000005
7215,71.26849166666675,71.26849166666675
7216,92.26770000000015,92.26770000000015
7217,205.0877833333333,205.0877833333333
7218,598.3697916666655,598.3697916666655
7219,1171.521375000003,1171.521375000003
7220,1986.3424333333455,1986.3424333333455
7221,2380.2687916666805,2380.2687916666805
7222,2298.083150000011,2298.083150000011
7223,1660.4757833333395,1660.4757833333395
7224,817.668758333332,817.668758333332
7225,148.20064999999974,148.20064999999974
7226,46.828183333333385,46.828183333333385
7227,57.6185916666667,57.6185916666667
7228,62.3429916666667,62.3429916666667
7229,74.9997666666667,74.9997666666667
7230,61.2373416666667,61.2373416666667
7231,126.4644416666667,126.4644416666667
7232,209.4602333333328,209.4602333333328
7233,212.6744083333329,212.6744083333329
7234,102.7402416666668,102.7402416666668
7235,99.79010000000005,99.79010000000005
7236,88.2997333333334,88.2997333333334
7237,80.4257333333333,80.4257333333333
7238,65.3186916666668,65.3186916666668
7239,77.9758500000001,77.9758500000001
7240,85.44296666666685,85.44296666666685
7241,237.3788166666664,237.3788166666664
7242,635.832524999999,635.832524999999
7243,1001.1671666666655,1001.1671666666655
7244,1818.585125000009,1818.585125000009
7245,2560.3801166666804,2560.3801166666804
7246,2371.128900000012,2371.128900000012
7247,1723.2490916666734,1723.2490916666734
7248,860.257258333333,860.257258333333
7249,152.0745999999997,152.0745999999997
7250,74.3004166666668,74.3004166666668
7251,78.55705000000005,78.55705000000005
7252,63.4499083333334,63.4499083333334
7253,86.255825,86.255825
7254,113.6140000000002,113.6140000000002
7255,123.06080000000016,123.06080000000016
7256,169.03849999999974,169.03849999999974
7257,123.7321166666669,123.7321166666669
7258,81.1838666666669,81.1838666666669
7259,76.57552500000016,76.57552500000016
7260,108.07185000000015,108.07185000000015
7261,84.27415,84.27415
7262,80.13376666666665,80.13376666666665
7263,59.3692583333333,59.3692583333333
7264,78.676725,78.676725
7265,204.97164999999976,204.97164999999976
7266,496.18715833333164,496.18715833333164
7267,1050.854875000001,1050.854875000001
7268,1748.1823500000105,1748.1823500000105
7269,2411.0335666666806,2411.0335666666806
7270,2324.697691666677,2324.697691666677
7271,1781.758716666674,1781.758716666674
7272,1027.059658333334,1027.059658333334
7273,127.88534999999965,127.88534999999965
7274,39.94527500000002,39.94527500000002
7275,57.7351833333334,57.7351833333334
7276,76.10863333333334,76.10863333333334
7277,72.6672750000001,72.6672750000001
7278,61.01155833333345,61.01155833333345
7279,86.35610000000015,86.35610000000015
7280,179.8538416666664,179.8538416666664
7281,161.95358333333314,161.95358333333314
7282,110.7577916666668,110.7577916666668
7283,93.6651416666668,93.6651416666668
7284,92.73118333333335,92.73118333333335
7285,105.9714750000001,105.9714750000001
7286,102.70520833333345,102.70520833333345
7287,86.37465000000014,86.37465000000014
7288,80.835375,80.835375
7289,174.2726999999998,174.2726999999998
7290,691.3865499999985,691.3865499999985
7291,1238.845116666668,1238.845116666668
7292,1757.8547583333445,1757.8547583333445
7293,2175.7833833333475,2175.7833833333475
7294,2108.183475000011,2108.183475000011
7295,1840.2839750000064,1840.2839750000064
7296,1082.2918916666665,1082.2918916666665
7297,153.8574333333327,153.8574333333327
7298,73.77550833333345,73.77550833333345
7299,81.8836250000001,81.8836250000001
7300,89.99077500000016,89.99077500000016
7301,106.2647250000001,106.2647250000001
7302,90.1678666666668,90.1678666666668
7303,101.62518333333355,101.62518333333355
7304,140.5588083333334,140.5588083333334
7305,141.9245416666668,141.9245416666668
7306,69.48563333333345,69.48563333333345
7307,73.42675000000006,73.42675000000006
7308,75.2347500000001,75.2347500000001
7309,94.7738333333334,94.7738333333334
7310,63.8014166666667,63.8014166666667
7311,72.2002833333334,72.2002833333334
7312,89.3496500000002,89.3496500000002
7313,230.81279999999956,230.81279999999956
7314,535.6522666666655,535.6522666666655
7315,994.2376333333325,994.2376333333325
7316,1676.9332000000095,1676.9332000000095
7317,2321.8133416666806,2321.8133416666806
7318,2269.840141666679,2269.840141666679
7319,1792.4594583333405,1792.4594583333405
7320,1076.663866666668,1076.663866666668
7321,102.95908333333325,102.95908333333325
7322,73.9506416666668,73.9506416666668
7323,73.4845500000001,73.4845500000001
7324,68.35153333333345,68.35153333333345
7325,120.1471416666669,120.1471416666669
7326,145.34615,145.34615
7327,161.87596666666656,161.87596666666656
7328,229.9426499999996,229.9426499999996
7329,153.83964999999995,153.83964999999995
7330,80.0026416666667,80.0026416666667
7331,63.8011750000001,63.8011750000001
7332,69.45805833333345,69.45805833333345
7333,71.5004666666667,71.5004666666667
7334,77.1005250000001,77.1005250000001
7335,92.0910083333335,92.0910083333335
7336,105.33197500000006,105.33197500000006
7337,224.56929166666635,224.56929166666635
7338,658.4379249999985,658.4379249999985
7339,1149.7931000000026,1149.7931000000026
7340,1476.0768416666745,1476.0768416666745
7341,2147.4718083333473,2147.4718083333473
7342,2322.5810750000123,2322.5810750000123
7343,1944.34448333334,1944.34448333334
7344,880.8584333333325,880.8584333333325
7345,167.36657499999964,167.36657499999964
7346,80.3686333333335,80.3686333333335
7347,102.6494333333334,102.6494333333334
7348,63.45223333333335,63.45223333333335
7349,55.4603083333334,55.4603083333334
7350,71.1775750000001,71.1775750000001
7351,109.5890583333335,109.5890583333335
7352,172.88090833333314,172.88090833333314
7353,145.0646666666666,145.0646666666666
7354,76.3167333333335,76.3167333333335
7355,83.3997083333335,83.3997083333335
7356,109.99721666666684,109.99721666666684
7357,106.44004166666684,106.44004166666684
7358,66.36835000000005,66.36835000000005
7359,101.42394166666675,101.42394166666675
7360,121.4906750000001,121.4906750000001
7361,227.0279499999997,227.0279499999997
7362,533.464108333332,533.464108333332
7363,888.149183333332,888.149183333332
7364,1821.545000000011,1821.545000000011
7365,2450.120341666681,2450.120341666681
7366,2365.0119750000117,2365.0119750000117
7367,1520.841858333338,1520.841858333338
7368,956.8458416666665,956.8458416666665
7369,125.43223333333304,125.43223333333304
7370,64.15195000000006,64.15195000000006
7371,75.29305000000015,75.29305000000015
7372,118.68838333333355,118.68838333333355
7373,91.97359166666675,91.97359166666675
7374,115.9312916666668,115.9312916666668
7375,107.20396666666684,107.20396666666684
7376,163.1055166666665,163.1055166666665
7377,117.1670166666668,117.1670166666668
7378,83.0757083333334,83.0757083333334
7379,76.86696666666685,76.86696666666685
7380,62.28477500000015,62.28477500000015
7381,73.6007000000001,73.6007000000001
7382,130.99655000000016,130.99655000000016
7383,129.59750000000005,129.59750000000005
7384,105.9745000000001,105.9745000000001
7385,216.3728249999996,216.3728249999996
7386,501.540758333332,501.540758333332
7387,1137.4451333333354,1137.4451333333354
7388,1906.9024500000135,1906.9024500000135
7389,2266.3069166666805,2266.3069166666805
7390,2105.5326250000103,2105.5326250000103
7391,1844.4063916666746,1844.4063916666746
7392,901.376841666666,901.376841666666
7393,170.16428333333295,170.16428333333295
7394,54.0604916666668,54.0604916666668
7395,88.53280000000015,88.53280000000015
7396,55.11006666666665,55.11006666666665
7397,89.11570000000005,89.11570000000005
7398,119.7815833333334,119.7815833333334
7399,150.48719999999994,150.48719999999994
7400,227.97501666666594,227.97501666666594
7401,202.0644749999998,202.0644749999998
7402,111.39439166666685,111.39439166666685
7403,57.50190000000005,57.50190000000005
7404,48.75300000000003,48.75300000000003
7405,60.47675000000005,60.47675000000005
7406,65.55155000000005,65.55155000000005
7407,108.53975000000005,108.53975000000005
7408,119.6237416666668,119.6237416666668
7409,218.64262499999955,218.64262499999955
7410,636.0299249999985,636.0299249999985
7411,1073.1073999999994,1073.1073999999994
7412,1613.604550000007,1613.604550000007
7413,2152.677700000015,2152.677700000015
7414,2135.1710000000116,2135.1710000000116
7415,1911.96578333334,1911.96578333334
7416,867.7349333333325,867.7349333333325
7417,132.45904166666654,132.45904166666654
7418,68.3513000000001,68.3513000000001
7419,97.63061666666675,97.63061666666675
7420,89.46406666666675,89.46406666666675
7421,119.73656666666675,119.73656666666675
7422,115.4590916666668,115.4590916666668
7423,137.5390000000001,137.5390000000001
7424,156.265875,156.265875
7425,125.36600000000016,125.36600000000016
7426,86.1504416666668,86.1504416666668
7427,88.82494166666675,88.82494166666675
7428,100.13989166666686,100.13989166666686
7429,75.81706666666675,75.81706666666675
7430,70.9762333333334,70.9762333333334
7431,71.32590000000005,71.32590000000005
7432,72.08466666666675,72.08466666666675
7433,243.3252749999996,243.3252749999996
7434,630.6516333333325,630.6516333333325
7435,1025.351583333332,1025.351583333332
7436,1816.6379083333425,1816.6379083333425
7437,2315.4768083333456,2315.4768083333456
7438,2303.353158333345,2303.353158333345
7439,1677.2190166666744,1677.2190166666744
7440,841.539733333333,841.539733333333
7441,143.15064999999976,143.15064999999976
7442,71.5006833333334,71.5006833333334
7443,100.78100833333345,100.78100833333345
7444,83.45779166666685,83.45779166666685
7445,69.98341666666676,69.98341666666676
7446,65.61085833333345,65.61085833333345
7447,100.0317333333336,100.0317333333336
7448,190.68644999999964,190.68644999999964
7449,165.7552666666666,165.7552666666666
7450,73.59307500000016,73.59307500000016
7451,70.44977500000005,70.44977500000005
7452,71.44130833333345,71.44130833333345
7453,66.4835333333334,66.4835333333334
7454,71.26652500000004,71.26652500000004
7455,100.66500000000005,100.66500000000005
7456,105.50746666666684,105.50746666666684
7457,218.78042499999964,218.78042499999964
7458,593.960366666665,593.960366666665
7459,937.4321249999985,937.4321249999985
7460,2062.4639750000124,2062.4639750000124
7461,2389.4306166666784,2389.4306166666784
7462,2259.620133333343,2259.620133333343
7463,1628.219241666674,1628.219241666674
7464,735.7608916666665,735.7608916666665
7465,141.0172999999997,141.0172999999997
7466,55.8691416666667,55.8691416666667
7467,74.7675250000001,74.7675250000001
7468,69.4596166666668,69.4596166666668
7469,75.11743333333335,75.11743333333335
7470,63.7865250000001,63.7865250000001
7471,131.08868333333336,131.08868333333336
7472,171.46331666666634,171.46331666666634
7473,163.1723083333332,163.1723083333332
7474,88.6773916666668,88.6773916666668
7475,70.15906666666665,70.15906666666665
7476,80.30820833333345,80.30820833333345
7477,101.83104166666675,101.83104166666675
7478,118.74669166666695,118.74669166666695
7479,128.6047083333335,128.6047083333335
7480,120.14871666666684,120.14871666666684
7481,181.5605666666665,181.5605666666665
7482,458.4329999999987,458.4329999999987
7483,933.891583333332,933.891583333332
7484,1697.5739333333436,1697.5739333333436
7485,2387.9803833333467,2387.9803833333467
7486,2392.997850000012,2392.997850000012
7487,1812.1052416666735,1812.1052416666735
7488,963.714041666668,963.714041666668
7489,107.1159166666665,107.1159166666665
7490,84.5654833333334,84.5654833333334
7491,79.43274166666674,79.43274166666674
7492,75.23346666666674,75.23346666666674
7493,91.7405833333335,91.7405833333335
7494,125.5138833333335,125.5138833333335
7495,131.98605000000006,131.98605000000006
7496,176.51353333333284,176.51353333333284
7497,149.3731083333332,149.3731083333332
7498,64.69616666666676,64.69616666666676
7499,64.2093333333334,64.2093333333334
7500,50.4435083333334,50.4435083333334
7501,43.32755,43.32755
7502,62.51816666666665,62.51816666666665
7503,77.3342750000001,77.3342750000001
7504,66.8362083333334,66.8362083333334
7505,188.181008333333,188.181008333333
7506,534.0547749999985,534.0547749999985
7507,1290.8999666666696,1290.8999666666696
7508,2001.334333333344,2001.334333333344
7509,2411.704483333346,2411.704483333346
7510,2310.6278083333423,2310.6278083333423
7511,1596.2846916666724,1596.2846916666724
7512,680.1779166666645,680.1779166666645
7513,171.5185499999996,171.5185499999996
7514,31.07943333333333,31.07943333333333
7515,54.87761666666665,54.87761666666665
7516,69.8090750000001,69.8090750000001
7517,80.0163833333334,80.0163833333334
7518,93.3084500000001,93.3084500000001
7519,131.4540083333333,131.4540083333333
7520,172.8964666666661,172.8964666666661
7521,182.46134166666636,182.46134166666636
7522,127.0888833333335,127.0888833333335
7523,88.29765833333344,88.29765833333344
7524,79.8414000000001,79.8414000000001
7525,92.49927500000015,92.49927500000015
7526,85.26662500000015,85.26662500000015
7527,95.06650833333345,95.06650833333345
7528,132.6900666666666,132.6900666666666
7529,193.37089166666644,193.37089166666644
7530,608.9418666666655,608.9418666666655
7531,1034.3644999999985,1034.3644999999985
7532,1899.4337666666765,1899.4337666666765
7533,2368.670391666682,2368.670391666682
7534,2374.4216833333453,2374.4216833333453
7535,1567.257183333339,1567.257183333339
7536,901.6125249999996,901.6125249999996
7537,120.674233333333,120.674233333333
7538,66.54245833333346,66.54245833333346
7539,99.9648333333334,99.9648333333334
7540,81.5333750000001,81.5333750000001
7541,89.69875833333334,89.69875833333334
7542,84.1667000000001,84.1667000000001
7543,109.6866416666668,109.6866416666668
7544,184.38699166666666,184.38699166666666
7545,148.31661666666656,148.31661666666656
7546,101.35890833333345,101.35890833333345
7547,89.69934166666685,89.69934166666685
7548,81.3579666666668,81.3579666666668
7549,58.3184833333334,58.3184833333334
7550,73.48396666666675,73.48396666666675
7551,112.2729583333335,112.2729583333335
7552,118.1067333333335,118.1067333333335
7553,226.36590833333304,226.36590833333304
7554,721.0835666666655,721.0835666666655
7555,1141.7927166666666,1141.7927166666666
7556,1591.549866666676,1591.549866666676
7557,2565.782125000019,2565.782125000019
7558,2362.5569416666785,2362.5569416666785
7559,1510.1279166666704,1510.1279166666704
7560,741.3185749999985,741.3185749999985
7561,139.6654333333329,139.6654333333329
7562,71.6178250000001,71.6178250000001
7563,85.84866666666674,85.84866666666674
7564,79.7246166666668,79.7246166666668
7565,91.79814166666665,91.79814166666665
7566,92.8336500000001,92.8336500000001
7567,140.31771666666666,140.31771666666666
7568,206.2196166666662,206.2196166666662
7569,182.8227249999996,182.8227249999996
7570,114.0750250000001,114.0750250000001
7571,80.0166666666668,80.0166666666668
7572,71.7336083333334,71.7336083333334
7573,70.44945833333345,70.44945833333345
7574,65.1424500000001,65.1424500000001
7575,54.06070000000005,54.06070000000005
7576,65.49400000000006,65.49400000000006
7577,280.9675166666661,280.9675166666661
7578,793.1866249999985,793.1866249999985
7579,1221.739216666669,1221.739216666669
7580,1549.0575833333405,1549.0575833333405
7581,2070.4863166666787,2070.4863166666787
7582,2283.6152000000134,2283.6152000000134
7583,1820.2476000000086,1820.2476000000086
7584,966.5918500000005,966.5918500000005
7585,111.8166999999998,111.8166999999998
7586,61.1768416666667,61.1768416666667
7587,80.89120000000015,80.89120000000015
7588,77.21698333333345,77.21698333333345
7589,91.62476666666674,91.62476666666674
7590,89.6679833333335,89.6679833333335
7591,129.6103500000001,129.6103500000001
7592,183.8448499999998,183.8448499999998
7593,184.4275249999993,184.4275249999993
7594,81.52423333333356,81.52423333333356
7595,66.6008000000001,66.6008000000001
7596,69.6917583333334,69.6917583333334
7597,100.8384416666668,100.8384416666668
7598,130.4109583333334,130.4109583333334
7599,113.0885416666668,113.0885416666668
7600,120.2650166666668,120.2650166666668
7601,234.0221999999995,234.0221999999995
7602,620.522158333332,620.522158333332
7603,1239.883991666669,1239.883991666669
7604,1778.8350000000105,1778.8350000000105
7605,1926.899233333344,1926.899233333344
7606,2253.7766166666793,2253.7766166666793
7607,1775.6646166666744,1775.6646166666744
7608,917.8891000000006,917.8891000000006
7609,136.5160499999997,136.5160499999997
7610,62.9264500000001,62.9264500000001
7611,83.63137500000015,83.63137500000015
7612,98.27104166666685,98.27104166666685
7613,106.72864166666685,106.72864166666685
7614,79.2765833333335,79.2765833333335
7615,118.7616916666668,118.7616916666668
7616,201.77712499999944,201.77712499999944
7617,163.66687499999986,163.66687499999986
7618,118.65956666666675,118.65956666666675
7619,104.68991666666685,104.68991666666685
7620,101.89027500000014,101.89027500000014
7621,61.29293333333335,61.29293333333335
7622,78.9070583333335,78.9070583333335
7623,69.5761750000001,69.5761750000001
7624,72.5610750000001,72.5610750000001
7625,202.99562499999934,202.99562499999934
7626,641.391441666666,641.391441666666
7627,1323.3661833333356,1323.3661833333356
7628,1787.97157500001,1787.97157500001
7629,2204.462500000013,2204.462500000013
7630,2211.1931416666785,2211.1931416666785
7631,1649.3497666666724,1649.3497666666724
7632,757.746999999999,757.746999999999
7633,153.68239999999966,153.68239999999966
7634,42.21955,42.21955
7635,86.6073333333334,86.6073333333334
7636,75.93305833333345,75.93305833333345
7637,57.55976666666675,57.55976666666675
7638,87.01658333333344,87.01658333333344
7639,135.56375000000006,135.56375000000006
7640,209.52709166666605,209.52709166666605
7641,136.70015833333346,136.70015833333346
7642,86.95997500000016,86.95997500000016
7643,70.9761166666667,70.9761166666667
7644,64.50134166666675,64.50134166666675
7645,52.4861416666667,52.4861416666667
7646,96.64005000000004,96.64005000000004
7647,129.65548333333334,129.65548333333334
7648,138.87249999999995,138.87249999999995
7649,202.02561666666634,202.02561666666634
7650,613.401224999999,613.401224999999
7651,960.656908333332,960.656908333332
7652,1798.3813500000106,1798.3813500000106
7653,2227.8060916666805,2227.8060916666805
7654,2361.10621666668,2361.10621666668
7655,1735.139783333339,1735.139783333339
7656,809.3755333333326,809.3755333333326
7657,131.0840666666663,131.0840666666663
7658,33.82099166666664,33.82099166666664
7659,64.8514166666667,64.8514166666667
7660,85.7319416666666,85.7319416666666
7661,90.45643333333335,90.45643333333335
7662,85.5012000000001,85.5012000000001
7663,141.1387083333333,141.1387083333333
7664,195.2545583333328,195.2545583333328
7665,188.09610833333284,188.09610833333284
7666,110.17450000000005,110.17450000000005
7667,92.43952500000005,92.43952500000005
7668,73.59962500000005,73.59962500000005
7669,89.69852500000005,89.69852500000005
7670,92.1488666666668,92.1488666666668
7671,86.4334583333335,86.4334583333335
7672,95.59230833333355,95.59230833333355
7673,205.35346666666646,205.35346666666646
7674,600.379491666665,600.379491666665
7675,1311.71291666667,1311.71291666667
7676,1938.556116666678,1938.556116666678
7677,2296.4599083333464,2296.4599083333464
7678,2064.4443916666764,2064.4443916666764
7679,1600.8186750000066,1600.8186750000066
7680,888.149033333332,888.149033333332
7681,157.52524999999955,157.52524999999955
7682,70.1591083333334,70.1591083333334
7683,60.6521833333334,60.6521833333334
7684,88.29970000000004,88.29970000000004
7685,94.8908250000001,94.8908250000001
7686,99.44266666666675,99.44266666666675
7687,123.0193083333335,123.0193083333335
7688,152.62377499999994,152.62377499999994
7689,155.9568083333331,155.9568083333331
7690,79.7938083333335,79.7938083333335
7691,101.0731583333334,101.0731583333334
7692,133.09605833333356,133.09605833333356
7693,97.22365833333345,97.22365833333345
7694,87.2491666666668,87.2491666666668
7695,86.6656666666668,86.6656666666668
7696,82.1172000000001,82.1172000000001
7697,155.04235,155.04235
7698,647.0453333333315,647.0453333333315
7699,1126.6044500000005,1126.6044500000005
7700,1732.9163500000095,1732.9163500000095
7701,2422.088658333348,2422.088658333348
7702,2305.9891666666786,2305.9891666666786
7703,1616.924291666672,1616.924291666672
7704,882.893383333332,882.893383333332
7705,159.17573333333306,159.17573333333306
7706,55.5193583333334,55.5193583333334
7707,69.1670000000001,69.1670000000001
7708,61.05935833333335,61.05935833333335
7709,81.1834500000002,81.1834500000002
7710,73.35255000000015,73.35255000000015
7711,130.93610000000015,130.93610000000015
7712,190.1786083333327,190.1786083333327
7713,157.7409749999999,157.7409749999999
7714,104.91590000000015,104.91590000000015
7715,88.41568333333345,88.41568333333345
7716,100.1396416666668,100.1396416666668
7717,98.5658000000001,98.5658000000001
7718,81.5337333333334,81.5337333333334
7719,107.8394333333333,107.8394333333333
7720,125.10627499999995,125.10627499999995
7721,228.43269999999964,228.43269999999964
7722,625.3996166666655,625.3996166666655
7723,1167.4368833333344,1167.4368833333344
7724,1618.8860500000094,1618.8860500000094
7725,2371.389683333347,2371.389683333347
7726,2200.532058333344,2200.532058333344
7727,1736.7582250000096,1736.7582250000096
7728,979.8771500000005,979.8771500000005
7729,116.74214166666626,116.74214166666626
7730,53.01095,53.01095
7731,95.9395500000002,95.9395500000002
7732,99.90590000000005,99.90590000000005
7733,88.1823750000001,88.1823750000001
7734,109.24831666666675,109.24831666666675
7735,130.63005833333355,130.63005833333355
7736,201.1700416666662,201.1700416666662
7737,147.655675,147.655675
7738,114.99010000000025,114.99010000000025
7739,125.10373333333355,125.10373333333355
7740,100.25661666666674,100.25661666666674
7741,92.09112500000015,92.09112500000015
7742,120.9057333333333,120.9057333333333
7743,86.375325,86.375325
7744,85.3836666666668,85.3836666666668
7745,232.36412499999946,232.36412499999946
7746,534.4514749999985,534.4514749999985
7747,1150.497325000001,1150.497325000001
7748,1655.0415500000065,1655.0415500000065
7749,2224.129058333346,2224.129058333346
7750,2429.349383333344,2429.349383333344
7751,1730.2825416666724,1730.2825416666724
7752,881.297649999999,881.297649999999
7753,107.4342166666665,107.4342166666665
7754,44.90374166666667,44.90374166666667
7755,60.417975,60.417975
7756,64.38393333333335,64.38393333333335
7757,61.0010416666667,61.0010416666667
7758,93.68370833333346,93.68370833333346
7759,126.11039166666674,126.11039166666674
7760,193.79548333333295,193.79548333333295
7761,141.29729166666664,141.29729166666664
7762,81.53191666666675,81.53191666666675
7763,67.9424083333334,67.9424083333334
7764,70.4498250000001,70.4498250000001
7765,79.3154583333334,79.3154583333334
7766,110.4627000000002,110.4627000000002
7767,115.59700833333345,115.59700833333345
7768,124.75599999999994,124.75599999999994
7769,227.65629166666636,227.65629166666636
7770,721.306558333332,721.306558333332
7771,1075.090775000001,1075.090775000001
7772,1722.4325333333445,1722.4325333333445
7773,2453.2594583333494,2453.2594583333494
7774,2386.014158333347,2386.014158333347
7775,1498.7113083333386,1498.7113083333386
7776,712.5840499999985,712.5840499999985
7777,135.90854166666645,135.90854166666645
7778,37.20425833333332,37.20425833333332
7779,69.6349416666667,69.6349416666667
7780,65.61036666666665,65.61036666666665
7781,50.5028166666667,50.5028166666667
7782,79.6025833333334,79.6025833333334
7783,126.16423333333336,126.16423333333336
7784,166.38020833333306,166.38020833333306
7785,127.5674500000002,127.5674500000002
7786,91.2100083333335,91.2100083333335
7787,96.6402500000001,96.6402500000001
7788,92.90702500000005,92.90702500000005
7789,66.89285833333335,66.89285833333335
7790,69.28415000000005,69.28415000000005
7791,85.9087000000001,85.9087000000001
7792,106.44088333333345,106.44088333333345
7793,233.4092916666662,233.4092916666662
7794,606.2227083333315,606.2227083333315
7795,985.183175,985.183175
7796,1736.893716666679,1736.893716666679
7797,2574.0688166666823,2574.0688166666823
7798,2636.691358333346,2636.691358333346
7799,1572.5575250000045,1572.5575250000045
7800,834.4722916666665,834.4722916666665
7801,129.9504749999997,129.9504749999997
7802,79.78407500000004,79.78407500000004
7803,96.1145416666669,96.1145416666669
7804,113.14595833333355,113.14595833333355
7805,83.8658083333334,83.8658083333334
7806,61.9951000000001,61.9951000000001
7807,127.25515,127.25515
7808,130.25904166666675,130.25904166666675
7809,133.7301583333333,133.7301583333333
7810,92.75787500000015,92.75787500000015
7811,77.2169416666668,77.2169416666668
7812,109.1811000000001,109.1811000000001
7813,87.2491250000002,87.2491250000002
7814,62.75134166666675,62.75134166666675
7815,87.13212500000004,87.13212500000004
7816,84.8002833333335,84.8002833333335
7817,177.34079166666646,177.34079166666646
7818,584.0912249999985,584.0912249999985
7819,1041.1272499999995,1041.1272499999995
7820,1736.155383333345,1736.155383333345
7821,2409.6066000000146,2409.6066000000146
7822,2503.253133333347,2503.253133333347
7823,1777.2250583333396,1777.2250583333396
7824,698.135599999998,698.135599999998
7825,155.1344666666665,155.1344666666665
7826,31.604983333333276,31.604983333333276
7827,69.45963333333346,69.45963333333346
7828,58.0853833333334,58.0853833333334
7829,70.8002500000001,70.8002500000001
7830,80.00864166666675,80.00864166666675
7831,115.6271083333334,115.6271083333334
7832,176.77045833333295,176.77045833333295
7833,163.0041749999999,163.0041749999999
7834,101.7494250000001,101.7494250000001
7835,83.7488583333334,83.7488583333334
7836,78.55829166666675,78.55829166666675
7837,104.10489166666675,104.10489166666675
7838,112.03781666666676,112.03781666666676
7839,114.13867499999995,114.13867499999995
7840,78.44310833333346,78.44310833333346
7841,170.61944999999966,170.61944999999966
7842,620.4636916666655,620.4636916666655
7843,1213.6183666666684,1213.6183666666684
7844,1880.6633083333445,1880.6633083333445
7845,2323.246850000013,2323.246850000013
7846,2359.74846666668,2359.74846666668
7847,1463.1024750000045,1463.1024750000045
7848,720.592933333332,720.592933333332
7849,160.02546666666626,160.02546666666626
7850,61.9931333333334,61.9931333333334
7851,92.1484916666668,92.1484916666668
7852,115.6561833333334,115.6561833333334
7853,70.74273333333335,70.74273333333335
7854,80.05933333333346,80.05933333333346
7855,121.4761916666668,121.4761916666668
7856,179.16231666666644,179.16231666666644
7857,133.1400916666668,133.1400916666668
7858,56.7025250000002,56.7025250000002
7859,67.35992500000005,67.35992500000005
7860,55.45998333333345,55.45998333333345
7861,82.23199166666674,82.23199166666674
7862,86.19825833333346,86.19825833333346
7863,73.9506166666667,73.9506166666667
7864,112.62276666666665,112.62276666666665
7865,254.51046666666616,254.51046666666616
7866,764.9499666666655,764.9499666666655
7867,1237.435208333336,1237.435208333336
7868,1759.123775000009,1759.123775000009
7869,2350.665416666682,2350.665416666682
7870,2291.522575000012,2291.522575000012
7871,1595.5177666666734,1595.5177666666734
7872,839.455408333332,839.455408333332
7873,112.88445833333316,112.88445833333316
7874,52.54335000000005,52.54335000000005
7875,89.63978333333345,89.63978333333345
7876,103.9894416666668,103.9894416666668
7877,79.78298333333345,79.78298333333345
7878,58.83700000000005,58.83700000000005
7879,98.59145833333355,98.59145833333355
7880,174.65547499999985,174.65547499999985
7881,144.63122499999986,144.63122499999986
7882,105.38044166666675,105.38044166666675
7883,104.27825000000016,104.27825000000016
7884,83.2817583333334,83.2817583333334
7885,84.7991666666668,84.7991666666668
7886,69.6922416666668,69.6922416666668
7887,70.80130833333345,70.80130833333345
7888,101.5997333333335,101.5997333333335
7889,140.98915833333314,140.98915833333314
7890,466.0085583333319,466.0085583333319
7891,1027.204116666667,1027.204116666667
7892,1680.8891250000065,1680.8891250000065
7893,2478.4048333333467,2478.4048333333467
7894,2195.885441666678,2195.885441666678
7895,1819.8427833333426,1819.8427833333426
7896,911.8854749999995,911.8854749999995
7897,169.1076749999996,169.1076749999996
7898,61.52684166666675,61.52684166666675
7899,74.3000166666668,74.3000166666668
7900,70.45041666666675,70.45041666666675
7901,85.14835000000015,85.14835000000015
7902,80.04336666666686,80.04336666666686
7903,99.2160083333335,99.2160083333335
7904,183.44532499999954,183.44532499999954
7905,179.0354333333329,179.0354333333329
7906,117.3064333333334,117.3064333333334
7907,106.2638,106.2638
7908,94.94780833333336,94.94780833333336
7909,97.39787500000006,97.39787500000006
7910,70.74210833333345,70.74210833333345
7911,53.2448833333334,53.2448833333334
7912,66.89457500000005,66.89457500000005
7913,194.9407833333333,194.9407833333333
7914,678.8890249999985,678.8890249999985
7915,983.250308333332,983.250308333332
7916,1805.6790000000094,1805.6790000000094
7917,2500.989033333345,2500.989033333345
7918,2079.6796500000087,2079.6796500000087
7919,1647.0661083333405,1647.0661083333405
7920,811.9726166666655,811.9726166666655
7921,149.59799999999964,149.59799999999964
7922,77.85825000000015,77.85825000000015
7923,78.4411250000001,78.4411250000001
7924,70.27582500000005,70.27582500000005
7925,85.96585833333344,85.96585833333344
7926,75.0021750000001,75.0021750000001
7927,147.00486666666666,147.00486666666666
7928,155.5995166666665,155.5995166666665
7929,174.3056916666663,174.3056916666663
7930,145.9380416666665,145.9380416666665
7931,98.7985750000002,98.7985750000002
7932,88.24121666666674,88.24121666666674
7933,82.40887500000005,82.40887500000005
7934,79.2011416666667,79.2011416666667
7935,99.3244583333334,99.3244583333334
7936,108.59954166666685,108.59954166666685
7937,188.58860833333316,188.58860833333316
7938,700.677408333332,700.677408333332
7939,1412.8197333333385,1412.8197333333385
7940,1800.281758333344,1800.281758333344
7941,2315.5279166666824,2315.5279166666824
7942,2127.7177166666766,2127.7177166666766
7943,1363.146850000002,1363.146850000002
7944,742.367174999998,742.367174999998
7945,138.2083499999997,138.2083499999997
7946,101.94778333333355,101.94778333333355
7947,122.88723333333355,122.88723333333355
7948,107.43070833333346,107.43070833333346
7949,77.68346666666675,77.68346666666675
7950,74.0352250000001,74.0352250000001
7951,140.24545000000006,140.24545000000006
7952,169.0467749999997,169.0467749999997
7953,157.36557499999984,157.36557499999984
7954,98.2409166666668,98.2409166666668
7955,87.59829166666675,87.59829166666675
7956,91.0400916666668,91.0400916666668
7957,77.5085750000001,77.5085750000001
7958,53.1862916666667,53.1862916666667
7959,70.2762250000001,70.2762250000001
7960,74.5934083333335,74.5934083333335
7961,164.24914166666645,164.24914166666645
7962,632.5859499999985,632.5859499999985
7963,1164.847091666669,1164.847091666669
7964,1749.4158500000076,1749.4158500000076
7965,2135.555258333345,2135.555258333345
7966,2401.4059083333455,2401.4059083333455
7967,1566.672616666673,1566.672616666673
7968,902.622325,902.622325
7969,120.4518083333332,120.4518083333332
7970,66.95134166666675,66.95134166666675
7971,104.80525000000014,104.80525000000014
7972,112.09615833333335,112.09615833333335
7973,61.0016666666668,61.0016666666668
7974,62.6031250000001,62.6031250000001
7975,115.61034166666676,115.61034166666676
7976,193.2121166666662,193.2121166666662
7977,183.17542499999956,183.17542499999956
7978,146.45310833333326,146.45310833333326
7979,109.93955000000015,109.93955000000015
7980,73.6009833333334,73.6009833333334
7981,72.7836750000001,72.7836750000001
7982,53.06897500000015,53.06897500000015
7983,75.2923583333334,75.2923583333334
7984,87.8921916666668,87.8921916666668
7985,168.2284749999999,168.2284749999999
7986,667.704374999999,667.704374999999
7987,1120.799366666667,1120.799366666667
7988,1775.985225000009,1775.985225000009
7989,2350.5180750000145,2350.5180750000145
7990,2244.2082916666786,2244.2082916666786
7991,1746.7835083333396,1746.7835083333396
7992,905.383516666666,905.383516666666
7993,129.73251666666636,129.73251666666636
7994,73.2498416666667,73.2498416666667
7995,81.0079583333335,81.0079583333335
7996,85.73210833333346,85.73210833333346
7997,78.9661666666668,78.9661666666668
7998,72.9021750000001,72.9021750000001
7999,81.8904333333335,81.8904333333335
8000,176.45481666666626,176.45481666666626
8001,139.99719166666654,139.99719166666654
8002,81.72371666666675,81.72371666666675
8003,86.43210833333345,86.43210833333345
8004,87.83150000000005,87.83150000000005
8005,62.2264583333334,62.2264583333334
8006,78.6168250000001,78.6168250000001
8007,95.0661416666668,95.0661416666668
8008,108.4244833333334,108.4244833333334
8009,219.6770749999999,219.6770749999999
8010,532.677708333332,532.677708333332
8011,1026.8578166666675,1026.8578166666675
8012,1920.159233333343,1920.159233333343
8013,2225.3427416666786,2225.3427416666786
8014,2467.434766666681,2467.434766666681
8015,1648.526808333341,1648.526808333341
8016,898.8772083333325,898.8772083333325
8017,107.7271083333331,107.7271083333331
8018,60.06847500000005,60.06847500000005
8019,73.95064166666685,73.95064166666685
8020,95.06520000000015,95.06520000000015
8021,123.0041083333335,123.0041083333335
8022,92.11705833333345,92.11705833333345
8023,99.17322500000014,99.17322500000014
8024,172.0980583333331,172.0980583333331
8025,177.7200416666662,177.7200416666662
8026,128.07936666666674,128.07936666666674
8027,73.89210833333345,73.89210833333345
8028,66.19197500000006,66.19197500000006
8029,97.1642166666668,97.1642166666668
8030,83.63259166666676,83.63259166666676
8031,74.1833833333334,74.1833833333334
8032,60.94345000000005,60.94345000000005
8033,186.25827500000005,186.25827500000005
8034,671.740258333332,671.740258333332
8035,1070.4837583333324,1070.4837583333324
8036,1761.15530000001,1761.15530000001
8037,2251.134075000013,2251.134075000013
8038,2080.533216666679,2080.533216666679
8039,1538.894633333338,1538.894633333338
8040,974.0516833333335,974.0516833333335
8041,126.06781666666635,126.06781666666635
8042,52.3111666666667,52.3111666666667
8043,64.7935500000001,64.7935500000001
8044,65.901625,65.901625
8045,62.75177500000005,62.75177500000005
8046,67.96959166666674,67.96959166666674
8047,104.5397250000001,104.5397250000001
8048,175.9472083333329,175.9472083333329
8049,136.0345833333334,136.0345833333334
8050,106.44228333333355,106.44228333333355
8051,90.6891916666668,90.6891916666668
8052,77.79860833333335,77.79860833333335
8053,92.96483333333344,92.96483333333344
8054,91.9144916666667,91.9144916666667
8055,71.3829333333334,71.3829333333334
8056,99.73072500000005,99.73072500000005
8057,205.8200583333333,205.8200583333333
8058,649.8100999999986,649.8100999999986
8059,1140.677650000001,1140.677650000001
8060,1734.875991666679,1734.875991666679
8061,2304.943075000015,2304.943075000015
8062,2051.380916666675,2051.380916666675
8063,1556.0071416666715,1556.0071416666715
8064,826.0819499999985,826.0819499999985
8065,136.7839499999997,136.7839499999997
8066,49.62765000000005,49.62765000000005
8067,67.8833333333334,67.8833333333334
8068,87.30690000000006,87.30690000000006
8069,97.57313333333344,97.57313333333344
8070,94.91760833333345,94.91760833333345
8071,128.26140833333346,128.26140833333346
8072,182.36290833333314,182.36290833333314
8073,173.65382499999976,173.65382499999976
8074,91.39259166666685,91.39259166666685
8075,62.05110833333345,62.05110833333345
8076,51.66875000000005,51.66875000000005
8077,63.6837416666667,63.6837416666667
8078,90.3406250000001,90.3406250000001
8079,91.5653666666668,91.5653666666668
8080,122.0727083333333,122.0727083333333
8081,268.0744083333331,268.0744083333331
8082,727.729358333332,727.729358333332
8083,1128.935550000001,1128.935550000001
8084,1645.9774916666765,1645.9774916666765
8085,2352.515533333348,2352.515533333348
8086,2095.9127000000103,2095.9127000000103
8087,1289.0187333333356,1289.0187333333356
8088,823.6421333333315,823.6421333333315
8089,116.55059166666665,116.55059166666665
8090,58.7852083333335,58.7852083333335
8091,61.81831666666685,61.81831666666685
8092,78.32495000000014,78.32495000000014
8093,92.03255833333345,92.03255833333345
8094,93.4520833333335,93.4520833333335
8095,141.4725833333332,141.4725833333332
8096,175.78042499999955,175.78042499999955
8097,140.36000833333324,140.36000833333324
8098,77.3358583333334,77.3358583333334
8099,77.62521666666674,77.62521666666674
8100,73.9499916666667,73.9499916666667
8101,84.7987916666668,84.7987916666668
8102,99.3230083333334,99.3230083333334
8103,89.29089166666675,89.29089166666675
8104,115.1896416666667,115.1896416666667
8105,280.54297499999944,280.54297499999944
8106,607.511524999999,607.511524999999
8107,1111.065358333334,1111.065358333334
8108,1905.7963166666766,1905.7963166666766
8109,2274.385566666681,2274.385566666681
8110,2202.1695833333447,2202.1695833333447
8111,1433.4379250000045,1433.4379250000045
8112,915.0848499999995,915.0848499999995
8113,158.46745833333324,158.46745833333324
8114,55.1114,55.1114
8115,55.63560000000005,55.63560000000005
8116,55.40132500000005,55.40132500000005
8117,75.6405083333334,75.6405083333334
8118,89.01618333333334,89.01618333333334
8119,144.71179166666676,144.71179166666676
8120,206.35281666666634,206.35281666666634
8121,141.2977916666667,141.2977916666667
8122,89.43413333333355,89.43413333333355
8123,93.19862500000015,93.19862500000015
8124,82.5250666666668,82.5250666666668
8125,86.60778333333344,86.60778333333344
8126,93.19900000000015,93.19900000000015
8127,98.33188333333335,98.33188333333335
8128,112.5060250000002,112.5060250000002
8129,172.7276416666665,172.7276416666665
8130,494.59125833333195,494.59125833333195
8131,1357.122033333339,1357.122033333339
8132,1707.746600000009,1707.746600000009
8133,2285.484858333346,2285.484858333346
8134,1989.7246500000094,1989.7246500000094
8135,1557.572400000006,1557.572400000006
8136,833.0427083333325,833.0427083333325
8137,89.52695,89.52695
8138,69.57615000000006,69.57615000000006
8139,83.63357500000005,83.63357500000005
8140,102.76534166666676,102.76534166666676
8141,73.65969166666675,73.65969166666675
8142,89.3513166666667,89.3513166666667
8143,139.5461666666667,139.5461666666667
8144,167.4314333333332,167.4314333333332
8145,157.43885000000006,157.43885000000006
8146,79.43532500000015,79.43532500000015
8147,84.5659083333334,84.5659083333334
8148,65.7260083333334,65.7260083333334
8149,79.72467500000015,79.72467500000015
8150,105.9728500000001,105.9728500000001
8151,86.5499000000001,86.5499000000001
8152,113.67187500000026,113.67187500000026
8153,188.7187416666664,188.7187416666664
8154,444.8241916666651,444.8241916666651
8155,1125.5241916666685,1125.5241916666685
8156,1671.783441666677,1671.783441666677
8157,2134.3166416666786,2134.3166416666786
8158,2051.46897500001,2051.46897500001
8159,1690.6652000000056,1690.6652000000056
8160,984.7510666666665,984.7510666666665
8161,86.10119166666675,86.10119166666675
8162,50.96885833333335,50.96885833333335
8163,57.2096666666667,57.2096666666667
8164,84.5657500000001,84.5657500000001
8165,85.03270000000015,85.03270000000015
8166,72.41970000000015,72.41970000000015
8167,100.0975833333335,100.0975833333335
8168,159.36451666666625,159.36451666666625
8169,146.35642499999994,146.35642499999994
8170,110.5639166666668,110.5639166666668
8171,97.1632833333336,97.1632833333336
8172,87.01477500000006,87.01477500000006
8173,103.347525,103.347525
8174,74.06686666666675,74.06686666666675
8175,82.6411916666668,82.6411916666668
8176,103.05699166666675,103.05699166666675
8177,193.2042666666661,193.2042666666661
8178,717.277408333332,717.277408333332
8179,1015.2159333333325,1015.2159333333325
8180,1546.249166666673,1546.249166666673
8181,2259.047866666679,2259.047866666679
8182,2291.3909833333446,2291.3909833333446
8183,1575.558058333338,1575.558058333338
8184,765.7740749999984,765.7740749999984
8185,149.9840166666665,149.9840166666665
8186,62.05140000000005,62.05140000000005
8187,98.91384166666676,98.91384166666676
8188,82.17363333333346,82.17363333333346
8189,84.33180000000004,84.33180000000004
8190,105.24969166666685,105.24969166666685
8191,110.44805000000025,110.44805000000025
8192,183.2794749999995,183.2794749999995
8193,153.6149833333332,153.6149833333332
8194,82.12459166666684,82.12459166666684
8195,90.4570666666667,90.4570666666667
8196,97.74792500000005,97.74792500000005
8197,83.63192500000005,83.63192500000005
8198,70.9157166666667,70.9157166666667
8199,69.10865000000005,69.10865000000005
8200,86.4329416666668,86.4329416666668
8201,198.1352749999999,198.1352749999999
8202,486.6500916666649,486.6500916666649
8203,987.037816666667,987.037816666667
8204,1984.8172083333454,1984.8172083333454
8205,2304.2662166666796,2304.2662166666796
8206,2154.392808333346,2154.392808333346
8207,1467.3120416666716,1467.3120416666716
8208,723.483733333332,723.483733333332
8209,130.35902499999986,130.35902499999986
8210,42.39518333333335,42.39518333333335
8211,56.85990833333335,56.85990833333335
8212,80.2498083333335,80.2498083333335
8213,85.44120000000015,85.44120000000015
8214,68.0522916666668,68.0522916666668
8215,123.8789750000001,123.8789750000001
8216,182.10350833333305,182.10350833333305
8217,155.8041416666665,155.8041416666665
8218,100.54910833333355,100.54910833333355
8219,98.1557000000002,98.1557000000002
8220,98.3312166666668,98.3312166666668
8221,87.24870000000006,87.24870000000006
8222,84.50685000000006,84.50685000000006
8223,106.73035833333346,106.73035833333346
8224,106.20616666666675,106.20616666666675
8225,166.02119166666645,166.02119166666645
8226,629.267441666665,629.267441666665
8227,1129.3190916666674,1129.3190916666674
8228,1815.7815583333436,1815.7815583333436
8229,2213.8730583333454,2213.8730583333454
8230,1986.40262500001,1986.40262500001
8231,1346.461850000004,1346.461850000004
8232,904.6620916666665,904.6620916666665
8233,123.3752999999998,123.3752999999998
8234,65.66820000000006,65.66820000000006
8235,78.4994166666668,78.4994166666668
8236,61.00201666666675,61.00201666666675
8237,69.75095000000005,69.75095000000005
8238,67.43665000000016,67.43665000000016
8239,71.06328333333344,71.06328333333344
8240,134.4336500000001,134.4336500000001
8241,205.42848333333296,205.42848333333296
8242,119.62340833333344,119.62340833333344
8243,90.45741666666675,90.45741666666675
8244,120.5539166666668,120.5539166666668
8245,113.4960083333335,113.4960083333335
8246,114.2549916666669,114.2549916666669
8247,119.4465583333335,119.4465583333335
8248,92.2076416666668,92.2076416666668
8249,174.8649583333332,174.8649583333332
8250,594.131641666665,594.131641666665
8251,1161.359891666667,1161.359891666667
8252,1742.584825000009,1742.584825000009
8253,2286.075450000014,2286.075450000014
8254,1969.508508333344,1969.508508333344
8255,1490.084450000006,1490.084450000006
8256,909.0096083333325,909.0096083333325
8257,114.41629999999995,114.41629999999995
8258,66.54337500000015,66.54337500000015
8259,79.8412000000001,79.8412000000001
8260,96.98988333333345,96.98988333333345
8261,89.9325750000002,89.9325750000002
8262,98.56650000000005,98.56650000000005
8263,107.67182500000015,107.67182500000015
8264,177.92114999999984,177.92114999999984
8265,145.4820166666666,145.4820166666666
8266,106.3663666666668,106.3663666666668
8267,90.63239166666675,90.63239166666675
8268,81.47462500000005,81.47462500000005
8269,71.26765833333344,71.26765833333344
8270,83.74957500000015,83.74957500000015
8271,74.0082666666668,74.0082666666668
8272,86.8996166666668,86.8996166666668
8273,225.26935833333306,225.26935833333306
8274,535.6828749999985,535.6828749999985
8275,1005.7080166666655,1005.7080166666655
8276,1749.3884916666755,1749.3884916666755
8277,2366.2236916666816,2366.2236916666816
8278,2218.261758333344,2218.261758333344
8279,1650.827533333338,1650.827533333338
8280,729.2754833333325,729.2754833333325
8281,149.1077749999996,149.1077749999996
8282,63.4508083333334,63.4508083333334
8283,60.0676333333334,60.0676333333334
8284,83.6319583333334,83.6319583333334
8285,89.87312500000014,89.87312500000014
8286,79.77559166666676,79.77559166666676
8287,119.6431500000002,119.6431500000002
8288,175.75496666666655,175.75496666666655
8289,145.46591666666666,145.46591666666666
8290,102.25190833333355,102.25190833333355
8291,102.5892416666669,102.5892416666669
8292,89.40684166666685,89.40684166666685
8293,71.6745500000001,71.6745500000001
8294,59.0178583333334,59.0178583333334
8295,74.88320833333346,74.88320833333346
8296,87.8912166666668,87.8912166666668
8297,150.1399166666665,150.1399166666665
8298,551.048658333332,551.048658333332
8299,1071.2235250000006,1071.2235250000006
8300,1732.040750000009,1732.040750000009
8301,2347.0096083333483,2347.0096083333483
8302,2245.2555083333423,2245.2555083333423
8303,1417.947533333337,1417.947533333337
8304,755.180974999999,755.180974999999
8305,156.13379166666635,156.13379166666635
8306,35.92171666666666,35.92171666666666
8307,63.21850833333345,63.21850833333345
8308,82.11650000000014,82.11650000000014
8309,81.88331666666674,81.88331666666674
8310,103.0241916666668,103.0241916666668
8311,124.23831666666685,124.23831666666685
8312,187.46964999999946,187.46964999999946
8313,168.754333333333,168.754333333333
8314,115.67577500000014,115.67577500000014
8315,71.44252500000005,71.44252500000005
8316,80.0744416666667,80.0744416666667
8317,61.29278333333335,61.29278333333335
8318,67.1256500000001,67.1256500000001
8319,69.57569166666676,69.57569166666676
8320,86.31674166666674,86.31674166666674
8321,191.96840833333314,191.96840833333314
8322,593.8658499999985,593.8658499999985
8323,1112.9680333333336,1112.9680333333336
8324,1857.4343000000106,1857.4343000000106
8325,2575.593625000015,2575.593625000015
8326,1981.788041666676,1981.788041666676
8327,1344.607808333337,1344.607808333337
8328,774.593908333332,774.593908333332
8329,154.98348333333294,154.98348333333294
8330,89.5240416666668,89.5240416666668
8331,85.61595000000005,85.61595000000005
8332,91.09790833333345,91.09790833333345
8333,107.54658333333354,107.54658333333354
8334,106.7583500000001,106.7583500000001
8335,144.54589166666665,144.54589166666665
8336,190.1037833333331,190.1037833333331
8337,194.55567499999935,194.55567499999935
8338,142.54731666666666,142.54731666666666
8339,118.2217000000002,118.2217000000002
8340,76.16737500000015,76.16737500000015
8341,64.85180000000015,64.85180000000015
8342,70.3923000000001,70.3923000000001
8343,115.94724166666676,115.94724166666676
8344,94.36658333333355,94.36658333333355
8345,175.25414999999984,175.25414999999984
8346,592.4073749999985,592.4073749999985
8347,1008.949933333332,1008.949933333332
8348,1611.451233333343,1611.451233333343
8349,2459.6440666666813,2459.6440666666813
8350,2424.910358333346,2424.910358333346
8351,1416.52619166667,1416.52619166667
8352,691.1026416666645,691.1026416666645
8353,146.29891666666626,146.29891666666626
8354,70.04252500000015,70.04252500000015
8355,56.3357250000001,56.3357250000001
8356,106.1478833333335,106.1478833333335
8357,141.26078333333334,141.26078333333334
8358,119.68248333333335,119.68248333333335
8359,132.2388083333333,132.2388083333333
8360,181.5784416666664,181.5784416666664
8361,140.44845833333326,140.44845833333326
8362,96.0175083333335,96.0175083333335
8363,68.35121666666674,68.35121666666674
8364,79.89921666666665,79.89921666666665
8365,82.2321500000001,82.2321500000001
8366,92.6724583333334,92.6724583333334
8367,75.6413666666667,75.6413666666667
8368,78.7341000000001,78.7341000000001
8369,173.5400583333332,173.5400583333332
8370,620.7656999999984,620.7656999999984
8371,1052.5533083333326,1052.5533083333326
8372,1827.055658333343,1827.055658333343
8373,2330.4005916666824,2330.4005916666824
8374,1999.568733333344,1999.568733333344
8375,1519.5869166666696,1519.5869166666696
8376,960.74875,960.74875
8377,104.37617499999985,104.37617499999985
8378,69.9855833333334,69.9855833333334
8379,66.89409166666685,66.89409166666685
8380,93.49055833333335,93.49055833333335
8381,99.6721166666667,99.6721166666667
8382,78.33468333333344,78.33468333333344
8383,111.48184166666685,111.48184166666685
8384,176.73803333333316,176.73803333333316
8385,195.66844999999964,195.66844999999964
8386,154.3107083333333,154.3107083333333
8387,106.14730833333346,106.14730833333346
8388,72.55095000000004,72.55095000000004
8389,74.4174666666668,74.4174666666668
8390,86.9572583333335,86.9572583333335
8391,81.47399166666675,81.47399166666675
8392,81.69135833333345,81.69135833333345
8393,190.13055833333325,190.13055833333325
8394,472.0205583333319,472.0205583333319
8395,1164.8955333333356,1164.8955333333356
8396,1976.3088083333455,1976.3088083333455
8397,2197.2275250000107,2197.2275250000107
8398,2002.606633333344,2002.606633333344
8399,1686.3559500000065,1686.3559500000065
8400,760.660799999999,760.660799999999
8401,142.8079666666663,142.8079666666663
8402,65.3180250000001,65.3180250000001
8403,88.8236000000001,88.8236000000001
8404,81.76605000000005,81.76605000000005
8405,110.5795750000002,110.5795750000002
8406,126.44694166666675,126.44694166666675
8407,135.99438333333345,135.99438333333345
8408,164.25515,164.25515
8409,150.39820833333334,150.39820833333334
8410,107.2746500000001,107.2746500000001
8411,84.6828750000001,84.6828750000001
8412,103.0563833333334,103.0563833333334
8413,86.1999250000001,86.1999250000001
8414,64.61837500000004,64.61837500000004
8415,65.78497500000014,65.78497500000014
8416,76.51856666666674,76.51856666666674
8417,155.3164166666664,155.3164166666664
8418,641.0771666666654,641.0771666666654
8419,1017.0792499999995,1017.0792499999995
8420,1479.4313250000055,1479.4313250000055
8421,1991.415108333345,1991.415108333345
8422,2139.1066583333427,2139.1066583333427
8423,1709.6983583333415,1709.6983583333415
8424,938.6914083333335,938.6914083333335
8425,141.7666416666665,141.7666416666665
8426,89.05755000000015,89.05755000000015
8427,92.2656750000001,92.2656750000001
8428,76.05033333333346,76.05033333333346
8429,55.4611583333334,55.4611583333334
8430,62.18717500000015,62.18717500000015
8431,104.55735833333355,104.55735833333355
8432,140.42612499999984,140.42612499999984
8433,145.4146166666666,145.4146166666666
8434,146.44372499999994,146.44372499999994
8435,118.74455833333334,118.74455833333334
8436,68.0580583333334,68.0580583333334
8437,40.76217499999998,40.76217499999998
8438,59.7766,59.7766
8439,84.74084166666675,84.74084166666675
8440,91.74070833333344,91.74070833333344
8441,225.76244999999966,225.76244999999966
8442,687.3342999999985,687.3342999999985
8443,1205.641733333335,1205.641733333335
8444,1634.9808916666746,1634.9808916666746
8445,2444.3716333333473,2444.3716333333473
8446,1983.881541666679,1983.881541666679
8447,1424.4682500000035,1424.4682500000035
8448,750.966583333332,750.966583333332
8449,144.4982916666664,144.4982916666664
8450,52.19416666666675,52.19416666666675
8451,52.77741666666675,52.77741666666675
8452,47.81867500000005,47.81867500000005
8453,73.89215833333346,73.89215833333346
8454,76.45995833333345,76.45995833333345
8455,130.3354916666667,130.3354916666667
8456,185.6294249999998,185.6294249999998
8457,142.63235833333334,142.63235833333334
8458,99.7764333333336,99.7764333333336
8459,82.58234166666675,82.58234166666675
8460,94.01429166666685,94.01429166666685
8461,102.47132500000015,102.47132500000015
8462,113.3795833333335,113.3795833333335
8463,86.8999166666669,86.8999166666669
8464,90.4001500000001,90.4001500000001
8465,205.41702499999974,205.41702499999974
8466,476.205349999999,476.205349999999
8467,962.0763333333325,962.0763333333325
8468,1817.5352750000116,1817.5352750000116
8469,2292.5629250000143,2292.5629250000143
8470,2066.1812750000113,2066.1812750000113
8471,1584.4247333333385,1584.4247333333385
8472,881.3461499999995,881.3461499999995
8473,136.67482499999974,136.67482499999974
8474,66.2518833333335,66.2518833333335
8475,107.83855833333345,107.83855833333345
8476,110.34569166666695,110.34569166666695
8477,87.24805000000015,87.24805000000015
8478,73.3428666666667,73.3428666666667
8479,113.76365833333355,113.76365833333355
8480,176.79706666666644,176.79706666666644
8481,144.0917083333334,144.0917083333334
8482,76.50370000000015,76.50370000000015
8483,65.4930166666668,65.4930166666668
8484,89.40727500000006,89.40727500000006
8485,94.1900416666668,94.1900416666668
8486,71.4426583333334,71.4426583333334
8487,66.07659166666674,66.07659166666674
8488,84.80005833333345,84.80005833333345
8489,268.1268499999996,268.1268499999996
8490,564.102358333332,564.102358333332
8491,1098.017466666669,1098.017466666669
8492,1728.7813250000095,1728.7813250000095
8493,2493.6835333333447,2493.6835333333447
8494,2042.1743833333414,2042.1743833333414
8495,1333.937450000004,1333.937450000004
8496,875.826308333333,875.826308333333
8497,131.64001666666644,131.64001666666644
8498,53.88558333333335,53.88558333333335
8499,90.9236083333335,90.9236083333335
8500,92.031475,92.031475
8501,108.18818333333355,108.18818333333355
8502,100.7824750000001,100.7824750000001
8503,131.2793500000001,131.2793500000001
8504,175.47137499999965,175.47137499999965
8505,171.1475749999997,171.1475749999997
8506,88.0683916666668,88.0683916666668
8507,60.5932916666668,60.5932916666668
8508,66.8348250000001,66.8348250000001
8509,71.61756666666675,71.61756666666675
8510,90.22441666666676,90.22441666666676
8511,77.56684166666675,77.56684166666675
8512,97.0483166666668,97.0483166666668
8513,155.85802499999986,155.85802499999986
8514,545.2058249999985,545.2058249999985
8515,881.2725583333315,881.2725583333315
8516,1723.60060000001,1723.60060000001
8517,2370.1977750000146,2370.1977750000146
8518,2113.271283333345,2113.271283333345
8519,1665.965291666674,1665.965291666674
8520,842.1479833333325,842.1479833333325
8521,98.5103333333331,98.5103333333331
8522,40.353583333333354,40.353583333333354
8523,41.927766666666756,41.927766666666756
8524,45.89464166666669,45.89464166666669
8525,65.0848666666668,65.0848666666668
8526,61.41284166666675,61.41284166666675
8527,126.6236416666668,126.6236416666668
8528,198.5532333333329,198.5532333333329
8529,184.8356166666662,184.8356166666662
8530,116.46468333333345,116.46468333333345
8531,87.4245750000002,87.4245750000002
8532,87.0749083333334,87.0749083333334
8533,89.8755333333335,89.8755333333335
8534,83.9250916666668,83.9250916666668
8535,103.69826666666675,103.69826666666675
8536,109.3560166666668,109.3560166666668
8537,184.40572499999956,184.40572499999956
8538,560.3850749999986,560.3850749999986
8539,1152.0181083333346,1152.0181083333346
8540,1696.970083333344,1696.970083333344
8541,2399.4566500000155,2399.4566500000155
8542,1957.71877500001,1957.71877500001
8543,1595.353008333338,1595.353008333338
8544,896.328058333333,896.328058333333
8545,141.75817499999965,141.75817499999965
8546,74.35963333333345,74.35963333333345
8547,98.91470000000025,98.91470000000025
8548,113.1460166666669,113.1460166666669
8549,84.56500000000015,84.56500000000015
8550,63.4028750000001,63.4028750000001
8551,83.1813666666669,83.1813666666669
8552,178.24639999999954,178.24639999999954
8553,181.6587999999996,181.6587999999996
8554,140.3264416666667,140.3264416666667
8555,77.7995666666668,77.7995666666668
8556,68.1759750000001,68.1759750000001
8557,67.7680583333334,67.7680583333334
8558,109.88040000000005,109.88040000000005
8559,109.58877500000006,109.58877500000006
8560,69.34345833333334,69.34345833333334
8561,158.7546666666666,158.7546666666666
8562,629.050341666665,629.050341666665
8563,1329.4900916666716,1329.4900916666716
8564,1832.574391666677,1832.574391666677
8565,2221.5107750000143,2221.5107750000143
8566,1983.674733333341,1983.674733333341
8567,1421.1373250000024,1421.1373250000024
8568,774.797074999998,774.797074999998
8569,148.7002666666663,148.7002666666663
8570,49.162049999999994,49.162049999999994
8571,71.6767083333334,71.6767083333334
8572,75.99240833333344,75.99240833333344
8573,87.6579083333334,87.6579083333334
8574,118.41533333333345,118.41533333333345
8575,136.9187166666669,136.9187166666669
8576,191.59515833333316,191.59515833333316
8577,120.46710833333346,120.46710833333346
8578,88.34098333333336,88.34098333333336
8579,88.8814333333334,88.8814333333334
8580,111.57135000000015,111.57135000000015
8581,101.48136666666674,101.48136666666674
8582,82.4079833333335,82.4079833333335
8583,54.8771750000001,54.8771750000001
8584,60.9433583333334,60.9433583333334
8585,154.468458333333,154.468458333333
8586,554.864583333332,554.864583333332
8587,1083.5067083333336,1083.5067083333336
8588,1706.3670166666745,1706.3670166666745
8589,2538.9782333333487,2538.9782333333487
8590,1915.918816666677,1915.918816666677
8591,1663.516625000007,1663.516625000007
8592,885.6026749999995,885.6026749999995
8593,154.57503333333304,154.57503333333304
8594,37.729333333333344,37.729333333333344
8595,48.17019166666672,48.17019166666672
8596,94.3069666666667,94.3069666666667
8597,103.69798333333345,103.69798333333345
8598,126.3142833333335,126.3142833333335
8599,189.089383333333,189.089383333333
8600,205.2182499999994,205.2182499999994
8601,203.83435833333286,203.83435833333286
8602,104.67256666666675,104.67256666666675
8603,81.0084166666668,81.0084166666668
8604,69.69301666666675,69.69301666666675
8605,78.49949166666676,78.49949166666676
8606,69.40036666666676,69.40036666666676
8607,69.57519166666665,69.57519166666665
8608,45.95258333333333,45.95258333333333
8609,251.8695583333329,251.8695583333329
8610,547.964766666665,547.964766666665
8611,1025.1391249999995,1025.1391249999995
8612,1920.5082833333445,1920.5082833333445
8613,2296.7289166666815,2296.7289166666815
8614,2134.7233333333456,2134.7233333333456
8615,1448.040308333338,1448.040308333338
8616,842.100183333333,842.100183333333
8617,184.37461666666616,184.37461666666616
8618,73.7750416666668,73.7750416666668
8619,83.5156500000001,83.5156500000001
8620,73.54122500000015,73.54122500000015
8621,67.12622500000015,67.12622500000015
8622,84.7192583333334,84.7192583333334
8623,119.7361916666668,119.7361916666668
8624,175.66329999999965,175.66329999999965
8625,157.700108333333,157.700108333333
8626,84.2699416666668,84.2699416666668
8627,84.15827500000005,84.15827500000005
8628,93.95761666666675,93.95761666666675
8629,91.1001083333335,91.1001083333335
8630,80.71672500000015,80.71672500000015
8631,96.5229083333334,96.5229083333334
8632,124.5792083333335,124.5792083333335
8633,219.4418166666663,219.4418166666663
8634,476.8120249999987,476.8120249999987
8635,1241.1144166666686,1241.1144166666686
8636,1817.1069083333416,1817.1069083333416
8637,2172.703308333345,2172.703308333345
8638,1966.1747500000106,1966.1747500000106
8639,1509.275241666671,1509.275241666671
8640,765.363674999999,765.363674999999
8641,153.68310833333305,153.68310833333305
8642,60.0100666666667,60.0100666666667
8643,87.0743583333335,87.0743583333335
8644,80.89129166666685,80.89129166666685
8645,124.11303333333345,124.11303333333345
8646,146.5964833333333,146.5964833333333
8647,139.7346166666667,139.7346166666667
8648,188.3949666666663,188.3949666666663
8649,148.5062999999999,148.5062999999999
8650,89.81755833333345,89.81755833333345
8651,56.4521166666667,56.4521166666667
8652,49.394716666666675,49.394716666666675
8653,60.41859166666675,60.41859166666675
8654,61.46810000000005,61.46810000000005
8655,86.6660833333334,86.6660833333334
8656,94.59912500000014,94.59912500000014
8657,224.66651666666635,224.66651666666635
8658,563.348683333332,563.348683333332
8659,1037.7915583333315,1037.7915583333315
8660,1960.355225000011,1960.355225000011
8661,2290.976975000013,2290.976975000013
8662,2034.391833333343,2034.391833333343
8663,1372.0344500000035,1372.0344500000035
8664,905.3643666666675,905.3643666666675
8665,161.1999916666663,161.1999916666663
8666,53.36092500000005,53.36092500000005
8667,85.55753333333345,85.55753333333345
8668,96.2892500000001,96.2892500000001
8669,76.9243750000001,76.9243750000001
8670,100.49855000000015,100.49855000000015
8671,122.3363333333335,122.3363333333335
8672,185.6956666666663,185.6956666666663
8673,140.5955666666668,140.5955666666668
8674,107.8058000000001,107.8058000000001
8675,92.43963333333335,92.43963333333335
8676,80.13297500000014,80.13297500000014
8677,83.1074916666667,83.1074916666667
8678,92.61491666666674,92.61491666666674
8679,83.69118333333356,83.69118333333356
8680,58.66895,58.66895
8681,176.3633,176.3633
8682,565.162549999999,565.162549999999
8683,1045.3233166666664,1045.3233166666664
8684,1935.772916666677,1935.772916666677
8685,2377.0714166666803,2377.0714166666803
8686,2120.94640000001,2120.94640000001
8687,1379.0863416666714,1379.0863416666714
8688,837.3748999999995,837.3748999999995
8689,115.37624999999974,115.37624999999974
8690,52.25295000000005,52.25295000000005
8691,61.00235833333335,61.00235833333335
8692,102.0640666666667,102.0640666666667
8693,118.5119666666668,118.5119666666668
8694,104.88254166666675,104.88254166666675
8695,149.57592500000004,149.57592500000004
8696,187.3361416666666,187.3361416666666
8697,159.38948333333306,159.38948333333306
8698,88.26990000000015,88.26990000000015
8699,76.1666416666667,76.1666416666667
8700,103.11364166666685,103.11364166666685
8701,86.84015833333345,86.84015833333345
8702,72.9000833333334,72.9000833333334
8703,55.3436416666667,55.3436416666667
8704,71.3261750000001,71.3261750000001
8705,168.24487499999964,168.24487499999964
8706,624.2263666666655,624.2263666666655
8707,1196.021975000002,1196.021975000002
8708,1955.5605583333465,1955.5605583333465
8709,2166.04491666668,2166.04491666668
8710,1850.6552750000085,1850.6552750000085
8711,1610.1645250000056,1610.1645250000056
8712,982.6531416666675,982.6531416666675
8713,151.86644999999984,151.86644999999984
8714,46.6533333333333,46.6533333333333
8715,75.87450833333345,75.87450833333345
8716,66.2502416666667,66.2502416666667
8717,68.8171583333334,68.8171583333334
8718,65.9030500000001,65.9030500000001
8719,128.5550333333335,128.5550333333335
8720,178.56359166666644,178.56359166666644
8721,156.64021666666656,156.64021666666656
8722,123.45806666666675,123.45806666666675
8723,109.764325,109.764325
8724,87.0742000000001,87.0742000000001
8725,96.8723166666667,96.8723166666667
8726,90.63148333333335,90.63148333333335
8727,85.79020000000006,85.79020000000006
8728,84.1577333333336,84.1577333333336
8729,160.69599999999974,160.69599999999974
8730,598.023358333332,598.023358333332
8731,1217.2095750000035,1217.2095750000035
8732,1772.415816666677,1772.415816666677
8733,2052.5875583333464,2052.5875583333464
8734,2122.652591666677,2122.652591666677
8735,1518.5522166666706,1518.5522166666706
8736,906.35105,906.35105
8737,125.10152499999965,125.10152499999965
8738,50.3859333333333,50.3859333333333
8739,52.60200000000005,52.60200000000005
8740,70.6248916666668,70.6248916666668
8741,83.9239666666668,83.9239666666668
8742,85.1092416666667,85.1092416666667
8743,102.62874166666685,102.62874166666685
8744,173.59683333333314,173.59683333333314
8745,154.05776666666665,154.05776666666665
8746,90.59300833333354,90.59300833333354
8747,67.30032500000014,67.30032500000014
8748,67.4163416666668,67.4163416666668
8749,79.60727500000004,79.60727500000004
8750,102.93883333333345,102.93883333333345
8751,102.7636666666668,102.7636666666668
8752,92.38243333333335,92.38243333333335
8753,199.5751499999997,199.5751499999997
8754,673.980316666665,673.980316666665
8755,1053.9715749999996,1053.9715749999996
8756,1772.7410750000095,1772.7410750000095
8757,2562.5137750000144,2562.5137750000144
8758,1815.4686416666766,1815.4686416666766
8759,1590.552966666673,1590.552966666673
8760,866.977008333333,866.977008333333
