Periods,2022,2023
1,84.52274666666675,84.52274666666675
2,259.4123466666671,259.4123466666671
3,374.7606666666669,374.7606666666669
4,271.35664000000037,271.35664000000037
5,293.00842666666694,293.00842666666694
6,224.11898666666704,224.11898666666704
7,378.5316000000003,378.5316000000003
8,578.553279999999,578.553279999999
9,420.9352266666669,420.9352266666669
10,233.96018666666689,233.96018666666689
11,237.57226666666702,237.57226666666702
12,230.6672266666669,230.6672266666669
13,331.6468000000003,331.6468000000003
14,370.0961866666674,370.0961866666674
15,392.4996266666669,392.4996266666669
16,389.5169333333338,389.5169333333338
17,437.6740533333331,437.6740533333331
18,466.8816533333333,466.8816533333333
19,1588.5159466666635,1588.5159466666635
20,2903.742053333328,2903.742053333328
21,4097.618293333343,4097.618293333343
22,3217.803519999997,3217.803519999997
23,2565.9762399999954,2565.9762399999954
24,1387.5484799999977,1387.5484799999977
25,79.85728000000005,79.85728000000005
26,174.4892266666669,174.4892266666669
27,243.92173333333358,243.92173333333358
28,322.68114666666725,322.68114666666725
29,290.20488000000034,290.20488000000034
30,240.75362666666706,240.75362666666706
31,380.1179466666671,380.1179466666671
32,615.263573333332,615.263573333332
33,526.4672533333327,526.4672533333327
34,340.5050133333338,340.5050133333338
35,321.7542400000003,321.7542400000003
36,346.3912266666669,346.3912266666669
37,213.30997333333363,213.30997333333363
38,201.5532533333336,201.5532533333336
39,312.61048000000017,312.61048000000017
40,355.54317333333364,355.54317333333364
41,309.6291733333335,309.6291733333335
42,455.3813866666663,455.3813866666663
43,1160.761039999996,1160.761039999996
44,2535.8404266666607,2535.8404266666607
45,3561.1011200000003,3561.1011200000003
46,4223.486693333342,4223.486693333342
47,2838.11517333333,2838.11517333333
48,1469.9267999999965,1469.9267999999965
49,85.45765333333335,85.45765333333335
50,117.74802666666663,117.74802666666663
51,201.55362666666704,201.55362666666704
52,219.2846400000002,219.2846400000002
53,186.99325333333346,186.99325333333346
54,194.2003733333336,194.2003733333336
55,259.7891200000005,259.7891200000005
56,541.6173599999989,541.6173599999989
57,496.2866666666664,496.2866666666664
58,343.7808800000003,343.7808800000003
59,290.5846400000005,290.5846400000005
60,325.8599200000005,325.8599200000005
61,382.03992000000085,382.03992000000085
62,402.57269333333375,402.57269333333375
63,365.2449866666672,365.2449866666672
64,340.9870933333339,340.9870933333339
65,381.86426666666694,381.86426666666694
66,686.2251999999993,686.2251999999993
67,1565.3929066666635,1565.3929066666635
68,2634.9171199999955,2634.9171199999955
69,4060.7595200000087,4060.7595200000087
70,3808.831093333338,3808.831093333338
71,2644.0463466666624,2644.0463466666624
72,1231.984826666664,1231.984826666664
73,72.9525866666667,72.9525866666667
74,161.42192,161.42192
75,243.91917333333345,243.91917333333345
76,224.5086133333336,224.5086133333336
77,234.7753066666669,234.7753066666669
78,247.9754933333336,247.9754933333336
79,371.5899733333335,371.5899733333335
80,493.91541333333316,493.91541333333316
81,445.5698133333332,445.5698133333332
82,316.5031466666672,316.5031466666672
83,285.356826666667,285.356826666667
84,285.35720000000015,285.35720000000015
85,202.66949333333378,202.66949333333378
86,194.83090666666672,194.83090666666672
87,341.5402400000002,341.5402400000002
88,412.1013066666669,412.1013066666669
89,497.59029333333285,497.59029333333285
90,590.189946666666,590.189946666666
91,1341.1074666666623,1341.1074666666623
92,2797.681359999995,2797.681359999995
93,3699.850266666669,3699.850266666669
94,3729.948213333335,3729.948213333335
95,2526.80109333333,2526.80109333333
96,1642.5637333333298,1642.5637333333298
97,87.51135999999991,87.51135999999991
98,165.34437333333346,165.34437333333346
99,207.15256000000034,207.15256000000034
100,233.0953066666669,233.0953066666669
101,274.904106666667,274.904106666667
102,283.1502133333336,283.1502133333336
103,463.42202666666674,463.42202666666674
104,679.4431199999985,679.4431199999985
105,489.5067199999997,489.5067199999997
106,299.7020000000005,299.7020000000005
107,278.63528000000036,278.63528000000036
108,258.8504266666672,258.8504266666672
109,215.9251466666667,215.9251466666667
110,256.8011466666671,256.8011466666671
111,250.2709866666669,250.2709866666669
112,321.5745600000005,321.5745600000005
113,262.96472000000017,262.96472000000017
114,379.20528000000036,379.20528000000036
115,1108.4406133333298,1108.4406133333298
116,2667.942106666664,2667.942106666664
117,4668.704053333348,4668.704053333348
118,4025.9581333333394,4025.9581333333394
119,2247.332479999997,2247.332479999997
120,1218.831039999998,1218.831039999998
121,84.15250666666657,84.15250666666657
122,204.91253333333376,204.91253333333376
123,210.69797333333378,210.69797333333378
124,269.1189333333336,269.1189333333336
125,282.0002400000005,282.0002400000005
126,252.75360000000015,252.75360000000015
127,332.61458666666704,332.61458666666704
128,638.1710666666654,638.1710666666654
129,541.7205866666659,541.7205866666659
130,404.443333333333,404.443333333333
131,274.1560533333336,274.1560533333336
132,188.48424000000017,188.48424000000017
133,216.85640000000018,216.85640000000018
134,226.3765866666669,226.3765866666669
135,294.3192266666671,294.3192266666671
136,287.97706666666704,287.97706666666704
137,322.5087466666666,322.5087466666666
138,609.300639999999,609.300639999999
139,1048.2761333333303,1048.2761333333303
140,2551.463893333328,2551.463893333328
141,3954.755813333339,3954.755813333339
142,3666.2585866666655,3666.2585866666655
143,2501.0079466666625,2501.0079466666625
144,1461.270906666664,1461.270906666664
145,104.6828000000001,104.6828000000001
146,229.9203466666669,229.9203466666669
147,281.8121066666674,281.8121066666674
148,270.05298666666704,270.05298666666704
149,269.1211733333336,269.1211733333336
150,261.4472533333339,261.4472533333339
151,358.9198933333338,358.9198933333338
152,584.6271999999989,584.6271999999989
153,521.2694933333327,521.2694933333327
154,434.1526666666668,434.1526666666668
155,319.32610666666676,319.32610666666676
156,307.1965866666671,307.1965866666671
157,249.33216000000016,249.33216000000016
158,236.08186666666688,236.08186666666688
159,222.45912000000033,222.45912000000033
160,345.2788533333341,345.2788533333341
161,415.6486133333335,415.6486133333335
162,480.50098666666594,480.50098666666594
163,1251.1119999999964,1251.1119999999964
164,2220.077919999994,2220.077919999994
165,3395.6324533333363,3395.6324533333363
166,3624.0487200000007,3624.0487200000007
167,3490.14744,3490.14744
168,1627.1402933333313,1627.1402933333313
169,74.44538666666664,74.44538666666664
170,236.2697333333336,236.2697333333336
171,292.8231733333336,292.8231733333336
172,265.0137333333336,265.0137333333336
173,270.4244800000003,270.4244800000003
174,301.97525333333374,301.97525333333374
175,437.5208000000002,437.5208000000002
176,668.4596799999981,668.4596799999981
177,593.1817333333317,593.1817333333317
178,393.5130666666671,393.5130666666671
179,289.83474666666706,289.83474666666706
180,249.33202666666705,249.33202666666705
181,149.66114666666675,149.66114666666675
182,256.0498400000002,256.0498400000002
183,259.97389333333325,259.97389333333325
184,342.66653333333346,342.66653333333346
185,459.13890666666595,459.13890666666595
186,502.82127999999966,502.82127999999966
187,1473.4936799999957,1473.4936799999957
188,2595.815653333328,2595.815653333328
189,3450.6722399999985,3450.6722399999985
190,3443.6938933333313,3443.6938933333313
191,2428.1225066666625,2428.1225066666625
192,1534.7777866666627,1534.7777866666627
193,76.12389333333338,76.12389333333338
194,139.77010666666678,139.77010666666678
195,291.1436266666667,291.1436266666667
196,352.73768000000035,352.73768000000035
197,417.3177066666674,417.3177066666674
198,320.74624000000017,320.74624000000017
199,329.76552000000066,329.76552000000066
200,592.7360266666658,592.7360266666658
201,416.12762666666686,416.12762666666686
202,274.5310933333336,274.5310933333336
203,258.29245333333364,258.29245333333364
204,296.5569066666674,296.5569066666674
205,320.63488000000035,320.63488000000035
206,323.8068533333336,323.8068533333336
207,366.55122666666693,366.55122666666693
208,358.5305333333341,358.5305333333341
209,355.35845333333396,355.35845333333396
210,519.4773333333325,519.4773333333325
211,1395.9455733333289,1395.9455733333289
212,2441.5505066666606,2441.5505066666606
213,3745.104053333338,3745.104053333338
214,3724.1839733333345,3724.1839733333345
215,2625.950346666663,2625.950346666663
216,1477.2011999999968,1477.2011999999968
217,79.11133333333336,79.11133333333336
218,133.23813333333348,133.23813333333348
219,174.48792000000034,174.48792000000034
220,263.3315466666667,263.3315466666667
221,279.1966400000002,279.1966400000002
222,275.8709333333335,275.8709333333335
223,300.4816266666675,300.4816266666675
224,532.5006933333332,532.5006933333332
225,485.9708266666666,485.9708266666666
226,322.9637866666671,322.9637866666671
227,237.94493333333364,237.94493333333364
228,328.0966933333341,328.0966933333341
229,356.09466666666754,356.09466666666754
230,357.0324266666669,357.0324266666669
231,271.92016,271.92016
232,306.4554933333336,306.4554933333336
233,390.0771733333338,390.0771733333338
234,776.2613066666648,776.2613066666648
235,1382.9858399999962,1382.9858399999962
236,2729.0130133333296,2729.0130133333296
237,3903.6872533333426,3903.6872533333426
238,3415.050959999997,3415.050959999997
239,2778.904319999997,2778.904319999997
240,1274.1020266666642,1274.1020266666642
241,60.26096000000001,60.26096000000001
242,121.29280000000008,121.29280000000008
243,156.19344000000018,156.19344000000018
244,186.24554666666705,186.24554666666705
245,222.26725333333343,222.26725333333343
246,313.54586666666705,313.54586666666705
247,402.7022666666671,402.7022666666671
248,637.1309066666656,637.1309066666656
249,503.88351999999907,503.88351999999907
250,255.6824800000003,255.6824800000003
251,154.70328000000018,154.70328000000018
252,220.9615733333336,220.9615733333336
253,315.592346666667,315.592346666667
254,258.2915733333336,258.2915733333336
255,363.19301333333345,363.19301333333345
256,444.5769866666666,444.5769866666666
257,381.49040000000065,381.49040000000065
258,452.0158399999997,452.0158399999997
259,1406.888799999996,1406.888799999996
260,2695.9868266666595,2695.9868266666595
261,3758.502693333338,3758.502693333338
262,3411.662906666664,3411.662906666664
263,2841.2919733333297,2841.2919733333297
264,1421.218666666664,1421.218666666664
265,65.67197333333338,65.67197333333338
266,222.0829066666669,222.0829066666669
267,286.8513333333336,286.8513333333336
268,280.69210666666686,280.69210666666686
269,218.53797333333378,218.53797333333378
270,211.37013333333377,211.37013333333377
271,269.36368000000067,269.36368000000067
272,509.647093333333,509.647093333333
273,497.6263733333327,497.6263733333327
274,282.19554666666687,282.19554666666687
275,188.4848,188.4848
276,197.07213333333345,197.07213333333345
277,256.42669333333373,256.42669333333373
278,301.97042666666704,301.97042666666704
279,407.24664,407.24664
280,488.4422399999997,488.4422399999997
281,437.2998400000001,437.2998400000001
282,533.4305866666664,533.4305866666664
283,1399.5710399999964,1399.5710399999964
284,3065.84493333333,3065.84493333333
285,4027.4519200000063,4027.4519200000063
286,3792.7457866666687,3792.7457866666687
287,2653.8699733333297,2653.8699733333297
288,1241.3303999999973,1241.3303999999973
289,56.1526666666666,56.1526666666666
290,128.94455999999988,128.94455999999988
291,144.80786666666674,144.80786666666674
292,217.04026666666687,217.04026666666687
293,270.0479200000004,270.0479200000004
294,240.16034666666707,240.16034666666707
295,328.7012533333339,328.7012533333339
296,458.373786666667,458.373786666667
297,468.77002666666624,468.77002666666624
298,301.2240266666672,301.2240266666672
299,278.2638933333338,278.2638933333338
300,231.9752000000002,231.9752000000002
301,375.1302666666668,375.1302666666668
302,351.0555466666667,351.0555466666667
303,309.99469333333377,309.99469333333377
304,390.2581333333336,390.2581333333336
305,269.1255466666672,269.1255466666672
306,536.9871466666658,536.9871466666658
307,1282.8725866666634,1282.8725866666634
308,2644.4785866666643,2644.4785866666643
309,3918.089013333334,3918.089013333334
310,3458.5163199999984,3458.5163199999984
311,2958.9011466666625,2958.9011466666625
312,1422.4236533333305,1422.4236533333305
313,48.12850666666671,48.12850666666671
314,140.3320000000002,140.3320000000002
315,144.4360800000001,144.4360800000001
316,183.26072,183.26072
317,223.0158400000003,223.0158400000003
318,214.62205333333347,214.62205333333347
319,411.00058666666695,411.00058666666695
320,657.206266666665,657.206266666665
321,590.3883199999988,590.3883199999988
322,373.58658666666673,373.58658666666673
323,340.7891733333341,340.7891733333341
324,345.4550133333338,345.4550133333338
325,419.557786666667,419.557786666667
326,347.3272000000005,347.3272000000005
327,295.43928000000045,295.43928000000045
328,309.25672000000066,309.25672000000066
329,289.47253333333396,289.47253333333396
330,321.47373333333377,321.47373333333377
331,930.0909866666642,930.0909866666642
332,2340.965333333325,2340.965333333325
333,3766.376666666669,3766.376666666669
334,3620.6145333333343,3620.6145333333343
335,3229.9598399999986,3229.9598399999986
336,1632.336426666664,1632.336426666664
337,91.80269333333327,91.80269333333327
338,183.26021333333347,183.26021333333347
339,254.1865333333336,254.1865333333336
340,324.9244800000002,324.9244800000002
341,286.28989333333396,286.28989333333396
342,181.95645333333377,181.95645333333377
343,380.75210666666675,380.75210666666675
344,606.4085333333313,606.4085333333313
345,572.0955733333321,572.0955733333321
346,302.8616800000005,302.8616800000005
347,277.88800000000015,277.88800000000015
348,268.1842666666669,268.1842666666669
349,304.5818666666669,304.5818666666669
350,226.56482666666722,226.56482666666722
351,281.62733333333375,281.62733333333375
352,344.5319733333333,344.5319733333333
353,395.30194666666694,395.30194666666694
354,444.76765333333344,444.76765333333344
355,1336.937466666663,1336.937466666663
356,2510.700159999994,2510.700159999994
357,3691.396880000002,3691.396880000002
358,3166.6113599999953,3166.6113599999953
359,2650.082266666661,2650.082266666661
360,1754.9642933333298,1754.9642933333298
361,49.24877333333335,49.24877333333335
362,182.88856000000018,182.88856000000018
363,211.25997333333376,211.25997333333376
364,242.0546400000005,242.0546400000005
365,278.4504533333336,278.4504533333336
366,272.26880000000034,272.26880000000034
367,380.57557333333364,380.57557333333364
368,641.371813333332,641.371813333332
369,495.2175733333333,495.2175733333333
370,356.0728800000005,356.0728800000005
371,398.2796533333338,398.2796533333338
372,447.92749333333336,447.92749333333336
373,382.2247733333338,382.2247733333338
374,273.78776,273.78776
375,288.53669333333363,288.53669333333363
376,335.20120000000037,335.20120000000037
377,328.66930666666724,328.66930666666724
378,556.0715199999993,556.0715199999993
379,1169.946639999996,1169.946639999996
380,2407.502853333328,2407.502853333328
381,4160.279306666678,4160.279306666678
382,3692.4308800000053,3692.4308800000053
383,2339.7921333333297,2339.7921333333297
384,1431.7251466666642,1431.7251466666642
385,82.09781333333342,82.09781333333342
386,177.10288000000048,177.10288000000048
387,340.79624000000035,340.79624000000035
388,347.69984000000034,347.69984000000034
389,344.33922666666695,344.33922666666695
390,332.1077866666674,332.1077866666674
391,395.10781333333364,395.10781333333364
392,506.58077333333296,506.58077333333296
393,531.7809333333322,531.7809333333322
394,280.1401333333341,280.1401333333341
395,279.56989333333325,279.56989333333325
396,288.1549066666669,288.1549066666669
397,160.67576000000017,160.67576000000017
398,236.2718666666669,236.2718666666669
399,277.8942933333339,277.8942933333339
400,343.5993600000005,343.5993600000005
401,319.70864000000034,319.70864000000034
402,508.6136533333328,508.6136533333328
403,1299.1849333333284,1299.1849333333284
404,2535.0480799999937,2535.0480799999937
405,3470.23184,3470.23184
406,3603.4348800000016,3603.4348800000016
407,3075.986986666664,3075.986986666664
408,1653.583626666664,1653.583626666664
409,87.32341333333329,87.32341333333329
410,234.21493333333342,234.21493333333342
411,293.00565333333407,293.00565333333407
412,316.3360533333341,316.3360533333341
413,264.6367466666669,264.6367466666669
414,229.39600000000016,229.39600000000016
415,294.7469066666672,294.7469066666672
416,579.6415466666645,579.6415466666645
417,488.04751999999917,488.04751999999917
418,347.11968000000036,347.11968000000036
419,295.2500266666669,295.2500266666669
420,318.2091200000003,318.2091200000003
421,237.3888533333338,237.3888533333338
422,336.31434666666706,336.31434666666706
423,299.9177333333339,299.9177333333339
424,298.2417066666671,298.2417066666671
425,323.81565333333396,323.81565333333396
426,461.94717333333296,461.94717333333296
427,1230.0867199999964,1230.0867199999964
428,2583.3816533333265,2583.3816533333265
429,3365.7230933333312,3365.7230933333312
430,3675.2326133333345,3675.2326133333345
431,2929.257279999994,2929.257279999994
432,1799.2541599999968,1799.2541599999968
433,117.7487733333335,117.7487733333335
434,181.76736000000017,181.76736000000017
435,282.37213333333364,282.37213333333364
436,341.3514666666669,341.3514666666669
437,324.7385333333338,324.7385333333338
438,178.40840000000017,178.40840000000017
439,268.5108533333339,268.5108533333339
440,525.5676266666666,525.5676266666666
441,468.9234933333338,468.9234933333338
442,382.52096000000006,382.52096000000006
443,331.08208000000053,331.08208000000053
444,262.7727466666666,262.7727466666666
445,181.76704,181.76704
446,142.7583200000002,142.7583200000002
447,206.78002666666723,206.78002666666723
448,325.3070933333336,325.3070933333336
449,372.1571200000003,372.1571200000003
450,577.0031466666659,577.0031466666659
451,1238.6692799999955,1238.6692799999955
452,2851.0005333333297,2851.0005333333297
453,3624.447813333333,3624.447813333333
454,3671.0216266666657,3671.0216266666657
455,2731.46173333333,2731.46173333333
456,1504.9444799999974,1504.9444799999974
457,64.73965333333327,64.73965333333327
458,195.7671466666669,195.7671466666669
459,326.0438666666671,326.0438666666671
460,326.233893333334,326.233893333334
461,240.3760533333336,240.3760533333336
462,281.28610666666685,281.28610666666685
463,422.84527999999983,422.84527999999983
464,657.7413333333317,657.7413333333317
465,588.0445333333322,588.0445333333322
466,288.9120000000005,288.9120000000005
467,290.2070133333339,290.2070133333339
468,287.9667200000005,287.9667200000005
469,308.5007733333334,308.5007733333334
470,217.7902933333336,217.7902933333336
471,219.4723200000005,219.4723200000005
472,298.6144000000005,298.6144000000005
473,302.7223733333339,302.7223733333339
474,468.3169333333333,468.3169333333333
475,1445.1634666666625,1445.1634666666625
476,2287.9077866666594,2287.9077866666594
477,3630.1788800000004,3630.1788800000004
478,3708.7654666666695,3708.7654666666695
479,2675.517039999995,2675.517039999995
480,1342.5614666666627,1342.5614666666627
481,62.311599999999856,62.311599999999856
482,182.6988266666669,182.6988266666669
483,169.44629333333376,169.44629333333376
484,178.78120000000035,178.78120000000035
485,203.60493333333363,203.60493333333363
486,254.03280000000032,254.03280000000032
487,472.49671999999987,472.49671999999987
488,644.4342666666649,644.4342666666649
489,620.2751466666655,620.2751466666655
490,304.58688000000046,304.58688000000046
491,317.8344533333336,317.8344533333336
492,343.0348800000004,343.0348800000004
493,357.03101333333376,357.03101333333376
494,310.7423733333338,310.7423733333338
495,333.5196800000007,333.5196800000007
496,448.1258133333331,448.1258133333331
497,422.36719999999997,422.36719999999997
498,455.42776000000003,455.42776000000003
499,1097.7754933333297,1097.7754933333297
500,2341.457519999994,2341.457519999994
501,4012.470400000005,4012.470400000005
502,3724.9929333333366,3724.9929333333366
503,2733.3337599999954,2733.3337599999954
504,1583.8926133333293,1583.8926133333293
505,145.18258666666682,145.18258666666682
506,238.69104000000016,238.69104000000016
507,302.5244800000005,302.5244800000005
508,289.46061333333347,289.46061333333347
509,313.16496000000035,313.16496000000035
510,323.0633333333338,323.0633333333338
511,367.8561866666674,367.8561866666674
512,563.565706666666,563.565706666666
513,565.9556533333329,565.9556533333329
514,317.94624000000033,317.94624000000033
515,310.5506133333336,310.5506133333336
516,258.47728000000046,258.47728000000046
517,295.06408000000033,295.06408000000033
518,321.1950933333335,321.1950933333335
519,267.2540266666671,267.2540266666671
520,257.7378666666668,257.7378666666668
521,295.06928000000033,295.06928000000033
522,471.260133333333,471.260133333333
523,1213.7410933333283,1213.7410933333283
524,2422.2799466666593,2422.2799466666593
525,3881.081626666667,3881.081626666667
526,3676.667973333333,3676.667973333333
527,2665.46517333333,2665.46517333333
528,1394.0208533333298,1394.0208533333298
529,45.515173333333315,45.515173333333315
530,134.36103999999995,134.36103999999995
531,162.9171733333333,162.9171733333333
532,235.89557333333346,235.89557333333346
533,307.74888000000004,307.74888000000004
534,313.8356533333336,313.8356533333336
535,277.8348800000005,277.8348800000005
536,529.4059999999995,529.4059999999995
537,561.346026666666,561.346026666666
538,365.96458666666706,365.96458666666706
539,251.0132266666672,251.0132266666672
540,188.85978666666688,188.85978666666688
541,189.7933333333336,189.7933333333336
542,262.40128000000067,262.40128000000067
543,283.8668800000005,283.8668800000005
544,375.51789333333363,375.51789333333363
545,432.4464799999999,432.4464799999999
546,532.7331199999993,532.7331199999993
547,1225.1385599999965,1225.1385599999965
548,2466.5303199999953,2466.5303199999953
549,3616.5440533333312,3616.5440533333312
550,3868.0177866666672,3868.0177866666672
551,3089.453866666666,3089.453866666666
552,1380.2164799999973,1380.2164799999973
553,68.65783999999991,68.65783999999991
554,141.4512533333334,141.4512533333334
555,281.43805333333364,281.43805333333364
556,323.8070133333335,323.8070133333335
557,335.3791466666669,335.3791466666669
558,336.50434666666723,336.50434666666723
559,426.86408000000023,426.86408000000023
560,535.085439999999,535.085439999999
561,497.6189333333335,497.6189333333335
562,334.6892533333338,334.6892533333338
563,264.44869333333344,264.44869333333344
564,295.8080533333336,295.8080533333336
565,243.73320000000018,243.73320000000018
566,236.27074666666692,236.27074666666692
567,293.94624000000033,293.94624000000033
568,353.3054666666669,353.3054666666669
569,398.28954666666687,398.28954666666687
570,454.37448000000006,454.37448000000006
571,1374.2024266666622,1374.2024266666622
572,2185.538346666661,2185.538346666661
573,3486.0996000000014,3486.0996000000014
574,3705.0390133333344,3705.0390133333344
575,2777.3321066666626,2777.3321066666626
576,1412.9085866666637,1412.9085866666637
577,53.16725333333327,53.16725333333327
578,175.4200000000002,175.4200000000002
579,250.82653333333343,250.82653333333343
580,203.23248000000018,203.23248000000018
581,206.96437333333344,206.96437333333344
582,244.99493333333345,244.99493333333345
583,337.6937600000008,337.6937600000008
584,512.2867733333328,512.2867733333328
585,425.56109333333364,425.56109333333364
586,232.6383466666669,232.6383466666669
587,252.69474666666707,252.69474666666707
588,326.2319733333336,326.2319733333336
589,346.5770933333335,346.5770933333335
590,403.5031733333338,403.5031733333338
591,427.7746666666674,427.7746666666674
592,506.5477066666663,506.5477066666663
593,453.16565333333347,453.16565333333347
594,523.4466933333325,523.4466933333325
595,894.26797333333,894.26797333333
596,2193.117786666661,2193.117786666661
597,3771.6920800000053,3771.6920800000053
598,3830.264240000005,3830.264240000005
599,3026.3446133333296,3026.3446133333296
600,1749.3932799999952,1749.3932799999952
601,80.79207999999991,80.79207999999991
602,169.44960000000003,169.44960000000003
603,270.23933333333395,270.23933333333395
604,340.2328266666672,340.2328266666672
605,404.8141866666672,404.8141866666672
606,330.8816266666672,330.8816266666672
607,392.1014933333336,392.1014933333336
608,568.5238133333319,568.5238133333319
609,402.6373600000005,402.6373600000005
610,359.5136266666669,359.5136266666669
611,296.5581333333339,296.5581333333339
612,253.81597333333363,253.81597333333363
613,286.8480000000001,286.8480000000001
614,288.90293333333375,288.90293333333375
615,335.56781333333345,335.56781333333345
616,333.33336000000054,333.33336000000054
617,299.5489066666669,299.5489066666669
618,463.1359199999997,463.1359199999997
619,1234.7858933333298,1234.7858933333298
620,2504.7777599999954,2504.7777599999954
621,4200.911840000008,4200.911840000008
622,3698.933546666669,3698.933546666669
623,2384.9123466666624,2384.9123466666624
624,1723.8054666666624,1723.8054666666624
625,103.37629333333344,103.37629333333344
626,173.36882666666673,173.36882666666673
627,222.8297066666667,222.8297066666667
628,308.3135466666669,308.3135466666669
629,356.4717866666672,356.4717866666672
630,347.2009066666671,347.2009066666671
631,501.7730666666661,501.7730666666661
632,622.8899199999986,622.8899199999986
633,524.9465066666662,524.9465066666662
634,382.18536000000034,382.18536000000034
635,192.59192000000002,192.59192000000002
636,213.87058666666735,213.87058666666735
637,314.10005333333396,314.10005333333396
638,358.7100000000005,358.7100000000005
639,244.10978666666708,244.10978666666708
640,295.25653333333395,295.25653333333395
641,239.63552000000033,239.63552000000033
642,425.07535999999965,425.07535999999965
643,1901.7670133333297,1901.7670133333297
644,2748.4567999999954,2748.4567999999954
645,3285.7854399999956,3285.7854399999956
646,3342.3613333333315,3342.3613333333315
647,2756.674879999995,2756.674879999995
648,1479.5181599999978,1479.5181599999978
649,102.25517333333339,102.25517333333339
650,241.86720000000014,241.86720000000014
651,339.85848000000016,339.85848000000016
652,316.8981333333336,316.8981333333336
653,196.3223466666669,196.3223466666669
654,196.38325333333376,196.38325333333376
655,360.3505333333338,360.3505333333338
656,509.56941333333253,509.56941333333253
657,436.69474666666696,436.69474666666696
658,360.03133333333346,360.03133333333346
659,228.24256000000034,228.24256000000034
660,180.27402666666705,180.27402666666705
661,219.28240000000017,219.28240000000017
662,228.61392000000046,228.61392000000046
663,390.25301333333414,390.25301333333414
664,360.20797333333394,360.20797333333394
665,368.98501333333377,368.98501333333377
666,416.55096000000015,416.55096000000015
667,1303.4258933333294,1303.4258933333294
668,2910.337679999995,2910.337679999995
669,4243.391093333341,4243.391093333341
670,3855.7628800000016,3855.7628800000016
671,2640.3237066666643,2640.3237066666643
672,1382.871866666663,1382.871866666663
673,97.2151466666667,97.2151466666667
674,290.02296000000035,290.02296000000035
675,339.11154666666704,339.11154666666704
676,266.1329066666672,266.1329066666672
677,221.71058666666704,221.71058666666704
678,215.9282933333336,215.9282933333336
679,379.5624800000005,379.5624800000005
680,490.8539199999997,490.8539199999997
681,454.26621333333344,454.26621333333344
682,204.66005333333362,204.66005333333362
683,281.80842666666706,281.80842666666706
684,367.1080533333338,367.1080533333338
685,303.64472000000035,303.64472000000035
686,218.53560000000016,218.53560000000016
687,218.91178666666707,218.91178666666707
688,348.45256000000063,348.45256000000063
689,385.97048000000035,385.97048000000035
690,480.07477333333327,480.07477333333327
691,1341.4755466666625,1341.4755466666625
692,2570.748479999994,2570.748479999994
693,3347.8774666666645,3347.8774666666645
694,3225.5894133333295,3225.5894133333295
695,3156.090239999997,3156.090239999997
696,1749.5201066666625,1749.5201066666625
697,78.92493333333334,78.92493333333334
698,159.55597333333353,159.55597333333353
699,191.0976533333336,191.0976533333336
700,299.54095999999987,299.54095999999987
701,366.36200000000053,366.36200000000053
702,339.0110400000005,339.0110400000005
703,410.117946666667,410.117946666667
704,582.123226666666,582.123226666666
705,451.39042666666677,451.39042666666677
706,327.919413333334,327.919413333334
707,277.886026666667,277.886026666667
708,234.9572800000005,234.9572800000005
709,248.95538666666673,248.95538666666673
710,229.54562666666703,229.54562666666703
711,253.81536000000003,253.81536000000003
712,292.45730666666685,292.45730666666685
713,316.16106666666707,316.16106666666707
714,443.1350133333333,443.1350133333333
715,995.5321866666635,995.5321866666635
716,2471.393119999995,2471.393119999995
717,3867.484560000003,3867.484560000003
718,3907.7864000000004,3907.7864000000004
719,2953.7192533333314,2953.7192533333314
720,1184.2821599999977,1184.2821599999977
721,107.29573333333337,107.29573333333337
722,229.92162666666687,229.92162666666687
723,265.3843200000003,265.3843200000003
724,262.5853066666667,262.5853066666667
725,335.19373333333345,335.19373333333345
726,286.91125333333395,286.91125333333395
727,370.5538666666672,370.5538666666672
728,548.9258666666659,548.9258666666659
729,428.9403200000006,428.9403200000006
730,258.37762666666725,258.37762666666725
731,280.69096000000053,280.69096000000053
732,326.0430933333339,326.0430933333339
733,280.6888533333338,280.6888533333338
734,279.9444000000002,279.9444000000002
735,349.5702666666669,349.5702666666669
736,366.9317066666671,366.9317066666671
737,361.14410666666726,361.14410666666726
738,449.13896000000005,449.13896000000005
739,1193.892586666663,1193.892586666663
740,2573.1199199999937,2573.1199199999937
741,3434.4479200000005,3434.4479200000005
742,3437.6145333333297,3437.6145333333297
743,3033.5703466666623,3033.5703466666623
744,1779.6257866666624,1779.6257866666624
745,115.88112000000012,115.88112000000012
746,202.67245333333378,202.67245333333378
747,268.74656000000033,268.74656000000033
748,288.1563466666669,288.1563466666669
749,270.4250666666671,270.4250666666671
750,367.41069333333365,367.41069333333365
751,486.3259733333326,486.3259733333326
752,561.1354666666667,561.1354666666667
753,420.1763733333338,420.1763733333338
754,255.2230400000005,255.2230400000005
755,202.2939733333336,202.2939733333336
756,167.7645866666669,167.7645866666669
757,216.66696000000036,216.66696000000036
758,191.8468533333336,191.8468533333336
759,270.80250666666706,270.80250666666706
760,327.1729866666667,327.1729866666667
761,392.87453333333343,392.87453333333343
762,506.46002666666675,506.46002666666675
763,1250.7599199999959,1250.7599199999959
764,2902.016293333328,2902.016293333328
765,3659.260346666668,3659.260346666668
766,4466.531173333339,4466.531173333339
767,3716.9314666666673,3716.9314666666673
768,1882.6076266666641,1882.6076266666641
769,86.95064000000005,86.95064000000005
770,155.63632000000015,155.63632000000015
771,241.30658666666704,241.30658666666704
772,228.99077333333364,228.99077333333364
773,297.67688,297.67688
774,344.29466666666707,344.29466666666707
775,450.4157866666672,450.4157866666672
776,586.5491199999991,586.5491199999991
777,539.1583999999984,539.1583999999984
778,330.3960000000002,330.3960000000002
779,290.7689333333338,290.7689333333338
780,222.64282666666688,222.64282666666688
781,209.01906666666687,209.01906666666687
782,233.28552000000002,233.28552000000002
783,307.0165600000003,307.0165600000003
784,349.38584000000037,349.38584000000037
785,429.64565333333314,429.64565333333314
786,522.0509866666663,522.0509866666663
787,1307.7535199999952,1307.7535199999952
788,2448.4659733333265,2448.4659733333265
789,3933.8396800000046,3933.8396800000046
790,4781.401520000011,4781.401520000011
791,3500.5523733333343,3500.5523733333343
792,2075.052239999997,2075.052239999997
793,77.05919999999995,77.05919999999995
794,149.66381333333365,149.66381333333365
795,224.32282666666688,224.32282666666688
796,275.6502666666669,275.6502666666669
797,287.0357333333338,287.0357333333338
798,286.4289866666669,286.4289866666669
799,389.1278133333338,389.1278133333338
800,588.1744799999996,588.1744799999996
801,552.7914666666665,552.7914666666665
802,318.0005600000005,318.0005600000005
803,225.43872000000016,225.43872000000016
804,240.74669333333347,240.74669333333347
805,331.2733866666669,331.2733866666669
806,391.0050133333333,391.0050133333333
807,432.8175733333331,432.8175733333331
808,301.9766933333341,301.9766933333341
809,370.2902400000002,370.2902400000002
810,546.817066666666,546.817066666666
811,1515.6355199999966,1515.6355199999966
812,2969.2933333333294,2969.2933333333294
813,4138.394640000009,4138.394640000009
814,3878.426373333338,3878.426373333338
815,2961.37221333333,2961.37221333333
816,1872.1234666666642,1872.1234666666642
817,80.04490666666673,80.04490666666673
818,151.34450666666683,151.34450666666683
819,250.08128000000048,250.08128000000048
820,217.78989333333362,217.78989333333362
821,284.983626666667,284.983626666667
822,268.56696000000034,268.56696000000034
823,462.87002666666643,462.87002666666643
824,667.1530933333318,667.1530933333318
825,617.878133333332,617.878133333332
826,436.81354666666687,436.81354666666687
827,338.74040000000036,338.74040000000036
828,209.952,209.952
829,202.86146666666707,202.86146666666707
830,270.2427733333338,270.2427733333338
831,274.53810666666703,274.53810666666703
832,296.1911200000005,296.1911200000005
833,353.86584000000033,353.86584000000033
834,602.5198933333328,602.5198933333328
835,1411.273679999996,1411.273679999996
836,2589.9341599999952,2589.9341599999952
837,4344.367680000011,4344.367680000011
838,4446.508986666674,4446.508986666674
839,3310.5364266666643,3310.5364266666643
840,1735.2218133333297,1735.2218133333297
841,66.98114666666667,66.98114666666667
842,145.3704800000001,145.3704800000001
843,201.1769066666669,201.1769066666669
844,231.60072000000014,231.60072000000014
845,425.7169866666671,425.7169866666671
846,434.5761333333335,434.5761333333335
847,597.7036000000002,597.7036000000002
848,675.7889333333319,675.7889333333319
849,511.87943999999936,511.87943999999936
850,295.27706666666717,295.27706666666717
851,312.9797333333336,312.9797333333336
852,286.10418666666686,286.10418666666686
853,292.07864000000035,292.07864000000035
854,294.1331466666672,294.1331466666672
855,242.06042666666704,242.06042666666704
856,190.54498666666706,190.54498666666706
857,240.19434666666723,240.19434666666723
858,632.2062133333322,632.2062133333322
859,1460.5105866666627,1460.5105866666627
860,2341.1585066666607,2341.1585066666607
861,3696.148586666667,3696.148586666667
862,4803.59664000001,4803.59664000001
863,3639.3280533333364,3639.3280533333364
864,1852.2604799999983,1852.2604799999983
865,140.14552000000015,140.14552000000015
866,276.5819200000002,276.5819200000002
867,255.30498666666722,255.30498666666722
868,253.62653333333378,253.62653333333378
869,252.88114666666704,252.88114666666704
870,317.76210666666725,317.76210666666725
871,341.48450666666724,341.48450666666724
872,447.78493333333364,447.78493333333364
873,514.6046399999997,514.6046399999997
874,309.71098666666694,309.71098666666694
875,224.88464000000033,224.88464000000033
876,230.8570133333336,230.8570133333336
877,233.65608000000034,233.65608000000034
878,380.9247733333338,380.9247733333338
879,394.36621333333363,394.36621333333363
880,384.4768000000005,384.4768000000005
881,360.5854666666667,360.5854666666667
882,678.1984533333322,678.1984533333322
883,1350.1879199999958,1350.1879199999958
884,2475.3567733333266,2475.3567733333266
885,4262.248480000009,4262.248480000009
886,4513.168133333341,4513.168133333341
887,3657.7786400000036,3657.7786400000036
888,1838.7968533333312,1838.7968533333312
889,74.25698666666663,74.25698666666663
890,133.0516266666668,133.0516266666668
891,201.36570666666705,201.36570666666705
892,212.5643466666669,212.5643466666669
893,302.90208,302.90208
894,403.67141333333393,403.67141333333393
895,413.56688000000014,413.56688000000014
896,618.2456533333321,618.2456533333321
897,531.7692266666661,531.7692266666661
898,261.4736000000002,261.4736000000002
899,251.01042666666692,251.01042666666692
900,364.3095733333339,364.3095733333339
901,394.1757333333335,394.1757333333335
902,381.67349333333317,381.67349333333317
903,341.1727466666671,341.1727466666671
904,301.0443733333341,301.0443733333341
905,234.40930666666736,234.40930666666736
906,485.30458666666595,485.30458666666595
907,1250.651119999995,1250.651119999995
908,2141.421119999995,2141.421119999995
909,4200.678640000015,4200.678640000015
910,4952.18360000001,4952.18360000001
911,3721.204506666666,3721.204506666666
912,2018.6709066666624,2018.6709066666624
913,98.52408000000004,98.52408000000004
914,249.71021333333374,249.71021333333374
915,379.0575466666676,379.0575466666676
916,364.3117066666669,364.3117066666669
917,276.58578666666693,276.58578666666693
918,306.3738933333338,306.3738933333338
919,324.0475200000008,324.0475200000008
920,521.167679999999,521.167679999999
921,463.0082400000002,463.0082400000002
922,215.6370400000005,215.6370400000005
923,260.34357333333395,260.34357333333395
924,220.58928000000014,220.58928000000014
925,273.5998666666672,273.5998666666672
926,243.36293333333344,243.36293333333344
927,261.09672000000046,261.09672000000046
928,222.2727200000003,222.2727200000003
929,297.3081333333336,297.3081333333336
930,517.696373333333,517.696373333333
931,993.9871999999974,993.9871999999974
932,2416.7941599999936,2416.7941599999936
933,4061.1832000000068,4061.1832000000068
934,4969.218560000013,4969.218560000013
935,4124.62901333334,4124.62901333334
936,1934.8561066666625,1934.8561066666625
937,106.55136000000005,106.55136000000005
938,234.4051733333336,234.4051733333336
939,283.4885333333333,283.4885333333333
940,233.2807733333333,233.2807733333333
941,234.21472000000017,234.21472000000017
942,287.27954666666704,287.27954666666704
943,445.3954933333332,445.3954933333332
944,643.4973599999986,643.4973599999986
945,574.5400799999986,574.5400799999986
946,259.5550133333336,259.5550133333336
947,258.8530133333336,258.8530133333336
948,278.63461333333345,278.63461333333345
949,238.69496000000032,238.69496000000032
950,238.88546666666704,238.88546666666704
951,380.74429333333364,380.74429333333364
952,444.7663466666661,444.7663466666661
953,404.2618933333333,404.2618933333333
954,702.0991199999987,702.0991199999987
955,1517.019466666662,1517.019466666662
956,2477.957893333327,2477.957893333327
957,3784.0891999999985,3784.0891999999985
958,4282.890240000007,4282.890240000007
959,4010.0336000000048,4010.0336000000048
960,1819.5032799999954,1819.5032799999954
961,139.02602666666675,139.02602666666675
962,234.03056000000035,234.03056000000035
963,190.9100266666669,190.9100266666669
964,201.1745333333336,201.1745333333336
965,253.62194666666687,253.62194666666687
966,327.4106666666669,327.4106666666669
967,510.01229333333316,510.01229333333316
968,707.337413333331,707.337413333331
969,556.1215999999986,556.1215999999986
970,394.6897066666669,394.6897066666669
971,252.13498666666752,252.13498666666752
972,188.29944000000035,188.29944000000035
973,180.83354666666705,180.83354666666705
974,280.6944000000005,280.6944000000005
975,390.2638666666669,390.2638666666669
976,390.2637866666672,390.2637866666672
977,277.7127199999999,277.7127199999999
978,388.8460533333333,388.8460533333333
979,1161.4933599999965,1161.4933599999965
980,2365.681466666661,2365.681466666661
981,4015.9251733333413,4015.9251733333413
982,4296.217813333343,4296.217813333343
983,4050.576213333336,4050.576213333336
984,2209.933013333331,2209.933013333331
985,82.84245333333342,82.84245333333342
986,175.9791200000002,175.9791200000002
987,213.12232000000017,213.12232000000017
988,238.1345066666669,238.1345066666669
989,226.37578666666673,226.37578666666673
990,198.48898666666705,198.48898666666705
991,333.3019733333341,333.3019733333341
992,546.9767466666658,546.9767466666658
993,491.16786666666616,491.16786666666616
994,272.6676266666672,272.6676266666672
995,226.1881866666669,226.1881866666669
996,235.14493333333377,235.14493333333377
997,244.10402666666687,244.10402666666687
998,378.12304000000034,378.12304000000034
999,525.5853066666671,525.5853066666671
1000,456.89938666666677,456.89938666666677
1001,349.3866133333336,349.3866133333336
1002,437.0074666666664,437.0074666666664
1003,1181.296533333329,1181.296533333329
1004,2359.361439999995,2359.361439999995
1005,4001.2520533333395,4001.2520533333395
1006,4804.235280000011,4804.235280000011
1007,3621.2281333333326,3621.2281333333326
1008,2095.732799999997,2095.732799999997
1009,121.1073333333334,121.1073333333334
1010,216.67069333333345,216.67069333333345
1011,247.6513333333336,247.6513333333336
1012,264.26429333333357,264.26429333333357
1013,252.6922933333338,252.6922933333338
1014,321.8905600000005,321.8905600000005
1015,460.45005333333313,460.45005333333313
1016,498.818853333333,498.818853333333
1017,569.425573333332,569.425573333332
1018,377.7288533333341,377.7288533333341
1019,284.98082666666687,284.98082666666687
1020,228.2405066666669,228.2405066666669
1021,217.7884533333333,217.7884533333333
1022,187.92722666666705,187.92722666666705
1023,256.43146666666706,256.43146666666706
1024,304.0289333333339,304.0289333333339
1025,300.67032000000034,300.67032000000034
1026,538.9992799999999,538.9992799999999
1027,1362.2569599999958,1362.2569599999958
1028,2356.3445333333266,2356.3445333333266
1029,4274.902693333341,4274.902693333341
1030,4739.544746666678,4739.544746666678
1031,3683.8048800000033,3683.8048800000033
1032,1534.6301333333301,1534.6301333333301
1033,81.35064000000003,81.35064000000003
1034,181.2045066666669,181.2045066666669
1035,272.66032000000064,272.66032000000064
1036,277.6992800000002,277.6992800000002
1037,286.6626933333336,286.6626933333336
1038,245.73901333333345,245.73901333333345
1039,315.95941333333394,315.95941333333394
1040,556.6771999999994,556.6771999999994
1041,472.13410666666596,472.13410666666596
1042,272.3004000000005,272.3004000000005
1043,155.6367200000001,155.6367200000001
1044,159.3716800000003,159.3716800000003
1045,186.06392000000034,186.06392000000034
1046,415.2724800000002,415.2724800000002
1047,432.63360000000006,432.63360000000006
1048,377.7563466666668,377.7563466666668
1049,349.57002666666693,349.57002666666693
1050,459.62029333333334,459.62029333333334
1051,1263.1990133333288,1263.1990133333288
1052,2850.764799999997,2850.764799999997
1053,3754.4918133333326,3754.4918133333326
1054,4598.745866666678,4598.745866666678
1055,3702.9077333333344,3702.9077333333344
1056,2159.50821333333,2159.50821333333
1057,85.08394666666669,85.08394666666669
1058,171.12904000000017,171.12904000000017
1059,201.17890666666688,201.17890666666688
1060,230.2956266666669,230.2956266666669
1061,244.85309333333376,244.85309333333376
1062,357.1156266666672,357.1156266666672
1063,481.3405866666667,481.3405866666667
1064,610.0673333333322,610.0673333333322
1065,528.2845333333329,528.2845333333329
1066,344.44490666666707,344.44490666666707
1067,318.5763733333338,318.5763733333338
1068,201.9236000000002,201.9236000000002
1069,147.60925333333347,147.60925333333347
1070,178.78293333333363,178.78293333333363
1071,340.0533066666671,340.0533066666671
1072,467.9114933333333,467.9114933333333
1073,350.87962666666726,350.87962666666726
1074,390.92656000000017,390.92656000000017
1075,1236.9421599999969,1236.9421599999969
1076,2972.011493333328,2972.011493333328
1077,4131.498000000003,4131.498000000003
1078,4551.574506666677,4551.574506666677
1079,3860.1858400000037,3860.1858400000037
1080,2039.7633866666624,2039.7633866666624
1081,95.9074666666667,95.9074666666667
1082,147.04808000000003,147.04808000000003
1083,270.23469333333395,270.23469333333395
1084,241.1196000000005,241.1196000000005
1085,276.5845333333336,276.5845333333336
1086,276.9362133333338,276.9362133333338
1087,330.4695466666672,330.4695466666672
1088,531.9128,531.9128
1089,473.8628533333331,473.8628533333331
1090,383.9166666666669,383.9166666666669
1091,321.94082666666674,321.94082666666674
1092,272.2894133333338,272.2894133333338
1093,269.86485333333394,269.86485333333394
1094,261.09461333333377,261.09461333333377
1095,247.65826666666703,247.65826666666703
1096,294.88336000000083,294.88336000000083
1097,357.41250666666724,357.41250666666724
1098,505.7835999999997,505.7835999999997
1099,1190.3472266666631,1190.3472266666631
1100,2819.9753599999967,2819.9753599999967
1101,4388.164346666677,4388.164346666677
1102,4629.230613333346,4629.230613333346
1103,3658.1285333333344,3658.1285333333344
1104,1512.3580266666631,1512.3580266666631
1105,58.7668266666667,58.7668266666667
1106,169.26210666666674,169.26210666666674
1107,253.4392266666669,253.4392266666669
1108,365.98592000000053,365.98592000000053
1109,325.85522666666736,325.85522666666736
1110,286.6642666666669,286.6642666666669
1111,351.3385866666672,351.3385866666672
1112,600.9691466666657,600.9691466666657
1113,620.995946666666,620.995946666666
1114,398.8035733333335,398.8035733333335
1115,360.5787200000004,360.5787200000004
1116,262.02776000000017,262.02776000000017
1117,234.21760000000052,234.21760000000052
1118,322.50464000000034,322.50464000000034
1119,310.1884266666674,310.1884266666674
1120,292.2713333333339,292.2713333333339
1121,291.8981333333335,291.8981333333335
1122,432.05493333333317,432.05493333333317
1123,1674.9791733333282,1674.9791733333282
1124,2345.8732266666607,2345.8732266666607
1125,3355.54389333333,3355.54389333333
1126,4432.691600000008,4432.691600000008
1127,3608.749466666664,3608.749466666664
1128,1922.845039999997,1922.845039999997
1129,80.97773333333333,80.97773333333333
1130,250.82698666666707,250.82698666666707
1131,327.5404800000007,327.5404800000007
1132,376.25717333333364,376.25717333333364
1133,250.26962666666674,250.26962666666674
1134,235.82202666666691,235.82202666666691
1135,354.1480266666674,354.1480266666674
1136,571.1860799999994,571.1860799999994
1137,488.62922666666657,488.62922666666657
1138,345.6999733333336,345.6999733333336
1139,307.0079733333333,307.0079733333333
1140,297.4892533333336,297.4892533333336
1141,341.5401333333333,341.5401333333333
1142,293.38562666666724,293.38562666666724
1143,304.77458666666706,304.77458666666706
1144,324.18917333333377,324.18917333333377
1145,368.9841600000004,368.9841600000004
1146,476.71370666666627,476.71370666666627
1147,1092.887519999996,1092.887519999996
1148,2166.1104266666607,2166.1104266666607
1149,3763.3472800000036,3763.3472800000036
1150,4481.784933333342,4481.784933333342
1151,3953.645973333336,3953.645973333336
1152,2107.046239999997,2107.046239999997
1153,107.2973333333335,107.2973333333335
1154,240.56312000000062,240.56312000000062
1155,249.52178666666688,249.52178666666688
1156,198.75056000000032,198.75056000000032
1157,209.01570666666692,209.01570666666692
1158,277.3368000000002,277.3368000000002
1159,497.24962666666625,497.24962666666625
1160,736.1003199999982,736.1003199999982
1161,600.6437599999989,600.6437599999989
1162,348.7945866666672,348.7945866666672
1163,286.2906133333336,286.2906133333336
1164,220.58949333333376,220.58949333333376
1165,196.8890666666672,196.8890666666672
1166,274.35152000000033,274.35152000000033
1167,256.9942400000005,256.9942400000005
1168,253.26141333333376,253.26141333333376
1169,331.468293333334,331.468293333334
1170,441.93717333333365,441.93717333333365
1171,1409.4650399999973,1409.4650399999973
1172,2863.407279999994,2863.407279999994
1173,4003.1240800000082,4003.1240800000082
1174,4512.631306666677,4512.631306666677
1175,3674.986000000003,3674.986000000003
1176,1655.1159999999968,1655.1159999999968
1177,108.22808000000005,108.22808000000005
1178,239.62906666666706,239.62906666666706
1179,260.9065333333339,260.9065333333339
1180,242.42666666666707,242.42666666666707
1181,280.8757066666667,280.8757066666667
1182,295.8949600000003,295.8949600000003
1183,336.6504266666672,336.6504266666672
1184,530.6851466666648,530.6851466666648
1185,551.9664799999989,551.9664799999989
1186,336.24290666666707,336.24290666666707
1187,253.2544533333338,253.2544533333338
1188,242.05496000000016,242.05496000000016
1189,313.91848000000033,313.91848000000033
1190,313.35981333333393,313.35981333333393
1191,362.2658666666671,362.2658666666671
1192,420.3159733333333,420.3159733333333
1193,477.61823999999973,477.61823999999973
1194,541.3525866666664,541.3525866666664
1195,1135.8983999999964,1135.8983999999964
1196,2031.8253066666612,2031.8253066666612
1197,3623.5945866666693,3623.5945866666693
1198,4497.759120000012,4497.759120000012
1199,4569.313653333347,4569.313653333347
1200,2338.5619733333297,2338.5619733333297
1201,82.47181333333329,82.47181333333329
1202,207.14960000000033,207.14960000000033
1203,229.1736533333338,229.1736533333338
1204,238.3210933333336,238.3210933333336
1205,345.26997333333406,345.26997333333406
1206,367.5427733333336,367.5427733333336
1207,407.82690666666724,407.82690666666724
1208,491.09058666666647,491.09058666666647
1209,443.1715733333339,443.1715733333339
1210,316.0314400000004,316.0314400000004
1211,285.72848000000033,285.72848000000033
1212,229.73336000000018,229.73336000000018
1213,297.1150133333336,297.1150133333336
1214,366.92442666666693,366.92442666666693
1215,401.83416000000017,401.83416000000017
1216,413.59376000000003,413.59376000000003
1217,332.40013333333377,332.40013333333377
1218,465.49783999999977,465.49783999999977
1219,1325.077946666663,1325.077946666663
1220,2652.9311999999954,2652.9311999999954
1221,3799.070880000003,3799.070880000003
1222,4379.876880000008,4379.876880000008
1223,3697.0970133333344,3697.0970133333344
1224,2176.4541866666623,2176.4541866666623
1225,88.62840000000004,88.62840000000004
1226,179.1517866666669,179.1517866666669
1227,238.13405333333364,238.13405333333364
1228,223.94765333333362,223.94765333333362
1229,235.33560000000017,235.33560000000017
1230,257.5820266666667,257.5820266666667
1231,497.21125333333333,497.21125333333333
1232,646.7282933333323,646.7282933333323
1233,462.6059999999999,462.6059999999999
1234,261.4465600000005,261.4465600000005
1235,248.3995200000003,248.3995200000003
1236,264.64114666666705,264.64114666666705
1237,264.08221333333347,264.08221333333347
1238,226.3806400000005,226.3806400000005
1239,379.80986666666655,379.80986666666655
1240,401.0886933333335,401.0886933333335
1241,489.7510399999996,489.7510399999996
1242,593.6098933333328,593.6098933333328
1243,1389.789119999996,1389.789119999996
1244,2567.336746666661,2567.336746666661
1245,3561.1184266666673,3561.1184266666673
1246,4326.256106666678,4326.256106666678
1247,4001.356586666674,4001.356586666674
1248,2337.075199999997,2337.075199999997
1249,95.72392000000008,95.72392000000008
1250,185.3150666666669,185.3150666666669
1251,262.77400000000034,262.77400000000034
1252,251.01472000000064,251.01472000000064
1253,273.41125333333395,273.41125333333395
1254,298.9893333333338,298.9893333333338
1255,386.28720000000067,386.28720000000067
1256,470.85397333333333,470.85397333333333
1257,583.0251199999999,583.0251199999999
1258,374.02296000000035,374.02296000000035
1259,248.95834666666676,248.95834666666676
1260,181.95125333333363,181.95125333333363
1261,229.17477333333377,229.17477333333377
1262,321.38536000000033,321.38536000000033
1263,383.91706666666687,383.91706666666687
1264,450.92431999999957,450.92431999999957
1265,401.08717333333345,401.08717333333345
1266,486.4540266666667,486.4540266666667
1267,1705.5221599999954,1705.5221599999954
1268,3037.1440266666627,3037.1440266666627
1269,4278.675253333343,4278.675253333343
1270,3955.850106666672,3955.850106666672
1271,3492.696,3492.696
1272,1766.0923999999968,1766.0923999999968
1273,113.45642666666673,113.45642666666673
1274,222.6439733333336,222.6439733333336
1275,273.22453333333374,273.22453333333374
1276,351.43152000000055,351.43152000000055
1277,220.77624000000014,220.77624000000014
1278,223.42496000000034,223.42496000000034
1279,322.8686666666672,322.8686666666672
1280,507.5158399999995,507.5158399999995
1281,432.8082133333338,432.8082133333338
1282,317.93008000000066,317.93008000000066
1283,248.95840000000032,248.95840000000032
1284,249.70301333333362,249.70301333333362
1285,343.217706666667,343.217706666667
1286,351.6196,351.6196
1287,350.31722666666707,350.31722666666707
1288,278.0840800000003,278.0840800000003
1289,375.1448533333338,375.1448533333338
1290,603.1386933333325,603.1386933333325
1291,1535.1065599999947,1535.1065599999947
1292,2677.5444799999937,2677.5444799999937
1293,4186.357973333345,4186.357973333345
1294,4117.933360000009,4117.933360000009
1295,4276.086693333337,4276.086693333337
1296,1791.910079999997,1791.910079999997
1297,115.88170666666666,115.88170666666666
1298,184.00621333333345,184.00621333333345
1299,202.67096000000015,202.67096000000015
1300,276.58613333333363,276.58613333333363
1301,208.45877333333343,208.45877333333343
1302,178.59781333333362,178.59781333333362
1303,344.6510133333338,344.6510133333338
1304,506.55290666666644,506.55290666666644
1305,551.5587999999992,551.5587999999992
1306,391.75650666666706,391.75650666666706
1307,212.3770400000003,212.3770400000003
1308,267.43858666666705,267.43858666666705
1309,278.82680000000033,278.82680000000033
1310,254.93600000000015,254.93600000000015
1311,293.38965333333357,293.38965333333357
1312,398.10136000000006,398.10136000000006
1313,240.75376000000017,240.75376000000017
1314,503.08743999999973,503.08743999999973
1315,1293.9178399999955,1293.9178399999955
1316,2584.480133333328,2584.480133333328
1317,4375.754240000012,4375.754240000012
1318,5065.320746666677,5065.320746666677
1319,3881.0309866666707,3881.0309866666707
1320,1891.5186933333296,1891.5186933333296
1321,96.09586666666662,96.09586666666662
1322,250.82674666666722,250.82674666666722
1323,265.38560000000035,265.38560000000035
1324,347.1360800000005,347.1360800000005
1325,343.96352000000036,343.96352000000036
1326,314.0050133333338,314.0050133333338
1327,370.5713600000008,370.5713600000008
1328,670.6482666666643,670.6482666666643
1329,532.9233599999993,532.9233599999993
1330,326.9840266666669,326.9840266666669
1331,349.0066933333336,349.0066933333336
1332,227.87256000000036,227.87256000000036
1333,228.43208000000018,228.43208000000018
1334,339.4864266666668,339.4864266666668
1335,344.9056800000003,344.9056800000003
1336,254.38058666666703,254.38058666666703
1337,357.04013333333364,357.04013333333364
1338,391.25546666666656,391.25546666666656
1339,1154.7013599999964,1154.7013599999964
1340,2681.627439999994,2681.627439999994
1341,4095.265840000008,4095.265840000008
1342,4582.829253333344,4582.829253333344
1343,3878.1576533333327,3878.1576533333327
1344,2120.869839999997,2120.869839999997
1345,67.91173333333333,67.91173333333333
1346,200.43045333333362,200.43045333333362
1347,223.9498400000005,223.9498400000005
1348,219.65786666666688,219.65786666666688
1349,261.2781600000002,261.2781600000002
1350,258.1655200000002,258.1655200000002
1351,480.03655999999984,480.03655999999984
1352,740.2375199999979,740.2375199999979
1353,434.8215200000002,434.8215200000002
1354,263.8147466666671,263.8147466666671
1355,243.91712000000035,243.91712000000035
1356,226.1879200000002,226.1879200000002
1357,285.35954666666737,285.35954666666737
1358,354.9815466666671,354.9815466666671
1359,328.85474666666676,328.85474666666676
1360,337.62650666666707,337.62650666666707
1361,273.0448533333336,273.0448533333336
1362,422.1594133333334,422.1594133333334
1363,1209.4269599999961,1209.4269599999961
1364,2572.7944799999923,2572.7944799999923
1365,4216.998880000008,4216.998880000008
1366,4454.535466666674,4454.535466666674
1367,3591.7495733333344,3591.7495733333344
1368,1906.0133866666642,1906.0133866666642
1369,97.96208000000007,97.96208000000007
1370,204.16565333333347,204.16565333333347
1371,315.4063200000005,315.4063200000005
1372,294.12717333333364,294.12717333333364
1373,292.25976000000065,292.25976000000065
1374,183.24013333333346,183.24013333333346
1375,301.2985066666674,301.2985066666674
1376,488.8270399999999,488.8270399999999
1377,500.697653333333,500.697653333333
1378,306.2238666666672,306.2238666666672
1379,252.88173333333376,252.88173333333376
1380,240.37504000000033,240.37504000000033
1381,337.99234666666723,337.99234666666723
1382,301.78370666666706,301.78370666666706
1383,409.67296,409.67296
1384,430.5804533333333,430.5804533333333
1385,340.9883466666669,340.9883466666669
1386,399.71287999999987,399.71287999999987
1387,1220.5566399999964,1220.5566399999964
1388,2703.1566933333315,2703.1566933333315
1389,4296.791866666676,4296.791866666676
1390,4579.171653333345,4579.171653333345
1391,3545.868426666666,3545.868426666666
1392,2082.202346666664,2082.202346666664
1393,37.11677333333333,37.11677333333333
1394,97.40178666666662,97.40178666666662
1395,137.90330666666674,137.90330666666674
1396,286.1014400000003,286.1014400000003
1397,280.12933333333393,280.12933333333393
1398,351.3546400000005,351.3546400000005
1399,566.5597599999984,566.5597599999984
1400,665.7156266666655,665.7156266666655
1401,492.400026666666,492.400026666666
1402,271.69104000000016,271.69104000000016
1403,263.70704000000035,263.70704000000035
1404,319.8891200000005,319.8891200000005
1405,357.96304000000083,357.96304000000083
1406,337.0628266666674,337.0628266666674
1407,357.03949333333395,357.03949333333395
1408,382.79658666666705,382.79658666666705
1409,308.50904,308.50904
1410,457.48922666666607,457.48922666666607
1411,1530.621946666662,1530.621946666662
1412,2850.2141866666607,2850.2141866666607
1413,3715.293520000003,3715.293520000003
1414,4731.157333333347,4731.157333333347
1415,3503.783893333333,3503.783893333333
1416,1667.4890133333295,1667.4890133333295
1417,113.45413333333336,113.45413333333336
1418,217.79176000000018,217.79176000000018
1419,261.2806933333338,261.2806933333338
1420,245.2280800000002,245.2280800000002
1421,280.8813333333336,280.8813333333336
1422,310.6692000000005,310.6692000000005
1423,394.3124533333336,394.3124533333336
1424,547.6979199999997,547.6979199999997
1425,531.7759733333327,531.7759733333327
1426,320.66541333333396,320.66541333333396
1427,347.32290666666756,347.32290666666756
1428,359.08397333333414,359.08397333333414
1429,337.4332266666669,337.4332266666669
1430,284.98528000000016,284.98528000000016
1431,272.8578666666672,272.8578666666672
1432,316.7231733333341,316.7231733333341
1433,334.8279200000005,334.8279200000005
1434,498.38442666666606,498.38442666666606
1435,1396.3777066666623,1396.3777066666623
1436,2488.3813599999953,2488.3813599999953
1437,4227.713386666675,4227.713386666675
1438,4274.857120000007,4274.857120000007
1439,3086.256826666664,3086.256826666664
1440,1045.322586666663,1045.322586666663
1441,46.820053333333284,46.820053333333284
1442,155.0737333333335,155.0737333333335
1443,264.63722666666723,264.63722666666723
1444,308.12629333333393,308.12629333333393
1445,329.0299466666674,329.0299466666674
1446,260.7232266666671,260.7232266666671
1447,263.1448000000003,263.1448000000003
1448,562.280826666666,562.280826666666
1449,530.6607199999988,530.6607199999988
1450,361.54538666666707,361.54538666666707
1451,272.1046933333336,272.1046933333336
1452,301.78597333333346,301.78597333333346
1453,256.4317866666672,256.4317866666672
1454,247.84400000000034,247.84400000000034
1455,302.34832000000034,302.34832000000034
1456,427.22133333333335,427.22133333333335
1457,351.9990133333341,351.9990133333341
1458,434.10458666666693,434.10458666666693
1459,1471.931253333329,1471.931253333329
1460,2380.109439999995,2380.109439999995
1461,3599.242480000003,3599.242480000003
1462,4352.264960000013,4352.264960000013
1463,3395.662026666666,3395.662026666666
1464,1466.9735733333314,1466.9735733333314
1465,50.1806133333334,50.1806133333334
1466,161.0472266666669,161.0472266666669
1467,243.17213333333362,243.17213333333362
1468,277.1437866666669,277.1437866666669
1469,245.03944000000035,245.03944000000035
1470,237.76669333333362,237.76669333333362
1471,398.50928000000033,398.50928000000033
1472,624.1419199999988,624.1419199999988
1473,428.77232000000004,428.77232000000004
1474,267.23317333333364,267.23317333333364
1475,275.4632266666671,275.4632266666671
1476,276.2121866666672,276.2121866666672
1477,192.03496000000032,192.03496000000032
1478,301.04000000000065,301.04000000000065
1479,245.60493333333375,245.60493333333375
1480,286.48520000000065,286.48520000000065
1481,305.8973066666671,305.8973066666671
1482,603.8488266666657,603.8488266666657
1483,1444.349599999996,1444.349599999996
1484,2548.0853866666625,2548.0853866666625
1485,4099.462586666669,4099.462586666669
1486,4859.635600000011,4859.635600000011
1487,3483.5376266666676,3483.5376266666676
1488,1343.0758133333304,1343.0758133333304
1489,18.264853333333313,18.264853333333313
1490,75.37928000000001,75.37928000000001
1491,201.54976000000016,201.54976000000016
1492,277.32640000000015,277.32640000000015
1493,304.7652266666669,304.7652266666669
1494,358.2334133333336,358.2334133333336
1495,365.7991466666674,365.7991466666674
1496,581.0262399999999,581.0262399999999
1497,449.5418933333332,449.5418933333332
1498,295.4450400000007,295.4450400000007
1499,353.1088533333336,353.1088533333336
1500,417.3158666666671,417.3158666666671
1501,423.47832000000045,423.47832000000045
1502,327.1679200000005,327.1679200000005
1503,351.8115733333338,351.8115733333338
1504,366.9334400000008,366.9334400000008
1505,307.95106666666703,307.95106666666703
1506,457.13813333333314,457.13813333333314
1507,1330.0510933333294,1330.0510933333294
1508,2802.285413333328,2802.285413333328
1509,3909.635653333339,3909.635653333339
1510,4389.012640000007,4389.012640000007
1511,3142.856719999995,3142.856719999995
1512,1546.7455733333297,1546.7455733333297
1513,84.33701333333329,84.33701333333329
1514,197.81832000000048,197.81832000000048
1515,251.20018666666707,251.20018666666707
1516,236.08354666666688,236.08354666666688
1517,181.7656000000005,181.7656000000005
1518,214.14056000000016,214.14056000000016
1519,393.9561600000002,393.9561600000002
1520,633.2850133333319,633.2850133333319
1521,614.9724799999985,614.9724799999985
1522,269.6861866666672,269.6861866666672
1523,163.84546666666674,163.84546666666674
1524,218.16056000000032,218.16056000000032
1525,181.01997333333347,181.01997333333347
1526,186.80704000000034,186.80704000000034
1527,310.1862400000005,310.1862400000005
1528,407.62157333333346,407.62157333333346
1529,396.9830666666669,396.9830666666669
1530,522.4429599999999,522.4429599999999
1531,1112.542559999997,1112.542559999997
1532,2290.042026666661,2290.042026666661
1533,3769.4136266666706,3769.4136266666706
1534,4797.534693333345,4797.534693333345
1535,3883.085706666672,3883.085706666672
1536,1535.0180533333305,1535.0180533333305
1537,66.04490666666665,66.04490666666665
1538,161.23408,161.23408
1539,200.05557333333346,200.05557333333346
1540,227.4945866666669,227.4945866666669
1541,301.03328000000016,301.03328000000016
1542,278.4803200000005,278.4803200000005
1543,389.1840533333338,389.1840533333338
1544,622.1695999999994,622.1695999999994
1545,550.8075733333327,550.8075733333327
1546,284.58722666666705,284.58722666666705
1547,332.76205333333394,332.76205333333394
1548,341.16442666666694,341.16442666666694
1549,330.15621333333365,330.15621333333365
1550,329.9711733333339,329.9711733333339
1551,392.8758933333336,392.8758933333336
1552,355.91866666666675,355.91866666666675
1553,315.60013333333393,315.60013333333393
1554,431.9652533333335,431.9652533333335
1555,1218.0247999999967,1218.0247999999967
1556,2467.362053333327,2467.362053333327
1557,3743.6941866666693,3743.6941866666693
1558,4174.430240000007,4174.430240000007
1559,3359.8907466666674,3359.8907466666674
1560,1487.954719999997,1487.954719999997
1561,130.81461333333354,130.81461333333354
1562,210.13954666666706,210.13954666666706
1563,256.7998933333336,256.7998933333336
1564,279.75824000000017,279.75824000000017
1565,238.88133333333326,238.88133333333326
1566,260.11293333333373,260.11293333333373
1567,417.18621333333397,417.18621333333397
1568,707.6266133333307,707.6266133333307
1569,540.8082933333325,540.8082933333325
1570,290.32392000000067,290.32392000000067
1571,319.5140533333335,319.5140533333335
1572,250.82573333333363,250.82573333333363
1573,269.49264000000034,269.49264000000034
1574,294.5069600000006,294.5069600000006
1575,352.3712266666672,352.3712266666672
1576,437.6741599999997,437.6741599999997
1577,399.03768000000053,399.03768000000053
1578,527.6465333333329,527.6465333333329
1579,1358.3476266666623,1358.3476266666623
1580,2375.2367733333263,2375.2367733333263
1581,4159.712640000004,4159.712640000004
1582,4544.291573333344,4544.291573333344
1583,3013.6885066666655,3013.6885066666655
1584,1479.1457866666642,1479.1457866666642
1585,140.70712000000015,140.70712000000015
1586,224.32344000000032,224.32344000000032
1587,267.25208000000083,267.25208000000083
1588,199.31189333333361,199.31189333333361
1589,220.4014133333336,220.4014133333336
1590,202.8100266666669,202.8100266666669
1591,411.9094666666669,411.9094666666669
1592,575.6416799999989,575.6416799999989
1593,515.5727466666657,515.5727466666657
1594,314.58973333333375,314.58973333333375
1595,315.7786133333336,315.7786133333336
1596,347.1342133333341,347.1342133333341
1597,327.16637333333347,327.16637333333347
1598,318.9581866666672,318.9581866666672
1599,335.01330666666706,335.01330666666706
1600,306.64304000000016,306.64304000000016
1601,314.1090133333338,314.1090133333338
1602,501.5537599999997,501.5537599999997
1603,1511.2064533333296,1511.2064533333296
1604,2800.134479999994,2800.134479999994
1605,4023.7949600000015,4023.7949600000015
1606,3960.374773333341,3960.374773333341
1607,3235.918826666666,3235.918826666666
1608,1632.6125333333282,1632.6125333333282
1609,68.09983999999999,68.09983999999999
1610,205.6597866666669,205.6597866666669
1611,243.73813333333348,243.73813333333348
1612,241.12360000000018,241.12360000000018
1613,273.6006933333336,273.6006933333336
1614,327.1720533333338,327.1720533333338
1615,453.86954666666657,453.86954666666657
1616,583.855359999999,583.855359999999
1617,418.7460266666667,418.7460266666667
1618,262.112586666667,262.112586666667
1619,245.97317333333376,245.97317333333376
1620,274.53146666666703,274.53146666666703
1621,350.6855200000005,350.6855200000005
1622,438.04080000000033,438.04080000000033
1623,388.5828800000005,388.5828800000005
1624,349.5734666666674,349.5734666666674
1625,380.5570133333336,380.5570133333336
1626,440.68487999999974,440.68487999999974
1627,1398.9599733333298,1398.9599733333298
1628,2381.126426666661,2381.126426666661
1629,4400.877146666676,4400.877146666676
1630,5183.50682666668,5183.50682666668
1631,2661.7178133333327,2661.7178133333327
1632,1376.219733333331,1376.219733333331
1633,56.527146666666695,56.527146666666695
1634,119.0546666666666,119.0546666666666
1635,190.72608000000034,190.72608000000034
1636,299.5425600000003,299.5425600000003
1637,226.1875466666672,226.1875466666672
1638,200.62728000000016,200.62728000000016
1639,390.9814933333338,390.9814933333338
1640,555.6982666666654,555.6982666666654
1641,437.0105333333335,437.0105333333335
1642,336.55621333333374,336.55621333333374
1643,403.50344000000035,403.50344000000035
1644,378.6807466666667,378.6807466666667
1645,332.58200000000033,332.58200000000033
1646,242.05680000000035,242.05680000000035
1647,275.4712533333338,275.4712533333338
1648,340.42645333333377,340.42645333333377
1649,421.4336800000002,421.4336800000002
1650,436.0141066666669,436.0141066666669
1651,1353.0015733333296,1353.0015733333296
1652,2347.4638399999953,2347.4638399999953
1653,4231.9232533333425,4231.9232533333425
1654,4714.76426666668,4714.76426666668
1655,3102.185439999997,3102.185439999997
1656,1631.2271199999968,1631.2271199999968
1657,57.08690666666662,57.08690666666662
1658,189.79413333333343,189.79413333333343
1659,231.41664000000014,231.41664000000014
1660,298.2360000000005,298.2360000000005
1661,339.1098133333341,339.1098133333341
1662,283.97658666666706,283.97658666666706
1663,378.01578666666705,378.01578666666705
1664,503.5147199999992,503.5147199999992
1665,576.464879999999,576.464879999999
1666,380.5048533333339,380.5048533333339
1667,338.5537600000002,338.5537600000002
1668,361.3255200000003,361.3255200000003
1669,292.8236266666669,292.8236266666669
1670,283.3081600000003,283.3081600000003
1671,365.9978400000005,365.9978400000005
1672,381.86541333333395,381.86541333333395
1673,422.5554666666667,422.5554666666667
1674,423.1735199999996,423.1735199999996
1675,1387.155093333329,1387.155093333329
1676,2936.6442399999987,2936.6442399999987
1677,4339.627066666672,4339.627066666672
1678,3798.6788800000018,3798.6788800000018
1679,2695.461173333328,2695.461173333328
1680,1772.6966933333297,1772.6966933333297
1681,73.51218666666665,73.51218666666665
1682,128.57170666666664,128.57170666666664
1683,183.82061333333345,183.82061333333345
1684,216.8562933333336,216.8562933333336
1685,306.0737866666669,306.0737866666669
1686,258.10960000000034,258.10960000000034
1687,439.9214133333336,439.9214133333336
1688,652.4330933333324,652.4330933333324
1689,512.2041066666666,512.2041066666666
1690,317.4905866666675,317.4905866666675
1691,335.7493066666669,335.7493066666669
1692,234.39976000000036,234.39976000000036
1693,236.63925333333378,236.63925333333378
1694,179.52944000000033,179.52944000000033
1695,282.37786666666733,282.37786666666733
1696,345.8402933333341,345.8402933333341
1697,436.9259466666664,436.9259466666664
1698,508.49471999999906,508.49471999999906
1699,1350.6967199999945,1350.6967199999945
1700,2691.8611199999955,2691.8611199999955
1701,3796.6805333333346,3796.6805333333346
1702,4282.4919466666715,4282.4919466666715
1703,3317.8613866666674,3317.8613866666674
1704,1859.9611733333295,1859.9611733333295
1705,95.16357333333343,95.16357333333343
1706,196.51266666666706,196.51266666666706
1707,199.31157333333363,199.31157333333363
1708,234.58546666666723,234.58546666666723
1709,232.7205333333336,232.7205333333336
1710,255.38944000000035,255.38944000000035
1711,356.00541333333393,356.00541333333393
1712,518.1002399999995,518.1002399999995
1713,562.7274666666657,562.7274666666657
1714,354.1011466666672,354.1011466666672
1715,245.7824800000002,245.7824800000002
1716,164.59352000000015,164.59352000000015
1717,172.99421333333362,172.99421333333362
1718,229.92378666666718,229.92378666666718
1719,273.6052800000005,273.6052800000005
1720,421.06229333333334,421.06229333333334
1721,418.63608000000033,418.63608000000033
1722,461.33320000000003,461.33320000000003
1723,1281.8479199999947,1281.8479199999947
1724,2809.7400533333266,2809.7400533333266
1725,3152.667946666661,3152.667946666661
1726,4484.552400000008,4484.552400000008
1727,3690.167946666672,3690.167946666672
1728,1736.5736266666643,1736.5736266666643
1729,123.34664000000008,123.34664000000008
1730,222.08285333333362,222.08285333333362
1731,156.38061333333349,156.38061333333349
1732,184.5626400000002,184.5626400000002
1733,208.45346666666674,208.45346666666674
1734,267.6290133333338,267.6290133333338
1735,422.97144000000037,422.97144000000037
1736,618.1388266666654,618.1388266666654
1737,527.8849066666662,527.8849066666662
1738,180.63568000000018,180.63568000000018
1739,162.54341333333343,162.54341333333343
1740,206.59200000000016,206.59200000000016
1741,314.84792000000004,314.84792000000004
1742,274.15792000000005,274.15792000000005
1743,301.6012533333336,301.6012533333336
1744,348.8267200000007,348.8267200000007
1745,361.5191733333333,361.5191733333333
1746,522.435706666666,522.435706666666
1747,1349.0409066666625,1349.0409066666625
1748,2587.546266666661,2587.546266666661
1749,3687.7105333333366,3687.7105333333366
1750,4442.0246400000115,4442.0246400000115
1751,3083.894319999997,3083.894319999997
1752,1290.7002399999974,1290.7002399999974
1753,117.93605333333335,117.93605333333335
1754,139.2118666666666,139.2118666666666
1755,166.2785600000003,166.2785600000003
1756,223.57834666666687,223.57834666666687
1757,164.5935466666669,164.5935466666669
1758,199.26544000000035,199.26544000000035
1759,372.6519733333339,372.6519733333339
1760,545.830399999999,545.830399999999
1761,615.3432533333314,615.3432533333314
1762,426.1837333333333,426.1837333333333
1763,359.4576533333338,359.4576533333338
1764,367.48173333333375,367.48173333333375
1765,285.354666666667,285.354666666667
1766,257.1742933333334,257.1742933333334
1767,265.5786933333336,265.5786933333336
1768,299.7362666666674,299.7362666666674
1769,365.4376800000005,365.4376800000005
1770,612.4521599999996,612.4521599999996
1771,1769.386533333328,1769.386533333328
1772,2806.565679999994,2806.565679999994
1773,3318.505226666664,3318.505226666664
1774,4308.512320000008,4308.512320000008
1775,3237.95528,3237.95528
1776,1282.814613333331,1282.814613333331
1777,94.41680000000001,94.41680000000001
1778,234.02682666666675,234.02682666666675
1779,321.7504266666672,321.7504266666672
1780,382.9710133333333,382.9710133333333
1781,381.2920266666674,381.2920266666674
1782,352.5560000000005,352.5560000000005
1783,307.2557866666675,307.2557866666675
1784,478.6951999999992,478.6951999999992
1785,415.41693333333365,415.41693333333365
1786,302.35517333333377,302.35517333333377
1787,285.35794666666703,285.35794666666703
1788,292.8218933333338,292.8218933333338
1789,298.2353066666672,298.2353066666672
1790,213.31306666666688,213.31306666666688
1791,278.644106666667,278.644106666667
1792,369.73146666666725,369.73146666666725
1793,430.58071999999987,430.58071999999987
1794,447.87309333333343,447.87309333333343
1795,1030.1650133333308,1030.1650133333308
1796,2304.6956799999934,2304.6956799999934
1797,4361.795413333346,4361.795413333346
1798,4802.53842666668,4802.53842666668
1799,3176.6111733333314,3176.6111733333314
1800,1537.115199999997,1537.115199999997
1801,81.72410666666667,81.72410666666667
1802,163.10165333333345,163.10165333333345
1803,223.76453333333345,223.76453333333345
1804,218.3508266666669,218.3508266666669
1805,216.4814933333339,216.4814933333339
1806,237.8150666666672,237.8150666666672
1807,431.48048000000017,431.48048000000017
1808,565.2073599999993,565.2073599999993
1809,504.30874666666625,504.30874666666625
1810,304.77173333333377,304.77173333333377
1811,267.62282666666687,267.62282666666687
1812,292.63333333333344,292.63333333333344
1813,319.3287466666669,319.3287466666669
1814,366.5527466666672,366.5527466666672
1815,349.94528000000037,349.94528000000037
1816,433.3805333333333,433.3805333333333
1817,313.5482400000003,313.5482400000003
1818,384.02624000000014,384.02624000000014
1819,1246.5450933333304,1246.5450933333304
1820,2461.475413333328,2461.475413333328
1821,3702.8117066666673,3702.8117066666673
1822,3983.2060000000038,3983.2060000000038
1823,2953.83485333333,2953.83485333333
1824,1623.7243466666641,1623.7243466666641
1825,95.7231733333333,95.7231733333333
1826,227.68106666666705,227.68106666666705
1827,246.15792000000033,246.15792000000033
1828,165.5271466666669,165.5271466666669
1829,198.7512800000005,198.7512800000005
1830,219.05413333333345,219.05413333333345
1831,253.14536000000032,253.14536000000032
1832,572.5221599999991,572.5221599999991
1833,436.63549333333395,436.63549333333395
1834,365.54288000000037,365.54288000000037
1835,376.6272000000008,376.6272000000008
1836,369.5363466666672,369.5363466666672
1837,277.3315200000005,277.3315200000005
1838,296.74456000000015,296.74456000000015
1839,317.840613333334,317.840613333334
1840,318.40237333333397,318.40237333333397
1841,415.4613866666666,415.4613866666666
1842,680.8314666666653,680.8314666666653
1843,1819.3209866666639,1819.3209866666639
1844,3195.832586666664,3195.832586666664
1845,3874.493520000003,3874.493520000003
1846,4259.09432000001,4259.09432000001
1847,2833.6879199999985,2833.6879199999985
1848,1243.2586133333298,1243.2586133333298
1849,93.1105866666666,93.1105866666666
1850,241.3087200000005,241.3087200000005
1851,382.22914666666725,382.22914666666725
1852,362.6316266666666,362.6316266666666
1853,292.26594666666705,292.26594666666705
1854,312.4543466666672,312.4543466666672
1855,429.8475733333337,429.8475733333337
1856,588.5468533333324,588.5468533333324
1857,480.39909333333367,480.39909333333367
1858,264.19573333333375,264.19573333333375
1859,198.56480000000033,198.56480000000033
1860,234.21658666666704,234.21658666666704
1861,295.8128266666674,295.8128266666674
1862,281.62808000000035,281.62808000000035
1863,292.08389333333395,292.08389333333395
1864,286.1106400000005,286.1106400000005
1865,351.25341333333347,351.25341333333347
1866,608.5294666666659,608.5294666666659
1867,1202.1391199999966,1202.1391199999966
1868,2447.6076799999937,2447.6076799999937
1869,4108.888320000006,4108.888320000006
1870,4617.972853333347,4617.972853333347
1871,3386.6095466666675,3386.6095466666675
1872,1409.9961599999976,1409.9961599999976
1873,86.20183999999995,86.20183999999995
1874,124.09056000000005,124.09056000000005
1875,286.10109333333395,286.10109333333395
1876,414.14346666666717,414.14346666666717
1877,265.01322666666687,265.01322666666687
1878,305.6292533333336,305.6292533333336
1879,438.41549333333336,438.41549333333336
1880,583.5091733333327,583.5091733333327
1881,527.8656799999995,527.8656799999995
1882,385.1979200000002,385.1979200000002
1883,288.71525333333375,288.71525333333375
1884,200.61805333333345,200.61805333333345
1885,212.9381333333336,212.9381333333336
1886,304.95874666666737,304.95874666666737
1887,286.29690666666704,286.29690666666704
1888,357.2251200000007,357.2251200000007
1889,333.33493333333377,333.33493333333377
1890,541.6988533333322,541.6988533333322
1891,1652.6748533333282,1652.6748533333282
1892,2746.002826666661,2746.002826666661
1893,3738.808986666669,3738.808986666669
1894,4280.647493333344,4280.647493333344
1895,3179.309546666664,3179.309546666664
1896,1590.4573333333292,1590.4573333333292
1897,82.47090666666665,82.47090666666665
1898,250.63824000000034,250.63824000000034
1899,243.17240000000066,243.17240000000066
1900,181.3917866666672,181.3917866666672
1901,203.41442666666688,203.41442666666688
1902,198.0648266666669,198.0648266666669
1903,375.36082666666704,375.36082666666704
1904,567.3499999999996,567.3499999999996
1905,428.31837333333345,428.31837333333345
1906,289.8955733333338,289.8955733333338
1907,275.8380000000005,275.8380000000005
1908,231.78645333333344,231.78645333333344
1909,216.29637333333346,216.29637333333346
1910,242.80133333333362,242.80133333333362
1911,395.4870133333333,395.4870133333333
1912,440.47253333333333,440.47253333333333
1913,365.9989066666671,365.9989066666671
1914,523.7583733333331,523.7583733333331
1915,1340.7623999999955,1340.7623999999955
1916,2885.792373333328,2885.792373333328
1917,3846.6618133333377,3846.6618133333377
1918,4183.2392533333405,4183.2392533333405
1919,3359.5112800000006,3359.5112800000006
1920,1593.49893333333,1593.49893333333
1921,82.65869333333328,82.65869333333328
1922,192.4066666666672,192.4066666666672
1923,195.5786666666669,195.5786666666669
1924,267.06541333333365,267.06541333333365
1925,275.0897600000002,275.0897600000002
1926,292.45722666666705,292.45722666666705
1927,391.02325333333374,391.02325333333374
1928,603.6101333333315,603.6101333333315
1929,530.6339733333326,530.6339733333326
1930,333.60109333333395,333.60109333333395
1931,208.6440266666669,208.6440266666669
1932,207.8972533333336,207.8972533333336
1933,266.6918933333336,266.6918933333336
1934,307.57018666666676,307.57018666666676
1935,396.6060800000002,396.6060800000002
1936,412.1012,412.1012
1937,351.99866666666725,351.99866666666725
1938,403.91712000000007,403.91712000000007
1939,1069.9367199999967,1069.9367199999967
1940,2342.5333333333283,2342.5333333333283
1941,4169.93373333334,4169.93373333334
1942,4473.8975733333455,4473.8975733333455
1943,3491.61464,3491.61464
1944,1686.6351999999952,1686.6351999999952
1945,91.42984000000006,91.42984000000006
1946,148.17104000000023,148.17104000000023
1947,199.12853333333345,199.12853333333345
1948,253.81536000000034,253.81536000000034
1949,227.49802666666707,227.49802666666707
1950,252.91120000000035,252.91120000000035
1951,402.4087733333338,402.4087733333338
1952,507.8045599999997,507.8045599999997
1953,465.43264,465.43264
1954,300.0259466666672,300.0259466666672
1955,223.76546666666687,223.76546666666687
1956,261.837466666667,261.837466666667
1957,220.58530666666704,220.58530666666704
1958,298.4240000000005,298.4240000000005
1959,427.5925066666666,427.5925066666666
1960,393.0634400000005,393.0634400000005
1961,434.50130666666655,434.50130666666655
1962,489.97559999999953,489.97559999999953
1963,1082.8902399999959,1082.8902399999959
1964,2415.2427999999936,2415.2427999999936
1965,4271.883386666669,4271.883386666669
1966,4733.8536000000095,4733.8536000000095
1967,3042.2087200000005,3042.2087200000005
1968,1246.1482133333297,1246.1482133333297
1969,25.35640000000005,25.35640000000005
1970,71.45770666666655,71.45770666666655
1971,195.5800266666669,195.5800266666669
1972,266.13282666666686,266.13282666666686
1973,322.50197333333347,322.50197333333347
1974,311.2283466666669,311.2283466666669
1975,447.9825866666665,447.9825866666665
1976,695.9224266666647,695.9224266666647
1977,635.7863199999988,635.7863199999988
1978,414.39074666666687,414.39074666666687
1979,294.8774400000004,294.8774400000004
1980,156.19698666666687,156.19698666666687
1981,263.1446133333338,263.1446133333338
1982,359.08277333333376,359.08277333333376
1983,393.8081066666671,393.8081066666671
1984,387.2774400000007,387.2774400000007
1985,359.2797066666672,359.2797066666672
1986,418.0466666666671,418.0466666666671
1987,1046.1563466666628,1046.1563466666628
1988,2094.8573333333266,2094.8573333333266
1989,4163.790826666677,4163.790826666677
1990,4497.967973333347,4497.967973333347
1991,3199.032533333333,3199.032533333333
1992,1437.6002933333305,1437.6002933333305
1993,67.91045333333334,67.91045333333334
1994,170.0085866666669,170.0085866666669
1995,231.9759200000002,231.9759200000002
1996,243.73538666666707,243.73538666666707
1997,339.4867200000005,339.4867200000005
1998,334.02941333333376,334.02941333333376
1999,387.1165333333338,387.1165333333338
2000,605.1077866666656,605.1077866666656
2001,568.096719999999,568.096719999999
2002,359.65866666666693,359.65866666666693
2003,202.86002666666673,202.86002666666673
2004,194.27216000000018,194.27216000000018
2005,243.92125333333377,243.92125333333377
2006,280.6931466666671,280.6931466666671
2007,400.5267466666667,400.5267466666667
2008,367.6783466666674,367.6783466666674
2009,377.010666666667,377.010666666667
2010,578.9443199999993,578.9443199999993
2011,1528.4905333333288,1528.4905333333288
2012,2357.0475466666608,2357.0475466666608
2013,3996.112400000005,3996.112400000005
2014,4186.804026666672,4186.804026666672
2015,3387.6776266666657,3387.6776266666657
2016,1564.7203199999972,1564.7203199999972
2017,71.2727733333332,71.2727733333332
2018,131.18850666666688,131.18850666666688
2019,191.4755733333336,191.4755733333336
2020,282.3707200000002,282.3707200000002
2021,298.7979200000005,298.7979200000005
2022,375.19525333333394,375.19525333333394
2023,440.65933333333345,440.65933333333345
2024,577.5381333333324,577.5381333333324
2025,431.8161066666669,431.8161066666669
2026,258.8326666666672,258.8326666666672
2027,205.0978133333336,205.0978133333336
2028,195.20277333333362,195.20277333333362
2029,265.01165333333375,265.01165333333375
2030,273.41445333333377,273.41445333333377
2031,357.9707733333338,357.9707733333338
2032,366.93080000000054,366.93080000000054
2033,475.93586666666727,475.93586666666727
2034,624.3323733333328,624.3323733333328
2035,1260.2424533333287,1260.2424533333287
2036,2527.1967999999956,2527.1967999999956
2037,3856.2771733333343,3856.2771733333343
2038,5108.310586666682,5108.310586666682
2039,3089.968106666664,3089.968106666664
2040,1487.49333333333,1487.49333333333
2041,65.2996533333333,65.2996533333333
2042,178.0311466666669,178.0311466666669
2043,223.76104000000046,223.76104000000046
2044,264.6381333333336,264.6381333333336
2045,260.52792000000034,260.52792000000034
2046,274.51096000000047,274.51096000000047
2047,443.48293333333316,443.48293333333316
2048,625.1043733333329,625.1043733333329
2049,520.5496266666665,520.5496266666665
2050,297.2504266666669,297.2504266666669
2051,279.1982933333335,279.1982933333335
2052,275.6525066666669,275.6525066666669
2053,248.21448000000032,248.21448000000032
2054,282.18821333333347,282.18821333333347
2055,337.2524533333338,337.2524533333338
2056,430.02165333333335,430.02165333333335
2057,352.9330400000008,352.9330400000008
2058,606.109546666666,606.109546666666
2059,1508.941706666662,1508.941706666662
2060,2349.0920266666612,2349.0920266666612
2061,3772.8385066666724,3772.8385066666724
2062,4711.455333333344,4711.455333333344
2063,3024.890959999999,3024.890959999999
2064,1540.4863466666636,1540.4863466666636
2065,71.64693333333332,71.64693333333332
2066,209.39376000000016,209.39376000000016
2067,308.69125333333363,308.69125333333363
2068,267.2553600000007,267.2553600000007
2069,207.15466666666703,207.15466666666703
2070,197.0781066666667,197.0781066666667
2071,315.10997333333364,315.10997333333364
2072,594.891946666666,594.891946666666
2073,531.4018399999995,531.4018399999995
2074,243.84602666666706,243.84602666666706
2075,161.98008000000016,161.98008000000016
2076,230.85306666666702,230.85306666666702
2077,322.4988800000003,322.4988800000003
2078,330.90077333333363,330.90077333333363
2079,351.0651733333339,351.0651733333339
2080,383.35650666666703,383.35650666666703
2081,398.66146666666674,398.66146666666674
2082,504.01722666666575,504.01722666666575
2083,1305.312799999996,1305.312799999996
2084,2654.160239999994,2654.160239999994
2085,4148.6888800000115,4148.6888800000115
2086,4860.650426666681,4860.650426666681
2087,3070.8238933333314,3070.8238933333314
2088,1341.1594133333301,1341.1594133333301
2089,90.68405333333334,90.68405333333334
2090,227.86962666666687,227.86962666666687
2091,202.67405333333377,202.67405333333377
2092,130.6266400000001,130.6266400000001
2093,147.98456000000027,147.98456000000027
2094,225.2359200000003,225.2359200000003
2095,369.2988533333338,369.2988533333338
2096,699.2021333333317,699.2021333333317
2097,650.1969066666657,650.1969066666657
2098,423.4882933333336,423.4882933333336
2099,354.6029333333338,354.6029333333338
2100,330.5273600000005,330.5273600000005
2101,263.89160000000066,263.89160000000066
2102,270.4316533333336,270.4316533333336
2103,299.7368533333337,299.7368533333337
2104,346.4010400000005,346.4010400000005
2105,289.28394666666685,289.28394666666685
2106,505.13111999999904,505.13111999999904
2107,1511.4621599999955,1511.4621599999955
2108,2111.9782399999954,2111.9782399999954
2109,3711.8214133333345,3711.8214133333345
2110,4713.782453333346,4713.782453333346
2111,3581.822853333336,3581.822853333336
2112,1822.5954399999985,1822.5954399999985
2113,108.78706666666676,108.78706666666676
2114,286.6630400000003,286.6630400000003
2115,314.84837333333377,314.84837333333377
2116,324.17898666666724,324.17898666666724
2117,337.80234666666723,337.80234666666723
2118,308.8787466666672,308.8787466666672
2119,432.8108266666669,432.8108266666669
2120,580.5459733333327,580.5459733333327
2121,544.3620266666661,544.3620266666661
2122,373.0444000000005,373.0444000000005
2123,287.97234666666685,287.97234666666685
2124,291.3323200000006,291.3323200000006
2125,226.37794666666719,226.37794666666719
2126,210.51250666666675,210.51250666666675
2127,211.44949333333363,211.44949333333363
2128,284.05797333333396,284.05797333333396
2129,323.2544000000005,323.2544000000005
2130,558.2039466666663,558.2039466666663
2131,1159.4126399999966,1159.4126399999966
2132,2204.6740799999952,2204.6740799999952
2133,3377.996559999997,3377.996559999997
2134,4428.647680000006,4428.647680000006
2135,3788.324453333339,3788.324453333339
2136,1742.2292533333311,1742.2292533333311
2137,97.77608000000009,97.77608000000009
2138,243.92085333333344,243.92085333333344
2139,208.83077333333358,208.83077333333358
2140,194.08501333333362,194.08501333333362
2141,199.68328000000017,199.68328000000017
2142,216.7273066666669,216.7273066666669
2143,409.20680000000016,409.20680000000016
2144,598.1206399999983,598.1206399999983
2145,501.80562666666674,501.80562666666674
2146,329.83640000000065,329.83640000000065
2147,282.7443733333338,282.7443733333338
2148,296.18146666666706,296.18146666666706
2149,214.2437866666669,214.2437866666669
2150,167.21005333333346,167.21005333333346
2151,305.70885333333376,305.70885333333376
2152,383.170853333334,383.170853333334
2153,423.48752000000036,423.48752000000036
2154,517.4927999999995,517.4927999999995
2155,1598.6065599999952,1598.6065599999952
2156,2543.0634133333297,2543.0634133333297
2157,3989.392853333339,3989.392853333339
2158,4663.748240000011,4663.748240000011
2159,3175.743173333333,3175.743173333333
2160,1414.0403733333299,1414.0403733333299
2161,107.85624000000006,107.85624000000006
2162,161.61053333333345,161.61053333333345
2163,299.5452266666669,299.5452266666669
2164,316.34128000000015,316.34128000000015
2165,376.44122666666755,376.44122666666755
2166,302.7190133333336,302.7190133333336
2167,386.28264000000036,386.28264000000036
2168,551.3245066666666,551.3245066666666
2169,555.2426666666657,555.2426666666657
2170,290.5029333333338,290.5029333333338
2171,206.9610133333336,206.9610133333336
2172,196.32290666666688,196.32290666666688
2173,175.6049866666669,175.6049866666669
2174,156.0101600000001,156.0101600000001
2175,365.0602666666666,365.0602666666666
2176,419.3754933333339,419.3754933333339
2177,404.63501333333363,404.63501333333363
2178,523.7663199999996,523.7663199999996
2179,1167.8861866666628,1167.8861866666628
2180,2507.410399999994,2507.410399999994
2181,3598.681733333333,3598.681733333333
2182,4536.521840000009,4536.521840000009
2183,4247.639760000005,4247.639760000005
2184,1993.2504799999952,1993.2504799999952
2185,30.209093333333346,30.209093333333346
2186,139.0239466666668,139.0239466666668
2187,224.6945600000005,224.6945600000005
2188,265.00922666666673,265.00922666666673
2189,241.49458666666706,241.49458666666706
2190,275.52344000000033,275.52344000000033
2191,421.77128000000016,421.77128000000016
2192,530.8228533333325,530.8228533333325
2193,431.7845066666667,431.7845066666667
2194,227.84951999999998,227.84951999999998
2195,304.39544000000035,304.39544000000035
2196,307.7543733333338,307.7543733333338
2197,315.5944266666668,315.5944266666668
2198,293.01170666666707,293.01170666666707
2199,319.7030400000003,319.7030400000003
2200,340.9821066666669,340.9821066666669
2201,407.43232,407.43232
2202,527.9954666666667,527.9954666666667
2203,1380.4390133333295,1380.4390133333295
2204,2690.488853333327,2690.488853333327
2205,3596.5041866666675,3596.5041866666675
2206,4656.241866666677,4656.241866666677
2207,4278.6471466666735,4278.6471466666735
2208,2138.262053333328,2138.262053333328
2209,95.7234666666667,95.7234666666667
2210,186.43264000000033,186.43264000000033
2211,222.07834666666704,222.07834666666704
2212,205.65218666666706,205.65218666666706
2213,185.8714133333336,185.8714133333336
2214,152.04141333333342,152.04141333333342
2215,304.52960000000064,304.52960000000064
2216,511.3801066666666,511.3801066666666
2217,452.31882666666655,452.31882666666655
2218,233.34482666666705,233.34482666666705
2219,273.96965333333344,273.96965333333344
2220,323.6166666666669,323.6166666666669
2221,336.6819200000007,336.6819200000007
2222,308.1248000000008,308.1248000000008
2223,280.8750666666672,280.8750666666672
2224,247.65509333333364,247.65509333333364
2225,352.18288000000035,352.18288000000035
2226,502.4156799999997,502.4156799999997
2227,1369.325199999996,1369.325199999996
2228,2765.983519999994,2765.983519999994
2229,3828.288746666672,3828.288746666672
2230,4428.332133333341,4428.332133333341
2231,3685.1687466666685,3685.1687466666685
2232,1954.794026666664,1954.794026666664
2233,49.993520000000046,49.993520000000046
2234,153.58120000000022,153.58120000000022
2235,221.89362666666705,221.89362666666705
2236,274.5272800000005,274.5272800000005
2237,233.65360000000047,233.65360000000047
2238,216.46378666666706,216.46378666666706
2239,368.4922666666672,368.4922666666672
2240,568.6808799999992,568.6808799999992
2241,532.5755733333326,532.5755733333326
2242,381.6176800000002,381.6176800000002
2243,289.8323200000003,289.8323200000003
2244,200.05946666666705,200.05946666666705
2245,223.5764266666669,223.5764266666669
2246,323.4342666666669,323.4342666666669
2247,340.60781333333375,340.60781333333375
2248,338.7414133333338,338.7414133333338
2249,268.0030666666672,268.0030666666672
2250,418.803493333333,418.803493333333
2251,1486.777466666661,1486.777466666661
2252,2420.930853333328,2420.930853333328
2253,4056.1942400000053,4056.1942400000053
2254,4807.9498400000075,4807.9498400000075
2255,3819.1195466666672,3819.1195466666672
2256,2147.4903199999953,2147.4903199999953
2257,117.74816000000004,117.74816000000004
2258,265.0125066666672,265.0125066666672
2259,273.2256533333336,273.2256533333336
2260,336.31253333333365,336.31253333333365
2261,351.99144000000035,351.99144000000035
2262,404.5506400000005,404.5506400000005
2263,470.3094933333335,470.3094933333335
2264,622.8891466666659,622.8891466666659
2265,493.64938666666626,493.64938666666626
2266,343.4941866666669,343.4941866666669
2267,295.9965333333336,295.9965333333336
2268,257.17314666666704,257.17314666666704
2269,247.09418666666704,247.09418666666704
2270,178.03472,178.03472
2271,207.33981333333347,207.33981333333347
2272,230.67194666666688,230.67194666666688
2273,177.84992,177.84992
2274,420.5085066666661,420.5085066666661
2275,1305.1606399999957,1305.1606399999957
2276,2202.320293333328,2202.320293333328
2277,4075.657760000005,4075.657760000005
2278,4893.925600000012,4893.925600000012
2279,3808.369706666669,3808.369706666669
2280,1948.6859733333313,1948.6859733333313
2281,107.67048000000005,107.67048000000005
2282,255.30976000000047,255.30976000000047
2283,257.5457066666672,257.5457066666672
2284,183.4451200000005,183.4451200000005
2285,293.1975466666669,293.1975466666669
2286,408.2667733333338,408.2667733333338
2287,497.70274666666637,497.70274666666637
2288,569.3503199999996,569.3503199999996
2289,527.3179199999997,527.3179199999997
2290,292.9216800000005,292.9216800000005
2291,303.46469333333425,303.46469333333425
2292,128.01258666666655,128.01258666666655
2293,148.54317333333353,148.54317333333353
2294,226.3761600000003,226.3761600000003
2295,349.9344266666672,349.9344266666672
2296,338.18162666666706,338.18162666666706
2297,428.3373066666671,428.3373066666671
2298,609.075173333332,609.075173333332
2299,1501.7329866666628,1501.7329866666628
2300,2988.3970133333282,2988.3970133333282
2301,3950.625786666672,3950.625786666672
2302,4058.3047200000096,4058.3047200000096
2303,3457.2026933333327,3457.2026933333327
2304,1637.4377333333314,1637.4377333333314
2305,86.01855999999998,86.01855999999998
2306,156.19597333333348,156.19597333333348
2307,279.1964800000002,279.1964800000002
2308,373.64202666666773,373.64202666666773
2309,262.0270133333336,262.0270133333336
2310,234.08786666666708,234.08786666666708
2311,452.54008000000016,452.54008000000016
2312,545.7247466666662,545.7247466666662
2313,408.44205333333343,408.44205333333343
2314,301.8854666666669,301.8854666666669
2315,255.8666133333338,255.8666133333338
2316,299.1713333333339,299.1713333333339
2317,307.75653333333366,307.75653333333366
2318,284.9841333333338,284.9841333333338
2319,279.3857333333339,279.3857333333339
2320,263.5178666666669,263.5178666666669
2321,231.41872,231.41872
2322,418.7653066666666,418.7653066666666
2323,1186.0351733333293,1186.0351733333293
2324,2535.144826666661,2535.144826666661
2325,4508.7897066666765,4508.7897066666765
2326,4349.30656000001,4349.30656000001
2327,3792.047253333334,3792.047253333334
2328,1895.3820266666642,1895.3820266666642
2329,75.93821333333328,75.93821333333328
2330,147.42205333333342,147.42205333333342
2331,189.0449066666669,189.0449066666669
2332,291.8874666666669,291.8874666666669
2333,354.6022933333338,354.6022933333338
2334,332.8798666666669,332.8798666666669
2335,532.7487999999994,532.7487999999994
2336,575.0511466666666,575.0511466666666
2337,525.5941333333332,525.5941333333332
2338,281.49592000000035,281.49592000000035
2339,261.83960000000036,261.83960000000036
2340,251.76176000000046,251.76176000000046
2341,263.33170666666706,263.33170666666706
2342,310.92693333333347,310.92693333333347
2343,240.00093333333362,240.00093333333362
2344,220.58912000000032,220.58912000000032
2345,144.62666666666678,144.62666666666678
2346,251.37400000000036,251.37400000000036
2347,1220.8689066666623,1220.8689066666623
2348,2386.8622399999954,2386.8622399999954
2349,3690.091466666667,3690.091466666667
2350,4187.739653333337,4187.739653333337
2351,4277.186080000006,4277.186080000006
2352,2295.994586666664,2295.994586666664
2353,68.09919999999995,68.09919999999995
2354,176.35082666666688,176.35082666666688
2355,232.53112000000033,232.53112000000033
2356,274.5278933333336,274.5278933333336
2357,270.6105600000003,270.6105600000003
2358,253.90016000000048,253.90016000000048
2359,350.4407200000007,350.4407200000007
2360,590.835439999999,590.835439999999
2361,567.5356533333323,567.5356533333323
2362,300.7025066666672,300.7025066666672
2363,274.53322666666736,274.53322666666736
2364,231.41512000000017,231.41512000000017
2365,237.19885333333377,237.19885333333377
2366,259.9707733333336,259.9707733333336
2367,250.8282133333336,250.8282133333336
2368,274.72082666666705,274.72082666666705
2369,294.88173333333407,294.88173333333407
2370,552.0511733333328,552.0511733333328
2371,1584.9467466666629,1584.9467466666629
2372,2716.5632799999953,2716.5632799999953
2373,3550.946853333331,3550.946853333331
2374,4364.909546666679,4364.909546666679
2375,3562.6977866666675,3562.6977866666675
2376,2254.881039999997,2254.881039999997
2377,80.4186133333333,80.4186133333333
2378,206.96842666666723,206.96842666666723
2379,246.53477333333376,246.53477333333376
2380,229.9227466666669,229.9227466666669
2381,222.08112000000034,222.08112000000034
2382,251.89874666666688,251.89874666666688
2383,304.8999200000007,304.8999200000007
2384,477.6796799999997,477.6796799999997
2385,517.8274933333323,517.8274933333323
2386,421.2645066666669,421.2645066666669
2387,356.28317333333393,356.28317333333393
2388,276.9582933333336,276.9582933333336
2389,301.96850666666705,301.96850666666705
2390,275.8373066666669,275.8373066666669
2391,248.9606133333336,248.9606133333336
2392,277.70653333333394,277.70653333333394
2393,367.1180533333335,367.1180533333335
2394,539.5644266666661,539.5644266666661
2395,1456.0194133333289,1456.0194133333289
2396,2513.1626399999936,2513.1626399999936
2397,3995.2618933333392,3995.2618933333392
2398,4648.583680000008,4648.583680000008
2399,3876.2150400000014,3876.2150400000014
2400,2011.490213333328,2011.490213333328
2401,96.65751999999999,96.65751999999999
2402,179.5290933333336,179.5290933333336
2403,239.8172533333336,239.8172533333336
2404,272.1046666666669,272.1046666666669
2405,226.7474133333336,226.7474133333336
2406,240.2710400000003,240.2710400000003
2407,424.66682666666685,424.66682666666685
2408,674.405519999998,674.405519999998
2409,426.26072000000005,426.26072000000005
2410,183.65834666666706,183.65834666666706
2411,164.03632000000016,164.03632000000016
2412,310.73906666666693,310.73906666666693
2413,319.88461333333333,319.88461333333333
2414,350.68426666666676,350.68426666666676
2415,274.71909333333394,274.71909333333394
2416,316.53128000000066,316.53128000000066
2417,388.95463999999987,388.95463999999987
2418,419.2946133333336,419.2946133333336
2419,1130.3141066666624,1130.3141066666624
2420,2819.4277599999937,2819.4277599999937
2421,3696.2518933333363,3696.2518933333363
2422,4337.499546666676,4337.499546666676
2423,3728.267733333335,3728.267733333335
2424,2052.6287999999968,2052.6287999999968
2425,121.48015999999994,121.48015999999994
2426,268.9334400000002,268.9334400000002
2427,293.5721600000005,293.5721600000005
2428,204.5380533333336,204.5380533333336
2429,115.1336,115.1336
2430,165.8509866666669,165.8509866666669
2431,284.0622933333339,284.0622933333339
2432,552.7327199999993,552.7327199999993
2433,501.0633066666663,501.0633066666663
2434,323.81386666666725,323.81386666666725
2435,312.04850666666675,312.04850666666675
2436,305.8884533333333,305.8884533333333
2437,301.40714666666685,301.40714666666685
2438,256.42522666666656,256.42522666666656
2439,283.6784266666669,283.6784266666669
2440,331.27549333333394,331.27549333333394
2441,338.45165333333364,338.45165333333364
2442,531.7437599999994,531.7437599999994
2443,1431.9222933333294,1431.9222933333294
2444,2662.4886933333282,2662.4886933333282
2445,3918.5918133333407,3918.5918133333407
2446,4410.260560000003,4410.260560000003
2447,3883.401520000003,3883.401520000003
2448,1773.6932533333297,1773.6932533333297
2449,117.18648000000003,117.18648000000003
2450,213.8696000000002,213.8696000000002
2451,213.86626666666723,213.86626666666723
2452,219.4657333333336,219.4657333333336
2453,251.0119200000005,251.0119200000005
2454,296.10696000000047,296.10696000000047
2455,440.38616000000025,440.38616000000025
2456,679.0459999999985,679.0459999999985
2457,548.5499466666663,548.5499466666663
2458,338.83298666666707,338.83298666666707
2459,318.58085333333344,318.58085333333344
2460,325.86032000000034,325.86032000000034
2461,321.00658666666675,321.00658666666675
2462,293.56826666666706,293.56826666666706
2463,243.7332800000005,243.7332800000005
2464,276.95877333333374,276.95877333333374
2465,212.56706666666688,212.56706666666688
2466,490.74674666666624,490.74674666666624
2467,1528.2855199999956,1528.2855199999956
2468,2105.662586666661,2105.662586666661
2469,4197.770533333339,4197.770533333339
2470,4600.59170666668,4600.59170666668
2471,3246.11456,3246.11456
2472,1824.1108266666643,1824.1108266666643
2473,122.22605333333338,122.22605333333338
2474,138.4637333333333,138.4637333333333
2475,175.60762666666673,175.60762666666673
2476,251.57488000000018,251.57488000000018
2477,281.62501333333347,281.62501333333347
2478,327.25056000000035,327.25056000000035
2479,453.1006666666671,453.1006666666671
2480,615.6941333333328,615.6941333333328
2481,537.52104,537.52104
2482,378.6177866666669,378.6177866666669
2483,287.40960000000035,287.40960000000035
2484,296.1829066666669,296.1829066666669
2485,284.4245333333337,284.4245333333337
2486,216.1089600000003,216.1089600000003
2487,267.0650933333338,267.0650933333338
2488,266.50504000000046,266.50504000000046
2489,267.6303466666674,267.6303466666674
2490,464.9834133333335,464.9834133333335
2491,1251.0001333333296,1251.0001333333296
2492,2373.864426666661,2373.864426666661
2493,4163.006373333345,4163.006373333345
2494,4926.877066666679,4926.877066666679
2495,4029.883466666672,4029.883466666672
2496,1604.7437866666642,1604.7437866666642
2497,82.28445333333332,82.28445333333332
2498,121.1056533333333,121.1056533333333
2499,217.41458666666705,217.41458666666705
2500,226.1885066666669,226.1885066666669
2501,275.65018666666674,275.65018666666674
2502,326.5596000000005,326.5596000000005
2503,445.5355733333331,445.5355733333331
2504,569.4542133333317,569.4542133333317
2505,484.01557333333335,484.01557333333335
2506,287.81442666666703,287.81442666666703
2507,259.5956533333335,259.5956533333335
2508,220.2148266666667,220.2148266666667
2509,272.28904000000017,272.28904000000017
2510,282.1801066666671,282.1801066666671
2511,246.34520000000035,246.34520000000035
2512,271.17506666666674,271.17506666666674
2513,283.3114666666669,283.3114666666669
2514,424.80325333333315,424.80325333333315
2515,1271.4542933333291,1271.4542933333291
2516,3357.3211733333346,3357.3211733333346
2517,3869.5396800000085,3869.5396800000085
2518,4737.474960000018,4737.474960000018
2519,3671.678693333336,3671.678693333336
2520,1900.020559999997,1900.020559999997
2521,51.11496,51.11496
2522,243.17632000000032,243.17632000000032
2523,288.1571200000005,288.1571200000005
2524,280.5029600000003,280.5029600000003
2525,289.0887733333336,289.0887733333336
2526,279.4950933333338,279.4950933333338
2527,409.05133333333333,409.05133333333333
2528,507.6445866666661,507.6445866666661
2529,473.8853866666666,473.8853866666666
2530,280.7338133333336,280.7338133333336
2531,213.31192000000016,213.31192000000016
2532,267.9979200000005,267.9979200000005
2533,265.5713866666671,265.5713866666671
2534,269.30200000000053,269.30200000000053
2535,193.14944000000017,193.14944000000017
2536,316.15493333333364,316.15493333333364
2537,409.67031999999983,409.67031999999983
2538,533.723973333333,533.723973333333
2539,1240.0096533333294,1240.0096533333294
2540,2660.4521066666607,2660.4521066666607
2541,3439.6886400000003,3439.6886400000003
2542,4576.176986666679,4576.176986666679
2543,3932.9008800000047,3932.9008800000047
2544,2075.2549866666627,2075.2549866666627
2545,108.9746933333334,108.9746933333334
2546,249.7060800000005,249.7060800000005
2547,340.4174933333338,340.4174933333338
2548,315.59378666666703,315.59378666666703
2549,228.79925333333378,228.79925333333378
2550,297.59976000000034,297.59976000000034
2551,460.61765333333324,460.61765333333324
2552,632.7515733333325,632.7515733333325
2553,440.31232,440.31232
2554,196.38170666666704,196.38170666666704
2555,234.58853333333377,234.58853333333377
2556,267.0660533333338,267.0660533333338
2557,235.33501333333345,235.33501333333345
2558,246.5323733333336,246.5323733333336
2559,336.4986133333333,336.4986133333333
2560,294.6900266666669,294.6900266666669
2561,328.85240000000033,328.85240000000033
2562,387.9733866666668,387.9733866666668
2563,1082.3297599999973,1082.3297599999973
2564,2242.194426666661,2242.194426666661
2565,3757.0142666666707,3757.0142666666707
2566,4561.336880000012,4561.336880000012
2567,3829.487306666668,3829.487306666668
2568,2133.0123999999955,2133.0123999999955
2569,77.8042933333334,77.8042933333334
2570,180.4568533333336,180.4568533333336
2571,251.9409066666667,251.9409066666667
2572,225.25389333333348,225.25389333333348
2573,304.20896000000016,304.20896000000016
2574,264.0864266666669,264.0864266666669
2575,450.68439999999964,450.68439999999964
2576,576.3652799999995,576.3652799999995
2577,514.1012266666662,514.1012266666662
2578,400.9796533333341,400.9796533333341
2579,264.6376800000002,264.6376800000002
2580,248.77517333333327,248.77517333333327
2581,283.4936800000003,283.4936800000003
2582,313.1704533333338,313.1704533333338
2583,291.8887200000005,291.8887200000005
2584,283.86173333333346,283.86173333333346
2585,328.6622400000008,328.6622400000008
2586,644.9855199999993,644.9855199999993
2587,1504.2034399999964,1504.2034399999964
2588,2601.348266666661,2601.348266666661
2589,3883.106426666672,3883.106426666672
2590,4375.463973333344,4375.463973333344
2591,3525.4209066666645,3525.4209066666645
2592,2091.2377066666627,2091.2377066666627
2593,132.68210666666687,132.68210666666687
2594,213.31152000000034,213.31152000000034
2595,249.33306666666704,249.33306666666704
2596,302.7140266666669,302.7140266666669
2597,261.4667200000003,261.4667200000003
2598,258.779893333334,258.779893333334
2599,275.7138400000008,275.7138400000008
2600,516.8236533333325,516.8236533333325
2601,479.1187199999995,479.1187199999995
2602,318.85714666666706,318.85714666666706
2603,184.00701333333345,184.00701333333345
2604,256.23480000000035,256.23480000000035
2605,233.4650133333336,233.4650133333336
2606,242.7981333333336,242.7981333333336
2607,356.47157333333394,356.47157333333394
2608,416.57589333333374,416.57589333333374
2609,496.8408799999996,496.8408799999996
2610,601.0491999999996,601.0491999999996
2611,1533.0593066666625,1533.0593066666625
2612,2095.934346666659,2095.934346666659
2613,3696.5816533333377,3696.5816533333377
2614,4589.822773333346,4589.822773333346
2615,3954.214293333336,3954.214293333336
2616,2237.246186666664,2237.246186666664
2617,104.6826133333335,104.6826133333335
2618,270.2408000000003,270.2408000000003
2619,407.24306666666735,407.24306666666735
2620,362.2578133333336,362.2578133333336
2621,267.2504000000003,267.2504000000003
2622,278.2105600000003,278.2105600000003
2623,377.9281333333338,377.9281333333338
2624,492.42215999999974,492.42215999999974
2625,391.40992000000034,391.40992000000034
2626,279.2274666666672,279.2274666666672
2627,201.17765333333375,201.17765333333375
2628,171.8742666666669,171.8742666666669
2629,199.49709333333345,199.49709333333345
2630,260.53189333333347,260.53189333333347
2631,326.23117333333397,326.23117333333397
2632,286.29149333333334,286.29149333333334
2633,295.6283733333341,295.6283733333341
2634,495.9715733333332,495.9715733333332
2635,1520.1902399999963,1520.1902399999963
2636,2769.7560799999937,2769.7560799999937
2637,3782.7818133333344,3782.7818133333344
2638,3914.3305066666708,3914.3305066666708
2639,4078.2900800000048,4078.2900800000048
2640,2550.2110933333315,2550.2110933333315
2641,87.88274666666673,87.88274666666673
2642,209.57317333333359,209.57317333333359
2643,268.9265333333336,268.9265333333336
2644,267.9947466666671,267.9947466666671
2645,230.10661333333348,230.10661333333348
2646,304.9036800000003,304.9036800000003
2647,387.2063466666668,387.2063466666668
2648,647.9841866666652,647.9841866666652
2649,569.7002133333324,569.7002133333324
2650,295.842213333334,295.842213333334
2651,274.9046933333338,274.9046933333338
2652,308.31450666666706,308.31450666666706
2653,243.9198666666669,243.9198666666669
2654,255.86821333333347,255.86821333333347
2655,167.95618666666672,167.95618666666672
2656,202.48925333333344,202.48925333333344
2657,274.7238400000005,274.7238400000005
2658,445.06055999999984,445.06055999999984
2659,1546.1852799999956,1546.1852799999956
2660,2480.6423199999936,2480.6423199999936
2661,3632.8957333333346,3632.8957333333346
2662,4397.30760000001,4397.30760000001
2663,3913.2695200000035,3913.2695200000035
2664,1916.8701333333313,1916.8701333333313
2665,105.24197333333325,105.24197333333325
2666,153.76885333333365,153.76885333333365
2667,215.36448000000047,215.36448000000047
2668,335.75317333333413,335.75317333333413
2669,368.7878666666677,368.7878666666677
2670,310.7491200000005,310.7491200000005
2671,348.9598666666674,348.9598666666674
2672,652.2758133333317,652.2758133333317
2673,527.8482399999992,527.8482399999992
2674,402.9185066666671,402.9185066666671
2675,239.0674933333336,239.0674933333336
2676,245.78709333333347,245.78709333333347
2677,279.01285333333357,279.01285333333357
2678,274.15936000000033,274.15936000000033
2679,276.21368000000035,276.21368000000035
2680,232.53493333333358,232.53493333333358
2681,287.41418666666704,287.41418666666704
2682,416.0974933333335,416.0974933333335
2683,1493.6716799999947,1493.6716799999947
2684,2764.600373333328,2764.600373333328
2685,3586.0142399999986,3586.0142399999986
2686,4602.3174666666755,4602.3174666666755
2687,3786.1855466666707,3786.1855466666707
2688,1720.5519733333313,1720.5519733333313
2689,94.78978666666673,94.78978666666673
2690,175.98122666666688,175.98122666666688
2691,229.92176000000032,229.92176000000032
2692,274.71784000000036,274.71784000000036
2693,303.27272,303.27272
2694,243.65765333333363,243.65765333333363
2695,384.6534666666672,384.6534666666672
2696,575.8267199999995,575.8267199999995
2697,587.5850933333323,587.5850933333323
2698,291.44168000000064,291.44168000000064
2699,329.78048000000064,329.78048000000064
2700,358.7090933333338,358.7090933333338
2701,287.9671466666669,287.9671466666669
2702,212.18992000000048,212.18992000000048
2703,201.5484266666669,201.5484266666669
2704,238.13584000000014,238.13584000000014
2705,302.9081333333336,302.9081333333336
2706,570.2601066666656,570.2601066666656
2707,1208.5542133333297,1208.5542133333297
2708,2379.6122399999936,2379.6122399999936
2709,4004.8353866666753,4004.8353866666753
2710,4567.493173333342,4567.493173333342
2711,3807.5222133333373,3807.5222133333373
2712,2198.3257066666624,2198.3257066666624
2713,51.86202666666654,51.86202666666654
2714,81.35197333333323,81.35197333333323
2715,153.39586666666685,153.39586666666685
2716,180.6449866666669,180.6449866666669
2717,261.83592000000016,261.83592000000016
2718,277.52704000000034,277.52704000000034
2719,401.43898666666723,401.43898666666723
2720,791.8622666666645,791.8622666666645
2721,465.51245333333304,465.51245333333304
2722,269.88949333333346,269.88949333333346
2723,201.9238666666669,201.9238666666669
2724,307.0081333333336,307.0081333333336
2725,353.8568533333338,353.8568533333338
2726,334.81618666666657,334.81618666666657
2727,277.14109333333346,277.14109333333346
2728,375.3221866666672,375.3221866666672
2729,359.6514666666671,359.6514666666671
2730,534.1484799999997,534.1484799999997
2731,1371.9569599999957,1371.9569599999957
2732,2400.0699199999954,2400.0699199999954
2733,4149.477093333339,4149.477093333339
2734,4912.228186666678,4912.228186666678
2735,3581.469813333335,3581.469813333335
2736,1740.477759999997,1740.477759999997
2737,112.70696000000005,112.70696000000005
2738,194.4567466666669,194.4567466666669
2739,248.9581333333336,248.9581333333336
2740,254.55653333333362,254.55653333333362
2741,256.0519200000005,256.0519200000005
2742,294.7765333333336,294.7765333333336
2743,324.23490666666737,324.23490666666737
2744,464.5591733333335,464.5591733333335
2745,475.30493333333317,475.30493333333317
2746,218.6040266666672,218.6040266666672
2747,232.72098666666722,232.72098666666722
2748,245.0390933333336,245.0390933333336
2749,233.84029333333362,233.84029333333362
2750,210.6965600000002,210.6965600000002
2751,247.84242666666688,247.84242666666688
2752,270.4293333333338,270.4293333333338
2753,409.48661333333314,409.48661333333314
2754,438.1804000000003,438.1804000000003
2755,1309.9210666666631,1309.9210666666631
2756,2711.107253333328,2711.107253333328
2757,3885.739386666677,3885.739386666677
2758,4428.056213333347,4428.056213333347
2759,3883.743360000005,3883.743360000005
2760,2082.04061333333,2082.04061333333
2761,119.80104000000004,119.80104000000004
2762,212.00440000000032,212.00440000000032
2763,253.43984000000034,253.43984000000034
2764,254.37216000000063,254.37216000000063
2765,163.47408000000019,163.47408000000019
2766,213.15482666666705,213.15482666666705
2767,381.7693066666669,381.7693066666669
2768,569.6176533333328,569.6176533333328
2769,653.7949866666652,653.7949866666652
2770,361.8453066666668,361.8453066666668
2771,236.0854933333336,236.0854933333336
2772,196.1417866666669,196.1417866666669
2773,249.89277333333362,249.89277333333362
2774,314.09893333333395,314.09893333333395
2775,332.20576000000034,332.20576000000034
2776,265.20018666666675,265.20018666666675
2777,280.50936000000047,280.50936000000047
2778,429.61754666666684,429.61754666666684
2779,996.5083733333308,996.5083733333308
2780,2723.702533333328,2723.702533333328
2781,3799.864826666671,3799.864826666671
2782,4526.665413333344,4526.665413333344
2783,4088.765200000005,4088.765200000005
2784,2498.024586666663,2498.024586666663
2785,92.92266666666677,92.92266666666677
2786,242.79821333333376,242.79821333333376
2787,273.03709333333376,273.03709333333376
2788,371.2161600000006,371.2161600000006
2789,305.32837333333345,305.32837333333345
2790,251.3147733333338,251.3147733333338
2791,439.5360266666669,439.5360266666669
2792,640.2209866666653,640.2209866666653
2793,494.6257066666661,494.6257066666661
2794,278.1327733333339,278.1327733333339
2795,149.47714666666678,149.47714666666678
2796,235.8932533333333,235.8932533333333
2797,261.6515733333338,261.6515733333338
2798,223.5746133333336,223.5746133333336
2799,233.8425066666669,233.8425066666669
2800,228.2453600000005,228.2453600000005
2801,272.1112800000002,272.1112800000002
2802,501.8464266666666,501.8464266666666
2803,1218.0990133333305,1218.0990133333305
2804,3285.1448799999985,3285.1448799999985
2805,4145.191226666676,4145.191226666676
2806,4604.720266666675,4604.720266666675
2807,3003.6681333333313,3003.6681333333313
2808,1936.0517066666644,1936.0517066666644
2809,78.1784,78.1784
2810,225.62928000000048,225.62928000000048
2811,261.8382400000005,261.8382400000005
2812,291.70160000000016,291.70160000000016
2813,314.46765333333377,314.46765333333377
2814,282.93184000000036,282.93184000000036
2815,291.1926933333338,291.1926933333338
2816,399.9785600000002,399.9785600000002
2817,424.51151999999985,424.51151999999985
2818,288.6766933333336,288.6766933333336
2819,266.8769866666669,266.8769866666669
2820,280.3172000000001,280.3172000000001
2821,288.90370666666706,288.90370666666706
2822,342.6602933333339,342.6602933333339
2823,390.8161066666672,390.8161066666672
2824,290.399786666667,290.399786666667
2825,374.39765333333366,374.39765333333366
2826,525.9119199999992,525.9119199999992
2827,1481.665466666663,1481.665466666663
2828,2766.0122399999937,2766.0122399999937
2829,4301.90269333334,4301.90269333334
2830,4549.0730133333445,4549.0730133333445
2831,3263.9321066666657,3263.9321066666657
2832,1835.3323733333295,1835.3323733333295
2833,110.8425333333335,110.8425333333335
2834,209.2069600000005,209.2069600000005
2835,303.27706666666705,303.27706666666705
2836,216.66741333333377,216.66741333333377
2837,286.0993866666666,286.0993866666666
2838,286.1903200000003,286.1903200000003
2839,393.1374400000005,393.1374400000005
2840,519.1673866666664,519.1673866666664
2841,544.8154399999994,544.8154399999994
2842,270.1322666666672,270.1322666666672
2843,234.9590933333336,234.9590933333336
2844,237.75944000000018,237.75944000000018
2845,270.4230933333336,270.4230933333336
2846,345.0834400000008,345.0834400000008
2847,284.7970133333338,284.7970133333338
2848,282.55970666666735,282.55970666666735
2849,326.0527733333338,326.0527733333338
2850,533.1444533333328,533.1444533333328
2851,1486.4104266666623,1486.4104266666623
2852,2833.8199999999956,2833.8199999999956
2853,3668.9513599999987,3668.9513599999987
2854,4499.355253333341,4499.355253333341
2855,3796.0842133333376,3796.0842133333376
2856,1786.8113333333295,1786.8113333333295
2857,65.67239999999995,65.67239999999995
2858,124.65208000000005,124.65208000000005
2859,187.73736000000017,187.73736000000017
2860,158.0584266666668,158.0584266666668
2861,157.12584000000015,157.12584000000015
2862,173.8244,173.8244
2863,345.3152,345.3152
2864,651.3679199999987,651.3679199999987
2865,531.7731733333328,531.7731733333328
2866,340.9552000000005,340.9552000000005
2867,260.53496000000035,260.53496000000035
2868,300.1006933333336,300.1006933333336
2869,320.8189333333338,320.8189333333338
2870,350.68213333333364,350.68213333333364
2871,267.8122933333338,267.8122933333338
2872,305.8898666666669,305.8898666666669
2873,478.5464266666669,478.5464266666669
2874,767.2938666666655,767.2938666666655
2875,1966.901546666661,1966.901546666661
2876,2664.0086399999936,2664.0086399999936
2877,3537.005546666667,3537.005546666667
2878,3729.9668000000015,3729.9668000000015
2879,3990.291946666674,3990.291946666674
2880,1985.6090933333312,1985.6090933333312
2881,44.39589333333336,44.39589333333336
2882,172.06240000000048,172.06240000000048
2883,245.60125333333377,245.60125333333377
2884,257.9200000000003,257.9200000000003
2885,232.9073333333336,232.9073333333336
2886,287.03829333333374,287.03829333333374
2887,379.3908800000005,379.3908800000005
2888,503.45773333333284,503.45773333333284
2889,486.1247466666666,486.1247466666666
2890,260.3783733333339,260.3783733333339
2891,212.00114666666687,212.00114666666687
2892,194.4576266666669,194.4576266666669
2893,162.35200000000032,162.35200000000032
2894,240.18464000000017,240.18464000000017
2895,252.87541333333363,252.87541333333363
2896,308.12472,308.12472
2897,391.5605333333341,391.5605333333341
2898,517.9838666666664,517.9838666666664
2899,1102.596426666664,1102.596426666664
2900,2732.708453333328,2732.708453333328
2901,4196.47090666668,4196.47090666668
2902,3885.095173333336,3885.095173333336
2903,2684.430666666664,2684.430666666664
2904,1479.385599999997,1479.385599999997
2905,80.4196266666667,80.4196266666667
2906,155.26376000000005,155.26376000000005
2907,168.70280000000002,168.70280000000002
2908,273.9723200000002,273.9723200000002
2909,208.82973333333345,208.82973333333345
2910,240.6209333333336,240.6209333333336
2911,387.3161066666672,387.3161066666672
2912,524.78768,524.78768
2913,415.59229333333326,415.59229333333326
2914,244.47629333333376,244.47629333333376
2915,143.68882666666678,143.68882666666678
2916,157.3155466666667,157.3155466666667
2917,200.2452533333336,200.2452533333336
2918,255.12128000000035,255.12128000000035
2919,321.0052266666672,321.0052266666672
2920,322.3086933333336,322.3086933333336
2921,275.83581333333376,275.83581333333376
2922,516.4447999999986,516.4447999999986
2923,1269.658853333329,1269.658853333329
2924,2660.7345066666626,2660.7345066666626
2925,3850.8503466666707,3850.8503466666707
2926,3844.6507733333347,3844.6507733333347
2927,2888.44941333333,2888.44941333333
2928,1480.1042399999976,1480.1042399999976
2929,99.64202666666672,99.64202666666672
2930,276.5850933333335,276.5850933333335
2931,296.5550666666672,296.5550666666672
2932,340.23149333333413,340.23149333333413
2933,309.6222400000005,309.6222400000005
2934,281.25901333333377,281.25901333333377
2935,381.7247466666672,381.7247466666672
2936,452.24213333333347,452.24213333333347
2937,437.9533600000002,437.9533600000002
2938,243.08346666666722,243.08346666666722
2939,175.2317333333336,175.2317333333336
2940,187.36349333333362,187.36349333333362
2941,219.84213333333378,219.84213333333378
2942,269.49226666666704,269.49226666666704
2943,360.76242666666724,360.76242666666724
2944,285.16904000000034,285.16904000000034
2945,261.65386666666717,261.65386666666717
2946,411.40842666666623,411.40842666666623
2947,1361.571226666663,1361.571226666663
2948,3123.3251466666643,3123.3251466666643
2949,3774.9830133333344,3774.9830133333344
2950,3044.3365599999956,3044.3365599999956
2951,2630.0764266666642,2630.0764266666642
2952,1622.6631199999983,1622.6631199999983
2953,108.41664000000006,108.41664000000006
2954,234.4040000000002,234.4040000000002
2955,317.2725600000007,317.2725600000007
2956,377.18541333333394,377.18541333333394
2957,359.4574933333336,359.4574933333336
2958,295.54984000000053,295.54984000000053
2959,373.3474666666674,373.3474666666674
2960,536.0994933333326,536.0994933333326
2961,584.1679999999989,584.1679999999989
2962,338.40224000000063,338.40224000000063
2963,321.56776000000053,321.56776000000053
2964,279.19824000000034,279.19824000000034
2965,271.3593333333338,271.3593333333338
2966,326.4193600000003,326.4193600000003
2967,255.48984000000047,255.48984000000047
2968,170.75186666666673,170.75186666666673
2969,169.81733333333344,169.81733333333344
2970,326.98317333333347,326.98317333333347
2971,1154.43589333333,1154.43589333333
2972,2080.0532533333267,2080.0532533333267
2973,3886.6281333333377,3886.6281333333377
2974,3914.9932800000033,3914.9932800000033
2975,3007.31541333333,3007.31541333333
2976,1543.489626666664,1543.489626666664
2977,77.05786666666667,77.05786666666667
2978,164.59602666666706,164.59602666666706
2979,270.2361333333336,270.2361333333336
2980,321.0045866666669,321.0045866666669
2981,324.3669866666669,324.3669866666669
2982,348.80106666666705,348.80106666666705
2983,476.7910666666669,476.7910666666669
2984,489.2779200000002,489.2779200000002
2985,477.1381333333329,477.1381333333329
2986,316.17754666666724,316.17754666666724
2987,245.03301333333377,245.03301333333377
2988,283.67096000000066,283.67096000000066
2989,191.84312000000034,191.84312000000034
2990,186.80426666666688,186.80426666666688
2991,199.87021333333377,199.87021333333377
2992,174.8592533333336,174.8592533333336
2993,193.7141866666669,193.7141866666669
2994,281.94978666666736,281.94978666666736
2995,1014.3770666666633,1014.3770666666633
2996,2343.8979999999938,2343.8979999999938
2997,3711.53456,3711.53456
2998,3635.522533333333,3635.522533333333
2999,3245.7223999999987,3245.7223999999987
3000,1793.884986666664,1793.884986666664
3001,69.21909333333329,69.21909333333329
3002,146.30397333333335,146.30397333333335
3003,150.22354666666678,150.22354666666678
3004,219.65733333333344,219.65733333333344
3005,362.2579466666675,362.2579466666675
3006,395.43002666666706,395.43002666666706
3007,471.5782399999998,471.5782399999998
3008,679.5510133333319,679.5510133333319
3009,547.2374933333325,547.2374933333325
3010,257.33464000000066,257.33464000000066
3011,265.94448000000017,265.94448000000017
3012,270.6116800000004,270.6116800000004
3013,209.5777066666669,209.5777066666669
3014,226.74680000000018,226.74680000000018
3015,157.12717333333333,157.12717333333333
3016,225.06909333333374,225.06909333333374
3017,269.3060266666674,269.3060266666674
3018,407.79853333333347,407.79853333333347
3019,887.7595466666648,887.7595466666648
3020,2344.2615999999953,2344.2615999999953
3021,4484.508506666685,4484.508506666685
3022,3728.4410133333363,3728.4410133333363
3023,2924.018639999997,2924.018639999997
3024,1573.5142399999972,1573.5142399999972
3025,49.995146666666614,49.995146666666614
3026,153.58242666666678,153.58242666666678
3027,214.61624000000035,214.61624000000035
3028,244.66488000000032,244.66488000000032
3029,214.42728000000034,214.42728000000034
3030,222.70074666666707,222.70074666666707
3031,426.6236533333333,426.6236533333333
3032,517.9666666666666,517.9666666666666
3033,482.23802666666626,482.23802666666626
3034,275.28157333333377,275.28157333333377
3035,315.0327466666669,315.0327466666669
3036,335.00333333333396,335.00333333333396
3037,255.49218666666704,255.49218666666704
3038,218.72288000000032,218.72288000000032
3039,165.15458666666675,165.15458666666675
3040,316.3375200000005,316.3375200000005
3041,343.77578666666676,343.77578666666676
3042,386.7649866666666,386.7649866666666
3043,1090.2486666666637,1090.2486666666637
3044,2348.2153333333263,2348.2153333333263
3045,3659.8589333333316,3659.8589333333316
3046,3622.7045866666654,3622.7045866666654
3047,3260.417226666664,3260.417226666664
3048,1611.5210133333296,1611.5210133333296
3049,75.37799999999994,75.37799999999994
3050,163.47341333333347,163.47341333333347
3051,203.4178666666669,203.4178666666669
3052,286.85008000000033,286.85008000000033
3053,288.7166400000003,288.7166400000003
3054,292.71938666666705,292.71938666666705
3055,287.02264000000065,287.02264000000065
3056,577.2141866666658,577.2141866666658
3057,649.6581866666656,649.6581866666656
3058,383.45922666666723,383.45922666666723
3059,281.2476266666669,281.2476266666669
3060,280.5045866666671,280.5045866666671
3061,305.7049066666668,305.7049066666668
3062,298.42552000000046,298.42552000000046
3063,331.4599200000002,331.4599200000002
3064,280.87733333333375,280.87733333333375
3065,332.57845333333375,332.57845333333375
3066,571.4148533333328,571.4148533333328
3067,956.8190933333299,956.8190933333299
3068,2201.177626666661,2201.177626666661
3069,4048.516426666672,4048.516426666672
3070,3931.8106933333347,3931.8106933333347
3071,2865.0654399999967,2865.0654399999967
3072,1145.9924266666635,1145.9924266666635
3073,122.59957333333344,122.59957333333344
3074,198.19096000000033,198.19096000000033
3075,214.61530666666673,214.61530666666673
3076,284.79488000000003,284.79488000000003
3077,276.3986666666669,276.3986666666669
3078,273.7383466666669,273.7383466666669
3079,407.6450933333333,407.6450933333333
3080,599.1839999999984,599.1839999999984
3081,431.5455733333338,431.5455733333338
3082,256.72213333333394,256.72213333333394
3083,197.25917333333345,197.25917333333345
3084,170.9430666666669,170.9430666666669
3085,204.5379466666669,204.5379466666669
3086,287.03173333333365,287.03173333333365
3087,325.85701333333395,325.85701333333395
3088,368.04069333333393,368.04069333333393
3089,289.0884266666671,289.0884266666671
3090,438.3066399999999,438.3066399999999
3091,1259.0028799999964,1259.0028799999964
3092,2434.856693333328,2434.856693333328
3093,3695.3340799999987,3695.3340799999987
3094,3331.902266666664,3331.902266666664
3095,2754.3940266666627,2754.3940266666627
3096,1378.9577866666639,1378.9577866666639
3097,59.887386666666615,59.887386666666615
3098,131.74666666666664,131.74666666666664
3099,264.0781600000002,264.0781600000002
3100,321.3765333333336,321.3765333333336
3101,264.0764266666669,264.0764266666669
3102,237.49720000000036,237.49720000000036
3103,424.73074666666673,424.73074666666673
3104,519.2432533333324,519.2432533333324
3105,529.3506933333327,529.3506933333327
3106,397.4397066666668,397.4397066666668
3107,319.3294400000005,319.3294400000005
3108,256.9902666666672,256.9902666666672
3109,244.8561333333336,244.8561333333336
3110,184.00781333333344,184.00781333333344
3111,206.2173333333336,206.2173333333336
3112,279.38786666666687,279.38786666666687
3113,337.81056000000035,337.81056000000035
3114,484.3029599999998,484.3029599999998
3115,1274.6117599999957,1274.6117599999957
3116,2801.0065066666643,2801.0065066666643
3117,4121.365093333343,4121.365093333343
3118,3417.3210399999984,3417.3210399999984
3119,2819.3317599999973,2819.3317599999973
3120,1496.1529333333303,1496.1529333333303
3121,76.68480000000007,76.68480000000007
3122,200.24245333333363,200.24245333333363
3123,305.6980800000005,305.6980800000005
3124,337.8032000000002,337.8032000000002
3125,304.0238933333339,304.0238933333339
3126,220.83810666666704,220.83810666666704
3127,395.2151733333338,395.2151733333338
3128,645.4230933333325,645.4230933333325
3129,523.43592,523.43592
3130,363.19210666666686,363.19210666666686
3131,276.77240000000035,276.77240000000035
3132,232.1617866666669,232.1617866666669
3133,283.48656000000045,283.48656000000045
3134,248.39872000000034,248.39872000000034
3135,342.65733333333395,342.65733333333395
3136,275.46333333333376,275.46333333333376
3137,209.76202666666674,209.76202666666674
3138,279.5953866666669,279.5953866666669
3139,1098.2670133333297,1098.2670133333297
3140,2293.7645866666608,2293.7645866666608
3141,3781.8550933333363,3781.8550933333363
3142,3764.1899733333375,3764.1899733333375
3143,3115.140986666664,3115.140986666664
3144,1512.1305333333303,1512.1305333333303
3145,53.166213333333296,53.166213333333296
3146,125.7724800000002,125.7724800000002
3147,225.81645333333378,225.81645333333378
3148,240.93322666666705,240.93322666666705
3149,217.04130666666688,217.04130666666688
3150,272.9620533333336,272.9620533333336
3151,397.0457600000005,397.0457600000005
3152,775.2976799999988,775.2976799999988
3153,586.8472266666653,586.8472266666653
3154,276.3024000000003,276.3024000000003
3155,170.75509333333343,170.75509333333343
3156,238.13461333333362,238.13461333333362
3157,245.41330666666704,245.41330666666704
3158,287.4090933333338,287.4090933333338
3159,193.8982666666669,193.8982666666669
3160,199.68517333333344,199.68517333333344
3161,277.51536000000016,277.51536000000016
3162,431.37919999999986,431.37919999999986
3163,1277.5150399999961,1277.5150399999961
3164,2694.427279999997,2694.427279999997
3165,3925.7751200000016,3925.7751200000016
3166,3149.05685333333,3149.05685333333
3167,2670.68941333333,2670.68941333333
3168,1487.3490399999982,1487.3490399999982
3169,107.29506666666671,107.29506666666671
3170,205.84410666666687,205.84410666666687
3171,283.8650400000003,283.8650400000003
3172,264.82656000000037,264.82656000000037
3173,198.75440000000017,198.75440000000017
3174,196.7118133333338,196.7118133333338
3175,376.74509333333344,376.74509333333344
3176,576.1234933333327,576.1234933333327
3177,523.8543733333329,523.8543733333329
3178,339.9437066666669,339.9437066666669
3179,313.91376000000065,313.91376000000065
3180,325.85928000000064,325.85928000000064
3181,343.78194666666656,343.78194666666656
3182,329.59544000000017,329.59544000000017
3183,344.33845333333375,344.33845333333375
3184,345.2705866666672,345.2705866666672
3185,245.2249333333336,245.2249333333336
3186,338.3347466666669,338.3347466666669
3187,1103.9714666666628,1103.9714666666628
3188,2304.855626666661,2304.855626666661
3189,3288.0775199999953,3288.0775199999953
3190,3662.853466666666,3662.853466666666
3191,3208.6489866666643,3208.6489866666643
3192,1390.6615199999978,1390.6615199999978
3193,74.07237333333335,74.07237333333335
3194,312.60909333333393,312.60909333333393
3195,381.4782133333333,381.4782133333333
3196,293.3822666666669,293.3822666666669
3197,229.73440000000016,229.73440000000016
3198,304.95506666666705,304.95506666666705
3199,499.18101333333317,499.18101333333317
3200,532.6631999999995,532.6631999999995
3201,473.17600000000004,473.17600000000004
3202,313.35853333333375,313.35853333333375
3203,279.19344,279.19344
3204,316.14872000000014,316.14872000000014
3205,207.33544000000035,207.33544000000035
3206,231.6000000000002,231.6000000000002
3207,299.35296000000017,299.35296000000017
3208,289.46024000000017,289.46024000000017
3209,235.14802666666708,235.14802666666708
3210,385.83984000000015,385.83984000000015
3211,1083.84925333333,1083.84925333333
3212,2777.3161599999953,2777.3161599999953
3213,3836.202933333336,3836.202933333336
3214,3576.4678133333327,3576.4678133333327
3215,3016.22245333333,3016.22245333333
3216,1526.0591199999976,1526.0591199999976
3217,134.36042666666677,134.36042666666677
3218,223.01701333333358,223.01701333333358
3219,270.4264266666672,270.4264266666672
3220,337.99448000000035,337.99448000000035
3221,235.14893333333376,235.14893333333376
3222,214.03554666666673,214.03554666666673
3223,321.2156266666672,321.2156266666672
3224,531.3489333333325,531.3489333333325
3225,510.410293333333,510.410293333333
3226,321.4358400000003,321.4358400000003
3227,291.3304800000002,291.3304800000002
3228,248.0270933333338,248.0270933333338
3229,244.2928533333338,244.2928533333338
3230,209.01741333333362,209.01741333333362
3231,296.744906666667,296.744906666667
3232,271.54856,271.54856
3233,295.2532800000002,295.2532800000002
3234,508.2314133333332,508.2314133333332
3235,1333.9528266666623,1333.9528266666623
3236,2658.6614133333283,2658.6614133333283
3237,4104.106666666672,4104.106666666672
3238,3971.016826666672,3971.016826666672
3239,2665.272239999997,2665.272239999997
3240,1465.154586666664,1465.154586666664
3241,90.49735999999999,90.49735999999999
3242,226.93738666666687,226.93738666666687
3243,229.36365333333362,229.36365333333362
3244,253.06765333333362,253.06765333333362
3245,307.1945866666669,307.1945866666669
3246,346.39672000000064,346.39672000000064
3247,450.5631733333331,450.5631733333331
3248,564.0436533333326,564.0436533333326
3249,575.0985066666659,575.0985066666659
3250,311.19701333333364,311.19701333333364
3251,307.3803733333333,307.3803733333333
3252,299.35509333333346,299.35509333333346
3253,282.93200000000047,282.93200000000047
3254,244.8561066666669,244.8561066666669
3255,313.9143200000003,313.9143200000003
3256,266.88002666666705,266.88002666666705
3257,223.94866666666704,223.94866666666704
3258,421.13856000000015,421.13856000000015
3259,1011.3853066666625,1011.3853066666625
3260,2132.3494133333265,2132.3494133333265
3261,3695.991120000002,3695.991120000002
3262,3642.006826666666,3642.006826666666
3263,2507.0478933333297,2507.0478933333297
3264,1579.7013066666639,1579.7013066666639
3265,79.11194666666671,79.11194666666671
3266,208.64469333333378,208.64469333333378
3267,309.8060800000007,309.8060800000007
3268,300.6606666666667,300.6606666666667
3269,240.74965333333364,240.74965333333364
3270,188.4662133333336,188.4662133333336
3271,324.06826666666734,324.06826666666734
3272,556.5734133333325,556.5734133333325
3273,595.5621599999986,595.5621599999986
3274,357.5762666666669,357.5762666666669
3275,299.3532,299.3532
3276,326.6033600000002,326.6033600000002
3277,287.4092533333333,287.4092533333333
3278,304.5809600000002,304.5809600000002
3279,289.8366933333338,289.8366933333338
3280,239.81357333333347,239.81357333333347
3281,161.60746666666688,161.60746666666688
3282,326.0148266666669,326.0148266666669
3283,904.5062399999969,904.5062399999969
3284,2129.2847999999935,2129.2847999999935
3285,3914.272640000005,3914.272640000005
3286,3829.3924266666722,3829.3924266666722
3287,2878.1066399999954,2878.1066399999954
3288,1369.1771999999967,1369.1771999999967
3289,35.2492533333333,35.2492533333333
3290,89.93407999999998,89.93407999999998
3291,206.77421333333348,206.77421333333348
3292,281.80728,281.80728
3293,312.23261333333363,312.23261333333363
3294,288.1115466666674,288.1115466666674
3295,357.26973333333393,357.26973333333393
3296,563.0809066666658,563.0809066666658
3297,477.0018933333335,477.0018933333335
3298,270.4048000000008,270.4048000000008
3299,208.82813333333362,208.82813333333362
3300,247.27365333333378,247.27365333333378
3301,274.1509333333333,274.1509333333333
3302,265.00906666666674,265.00906666666674
3303,213.4973066666672,213.4973066666672
3304,258.2925866666672,258.2925866666672
3305,231.22994666666688,231.22994666666688
3306,431.94682666666625,431.94682666666625
3307,1109.9748799999968,1109.9748799999968
3308,2066.3201066666625,2066.3201066666625
3309,3977.1562133333364,3977.1562133333364
3310,3597.329226666666,3597.329226666666
3311,2957.775759999997,2957.775759999997
3312,1681.8818399999968,1681.8818399999968
3313,84.5241333333334,84.5241333333334
3314,158.24944000000016,158.24944000000016
3315,311.48725333333414,311.48725333333414
3316,336.3131733333338,336.3131733333338
3317,378.31042666666724,378.31042666666724
3318,270.35285333333377,270.35285333333377
3319,368.66117333333364,368.66117333333364
3320,596.5981066666657,596.5981066666657
3321,490.55199999999934,490.55199999999934
3322,331.3568000000005,331.3568000000005
3323,321.5699466666671,321.5699466666671
3324,233.6557066666669,233.6557066666669
3325,220.96338666666702,220.96338666666702
3326,250.6409866666669,250.6409866666669
3327,273.97008000000017,273.97008000000017
3328,256.7989600000002,256.7989600000002
3329,360.57677333333413,360.57677333333413
3330,431.1069333333336,431.1069333333336
3331,1035.9257333333303,1035.9257333333303
3332,2267.052746666661,2267.052746666661
3333,3996.940773333338,3996.940773333338
3334,3836.641600000005,3836.641600000005
3335,2547.44157333333,2547.44157333333
3336,1352.3734933333308,1352.3734933333308
3337,129.88200000000018,129.88200000000018
3338,179.15613333333363,179.15613333333363
3339,179.71354666666673,179.71354666666673
3340,219.8412000000003,219.8412000000003
3341,217.22685333333345,217.22685333333345
3342,198.6483733333336,198.6483733333336
3343,428.0866666666667,428.0866666666667
3344,773.3782666666658,773.3782666666658
3345,578.4599733333332,578.4599733333332
3346,246.70104000000066,246.70104000000066
3347,276.02410666666674,276.02410666666674
3348,295.43448,295.43448
3349,318.2061333333333,318.2061333333333
3350,273.0362400000003,273.0362400000003
3351,315.77725333333365,315.77725333333365
3352,272.28792000000016,272.28792000000016
3353,219.2817600000003,219.2817600000003
3354,195.19440000000048,195.19440000000048
3355,974.5760266666641,974.5760266666641
3356,2548.373546666661,2548.373546666661
3357,3667.3808800000015,3667.3808800000015
3358,3723.081573333336,3723.081573333336
3359,2743.6395733333297,2743.6395733333297
3360,1597.4122933333301,1597.4122933333301
3361,55.22013333333325,55.22013333333325
3362,196.3269866666669,196.3269866666669
3363,301.97122666666706,301.97122666666706
3364,329.5942666666667,329.5942666666667
3365,286.4775200000003,286.4775200000003
3366,276.2449333333336,276.2449333333336
3367,381.6186666666671,381.6186666666671
3368,561.2993599999994,561.2993599999994
3369,504.89967999999953,504.89967999999953
3370,344.8458933333338,344.8458933333338
3371,312.7902400000002,312.7902400000002
3372,295.99282666666704,295.99282666666704
3373,277.3274933333336,277.3274933333336
3374,249.33328000000017,249.33328000000017
3375,196.51413333333377,196.51413333333377
3376,211.63114666666672,211.63114666666672
3377,209.5776000000002,209.5776000000002
3378,361.1104000000003,361.1104000000003
3379,1167.22677333333,1167.22677333333
3380,2610.1775999999954,2610.1775999999954
3381,3898.656346666669,3898.656346666669
3382,3299.7363466666643,3299.7363466666643
3383,3095.322826666661,3095.322826666661
3384,1653.564293333331,1653.564293333331
3385,75.37591999999988,75.37591999999988
3386,122.22464000000001,122.22464000000001
3387,145.74234666666683,145.74234666666683
3388,205.65821333333344,205.65821333333344
3389,320.26109333333363,320.26109333333363
3390,300.24160000000046,300.24160000000046
3391,396.63053333333363,396.63053333333363
3392,544.2852266666648,544.2852266666648
3393,494.3885066666656,494.3885066666656
3394,316.40149333333375,316.40149333333375
3395,295.0628533333336,295.0628533333336
3396,336.68536,336.68536
3397,295.9956266666669,295.9956266666669
3398,272.10034666666735,272.10034666666735
3399,289.6462133333336,289.6462133333336
3400,260.53061333333375,260.53061333333375
3401,282.74554666666717,282.74554666666717
3402,422.5043733333333,422.5043733333333
3403,1318.0285333333304,1318.0285333333304
3404,2344.603813333328,2344.603813333328
3405,3552.3624799999984,3552.3624799999984
3406,3665.457520000003,3665.457520000003
3407,2869.3886933333315,2869.3886933333315
3408,1817.5456533333313,1817.5456533333313
3409,98.89653333333342,98.89653333333342
3410,210.13866666666686,210.13866666666686
3411,321.9394400000007,321.9394400000007
3412,324.36597333333333,324.36597333333333
3413,249.7087200000003,249.7087200000003
3414,270.9922666666672,270.9922666666672
3415,325.02074666666726,325.02074666666726
3416,404.48264000000114,404.48264000000114
3417,420.66898666666685,420.66898666666685
3418,260.5404800000005,260.5404800000005
3419,191.4711466666669,191.4711466666669
3420,225.0684266666667,225.0684266666667
3421,243.17469333333344,243.17469333333344
3422,313.7320533333336,313.7320533333336
3423,312.4253333333338,312.4253333333338
3424,279.9458133333336,279.9458133333336
3425,306.4495200000005,306.4495200000005
3426,499.1853599999999,499.1853599999999
3427,1079.2428266666634,1079.2428266666634
3428,2152.9492799999935,2152.9492799999935
3429,3565.333173333335,3565.333173333335
3430,3712.1290666666655,3712.1290666666655
3431,3138.3849599999985,3138.3849599999985
3432,1664.5842933333297,1664.5842933333297
3433,51.48669333333328,51.48669333333328
3434,143.50098666666676,143.50098666666676
3435,214.24149333333364,214.24149333333364
3436,300.1038133333336,300.1038133333336
3437,275.27813333333376,275.27813333333376
3438,237.9790933333338,237.9790933333338
3439,392.5634933333333,392.5634933333333
3440,626.0872799999981,626.0872799999981
3441,575.9316266666661,575.9316266666661
3442,332.68840000000034,332.68840000000034
3443,205.09360000000015,205.09360000000015
3444,217.41392000000016,217.41392000000016
3445,207.33741333333347,207.33741333333347
3446,194.46024000000034,194.46024000000034
3447,166.27490666666674,166.27490666666674
3448,231.60432000000014,231.60432000000014
3449,270.2389866666671,270.2389866666671
3450,424.4413066666667,424.4413066666667
3451,1201.9216266666633,1201.9216266666633
3452,2301.123146666661,2301.123146666661
3453,4376.196160000011,4376.196160000011
3454,3792.7216266666674,3792.7216266666674
3455,2623.8121066666645,2623.8121066666645
3456,1686.9002933333297,1686.9002933333297
3457,107.85629333333326,107.85629333333326
3458,153.58320000000012,153.58320000000012
3459,192.0320266666669,192.0320266666669
3460,259.0378933333338,259.0378933333338
3461,265.009946666667,265.009946666667
3462,262.4572800000005,262.4572800000005
3463,307.5422400000007,307.5422400000007
3464,656.2458133333322,656.2458133333322
3465,619.5001333333321,619.5001333333321
3466,366.39496000000065,366.39496000000065
3467,337.4279466666672,337.4279466666672
3468,341.5394133333338,341.5394133333338
3469,205.84666666666703,205.84666666666703
3470,205.65701333333345,205.65701333333345
3471,164.4064800000002,164.4064800000002
3472,163.47253333333344,163.47253333333344
3473,207.89285333333362,207.89285333333362
3474,357.9209866666669,357.9209866666669
3475,1152.5625066666635,1152.5625066666635
3476,2617.2780266666628,2617.2780266666628
3477,3986.35893333334,3986.35893333334
3478,3894.703093333338,3894.703093333338
3479,2772.7201866666624,2772.7201866666624
3480,1489.5214133333293,1489.5214133333293
3481,97.77653333333342,97.77653333333342
3482,172.06090666666688,172.06090666666688
3483,198.1911466666669,198.1911466666669
3484,225.07018666666687,225.07018666666687
3485,265.1992533333338,265.1992533333338
3486,293.76469333333375,293.76469333333375
3487,463.93096000000054,463.93096000000054
3488,534.7922133333325,534.7922133333325
3489,619.5522133333324,619.5522133333324
3490,299.73746666666705,299.73746666666705
3491,274.3422400000002,274.3422400000002
3492,289.4592266666669,289.4592266666669
3493,266.5023733333334,266.5023733333334
3494,270.98162666666707,270.98162666666707
3495,158.0604800000004,158.0604800000004
3496,231.59968000000018,231.59968000000018
3497,329.7783733333338,329.7783733333338
3498,616.4255733333325,616.4255733333325
3499,1239.686986666663,1239.686986666663
3500,2228.158079999995,2228.158079999995
3501,4042.102240000007,4042.102240000007
3502,3362.183119999999,3362.183119999999
3503,2666.6430133333297,2666.6430133333297
3504,1682.04997333333,1682.04997333333
3505,88.25946666666674,88.25946666666674
3506,233.28456000000017,233.28456000000017
3507,254.93573333333345,254.93573333333345
3508,291.14632000000034,291.14632000000034
3509,358.15288000000015,358.15288000000015
3510,356.1057600000004,356.1057600000004
3511,376.00629333333393,376.00629333333393
3512,484.61064000000016,484.61064000000016
3513,531.9089866666658,531.9089866666658
3514,294.34690666666705,294.34690666666705
3515,328.1003733333333,328.1003733333333
3516,306.2616000000005,306.2616000000005
3517,300.10392000000047,300.10392000000047
3518,258.29232000000036,258.29232000000036
3519,309.2462666666669,309.2462666666669
3520,255.4930666666669,255.4930666666669
3521,229.5498400000002,229.5498400000002
3522,250.23997333333378,250.23997333333378
3523,1032.989066666664,1032.989066666664
3524,2680.387279999997,2680.387279999997
3525,3909.2356533333377,3909.2356533333377
3526,3816.055040000005,3816.055040000005
3527,2749.9235199999953,2749.9235199999953
3528,1435.017679999996,1435.017679999996
3529,103.37626666666665,103.37626666666665
3530,275.27890666666707,275.27890666666707
3531,329.4077333333333,329.4077333333333
3532,297.48901333333345,297.48901333333345
3533,380.5459200000007,380.5459200000007
3534,241.73680000000033,241.73680000000033
3535,362.7858666666669,362.7858666666669
3536,586.6520266666657,586.6520266666657
3537,502.2082133333328,502.2082133333328
3538,275.12501333333364,275.12501333333364
3539,157.68517333333347,157.68517333333347
3540,192.03141333333346,192.03141333333346
3541,230.1068533333336,230.1068533333336
3542,253.06402666666705,253.06402666666705
3543,256.61154666666704,256.61154666666704
3544,257.91797333333375,257.91797333333375
3545,261.2781066666672,261.2781066666672
3546,333.6754400000005,333.6754400000005
3547,1256.8850133333299,1256.8850133333299
3548,2716.748293333328,2716.748293333328
3549,3592.898746666669,3592.898746666669
3550,3601.663973333333,3601.663973333333
3551,2808.0336266666627,2808.0336266666627
3552,1484.0998133333312,1484.0998133333312
3553,98.7096800000002,98.7096800000002
3554,268.9328000000003,268.9328000000003
3555,369.34944000000087,369.34944000000087
3556,333.6991466666672,333.6991466666672
3557,280.3154400000003,280.3154400000003
3558,322.42429333333376,322.42429333333376
3559,455.32312,455.32312
3560,630.3044266666648,630.3044266666648
3561,508.6331999999994,508.6331999999994
3562,271.83901333333375,271.83901333333375
3563,173.92829333333344,173.92829333333344
3564,209.20485333333377,209.20485333333377
3565,234.21672000000018,234.21672000000018
3566,240.55984,240.55984
3567,279.75456,279.75456
3568,281.8088800000002,281.8088800000002
3569,242.4286400000003,242.4286400000003
3570,419.8625066666664,419.8625066666664
3571,1331.6766933333286,1331.6766933333286
3572,2251.8566666666607,2251.8566666666607
3573,4163.8176000000085,4163.8176000000085
3574,3944.4467200000054,3944.4467200000054
3575,2575.710319999997,2575.710319999997
3576,1385.9615999999978,1385.9615999999978
3577,65.48530666666659,65.48530666666659
3578,146.86165333333344,146.86165333333344
3579,203.23010666666673,203.23010666666673
3580,284.9845333333336,284.9845333333336
3581,256.9830400000002,256.9830400000002
3582,235.52600000000035,235.52600000000035
3583,400.4841600000002,400.4841600000002
3584,628.7525866666654,628.7525866666654
3585,444.42784000000006,444.42784000000006
3586,217.47672000000048,217.47672000000048
3587,138.27914666666692,138.27914666666692
3588,161.42197333333363,161.42197333333363
3589,229.35997333333364,229.35997333333364
3590,190.91296000000034,190.91296000000034
3591,292.8238400000005,292.8238400000005
3592,331.2690133333336,331.2690133333336
3593,315.4069333333334,315.4069333333334
3594,504.4161599999994,504.4161599999994
3595,1490.5069599999968,1490.5069599999968
3596,2519.7350399999955,2519.7350399999955
3597,4121.744000000009,4121.744000000009
3598,3414.1076533333326,3414.1076533333326
3599,2441.1273866666625,2441.1273866666625
3600,1492.1050933333308,1492.1050933333308
3601,99.0835733333335,99.0835733333335
3602,182.32432000000017,182.32432000000017
3603,171.31170666666688,171.31170666666688
3604,217.41432000000032,217.41432000000032
3605,298.42,298.42
3606,305.99594666666724,305.99594666666724
3607,354.62594666666723,354.62594666666723
3608,488.2083733333333,488.2083733333333
3609,435.67277333333317,435.67277333333317
3610,287.94706666666735,287.94706666666735
3611,242.23925333333378,242.23925333333378
3612,243.91853333333407,243.91853333333407
3613,279.75754666666705,279.75754666666705
3614,197.44648000000032,197.44648000000032
3615,258.85248,258.85248
3616,353.2969600000005,353.2969600000005
3617,339.1099466666666,339.1099466666666
3618,480.06525333333315,480.06525333333315
3619,1113.8250133333295,1113.8250133333295
3620,2424.0312799999933,2424.0312799999933
3621,3544.23208,3544.23208
3622,3978.610800000008,3978.610800000008
3623,2908.48461333333,2908.48461333333
3624,1395.1303199999966,1395.1303199999966
3625,84.33752,84.33752
3626,157.5035733333334,157.5035733333334
3627,174.30253333333346,174.30253333333346
3628,265.5733866666672,265.5733866666672
3629,254.3746400000005,254.3746400000005
3630,248.64824000000033,248.64824000000033
3631,281.6593866666672,281.6593866666672
3632,541.3776799999997,541.3776799999997
3633,421.2768533333335,421.2768533333335
3634,228.80650666666702,228.80650666666702
3635,184.00544000000016,184.00544000000016
3636,184.3791733333336,184.3791733333336
3637,240.18770666666705,240.18770666666705
3638,296.74160000000035,296.74160000000035
3639,369.1606400000007,369.1606400000007
3640,362.81754666666706,362.81754666666706
3641,299.54357333333377,299.54357333333377
3642,446.7847733333333,446.7847733333333
3643,1026.5353066666632,1026.5353066666632
3644,2574.5463466666624,2574.5463466666624
3645,3943.3053866666705,3943.3053866666705
3646,5122.356640000013,5122.356640000013
3647,3053.708746666664,3053.708746666664
3648,1635.2565333333296,1635.2565333333296
3649,46.448933333333365,46.448933333333365
3650,184.5709866666669,184.5709866666669
3651,192.5942133333336,192.5942133333336
3652,210.32528000000036,210.32528000000036
3653,267.62381333333343,267.62381333333343
3654,322.20986666666727,322.20986666666727
3655,298.8379466666674,298.8379466666674
3656,603.7396533333324,603.7396533333324
3657,573.6056533333326,573.6056533333326
3658,370.09266666666673,370.09266666666673
3659,310.5537600000002,310.5537600000002
3660,301.0365866666669,301.0365866666669
3661,228.9882133333336,228.9882133333336
3662,250.6379200000005,250.6379200000005
3663,259.4090133333336,259.4090133333336
3664,279.0084533333335,279.0084533333335
3665,286.09850666666705,286.09850666666705
3666,388.6259200000002,388.6259200000002
3667,893.2573066666636,893.2573066666636
3668,2416.828293333328,2416.828293333328
3669,4173.198773333341,4173.198773333341
3670,4663.0355733333445,4663.0355733333445
3671,3389.974133333335,3389.974133333335
3672,1348.3656266666646,1348.3656266666646
3673,46.448559999999986,46.448559999999986
3674,151.71714666666693,151.71714666666693
3675,243.35954666666703,243.35954666666703
3676,252.31722666666707,252.31722666666707
3677,303.82832000000064,303.82832000000064
3678,241.2530133333336,241.2530133333336
3679,381.6395733333338,381.6395733333338
3680,500.1003733333327,500.1003733333327
3681,465.2737066666664,465.2737066666664
3682,244.99090666666703,244.99090666666703
3683,242.05269333333345,242.05269333333345
3684,236.63904000000036,236.63904000000036
3685,233.2805866666669,233.2805866666669
3686,252.32024000000015,252.32024000000015
3687,223.57538666666676,223.57538666666676
3688,246.5303733333336,246.5303733333336
3689,354.97338666666724,354.97338666666724
3690,456.212293333333,456.212293333333
3691,900.5495733333306,900.5495733333306
3692,2532.792213333328,2532.792213333328
3693,3786.18384,3786.18384
3694,4600.550186666674,4600.550186666674
3695,3180.053759999997,3180.053759999997
3696,1621.1722933333297,1621.1722933333297
3697,108.41421333333341,108.41421333333341
3698,188.86016000000018,188.86016000000018
3699,271.5454133333338,271.5454133333338
3700,312.98448000000053,312.98448000000053
3701,330.5291466666669,330.5291466666669
3702,342.82672000000036,342.82672000000036
3703,395.18762666666703,395.18762666666703
3704,598.1996533333329,598.1996533333329
3705,516.6837866666659,516.6837866666659
3706,357.11754666666707,357.11754666666707
3707,276.9598666666672,276.9598666666672
3708,235.71050666666707,235.71050666666707
3709,211.07301333333376,211.07301333333376
3710,220.21754666666703,220.21754666666703
3711,281.2497866666669,281.2497866666669
3712,347.6978133333336,347.6978133333336
3713,383.5384,383.5384
3714,454.0918933333335,454.0918933333335
3715,1095.1547199999975,1095.1547199999975
3716,2044.583493333328,2044.583493333328
3717,3557.020640000002,3557.020640000002
3718,4707.410373333342,4707.410373333342
3719,3309.3107733333345,3309.3107733333345
3720,1690.9751733333296,1690.9751733333296
3721,106.54871999999992,106.54871999999992
3722,162.72672000000048,162.72672000000048
3723,223.38546666666704,223.38546666666704
3724,342.09336000000053,342.09336000000053
3725,426.4626133333338,426.4626133333338
3726,406.7089066666669,406.7089066666669
3727,510.23402666666584,510.23402666666584
3728,587.9302933333327,587.9302933333327
3729,408.02506666666704,408.02506666666704
3730,238.9965333333338,238.9965333333338
3731,240.0009600000003,240.0009600000003
3732,272.66536000000036,272.66536000000036
3733,217.04338666666692,217.04338666666692
3734,192.9639733333336,192.9639733333336
3735,232.7188266666669,232.7188266666669
3736,262.39717333333346,262.39717333333346
3737,184.19224000000017,184.19224000000017
3738,281.2260533333336,281.2260533333336
3739,984.7382666666638,984.7382666666638
3740,2020.8851466666624,2020.8851466666624
3741,3539.590000000002,3539.590000000002
3742,4762.940293333344,4762.940293333344
3743,3363.4108,3363.4108
3744,1285.0651199999968,1285.0651199999968
3745,80.60384000000002,80.60384000000002
3746,167.39200000000017,167.39200000000017
3747,193.71266666666705,193.71266666666705
3748,210.69888000000049,210.69888000000049
3749,303.46162666666686,303.46162666666686
3750,321.59976000000034,321.59976000000034
3751,337.0016266666674,337.0016266666674
3752,596.8925333333328,596.8925333333328
3753,569.3226666666654,569.3226666666654
3754,319.70592000000033,319.70592000000033
3755,322.8732266666664,322.8732266666664
3756,332.20448000000016,332.20448000000016
3757,276.39770666666703,276.39770666666703
3758,210.88328000000035,210.88328000000035
3759,175.97898666666674,175.97898666666674
3760,223.57461333333345,223.57461333333345
3761,276.0231466666669,276.0231466666669
3762,346.1075200000002,346.1075200000002
3763,1082.1212533333294,1082.1212533333294
3764,2265.982933333328,2265.982933333328
3765,4005.3965066666738,4005.3965066666738
3766,4530.34600000001,4530.34600000001
3767,3538.3863466666658,3538.3863466666658
3768,1454.5120266666638,1454.5120266666638
3769,69.21946666666678,69.21946666666678
3770,142.94336000000038,142.94336000000038
3771,229.92400000000018,229.92400000000018
3772,272.8528000000007,272.8528000000007
3773,281.06104000000016,281.06104000000016
3774,292.7491466666672,292.7491466666672
3775,453.1758133333335,453.1758133333335
3776,600.1441066666656,600.1441066666656
3777,522.5169866666663,522.5169866666663
3778,321.0996800000005,321.0996800000005
3779,255.49632000000034,255.49632000000034
3780,306.82485333333364,306.82485333333364
3781,347.5118933333335,347.5118933333335
3782,254.55872,254.55872
3783,254.93261333333376,254.93261333333376
3784,251.57632000000032,251.57632000000032
3785,291.70560000000046,291.70560000000046
3786,637.0473599999992,637.0473599999992
3787,1161.6350399999972,1161.6350399999972
3788,2447.0607466666625,2447.0607466666625
3789,3873.400000000007,3873.400000000007
3790,3793.133493333338,3793.133493333338
3791,3159.7376799999984,3159.7376799999984
3792,1406.9851999999973,1406.9851999999973
3793,49.622213333333285,49.622213333333285
3794,148.91922666666687,148.91922666666687
3795,255.3085600000003,255.3085600000003
3796,301.03541333333345,301.03541333333345
3797,385.9602400000005,385.9602400000005
3798,343.3831466666671,343.3831466666671
3799,369.20797333333377,369.20797333333377
3800,547.5326666666659,547.5326666666659
3801,568.1474399999992,568.1474399999992
3802,356.56042666666707,356.56042666666707
3803,298.79317333333364,298.79317333333364
3804,312.23285333333394,312.23285333333394
3805,248.96138666666704,248.96138666666704
3806,303.2771733333336,303.2771733333336
3807,245.7861866666669,245.7861866666669
3808,217.0456266666669,217.0456266666669
3809,253.44120000000032,253.44120000000032
3810,422.4547733333336,422.4547733333336
3811,1051.2322133333294,1051.2322133333294
3812,2315.0488533333278,2315.0488533333278
3813,3489.7310133333363,3489.7310133333363
3814,4629.871920000011,4629.871920000011
3815,3260.6538933333345,3260.6538933333345
3816,1478.4467999999977,1478.4467999999977
3817,44.39482666666666,44.39482666666666
3818,152.6493066666668,152.6493066666668
3819,220.95909333333375,220.95909333333375
3820,338.3609866666669,338.3609866666669
3821,273.4090933333338,273.4090933333338
3822,227.7669866666669,227.7669866666669
3823,302.3138933333338,302.3138933333338
3824,634.9954666666655,634.9954666666655
3825,596.3491200000002,596.3491200000002
3826,313.2174933333338,313.2174933333338
3827,287.9690400000005,287.9690400000005
3828,220.03064000000032,220.03064000000032
3829,273.78514666666706,273.78514666666706
3830,267.0630666666669,267.0630666666669
3831,263.7029866666669,263.7029866666669
3832,311.67450666666707,311.67450666666707
3833,264.82640000000015,264.82640000000015
3834,333.06066666666703,333.06066666666703
3835,1026.2701866666637,1026.2701866666637
3836,2036.302426666661,2036.302426666661
3837,3681.7844800000016,3681.7844800000016
3838,4726.2458133333475,4726.2458133333475
3839,3588.477466666667,3588.477466666667
3840,1644.6632266666638,1644.6632266666638
3841,74.63285333333333,74.63285333333333
3842,218.91200000000032,218.91200000000032
3843,232.16069333333363,232.16069333333363
3844,239.8129600000005,239.8129600000005
3845,199.31349333333344,199.31349333333344
3846,280.88626666666704,280.88626666666704
3847,347.62853333333396,347.62853333333396
3848,571.6148799999994,571.6148799999994
3849,516.5800799999998,516.5800799999998
3850,331.09296000000063,331.09296000000063
3851,288.5283466666669,288.5283466666669
3852,402.9454666666674,402.9454666666674
3853,328.84712000000053,328.84712000000053
3854,228.05776000000014,228.05776000000014
3855,276.7719466666669,276.7719466666669
3856,275.27648000000033,275.27648000000033
3857,235.33333333333363,235.33333333333363
3858,321.7699466666669,321.7699466666669
3859,990.4626399999969,990.4626399999969
3860,2291.1226666666607,2291.1226666666607
3861,4280.4064266666755,4280.4064266666755
3862,4364.773786666675,4364.773786666675
3863,3427.1118933333332,3427.1118933333332
3864,1312.0962133333317,1312.0962133333317
3865,98.5214933333334,98.5214933333334
3866,267.2524000000003,267.2524000000003
3867,242.61541333333378,242.61541333333378
3868,317.6485600000002,317.6485600000002
3869,344.15464000000037,344.15464000000037
3870,303.0958400000002,303.0958400000002
3871,409.53120000000035,409.53120000000035
3872,510.04722666666703,510.04722666666703
3873,468.44989333333297,468.44989333333297
3874,277.0439733333338,277.0439733333338
3875,225.07024000000035,225.07024000000035
3876,222.2677866666669,222.2677866666669
3877,242.04909333333364,242.04909333333364
3878,360.5698933333336,360.5698933333336
3879,324.5456266666674,324.5456266666674
3880,260.34122666666707,260.34122666666707
3881,242.05504000000047,242.05504000000047
3882,360.3190400000002,360.3190400000002
3883,1072.3926399999964,1072.3926399999964
3884,2579.423226666661,2579.423226666661
3885,3996.2055733333364,3996.2055733333364
3886,4171.534000000006,4171.534000000006
3887,3191.3316533333314,3191.3316533333314
3888,1601.4093333333296,1601.4093333333296
3889,122.78637333333346,122.78637333333346
3890,226.93584000000047,226.93584000000047
3891,306.82117333333343,306.82117333333343
3892,273.4134400000005,273.4134400000005
3893,243.17418666666723,243.17418666666723
3894,231.30938666666702,231.30938666666702
3895,387.40253333333317,387.40253333333317
3896,662.9430933333322,662.9430933333322
3897,548.0404799999999,548.0404799999999
3898,356.6075200000005,356.6075200000005
3899,228.2423733333336,228.2423733333336
3900,217.41842666666705,217.41842666666705
3901,288.71824000000066,288.71824000000066
3902,290.5854400000002,290.5854400000002
3903,352.5504,352.5504
3904,249.33317333333332,249.33317333333332
3905,218.16394666666707,218.16394666666707
3906,385.7859733333333,385.7859733333333
3907,1097.4891733333293,1097.4891733333293
3908,2746.6950666666626,2746.6950666666626
3909,3737.1115466666724,3737.1115466666724
3910,4501.86488000001,4501.86488000001
3911,3492.8446133333364,3492.8446133333364
3912,1496.8453333333293,1496.8453333333293
3913,84.8961333333334,84.8961333333334
3914,223.9500533333336,223.9500533333336
3915,186.61922666666672,186.61922666666672
3916,184.19264,184.19264
3917,251.19992000000002,251.19992000000002
3918,281.92458666666704,281.92458666666704
3919,449.1940533333336,449.1940533333336
3920,628.3867466666655,628.3867466666655
3921,467.4910933333331,467.4910933333331
3922,344.0555200000005,344.0555200000005
3923,278.44896000000017,278.44896000000017
3924,257.54490666666703,257.54490666666703
3925,362.81714666666704,362.81714666666704
3926,301.0338133333338,301.0338133333338
3927,288.90216000000083,288.90216000000083
3928,217.41330666666687,217.41330666666687
3929,290.3913066666672,290.3913066666672
3930,389.5622400000004,389.5622400000004
3931,855.6044799999963,855.6044799999963
3932,2049.452586666661,2049.452586666661
3933,4096.152693333341,4096.152693333341
3934,4960.638080000013,4960.638080000013
3935,3271.6221866666656,3271.6221866666656
3936,1377.4351466666642,1377.4351466666642
3937,92.36368000000004,92.36368000000004
3938,228.61424000000048,228.61424000000048
3939,286.8468533333339,286.8468533333339
3940,281.2479200000005,281.2479200000005
3941,281.2474933333339,281.2474933333339
3942,220.4889333333336,220.4889333333336
3943,371.62192000000033,371.62192000000033
3944,570.1494399999987,570.1494399999987
3945,449.54656000000017,449.54656000000017
3946,307.8472800000005,307.8472800000005
3947,209.94792000000035,209.94792000000035
3948,278.0732800000002,278.0732800000002
3949,229.17290666666705,229.17290666666705
3950,271.5427466666671,271.5427466666671
3951,328.6585866666671,328.6585866666671
3952,313.72458666666694,313.72458666666694
3953,259.4104266666669,259.4104266666669
3954,405.29738666666674,405.29738666666674
3955,1112.456559999997,1112.456559999997
3956,2091.6558133333283,2091.6558133333283
3957,3737.6648800000034,3737.6648800000034
3958,4073.8436533333393,4073.8436533333393
3959,3163.682106666667,3163.682106666667
3960,1489.3366933333293,1489.3366933333293
3961,119.05280000000005,119.05280000000005
3962,181.39408000000017,181.39408000000017
3963,259.4116800000007,259.4116800000007
3964,267.250533333334,267.250533333334
3965,261.4642133333338,261.4642133333338
3966,273.9748800000003,273.9748800000003
3967,354.56040000000064,354.56040000000064
3968,564.7850399999995,564.7850399999995
3969,441.4056533333335,441.4056533333335
3970,302.66224000000017,302.66224000000017
3971,239.44032000000036,239.44032000000036
3972,254.56048000000015,254.56048000000015
3973,307.9432800000002,307.9432800000002
3974,290.77082666666706,290.77082666666706
3975,292.63640000000015,292.63640000000015
3976,192.77816000000018,192.77816000000018
3977,131.92968000000005,131.92968000000005
3978,449.5538666666657,449.5538666666657
3979,1467.020666666663,1467.020666666663
3980,2381.3082399999953,2381.3082399999953
3981,3811.6116266666686,3811.6116266666686
3982,4281.92253333334,4281.92253333334
3983,3289.6526666666646,3289.6526666666646
3984,1795.0120799999968,1795.0120799999968
3985,102.6280800000001,102.6280800000001
3986,239.2550133333333,239.2550133333333
3987,186.62093333333345,186.62093333333345
3988,225.62866666666687,225.62866666666687
3989,294.31373333333346,294.31373333333346
3990,274.5914666666669,274.5914666666669
3991,376.4693333333339,376.4693333333339
3992,576.1970133333315,576.1970133333315
3993,621.2780266666654,621.2780266666654
3994,276.6656000000003,276.6656000000003
3995,291.1444533333336,291.1444533333336
3996,314.66490666666687,314.66490666666687
3997,330.526426666667,330.526426666667
3998,264.45056000000034,264.45056000000034
3999,255.49069333333378,255.49069333333378
4000,192.03080000000048,192.03080000000048
4001,200.80296000000018,200.80296000000018
4002,342.69005333333365,342.69005333333365
4003,1086.3470399999965,1086.3470399999965
4004,2081.939599999994,2081.939599999994
4005,3020.5241866666643,3020.5241866666643
4006,4824.113466666682,4824.113466666682
4007,3545.459360000003,3545.459360000003
4008,1604.6095199999984,1604.6095199999984
4009,74.44552000000002,74.44552000000002
4010,155.07672000000025,155.07672000000025
4011,276.7674133333334,276.7674133333334
4012,248.02152000000015,248.02152000000015
4013,287.22088,287.22088
4014,260.72384000000034,260.72384000000034
4015,425.39106666666686,425.39106666666686
4016,573.4523199999999,573.4523199999999
4017,524.817546666666,524.817546666666
4018,311.24968,311.24968
4019,197.6340266666669,197.6340266666669
4020,221.89600000000016,221.89600000000016
4021,260.34232000000037,260.34232000000037
4022,237.00941333333358,237.00941333333358
4023,260.5279200000005,260.5279200000005
4024,247.6541333333341,247.6541333333341
4025,282.55954666666725,282.55954666666725
4026,353.65381333333363,353.65381333333363
4027,1126.3009333333298,1126.3009333333298
4028,2607.0456266666592,2607.0456266666592
4029,3757.5317333333364,3757.5317333333364
4030,4846.045786666676,4846.045786666676
4031,3315.943706666666,3315.943706666666
4032,1445.9175466666634,1445.9175466666634
4033,68.09813333333332,68.09813333333332
4034,131.9300533333333,131.9300533333333
4035,144.99381333333355,144.99381333333355
4036,262.0212266666671,262.0212266666671
4037,244.66181333333344,244.66181333333344
4038,217.4763200000002,217.4763200000002
4039,316.52757333333375,316.52757333333375
4040,529.6200533333324,529.6200533333324
4041,499.3075999999992,499.3075999999992
4042,271.98010666666676,271.98010666666676
4043,264.63677333333345,264.63677333333345
4044,270.42336000000034,270.42336000000034
4045,242.4278133333336,242.4278133333336
4046,298.6096800000002,298.6096800000002
4047,224.88032000000032,224.88032000000032
4048,235.70608000000067,235.70608000000067
4049,288.34024000000016,288.34024000000016
4050,416.3157333333333,416.3157333333333
4051,1103.932959999996,1103.932959999996
4052,2643.195173333328,2643.195173333328
4053,3704.969626666666,3704.969626666666
4054,4462.351653333341,4462.351653333341
4055,3785.155973333338,3785.155973333338
4056,1463.1192266666644,1463.1192266666644
4057,33.75624000000001,33.75624000000001
4058,176.91389333333345,176.91389333333345
4059,190.3525866666672,190.3525866666672
4060,207.15149333333375,207.15149333333375
4061,208.2682133333338,208.2682133333338
4062,204.00997333333362,204.00997333333362
4063,296.79810666666725,296.79810666666725
4064,567.2421866666658,567.2421866666658
4065,569.8590666666661,569.8590666666661
4066,364.9819733333338,364.9819733333338
4067,322.8701066666671,322.8701066666671
4068,259.97229333333365,259.97229333333365
4069,240.37629333333362,240.37629333333362
4070,328.8450400000004,328.8450400000004
4071,293.94032000000016,293.94032000000016
4072,235.52074666666724,235.52074666666724
4073,326.23274666666737,326.23274666666737
4074,431.15973333333363,431.15973333333363
4075,1314.8969066666623,1314.8969066666623
4076,2597.4023199999956,2597.4023199999956
4077,3841.8495733333375,3841.8495733333375
4078,4071.393360000005,4071.393360000005
4079,3004.3451733333313,3004.3451733333313
4080,1399.087439999998,1399.087439999998
4081,44.767386666666646,44.767386666666646
4082,92.92218666666655,92.92218666666655
4083,147.0511466666668,147.0511466666668
4084,175.79424,175.79424
4085,260.3462933333338,260.3462933333338
4086,301.8674133333336,301.8674133333336
4087,399.43810666666707,399.43810666666707
4088,647.4713333333319,647.4713333333319
4089,620.7641066666663,620.7641066666663
4090,304.62184000000065,304.62184000000065
4091,203.78858666666721,203.78858666666721
4092,243.3603466666674,243.3603466666674
4093,224.13522666666705,224.13522666666705
4094,319.1379200000005,319.1379200000005
4095,460.2486666666668,460.2486666666668
4096,388.9470933333341,388.9470933333341
4097,279.572426666667,279.572426666667
4098,339.8700266666667,339.8700266666667
4099,1260.7555466666618,1260.7555466666618
4100,2482.4886933333282,2482.4886933333282
4101,4182.109440000013,4182.109440000013
4102,4304.7972000000045,4304.7972000000045
4103,2960.563519999997,2960.563519999997
4104,1465.6689599999972,1465.6689599999972
4105,119.61552000000009,119.61552000000009
4106,180.08733333333328,180.08733333333328
4107,240.55869333333362,240.55869333333362
4108,274.3435200000003,274.3435200000003
4109,308.68546666666725,308.68546666666725
4110,334.9844000000005,334.9844000000005
4111,444.7422400000005,444.7422400000005
4112,571.2697333333326,571.2697333333326
4113,420.0254133333333,420.0254133333333
4114,255.52386666666703,255.52386666666703
4115,230.85354666666706,230.85354666666706
4116,226.1873066666669,226.1873066666669
4117,288.34202666666687,288.34202666666687
4118,262.40005333333363,262.40005333333363
4119,267.62469333333377,267.62469333333377
4120,209.57632000000018,209.57632000000018
4121,145.55938666666677,145.55938666666677
4122,302.93149333333344,302.93149333333344
4123,1263.3833599999964,1263.3833599999964
4124,2567.244319999994,2567.244319999994
4125,3797.919573333338,3797.919573333338
4126,4255.565733333339,4255.565733333339
4127,3249.750986666664,3249.750986666664
4128,1829.5652266666639,1829.5652266666639
4129,58.20842666666661,58.20842666666661
4130,117.1866399999999,117.1866399999999
4131,223.57357333333363,223.57357333333363
4132,246.34666666666723,246.34666666666723
4133,270.6116800000005,270.6116800000005
4134,297.9236266666672,297.9236266666672
4135,373.18565333333413,373.18565333333413
4136,535.0584799999996,535.0584799999996
4137,456.8928000000002,456.8928000000002
4138,328.1544533333338,328.1544533333338
4139,279.19712000000067,279.19712000000067
4140,237.38872000000066,237.38872000000066
4141,302.7141600000005,302.7141600000005
4142,337.9945866666669,337.9945866666669
4143,271.3603200000002,271.3603200000002
4144,308.8750666666667,308.8750666666667
4145,249.33197333333362,249.33197333333362
4146,428.12503999999984,428.12503999999984
4147,927.9114133333305,927.9114133333305
4148,2981.2314399999987,2981.2314399999987
4149,4267.010773333342,4267.010773333342
4150,4328.005466666676,4328.005466666676
4151,2940.6718666666625,2940.6718666666625
4152,1433.5643733333304,1433.5643733333304
4153,93.48160000000001,93.48160000000001
4154,244.47728000000004,244.47728000000004
4155,286.2841333333337,286.2841333333337
4156,239.06192000000033,239.06192000000033
4157,232.1613333333336,232.1613333333336
4158,237.15562666666688,237.15562666666688
4159,327.53274666666704,327.53274666666704
4160,475.5182666666669,475.5182666666669
4161,449.9951466666669,449.9951466666669
4162,338.9343200000003,338.9343200000003
4163,278.4533866666672,278.4533866666672
4164,233.28421333333347,233.28421333333347
4165,233.65906666666706,233.65906666666706
4166,341.7277333333338,341.7277333333338
4167,283.3066666666669,283.3066666666669
4168,310.93106666666694,310.93106666666694
4169,280.13306666666705,280.13306666666705
4170,286.2513600000004,286.2513600000004
4171,978.4349066666637,978.4349066666637
4172,1986.269866666661,1986.269866666661
4173,3707.287920000002,3707.287920000002
4174,5061.450080000015,5061.450080000015
4175,3446.7129066666675,3446.7129066666675
4176,1758.1594133333297,1758.1594133333297
4177,63.060453333333264,63.060453333333264
4178,191.8437333333336,191.8437333333336
4179,289.83512000000013,289.83512000000013
4180,320.63194666666686,320.63194666666686
4181,259.2253600000002,259.2253600000002
4182,239.07442666666702,239.07442666666702
4183,410.4399200000002,410.4399200000002
4184,691.2567733333319,691.2567733333319
4185,511.6725599999992,511.6725599999992
4186,328.2393333333338,328.2393333333338
4187,221.70893333333362,221.70893333333362
4188,293.38077333333376,293.38077333333376
4189,284.0472000000004,284.0472000000004
4190,239.99757333333378,239.99757333333378
4191,237.57517333333377,237.57517333333377
4192,218.72424000000035,218.72424000000035
4193,210.6965600000002,210.6965600000002
4194,384.2831466666667,384.2831466666667
4195,1201.2234133333297,1201.2234133333297
4196,2675.505546666661,2675.505546666661
4197,3883.011733333341,3883.011733333341
4198,4273.124720000008,4273.124720000008
4199,3420.0482133333335,3420.0482133333335
4200,1490.8197866666644,1490.8197866666644
4201,80.04594666666675,80.04594666666675
4202,192.03170666666688,192.03170666666688
4203,256.6117066666669,256.6117066666669
4204,329.03029333333393,329.03029333333393
4205,386.14546666666723,386.14546666666723
4206,370.4711200000005,370.4711200000005
4207,384.5087466666672,384.5087466666672
4208,446.50602666666674,446.50602666666674
4209,416.3238666666671,416.3238666666671
4210,330.1645066666669,330.1645066666669
4211,306.2572266666667,306.2572266666667
4212,286.66165333333345,286.66165333333345
4213,304.20826666666704,304.20826666666704
4214,258.2944800000002,258.2944800000002
4215,263.7058400000003,263.7058400000003
4216,227.49565333333362,227.49565333333362
4217,299.35565333333375,299.35565333333375
4218,397.08698666666675,397.08698666666675
4219,863.8534399999967,863.8534399999967
4220,2293.2617066666608,2293.2617066666608
4221,4151.978026666674,4151.978026666674
4222,4460.589573333343,4460.589573333343
4223,3799.961706666672,3799.961706666672
4224,1653.5658933333298,1653.5658933333298
4225,80.79066666666652,80.79066666666652
4226,190.91101333333347,190.91101333333347
4227,308.49914666666706,308.49914666666706
4228,304.76506666666677,304.76506666666677
4229,299.91586666666706,299.91586666666706
4230,212.70226666666704,212.70226666666704
4231,318.26160000000084,318.26160000000084
4232,548.0696266666663,548.0696266666663
4233,498.1771733333333,498.1771733333333
4234,296.59250666666725,296.59250666666725
4235,242.80232000000035,242.80232000000035
4236,313.5446400000002,313.5446400000002
4237,337.8089600000005,337.8089600000005
4238,279.3854133333336,279.3854133333336
4239,254.7470666666669,254.7470666666669
4240,289.46696000000037,289.46696000000037
4241,316.1565600000005,316.1565600000005
4242,423.9665066666664,423.9665066666664
4243,983.018373333331,983.018373333331
4244,2142.4859999999935,2142.4859999999935
4245,3932.409573333341,3932.409573333341
4246,4485.839760000006,4485.839760000006
4247,3203.8208533333327,3203.8208533333327
4248,1260.4334133333307,1260.4334133333307
4249,110.09637333333347,110.09637333333347
4250,310.18184000000036,310.18184000000036
4251,335.9392000000005,335.9392000000005
4252,343.96530666666706,343.96530666666706
4253,301.2226933333338,301.2226933333338
4254,226.30186666666705,226.30186666666705
4255,355.10552000000035,355.10552000000035
4256,561.1366666666661,561.1366666666661
4257,535.7476266666662,535.7476266666662
4258,258.4600000000002,258.4600000000002
4259,220.21370666666704,220.21370666666704
4260,304.3908533333335,304.3908533333335
4261,267.4363733333338,267.4363733333338
4262,240.93258666666722,240.93258666666722
4263,257.7329333333338,257.7329333333338
4264,264.0790400000005,264.0790400000005
4265,244.10701333333378,244.10701333333378
4266,337.17306666666707,337.17306666666707
4267,941.3751733333304,941.3751733333304
4268,2116.240026666659,2116.240026666659
4269,3991.990720000005,3991.990720000005
4270,4403.692933333347,4403.692933333347
4271,3567.668933333336,3567.668933333336
4272,1688.7351999999967,1688.7351999999967
4273,135.6639466666667,135.6639466666667
4274,228.23848000000018,228.23848000000018
4275,256.60602666666676,256.60602666666676
4276,206.96104000000014,206.96104000000014
4277,233.84050666666724,233.84050666666724
4278,261.3375466666672,261.3375466666672
4279,353.85874666666723,353.85874666666723
4280,595.0274133333318,595.0274133333318
4281,498.5533599999992,498.5533599999992
4282,349.3830933333338,349.3830933333338
4283,312.9788800000002,312.9788800000002
4284,293.3828000000003,293.3828000000003
4285,185.68864000000033,185.68864000000033
4286,205.4726666666672,205.4726666666672
4287,194.83418666666705,194.83418666666705
4288,147.0488533333333,147.0488533333333
4289,218.53621333333345,218.53621333333345
4290,357.0408533333335,357.0408533333335
4291,1096.5346666666628,1096.5346666666628
4292,1854.616373333328,1854.616373333328
4293,3661.0246933333347,3661.0246933333347
4294,5000.6821866666805,5000.6821866666805
4295,3820.971306666671,3820.971306666671
4296,1699.780586666664,1699.780586666664
4297,55.03378666666672,55.03378666666672
4298,211.25666666666672,211.25666666666672
4299,279.38296000000014,279.38296000000014
4300,231.97370666666689,231.97370666666689
4301,254.93008000000032,254.93008000000032
4302,224.05864000000034,224.05864000000034
4303,379.95888000000053,379.95888000000053
4304,554.5479999999992,554.5479999999992
4305,434.89874666666657,434.89874666666657
4306,281.97024000000033,281.97024000000033
4307,290.02178666666674,290.02178666666674
4308,262.58632000000017,262.58632000000017
4309,238.69469333333348,238.69469333333348
4310,208.64498666666688,208.64498666666688
4311,307.94173333333407,307.94173333333407
4312,366.5508000000003,366.5508000000003
4313,306.07717333333375,306.07717333333375
4314,374.8676266666674,374.8676266666674
4315,842.0553866666633,842.0553866666633
4316,2224.3814933333283,2224.3814933333283
4317,4187.651493333339,4187.651493333339
4318,4311.1037333333425,4311.1037333333425
4319,3704.1281866666673,3704.1281866666673
4320,1811.2499733333298,1811.2499733333298
4321,112.52205333333335,112.52205333333335
4322,244.6678666666669,244.6678666666669
4323,318.20496000000065,318.20496000000065
4324,275.4623466666674,275.4623466666674
4325,217.22952000000032,217.22952000000032
4326,267.01722666666706,267.01722666666706
4327,383.5307733333333,383.5307733333333
4328,631.4793333333321,631.4793333333321
4329,508.4766666666661,508.4766666666661
4330,326.2885066666672,326.2885066666672
4331,347.1353600000002,347.1353600000002
4332,346.01600000000064,346.01600000000064
4333,310.1776800000007,310.1776800000007
4334,220.77485333333362,220.77485333333362
4335,126.89336000000002,126.89336000000002
4336,200.80720000000034,200.80720000000034
4337,208.0849066666669,208.0849066666669
4338,383.54256000000015,383.54256000000015
4339,1245.51357333333,1245.51357333333
4340,2309.5173066666607,2309.5173066666607
4341,4021.9268000000047,4021.9268000000047
4342,4768.258506666677,4768.258506666677
4343,3027.308799999999,3027.308799999999
4344,1290.5493866666638,1290.5493866666638
4345,70.15343999999993,70.15343999999993
4346,138.09301333333335,138.09301333333335
4347,222.64538666666692,222.64538666666692
4348,234.21437333333344,234.21437333333344
4349,245.0375200000002,245.0375200000002
4350,259.8452533333336,259.8452533333336
4351,378.0244533333338,378.0244533333338
4352,626.6013599999991,626.6013599999991
4353,475.0590133333327,475.0590133333327
4354,339.43754666666706,339.43754666666706
4355,291.89317333333395,291.89317333333395
4356,269.86714666666705,269.86714666666705
4357,303.65106666666736,303.65106666666736
4358,272.8517333333336,272.8517333333336
4359,257.17210666666705,257.17210666666705
4360,288.3418666666669,288.3418666666669
4361,404.25400000000053,404.25400000000053
4362,486.8947199999999,486.8947199999999
4363,1449.5817599999964,1449.5817599999964
4364,2514.0027199999954,2514.0027199999954
4365,3625.240453333333,3625.240453333333
4366,4476.902213333341,4476.902213333341
4367,4308.840240000007,4308.840240000007
4368,2001.1397333333314,2001.1397333333314
4369,56.33986666666672,56.33986666666672
4370,177.66058666666675,177.66058666666675
4371,233.8394133333338,233.8394133333338
4372,238.13301333333362,238.13301333333362
4373,314.65661333333395,314.65661333333395
4374,337.67850666666686,337.67850666666686
4375,406.4417066666672,406.4417066666672
4376,629.9607733333322,629.9607733333322
4377,586.1723466666651,586.1723466666651
4378,371.8923466666669,371.8923466666669
4379,323.43272,323.43272
4380,259.5988533333336,259.5988533333336
4381,289.46336000000014,289.46336000000014
4382,276.58472000000035,276.58472000000035
4383,245.7882133333336,245.7882133333336
4384,217.78973333333363,217.78973333333363
4385,231.97568000000035,231.97568000000035
4386,343.2223200000002,343.2223200000002
4387,1361.8683199999964,1361.8683199999964
4388,2439.5259466666607,2439.5259466666607
4389,3238.319626666664,3238.319626666664
4390,4606.490773333346,4606.490773333346
4391,4397.915226666675,4397.915226666675
4392,2052.4803999999967,2052.4803999999967
4393,36.928160000000034,36.928160000000034
4394,152.46399999999983,152.46399999999983
4395,234.7767733333336,234.7767733333336
4396,352.17797333333425,352.17797333333425
4397,370.83938666666756,370.83938666666756
4398,335.0082666666674,335.0082666666674
4399,319.0330666666671,319.0330666666671
4400,479.91599999999937,479.91599999999937
4401,428.44458666666725,428.44458666666725
4402,233.57560000000032,233.57560000000032
4403,258.47504,258.47504
4404,242.7969066666669,242.7969066666669
4405,201.54938666666703,201.54938666666703
4406,234.40005333333374,234.40005333333374
4407,318.9492000000007,318.9492000000007
4408,342.47098666666705,342.47098666666705
4409,339.3023200000007,339.3023200000007
4410,356.50384000000065,356.50384000000065
4411,1050.6801599999978,1050.6801599999978
4412,2259.957386666661,2259.957386666661
4413,3906.476586666672,3906.476586666672
4414,4750.187973333346,4750.187973333346
4415,4128.945146666674,4128.945146666674
4416,1916.6373066666642,1916.6373066666642
4417,113.45328000000006,113.45328000000006
4418,225.25498666666692,225.25498666666692
4419,272.8505866666671,272.8505866666671
4420,272.47994666666705,272.47994666666705
4421,310.74160000000035,310.74160000000035
4422,310.96210666666724,310.96210666666724
4423,421.24810666666656,421.24810666666656
4424,663.1273599999987,663.1273599999987
4425,350.45530666666656,350.45530666666656
4426,197.84538666666688,197.84538666666688
4427,245.0439200000005,245.0439200000005
4428,228.80109333333363,228.80109333333363
4429,303.46074666666686,303.46074666666686
4430,263.3298133333336,263.3298133333336
4431,331.4544800000007,331.4544800000007
4432,304.76613333333347,304.76613333333347
4433,414.5204266666675,414.5204266666675
4434,482.76141333333265,482.76141333333265
4435,964.2646933333298,964.2646933333298
4436,2277.730639999995,2277.730639999995
4437,4054.8176533333412,4054.8176533333412
4438,4124.093653333342,4124.093653333342
4439,3989.729360000005,3989.729360000005
4440,2072.472906666664,2072.472906666664
4441,148.9166133333334,148.9166133333334
4442,253.62464000000034,253.62464000000034
4443,303.4612266666671,303.4612266666671
4444,284.04840000000064,284.04840000000064
4445,180.64616000000018,180.64616000000018
4446,159.82840000000007,159.82840000000007
4447,255.72285333333377,255.72285333333377
4448,573.1831466666662,573.1831466666662
4449,465.8665866666663,465.8665866666663
4450,323.21200000000067,323.21200000000067
4451,247.65536000000034,247.65536000000034
4452,297.4868533333336,297.4868533333336
4453,200.61538666666672,200.61538666666672
4454,205.28013333333342,205.28013333333342
4455,203.22802666666672,203.22802666666672
4456,244.1047733333336,244.1047733333336
4457,326.41773333333344,326.41773333333344
4458,529.3785333333328,529.3785333333328
4459,1104.6058933333304,1104.6058933333304
4460,2542.0523733333266,2542.0523733333266
4461,3820.4728000000086,3820.4728000000086
4462,4594.55586666668,4594.55586666668
4463,3874.2294933333346,3874.2294933333346
4464,1737.9916533333299,1737.9916533333299
4465,122.97338666666678,122.97338666666678
4466,197.81736,197.81736
4467,221.33554666666674,221.33554666666674
4468,295.62157333333374,295.62157333333374
4469,260.15976000000035,260.15976000000035
4470,255.76304000000016,255.76304000000016
4471,405.5295466666671,405.5295466666671
4472,644.9666933333317,644.9666933333317
4473,565.582293333332,565.582293333332
4474,375.88816000000037,375.88816000000037
4475,279.19917333333376,279.19917333333376
4476,291.70400000000035,291.70400000000035
4477,303.4624000000002,303.4624000000002
4478,249.52133333333379,249.52133333333379
4479,223.20320000000035,223.20320000000035
4480,229.73602666666704,229.73602666666704
4481,178.21949333333345,178.21949333333345
4482,301.77120000000053,301.77120000000053
4483,1422.0848533333283,1422.0848533333283
4484,2586.7442933333264,2586.7442933333264
4485,3807.535333333339,3807.535333333339
4486,4491.097386666677,4491.097386666677
4487,3806.1228266666676,3806.1228266666676
4488,1907.3749333333312,1907.3749333333312
4489,87.88186666666657,87.88186666666657
4490,186.99333333333345,186.99333333333345
4491,265.0097066666669,265.0097066666669
4492,277.32762666666673,277.32762666666673
4493,286.84672,286.84672
4494,288.107386666667,288.107386666667
4495,356.28368000000046,356.28368000000046
4496,547.8555999999993,547.8555999999993
4497,433.650933333333,433.650933333333
4498,272.48426666666705,272.48426666666705
4499,195.20760000000033,195.20760000000033
4500,235.3348000000003,235.3348000000003
4501,235.7076266666669,235.7076266666669
4502,295.9971733333334,295.9971733333334
4503,306.82322666666676,306.82322666666676
4504,297.4894666666669,297.4894666666669
4505,306.2632000000005,306.2632000000005
4506,571.0876533333328,571.0876533333328
4507,1267.01277333333,1267.01277333333
4508,2612.932533333328,2612.932533333328
4509,3917.5808266666754,3917.5808266666754
4510,4349.066720000009,4349.066720000009
4511,3918.768613333336,3918.768613333336
4512,1984.9553333333313,1984.9553333333313
4513,70.5265599999999,70.5265599999999
4514,154.51589333333368,154.51589333333368
4515,237.38605333333362,237.38605333333362
4516,247.65122666666704,247.65122666666704
4517,222.64405333333394,222.64405333333394
4518,166.41912000000033,166.41912000000033
4519,334.8289333333339,334.8289333333339
4520,525.0080799999997,525.0080799999997
4521,622.1131199999987,622.1131199999987
4522,354.50026666666724,354.50026666666724
4523,276.5827466666669,276.5827466666669
4524,256.4265866666669,256.4265866666669
4525,210.88141333333363,210.88141333333363
4526,285.35706666666687,285.35706666666687
4527,349.3765866666672,349.3765866666672
4528,331.6458933333338,331.6458933333338
4529,258.6677600000003,258.6677600000003
4530,402.512373333333,402.512373333333
4531,1174.5154399999963,1174.5154399999963
4532,2797.1113066666608,2797.1113066666608
4533,4378.532666666677,4378.532666666677
4534,4346.034480000009,4346.034480000009
4535,3476.5112000000017,3476.5112000000017
4536,1870.8199733333295,1870.8199733333295
4537,70.71154666666669,70.71154666666669
4538,153.77224000000004,153.77224000000004
4539,233.0992533333336,233.0992533333336
4540,365.05869333333345,365.05869333333345
4541,399.77336000000054,399.77336000000054
4542,304.2650133333338,304.2650133333338
4543,382.2996800000003,382.2996800000003
4544,498.5557333333325,498.5557333333325
4545,421.1970133333334,421.1970133333334
4546,336.50328000000053,336.50328000000053
4547,275.64968000000033,275.64968000000033
4548,214.42704000000032,214.42704000000032
4549,285.16808000000003,285.16808000000003
4550,265.0096800000003,265.0096800000003
4551,330.7136800000002,330.7136800000002
4552,288.9058933333338,288.9058933333338
4553,305.8875733333333,305.8875733333333
4554,454.75421333333327,454.75421333333327
4555,952.7791199999962,952.7791199999962
4556,2166.249226666661,2166.249226666661
4557,4311.713466666675,4311.713466666675
4558,4837.948880000014,4837.948880000014
4559,3906.8302666666723,3906.8302666666723
4560,2317.9728266666625,2317.9728266666625
4561,93.85709333333325,93.85709333333325
4562,260.16042666666704,260.16042666666704
4563,291.7029866666671,291.7029866666671
4564,301.0350133333336,301.0350133333336
4565,340.4190133333338,340.4190133333338
4566,250.1934133333336,250.1934133333336
4567,333.21405333333394,333.21405333333394
4568,584.4937333333326,584.4937333333326
4569,603.0179733333324,603.0179733333324
4570,286.9660533333336,286.9660533333336
4571,214.42960000000016,214.42960000000016
4572,164.96824000000015,164.96824000000015
4573,186.05784000000034,186.05784000000034
4574,199.6821333333336,199.6821333333336
4575,259.038,259.038
4576,378.86645333333377,378.86645333333377
4577,276.95562666666706,276.95562666666706
4578,372.2321066666669,372.2321066666669
4579,1211.1060799999966,1211.1060799999966
4580,2249.0378666666625,2249.0378666666625
4581,3796.705306666676,3796.705306666676
4582,4502.747306666678,4502.747306666678
4583,3851.725386666669,3851.725386666669
4584,1809.3579733333281,1809.3579733333281
4585,91.9886666666667,91.9886666666667
4586,230.66773333333379,230.66773333333379
4587,243.35936000000035,243.35936000000035
4588,270.4253066666669,270.4253066666669
4589,347.3226666666674,347.3226666666674
4590,230.11386666666704,230.11386666666704
4591,416.04154666666693,416.04154666666693
4592,600.0157866666659,600.0157866666659
4593,527.378453333333,527.378453333333
4594,263.7177333333338,263.7177333333338
4595,281.8142933333333,281.8142933333333
4596,252.32133333333346,252.32133333333346
4597,251.1998400000005,251.1998400000005
4598,306.44573333333375,306.44573333333375
4599,227.86928000000032,227.86928000000032
4600,236.45677333333362,236.45677333333362
4601,215.5511200000003,215.5511200000003
4602,375.2503199999999,375.2503199999999
4603,1315.0619733333297,1315.0619733333297
4604,2456.251199999995,2456.251199999995
4605,3972.967546666672,3972.967546666672
4606,4438.612133333348,4438.612133333348
4607,4177.950986666676,4177.950986666676
4608,1959.0935466666624,1959.0935466666624
4609,56.90170666666657,56.90170666666657
4610,127.07976000000015,127.07976000000015
4611,164.78290666666703,164.78290666666703
4612,234.58784000000034,234.58784000000034
4613,249.3319200000005,249.3319200000005
4614,212.9423733333336,212.9423733333336
4615,373.74290666666707,373.74290666666707
4616,546.9236533333323,546.9236533333323
4617,565.0797866666662,565.0797866666662
4618,333.1713066666671,333.1713066666671
4619,272.28928000000013,272.28928000000013
4620,271.5419200000003,271.5419200000003
4621,261.6511200000005,261.6511200000005
4622,320.6326400000002,320.6326400000002
4623,259.41136000000046,259.41136000000046
4624,238.50837333333376,238.50837333333376
4625,241.12122666666707,241.12122666666707
4626,406.7368799999994,406.7368799999994
4627,1313.4294133333285,1313.4294133333285
4628,2798.566906666661,2798.566906666661
4629,4124.385760000004,4124.385760000004
4630,4375.810026666679,4375.810026666679
4631,4006.843493333336,4006.843493333336
4632,2008.5602133333298,2008.5602133333298
4633,69.59218666666663,69.59218666666663
4634,182.5129066666669,182.5129066666669
4635,252.87960000000032,252.87960000000032
4636,226.5617066666669,226.5617066666669
4637,246.34632000000002,246.34632000000002
4638,379.0614133333338,379.0614133333338
4639,378.4077066666671,378.4077066666671
4640,468.63711999999987,468.63711999999987
4641,499.86338666666654,499.86338666666654
4642,284.5098400000005,284.5098400000005
4643,246.15960000000032,246.15960000000032
4644,234.4007466666669,234.4007466666669
4645,322.12456000000066,322.12456000000066
4646,351.23770666666724,351.23770666666724
4647,285.7257333333333,285.7257333333333
4648,227.49298666666687,227.49298666666687
4649,263.51869333333394,263.51869333333394
4650,434.58685333333347,434.58685333333347
4651,1273.970639999996,1273.970639999996
4652,2462.3332799999935,2462.3332799999935
4653,3650.1693600000017,3650.1693600000017
4654,4430.37184000001,4430.37184000001
4655,3908.9878400000002,3908.9878400000002
4656,1987.1835999999953,1987.1835999999953
4657,48.50050666666664,48.50050666666664
4658,181.39240000000018,181.39240000000018
4659,255.67829333333376,255.67829333333376
4660,279.38304000000034,279.38304000000034
4661,303.0883733333338,303.0883733333338
4662,241.60650666666703,241.60650666666703
4663,322.873573333334,322.873573333334
4664,570.5740799999993,570.5740799999993
4665,405.51253333333347,405.51253333333347
4666,266.98632000000066,266.98632000000066
4667,231.22637333333347,231.22637333333347
4668,203.7906133333336,203.7906133333336
4669,248.21293333333392,248.21293333333392
4670,241.4948533333336,241.4948533333336
4671,337.0570133333335,337.0570133333335
4672,358.1477066666674,358.1477066666674
4673,390.9996800000005,390.9996800000005
4674,427.47087999999985,427.47087999999985
4675,1411.8856266666635,1411.8856266666635
4676,2887.6991733333284,2887.6991733333284
4677,4019.0053600000065,4019.0053600000065
4678,4816.318640000013,4816.318640000013
4679,3417.634026666669,3417.634026666669
4680,1746.1622399999953,1746.1622399999953
4681,47.75453333333331,47.75453333333331
4682,137.71994666666666,137.71994666666666
4683,233.65680000000017,233.65680000000017
4684,274.53056000000015,274.53056000000015
4685,318.3929866666669,318.3929866666669
4686,251.87077333333391,251.87077333333391
4687,466.0592266666664,466.0592266666664
4688,556.7101066666661,556.7101066666661
4689,426.7188800000002,426.7188800000002
4690,316.74464000000063,316.74464000000063
4691,291.13960000000037,291.13960000000037
4692,269.67424000000034,269.67424000000034
4693,253.24912000000052,253.24912000000052
4694,226.37029333333362,226.37029333333362
4695,265.3808266666671,265.3808266666671
4696,315.59194666666724,315.59194666666724
4697,250.6402933333336,250.6402933333336
4698,367.325733333333,367.325733333333
4699,1100.6356266666635,1100.6356266666635
4700,2365.843039999994,2365.843039999994
4701,4041.6293866666692,4041.6293866666692
4702,4745.390426666677,4745.390426666677
4703,3675.815706666669,3675.815706666669
4704,2148.8177066666626,2148.8177066666626
4705,71.64610666666665,71.64610666666665
4706,207.89552000000032,207.89552000000032
4707,281.8070933333336,281.8070933333336
4708,264.8257866666669,264.8257866666669
4709,264.63829333333376,264.63829333333376
4710,195.29112000000032,195.29112000000032
4711,325.75370666666686,325.75370666666686
4712,610.5703999999985,610.5703999999985
4713,536.8136266666663,536.8136266666663
4714,324.98898666666673,324.98898666666673
4715,274.9011733333338,274.9011733333338
4716,268.3693333333336,268.3693333333336
4717,217.04360000000003,217.04360000000003
4718,318.3926933333336,318.3926933333336
4719,348.81834666666737,348.81834666666737
4720,374.5803466666669,374.5803466666669
4721,315.59944000000087,315.59944000000087
4722,476.7679199999997,476.7679199999997
4723,1212.8621333333303,1212.8621333333303
4724,2706.148239999997,2706.148239999997
4725,3897.030506666672,3897.030506666672
4726,4844.134160000015,4844.134160000015
4727,3741.092906666671,3741.092906666671
4728,1571.7122933333303,1571.7122933333303
4729,50.92890666666669,50.92890666666669
4730,189.60624000000018,189.60624000000018
4731,311.29824,311.29824
4732,323.05701333333394,323.05701333333394
4733,320.6321600000008,320.6321600000008
4734,337.9451200000003,337.9451200000003
4735,342.971733333334,342.971733333334
4736,480.0530133333331,480.0530133333331
4737,490.3910399999995,490.3910399999995
4738,250.24365333333378,250.24365333333378
4739,257.54712000000035,257.54712000000035
4740,259.41221333333374,259.41221333333374
4741,269.1177866666672,269.1177866666672
4742,181.01952000000003,181.01952000000003
4743,247.27880000000016,247.27880000000016
4744,277.70720000000034,277.70720000000034
4745,347.5140266666669,347.5140266666669
4746,460.1959199999995,460.1959199999995
4747,1238.2034933333298,1238.2034933333298
4748,3077.9839999999954,3077.9839999999954
4749,4409.727226666679,4409.727226666679
4750,4403.325866666675,4403.325866666675
4751,3511.251786666667,3511.251786666667
4752,1470.560319999996,1470.560319999996
4753,81.53688,81.53688
4754,267.43872000000016,267.43872000000016
4755,286.85130666666686,286.85130666666686
4756,426.4644800000003,426.4644800000003
4757,443.44986666666694,443.44986666666694
4758,377.3278400000004,377.3278400000004
4759,419.71101333333365,419.71101333333365
4760,694.2177866666647,694.2177866666647
4761,563.9146666666662,563.9146666666662
4762,303.3092800000006,303.3092800000006
4763,188.85901333333362,188.85901333333362
4764,235.51917333333358,235.51917333333358
4765,180.27333333333362,180.27333333333362
4766,173.3659466666669,173.3659466666669
4767,197.0703733333336,197.0703733333336
4768,233.84042666666707,233.84042666666707
4769,262.5862666666671,262.5862666666671
4770,488.4281866666663,488.4281866666663
4771,1346.798106666662,1346.798106666662
4772,2494.4347733333284,2494.4347733333284
4773,3627.7612533333327,3627.7612533333327
4774,4521.376346666675,4521.376346666675
4775,3852.7234666666686,3852.7234666666686
4776,1903.2577866666625,1903.2577866666625
4777,147.79861333333355,147.79861333333355
4778,267.06408000000033,267.06408000000033
4779,242.9837600000005,242.9837600000005
4780,195.76240000000033,195.76240000000033
4781,196.69752000000017,196.69752000000017
4782,222.75834666666688,222.75834666666688
4783,332.7134666666672,332.7134666666672
4784,535.7517066666666,535.7517066666666
4785,531.9390666666665,531.9390666666665
4786,392.84944000000064,392.84944000000064
4787,409.66424000000035,409.66424000000035
4788,408.5460000000005,408.5460000000005
4789,277.8911733333336,277.8911733333336
4790,203.04701333333344,203.04701333333344
4791,234.21880000000016,234.21880000000016
4792,255.86648000000034,255.86648000000034
4793,233.84242666666705,233.84242666666705
4794,401.8351999999999,401.8351999999999
4795,1164.008159999997,1164.008159999997
4796,2633.5455733333283,2633.5455733333283
4797,3663.9518133333363,3663.9518133333363
4798,4328.945440000006,4328.945440000006
4799,4750.357653333341,4750.357653333341
4800,1830.933199999997,1830.933199999997
4801,97.4037866666667,97.4037866666667
4802,279.94424000000066,279.94424000000066
4803,306.8214133333341,306.8214133333341
4804,233.2805866666669,233.2805866666669
4805,209.38712000000015,209.38712000000015
4806,258.9889600000003,258.9889600000003
4807,398.35498666666695,398.35498666666695
4808,568.7377066666656,568.7377066666656
4809,519.4674666666656,519.4674666666656
4810,333.5786400000005,333.5786400000005
4811,286.6595733333333,286.6595733333333
4812,230.85458666666688,230.85458666666688
4813,232.9104533333336,232.9104533333336
4814,229.73634666666692,229.73634666666692
4815,237.3869066666669,237.3869066666669
4816,288.5267466666666,288.5267466666666
4817,366.3612266666672,366.3612266666672
4818,433.9016,433.9016
4819,1423.6134666666626,1423.6134666666626
4820,2383.8424799999934,2383.8424799999934
4821,3666.3418933333364,3666.3418933333364
4822,4588.766426666675,4588.766426666675
4823,3959.568800000003,3959.568800000003
4824,1860.424106666664,1860.424106666664
4825,51.85951999999997,51.85951999999997
4826,188.48234666666673,188.48234666666673
4827,256.04893333333365,256.04893333333365
4828,230.66984000000036,230.66984000000036
4829,242.0539733333336,242.0539733333336
4830,201.4530666666669,201.4530666666669
4831,352.1047200000003,352.1047200000003
4832,555.8037866666655,555.8037866666655
4833,436.02407999999997,436.02407999999997
4834,300.7209066666672,300.7209066666672
4835,242.98805333333362,242.98805333333362
4836,270.7990133333338,270.7990133333338
4837,291.1457066666671,291.1457066666671
4838,299.54224000000016,299.54224000000016
4839,343.40178666666736,343.40178666666736
4840,312.9816000000002,312.9816000000002
4841,350.31485333333376,350.31485333333376
4842,500.1089599999994,500.1089599999994
4843,1401.8051199999964,1401.8051199999964
4844,2821.9141866666628,2821.9141866666628
4845,4149.508853333341,4149.508853333341
4846,4110.787546666669,4110.787546666669
4847,3566.912533333333,3566.912533333333
4848,1834.3976533333296,1834.3976533333296
4849,51.48837333333335,51.48837333333335
4850,217.60480000000018,217.60480000000018
4851,314.2875733333333,314.2875733333333
4852,259.228,259.228
4853,210.88469333333362,210.88469333333362
4854,192.4634666666669,192.4634666666669
4855,296.93562666666736,296.93562666666736
4856,457.43826666666695,457.43826666666695
4857,482.2107999999996,482.2107999999996
4858,311.9789866666672,311.9789866666672
4859,285.91490666666704,285.91490666666704
4860,312.0461066666669,312.0461066666669
4861,279.1960533333336,279.1960533333336
4862,294.3117866666669,294.3117866666669
4863,248.95677333333362,248.95677333333362
4864,264.45136000000036,264.45136000000036
4865,351.99349333333345,351.99349333333345
4866,608.7581866666654,608.7581866666654
4867,1486.0471733333295,1486.0471733333295
4868,2835.918186666662,2835.918186666662
4869,4295.222346666674,4295.222346666674
4870,4177.373066666669,4177.373066666669
4871,3815.4664000000034,3815.4664000000034
4872,1852.063039999997,1852.063039999997
4873,98.5222666666667,98.5222666666667
4874,251.3876533333339,251.3876533333339
4875,193.34112000000064,193.34112000000064
4876,289.2805333333338,289.2805333333338
4877,276.21613333333374,276.21613333333374
4878,242.0386400000005,242.0386400000005
4879,374.06181333333393,374.06181333333393
4880,489.1686666666664,489.1686666666664
4881,407.14674666666724,407.14674666666724
4882,305.5181866666672,305.5181866666672
4883,313.1680266666667,313.1680266666667
4884,264.26488,264.26488
4885,278.4498400000005,278.4498400000005
4886,320.6331466666671,320.6331466666671
4887,295.6210666666672,295.6210666666672
4888,263.1442666666671,263.1442666666671
4889,285.7313866666672,285.7313866666672
4890,393.34957333333347,393.34957333333347
4891,1318.3947733333298,1318.3947733333298
4892,2488.1071999999936,2488.1071999999936
4893,3744.934320000002,3744.934320000002
4894,4257.123173333341,4257.123173333341
4895,4182.090880000005,4182.090880000005
4896,2247.1826133333298,2247.1826133333298
4897,48.50018666666668,48.50018666666668
4898,143.87535999999997,143.87535999999997
4899,218.1602666666669,218.1602666666669
4900,273.0339733333338,273.0339733333338
4901,406.11480000000034,406.11480000000034
4902,270.4540800000004,270.4540800000004
4903,339.10648000000066,339.10648000000066
4904,634.1105066666646,634.1105066666646
4905,523.9871199999995,523.9871199999995
4906,321.94416000000047,321.94416000000047
4907,318.7633066666667,318.7633066666667
4908,253.99805333333362,253.99805333333362
4909,147.7958933333335,147.7958933333335
4910,289.08594666666704,289.08594666666704
4911,193.33613333333378,193.33613333333378
4912,160.1149066666669,160.1149066666669
4913,214.24741333333378,214.24741333333378
4914,297.5224266666664,297.5224266666664
4915,1178.8194666666632,1178.8194666666632
4916,2942.231519999994,2942.231519999994
4917,3930.487120000005,3930.487120000005
4918,4870.90282666668,4870.90282666668
4919,3755.7140800000016,3755.7140800000016
4920,1719.9819999999968,1719.9819999999968
4921,96.09642666666673,96.09642666666673
4922,182.70010666666673,182.70010666666673
4923,290.95565333333343,290.95565333333343
4924,314.4733600000002,314.4733600000002
4925,302.5266133333338,302.5266133333338
4926,267.44533333333374,267.44533333333374
4927,422.9231466666663,422.9231466666663
4928,609.7160533333321,609.7160533333321
4929,504.68557333333297,504.68557333333297
4930,343.1962933333335,343.1962933333335
4931,203.0450400000003,203.0450400000003
4932,199.4981333333336,199.4981333333336
4933,250.82746666666722,250.82746666666722
4934,226.93613333333343,226.93613333333343
4935,194.83261333333346,194.83261333333346
4936,169.82064000000003,169.82064000000003
4937,199.12648000000002,199.12648000000002
4938,349.831333333334,349.831333333334
4939,1367.0122933333296,1367.0122933333296
4940,2922.569946666663,2922.569946666663
4941,3629.924240000002,3629.924240000002
4942,4448.182186666674,4448.182186666674
4943,3778.4692266666702,3778.4692266666702
4944,2027.035439999997,2027.035439999997
4945,82.65807999999991,82.65807999999991
4946,158.99309333333343,158.99309333333343
4947,215.73368000000016,215.73368000000016
4948,259.4111466666669,259.4111466666669
4949,266.5054666666672,266.5054666666672
4950,237.39490666666703,237.39490666666703
4951,274.81909333333374,274.81909333333374
4952,527.7530399999993,527.7530399999993
4953,498.12458666666646,498.12458666666646
4954,297.95205333333394,297.95205333333394
4955,302.15416,302.15416
4956,291.70224,291.70224
4957,286.8476533333334,286.8476533333334
4958,290.02082666666706,290.02082666666706
4959,317.45952000000034,317.45952000000034
4960,302.5291200000003,302.5291200000003
4961,332.76808000000017,332.76808000000017
4962,461.2182666666664,461.2182666666664
4963,1210.2157599999953,1210.2157599999953
4964,2235.8740266666623,2235.8740266666623
4965,3716.8756266666737,3716.8756266666737
4966,4250.144000000005,4250.144000000005
4967,4316.191573333336,4316.191573333336
4968,2186.8716266666643,2186.8716266666643
4969,51.86072000000001,51.86072000000001
4970,174.30240000000018,174.30240000000018
4971,279.3828266666672,279.3828266666672
4972,281.61925333333346,281.61925333333346
4973,241.11640000000034,241.11640000000034
4974,189.26085333333344,189.26085333333344
4975,310.3082400000007,310.3082400000007
4976,557.7745333333328,557.7745333333328
4977,380.5549333333338,380.5549333333338
4978,330.6099200000005,330.6099200000005
4979,300.6584000000003,300.6584000000003
4980,312.6038933333335,312.6038933333335
4981,235.70829333333378,235.70829333333378
4982,315.03368000000046,315.03368000000046
4983,345.0869866666671,345.0869866666671
4984,342.1003733333333,342.1003733333333
4985,336.3151733333339,336.3151733333339
4986,453.9603466666664,453.9603466666664
4987,1485.0456266666624,1485.0456266666624
4988,2578.5990666666594,2578.5990666666594
4989,4366.194053333341,4366.194053333341
4990,4415.814266666672,4415.814266666672
4991,3787.679466666669,3787.679466666669
4992,1954.8727733333299,1954.8727733333299
4993,43.08826666666667,43.08826666666667
4994,151.7140533333334,151.7140533333334
4995,258.66490666666704,258.66490666666704
4996,149.4754133333335,149.4754133333335
4997,170.19368,170.19368
4998,181.95965333333345,181.95965333333345
4999,364.62413333333393,364.62413333333393
5000,561.5635733333319,561.5635733333319
5001,582.9005866666657,582.9005866666657
5002,377.63501333333363,377.63501333333363
5003,333.1430666666669,333.1430666666669
5004,329.4048000000008,329.4048000000008
5005,312.7902400000002,312.7902400000002
5006,218.3478400000002,218.3478400000002
5007,214.05605333333344,214.05605333333344
5008,223.38768000000033,223.38768000000033
5009,407.4240000000004,407.4240000000004
5010,433.86493333333357,433.86493333333357
5011,1559.3670933333287,1559.3670933333287
5012,2626.9910933333285,2626.9910933333285
5013,4113.891786666675,4113.891786666675
5014,4518.714586666677,4518.714586666677
5015,3688.395866666669,3688.395866666669
5016,1573.5714133333304,1573.5714133333304
5017,91.24311999999993,91.24311999999993
5018,202.8585066666669,202.8585066666669
5019,265.94552000000033,265.94552000000033
5020,168.5129066666669,168.5129066666669
5021,179.71218666666707,179.71218666666707
5022,241.87354666666707,241.87354666666707
5023,391.50074666666706,391.50074666666706
5024,542.8989333333321,542.8989333333321
5025,536.8181866666654,536.8181866666654
5026,357.49130666666707,357.49130666666707
5027,324.9262666666669,324.9262666666669
5028,282.371706666667,282.371706666667
5029,257.54762666666704,257.54762666666704
5030,257.73213333333376,257.73213333333376
5031,297.48405333333363,297.48405333333363
5032,248.9571733333338,248.9571733333338
5033,241.1180000000005,241.1180000000005
5034,514.6812533333326,514.6812533333326
5035,1241.077013333329,1241.077013333329
5036,2484.130159999994,2484.130159999994
5037,3840.2928800000045,3840.2928800000045
5038,4807.229093333345,4807.229093333345
5039,4317.8508800000045,4317.8508800000045
5040,1853.226773333328,1853.226773333328
5041,83.21816000000001,83.21816000000001
5042,162.16792000000018,162.16792000000018
5043,205.84506666666704,205.84506666666704
5044,275.0884000000003,275.0884000000003
5045,284.97936000000067,284.97936000000067
5046,301.7302933333339,301.7302933333339
5047,454.77831999999984,454.77831999999984
5048,547.8855999999989,547.8855999999989
5049,468.82130666666654,468.82130666666654
5050,297.1244000000005,297.1244000000005
5051,201.17776000000035,201.17776000000035
5052,172.62224000000035,172.62224000000035
5053,289.46152000000035,289.46152000000035
5054,374.1991466666672,374.1991466666672
5055,353.85322666666707,353.85322666666707
5056,243.5457333333336,243.5457333333336
5057,221.3090666666669,221.3090666666669
5058,443.4971466666666,443.4971466666666
5059,758.4403999999989,758.4403999999989
5060,2060.678773333328,2060.678773333328
5061,3970.225466666676,3970.225466666676
5062,5100.84552000002,5100.84552000002
5063,4361.208880000005,4361.208880000005
5064,2162.85621333333,2162.85621333333
5065,87.88415999999997,87.88415999999997
5066,223.76362666666688,223.76362666666688
5067,264.82485333333375,264.82485333333375
5068,297.4886400000002,297.4886400000002
5069,223.57874666666692,223.57874666666692
5070,220.9682666666672,220.9682666666672
5071,340.3951466666674,340.3951466666674
5072,534.2582933333327,534.2582933333327
5073,499.88962666666623,499.88962666666623
5074,330.34405333333393,330.34405333333393
5075,337.61765333333375,337.61765333333375
5076,326.2311200000004,326.2311200000004
5077,260.1582400000004,260.1582400000004
5078,239.06850666666708,239.06850666666708
5079,289.83864000000034,289.83864000000034
5080,424.4136533333341,424.4136533333341
5081,368.2298133333335,368.2298133333335
5082,448.18250666666654,448.18250666666654
5083,1345.2558933333294,1345.2558933333294
5084,1871.1057333333265,1871.1057333333265
5085,3553.9422666666674,3553.9422666666674
5086,4982.516960000018,4982.516960000018
5087,3988.2379733333382,3988.2379733333382
5088,1879.2000533333296,1879.2000533333296
5089,65.48709333333329,65.48709333333329
5090,224.51112000000018,224.51112000000018
5091,367.1129866666669,367.1129866666669
5092,349.9396533333331,349.9396533333331
5093,309.4365333333335,309.4365333333335
5094,306.88090666666704,306.88090666666704
5095,446.16541333333385,446.16541333333385
5096,557.0040000000005,557.0040000000005
5097,423.5237333333331,423.5237333333331
5098,329.22496000000035,329.22496000000035
5099,307.19829333333394,307.19829333333394
5100,321.94178666666704,321.94178666666704
5101,272.8527200000003,272.8527200000003
5102,207.89992000000018,207.89992000000018
5103,205.09933333333345,205.09933333333345
5104,245.2290933333336,245.2290933333336
5105,308.8766133333336,308.8766133333336
5106,440.62807999999933,440.62807999999933
5107,1461.8154666666615,1461.8154666666615
5108,2694.2669333333283,2694.2669333333283
5109,3966.8194666666786,3966.8194666666786
5110,4172.946613333341,4172.946613333341
5111,3821.9443733333364,3821.9443733333364
5112,2009.962639999997,2009.962639999997
5113,64.73904000000002,64.73904000000002
5114,316.1561333333339,316.1561333333339
5115,341.35429333333394,341.35429333333394
5116,269.4922933333339,269.4922933333339
5117,228.24296000000032,228.24296000000032
5118,158.78709333333376,158.78709333333376
5119,254.37730666666704,254.37730666666704
5120,613.4509333333324,613.4509333333324
5121,476.07666666666677,476.07666666666677
5122,307.04202666666737,307.04202666666737
5123,290.9560533333336,290.9560533333336
5124,271.5452266666669,271.5452266666669
5125,245.0406400000005,245.0406400000005
5126,290.77101333333394,290.77101333333394
5127,302.90208000000035,302.90208000000035
5128,273.97064000000034,273.97064000000034
5129,317.5395466666671,317.5395466666671
5130,400.5836,400.5836
5131,1158.8296533333303,1158.8296533333303
5132,2090.2237333333296,2090.2237333333296
5133,4041.847333333338,4041.847333333338
5134,4703.809386666675,4703.809386666675
5135,3829.7349066666657,3829.7349066666657
5136,2334.6908533333294,2334.6908533333294
5137,104.68343999999996,104.68343999999996
5138,139.77346666666682,139.77346666666682
5139,319.32848000000064,319.32848000000064
5140,349.9375466666669,349.9375466666669
5141,314.2891466666674,314.2891466666674
5142,247.26101333333392,247.26101333333392
5143,349.90896000000066,349.90896000000066
5144,556.97696,556.97696
5145,426.34474666666705,426.34474666666705
5146,194.03269333333378,194.03269333333378
5147,270.9850933333339,270.9850933333339
5148,338.17661333333314,338.17661333333314
5149,318.20522666666693,318.20522666666693
5150,312.41992000000033,312.41992000000033
5151,288.7138933333335,288.7138933333335
5152,292.82208000000014,292.82208000000014
5153,281.0659200000002,281.0659200000002
5154,373.20658666666657,373.20658666666657
5155,1271.359599999996,1271.359599999996
5156,2351.5409333333264,2351.5409333333264
5157,4149.684400000012,4149.684400000012
5158,4475.869253333342,4475.869253333342
5159,3515.9251466666656,3515.9251466666656
5160,1818.2641866666627,1818.2641866666627
5161,108.03832000000007,108.03832000000007
5162,180.83322666666675,180.83322666666675
5163,224.69602666666708,224.69602666666708
5164,241.11917333333378,241.11917333333378
5165,232.15997333333362,232.15997333333362
5166,248.19282666666706,248.19282666666706
5167,384.0154933333335,384.0154933333335
5168,575.0523999999992,575.0523999999992
5169,409.76202666666643,409.76202666666643
5170,212.73317333333364,212.73317333333364
5171,248.95834666666707,248.95834666666707
5172,276.95773333333346,276.95773333333346
5173,280.31834666666674,280.31834666666674
5174,307.94477333333396,307.94477333333396
5175,283.86733333333376,283.86733333333376
5176,346.5790133333333,346.5790133333333
5177,223.39050666666705,223.39050666666705
5178,470.81597333333315,470.81597333333315
5179,1186.3467733333296,1186.3467733333296
5180,2216.578639999994,2216.578639999994
5181,3790.0145600000087,3790.0145600000087
5182,4787.945920000013,4787.945920000013
5183,4080.174693333338,4080.174693333338
5184,2015.3743733333313,2015.3743733333313
5185,69.40578666666661,69.40578666666661
5186,233.84288000000015,233.84288000000015
5187,331.08693333333326,331.08693333333326
5188,322.49856000000034,322.49856000000034
5189,195.7626933333336,195.7626933333336
5190,221.7387466666667,221.7387466666667
5191,452.0178133333336,452.0178133333336
5192,572.7624799999987,572.7624799999987
5193,453.5924,453.5924
5194,233.12992000000065,233.12992000000065
5195,264.4519200000005,264.4519200000005
5196,260.71901333333375,260.71901333333375
5197,262.02690666666706,262.02690666666706
5198,232.34653333333358,232.34653333333358
5199,223.01581333333377,223.01581333333377
5200,263.8908533333338,263.8908533333338
5201,317.8344800000005,317.8344800000005
5202,331.2515733333338,331.2515733333338
5203,883.7924266666638,883.7924266666638
5204,2512.932693333328,2512.932693333328
5205,4171.846426666675,4171.846426666675
5206,4876.335760000012,4876.335760000012
5207,3459.162693333335,3459.162693333335
5208,1776.0927466666626,1776.0927466666626
5209,103.74794666666669,103.74794666666669
5210,250.63816000000034,250.63816000000034
5211,311.48794666666686,311.48794666666686
5212,266.3191733333335,266.3191733333335
5213,262.0260800000003,262.0260800000003
5214,202.46576000000016,202.46576000000016
5215,256.16122666666706,256.16122666666706
5216,490.7676799999997,490.7676799999997
5217,414.9652266666671,414.9652266666671
5218,345.60034666666706,345.60034666666706
5219,343.77864,343.77864
5220,283.67656000000034,283.67656000000034
5221,221.5217333333336,221.5217333333336
5222,323.24632000000065,323.24632000000065
5223,323.2442933333338,323.2442933333338
5224,291.13984000000045,291.13984000000045
5225,192.96352000000002,192.96352000000002
5226,330.8847466666666,330.8847466666666
5227,1161.6777599999969,1161.6777599999969
5228,2285.675839999994,2285.675839999994
5229,3943.093973333336,3943.093973333336
5230,5055.301973333348,5055.301973333348
5231,3937.6163466666676,3937.6163466666676
5232,1887.2245066666642,1887.2245066666642
5233,117.18690666666674,117.18690666666674
5234,181.5778933333336,181.5778933333336
5235,222.45397333333347,222.45397333333347
5236,265.7590400000005,265.7590400000005
5237,259.7873600000003,259.7873600000003
5238,255.84656000000018,255.84656000000018
5239,293.78069333333394,293.78069333333394
5240,484.9810133333333,484.9810133333333
5241,473.3289066666663,473.3289066666663
5242,281.62744000000066,281.62744000000066
5243,221.5218933333336,221.5218933333336
5244,300.28837333333394,300.28837333333394
5245,293.56832000000065,293.56832000000065
5246,248.40154666666692,248.40154666666692
5247,317.8332266666671,317.8332266666671
5248,350.6820800000005,350.6820800000005
5249,340.4162133333335,340.4162133333335
5250,394.10456,394.10456
5251,1151.1106133333294,1151.1106133333294
5252,2586.3778666666626,2586.3778666666626
5253,3808.895360000003,3808.895360000003
5254,4463.039573333339,4463.039573333339
5255,3894.8215466666693,3894.8215466666693
5256,2063.0363733333297,2063.0363733333297
5257,134.54794666666675,134.54794666666675
5258,224.69602666666708,224.69602666666708
5259,298.04821333333393,298.04821333333393
5260,342.28189333333364,342.28189333333364
5261,264.26274666666706,264.26274666666706
5262,188.11714666666705,188.11714666666705
5263,365.4572000000005,365.4572000000005
5264,633.1821066666655,633.1821066666655
5265,487.7238666666667,487.7238666666667
5266,261.51757333333376,261.51757333333376
5267,276.21128000000016,276.21128000000016
5268,321.00904000000014,321.00904000000014
5269,312.419706666667,312.419706666667
5270,303.837466666667,303.837466666667
5271,288.9051200000005,288.9051200000005
5272,267.2542933333339,267.2542933333339
5273,302.90578666666687,302.90578666666687
5274,327.83245333333366,327.83245333333366
5275,1017.0261866666635,1017.0261866666635
5276,2828.033919999994,2828.033919999994
5277,4005.4776533333425,4005.4776533333425
5278,4767.040106666682,4767.040106666682
5279,3891.30050666667,3891.30050666667
5280,1756.3117599999969,1756.3117599999969
5281,116.06858666666665,116.06858666666665
5282,214.24386666666675,214.24386666666675
5283,271.9185333333334,271.9185333333334
5284,315.03552000000036,315.03552000000036
5285,342.4724000000007,342.4724000000007
5286,332.44992,332.44992
5287,286.3362666666672,286.3362666666672
5288,529.72608,529.72608
5289,586.2194933333324,586.2194933333324
5290,379.6689333333335,379.6689333333335
5291,298.4229866666672,298.4229866666672
5292,271.7327466666669,271.7327466666669
5293,383.53496000000086,383.53496000000086
5294,304.0205600000005,304.0205600000005
5295,197.44557333333344,197.44557333333344
5296,221.15162666666671,221.15162666666671
5297,249.33536,249.33536
5298,295.2319200000005,295.2319200000005
5299,1168.0101066666628,1168.0101066666628
5300,2695.014346666661,2695.014346666661
5301,3442.316639999997,3442.316639999997
5302,4904.951786666675,4904.951786666675
5303,3841.7840800000013,3841.7840800000013
5304,1910.082426666661,1910.082426666661
5305,70.33906666666665,70.33906666666665
5306,117.74503999999986,117.74503999999986
5307,215.7332533333336,215.7332533333336
5308,193.33706666666706,193.33706666666706
5309,253.43722666666724,253.43722666666724
5310,294.8291200000005,294.8291200000005
5311,429.1893333333335,429.1893333333335
5312,574.282933333333,574.282933333333
5313,471.78367999999983,471.78367999999983
5314,243.39856000000066,243.39856000000066
5315,237.7588800000002,237.7588800000002
5316,337.057653333334,337.057653333334
5317,413.0246400000005,413.0246400000005
5318,322.8743200000005,322.8743200000005
5319,267.4383466666672,267.4383466666672
5320,255.49432000000016,255.49432000000016
5321,274.15805333333344,274.15805333333344
5322,367.4314933333335,367.4314933333335
5323,1038.8514133333294,1038.8514133333294
5324,2463.5834933333263,2463.5834933333263
5325,4138.67213333334,4138.67213333334
5326,4294.510666666675,4294.510666666675
5327,4048.6651466666735,4048.6651466666735
5328,2027.0153866666624,2027.0153866666624
5329,103.75141333333336,103.75141333333336
5330,204.35477333333347,204.35477333333347
5331,274.71882666666687,274.71882666666687
5332,256.42650666666685,256.42650666666685
5333,265.3821866666669,265.3821866666669
5334,327.7282400000005,327.7282400000005
5335,353.1815466666669,353.1815466666669
5336,557.6696799999994,557.6696799999994
5337,501.9111199999994,501.9111199999994
5338,397.3236800000005,397.3236800000005
5339,299.9157866666672,299.9157866666672
5340,236.45589333333362,236.45589333333362
5341,308.6888266666669,308.6888266666669
5342,328.2862933333338,328.2862933333338
5343,285.1717066666666,285.1717066666666
5344,203.60557333333347,203.60557333333347
5345,180.83602666666673,180.83602666666673
5346,379.200293333333,379.200293333333
5347,1304.0848799999958,1304.0848799999958
5348,2599.079173333328,2599.079173333328
5349,3982.5735733333395,3982.5735733333395
5350,4698.231600000009,4698.231600000009
5351,3488.4611733333377,3488.4611733333377
5352,1842.3274133333298,1842.3274133333298
5353,74.44384,74.44384
5354,211.0679466666669,211.0679466666669
5355,197.25568,197.25568
5356,209.38549333333344,209.38549333333344
5357,267.4323466666669,267.4323466666669
5358,217.60480000000018,217.60480000000018
5359,341.5280533333333,341.5280533333333
5360,641.2883466666647,641.2883466666647
5361,604.9220266666655,604.9220266666655
5362,381.19768000000033,381.19768000000033
5363,283.11733333333376,283.11733333333376
5364,246.1621600000002,246.1621600000002
5365,242.05648000000033,242.05648000000033
5366,186.06189333333361,186.06189333333361
5367,257.73056000000014,257.73056000000014
5368,283.67480000000046,283.67480000000046
5369,217.22965333333377,217.22965333333377
5370,290.22578666666686,290.22578666666686
5371,979.266159999997,979.266159999997
5372,2361.552026666664,2361.552026666664
5373,4111.051200000012,4111.051200000012
5374,5438.460933333347,5438.460933333347
5375,3631.760426666666,3631.760426666666
5376,2173.515279999997,2173.515279999997
5377,81.91109333333321,81.91109333333321
5378,215.92448000000033,215.92448000000033
5379,344.34016000000037,344.34016000000037
5380,270.98642666666706,270.98642666666706
5381,275.2773333333336,275.2773333333336
5382,333.8895466666669,333.8895466666669
5383,465.7462666666661,465.7462666666661
5384,618.652053333332,618.652053333332
5385,469.4610933333333,469.4610933333333
5386,316.50650666666706,316.50650666666706
5387,277.8876266666669,277.8876266666669
5388,280.6877333333334,280.6877333333334
5389,269.8620800000005,269.8620800000005
5390,211.81408000000033,211.81408000000033
5391,180.08552000000032,180.08552000000032
5392,162.16674666666688,162.16674666666688
5393,218.72136000000035,218.72136000000035
5394,456.5061333333333,456.5061333333333
5395,1171.8076799999965,1171.8076799999965
5396,2622.7606133333265,2622.7606133333265
5397,4294.756426666676,4294.756426666676
5398,4552.105546666677,4552.105546666677
5399,3377.76064,3377.76064
5400,2023.0090666666642,2023.0090666666642
5401,119.05320000000005,119.05320000000005
5402,259.03957333333364,259.03957333333364
5403,267.99693333333374,267.99693333333374
5404,332.76941333333394,332.76941333333394
5405,341.7295200000003,341.7295200000003
5406,252.1933066666672,252.1933066666672
5407,325.56693333333396,325.56693333333396
5408,464.9299733333328,464.9299733333328
5409,462.1559999999999,462.1559999999999
5410,261.4768266666671,261.4768266666671
5411,192.96405333333345,192.96405333333345
5412,178.77952000000016,178.77952000000016
5413,180.6478133333333,180.6478133333333
5414,241.30880000000016,241.30880000000016
5415,243.17528000000016,243.17528000000016
5416,293.3842133333336,293.3842133333336
5417,249.51957333333394,249.51957333333394
5418,447.6352266666664,447.6352266666664
5419,1549.8314133333292,1549.8314133333292
5420,2419.7623999999955,2419.7623999999955
5421,4074.246026666677,4074.246026666677
5422,4182.958293333343,4182.958293333343
5423,3993.0266933333364,3993.0266933333364
5424,2164.538826666664,2164.538826666664
5425,63.4334133333333,63.4334133333333
5426,132.4926933333333,132.4926933333333
5427,160.4887733333336,160.4887733333336
5428,229.54768000000033,229.54768000000033
5429,237.3865866666669,237.3865866666669
5430,232.91378666666688,232.91378666666688
5431,387.213386666667,387.213386666667
5432,572.7618666666659,572.7618666666659
5433,513.6720799999994,513.6720799999994
5434,353.67680000000036,353.67680000000036
5435,269.493466666667,269.493466666667
5436,305.7024800000003,305.7024800000003
5437,354.9774933333336,354.9774933333336
5438,246.90930666666688,246.90930666666688
5439,256.4286133333341,256.4286133333341
5440,214.05816000000033,214.05816000000033
5441,322.68888000000015,322.68888000000015
5442,582.753599999999,582.753599999999
5443,1228.8637599999956,1228.8637599999956
5444,2467.1918133333265,2467.1918133333265
5445,3889.308266666669,3889.308266666669
5446,5094.032933333349,5094.032933333349
5447,3773.1455200000037,3773.1455200000037
5448,1754.801226666664,1754.801226666664
5449,68.65968000000005,68.65968000000005
5450,156.0113333333334,156.0113333333334
5451,295.24944000000033,295.24944000000033
5452,327.1646400000005,327.1646400000005
5453,365.8037333333339,365.8037333333339
5454,271.71117333333393,271.71117333333393
5455,383.2965600000002,383.2965600000002
5456,544.8681866666666,544.8681866666666
5457,437.9132266666662,437.9132266666662
5458,284.0828266666671,284.0828266666671
5459,219.65416000000016,219.65416000000016
5460,252.87613333333343,252.87613333333343
5461,272.4746133333336,272.4746133333336
5462,289.45912000000015,289.45912000000015
5463,280.8709866666669,280.8709866666669
5464,236.26650666666706,236.26650666666706
5465,238.87941333333362,238.87941333333362
5466,383.9413066666666,383.9413066666666
5467,1190.0618933333294,1190.0618933333294
5468,2729.0619733333265,2729.0619733333265
5469,4124.0958933333395,4124.0958933333395
5470,4340.702693333341,4340.702693333341
5471,3461.4952800000015,3461.4952800000015
5472,1923.869493333331,1923.869493333331
5473,66.04565333333338,66.04565333333338
5474,226.56368000000035,226.56368000000035
5475,207.7115733333336,207.7115733333336
5476,238.32386666666673,238.32386666666673
5477,251.2032000000005,251.2032000000005
5478,290.1103733333336,290.1103733333336
5479,497.92039999999974,497.92039999999974
5480,464.6358400000002,464.6358400000002
5481,478.79629333333315,478.79629333333315
5482,432.55101333333363,432.55101333333363
5483,346.2017066666672,346.2017066666672
5484,380.7356533333332,380.7356533333332
5485,302.1536000000003,302.1536000000003
5486,193.52477333333346,193.52477333333346
5487,195.5786666666669,195.5786666666669
5488,295.251546666667,295.251546666667
5489,265.7611200000005,265.7611200000005
5490,346.5122666666664,346.5122666666664
5491,1274.2271466666634,1274.2271466666634
5492,2233.7790399999935,2233.7790399999935
5493,4194.46085333334,4194.46085333334
5494,4749.567546666679,4749.567546666679
5495,3830.453386666666,3830.453386666666
5496,1880.128746666664,1880.128746666664
5497,72.01882666666666,72.01882666666666
5498,174.48760000000033,174.48760000000033
5499,219.28202666666704,219.28202666666704
5500,314.2881066666674,314.2881066666674
5501,364.12365333333395,364.12365333333395
5502,374.71813333333364,374.71813333333364
5503,416.84186666666704,416.84186666666704
5504,570.6830133333327,570.6830133333327
5505,566.6006399999995,566.6006399999995
5506,340.90042666666704,340.90042666666704
5507,279.75808000000035,279.75808000000035
5508,196.13893333333363,196.13893333333363
5509,172.99410666666705,172.99410666666705
5510,188.48400000000032,188.48400000000032
5511,215.73538666666656,215.73538666666656
5512,216.6683200000002,216.6683200000002
5513,247.84173333333362,247.84173333333362
5514,457.77634666666654,457.77634666666654
5515,978.3899199999975,978.3899199999975
5516,2134.743999999994,2134.743999999994
5517,4122.358693333341,4122.358693333341
5518,5166.021440000015,5166.021440000015
5519,3837.3557866666692,3837.3557866666692
5520,1654.4557866666623,1654.4557866666623
5521,100.76205333333343,100.76205333333343
5522,226.00242666666688,226.00242666666688
5523,334.63080000000036,334.63080000000036
5524,263.33232000000015,263.33232000000015
5525,185.87290666666672,185.87290666666672
5526,222.08917333333375,222.08917333333375
5527,374.1465866666671,374.1465866666671
5528,651.4759466666658,651.4759466666658
5529,505.67287999999985,505.67287999999985
5530,372.0715733333338,372.0715733333338
5531,326.41600000000034,326.41600000000034
5532,316.15058666666687,316.15058666666687
5533,242.4275733333336,242.4275733333336
5534,266.5043733333338,266.5043733333338
5535,263.7030133333336,263.7030133333336
5536,281.6211200000005,281.6211200000005
5537,289.83794666666705,289.83794666666705
5538,365.1196000000005,365.1196000000005
5539,1289.126639999996,1289.126639999996
5540,2371.638399999994,2371.638399999994
5541,3503.8365066666647,3503.8365066666647
5542,3793.243146666671,3793.243146666671
5543,3920.5866133333375,3920.5866133333375
5544,2307.847813333328,2307.847813333328
5545,86.94968000000001,86.94968000000001
5546,195.39010666666707,195.39010666666707
5547,259.78466666666685,259.78466666666685
5548,296.36962666666705,296.36962666666705
5549,235.8938933333336,235.8938933333336
5550,355.3520266666669,355.3520266666669
5551,523.5931466666663,523.5931466666663
5552,665.2079999999986,665.2079999999986
5553,487.06226666666646,487.06226666666646
5554,310.00136000000066,310.00136000000066
5555,226.56066666666703,226.56066666666703
5556,312.6066933333336,312.6066933333336
5557,336.31253333333376,336.31253333333376
5558,331.64442666666656,331.64442666666656
5559,292.44866666666724,292.44866666666724
5560,312.0504533333338,312.0504533333338
5561,306.63706666666735,306.63706666666735
5562,346.1406399999997,346.1406399999997
5563,846.066506666663,846.066506666663
5564,2596.038906666661,2596.038906666661
5565,3681.068533333338,3681.068533333338
5566,4710.541600000013,4710.541600000013
5567,4152.601733333339,4152.601733333339
5568,1672.019946666664,1672.019946666664
5569,53.91413333333324,53.91413333333324
5570,106.17418666666669,106.17418666666669
5571,199.8749600000002,199.8749600000002
5572,274.34488000000033,274.34488000000033
5573,371.4010133333341,371.4010133333341
5574,305.8930933333339,305.8930933333339
5575,429.7163200000002,429.7163200000002
5576,574.2555466666662,574.2555466666662
5577,473.75237333333365,473.75237333333365
5578,272.7300000000005,272.7300000000005
5579,238.88224000000014,238.88224000000014
5580,233.0932266666669,233.0932266666669
5581,220.96000000000032,220.96000000000032
5582,232.72162666666705,232.72162666666705
5583,191.28458666666705,191.28458666666705
5584,220.40016000000034,220.40016000000034
5585,275.46381333333375,275.46381333333375
5586,436.86615999999987,436.86615999999987
5587,1217.914639999997,1217.914639999997
5588,2249.289066666661,2249.289066666661
5589,3797.1172,3797.1172
5590,4453.318773333341,4453.318773333341
5591,3985.291200000005,3985.291200000005
5592,2246.1549866666624,2246.1549866666624
5593,94.60346666666665,94.60346666666665
5594,161.7939466666669,161.7939466666669
5595,272.8466666666669,272.8466666666669
5596,270.9784266666669,270.9784266666669
5597,255.8612800000003,255.8612800000003
5598,170.7833066666669,170.7833066666669
5599,281.1122933333339,281.1122933333339
5600,466.2158133333339,466.2158133333339
5601,440.72285333333394,440.72285333333394
5602,299.6042133333339,299.6042133333339
5603,285.3529866666674,285.3529866666674
5604,320.25736000000035,320.25736000000035
5605,281.99314666666686,281.99314666666686
5606,315.59072000000015,315.59072000000015
5607,285.72954666666686,285.72954666666686
5608,290.20765333333344,290.20765333333344
5609,223.20264000000003,223.20264000000003
5610,449.94615999999934,449.94615999999934
5611,1324.0094133333287,1324.0094133333287
5612,2607.6892799999937,2607.6892799999937
5613,3913.7868000000035,3913.7868000000035
5614,4421.263466666675,4421.263466666675
5615,3854.2082666666693,3854.2082666666693
5616,1908.661466666664,1908.661466666664
5617,113.82797333333329,113.82797333333329
5618,203.04586666666688,203.04586666666688
5619,320.82170666666707,320.82170666666707
5620,337.61909333333347,337.61909333333347
5621,275.46469333333374,275.46469333333374
5622,215.31592000000015,215.31592000000015
5623,342.3847466666669,342.3847466666669
5624,576.0141866666654,576.0141866666654
5625,559.6711466666661,559.6711466666661
5626,403.83861333333346,403.83861333333346
5627,284.23757333333396,284.23757333333396
5628,276.2120533333335,276.2120533333335
5629,235.5235466666667,235.5235466666667
5630,256.2433333333336,256.2433333333336
5631,356.4756800000002,356.4756800000002
5632,301.60002666666753,301.60002666666753
5633,273.0408533333336,273.0408533333336
5634,339.89378666666704,339.89378666666704
5635,1142.7511999999967,1142.7511999999967
5636,2398.403946666661,2398.403946666661
5637,4348.3273333333445,4348.3273333333445
5638,4707.092453333347,4707.092453333347
5639,3838.4747200000065,3838.4747200000065
5640,1821.648639999997,1821.648639999997
5641,108.04314666666671,108.04314666666671
5642,248.77424000000033,248.77424000000033
5643,357.58637333333394,357.58637333333394
5644,304.95282666666725,304.95282666666725
5645,254.93122666666704,254.93122666666704
5646,211.79674666666676,211.79674666666676
5647,323.80290666666707,323.80290666666707
5648,504.8718933333331,504.8718933333331
5649,497.271013333333,497.271013333333
5650,345.12469333333377,345.12469333333377
5651,319.3270933333336,319.3270933333336
5652,323.6192266666671,323.6192266666671
5653,250.26813333333376,250.26813333333376
5654,281.6269333333336,281.6269333333336
5655,284.4232800000005,284.4232800000005
5656,242.0548266666669,242.0548266666669
5657,205.0975733333338,205.0975733333338
5658,386.02136,386.02136
5659,1055.5901333333309,1055.5901333333309
5660,2703.5276799999956,2703.5276799999956
5661,4368.966666666675,4368.966666666675
5662,4637.204213333351,4637.204213333351
5663,3590.8129333333363,3590.8129333333363
5664,2168.429946666664,2168.429946666664
5665,88.44349333333336,88.44349333333336
5666,212.93770666666688,212.93770666666688
5667,233.84224000000032,233.84224000000032
5668,334.82090666666676,334.82090666666676
5669,369.7253333333336,369.7253333333336
5670,309.87141333333375,309.87141333333375
5671,453.8198399999999,453.8198399999999
5672,546.4451466666661,546.4451466666661
5673,398.0255733333338,398.0255733333338
5674,303.1728000000007,303.1728000000007
5675,298.9781333333333,298.9781333333333
5676,299.91080000000005,299.91080000000005
5677,211.8170400000002,211.8170400000002
5678,201.92384000000015,201.92384000000015
5679,202.85528000000033,202.85528000000033
5680,198.00408000000016,198.00408000000016
5681,300.8504000000003,300.8504000000003
5682,368.82026666666724,368.82026666666724
5683,1190.1661866666634,1190.1661866666634
5684,2476.979973333328,2476.979973333328
5685,4111.283226666674,4111.283226666674
5686,5436.731226666684,5436.731226666684
5687,3261.951146666666,3261.951146666666
5688,1660.349786666664,1660.349786666664
5689,33.57045333333336,33.57045333333336
5690,164.03698666666688,164.03698666666688
5691,243.54776000000004,243.54776000000004
5692,228.05493333333345,228.05493333333345
5693,237.0133866666672,237.0133866666672
5694,201.47648000000015,201.47648000000015
5695,404.41082666666694,404.41082666666694
5696,464.48093333333327,464.48093333333327
5697,373.4019466666677,373.4019466666677
5698,247.11266666666702,247.11266666666702
5699,221.70968000000016,221.70968000000016
5700,246.5304266666669,246.5304266666669
5701,337.8009600000005,337.8009600000005
5702,298.79045333333363,298.79045333333363
5703,251.19608000000017,251.19608000000017
5704,256.9840266666672,256.9840266666672
5705,231.04037333333378,231.04037333333378
5706,476.5257333333335,476.5257333333335
5707,1198.0083999999974,1198.0083999999974
5708,2705.493093333328,2705.493093333328
5709,4351.814106666675,4351.814106666675
5710,4081.5849600000097,4081.5849600000097
5711,3942.20194666667,3942.20194666667
5712,2238.443466666664,2238.443466666664
5713,60.073279999999954,60.073279999999954
5714,153.21128000000004,153.21128000000004
5715,172.81024000000002,172.81024000000002
5716,270.05610666666706,270.05610666666706
5717,322.5044533333338,322.5044533333338
5718,303.8685600000003,303.8685600000003
5719,374.7041866666669,374.7041866666669
5720,554.8417866666656,554.8417866666656
5721,400.0046133333338,400.0046133333338
5722,243.49573333333376,243.49573333333376
5723,251.9408533333338,251.9408533333338
5724,242.42266666666688,242.42266666666688
5725,217.97192,217.97192
5726,234.58338666666688,234.58338666666688
5727,304.95181333333363,304.95181333333363
5728,363.56304000000034,363.56304000000034
5729,369.72256000000084,369.72256000000084
5730,535.764906666666,535.764906666666
5731,1332.3419999999962,1332.3419999999962
5732,2308.8293599999956,2308.8293599999956
5733,3438.9941866666654,3438.9941866666654
5734,4488.87968000001,4488.87968000001
5735,4281.327386666675,4281.327386666675
5736,1965.8331999999953,1965.8331999999953
5737,100.20213333333322,100.20213333333322
5738,166.2739466666669,166.2739466666669
5739,247.09730666666675,247.09730666666675
5740,326.05032000000017,326.05032000000017
5741,303.65029333333376,303.65029333333376
5742,321.76453333333365,321.76453333333365
5743,442.3358400000002,442.3358400000002
5744,748.4015999999979,748.4015999999979
5745,623.210586666665,623.210586666665
5746,311.63272000000035,311.63272000000035
5747,306.6379200000003,306.6379200000003
5748,274.34784000000053,274.34784000000053
5749,302.90549333333394,302.90549333333394
5750,236.82744000000037,236.82744000000037
5751,310.92626666666706,310.92626666666706
5752,300.2880800000003,300.2880800000003
5753,251.94786666666676,251.94786666666676
5754,312.8816533333333,312.8816533333333
5755,1036.6118933333305,1036.6118933333305
5756,2411.268426666661,2411.268426666661
5757,4335.071413333342,4335.071413333342
5758,4635.36136000001,4635.36136000001
5759,3672.899226666668,3672.899226666668
5760,1925.3302933333298,1925.3302933333298
5761,140.51888000000014,140.51888000000014
5762,326.7924800000007,326.7924800000007
5763,354.9765066666674,354.9765066666674
5764,260.71797333333376,260.71797333333376
5765,205.6585066666667,205.6585066666667
5766,279.0999200000005,279.0999200000005
5767,538.8512,538.8512
5768,712.9343199999983,712.9343199999983
5769,562.379013333333,562.379013333333
5770,283.4395466666669,283.4395466666669
5771,264.4545066666667,264.4545066666667
5772,301.0366400000003,301.0366400000003
5773,235.5206666666672,235.5206666666672
5774,222.0806933333336,222.0806933333336
5775,185.31160000000034,185.31160000000034
5776,246.15968000000032,246.15968000000032
5777,318.9506400000007,318.9506400000007
5778,479.8005866666663,479.8005866666663
5779,1163.727226666662,1163.727226666662
5780,2729.4514933333267,2729.4514933333267
5781,3963.466133333336,3963.466133333336
5782,4563.74442666668,4563.74442666668
5783,3453.2631466666676,3453.2631466666676
5784,1772.8763466666642,1772.8763466666642
5785,63.43207999999991,63.43207999999991
5786,167.2090133333338,167.2090133333338
5787,224.32050666666706,224.32050666666706
5788,295.06032000000033,295.06032000000033
5789,262.5829866666672,262.5829866666672
5790,269.52386666666706,269.52386666666706
5791,432.12631999999985,432.12631999999985
5792,545.0581866666665,545.0581866666665
5793,396.0324266666671,396.0324266666671
5794,236.51418666666675,236.51418666666675
5795,177.28824,177.28824
5796,237.0164800000005,237.0164800000005
5797,234.77506666666704,234.77506666666704
5798,258.10669333333357,258.10669333333357
5799,276.95781333333395,276.95781333333395
5800,248.02536000000052,248.02536000000052
5801,335.5634400000005,335.5634400000005
5802,413.22232000000014,413.22232000000014
5803,1100.3289866666637,1100.3289866666637
5804,2764.6170933333283,2764.6170933333283
5805,4040.696586666677,4040.696586666677
5806,4194.012240000008,4194.012240000008
5807,4063.932453333338,4063.932453333338
5808,2127.861599999997,2127.861599999997
5809,63.433200000000014,63.433200000000014
5810,164.78160000000034,164.78160000000034
5811,262.5862133333336,262.5862133333336
5812,341.7271466666669,341.7271466666669
5813,334.26269333333335,334.26269333333335
5814,365.1437600000005,365.1437600000005
5815,510.95224,510.95224
5816,598.3302133333326,598.3302133333326
5817,493.4588533333326,493.4588533333326
5818,308.02389333333394,308.02389333333394
5819,217.78757333333363,217.78757333333363
5820,253.0634400000005,253.0634400000005
5821,247.65224000000032,247.65224000000032
5822,226.3715466666669,226.3715466666669
5823,210.50805333333344,210.50805333333344
5824,243.17402666666703,243.17402666666703
5825,258.47922666666705,258.47922666666705
5826,430.14954666666694,430.14954666666694
5827,878.6768266666639,878.6768266666639
5828,2695.5617066666628,2695.5617066666628
5829,4178.640826666677,4178.640826666677
5830,4342.85456000001,4342.85456000001
5831,3630.159520000002,3630.159520000002
5832,1943.9963466666625,1943.9963466666625
5833,27.409920000000064,27.409920000000064
5834,76.12455999999996,76.12455999999996
5835,197.8181066666669,197.8181066666669
5836,306.63538666666676,306.63538666666676
5837,350.3090400000005,350.3090400000005
5838,392.70957333333376,392.70957333333376
5839,467.1498666666666,467.1498666666666
5840,540.9759999999991,540.9759999999991
5841,518.0186133333328,518.0186133333328
5842,340.0262666666671,340.0262666666671
5843,216.67077333333378,216.67077333333378
5844,212.00282666666692,212.00282666666692
5845,275.64693333333344,275.64693333333344
5846,263.3319200000005,263.3319200000005
5847,292.07816000000065,292.07816000000065
5848,435.43165333333303,435.43165333333303
5849,414.71442666666655,414.71442666666655
5850,477.3529599999997,477.3529599999997
5851,1640.6483199999952,1640.6483199999952
5852,2626.789226666661,2626.789226666661
5853,4275.615786666674,4275.615786666674
5854,4592.368720000009,4592.368720000009
5855,3007.5237866666675,3007.5237866666675
5856,1164.4853866666642,1164.4853866666642
5857,116.43872000000006,116.43872000000006
5858,215.92149333333379,215.92149333333379
5859,296.3669333333334,296.3669333333334
5860,252.69138666666723,252.69138666666723
5861,222.08240000000015,222.08240000000015
5862,255.6846933333336,255.6846933333336
5863,333.9685600000005,333.9685600000005
5864,509.4612533333335,509.4612533333335
5865,515.7796533333321,515.7796533333321
5866,351.2209333333336,351.2209333333336
5867,295.8101066666669,295.8101066666669
5868,323.8071200000006,323.8071200000006
5869,339.2975466666669,339.2975466666669
5870,252.50690666666688,252.50690666666688
5871,216.2993333333336,216.2993333333336
5872,252.51248000000047,252.51248000000047
5873,268.00248000000033,268.00248000000033
5874,503.7822133333327,503.7822133333327
5875,1283.7096266666613,1283.7096266666613
5876,2552.470559999995,2552.470559999995
5877,3970.05514666667,3970.05514666667
5878,4286.491173333339,4286.491173333339
5879,3143.6670133333314,3143.6670133333314
5880,1353.468799999997,1353.468799999997
5881,45.70162666666661,45.70162666666661
5882,199.49946666666688,199.49946666666688
5883,214.98925333333347,214.98925333333347
5884,305.6994133333336,305.6994133333336
5885,263.1399466666669,263.1399466666669
5886,264.05626666666706,264.05626666666706
5887,305.1118133333343,305.1118133333343
5888,559.6141066666659,559.6141066666659
5889,505.25143999999955,505.25143999999955
5890,405.1726933333333,405.1726933333333
5891,413.401120000001,413.401120000001
5892,371.77397333333374,371.77397333333374
5893,231.6022666666669,231.6022666666669
5894,212.1923466666669,212.1923466666669
5895,332.0258133333338,332.0258133333338
5896,371.41050666666706,371.41050666666706
5897,320.4525333333338,320.4525333333338
5898,404.71967999999987,404.71967999999987
5899,1161.3163999999974,1161.3163999999974
5900,2608.9937066666607,2608.9937066666607
5901,4291.1199466666785,4291.1199466666785
5902,4293.391173333341,4293.391173333341
5903,2780.171146666664,2780.171146666664
5904,1649.9777866666625,1649.9777866666625
5905,117.74880000000007,117.74880000000007
5906,215.3654933333338,215.3654933333338
5907,271.9195200000005,271.9195200000005
5908,293.1997600000005,293.1997600000005
5909,209.5773333333336,209.5773333333336
5910,251.82208000000014,251.82208000000014
5911,480.39018666666675,480.39018666666675
5912,609.775893333332,609.775893333332
5913,607.9839733333322,607.9839733333322
5914,333.33434666666676,333.33434666666676
5915,232.53562666666704,232.53562666666704
5916,216.48277333333345,216.48277333333345
5917,322.4994400000007,322.4994400000007
5918,298.98304000000047,298.98304000000047
5919,300.47834666666705,300.47834666666705
5920,340.23826666666673,340.23826666666673
5921,425.5398400000002,425.5398400000002
5922,617.8559199999991,617.8559199999991
5923,1119.8335733333286,1119.8335733333286
5924,2369.959546666663,2369.959546666663
5925,4086.586506666674,4086.586506666674
5926,4348.1500000000115,4348.1500000000115
5927,3112.7739466666644,3112.7739466666644
5928,1724.662906666664,1724.662906666664
5929,86.76474666666678,86.76474666666678
5930,184.56848000000033,184.56848000000033
5931,309.0646133333336,309.0646133333336
5932,333.8894133333335,333.8894133333335
5933,360.76704,360.76704
5934,343.6804000000005,343.6804000000005
5935,422.57482666666675,422.57482666666675
5936,560.9772266666663,560.9772266666663
5937,478.4495200000001,478.4495200000001
5938,317.9189333333338,317.9189333333338
5939,239.81336000000067,239.81336000000067
5940,245.97378666666705,245.97378666666705
5941,251.57410666666675,251.57410666666675
5942,229.92557333333363,229.92557333333363
5943,402.39242666666644,402.39242666666644
5944,392.31653333333395,392.31653333333395
5945,303.6568266666669,303.6568266666669
5946,335.47746666666694,335.47746666666694
5947,1518.169893333329,1518.169893333329
5948,2543.179226666661,2543.179226666661
5949,4229.405706666677,4229.405706666677
5950,4678.213680000014,4678.213680000014
5951,3017.3291466666656,3017.3291466666656
5952,1278.5816266666636,1278.5816266666636
5953,79.67061333333334,79.67061333333334
5954,150.22197333333355,150.22197333333355
5955,204.9092800000002,204.9092800000002
5956,208.64328000000015,208.64328000000015
5957,305.5153333333338,305.5153333333338
5958,302.375466666667,302.375466666667
5959,387.4319466666672,387.4319466666672
5960,559.1637066666658,559.1637066666658
5961,602.8418133333315,602.8418133333315
5962,331.9489600000005,331.9489600000005
5963,323.2474133333335,323.2474133333335
5964,228.05661333333362,228.05661333333362
5965,239.06661333333378,239.06661333333378
5966,301.4106133333339,301.4106133333339
5967,196.8882666666667,196.8882666666667
5968,299.36504000000065,299.36504000000065
5969,321.94989333333393,321.94989333333393
5970,462.72983999999997,462.72983999999997
5971,1394.2296799999958,1394.2296799999958
5972,2398.0230399999937,2398.0230399999937
5973,3789.171920000003,3789.171920000003
5974,4545.362133333344,4545.362133333344
5975,3634.291146666666,3634.291146666666
5976,1651.6892266666628,1651.6892266666628
5977,67.72509333333329,67.72509333333329
5978,205.09530666666657,205.09530666666657
5979,222.82736,222.82736
5980,182.69933333333347,182.69933333333347
5981,161.6071466666669,161.6071466666669
5982,214.1170666666669,214.1170666666669
5983,423.8453333333335,423.8453333333335
5984,556.411733333333,556.411733333333
5985,529.1630133333323,529.1630133333323
5986,367.8368266666672,367.8368266666672
5987,351.05624000000034,351.05624000000034
5988,333.69965333333363,333.69965333333363
5989,273.9711733333339,273.9711733333339
5990,214.24141333333347,214.24141333333347
5991,360.39632000000034,360.39632000000034
5992,471.272933333333,471.272933333333
5993,356.48085333333376,356.48085333333376
5994,410.8926666666669,410.8926666666669
5995,1275.6606933333305,1275.6606933333305
5996,2207.2071999999935,2207.2071999999935
5997,3388.91741333333,3388.91741333333
5998,4310.014986666674,4310.014986666674
5999,3200.1719733333316,3200.1719733333316
6000,1493.9904799999974,1493.9904799999974
6001,102.06810666666676,102.06810666666676
6002,226.0011200000005,226.0011200000005
6003,261.4658400000007,261.4658400000007
6004,252.3187733333336,252.3187733333336
6005,247.83842666666706,247.83842666666706
6006,252.77554666666708,252.77554666666708
6007,417.60581333333414,417.60581333333414
6008,614.9962666666655,614.9962666666655
6009,520.7175199999987,520.7175199999987
6010,322.64640000000054,322.64640000000054
6011,280.31661333333346,280.31661333333346
6012,236.45336000000034,236.45336000000034
6013,271.3593333333336,271.3593333333336
6014,296.0006400000004,296.0006400000004
6015,309.628560000001,309.628560000001
6016,389.7027733333334,389.7027733333334
6017,416.20928000000015,416.20928000000015
6018,600.9984266666655,600.9984266666655
6019,1188.385119999997,1188.385119999997
6020,2095.2417599999935,2095.2417599999935
6021,3742.7828000000018,3742.7828000000018
6022,4231.393093333341,4231.393093333341
6023,3387.21896,3387.21896
6024,1863.016133333328,1863.016133333328
6025,55.40746666666668,55.40746666666668
6026,142.57082666666687,142.57082666666687
6027,142.01085333333342,142.01085333333342
6028,230.10800000000017,230.10800000000017
6029,320.63472000000036,320.63472000000036
6030,313.1748000000007,313.1748000000007
6031,380.71770666666725,380.71770666666725
6032,575.9622933333319,575.9622933333319
6033,593.8842666666651,593.8842666666651
6034,391.2793866666669,391.2793866666669
6035,249.89546666666706,249.89546666666706
6036,224.88384000000016,224.88384000000016
6037,258.6678666666669,258.6678666666669
6038,314.2924533333339,314.2924533333339
6039,441.40389333333314,441.40389333333314
6040,429.64869333333365,429.64869333333365
6041,405.38405333333367,405.38405333333367
6042,460.8219466666666,460.8219466666666
6043,1259.8987466666636,1259.8987466666636
6044,2874.702986666661,2874.702986666661
6045,4162.090853333342,4162.090853333342
6046,4633.917626666677,4633.917626666677
6047,3263.8864533333312,3263.8864533333312
6048,1333.3642933333306,1333.3642933333306
6049,90.49770666666667,90.49770666666667
6050,223.01784000000018,223.01784000000018
6051,259.6018400000005,259.6018400000005
6052,268.36978666666687,268.36978666666687
6053,307.19245333333373,307.19245333333373
6054,290.3754933333336,290.3754933333336
6055,345.6439733333339,345.6439733333339
6056,476.74495999999976,476.74495999999976
6057,397.6605600000005,397.6605600000005
6058,270.6522400000003,270.6522400000003
6059,290.0233066666669,290.0233066666669
6060,356.84197333333395,356.84197333333395
6061,377.55997333333363,377.55997333333363
6062,377.74837333333346,377.74837333333346
6063,291.89298666666707,291.89298666666707
6064,388.77165333333363,388.77165333333363
6065,337.06896000000035,337.06896000000035
6066,387.4072000000005,387.4072000000005
6067,771.1356533333312,771.1356533333312
6068,2555.228186666661,2555.228186666661
6069,3821.6613066666723,3821.6613066666723
6070,4567.80698666668,4567.80698666668
6071,3397.649120000002,3397.649120000002
6072,1550.3719733333303,1550.3719733333303
6073,104.12325333333337,104.12325333333337
6074,160.30285333333327,160.30285333333327
6075,201.17917333333378,201.17917333333378
6076,215.1783733333336,215.1783733333336
6077,256.98784000000046,256.98784000000046
6078,236.9683733333336,236.9683733333336
6079,340.2587200000002,340.2587200000002
6080,660.2990133333315,660.2990133333315
6081,548.5967199999992,548.5967199999992
6082,255.4451466666672,255.4451466666672
6083,121.85317333333329,121.85317333333329
6084,209.20416000000034,209.20416000000034
6085,279.9429600000003,279.9429600000003
6086,403.32346666666723,403.32346666666723
6087,395.67528000000016,395.67528000000016
6088,496.46784000000054,496.46784000000054
6089,319.89488000000017,319.89488000000017
6090,556.7607999999992,556.7607999999992
6091,1299.12509333333,1299.12509333333
6092,2562.4002133333283,2562.4002133333283
6093,4295.496266666677,4295.496266666677
6094,4375.760693333341,4375.760693333341
6095,2881.6017866666643,2881.6017866666643
6096,1515.4637333333305,1515.4637333333305
6097,114.94746666666668,114.94746666666668
6098,172.06064000000018,172.06064000000018
6099,252.3207733333336,252.3207733333336
6100,356.2882133333336,356.2882133333336
6101,273.7856000000005,273.7856000000005
6102,278.5899200000003,278.5899200000003
6103,361.9364266666669,361.9364266666669
6104,501.3008,501.3008
6105,585.6448533333322,585.6448533333322
6106,311.9809866666671,311.9809866666671
6107,290.9575200000005,290.9575200000005
6108,271.9167733333336,271.9167733333336
6109,297.8593333333336,297.8593333333336
6110,331.6458133333341,331.6458133333341
6111,331.2764800000005,331.2764800000005
6112,280.6967466666671,280.6967466666671
6113,295.6298400000007,295.6298400000007
6114,490.90109333333277,490.90109333333277
6115,1501.3618933333282,1501.3618933333282
6116,2578.8506666666613,2578.8506666666613
6117,3576.0433600000033,3576.0433600000033
6118,4160.142533333339,4160.142533333339
6119,3474.479199999999,3474.479199999999
6120,1628.547999999997,1628.547999999997
6121,73.88573333333328,73.88573333333328
6122,199.68693333333363,199.68693333333363
6123,213.12584000000015,213.12584000000015
6124,195.7654666666669,195.7654666666669
6125,221.51976000000033,221.51976000000033
6126,232.77901333333364,232.77901333333364
6127,391.13069333333345,391.13069333333345
6128,593.1331999999976,593.1331999999976
6129,429.27749333333315,429.27749333333315
6130,272.0373600000002,272.0373600000002
6131,188.48512000000017,188.48512000000017
6132,267.25000000000017,267.25000000000017
6133,302.9028000000002,302.9028000000002
6134,342.4741866666666,342.4741866666666
6135,405.7517333333333,405.7517333333333
6136,385.9711466666669,385.9711466666669
6137,444.76669333333297,444.76669333333297
6138,689.7682399999986,689.7682399999986
6139,1371.870346666663,1371.870346666663
6140,2839.4722933333296,2839.4722933333296
6141,4035.1751200000053,4035.1751200000053
6142,4469.88464000001,4469.88464000001
6143,3177.486826666667,3177.486826666667
6144,1366.2043466666637,1366.2043466666637
6145,94.97674666666666,94.97674666666666
6146,248.95768000000018,248.95768000000018
6147,275.64864000000017,275.64864000000017
6148,312.41842666666753,312.41842666666753
6149,320.2567200000002,320.2567200000002
6150,332.8488000000003,332.8488000000003
6151,344.63717333333375,344.63717333333375
6152,532.3107466666664,532.3107466666664
6153,443.70418666666694,443.70418666666694
6154,287.1537866666672,287.1537866666672
6155,179.89869333333345,179.89869333333345
6156,242.8006400000005,242.8006400000005
6157,303.0888,303.0888
6158,281.62546666666725,281.62546666666725
6159,326.9828800000002,326.9828800000002
6160,366.93152000000066,366.93152000000066
6161,391.0106400000002,391.0106400000002
6162,540.2935466666661,540.2935466666661
6163,1418.328853333329,1418.328853333329
6164,2241.186453333328,2241.186453333328
6165,4037.0472533333423,4037.0472533333423
6166,3926.289760000008,3926.289760000008
6167,3347.05792,3347.05792
6168,1661.2197066666624,1661.2197066666624
6169,102.06912,102.06912
6170,151.9037600000001,151.9037600000001
6171,223.0162133333336,223.0162133333336
6172,265.2014666666672,265.2014666666672
6173,312.0498933333336,312.0498933333336
6174,303.20426666666725,303.20426666666725
6175,343.9293866666672,343.9293866666672
6176,617.2362933333324,617.2362933333324
6177,497.77794666666597,497.77794666666597
6178,312.3685066666671,312.3685066666671
6179,304.3925600000002,304.3925600000002
6180,233.28181333333362,233.28181333333362
6181,259.2260266666672,259.2260266666672
6182,357.9672266666669,357.9672266666669
6183,355.54170666666676,355.54170666666676
6184,321.0144533333336,321.0144533333336
6185,237.57984000000002,237.57984000000002
6186,451.31930666666597,451.31930666666597
6187,1433.77477333333,1433.77477333333
6188,2423.0855199999937,2423.0855199999937
6189,3777.0090666666724,3777.0090666666724
6190,4176.620880000005,4176.620880000005
6191,2825.818346666663,2825.818346666663
6192,1848.1540266666657,1848.1540266666657
6193,45.51360000000003,45.51360000000003
6194,157.1280266666668,157.1280266666668
6195,286.47474666666693,286.47474666666693
6196,273.5952266666666,273.5952266666666
6197,274.7180000000005,274.7180000000005
6198,245.97938666666707,245.97938666666707
6199,366.6303200000002,366.6303200000002
6200,515.2985333333331,515.2985333333331
6201,525.2404533333334,525.2404533333334
6202,315.683013333334,315.683013333334
6203,298.2366400000003,298.2366400000003
6204,294.50370666666726,294.50370666666726
6205,230.10789333333378,230.10789333333378
6206,268.7446400000005,268.7446400000005
6207,261.09560000000016,261.09560000000016
6208,324.559093333334,324.559093333334
6209,259.0452800000007,259.0452800000007
6210,425.6936800000001,425.6936800000001
6211,1293.5925866666628,1293.5925866666628
6212,2616.170746666661,2616.170746666661
6213,4174.180026666675,4174.180026666675
6214,4567.598266666675,4567.598266666675
6215,2853.8419466666655,2853.8419466666655
6216,1447.4346399999972,1447.4346399999972
6217,101.32336000000001,101.32336000000001
6218,200.0589333333336,200.0589333333336
6219,193.71570666666673,193.71570666666673
6220,253.25485333333378,253.25485333333378
6221,296.1846400000002,296.1846400000002
6222,337.89258666666706,337.89258666666706
6223,445.0006666666666,445.0006666666666
6224,642.5419466666658,642.5419466666658
6225,558.7919466666666,558.7919466666666
6226,365.51866666666706,365.51866666666706
6227,260.16149333333374,260.16149333333374
6228,287.2232000000003,287.2232000000003
6229,289.0904000000005,289.0904000000005
6230,254.5616000000002,254.5616000000002
6231,353.30477333333346,353.30477333333346
6232,452.04405333333284,452.04405333333284
6233,450.73706666666624,450.73706666666624
6234,435.8362666666667,435.8362666666667
6235,1085.6256266666633,1085.6256266666633
6236,2058.2801333333277,2058.2801333333277
6237,4033.0009866666755,4033.0009866666755
6238,4864.3703200000145,4864.3703200000145
6239,2697.99973333333,2697.99973333333
6240,1406.9981333333305,1406.9981333333305
6241,92.17696000000012,92.17696000000012
6242,144.811706666667,144.811706666667
6243,223.38853333333378,223.38853333333378
6244,276.39800000000014,276.39800000000014
6245,283.1153866666669,283.1153866666669
6246,291.5498933333336,291.5498933333336
6247,366.3697333333338,366.3697333333338
6248,460.15901333333335,460.15901333333335
6249,540.9787999999987,540.9787999999987
6250,306.32304000000016,306.32304000000016
6251,197.81664000000018,197.81664000000018
6252,248.77325333333343,248.77325333333343
6253,288.9026133333334,288.9026133333334
6254,302.9017333333336,302.9017333333336
6255,331.27426666666673,331.27426666666673
6256,349.57154666666673,349.57154666666673
6257,362.07805333333346,362.07805333333346
6258,658.7875999999994,658.7875999999994
6259,1533.4048533333296,1533.4048533333296
6260,2083.2013599999937,2083.2013599999937
6261,3497.488826666671,3497.488826666671
6262,4840.180826666676,4840.180826666676
6263,3058.851679999997,3058.851679999997
6264,1427.415919999996,1427.415919999996
6265,108.78770666666674,108.78770666666674
6266,276.211946666667,276.211946666667
6267,301.7829866666669,301.7829866666669
6268,378.86829333333395,378.86829333333395
6269,308.6875466666669,308.6875466666669
6270,282.5904800000003,282.5904800000003
6271,337.10928000000064,337.10928000000064
6272,415.8695200000009,415.8695200000009
6273,383.7086933333343,383.7086933333343
6274,300.66522666666754,300.66522666666754
6275,161.04834666666673,161.04834666666673
6276,184.3797066666669,184.3797066666669
6277,163.29048000000034,163.29048000000034
6278,248.03053333333378,248.03053333333378
6279,318.9607733333338,318.9607733333338
6280,446.6328266666666,446.6328266666666
6281,474.0688266666669,474.0688266666669
6282,629.9560266666655,629.9560266666655
6283,1643.7066666666626,1643.7066666666626
6284,2573.0946933333266,2573.0946933333266
6285,3593.432479999999,3593.432479999999
6286,4410.527946666675,4410.527946666675
6287,3619.345306666672,3619.345306666672
6288,1201.751839999997,1201.751839999997
6289,103.7478933333333,103.7478933333333
6290,235.70565333333363,235.70565333333363
6291,272.2886933333338,272.2886933333338
6292,266.87861333333393,266.87861333333393
6293,266.3197600000005,266.3197600000005
6294,294.2697333333335,294.2697333333335
6295,396.1108266666669,396.1108266666669
6296,544.4442133333323,544.4442133333323
6297,520.5271199999991,520.5271199999991
6298,336.10842666666724,336.10842666666724
6299,326.7939200000002,326.7939200000002
6300,293.94290666666706,293.94290666666706
6301,226.74853333333377,226.74853333333377
6302,259.2289866666671,259.2289866666671
6303,304.77402666666705,304.77402666666705
6304,352.7470400000002,352.7470400000002
6305,313.73570666666706,313.73570666666706
6306,405.82941333333343,405.82941333333343
6307,990.8487733333307,990.8487733333307
6308,2649.1201599999968,2649.1201599999968
6309,3992.093040000008,3992.093040000008
6310,4554.888880000009,4554.888880000009
6311,3372.8742933333315,3372.8742933333315
6312,1505.4126399999968,1505.4126399999968
6313,127.6414133333333,127.6414133333333
6314,168.1425866666669,168.1425866666669
6315,229.36357333333376,229.36357333333376
6316,239.25597333333377,239.25597333333377
6317,198.93813333333344,198.93813333333344
6318,225.6345333333336,225.6345333333336
6319,419.3711733333339,419.3711733333339
6320,489.3276266666666,489.3276266666666
6321,520.6861599999996,520.6861599999996
6322,280.8872000000005,280.8872000000005
6323,278.4486400000002,278.4486400000002
6324,337.4261600000005,337.4261600000005
6325,378.4945333333341,378.4945333333341
6326,331.4631200000008,331.4631200000008
6327,290.7761600000003,290.7761600000003
6328,299.3643466666669,299.3643466666669
6329,259.04602666666676,259.04602666666676
6330,468.7625333333326,468.7625333333326
6331,1323.4188533333295,1323.4188533333295
6332,2500.0143999999955,2500.0143999999955
6333,4165.865626666672,4165.865626666672
6334,4671.563040000013,4671.563040000013
6335,2768.9324266666626,2768.9324266666626
6336,1465.565919999997,1465.565919999997
6337,72.57874666666659,72.57874666666659
6338,153.95658666666674,153.95658666666674
6339,181.3935466666669,181.3935466666669
6340,191.2844266666672,191.2844266666672
6341,299.5416800000003,299.5416800000003
6342,355.8095733333339,355.8095733333339
6343,474.6441599999996,474.6441599999996
6344,690.401119999998,690.401119999998
6345,474.81954666666593,474.81954666666593
6346,233.8266133333336,233.8266133333336
6347,269.30389333333346,269.30389333333346
6348,292.44842666666705,292.44842666666705
6349,235.70965333333362,235.70965333333362
6350,281.62928000000034,281.62928000000034
6351,397.35477333333347,397.35477333333347
6352,340.23949333333394,340.23949333333394
6353,366.93213333333375,366.93213333333375
6354,410.3470400000002,410.3470400000002
6355,1513.7913599999954,1513.7913599999954
6356,2412.5086933333264,2412.5086933333264
6357,3632.367573333335,3632.367573333335
6358,4378.513600000012,4378.513600000012
6359,2951.1170933333315,2951.1170933333315
6360,1646.2379999999969,1646.2379999999969
6361,91.9926133333333,91.9926133333333
6362,165.34592,165.34592
6363,166.4630666666669,166.4630666666669
6364,233.46840000000034,233.46840000000034
6365,271.5446933333339,271.5446933333339
6366,249.2883733333336,249.2883733333336
6367,347.90712000000053,347.90712000000053
6368,469.224053333333,469.224053333333
6369,462.354933333333,462.354933333333
6370,305.18616000000037,305.18616000000037
6371,303.83000000000067,303.83000000000067
6372,339.4818933333341,339.4818933333341
6373,428.5184800000004,428.5184800000004
6374,386.52680000000015,386.52680000000015
6375,408.5552266666669,408.5552266666669
6376,390.449786666667,390.449786666667
6377,378.5039733333336,378.5039733333336
6378,486.50261333333333,486.50261333333333
6379,1311.5537599999964,1311.5537599999964
6380,2430.942826666661,2430.942826666661
6381,4313.22992000001,4313.22992000001
6382,4657.21744000001,4657.21744000001
6383,3005.278746666664,3005.278746666664
6384,1787.0593599999968,1787.0593599999968
6385,108.78888000000006,108.78888000000006
6386,210.32368000000048,210.32368000000048
6387,187.17896000000002,187.17896000000002
6388,237.9478400000005,237.9478400000005
6389,261.6519466666669,261.6519466666669
6390,346.9557066666669,346.9557066666669
6391,482.2918933333332,482.2918933333332
6392,740.265333333331,740.265333333331
6393,568.1703733333328,568.1703733333328
6394,359.6232800000007,359.6232800000007
6395,305.3282666666669,305.3282666666669
6396,298.60856000000064,298.60856000000064
6397,232.90600000000052,232.90600000000052
6398,250.64200000000034,250.64200000000034
6399,269.6824266666669,269.6824266666669
6400,282.9362133333333,282.9362133333333
6401,347.7024533333338,347.7024533333338
6402,449.70088000000015,449.70088000000015
6403,1280.9999999999955,1280.9999999999955
6404,2302.607066666661,2302.607066666661
6405,4400.567386666682,4400.567386666682
6406,4219.2106933333425,4219.2106933333425
6407,2750.0308266666625,2750.0308266666625
6408,1415.8744266666627,1415.8744266666627
6409,97.40181333333332,97.40181333333332
6410,141.26482666666672,141.26482666666672
6411,211.81682666666688,211.81682666666688
6412,297.11562666666674,297.11562666666674
6413,266.50765333333345,266.50765333333345
6414,330.83261333333394,330.83261333333394
6415,512.7853866666661,512.7853866666661
6416,676.6152533333316,676.6152533333316
6417,565.9064266666651,565.9064266666651
6418,377.1876533333338,377.1876533333338
6419,218.9098933333338,218.9098933333338
6420,132.678666666667,132.678666666667
6421,138.27632000000014,138.27632000000014
6422,145.18325333333334,145.18325333333334
6423,264.26952,264.26952
6424,387.8365866666671,387.8365866666671
6425,449.9923466666667,449.9923466666667
6426,508.81317333333345,508.81317333333345
6427,939.4434666666635,939.4434666666635
6428,2568.078799999994,2568.078799999994
6429,4073.7371733333407,4073.7371733333407
6430,4992.539013333342,4992.539013333342
6431,3598.9968800000033,3598.9968800000033
6432,1510.7575199999974,1510.7575199999974
6433,96.84280000000004,96.84280000000004
6434,181.76477333333344,181.76477333333344
6435,194.2703200000003,194.2703200000003
6436,253.6234400000002,253.6234400000002
6437,273.22557333333395,273.22557333333395
6438,291.4209333333338,291.4209333333338
6439,537.0461599999993,537.0461599999993
6440,686.9632266666647,686.9632266666647
6441,544.5817866666657,544.5817866666657
6442,422.6124266666668,422.6124266666668
6443,298.42176000000035,298.42176000000035
6444,204.35069333333362,204.35069333333362
6445,214.98970666666688,214.98970666666688
6446,194.27392000000017,194.27392000000017
6447,330.1601066666672,330.1601066666672
6448,413.4090133333334,413.4090133333334
6449,280.5104533333336,280.5104533333336
6450,414.51002666666676,414.51002666666676
6451,1152.5905066666633,1152.5905066666633
6452,2555.9671733333284,2555.9671733333284
6453,3983.864800000003,3983.864800000003
6454,4765.958373333345,4765.958373333345
6455,3230.6844,3230.6844
6456,1263.5612533333303,1263.5612533333303
6457,122.04034666666676,122.04034666666676
6458,149.66328000000007,149.66328000000007
6459,273.0358666666667,273.0358666666667
6460,354.04373333333393,354.04373333333393
6461,353.4843733333338,353.4843733333338
6462,392.66138666666706,392.66138666666706
6463,401.3622933333338,401.3622933333338
6464,626.0889866666648,626.0889866666648
6465,503.43733333333296,503.43733333333296
6466,332.96493333333376,332.96493333333376
6467,337.9956266666669,337.9956266666669
6468,307.5718933333336,307.5718933333336
6469,344.5276533333336,344.5276533333336
6470,322.87384000000037,322.87384000000037
6471,276.5893866666667,276.5893866666667
6472,337.06786666666704,337.06786666666704
6473,435.0599733333333,435.0599733333333
6474,470.1737599999999,470.1737599999999
6475,1337.2342133333293,1337.2342133333293
6476,2647.727759999994,2647.727759999994
6477,4023.346586666677,4023.346586666677
6478,4266.404400000009,4266.404400000009
6479,2661.6133599999957,2661.6133599999957
6480,1642.1286666666642,1642.1286666666642
6481,70.89997333333328,70.89997333333328
6482,109.53573333333327,109.53573333333327
6483,168.33040000000017,168.33040000000017
6484,283.1180533333335,283.1180533333335
6485,308.3152800000002,308.3152800000002
6486,340.9884000000005,340.9884000000005
6487,450.72925333333325,450.72925333333325
6488,615.026479999999,615.026479999999
6489,500.47559999999925,500.47559999999925
6490,325.9955200000005,325.9955200000005
6491,252.50954666666723,252.50954666666723
6492,232.53589333333395,232.53589333333395
6493,238.31896000000035,238.31896000000035
6494,320.07173333333344,320.07173333333344
6495,336.3151200000005,336.3151200000005
6496,362.63856000000067,362.63856000000067
6497,350.69389333333396,350.69389333333396
6498,604.6275733333326,604.6275733333326
6499,1704.9131199999954,1704.9131199999954
6500,2519.577493333327,2519.577493333327
6501,3798.553893333336,3798.553893333336
6502,4287.0198933333395,4287.0198933333395
6503,3206.4492800000003,3206.4492800000003
6504,1489.1686133333308,1489.1686133333308
6505,128.01181333333338,128.01181333333338
6506,295.0623466666669,295.0623466666669
6507,293.56912000000034,293.56912000000034
6508,280.5024000000003,280.5024000000003
6509,254.7456800000002,254.7456800000002
6510,227.8233333333336,227.8233333333336
6511,400.3134400000005,400.3134400000005
6512,497.8109866666662,497.8109866666662
6513,639.5798399999983,639.5798399999983
6514,374.93410666666705,374.93410666666705
6515,275.6496533333338,275.6496533333338
6516,278.44986666666705,278.44986666666705
6517,255.30888000000033,255.30888000000033
6518,333.51634666666723,333.51634666666723
6519,310.3727466666669,310.3727466666669
6520,416.2081333333331,416.2081333333331
6521,399.2224800000002,399.2224800000002
6522,458.66154666666654,458.66154666666654
6523,1209.931759999996,1209.931759999996
6524,2757.342986666661,2757.342986666661
6525,3878.3978666666735,3878.3978666666735
6526,4017.4788000000053,4017.4788000000053
6527,2642.860879999995,2642.860879999995
6528,1524.3667733333307,1524.3667733333307
6529,71.8318933333332,71.8318933333332
6530,198.00389333333362,198.00389333333362
6531,269.30621333333363,269.30621333333363
6532,265.2002933333338,265.2002933333338
6533,259.2269066666672,259.2269066666672
6534,284.9888000000003,284.9888000000003
6535,312.2796800000005,312.2796800000005
6536,517.0090933333327,517.0090933333327
6537,476.2627466666666,476.2627466666666
6538,255.2315466666672,255.2315466666672
6539,218.9070133333336,218.9070133333336
6540,262.7687466666669,262.7687466666669
6541,308.68914666666706,308.68914666666706
6542,347.32533333333345,347.32533333333345
6543,344.9042400000005,344.9042400000005
6544,312.2410933333336,312.2410933333336
6545,252.32541333333393,252.32541333333393
6546,415.2765066666667,415.2765066666667
6547,1499.2295466666628,1499.2295466666628
6548,2766.7372533333264,2766.7372533333264
6549,3961.1260533333407,3961.1260533333407
6550,4582.510693333347,4582.510693333347
6551,3297.054933333333,3297.054933333333
6552,1355.9625333333304,1355.9625333333304
6553,66.97925333333333,66.97925333333333
6554,131.37162666666663,131.37162666666663
6555,244.1073866666669,244.1073866666669
6556,343.0308000000005,343.0308000000005
6557,346.01850666666707,346.01850666666707
6558,295.632586666667,295.632586666667
6559,363.56472000000065,363.56472000000065
6560,594.1527733333327,594.1527733333327
6561,522.2091199999995,522.2091199999995
6562,307.6049066666674,307.6049066666674
6563,281.4366933333338,281.4366933333338
6564,261.8383733333338,261.8383733333338
6565,304.58037333333345,304.58037333333345
6566,375.88208000000066,375.88208000000066
6567,403.139626666667,403.139626666667
6568,410.42050666666705,410.42050666666705
6569,416.02157333333327,416.02157333333327
6570,520.2798133333329,520.2798133333329
6571,1249.866746666662,1249.866746666662
6572,2521.042239999995,2521.042239999995
6573,3880.6787200000067,3880.6787200000067
6574,4489.003546666677,4489.003546666677
6575,3605.315573333335,3605.315573333335
6576,1773.3342666666624,1773.3342666666624
6577,77.61970666666662,77.61970666666662
6578,205.6590133333336,205.6590133333336
6579,286.85082666666705,286.85082666666705
6580,246.5334400000005,246.5334400000005
6581,210.8830666666669,210.8830666666669
6582,259.5780266666669,259.5780266666669
6583,339.4587200000002,339.4587200000002
6584,713.572773333332,713.572773333332
6585,487.59032,487.59032
6586,243.89464000000018,243.89464000000018
6587,158.43317333333346,158.43317333333346
6588,185.6867733333336,185.6867733333336
6589,247.84461333333408,247.84461333333408
6590,318.02322666666737,318.02322666666737
6591,325.4908266666674,325.4908266666674
6592,318.0281600000005,318.0281600000005
6593,347.33346666666705,347.33346666666705
6594,624.9114933333326,624.9114933333326
6595,1520.1268799999955,1520.1268799999955
6596,2219.6035199999938,2219.6035199999938
6597,4217.495120000005,4217.495120000005
6598,4642.087626666677,4642.087626666677
6599,4266.201946666675,4266.201946666675
6600,1608.0799733333297,1608.0799733333297
6601,107.48197333333326,107.48197333333326
6602,217.0452266666669,217.0452266666669
6603,286.4812533333333,286.4812533333333
6604,351.8074400000003,351.8074400000003
6605,320.0771200000004,320.0771200000004
6606,299.84370666666706,299.84370666666706
6607,348.33941333333394,348.33941333333394
6608,622.4407466666652,622.4407466666652
6609,532.2288533333326,532.2288533333326
6610,345.2898133333336,345.2898133333336
6611,301.4069066666669,301.4069066666669
6612,298.98440000000033,298.98440000000033
6613,344.15378666666675,344.15378666666675
6614,401.45554666666754,401.45554666666754
6615,445.50986666666626,445.50986666666626
6616,327.7357066666674,327.7357066666674
6617,312.42938666666737,312.42938666666737
6618,527.3438666666663,527.3438666666663
6619,924.0932266666634,924.0932266666634
6620,2828.722559999994,2828.722559999994
6621,3572.125360000002,3572.125360000002
6622,4803.821840000013,4803.821840000013
6623,3881.8971733333346,3881.8971733333346
6624,1816.770506666664,1816.770506666664
6625,65.85967999999994,65.85967999999994
6626,152.46272000000008,152.46272000000008
6627,238.32069333333362,238.32069333333362
6628,235.14853333333326,235.14853333333326
6629,136.2249333333332,136.2249333333332
6630,210.5446400000003,210.5446400000003
6631,364.297653333334,364.297653333334
6632,603.3162399999987,603.3162399999987
6633,508.8112533333327,508.8112533333327
6634,250.61088000000032,250.61088000000032
6635,246.3474133333336,246.3474133333336
6636,181.39565333333346,181.39565333333346
6637,287.78498666666707,287.78498666666707
6638,303.4652266666671,303.4652266666671
6639,346.9586133333338,346.9586133333338
6640,358.3452800000007,358.3452800000007
6641,396.6101866666668,396.6101866666668
6642,491.39832,491.39832
6643,1398.9619999999964,1398.9619999999964
6644,2563.4907999999955,2563.4907999999955
6645,4532.7723733333505,4532.7723733333505
6646,4725.1954133333475,4725.1954133333475
6647,3965.6104800000016,3965.6104800000016
6648,1638.978906666664,1638.978906666664
6649,83.5896,83.5896
6650,131.55965333333342,131.55965333333342
6651,163.66520000000034,163.66520000000034
6652,217.41608000000033,217.41608000000033
6653,339.29704000000066,339.29704000000066
6654,321.3313866666672,321.3313866666672
6655,410.78608000000014,410.78608000000014
6656,514.8732799999992,514.8732799999992
6657,527.7195466666661,527.7195466666661
6658,352.9785600000007,352.9785600000007
6659,335.0032533333336,335.0032533333336
6660,303.6492533333336,303.6492533333336
6661,306.6395733333336,306.6395733333336
6662,446.2567733333336,446.2567733333336
6663,415.27384000000006,415.27384000000006
6664,402.5835733333338,402.5835733333338
6665,347.33362666666693,347.33362666666693
6666,516.1390133333329,516.1390133333329
6667,1192.9883733333297,1192.9883733333297
6668,2899.0167999999953,2899.0167999999953
6669,3640.0736533333347,3640.0736533333347
6670,4508.78098666668,4508.78098666668
6671,3545.738586666671,3545.738586666671
6672,1775.1935733333296,1775.1935733333296
6673,93.85647999999998,93.85647999999998
6674,258.47701333333333,258.47701333333333
6675,326.97754666666674,326.97754666666674
6676,324.9243733333338,324.9243733333338
6677,300.66085333333376,300.66085333333376
6678,258.5371733333336,258.5371733333336
6679,341.7836000000002,341.7836000000002
6680,622.811039999998,622.811039999998
6681,566.709413333332,566.709413333332
6682,263.58170666666706,263.58170666666706
6683,175.42045333333346,175.42045333333346
6684,199.8737066666669,199.8737066666669
6685,230.10928000000033,230.10928000000033
6686,342.84914666666674,342.84914666666674
6687,447.0041599999999,447.0041599999999
6688,412.28727999999984,412.28727999999984
6689,391.01016000000084,391.01016000000084
6690,448.7459199999995,448.7459199999995
6691,1245.9323999999945,1245.9323999999945
6692,2720.199599999994,2720.199599999994
6693,3970.964773333339,3970.964773333339
6694,4297.580666666675,4297.580666666675
6695,3689.4166133333365,3689.4166133333365
6696,1642.818986666664,1642.818986666664
6697,62.50021333333334,62.50021333333334
6698,201.73973333333362,201.73973333333362
6699,227.6816533333336,227.6816533333336
6700,304.2117333333336,304.2117333333336
6701,249.1495733333338,249.1495733333338
6702,203.5612266666669,203.5612266666669
6703,462.71439999999967,462.71439999999967
6704,562.1794666666648,562.1794666666648
6705,491.24935999999917,491.24935999999917
6706,251.85016000000047,251.85016000000047
6707,251.57312000000047,251.57312000000047
6708,323.99378666666706,323.99378666666706
6709,251.94648000000035,251.94648000000035
6710,288.1599200000008,288.1599200000008
6711,316.34744000000035,316.34744000000035
6712,510.84080000000006,510.84080000000006
6713,586.8098133333335,586.8098133333335
6714,678.3275999999992,678.3275999999992
6715,1330.9938933333299,1330.9938933333299
6716,2312.061146666661,2312.061146666661
6717,4273.179306666675,4273.179306666675
6718,4460.867893333341,4460.867893333341
6719,3451.3683199999987,3451.3683199999987
6720,1888.4577333333282,1888.4577333333282
6721,49.061519999999874,49.061519999999874
6722,130.06720000000007,130.06720000000007
6723,190.91512,190.91512
6724,221.7102666666669,221.7102666666669
6725,274.15725333333364,274.15725333333364
6726,265.8177600000002,265.8177600000002
6727,505.868293333333,505.868293333333
6728,705.1250399999985,705.1250399999985
6729,534.6337866666662,534.6337866666662
6730,328.10368000000034,328.10368000000034
6731,319.13674666666725,319.13674666666725
6732,287.0328266666669,287.0328266666669
6733,346.0169066666669,346.0169066666669
6734,390.2556533333336,390.2556533333336
6735,327.73104000000063,327.73104000000063
6736,294.69498666666703,294.69498666666703
6737,280.8825333333336,280.8825333333336
6738,459.1836533333336,459.1836533333336
6739,1182.9367999999963,1182.9367999999963
6740,2320.0126933333263,2320.0126933333263
6741,3782.113813333338,3782.113813333338
6742,4477.330426666678,4477.330426666678
6743,3817.6825600000047,3817.6825600000047
6744,1956.2881333333314,1956.2881333333314
6745,64.1781333333333,64.1781333333333
6746,119.05173333333326,119.05173333333326
6747,180.64408000000017,180.64408000000017
6748,254.55776000000014,254.55776000000014
6749,289.6475200000003,289.6475200000003
6750,272.19077333333377,272.19077333333377
6751,378.7337066666674,378.7337066666674
6752,526.445813333333,526.445813333333
6753,501.41463999999996,501.41463999999996
6754,343.36466666666706,343.36466666666706
6755,320.8176266666672,320.8176266666672
6756,271.5406933333336,271.5406933333336
6757,246.34533333333343,246.34533333333343
6758,184.9418666666669,184.9418666666669
6759,256.61800000000017,256.61800000000017
6760,295.2549066666669,295.2549066666669
6761,447.93581333333316,447.93581333333316
6762,465.4276266666666,465.4276266666666
6763,1268.307439999996,1268.307439999996
6764,2618.6472799999956,2618.6472799999956
6765,4062.250000000011,4062.250000000011
6766,4917.81026666668,4917.81026666668
6767,3641.7543733333364,3641.7543733333364
6768,1335.6806133333303,1335.6806133333303
6769,72.01880000000003,72.01880000000003
6770,212.75173333333328,212.75173333333328
6771,257.7329333333338,257.7329333333338
6772,239.44034666666673,239.44034666666673
6773,220.58904000000004,220.58904000000004
6774,150.3088533333333,150.3088533333333
6775,360.8448000000003,360.8448000000003
6776,515.139199999999,515.139199999999
6777,482.71885333333285,482.71885333333285
6778,281.61218666666707,281.61218666666707
6779,304.95786666666686,304.95786666666686
6780,291.3331733333336,291.3331733333336
6781,318.02354666666724,318.02354666666724
6782,325.6744000000007,325.6744000000007
6783,380.7379200000003,380.7379200000003
6784,444.39149333333285,444.39149333333285
6785,405.0087466666666,405.0087466666666
6786,394.82152000000036,394.82152000000036
6787,1219.0173066666637,1219.0173066666637
6788,2513.580826666661,2513.580826666661
6789,3833.18682666667,3833.18682666667
6790,4426.800373333345,4426.800373333345
6791,4171.2917600000055,4171.2917600000055
6792,1764.2917866666642,1764.2917866666642
6793,81.7257599999998,81.7257599999998
6794,164.59688000000003,164.59688000000003
6795,231.2291466666669,231.2291466666669
6796,224.50882666666703,224.50882666666703
6797,222.26946666666686,222.26946666666686
6798,192.6784533333336,192.6784533333336
6799,292.15432000000067,292.15432000000067
6800,519.8304533333334,519.8304533333334
6801,462.5305333333335,462.5305333333335
6802,370.9546400000004,370.9546400000004
6803,353.8500533333336,353.8500533333336
6804,378.67664000000065,378.67664000000065
6805,327.7245066666669,327.7245066666669
6806,301.7838133333341,301.7838133333341
6807,346.3999466666669,346.3999466666669
6808,340.05466666666706,340.05466666666706
6809,320.45560000000035,320.45560000000035
6810,446.25224000000037,446.25224000000037
6811,1516.1821066666635,1516.1821066666635
6812,2660.929306666661,2660.929306666661
6813,3485.2756533333313,3485.2756533333313
6814,4391.232320000006,4391.232320000006
6815,3881.8042933333363,3881.8042933333363
6816,1846.717999999997,1846.717999999997
6817,76.686,76.686
6818,178.0348266666669,178.0348266666669
6819,256.23778666666675,256.23778666666675
6820,274.1566666666669,274.1566666666669
6821,299.35693333333376,299.35693333333376
6822,244.2231733333336,244.2231733333336
6823,369.3011200000003,369.3011200000003
6824,611.4029066666659,611.4029066666659
6825,458.88645333333346,458.88645333333346
6826,259.4022400000003,259.4022400000003
6827,194.64602666666704,194.64602666666704
6828,334.8207733333335,334.8207733333335
6829,390.44455999999985,390.44455999999985
6830,399.96181333333334,399.96181333333334
6831,366.1813333333336,366.1813333333336
6832,377.1965333333336,377.1965333333336
6833,326.05410666666756,326.05410666666756
6834,600.1749599999996,600.1749599999996
6835,1906.8261333333296,1906.8261333333296
6836,2839.25565333333,2839.25565333333
6837,4321.819173333342,4321.819173333342
6838,4326.458800000011,4326.458800000011
6839,3889.8571200000065,3889.8571200000065
6840,1390.2270933333316,1390.2270933333316
6841,55.78066666666671,55.78066666666671
6842,156.94501333333343,156.94501333333343
6843,178.96509333333347,178.96509333333347
6844,157.12967999999998,157.12967999999998
6845,210.69906666666702,210.69906666666702
6846,313.2266133333338,313.2266133333338
6847,508.16679999999934,508.16679999999934
6848,559.7238399999991,559.7238399999991
6849,601.3694133333322,601.3694133333322
6850,393.3470933333336,393.3470933333336
6851,318.5806933333338,318.5806933333338
6852,315.5954666666667,315.5954666666667
6853,250.26845333333347,250.26845333333347
6854,267.62784000000033,267.62784000000033
6855,300.8530400000005,300.8530400000005
6856,380.5559466666669,380.5559466666669
6857,417.14074666666676,417.14074666666676
6858,589.3719466666656,589.3719466666656
6859,1692.5000799999953,1692.5000799999953
6860,2523.064373333328,2523.064373333328
6861,3723.1989333333363,3723.1989333333363
6862,4328.736560000007,4328.736560000007
6863,3582.6976799999984,3582.6976799999984
6864,1947.6251466666627,1947.6251466666627
6865,74.2574133333333,74.2574133333333
6866,159.18056000000018,159.18056000000018
6867,220.2147733333338,220.2147733333338
6868,193.14930666666703,193.14930666666703
6869,159.5525866666669,159.5525866666669
6870,262.9906666666669,262.9906666666669
6871,408.41685333333334,408.41685333333334
6872,624.6468799999986,624.6468799999986
6873,534.1224533333327,534.1224533333327
6874,335.6730933333338,335.6730933333338
6875,220.77226666666704,220.77226666666704
6876,170.00554666666673,170.00554666666673
6877,221.33344000000034,221.33344000000034
6878,215.3604266666669,215.3604266666669
6879,242.79920000000016,242.79920000000016
6880,258.6709866666669,258.6709866666669
6881,304.40370666666723,304.40370666666723
6882,487.10821333333325,487.10821333333325
6883,1544.6239999999966,1544.6239999999966
6884,2911.881066666664,2911.881066666664
6885,3876.442586666674,3876.442586666674
6886,4375.76520000001,4375.76520000001
6887,3676.2217600000004,3676.2217600000004
6888,1901.2774933333299,1901.2774933333299
6889,63.43274666666663,63.43274666666663
6890,198.0065333333336,198.0065333333336
6891,221.3349600000005,221.3349600000005
6892,266.6886400000002,266.6886400000002
6893,301.2214933333336,301.2214933333336
6894,295.81834666666686,295.81834666666686
6895,357.6763733333338,357.6763733333338
6896,547.2425066666666,547.2425066666666
6897,435.20066666666673,435.20066666666673
6898,318.3543200000005,318.3543200000005
6899,362.81440000000083,362.81440000000083
6900,339.85853333333347,339.85853333333347
6901,326.23528000000005,326.23528000000005
6902,384.66106666666656,384.66106666666656
6903,438.4173866666663,438.4173866666663
6904,321.76208,321.76208
6905,291.52290666666704,291.52290666666704
6906,467.4119999999998,467.4119999999998
6907,1228.8110399999964,1228.8110399999964
6908,2315.0279466666593,2315.0279466666593
6909,4140.921333333339,4140.921333333339
6910,4767.659760000016,4767.659760000016
6911,3829.3021866666695,3829.3021866666695
6912,1387.4139466666638,1387.4139466666638
6913,69.96482666666655,69.96482666666655
6914,191.0988533333336,191.0988533333336
6915,188.48570666666672,188.48570666666672
6916,304.58072000000004,304.58072000000004
6917,342.2849866666669,342.2849866666669
6918,355.2529600000005,355.2529600000005
6919,447.3434933333333,447.3434933333333
6920,624.0127733333319,624.0127733333319
6921,505.05330666666646,505.05330666666646
6922,343.0586400000005,343.0586400000005
6923,226.56058666666706,226.56058666666706
6924,212.74837333333346,212.74837333333346
6925,303.08810666666653,303.08810666666653
6926,323.2482666666667,323.2482666666667
6927,331.46317333333377,331.46317333333377
6928,333.70842666666726,333.70842666666726
6929,401.8365866666669,401.8365866666669
6930,452.58672000000035,452.58672000000035
6931,1319.2037333333308,1319.2037333333308
6932,2543.129919999994,2543.129919999994
6933,4136.827040000008,4136.827040000008
6934,4737.43216000001,4737.43216000001
6935,3478.769839999999,3478.769839999999
6936,1571.6185066666649,1571.6185066666649
6937,69.03367999999993,69.03367999999993
6938,160.8645866666669,160.8645866666669
6939,176.54205333333346,176.54205333333346
6940,271.1691733333336,271.1691733333336
6941,285.9138933333335,285.9138933333335
6942,284.5115200000005,284.5115200000005
6943,318.95698666666726,318.95698666666726
6944,507.1404533333328,507.1404533333328
6945,523.3645866666662,523.3645866666662
6946,409.45808000000034,409.45808000000034
6947,363.93200000000036,363.93200000000036
6948,340.2319466666668,340.2319466666668
6949,323.0599466666669,323.0599466666669
6950,344.15501333333395,344.15501333333395
6951,430.7637599999998,430.7637599999998
6952,428.15463999999986,428.15463999999986
6953,363.1985600000003,363.1985600000003
6954,399.46629333333345,399.46629333333345
6955,1084.4085599999962,1084.4085599999962
6956,1920.2700533333282,1920.2700533333282
6957,3516.7704,3516.7704
6958,4533.632613333341,4533.632613333341
6959,3915.809013333336,3915.809013333336
6960,2018.3406399999967,2018.3406399999967
6961,74.44421333333338,74.44421333333338
6962,184.37861333333345,184.37861333333345
6963,225.4441866666669,225.4441866666669
6964,229.36474666666706,229.36474666666706
6965,281.06504000000035,281.06504000000035
6966,276.0339733333336,276.0339733333336
6967,455.71976000000006,455.71976000000006
6968,589.7743733333328,589.7743733333328
6969,495.05578666666673,495.05578666666673
6970,292.1389600000006,292.1389600000006
6971,301.4070666666666,301.4070666666666
6972,262.95722666666705,262.95722666666705
6973,276.58645333333396,276.58645333333396
6974,245.04125333333346,245.04125333333346
6975,287.7890133333336,287.7890133333336
6976,403.8881066666669,403.8881066666669
6977,382.42266666666706,382.42266666666706
6978,452.04802666666694,452.04802666666694
6979,1290.15909333333,1290.15909333333
6980,2401.603893333328,2401.603893333328
6981,3858.348000000005,3858.348000000005
6982,4518.892586666682,4518.892586666682
6983,4013.7716800000035,4013.7716800000035
6984,2153.3375733333314,2153.3375733333314
6985,83.4056533333334,83.4056533333334
6986,223.94904000000017,223.94904000000017
6987,254.5556800000003,254.5556800000003
6988,229.92032000000032,229.92032000000032
6989,273.03794666666704,273.03794666666704
6990,264.8317333333336,264.8317333333336
6991,341.85400000000067,341.85400000000067
6992,548.9206933333325,548.9206933333325
6993,467.11168,467.11168
6994,333.1968266666672,333.1968266666672
6995,260.3471733333336,260.3471733333336
6996,226.74885333333347,226.74885333333347
6997,252.50365333333343,252.50365333333343
6998,327.5374933333335,327.5374933333335
6999,400.52402666666705,400.52402666666705
7000,511.58586666666656,511.58586666666656
7001,392.6896266666669,392.6896266666669
7002,483.93984000000023,483.93984000000023
7003,1279.5253333333305,1279.5253333333305
7004,2596.5017066666624,2596.5017066666624
7005,4307.681386666677,4307.681386666677
7006,4931.320400000015,4931.320400000015
7007,3580.8273866666686,3580.8273866666686
7008,1315.7818933333308,1315.7818933333308
7009,103.37597333333338,103.37597333333338
7010,283.67930666666723,283.67930666666723
7011,276.77264000000065,276.77264000000065
7012,221.5229866666669,221.5229866666669
7013,269.48941333333346,269.48941333333346
7014,257.20410666666703,257.20410666666703
7015,402.4583200000002,402.4583200000002
7016,500.7139466666658,500.7139466666658
7017,458.9256266666666,458.9256266666666
7018,229.95456000000033,229.95456000000033
7019,223.5754400000003,223.5754400000003
7020,242.24112000000034,242.24112000000034
7021,259.4135733333338,259.4135733333338
7022,201.9255733333336,201.9255733333336
7023,272.11098666666703,272.11098666666703
7024,341.17341333333366,341.17341333333366
7025,475.7504799999999,475.7504799999999
7026,652.3845066666654,652.3845066666654
7027,1220.7530133333294,1220.7530133333294
7028,2324.692506666661,2324.692506666661
7029,3866.7994133333377,3866.7994133333377
7030,4745.42810666668,4745.42810666668
7031,4142.902853333339,4142.902853333339
7032,1833.118506666664,1833.118506666664
7033,89.93829333333335,89.93829333333335
7034,195.0188000000005,195.0188000000005
7035,251.2000800000003,251.2000800000003
7036,245.6015733333338,245.6015733333338
7037,285.72882666666686,285.72882666666686
7038,274.10640000000063,274.10640000000063
7039,424.35298666666625,424.35298666666625
7040,651.9022133333315,651.9022133333315
7041,667.1829066666648,667.1829066666648
7042,283.79072000000014,283.79072000000014
7043,205.66024000000036,205.66024000000036
7044,216.29834666666721,216.29834666666721
7045,312.42120000000034,312.42120000000034
7046,373.6431200000005,373.6431200000005
7047,362.8212800000002,362.8212800000002
7048,423.6746666666666,423.6746666666666
7049,517.0013600000001,517.0013600000001
7050,565.2996533333323,565.2996533333323
7051,1445.5618933333299,1445.5618933333299
7052,2522.231306666661,2522.231306666661
7053,3433.071839999997,3433.071839999997
7054,4233.720720000007,4233.720720000007
7055,3942.267093333341,3942.267093333341
7056,1835.640639999997,1835.640639999997
7057,66.04706666666668,66.04706666666668
7058,204.35216000000017,204.35216000000017
7059,279.75682666666705,279.75682666666705
7060,285.16850666666676,285.16850666666676
7061,260.71786666666725,260.71786666666725
7062,212.83136000000033,212.83136000000033
7063,325.0274133333339,325.0274133333339
7064,496.8464533333331,496.8464533333331
7065,531.2381333333327,531.2381333333327
7066,309.34888000000046,309.34888000000046
7067,299.54008000000033,299.54008000000033
7068,287.7824800000005,287.7824800000005
7069,262.02637333333394,262.02637333333394
7070,277.89362666666705,277.89362666666705
7071,336.13130666666706,336.13130666666706
7072,363.3844266666672,363.3844266666672
7073,379.70213333333345,379.70213333333345
7074,501.9163466666667,501.9163466666667
7075,1083.9823199999967,1083.9823199999967
7076,2158.281039999994,2158.281039999994
7077,3720.291546666669,3720.291546666669
7078,4666.703920000008,4666.703920000008
7079,3489.412186666669,3489.412186666669
7080,2232.4690666666625,2232.4690666666625
7081,112.52008000000004,112.52008000000004
7082,247.46509333333375,247.46509333333375
7083,243.7314933333336,243.7314933333336
7084,229.91946666666686,229.91946666666686
7085,275.0879733333335,275.0879733333335
7086,300.3994133333336,300.3994133333336
7087,381.08448000000067,381.08448000000067
7088,624.0405866666656,624.0405866666656
7089,501.3715466666666,501.3715466666666
7090,380.6229333333338,380.6229333333338
7091,295.9964000000006,295.9964000000006
7092,217.04085333333379,217.04085333333379
7093,228.42797333333374,228.42797333333374
7094,198.19386666666688,198.19386666666688
7095,239.82002666666705,239.82002666666705
7096,360.02485333333397,360.02485333333397
7097,312.4279466666671,312.4279466666671
7098,557.622506666666,557.622506666666
7099,1132.1708266666637,1132.1708266666637
7100,2392.2834666666627,2392.2834666666627
7101,3370.2161599999986,3370.2161599999986
7102,4494.297280000009,4494.297280000009
7103,4167.1602133333445,4167.1602133333445
7104,2058.6039733333296,2058.6039733333296
7105,80.9779733333333,80.9779733333333
7106,214.05733333333362,214.05733333333362
7107,286.47434666666686,286.47434666666686
7108,299.3548266666667,299.3548266666667
7109,253.81509333333375,253.81509333333375
7110,239.31869333333395,239.31869333333395
7111,393.91232000000053,393.91232000000053
7112,515.6769066666666,515.6769066666666
7113,413.0334399999999,413.0334399999999
7114,321.2511466666669,321.2511466666669
7115,341.35122666666706,341.35122666666706
7116,275.46650666666704,275.46650666666704
7117,234.2153600000005,234.2153600000005
7118,281.4371466666669,281.4371466666669
7119,404.0700533333336,404.0700533333336
7120,431.3245333333332,431.3245333333332
7121,403.69986666666676,403.69986666666676
7122,515.1542933333332,515.1542933333332
7123,1201.4238933333304,1201.4238933333304
7124,2000.6562666666625,2000.6562666666625
7125,3932.3773866666706,3932.3773866666706
7126,4756.856506666679,4756.856506666679
7127,3767.0369066666703,3767.0369066666703
7128,1699.8628533333297,1699.8628533333297
7129,36.555199999999985,36.555199999999985
7130,163.10024000000018,163.10024000000018
7131,294.1282133333336,294.1282133333336
7132,267.43754666666706,267.43754666666706
7133,258.10301333333376,258.10301333333376
7134,232.72496000000035,232.72496000000035
7135,399.5074666666669,399.5074666666669
7136,646.8878399999993,646.8878399999993
7137,564.6797333333324,564.6797333333324
7138,437.64594666666693,437.64594666666693
7139,267.62474666666725,267.62474666666725
7140,232.5330933333336,232.5330933333336
7141,280.5032533333335,280.5032533333335
7142,270.42517333333376,270.42517333333376
7143,325.49181333333377,325.49181333333377
7144,348.82618666666724,348.82618666666724
7145,351.43941333333413,351.43941333333413
7146,489.9134933333331,489.9134933333331
7147,1126.1866133333297,1126.1866133333297
7148,2691.3034666666626,2691.3034666666626
7149,3989.7775733333397,3989.7775733333397
7150,4371.103813333348,4371.103813333348
7151,3888.9863733333405,3888.9863733333405
7152,2006.663066666664,2006.663066666664
7153,91.24082666666662,91.24082666666662
7154,115.87802666666663,115.87802666666663
7155,195.3906400000005,195.3906400000005
7156,214.61770666666703,214.61770666666703
7157,165.5282666666669,165.5282666666669
7158,236.19312000000033,236.19312000000033
7159,337.45672000000064,337.45672000000064
7160,530.3954933333325,530.3954933333325
7161,506.23189333333335,506.23189333333335
7162,384.3127466666667,384.3127466666667
7163,269.1182933333338,269.1182933333338
7164,336.3096800000003,336.3096800000003
7165,375.1333866666671,375.1333866666671
7166,356.28677333333377,356.28677333333377
7167,304.2150133333339,304.2150133333339
7168,327.92197333333377,327.92197333333377
7169,399.9680000000002,399.9680000000002
7170,557.2422133333331,557.2422133333331
7171,1034.1797866666632,1034.1797866666632
7172,2278.231146666661,2278.231146666661
7173,4161.702853333342,4161.702853333342
7174,4633.250853333342,4633.250853333342
7175,4207.296133333338,4207.296133333338
7176,1870.6704799999968,1870.6704799999968
7177,69.77807999999992,69.77807999999992
7178,192.77706666666688,192.77706666666688
7179,254.3722133333336,254.3722133333336
7180,219.6566133333336,219.6566133333336
7181,195.76688000000033,195.76688000000033
7182,193.53149333333377,193.53149333333377
7183,293.32330666666724,293.32330666666724
7184,549.2968533333333,549.2968533333333
7185,505.26991999999984,505.26991999999984
7186,351.3579200000005,351.3579200000005
7187,358.7129866666669,358.7129866666669
7188,248.40090666666708,248.40090666666708
7189,307.0077600000005,307.0077600000005
7190,442.5191466666672,442.5191466666672
7191,480.5985866666671,480.5985866666671
7192,567.58208,567.58208
7193,494.97346666666675,494.97346666666675
7194,462.96424,462.96424
7195,1578.8341599999958,1578.8341599999958
7196,2787.0834133333265,2787.0834133333265
7197,3874.818933333338,3874.818933333338
7198,4376.2204000000065,4376.2204000000065
7199,3892.560186666669,3892.560186666669
7200,1454.33021333333,1454.33021333333
7201,48.68815999999998,48.68815999999998
7202,130.06586666666664,130.06586666666664
7203,266.1340800000002,266.1340800000002
7204,257.9190400000005,257.9190400000005
7205,297.8635200000005,297.8635200000005
7206,275.92538666666707,275.92538666666707
7207,350.5469866666672,350.5469866666672
7208,497.7281599999995,497.7281599999995
7209,384.6074133333336,384.6074133333336
7210,316.3701600000005,316.3701600000005
7211,306.44776000000036,306.44776000000036
7212,381.10773333333395,381.10773333333395
7213,332.39600000000087,332.39600000000087
7214,290.9608800000003,290.9608800000003
7215,368.7974400000005,368.7974400000005
7216,283.1260533333336,283.1260533333336
7217,305.89813333333376,305.89813333333376
7218,638.4889066666661,638.4889066666661
7219,1591.2670399999965,1591.2670399999965
7220,2642.201679999995,2642.201679999995
7221,4096.5869866666735,4096.5869866666735
7222,4279.3697866666735,4279.3697866666735
7223,3583.0760000000005,3583.0760000000005
7224,2095.225839999995,2095.225839999995
7225,114.20074666666683,114.20074666666683
7226,272.8517866666669,272.8517866666669
7227,369.7222133333339,369.7222133333339
7228,290.76922666666707,290.76922666666707
7229,183.63061333333346,183.63061333333346
7230,259.4981066666669,259.4981066666669
7231,472.2047999999998,472.2047999999998
7232,712.2443733333317,712.2443733333317
7233,500.6390133333332,500.6390133333332
7234,245.7737600000005,245.7737600000005
7235,268.3706133333336,268.3706133333336
7236,301.4071200000005,301.4071200000005
7237,286.85018666666707,286.85018666666707
7238,307.3824800000003,307.3824800000003
7239,372.7155466666669,372.7155466666669
7240,388.02330666666694,388.02330666666694
7241,315.2300266666666,315.2300266666666
7242,410.0889333333333,410.0889333333333
7243,1409.1042933333295,1409.1042933333295
7244,2399.767359999994,2399.767359999994
7245,4211.475546666674,4211.475546666674
7246,5036.894266666681,5036.894266666681
7247,3580.563786666669,3580.563786666669
7248,1312.7400266666634,1312.7400266666634
7249,105.24442666666667,105.24442666666667
7250,166.83650666666657,166.83650666666657
7251,269.67858666666723,269.67858666666723
7252,198.37781333333345,198.37781333333345
7253,249.8921333333338,249.8921333333338
7254,339.11474666666686,339.11474666666686
7255,359.92069333333393,359.92069333333393
7256,562.4406933333331,562.4406933333331
7257,412.3495466666671,412.3495466666671
7258,335.9448000000005,335.9448000000005
7259,414.8911733333338,414.8911733333338
7260,319.70154666666707,319.70154666666707
7261,253.81602666666686,253.81602666666686
7262,294.1340800000003,294.1340800000003
7263,311.6807200000007,311.6807200000007
7264,380.3702933333336,380.3702933333336
7265,414.3396266666666,414.3396266666666
7266,431.2391999999998,431.2391999999998
7267,964.0634666666634,964.0634666666634
7268,2228.879493333328,2228.879493333328
7269,4255.921226666677,4255.921226666677
7270,4935.136400000013,4935.136400000013
7271,3654.0715733333363,3654.0715733333363
7272,1591.6855466666643,1591.6855466666643
7273,77.61914666666657,77.61914666666657
7274,102.06749333333323,102.06749333333323
7275,163.47672000000034,163.47672000000034
7276,246.7230400000003,246.7230400000003
7277,218.72264000000015,218.72264000000015
7278,206.75770666666705,206.75770666666705
7279,372.8441333333341,372.8441333333341
7280,608.4872799999989,608.4872799999989
7281,583.9872799999989,583.9872799999989
7282,317.75677333333397,317.75677333333397
7283,304.20480000000015,304.20480000000015
7284,271.91813333333397,271.91813333333397
7285,245.04266666666692,245.04266666666692
7286,186.80754666666704,186.80754666666704
7287,245.79205333333363,245.79205333333363
7288,292.45864000000046,292.45864000000046
7289,425.5421066666666,425.5421066666666
7290,594.0713333333325,594.0713333333325
7291,1884.9854399999954,1884.9854399999954
7292,3092.45213333333,3092.45213333333
7293,3390.6868000000004,3390.6868000000004
7294,4522.4233866666755,4522.4233866666755
7295,3462.0551466666675,3462.0551466666675
7296,1673.0351999999966,1673.0351999999966
7297,50.74080000000005,50.74080000000005
7298,99.08181333333334,99.08181333333334
7299,209.38952000000032,209.38952000000032
7300,295.43274666666724,295.43274666666724
7301,322.1259466666669,322.1259466666669
7302,332.0254933333336,332.0254933333336
7303,409.2074133333336,409.2074133333336
7304,662.8845066666647,662.8845066666647
7305,585.3258933333318,585.3258933333318
7306,315.0725333333341,315.0725333333341
7307,213.86978666666676,213.86978666666676
7308,155.07554666666672,155.07554666666672
7309,173.18088000000017,173.18088000000017
7310,253.4390400000005,253.4390400000005
7311,347.13810666666706,347.13810666666706
7312,396.97490666666704,396.97490666666704
7313,456.33432000000005,456.33432000000005
7314,536.9769599999995,536.9769599999995
7315,1660.0310399999971,1660.0310399999971
7316,2978.8060799999967,2978.8060799999967
7317,4011.325280000007,4011.325280000007
7318,4272.163280000007,4272.163280000007
7319,3440.6947999999984,3440.6947999999984
7320,1229.5335466666636,1229.5335466666636
7321,35.99504,35.99504
7322,61.75192,61.75192
7323,124.65248000000015,124.65248000000015
7324,196.13882666666706,196.13882666666706
7325,280.68800000000016,280.68800000000016
7326,359.43629333333377,359.43629333333377
7327,469.97303999999986,469.97303999999986
7328,593.9290933333325,593.9290933333325
7329,471.51119999999986,471.51119999999986
7330,293.8353333333338,293.8353333333338
7331,218.53240000000048,218.53240000000048
7332,183.25880000000018,183.25880000000018
7333,256.0528,256.0528
7334,355.3500000000002,355.3500000000002
7335,318.7677066666669,318.7677066666669
7336,307.37856000000016,307.37856000000016
7337,234.40258666666705,234.40258666666705
7338,397.63018666666693,397.63018666666693
7339,1449.1803466666624,1449.1803466666624
7340,2820.8329066666643,2820.8329066666643
7341,3900.2459733333376,3900.2459733333376
7342,4593.818800000015,4593.818800000015
7343,4258.522533333339,4258.522533333339
7344,1447.8858399999972,1447.8858399999972
7345,71.27386666666665,71.27386666666665
7346,173.37010666666674,173.37010666666674
7347,243.1768266666669,243.1768266666669
7348,194.64632000000017,194.64632000000017
7349,139.20874666666674,139.20874666666674
7350,150.94722666666672,150.94722666666672
7351,292.17677333333376,292.17677333333376
7352,580.7811199999992,580.7811199999992
7353,454.222373333333,454.222373333333
7354,316.3127466666672,316.3127466666672
7355,294.1307466666672,294.1307466666672
7356,375.3223733333341,375.3223733333341
7357,343.9646666666672,343.9646666666672
7358,292.07741333333394,292.07741333333394
7359,229.3596800000003,229.3596800000003
7360,249.70581333333377,249.70581333333377
7361,343.03653333333364,343.03653333333364
7362,604.8682399999991,604.8682399999991
7363,1499.318773333329,1499.318773333329
7364,2673.9092799999953,2673.9092799999953
7365,3520.3610133333345,3520.3610133333345
7366,4455.022640000013,4455.022640000013
7367,3694.397493333336,3694.397493333336
7368,1745.8627466666626,1745.8627466666626
7369,144.06565333333336,144.06565333333336
7370,329.2239466666669,329.2239466666669
7371,268.56445333333346,268.56445333333346
7372,237.01696000000015,237.01696000000015
7373,197.25808000000032,197.25808000000032
7374,307.89693333333395,307.89693333333395
7375,417.66509333333346,417.66509333333346
7376,671.1542399999981,671.1542399999981
7377,546.8451466666663,546.8451466666663
7378,282.91234666666736,282.91234666666736
7379,253.06634666666707,253.06634666666707
7380,267.43712000000033,267.43712000000033
7381,184.75253333333376,184.75253333333376
7382,187.36448000000019,187.36448000000019
7383,291.5172800000002,291.5172800000002
7384,329.2223200000002,329.2223200000002
7385,387.4601600000002,387.4601600000002
7386,530.920746666666,530.920746666666
7387,1231.9419733333298,1231.9419733333298
7388,2730.1107733333283,2730.1107733333283
7389,4295.121386666676,4295.121386666676
7390,4721.258320000011,4721.258320000011
7391,3326.62112,3326.62112
7392,1504.0599733333297,1504.0599733333297
7393,97.02919999999997,97.02919999999997
7394,183.82016000000033,183.82016000000033
7395,196.69850666666673,196.69850666666673
7396,249.89072000000016,249.89072000000016
7397,283.3015733333339,283.3015733333339
7398,319.4617866666674,319.4617866666674
7399,375.8790933333338,375.8790933333338
7400,579.9091999999994,579.9091999999994
7401,533.9377333333325,533.9377333333325
7402,362.72136000000046,362.72136000000046
7403,301.0367466666672,301.0367466666672
7404,216.29768000000018,216.29768000000018
7405,247.28088000000017,247.28088000000017
7406,224.88456000000016,224.88456000000016
7407,187.55098666666674,187.55098666666674
7408,208.0838666666669,208.0838666666669
7409,311.30554666666694,311.30554666666694
7410,603.5626399999994,603.5626399999994
7411,1166.1203733333298,1166.1203733333298
7412,1981.349813333328,1981.349813333328
7413,3458.226319999999,3458.226319999999
7414,5001.880053333342,5001.880053333342
7415,4248.540133333339,4248.540133333339
7416,2000.6383733333296,2000.6383733333296
7417,59.886746666666625,59.886746666666625
7418,219.65760000000034,219.65760000000034
7419,294.3154933333336,294.3154933333336
7420,347.5101066666669,347.5101066666669
7421,334.25970666666694,334.25970666666694
7422,389.69896,389.69896
7423,363.5230933333339,363.5230933333339
7424,575.5331466666657,575.5331466666657
7425,501.2166399999992,501.2166399999992
7426,295.3286666666674,295.3286666666674
7427,228.24010666666686,228.24010666666686
7428,230.10525333333362,230.10525333333362
7429,262.21165333333374,262.21165333333374
7430,257.54960000000017,257.54960000000017
7431,235.52352000000047,235.52352000000047
7432,225.6322666666672,225.6322666666672
7433,367.6763733333338,367.6763733333338
7434,487.39813333333313,487.39813333333313
7435,961.0782399999966,961.0782399999966
7436,2823.9437599999956,2823.9437599999956
7437,4522.281973333345,4522.281973333345
7438,4609.979653333341,4609.979653333341
7439,3352.060773333333,3352.060773333333
7440,1478.822346666664,1478.822346666664
7441,126.89253333333347,126.89253333333347
7442,227.49245333333343,227.49245333333343
7443,270.4217600000002,270.4217600000002
7444,231.22680000000014,231.22680000000014
7445,189.23141333333362,189.23141333333362
7446,177.2416533333336,177.2416533333336
7447,478.6726133333333,478.6726133333333
7448,702.1400266666647,702.1400266666647
7449,501.2220266666651,501.2220266666651
7450,237.2104533333336,237.2104533333336
7451,243.9189333333336,243.9189333333336
7452,322.49845333333343,322.49845333333343
7453,333.88335999999987,333.88335999999987
7454,339.10984000000053,339.10984000000053
7455,247.28117333333364,247.28117333333364
7456,332.39458666666707,332.39458666666707
7457,288.53373333333377,288.53373333333377
7458,518.259413333333,518.259413333333
7459,1281.5092533333288,1281.5092533333288
7460,2190.4970933333266,2190.4970933333266
7461,3930.2097333333413,3930.2097333333413
7462,4211.981546666677,4211.981546666677
7463,3833.1747733333395,3833.1747733333395
7464,1789.032666666664,1789.032666666664
7465,123.72069333333343,123.72069333333343
7466,197.0716266666669,197.0716266666669
7467,216.1089600000003,216.1089600000003
7468,246.90456000000017,246.90456000000017
7469,195.57768000000019,195.57768000000019
7470,219.10029333333392,219.10029333333392
7471,282.95101333333395,282.95101333333395
7472,640.0599466666647,640.0599466666647
7473,496.6182666666662,496.6182666666662
7474,245.4357600000005,245.4357600000005
7475,215.92269333333343,215.92269333333343
7476,200.99330666666688,200.99330666666688
7477,217.23378666666673,217.23378666666673
7478,318.02352000000036,318.02352000000036
7479,296.9324533333336,296.9324533333336
7480,236.27016000000063,236.27016000000063
7481,282.1846666666669,282.1846666666669
7482,548.8313333333329,548.8313333333329
7483,1611.177386666664,1611.177386666664
7484,2501.0929066666613,2501.0929066666613
7485,3844.941600000008,3844.941600000008
7486,4999.354880000014,4999.354880000014
7487,3913.960240000005,3913.960240000005
7488,1505.7296533333308,1505.7296533333308
7489,55.78138666666668,55.78138666666668
7490,150.78378666666683,150.78378666666683
7491,185.87168000000017,185.87168000000017
7492,207.89578666666705,207.89578666666705
7493,241.30402666666689,241.30402666666689
7494,232.35501333333346,232.35501333333346
7495,408.88765333333345,408.88765333333345
7496,653.4435199999978,653.4435199999978
7497,559.593306666665,559.593306666665
7498,459.8550133333338,459.8550133333338
7499,338.36626666666706,338.36626666666706
7500,291.51904000000053,291.51904000000053
7501,259.41314666666705,259.41314666666705
7502,251.0129866666669,251.0129866666669
7503,265.0122933333336,265.0122933333336
7504,290.02280000000036,290.02280000000036
7505,209.2072800000003,209.2072800000003
7506,375.23010666666687,375.23010666666687
7507,1375.9649599999966,1375.9649599999966
7508,2699.740773333328,2699.740773333328
7509,3964.0445866666723,3964.0445866666723
7510,4514.942373333348,4514.942373333348
7511,3671.4141866666687,3671.4141866666687
7512,1487.0193333333295,1487.0193333333295
7513,127.64240000000007,127.64240000000007
7514,265.20112000000034,265.20112000000034
7515,256.7986400000004,256.7986400000004
7516,353.4849600000007,353.4849600000007
7517,314.09997333333376,314.09997333333376
7518,252.05949333333362,252.05949333333362
7519,346.02250666666737,346.02250666666737
7520,515.858693333333,515.858693333333
7521,527.3475466666666,527.3475466666666
7522,294.63848000000047,294.63848000000047
7523,316.9038666666669,316.9038666666669
7524,268.74848000000037,268.74848000000037
7525,326.2336266666669,326.2336266666669
7526,298.7955733333338,298.7955733333338
7527,211.44461333333362,211.44461333333362
7528,335.00664000000035,335.00664000000035
7529,360.2084533333339,360.2084533333339
7530,573.9321599999997,573.9321599999997
7531,1479.7857599999957,1479.7857599999957
7532,2168.760719999994,2168.760719999994
7533,3582.8260266666675,3582.8260266666675
7534,4404.033173333344,4404.033173333344
7535,3340.352266666667,3340.352266666667
7536,1734.719119999997,1734.719119999997
7537,35.80898666666669,35.80898666666669
7538,150.22440000000012,150.22440000000012
7539,197.63277333333346,197.63277333333346
7540,295.812266666667,295.812266666667
7541,267.2528533333338,267.2528533333338
7542,282.88322666666653,282.88322666666653
7543,354.3864533333341,354.3864533333341
7544,523.9955199999995,523.9955199999995
7545,500.793333333333,500.793333333333
7546,379.11616000000066,379.11616000000066
7547,311.1156533333336,311.1156533333336
7548,296.18322666666705,296.18322666666705
7549,296.7432266666669,296.7432266666669
7550,228.24392,228.24392
7551,266.69426666666686,266.69426666666686
7552,306.26304000000033,306.26304000000033
7553,373.45989333333364,373.45989333333364
7554,578.0876533333328,578.0876533333328
7555,1194.6215999999974,1194.6215999999974
7556,2653.9942666666625,2653.9942666666625
7557,4561.975866666687,4561.975866666687
7558,4661.328880000013,4661.328880000013
7559,3358.7547466666656,3358.7547466666656
7560,1408.8563466666637,1408.8563466666637
7561,156.94445333333374,156.94445333333374
7562,236.64192,236.64192
7563,224.8812533333336,224.8812533333336
7564,240.1867466666669,240.1867466666669
7565,295.2486400000002,295.2486400000002
7566,353.0898666666671,353.0898666666671
7567,570.4269333333331,570.4269333333331
7568,685.8996799999987,685.8996799999987
7569,641.0976799999995,641.0976799999995
7570,410.2079466666669,410.2079466666669
7571,334.0650133333341,334.0650133333341
7572,266.6899200000005,266.6899200000005
7573,191.4716266666669,191.4716266666669
7574,178.03429333333378,178.03429333333378
7575,172.62152000000017,172.62152000000017
7576,201.17973333333344,201.17973333333344
7577,219.10061333333343,219.10061333333343
7578,405.7006933333336,405.7006933333336
7579,874.7593866666639,874.7593866666639
7580,2434.231919999995,2434.231919999995
7581,4292.550586666678,4292.550586666678
7582,4696.863920000014,4696.863920000014
7583,3886.5008266666687,3886.5008266666687
7584,1750.0736533333297,1750.0736533333297
7585,42.15431999999997,42.15431999999997
7586,118.86509333333316,118.86509333333316
7587,264.4490133333335,264.4490133333335
7588,276.58050666666685,276.58050666666685
7589,289.83482666666686,289.83482666666686
7590,254.46168000000017,254.46168000000017
7591,353.2238666666674,353.2238666666674
7592,548.0981866666665,548.0981866666665
7593,538.6294666666662,538.6294666666662
7594,395.99922666666725,395.99922666666725
7595,339.4856000000002,339.4856000000002
7596,289.0858933333336,289.0858933333336
7597,271.917706666667,271.917706666667
7598,231.22949333333378,231.22949333333378
7599,297.30296000000016,297.30296000000016
7600,335.19224000000054,335.19224000000054
7601,322.5012000000004,322.5012000000004
7602,457.90559999999937,457.90559999999937
7603,1336.5593866666622,1336.5593866666622
7604,2140.2959733333278,2140.2959733333278
7605,3557.336533333336,3557.336533333336
7606,4576.491866666675,4576.491866666675
7607,3985.543520000003,3985.543520000003
7608,1458.5072533333303,1458.5072533333303
7609,69.59242666666663,69.59242666666663
7610,95.53485333333332,95.53485333333332
7611,142.94181333333356,142.94181333333356
7612,193.71106666666674,193.71106666666674
7613,231.97306666666688,231.97306666666688
7614,261.3618400000002,261.3618400000002
7615,299.2157600000005,299.2157600000005
7616,535.217813333333,535.217813333333
7617,522.7073066666666,522.7073066666666
7618,389.58605333333344,389.58605333333344
7619,298.60690666666704,298.60690666666704
7620,247.65442666666686,247.65442666666686
7621,354.2306666666675,354.2306666666675
7622,395.29445333333376,395.29445333333376
7623,439.34549333333393,439.34549333333393
7624,385.96432000000004,385.96432000000004
7625,388.9536266666671,388.9536266666671
7626,473.9947999999995,473.9947999999995
7627,1200.5433866666629,1200.5433866666629
7628,2244.0160533333283,2244.0160533333283
7629,4223.13221333334,4223.13221333334
7630,4363.0209066666785,4363.0209066666785
7631,3673.3323200000013,3673.3323200000013
7632,1794.1891733333298,1794.1891733333298
7633,91.80218666666673,91.80218666666673
7634,223.01597333333376,223.01597333333376
7635,233.0952533333336,233.0952533333336
7636,208.8313600000002,208.8313600000002
7637,193.89610666666704,193.89610666666704
7638,197.13101333333375,197.13101333333375
7639,360.2845866666672,360.2845866666672
7640,582.3322933333328,582.3322933333328
7641,454.6029866666667,454.6029866666667
7642,284.32288000000034,284.32288000000034
7643,280.31685333333365,280.31685333333365
7644,288.15616000000017,288.15616000000017
7645,397.1545866666668,397.1545866666668
7646,313.9087733333338,313.9087733333338
7647,237.94602666666708,237.94602666666708
7648,285.1697066666669,285.1697066666669
7649,321.9442133333338,321.9442133333338
7650,589.4279466666661,589.4279466666661
7651,1069.0481333333298,1069.0481333333298
7652,2510.4974399999955,2510.4974399999955
7653,3971.1037066666754,3971.1037066666754
7654,4643.837760000013,4643.837760000013
7655,3427.4909333333344,3427.4909333333344
7656,1513.1405599999975,1513.1405599999975
7657,69.21927999999996,69.21927999999996
7658,202.29976000000016,202.29976000000016
7659,256.05282666666693,256.05282666666693
7660,253.06730666666692,253.06730666666692
7661,316.7135466666669,316.7135466666669
7662,301.59992000000034,301.59992000000034
7663,351.48418666666703,351.48418666666703
7664,584.974026666666,584.974026666666
7665,423.61672,423.61672
7666,238.29773333333378,238.29773333333378
7667,235.5173333333338,235.5173333333338
7668,238.8764266666667,238.8764266666667
7669,295.2461600000003,295.2461600000003
7670,256.796506666667,256.796506666667
7671,248.77346666666705,248.77346666666705
7672,276.21125333333396,276.21125333333396
7673,293.7609066666672,293.7609066666672
7674,586.7080799999993,586.7080799999993
7675,1555.198639999996,1555.198639999996
7676,2524.289839999994,2524.289839999994
7677,3962.414453333338,3962.414453333338
7678,4891.04154666668,4891.04154666668
7679,3937.059893333338,3937.059893333338
7680,1616.046479999997,1616.046479999997
7681,64.92741333333322,64.92741333333322
7682,185.12608000000017,185.12608000000017
7683,252.13301333333362,252.13301333333362
7684,399.9592266666669,399.9592266666669
7685,390.44056000000035,390.44056000000035
7686,347.2228800000002,347.2228800000002
7687,477.3655999999992,477.3655999999992
7688,511.43130666666616,511.43130666666616
7689,416.56568000000055,416.56568000000055
7690,295.89837333333395,295.89837333333395
7691,203.79274666666706,203.79274666666706
7692,198.7533066666669,198.7533066666669
7693,203.23181333333378,203.23181333333378
7694,258.85165333333345,258.85165333333345
7695,299.54469333333344,299.54469333333344
7696,322.5029333333338,322.5029333333338
7697,218.35336000000018,218.35336000000018
7698,370.9786133333336,370.9786133333336
7699,1472.1814933333285,1472.1814933333285
7700,2616.8742666666594,2616.8742666666594
7701,3789.4561866666686,3789.4561866666686
7702,5046.370026666686,5046.370026666686
7703,3448.0364000000004,3448.0364000000004
7704,1606.6218666666625,1606.6218666666625
7705,67.91341333333332,67.91341333333332
7706,239.62906666666686,239.62906666666686
7707,296.18141333333375,296.18141333333375
7708,381.2941333333341,381.2941333333341
7709,316.5252000000002,316.5252000000002
7710,279.8162400000007,279.8162400000007
7711,357.9831466666674,357.9831466666674
7712,490.9267733333336,490.9267733333336
7713,468.7939733333337,468.7939733333337
7714,219.74754666666686,219.74754666666686
7715,197.63533333333376,197.63533333333376
7716,282.5578400000005,282.5578400000005
7717,288.15765333333377,288.15765333333377
7718,252.5064000000005,252.5064000000005
7719,229.3604533333336,229.3604533333336
7720,255.86629333333346,255.86629333333346
7721,273.41381333333374,273.41381333333374
7722,464.93224000000004,464.93224000000004
7723,1317.4530933333294,1317.4530933333294
7724,2489.841439999994,2489.841439999994
7725,4248.841440000005,4248.841440000005
7726,4641.136373333345,4641.136373333345
7727,3457.570106666668,3457.570106666668
7728,1193.2726133333306,1193.2726133333306
7729,98.89576,98.89576
7730,184.0074133333336,184.0074133333336
7731,314.1033066666671,314.1033066666671
7732,275.09304000000003,275.09304000000003
7733,262.3990400000002,262.3990400000002
7734,410.4422133333338,410.4422133333338
7735,482.6164533333335,482.6164533333335
7736,625.8791733333328,625.8791733333328
7737,532.5546933333328,532.5546933333328
7738,297.1236800000008,297.1236800000008
7739,238.87856000000033,238.87856000000033
7740,273.0340266666669,273.0340266666669
7741,279.1947733333336,279.1947733333336
7742,217.23061333333362,217.23061333333362
7743,214.80458666666686,214.80458666666686
7744,248.77541333333374,248.77541333333374
7745,267.2553600000007,267.2553600000007
7746,546.391199999999,546.391199999999
7747,1281.7187733333294,1281.7187733333294
7748,2207.9097066666627,2207.9097066666627
7749,3864.8437600000034,3864.8437600000034
7750,4747.760293333341,4747.760293333341
7751,3962.3149600000033,3962.3149600000033
7752,1697.8027733333297,1697.8027733333297
7753,89.9378133333334,89.9378133333334
7754,297.3037866666669,297.3037866666669
7755,300.84613333333346,300.84613333333346
7756,243.54549333333375,243.54549333333375
7757,251.94792000000018,251.94792000000018
7758,245.4464,245.4464
7759,339.88650666666695,339.88650666666695
7760,650.3551199999986,650.3551199999986
7761,500.68210666666613,500.68210666666613
7762,299.1189333333338,299.1189333333338
7763,225.62989333333394,225.62989333333394
7764,232.16213333333363,232.16213333333363
7765,312.04626666666707,312.04626666666707
7766,328.47229333333377,328.47229333333377
7767,297.67706666666703,297.67706666666703
7768,267.0662666666669,267.0662666666669
7769,207.52744000000018,207.52744000000018
7770,329.5744800000002,329.5744800000002
7771,1396.9983999999959,1396.9983999999959
7772,3040.340453333333,3040.340453333333
7773,4214.284613333343,4214.284613333343
7774,4811.78176000001,4811.78176000001
7775,3721.8344800000036,3721.8344800000036
7776,1195.5512533333308,1195.5512533333308
7777,39.54269333333333,39.54269333333333
7778,189.79410666666706,189.79410666666706
7779,265.19821333333397,265.19821333333397
7780,225.25765333333345,225.25765333333345
7781,280.8781866666669,280.8781866666669
7782,292.45762666666707,292.45762666666707
7783,394.79333333333363,394.79333333333363
7784,491.4622666666661,491.4622666666661
7785,520.1019199999994,520.1019199999994
7786,459.98242666666675,459.98242666666675
7787,335.19016000000016,335.19016000000016
7788,249.7082666666672,249.7082666666672
7789,270.42634666666686,270.42634666666686
7790,286.10293333333374,286.10293333333374
7791,254.37050666666707,254.37050666666707
7792,245.41304000000034,245.41304000000034
7793,296.18373333333375,296.18373333333375
7794,554.2919999999996,554.2919999999996
7795,1665.1050666666624,1665.1050666666624
7796,2197.767626666661,2197.767626666661
7797,3917.3230133333377,3917.3230133333377
7798,4822.341386666679,4822.341386666679
7799,3477.33664,3477.33664
7800,1469.591226666664,1469.591226666664
7801,104.68397333333351,104.68397333333351
7802,172.62208000000018,172.62208000000018
7803,256.7984266666672,256.7984266666672
7804,234.5854933333336,234.5854933333336
7805,253.25109333333396,253.25109333333396
7806,205.39320000000035,205.39320000000035
7807,357.21402666666705,357.21402666666705
7808,650.9134666666658,650.9134666666658
7809,522.7103199999996,522.7103199999996
7810,326.6936533333336,326.6936533333336
7811,279.1965600000002,279.1965600000002
7812,243.91866666666706,243.91866666666706
7813,327.7224533333336,327.7224533333336
7814,376.0631733333338,376.0631733333338
7815,323.99093333333377,323.99093333333377
7816,283.11765333333375,283.11765333333375
7817,174.11736000000002,174.11736000000002
7818,424.44917333333325,424.44917333333325
7819,1200.1262666666642,1200.1262666666642
7820,2612.1360533333263,2612.1360533333263
7821,3884.7563733333395,3884.7563733333395
7822,4621.471146666676,4621.471146666676
7823,3624.6605600000034,3624.6605600000034
7824,1367.3568533333303,1367.3568533333303
7825,81.35170666666659,81.35170666666659
7826,195.76552000000015,195.76552000000015
7827,279.75738666666706,279.75738666666706
7828,238.1336533333336,238.1336533333336
7829,225.8158933333336,225.8158933333336
7830,277.57869333333343,277.57869333333343
7831,333.2638933333338,333.2638933333338
7832,609.584719999999,609.584719999999
7833,594.4086933333323,594.4086933333323
7834,344.31514666666703,344.31514666666703
7835,263.1437866666669,263.1437866666669
7836,293.1927733333338,293.1927733333338
7837,280.8760266666669,280.8760266666669
7838,284.60808000000037,284.60808000000037
7839,244.4787200000005,244.4787200000005
7840,197.81834666666705,197.81834666666705
7841,232.91413333333378,232.91413333333378
7842,628.7867466666653,628.7867466666653
7843,1643.5044533333298,1643.5044533333298
7844,2346.0754933333264,2346.0754933333264
7845,3693.4337333333347,3693.4337333333347
7846,4693.748080000013,4693.748080000013
7847,3875.8405066666674,3875.8405066666674
7848,1544.8845866666634,1544.8845866666634
7849,84.52410666666657,84.52410666666657
7850,151.34397333333334,151.34397333333334
7851,219.28362666666692,219.28362666666692
7852,259.4145866666672,259.4145866666672
7853,232.3509066666672,232.3509066666672
7854,294.5891200000005,294.5891200000005
7855,382.2496800000002,382.2496800000002
7856,546.4443999999987,546.4443999999987
7857,492.03842666666606,492.03842666666606
7858,263.1482133333338,263.1482133333338
7859,236.63917333333362,236.63917333333362
7860,243.7326933333338,243.7326933333338
7861,268.5547466666671,268.5547466666671
7862,242.8004000000005,242.8004000000005
7863,251.38802666666703,251.38802666666703
7864,255.49216000000035,255.49216000000035
7865,291.70365333333393,291.70365333333393
7866,377.6558933333335,377.6558933333335
7867,1409.52261333333,1409.52261333333
7868,2641.6273333333297,2641.6273333333297
7869,4376.218106666682,4376.218106666682
7870,4419.811893333345,4419.811893333345
7871,3242.7490133333313,3242.7490133333313
7872,1768.954959999997,1768.954959999997
7873,50.927573333333314,50.927573333333314
7874,134.5446933333334,134.5446933333334
7875,228.98898666666688,228.98898666666688
7876,330.34016,330.34016
7877,395.2935733333338,395.2935733333338
7878,276.53402666666733,276.53402666666733
7879,307.39304000000067,307.39304000000067
7880,610.4631199999985,610.4631199999985
7881,522.2295199999995,522.2295199999995
7882,357.22554666666707,357.22554666666707
7883,308.3144533333339,308.3144533333339
7884,248.02861333333345,248.02861333333345
7885,320.0745333333334,320.0745333333334
7886,245.22725333333375,245.22725333333375
7887,304.9543733333334,304.9543733333334
7888,214.61685333333344,214.61685333333344
7889,171.87640000000016,171.87640000000016
7890,428.88349333333304,428.88349333333304
7891,1441.3999999999953,1441.3999999999953
7892,2944.7433866666624,2944.7433866666624
7893,3946.987840000005,3946.987840000005
7894,4486.296853333343,4486.296853333343
7895,3521.4021600000015,3521.4021600000015
7896,1432.199706666664,1432.199706666664
7897,54.66071999999993,54.66071999999993
7898,161.24005333333344,161.24005333333344
7899,178.7825066666669,178.7825066666669
7900,237.94410666666704,237.94410666666704
7901,284.04536000000047,284.04536000000047
7902,328.47242666666705,328.47242666666705
7903,432.77592000000016,432.77592000000016
7904,510.47463999999957,510.47463999999957
7905,508.7662666666659,508.7662666666659
7906,306.8013066666671,306.8013066666671
7907,292.82184,292.82184
7908,273.9683200000005,273.9683200000005
7909,243.17306666666707,243.17306666666707
7910,223.57517333333345,223.57517333333345
7911,232.90957333333392,232.90957333333392
7912,238.13440000000034,238.13440000000034
7913,277.1462400000002,277.1462400000002
7914,462.41682666666685,462.41682666666685
7915,1258.519599999996,1258.519599999996
7916,2928.5064533333316,2928.5064533333316
7917,4909.265706666685,4909.265706666685
7918,4544.56808000001,4544.56808000001
7919,3359.279493333331,3359.279493333331
7920,1461.3870133333296,1461.3870133333296
7921,72.76599999999995,72.76599999999995
7922,127.45253333333345,127.45253333333345
7923,247.28058666666703,247.28058666666703
7924,309.61968,309.61968
7925,342.0973866666666,342.0973866666666
7926,279.30922666666703,279.30922666666703
7927,422.46303999999986,422.46303999999986
7928,609.8246933333329,609.8246933333329
7929,534.1204799999999,534.1204799999999
7930,252.85682666666705,252.85682666666705
7931,188.6689866666669,188.6689866666669
7932,304.3930933333339,304.3930933333339
7933,212.74909333333346,212.74909333333346
7934,242.05370666666687,242.05370666666687
7935,248.39978666666704,248.39978666666704
7936,291.1438666666672,291.1438666666672
7937,271.92176000000063,271.92176000000063
7938,455.52264000000014,455.52264000000014
7939,1488.6823199999958,1488.6823199999958
7940,2539.8541066666608,2539.8541066666608
7941,4025.874506666675,4025.874506666675
7942,4381.979813333344,4381.979813333344
7943,3459.978880000002,3459.978880000002
7944,1583.7309066666642,1583.7309066666642
7945,113.26856000000001,113.26856000000001
7946,191.1018933333336,191.1018933333336
7947,266.69186666666707,266.69186666666707
7948,323.9929600000002,323.9929600000002
7949,307.0085333333336,307.0085333333336
7950,259.76597333333365,259.76597333333365
7951,453.4465066666669,453.4465066666669
7952,553.6458133333329,553.6458133333329
7953,491.6996266666659,491.6996266666659
7954,432.30402666666663,432.30402666666663
7955,260.3470933333336,260.3470933333336
7956,198.56629333333376,198.56629333333376
7957,196.14144000000033,196.14144000000033
7958,170.94197333333344,170.94197333333344
7959,254.0009600000003,254.0009600000003
7960,244.85605333333362,244.85605333333362
7961,267.25656000000066,267.25656000000066
7962,369.499573333333,369.499573333333
7963,1241.2597066666622,1241.2597066666622
7964,2862.337413333328,2862.337413333328
7965,4368.976240000005,4368.976240000005
7966,4665.8298400000085,4665.8298400000085
7967,3726.738346666669,3726.738346666669
7968,1631.3020799999967,1631.3020799999967
7969,94.4165066666667,94.4165066666667
7970,240.37322666666705,240.37322666666705
7971,258.85213333333377,258.85213333333377
7972,260.16010666666705,260.16010666666705
7973,336.1258666666674,336.1258666666674
7974,362.6634666666671,362.6634666666671
7975,464.86413333333314,464.86413333333314
7976,631.1530399999987,631.1530399999987
7977,438.3116266666669,438.3116266666669
7978,241.87386666666703,241.87386666666703
7979,233.8412000000003,233.8412000000003
7980,218.72546666666673,218.72546666666673
7981,274.71794666666676,274.71794666666676
7982,376.8136533333338,376.8136533333338
7983,256.23906666666693,256.23906666666693
7984,166.8351733333336,166.8351733333336
7985,195.39538666666704,195.39538666666704
7986,590.8187466666659,590.8187466666659
7987,1421.2713599999954,1421.2713599999954
7988,2621.416506666663,2621.416506666663
7989,3911.8270133333444,3911.8270133333444
7990,4065.585226666677,4065.585226666677
7991,3617.1523466666677,3617.1523466666677
7992,1720.7720266666624,1720.7720266666624
7993,72.5791733333333,72.5791733333333
7994,172.9967466666669,172.9967466666669
7995,189.04869333333377,189.04869333333377
7996,239.44474666666707,239.44474666666707
7997,296.5588800000005,296.5588800000005
7998,316.0535733333336,316.0535733333336
7999,439.1864800000001,439.1864800000001
8000,535.5115199999992,535.5115199999992
8001,566.3032266666659,566.3032266666659
8002,319.4937066666672,319.4937066666672
8003,276.02253333333346,276.02253333333346
8004,289.08944000000037,289.08944000000037
8005,255.11938666666688,255.11938666666688
8006,212.38066666666705,212.38066666666705
8007,209.02072000000032,209.02072000000032
8008,238.32418666666706,238.32418666666706
8009,342.7430666666669,342.7430666666669
8010,648.4817066666665,648.4817066666665
8011,1534.3386933333302,1534.3386933333302
8012,2641.083813333327,2641.083813333327
8013,3737.058240000003,3737.058240000003
8014,4839.460720000012,4839.460720000012
8015,3323.8991199999955,3323.8991199999955
8016,1953.6518666666643,1953.6518666666643
8017,101.50965333333339,101.50965333333339
8018,188.86165333333346,188.86165333333346
8019,257.92117333333357,257.92117333333357
8020,347.88602666666674,347.88602666666674
8021,328.4703466666669,328.4703466666669
8022,288.07906666666685,288.07906666666685
8023,379.8688800000007,379.8688800000007
8024,597.7687733333318,597.7687733333318
8025,425.91552000000047,425.91552000000047
8026,320.8199733333336,320.8199733333336
8027,296.1801866666667,296.1801866666667
8028,288.71314666666706,288.71314666666706
8029,265.0100266666672,265.0100266666672
8030,286.28925333333393,286.28925333333393
8031,216.10994666666704,216.10994666666704
8032,316.3386933333338,316.3386933333338
8033,307.75653333333366,307.75653333333366
8034,444.4946666666666,444.4946666666666
8035,1219.0970399999965,1219.0970399999965
8036,2507.7155733333266,2507.7155733333266
8037,4046.594906666669,4046.594906666669
8038,3866.090613333339,3866.090613333339
8039,3679.971813333338,3679.971813333338
8040,2152.9515999999967,2152.9515999999967
8041,88.06832000000006,88.06832000000006
8042,236.82362666666688,236.82362666666688
8043,297.67280000000045,297.67280000000045
8044,278.4506133333336,278.4506133333336
8045,335.56608000000017,335.56608000000017
8046,310.0552800000005,310.0552800000005
8047,346.9048000000005,346.9048000000005
8048,578.5207733333322,578.5207733333322
8049,506.97839999999906,506.97839999999906
8050,276.9135466666669,276.9135466666669
8051,280.31674666666675,280.31674666666675
8052,237.20536000000016,237.20536000000016
8053,315.7847733333336,315.7847733333336
8054,379.80570666666694,379.80570666666694
8055,270.8018400000003,270.8018400000003
8056,165.3442133333336,165.3442133333336
8057,164.59760000000017,164.59760000000017
8058,440.9271999999996,440.9271999999996
8059,1425.55461333333,1425.55461333333
8060,2234.1124266666607,2234.1124266666607
8061,3943.0369600000067,3943.0369600000067
8062,4590.251813333344,4590.251813333344
8063,3920.0947733333364,3920.0947733333364
8064,1874.5593866666622,1874.5593866666622
8065,63.80591999999993,63.80591999999993
8066,154.89032000000023,154.89032000000023
8067,243.36069333333376,243.36069333333376
8068,206.77712000000034,206.77712000000034
8069,220.21520000000032,220.21520000000032
8070,342.47501333333366,342.47501333333366
8071,534.6641333333326,534.6641333333326
8072,814.0723999999977,814.0723999999977
8073,536.2629333333329,536.2629333333329
8074,269.84672000000046,269.84672000000046
8075,254.00077333333394,254.00077333333394
8076,229.3635733333336,229.3635733333336
8077,322.31712000000067,322.31712000000067
8078,295.8126400000005,295.8126400000005
8079,296.5559733333338,296.5559733333338
8080,256.98352000000017,256.98352000000017
8081,222.0836000000005,222.0836000000005
8082,396.1412266666666,396.1412266666666
8083,1661.2223466666624,1661.2223466666624
8084,2837.3151466666595,2837.3151466666595
8085,4083.7744266666723,4083.7744266666723
8086,4418.080186666675,4418.080186666675
8087,3356.29448,3356.29448
8088,1429.067439999998,1429.067439999998
8089,61.006373333333286,61.006373333333286
8090,145.93037333333345,145.93037333333345
8091,186.43197333333362,186.43197333333362
8092,267.6244800000005,267.6244800000005
8093,234.21520000000015,234.21520000000015
8094,281.7424000000005,281.7424000000005
8095,375.00829333333394,375.00829333333394
8096,572.7115199999988,572.7115199999988
8097,498.3855733333331,498.3855733333331
8098,259.3563200000005,259.3563200000005
8099,269.4884266666667,269.4884266666667
8100,220.0280533333336,220.0280533333336
8101,147.42213333333342,147.42213333333342
8102,187.92474666666672,187.92474666666672
8103,275.09362666666703,275.09362666666703
8104,332.5842666666671,332.5842666666671
8105,371.40874666666645,371.40874666666645
8106,558.4430666666658,558.4430666666658
8107,1502.37269333333,1502.37269333333
8108,3140.029253333328,3140.029253333328
8109,3774.8780533333374,3774.8780533333374
8110,4676.064720000011,4676.064720000011
8111,3570.1817600000004,3570.1817600000004
8112,1784.497359999997,1784.497359999997
8113,79.48584,79.48584
8114,171.50325333333376,171.50325333333376
8115,266.6940266666672,266.6940266666672
8116,284.23629333333344,284.23629333333344
8117,225.06720000000016,225.06720000000016
8118,242.69592,242.69592
8119,321.90832000000034,321.90832000000034
8120,591.4523999999982,591.4523999999982
8121,603.0463466666656,603.0463466666656
8122,371.3005866666669,371.3005866666669
8123,334.63133333333377,334.63133333333377
8124,406.1194400000006,406.1194400000006
8125,304.02325333333374,304.02325333333374
8126,233.09634666666705,233.09634666666705
8127,263.1486133333336,263.1486133333336
8128,223.57594666666705,223.57594666666705
8129,251.76053333333377,251.76053333333377
8130,423.19554666666613,423.19554666666613
8131,1524.1761066666622,1524.1761066666622
8132,2842.1378133333296,2842.1378133333296
8133,4197.439413333341,4197.439413333341
8134,4675.59586666668,4675.59586666668
8135,3289.6063733333344,3289.6063733333344
8136,1539.1484799999969,1539.1484799999969
8137,86.39032000000005,86.39032000000005
8138,169.6345866666669,169.6345866666669
8139,287.4075733333338,287.4075733333338
8140,282.5522933333338,282.5522933333338
8141,309.05506666666656,309.05506666666656
8142,318.5037866666672,318.5037866666672
8143,493.5772266666669,493.5772266666669
8144,609.3184533333327,609.3184533333327
8145,458.4710666666669,458.4710666666669
8146,171.18149333333395,171.18149333333395
8147,183.0712266666669,183.0712266666669
8148,167.39328,167.39328
8149,216.66720000000032,216.66720000000032
8150,238.69298666666674,238.69298666666674
8151,167.9541066666669,167.9541066666669
8152,216.29592000000036,216.29592000000036
8153,321.94248,321.94248
8154,481.44410666666636,481.44410666666636
8155,1269.4553066666635,1269.4553066666635
8156,2580.2667199999955,2580.2667199999955
8157,3871.8774666666686,3871.8774666666686
8158,4553.554826666684,4553.554826666684
8159,3963.433786666672,3963.433786666672
8160,2208.279013333331,2208.279013333331
8161,50.18221333333335,50.18221333333335
8162,229.55005333333344,229.55005333333344
8163,230.8562666666669,230.8562666666669
8164,236.8289333333336,236.8289333333336
8165,268.9324800000006,268.9324800000006
8166,307.19928000000033,307.19928000000033
8167,390.67136000000016,390.67136000000016
8168,494.8724799999998,494.8724799999998
8169,410.50253333333376,410.50253333333376
8170,301.78440000000046,301.78440000000046
8171,288.1518933333333,288.1518933333333
8172,263.5151200000003,263.5151200000003
8173,230.4788266666669,230.4788266666669
8174,262.21064,262.21064
8175,289.83573333333345,289.83573333333345
8176,286.6658666666672,286.6658666666672
8177,263.33368000000047,263.33368000000047
8178,338.76426666666674,338.76426666666674
8179,1036.196319999997,1036.196319999997
8180,2602.021359999995,2602.021359999995
8181,4053.445946666672,4053.445946666672
8182,4316.535946666673,4316.535946666673
8183,4075.6158666666724,4075.6158666666724
8184,2247.142106666662,2247.142106666662
8185,76.12445333333345,76.12445333333345
8186,234.02832000000018,234.02832000000018
8187,286.4770400000006,286.4770400000006
8188,292.44901333333377,292.44901333333377
8189,256.8018400000002,256.8018400000002
8190,215.58424000000034,215.58424000000034
8191,336.6020800000005,336.6020800000005
8192,523.8617599999995,523.8617599999995
8193,433.8427200000002,433.8427200000002
8194,376.1810933333335,376.1810933333335
8195,213.12221333333346,213.12221333333346
8196,199.31042666666673,199.31042666666673
8197,247.46808000000016,247.46808000000016
8198,265.38346666666706,265.38346666666706
8199,209.76410666666703,209.76410666666703
8200,321.7567466666672,321.7567466666672
8201,399.21706666666705,399.21706666666705
8202,570.6331199999995,570.6331199999995
8203,1428.8014933333288,1428.8014933333288
8204,2923.800346666661,2923.800346666661
8205,3629.3530133333343,3629.3530133333343
8206,4533.195253333342,4533.195253333342
8207,3462.4587200000005,3462.4587200000005
8208,1877.4909333333298,1877.4909333333298
8209,29.089200000000062,29.089200000000062
8210,119.61200000000011,119.61200000000011
8211,209.38560000000004,209.38560000000004
8212,234.0224266666669,234.0224266666669
8213,213.68104000000017,213.68104000000017
8214,201.6634933333336,201.6634933333336
8215,391.72818666666706,391.72818666666706
8216,599.2968533333335,599.2968533333335
8217,454.28976000000006,454.28976000000006
8218,216.4324266666672,216.4324266666672
8219,216.10754666666705,216.10754666666705
8220,222.63976000000036,222.63976000000036
8221,185.68621333333346,185.68621333333346
8222,295.8093066666669,295.8093066666669
8223,417.5047200000005,417.5047200000005
8224,367.6686666666671,367.6686666666671
8225,303.08690666666706,303.08690666666706
8226,509.7029599999994,509.7029599999994
8227,1425.6545066666629,1425.6545066666629
8228,2730.181519999997,2730.181519999997
8229,4141.526666666675,4141.526666666675
8230,4598.725306666678,4598.725306666678
8231,3539.038106666664,3539.038106666664
8232,1812.814346666664,1812.814346666664
8233,36.554800000000036,36.554800000000036
8234,140.89133333333342,140.89133333333342
8235,232.90754666666703,232.90754666666703
8236,271.9164000000002,271.9164000000002
8237,284.23426666666705,284.23426666666705
8238,289.5498666666669,289.5498666666669
8239,518.4780799999991,518.4780799999991
8240,651.2345599999991,651.2345599999991
8241,455.11576000000014,455.11576000000014
8242,248.2432533333336,248.2432533333336
8243,266.50418666666707,266.50418666666707
8244,291.14149333333364,291.14149333333364
8245,342.84277333333426,342.84277333333426
8246,362.2539466666674,362.2539466666674
8247,251.19816000000048,251.19816000000048
8248,198.00213333333363,198.00213333333363
8249,219.84314666666688,219.84314666666688
8250,276.2474666666671,276.2474666666671
8251,1079.4709866666637,1079.4709866666637
8252,2656.8831466666625,2656.8831466666625
8253,4397.898960000011,4397.898960000011
8254,4428.754986666676,4428.754986666676
8255,3317.8914933333313,3317.8914933333313
8256,1905.1736799999971,1905.1736799999971
8257,73.8847199999999,73.8847199999999
8258,212.7494133333339,212.7494133333339
8259,241.67933333333377,241.67933333333377
8260,334.2556800000005,334.2556800000005
8261,337.42861333333394,337.42861333333394
8262,403.21698666666674,403.21698666666674
8263,539.4911999999995,539.4911999999995
8264,614.6273866666656,614.6273866666656
8265,445.0949333333336,445.0949333333336
8266,291.69290666666706,291.69290666666706
8267,342.6595200000004,342.6595200000004
8268,316.3420266666671,316.3420266666671
8269,307.3806400000002,307.3806400000002
8270,241.4941333333338,241.4941333333338
8271,231.97432000000032,231.97432000000032
8272,237.57106666666706,237.57106666666706
8273,253.06632000000033,253.06632000000033
8274,385.08872,385.08872
8275,1056.3331999999964,1056.3331999999964
8276,2197.2952266666593,2197.2952266666593
8277,3687.621093333336,3687.621093333336
8278,4384.166933333343,4384.166933333343
8279,3652.2386666666675,3652.2386666666675
8280,2014.2330399999971,2014.2330399999971
8281,100.39189333333337,100.39189333333337
8282,222.08453333333378,222.08453333333378
8283,246.16213333333394,246.16213333333394
8284,245.4138666666669,245.4138666666669
8285,296.92973333333344,296.92973333333344
8286,330.92770666666723,330.92770666666723
8287,467.6197866666669,467.6197866666669
8288,679.392293333332,679.392293333332
8289,545.1920266666667,545.1920266666667
8290,338.6696266666672,338.6696266666672
8291,309.8074400000003,309.8074400000003
8292,240.74885333333378,240.74885333333378
8293,183.44696000000033,183.44696000000033
8294,219.46813333333364,219.46813333333364
8295,282.18496000000016,282.18496000000016
8296,301.59888000000046,301.59888000000046
8297,265.76336000000015,265.76336000000015
8298,445.4946399999992,445.4946399999992
8299,1318.114746666663,1318.114746666663
8300,2687.257119999995,2687.257119999995
8301,3625.914506666666,3625.914506666666
8302,4879.279226666679,4879.279226666679
8303,4074.128266666669,4074.128266666669
8304,2269.0129333333293,2269.0129333333293
8305,61.007253333333246,61.007253333333246
8306,163.29216000000017,163.29216000000017
8307,284.8004533333336,284.8004533333336
8308,204.72549333333362,204.72549333333362
8309,183.81880000000018,183.81880000000018
8310,272.2960266666669,272.2960266666669
8311,367.31666666666706,367.31666666666706
8312,615.3996533333317,615.3996533333317
8313,524.4994666666653,524.4994666666653
8314,364.0832800000005,364.0832800000005
8315,283.49213333333347,283.49213333333347
8316,275.2815733333334,275.2815733333334
8317,291.8901600000003,291.8901600000003
8318,328.4700266666671,328.4700266666671
8319,247.2799466666669,247.2799466666669
8320,347.3257600000002,347.3257600000002
8321,289.09248000000036,289.09248000000036
8322,466.5237866666666,466.5237866666666
8323,1630.9236799999953,1630.9236799999953
8324,2616.909839999994,2616.909839999994
8325,4315.952346666671,4315.952346666671
8326,3953.833840000003,3953.833840000003
8327,3246.300613333331,3246.300613333331
8328,2228.4187999999954,2228.4187999999954
8329,94.78762666666672,94.78762666666672
8330,198.93709333333362,198.93709333333362
8331,180.83346666666705,180.83346666666705
8332,165.33904000000032,165.33904000000032
8333,121.66282666666673,121.66282666666673
8334,157.8036533333335,157.8036533333335
8335,280.2914933333341,280.2914933333341
8336,444.45330666666644,444.45330666666644
8337,424.0717600000004,424.0717600000004
8338,325.4378666666671,325.4378666666671
8339,389.88058666666757,389.88058666666757
8340,398.84168,398.84168
8341,330.71232000000083,330.71232000000083
8342,300.2879733333336,300.2879733333336
8343,342.8476266666667,342.8476266666667
8344,302.7153866666669,302.7153866666669
8345,330.71640000000036,330.71640000000036
8346,491.8809066666666,491.8809066666666
8347,1184.0490933333294,1184.0490933333294
8348,2850.455599999992,2850.455599999992
8349,4052.311946666672,4052.311946666672
8350,4631.234800000015,4631.234800000015
8351,3695.4410933333347,3695.4410933333347
8352,1904.9573599999953,1904.9573599999953
8353,57.27437333333322,57.27437333333322
8354,173.74040000000016,173.74040000000016
8355,281.2493333333336,281.2493333333336
8356,200.80421333333362,200.80421333333362
8357,186.8029066666669,186.8029066666669
8358,192.38157333333362,192.38157333333362
8359,367.5869066666669,367.5869066666669
8360,547.6940266666658,547.6940266666658
8361,446.1006933333333,446.1006933333333
8362,307.78736000000066,307.78736000000066
8363,230.10760000000016,230.10760000000016
8364,319.6989866666669,319.6989866666669
8365,299.1664266666669,299.1664266666669
8366,329.4056533333335,329.4056533333335
8367,295.62069333333363,295.62069333333363
8368,364.8682933333341,364.8682933333341
8369,379.6169600000005,379.6169600000005
8370,473.5858666666663,473.5858666666663
8371,979.2170666666642,979.2170666666642
8372,2662.421466666661,2662.421466666661
8373,3800.096266666669,3800.096266666669
8374,4538.109546666677,4538.109546666677
8375,4217.900560000006,4217.900560000006
8376,1892.2302933333297,1892.2302933333297
8377,122.04138666666682,122.04138666666682
8378,216.4845066666669,216.4845066666669
8379,259.0428266666667,259.0428266666667
8380,203.98032000000018,203.98032000000018
8381,265.9457600000002,265.9457600000002
8382,280.21725333333376,280.21725333333376
8383,396.3088533333336,396.3088533333336
8384,672.8538399999981,672.8538399999981
8385,441.82810666666677,441.82810666666677
8386,264.901786666667,264.901786666667
8387,257.5432533333336,257.5432533333336
8388,241.3054133333336,241.3054133333336
8389,212.56168000000036,212.56168000000036
8390,210.13344000000035,210.13344000000035
8391,249.89106666666703,249.89106666666703
8392,330.1540266666669,330.1540266666669
8393,358.33984000000015,358.33984000000015
8394,363.19589333333363,363.19589333333363
8395,1268.83221333333,1268.83221333333
8396,2658.0018133333297,2658.0018133333297
8397,3882.2290400000093,3882.2290400000093
8398,4131.775226666675,4131.775226666675
8399,3860.5321066666675,3860.5321066666675
8400,1916.1815466666642,1916.1815466666642
8401,91.43146666666665,91.43146666666665
8402,249.33466666666686,249.33466666666686
8403,255.30384000000032,255.30384000000032
8404,293.0069333333336,293.0069333333336
8405,332.5787200000005,332.5787200000005
8406,305.3599466666673,305.3599466666673
8407,297.10704000000067,297.10704000000067
8408,469.3605866666667,469.3605866666667
8409,337.09936000000084,337.09936000000084
8410,221.7465066666669,221.7465066666669
8411,196.14128000000017,196.14128000000017
8412,282.93245333333374,282.93245333333374
8413,399.40144000000066,399.40144000000066
8414,388.38584000000066,388.38584000000066
8415,381.2930933333341,381.2930933333341
8416,314.2862666666669,314.2862666666669
8417,302.9021066666667,302.9021066666667
8418,433.37570666666653,433.37570666666653
8419,1243.755466666663,1243.755466666663
8420,2163.1466133333265,2163.1466133333265
8421,4066.273253333336,4066.273253333336
8422,5129.9681333333465,5129.9681333333465
8423,3549.7664266666675,3549.7664266666675
8424,1814.5282666666642,1814.5282666666642
8425,100.95106666666682,100.95106666666682
8426,272.8511733333334,272.8511733333334
8427,283.8642666666672,283.8642666666672
8428,219.84528000000034,219.84528000000034
8429,253.06968000000035,253.06968000000035
8430,220.91629333333378,220.91629333333378
8431,314.63101333333407,314.63101333333407
8432,459.11760000000015,459.11760000000015
8433,497.2870399999997,497.2870399999997
8434,355.56304000000017,355.56304000000017
8435,318.57810666666677,318.57810666666677
8436,339.4816000000007,339.4816000000007
8437,295.24754666666723,295.24754666666723
8438,256.05306666666723,256.05306666666723
8439,256.6135733333336,256.6135733333336
8440,195.76517333333362,195.76517333333362
8441,167.7706933333336,167.7706933333336
8442,385.06642666666704,385.06642666666704
8443,1266.0319733333297,1266.0319733333297
8444,2609.965466666661,2609.965466666661
8445,3936.863253333341,3936.863253333341
8446,4529.52434666668,4529.52434666668
8447,3832.79136,3832.79136
8448,1994.3909599999986,1994.3909599999986
8449,105.98786666666652,105.98786666666652
8450,179.71493333333362,179.71493333333362
8451,307.38152000000065,307.38152000000065
8452,396.22410666666724,396.22410666666724
8453,363.93482666666705,363.93482666666705
8454,333.3305066666671,333.3305066666671
8455,408.43210666666675,408.43210666666675
8456,619.9308533333325,619.9308533333325
8457,527.1120533333325,527.1120533333325
8458,300.19109333333375,300.19109333333375
8459,250.07930666666704,250.07930666666704
8460,254.74602666666706,254.74602666666706
8461,215.54901333333362,215.54901333333362
8462,209.01536000000033,209.01536000000033
8463,277.1435466666671,277.1435466666671
8464,231.7906666666669,231.7906666666669
8465,237.2035466666669,237.2035466666669
8466,582.3987733333322,582.3987733333322
8467,1286.722133333329,1286.722133333329
8468,2708.253706666661,2708.253706666661
8469,4172.9416533333415,4172.9416533333415
8470,3989.7425600000033,3989.7425600000033
8471,3597.3629066666654,3597.3629066666654
8472,2031.2295466666624,2031.2295466666624
8473,68.65954666666663,68.65954666666663
8474,253.44154666666705,253.44154666666705
8475,373.45656000000065,373.45656000000065
8476,357.7790933333336,357.7790933333336
8477,301.22280000000035,301.22280000000035
8478,286.1912533333336,286.1912533333336
8479,369.5132266666674,369.5132266666674
8480,596.9738133333326,596.9738133333326
8481,654.7321866666653,654.7321866666653
8482,370.5550400000002,370.5550400000002
8483,293.7531200000002,293.7531200000002
8484,218.5347733333336,218.5347733333336
8485,162.35384000000016,162.35384000000016
8486,237.20256000000032,237.20256000000032
8487,260.5353866666671,260.5353866666671
8488,346.7683200000002,346.7683200000002
8489,354.7959466666669,354.7959466666669
8490,584.1231199999988,584.1231199999988
8491,1702.1552266666627,1702.1552266666627
8492,2913.4393333333282,2913.4393333333282
8493,3586.9033599999984,3586.9033599999984
8494,4239.831333333345,4239.831333333345
8495,3227.9062133333314,3227.9062133333314
8496,2120.1022133333295,2120.1022133333295
8497,85.27186666666654,85.27186666666654
8498,212.00485333333359,212.00485333333359
8499,296.5557066666667,296.5557066666667
8500,248.5856533333336,248.5856533333336
8501,320.81952,320.81952
8502,325.8646400000002,325.8646400000002
8503,363.98744000000033,363.98744000000033
8504,574.7618666666657,574.7618666666657
8505,562.0872266666657,562.0872266666657
8506,288.4522400000005,288.4522400000005
8507,232.1592800000003,232.1592800000003
8508,273.96952000000033,273.96952000000033
8509,309.24544000000003,309.24544000000003
8510,220.95933333333346,220.95933333333346
8511,180.83061333333313,180.83061333333313
8512,219.84168000000034,219.84168000000034
8513,260.34672000000063,260.34672000000063
8514,296.0781600000005,296.0781600000005
8515,1233.009546666663,1233.009546666663
8516,2236.643839999994,2236.643839999994
8517,3930.7371200000034,3930.7371200000034
8518,4521.876346666674,4521.876346666674
8519,4056.414986666674,4056.414986666674
8520,2200.748079999997,2200.748079999997
8521,71.83186666666674,71.83186666666674
8522,139.5843733333335,139.5843733333335
8523,157.68853333333357,157.68853333333357
8524,234.9576266666669,234.9576266666669
8525,262.4001866666671,262.4001866666671
8526,277.31032000000033,277.31032000000033
8527,392.41466666666673,392.41466666666673
8528,620.2515999999987,620.2515999999987
8529,515.0572266666661,515.0572266666661
8530,232.3249600000005,232.3249600000005
8531,273.04008000000033,273.04008000000033
8532,240.3763200000002,240.3763200000002
8533,226.00474666666688,226.00474666666688
8534,216.48314666666658,216.48314666666658
8535,244.6645600000005,244.6645600000005
8536,405.18413333333393,405.18413333333393
8537,309.6206133333338,309.6206133333338
8538,425.6256000000001,425.6256000000001
8539,1617.0218933333297,1617.0218933333297
8540,2665.5225333333265,2665.5225333333265
8541,3749.3448800000015,3749.3448800000015
8542,4598.201866666676,4598.201866666676
8543,3595.4922666666675,3595.4922666666675
8544,1946.7973066666627,1946.7973066666627
8545,65.67141333333326,65.67141333333326
8546,187.92269333333346,187.92269333333346
8547,181.01936000000018,181.01936000000018
8548,237.5751733333336,237.5751733333336
8549,254.55888000000033,254.55888000000033
8550,252.08413333333374,252.08413333333374
8551,315.9962666666672,315.9962666666672
8552,436.32162666666636,436.32162666666636
8553,463.4084266666668,463.4084266666668
8554,259.4801600000007,259.4801600000007
8555,220.21626666666722,220.21626666666722
8556,286.4776533333336,286.4776533333336
8557,262.2114133333338,262.2114133333338
8558,251.57322666666687,251.57322666666687
8559,356.84490666666704,356.84490666666704
8560,333.8884533333333,333.8884533333333
8561,412.8429600000002,412.8429600000002
8562,687.2271466666657,687.2271466666657
8563,1404.3397333333298,1404.3397333333298
8564,2230.2415466666607,2230.2415466666607
8565,3991.981280000007,3991.981280000007
8566,4733.604320000007,4733.604320000007
8567,3987.8298133333374,3987.8298133333374
8568,1910.3158933333298,1910.3158933333298
8569,99.64274666666662,99.64274666666662
8570,114.57525333333345,114.57525333333345
8571,178.96696000000017,178.96696000000017
8572,194.2700533333336,194.2700533333336
8573,197.07098666666707,197.07098666666707
8574,275.8682133333338,275.8682133333338
8575,310.4244000000005,310.4244000000005
8576,609.9318933333317,609.9318933333317
8577,489.35469333333316,489.35469333333316
8578,307.4668533333338,307.4668533333338
8579,312.60904000000033,312.60904000000033
8580,236.2697066666669,236.2697066666669
8581,298.7970400000005,298.7970400000005
8582,318.57893333333425,318.57893333333425
8583,332.5783733333338,332.5783733333338
8584,302.15616000000034,302.15616000000034
8585,238.50968000000032,238.50968000000032
8586,409.6144533333334,409.6144533333334
8587,1262.9302666666636,1262.9302666666636
8588,2677.4774133333285,2677.4774133333285
8589,3854.886266666672,3854.886266666672
8590,4605.572586666679,4605.572586666679
8591,4031.4553600000067,4031.4553600000067
8592,1844.0763733333297,1844.0763733333297
8593,84.89695999999998,84.89695999999998
8594,147.6080266666669,147.6080266666669
8595,205.65504000000033,205.65504000000033
8596,257.9157600000003,257.9157600000003
8597,262.3987733333336,262.3987733333336
8598,286.7769866666671,286.7769866666671
8599,357.6966666666672,357.6966666666672
8600,554.3630399999989,554.3630399999989
8601,345.8444000000005,345.8444000000005
8602,313.87053333333375,313.87053333333375
8603,295.6238133333336,295.6238133333336
8604,343.96232000000055,343.96232000000055
8605,317.08378666666704,317.08378666666704
8606,310.92544,310.92544
8607,321.5680266666669,321.5680266666669
8608,282.3739200000006,282.3739200000006
8609,258.85514666666717,258.85514666666717
8610,450.3433066666664,450.3433066666664
8611,1419.454319999995,1419.454319999995
8612,3203.0940533333296,3203.0940533333296
8613,4040.7594666666723,4040.7594666666723
8614,4152.456880000007,4152.456880000007
8615,3078.114106666664,3078.114106666664
8616,1803.603839999997,1803.603839999997
8617,95.72250666666667,95.72250666666667
8618,167.95416,167.95416
8619,227.3072533333333,227.3072533333333
8620,319.32541333333376,319.32541333333376
8621,246.72170666666705,246.72170666666705
8622,325.7332533333338,325.7332533333338
8623,449.4989333333335,449.4989333333335
8624,537.4838133333327,537.4838133333327
8625,411.3250133333335,411.3250133333335
8626,345.3849333333336,345.3849333333336
8627,375.3179733333336,375.3179733333336
8628,276.39714666666686,276.39714666666686
8629,221.7101333333336,221.7101333333336
8630,227.12554666666708,227.12554666666708
8631,295.81040000000064,295.81040000000064
8632,298.9781600000002,298.9781600000002
8633,346.7650400000002,346.7650400000002
8634,349.7809333333338,349.7809333333338
8635,1147.5456266666633,1147.5456266666633
8636,2279.838053333328,2279.838053333328
8637,3541.740986666666,3541.740986666666
8638,4591.450746666679,4591.450746666679
8639,3819.4693600000037,3819.4693600000037
8640,2234.854186666664,2234.854186666664
8641,150.78693333333356,150.78693333333356
8642,239.0696533333338,239.0696533333338
8643,244.4817066666672,244.4817066666672
8644,215.9241066666672,215.9241066666672
8645,266.3197600000005,266.3197600000005
8646,253.23738666666705,253.23738666666705
8647,419.2442666666669,419.2442666666669
8648,505.4062933333328,505.4062933333328
8649,385.30442666666704,385.30442666666704
8650,235.28456000000017,235.28456000000017
8651,232.34906666666703,232.34906666666703
8652,337.80466666666734,337.80466666666734
8653,446.62208000000004,446.62208000000004
8654,404.06728000000095,404.06728000000095
8655,339.8608000000005,339.8608000000005
8656,256.42626666666706,256.42626666666706
8657,214.61688000000018,214.61688000000018
8658,430.92648,430.92648
8659,1512.6861866666627,1512.6861866666627
8660,3076.6616799999956,3076.6616799999956
8661,3459.470639999998,3459.470639999998
8662,3780.6268800000016,3780.6268800000016
8663,3821.9443466666726,3821.9443466666726
8664,1980.5294933333314,1980.5294933333314
8665,75.19229333333342,75.19229333333342
8666,132.3034933333335,132.3034933333335
8667,145.18125333333361,145.18125333333361
8668,141.2614666666667,141.2614666666667
8669,163.47384,163.47384
8670,246.61552000000017,246.61552000000017
8671,290.0674133333336,290.0674133333336
8672,578.7343199999989,578.7343199999989
8673,634.9339199999995,634.9339199999995
8674,432.5676800000005,432.5676800000005
8675,296.74234666666723,296.74234666666723
8676,327.5399466666672,327.5399466666672
8677,345.27338666666657,345.27338666666657
8678,282.37088000000034,282.37088000000034
8679,305.1406666666671,305.1406666666671
8680,287.2228533333336,287.2228533333336
8681,279.94576000000035,279.94576000000035
8682,431.46927999999957,431.46927999999957
8683,1565.3412799999955,1565.3412799999955
8684,2832.622026666661,2832.622026666661
8685,3645.8677866666676,3645.8677866666676
8686,4462.189120000008,4462.189120000008
8687,3542.0224000000003,3542.0224000000003
8688,1875.4113333333296,1875.4113333333296
8689,75.75325333333318,75.75325333333318
8690,175.61088,175.61088
8691,224.13802666666703,224.13802666666703
8692,238.32312000000016,238.32312000000016
8693,271.91712000000035,271.91712000000035
8694,345.1983200000005,345.1983200000005
8695,412.9113600000005,412.9113600000005
8696,618.4380266666661,618.4380266666661
8697,533.1408533333333,533.1408533333333
8698,291.4731466666669,291.4731466666669
8699,234.96149333333375,234.96149333333375
8700,261.09146666666703,261.09146666666703
8701,296.5529600000006,296.5529600000006
8702,256.9839200000003,256.9839200000003
8703,281.05970666666735,281.05970666666735
8704,290.9516000000003,290.9516000000003
8705,220.96285333333378,220.96285333333378
8706,484.9021599999992,484.9021599999992
8707,1323.7852799999964,1323.7852799999964
8708,2512.492133333328,2512.492133333328
8709,3764.392880000005,3764.392880000005
8710,4906.7183466666775,4906.7183466666775
8711,3316.7290933333315,3316.7290933333315
8712,2038.5102399999953,2038.5102399999953
8713,96.65610666666664,96.65610666666664
8714,184.56480000000016,184.56480000000016
8715,266.1298133333338,266.1298133333338
8716,280.6913333333336,280.6913333333336
8717,230.8581066666669,230.8581066666669
8718,262.96437333333375,262.96437333333375
8719,331.34640000000053,331.34640000000053
8720,570.6268799999997,570.6268799999997
8721,467.40138666666644,467.40138666666644
8722,375.0879733333338,375.0879733333338
8723,341.16418666666675,341.16418666666675
8724,301.22240000000016,301.22240000000016
8725,263.5176800000003,263.5176800000003
8726,240.56048000000047,240.56048000000047
8727,214.80333333333363,214.80333333333363
8728,221.14938666666723,221.14938666666723
8729,239.25488000000033,239.25488000000033
8730,486.85170666666636,486.85170666666636
8731,1371.108746666663,1371.108746666663
8732,2408.961946666661,2408.961946666661
8733,4304.351280000008,4304.351280000008
8734,4573.407226666677,4573.407226666677
8735,3776.661706666669,3776.661706666669
8736,2198.0545866666644,2198.0545866666644
8737,129.50600000000006,129.50600000000006
8738,305.14416,305.14416
8739,276.95920000000035,276.95920000000035
8740,186.4330933333336,186.4330933333336
8741,186.6183466666669,186.6183466666669
8742,170.91880000000035,170.91880000000035
8743,345.6202933333338,345.6202933333338
8744,643.6054133333315,643.6054133333315
8745,574.2542666666662,574.2542666666662
8746,355.12613333333366,355.12613333333366
8747,294.8753866666669,294.8753866666669
8748,224.69648000000018,224.69648000000018
8749,206.59184000000033,206.59184000000033
8750,247.09256000000033,247.09256000000033
8751,261.8384800000005,261.8384800000005
8752,285.3580000000005,285.3580000000005
8753,267.2551200000002,267.2551200000002
8754,418.1096799999995,418.1096799999995
8755,1529.9947999999952,1529.9947999999952
8756,2670.2892533333284,2670.2892533333284
8757,4136.205733333338,4136.205733333338
8758,4325.501546666676,4325.501546666676
8759,3818.236480000003,3818.236480000003
8760,2222.286959999997,2222.286959999997
