Periods,Solar PV,Wind
1,0.0,24379.85977160894
2,0.0,24123.537105865053
3,0.0,23995.375772993128
4,0.0,23739.053107249252
5,0.0,23482.730441505366
6,0.0,23354.569108633437
7,0.0,23098.24644288956
8,41.19262339490442,22970.08511001762
9,162.7531699697041,22713.76244427375
10,247.0281025456316,22457.43977852987
11,310.93706684902986,22329.278445657936
12,342.6588656265718,32287.946792845047
13,360.00799193176954,34289.2352984607
14,344.4145287388305,34289.2352984607
15,290.68181917621325,33288.591045652865
16,64.71037267781148,35146.93037229596
17,57.419767509079946,40626.46696234967
18,39.5354547172575,45051.72990795666
19,9.732356137281418,46199.020301262164
20,0.0,46199.020301262164
21,0.0,48493.6010878732
22,0.0,47346.31069456769
23,0.0,45051.72990795666
24,0.0,38331.88617573865
25,0.0,33288.591045652865
26,0.0,27284.72552880596
27,0.0,25405.150434584437
28,0.0,26302.279764687988
29,0.0,28285.369781613776
30,0.0,29286.014034421587
31,0.0,30286.658287229413
32,43.28478290121627,33288.591045652865
33,157.34973220976164,42921.04774896071
34,246.0118682486132,44068.338142266206
35,302.27290652389865,42921.04774896071
36,342.36137945661983,41773.75735565518
37,362.0964165786186,44068.338142266206
38,346.7344915516885,41773.75735565518
39,293.5226934451195,41773.75735565518
40,60.33404418433246,45051.72990795666
41,51.67984903407451,50672.802513612995
42,38.20371577194841,55910.164674245054
43,9.731937556371015,60210.06578752968
44,0.0,60210.06578752968
45,0.0,58066.72556391706
46,0.0,52829.363403285024
47,0.0,44068.338142266206
48,0.0,39479.176569044146
49,0.0,39479.176569044146
50,0.0,41773.75735565518
51,0.0,38331.88617573865
52,0.0,34289.2352984607
53,0.0,35146.93037229596
54,0.0,38331.88617573865
55,0.0,39479.176569044146
56,42.3902631206613,36147.57462510378
57,151.40859762236494,40626.46696234967
58,207.71736335054624,37184.59578243314
59,308.38380794426155,34289.2352984607
60,348.9697207214629,30286.658287229413
61,364.0041539869409,30286.658287229413
62,343.07457372792805,33288.591045652865
63,294.6139781330928,39479.176569044146
64,60.32780206023162,48493.6010878732
65,52.14577353925749,56988.44511908106
66,38.25047064839786,63030.84743122068
67,10.179199485311663,64911.3685270147
68,0.0,65717.30613949784
69,0.0,66657.56668739484
70,0.0,65717.30613949784
71,0.0,63971.10797911769
72,0.0,61150.32633542669
73,0.0,58066.72556391706
74,0.0,54985.92429295705
75,0.0,48493.6010878732
76,0.0,42921.04774896071
77,0.0,40626.46696234967
78,0.0,40626.46696234967
79,0.0,41773.75735565518
80,46.416714075005615,39479.176569044146
81,162.57092076992942,40626.46696234967
82,248.82259959470065,37184.59578243314
83,314.6152333290085,35146.93037229596
84,348.8331020859621,33288.591045652865
85,364.02339008117343,32287.946792845047
86,349.8153952986904,30286.658287229413
87,297.2288800951317,31287.302540037235
88,59.11131698784908,37184.59578243314
89,50.88278261523485,46199.020301262164
90,37.39627023331781,52829.363403285024
91,10.620153759550211,53907.64384812104
92,0.0,51751.082958449
93,0.0,51751.082958449
94,0.0,51751.082958449
95,0.0,50672.802513612995
96,0.0,49594.522068777
97,0.0,47346.31069456769
98,0.0,46199.020301262164
99,0.0,42921.04774896071
100,0.0,39479.176569044146
101,0.0,39479.176569044146
102,0.0,38331.88617573865
103,0.0,34289.2352984607
104,27.71233731550938,30286.658287229413
105,144.96922264235226,33288.591045652865
106,238.2991629995951,29286.014034421587
107,315.61139854355395,27284.72552880596
108,351.34856547698735,27284.72552880596
109,366.6442321073191,31287.302540037235
110,350.01708347820806,32287.946792845047
111,298.21492707802685,36147.57462510378
112,57.03026150327968,39479.176569044146
113,50.896948216050106,45051.72990795666
114,37.82121944281599,47346.31069456769
115,10.621104403128172,47346.31069456769
116,0.0,48493.6010878732
117,0.0,49594.522068777
118,0.0,49594.522068777
119,0.0,48493.6010878732
120,0.0,46199.020301262164
121,0.0,41773.75735565518
122,0.0,37184.59578243314
123,0.0,35146.93037229596
124,0.0,36147.57462510378
125,0.0,38331.88617573865
126,0.0,36147.57462510378
127,0.0,31287.302540037235
128,31.161958484275985,26302.279764687988
129,126.5571592463407,30286.658287229413
130,243.6997175680008,27284.72552880596
131,311.6543778979267,28285.369781613776
132,355.0701713910867,27284.72552880596
133,368.6264720153676,27284.72552880596
134,352.27553906759414,32287.946792845047
135,299.2240342347488,37184.59578243314
136,60.38950016416026,41773.75735565518
137,52.58288918216926,45051.72990795666
138,38.25866436863712,50672.802513612995
139,11.07170258839303,51751.082958449
140,0.0,53907.64384812104
141,0.0,54985.92429295705
142,0.0,54985.92429295705
143,0.0,53907.64384812104
144,0.0,51751.082958449
145,0.0,47346.31069456769
146,0.0,40626.46696234967
147,0.0,37184.59578243314
148,0.0,36147.57462510378
149,0.0,35146.93037229596
150,0.0,32287.946792845047
151,0.0,28285.369781613776
152,37.96385692277187,24636.18243735281
153,117.09242271360542,31287.302540037235
154,218.4542103667264,31287.302540037235
155,296.23530894587435,29286.014034421587
156,350.541575955168,27284.72552880596
157,362.7363383030573,29286.014034421587
158,346.79811757805925,34289.2352984607
159,289.5048227667836,41773.75735565518
160,101.56656289247294,49594.522068777
161,92.34687571691347,61150.32633542669
162,42.97281665996712,72571.44014195068
163,11.5083298703797,74715.67782653887
164,0.0,70319.99057313311
165,0.0,64911.3685270147
166,0.0,62090.58688332368
167,0.0,60210.06578752968
168,0.0,54985.92429295705
169,0.0,46199.020301262164
170,0.0,41773.75735565518
171,0.0,38331.88617573865
172,0.0,34289.2352984607
173,0.0,32287.946792845047
174,0.0,31287.302540037235
175,0.0,32287.946792845047
176,59.1630411630669,29286.014034421587
177,137.78171985120005,35146.93037229596
178,179.5121963912104,33288.591045652865
179,303.3041204127534,31287.302540037235
180,348.75882260138974,27284.72552880596
181,358.72815069830136,26302.279764687988
182,348.465120313463,31287.302540037235
183,297.6619226434322,47346.31069456769
184,145.8827521778651,61150.32633542669
185,59.86641973286747,71070.47376273897
186,43.89836649713404,78280.8965697973
187,11.51274896450524,78280.8965697973
188,0.0,73965.19463693301
189,0.0,69478.34833108584
190,0.0,63971.10797911769
191,0.0,55910.164674245054
192,0.0,48493.6010878732
193,0.0,40626.46696234967
194,0.0,36147.57462510378
195,0.0,37184.59578243314
196,0.0,39479.176569044146
197,0.0,40626.46696234967
198,0.0,37184.59578243314
199,0.0,34289.2352984607
200,28.21491471840738,28285.369781613776
201,142.40357678095882,37184.59578243314
202,208.4719239834669,42921.04774896071
203,297.03676746721635,46199.020301262164
204,346.07092552179665,47346.31069456769
205,360.6598900507449,46199.020301262164
206,348.0747300093625,38331.88617573865
207,298.9023207270332,48493.6010878732
208,148.20751185059868,56988.44511908106
209,59.91781039596857,72571.44014195068
210,45.21711267464723,80962.42599604088
211,11.968828924918148,83170.74434706503
212,0.0,80962.42599604088
213,0.0,79858.26682052882
214,0.0,78280.8965697973
215,0.0,73214.71144732714
216,0.0,64911.3685270147
217,0.0,58066.72556391706
218,0.0,56988.44511908106
219,0.0,54985.92429295705
220,0.0,51751.082958449
221,0.0,48493.6010878732
222,0.0,45051.72990795666
223,0.0,42921.04774896071
224,32.472925491382256,40626.46696234967
225,115.8274067407646,48493.6010878732
226,228.7823247109139,46199.020301262164
227,299.315238456093,45051.72990795666
228,346.1964077090282,41773.75735565518
229,363.979405212803,37184.59578243314
230,350.5533854322475,42921.04774896071
231,301.4387797265611,51751.082958449
232,154.6036736693504,67597.82723529183
233,61.64844779601891,76967.12739535645
234,43.94281432797175,82066.58517155297
235,12.41498959964839,84109.76837701337
236,0.0,83170.74434706503
237,0.0,80962.42599604088
238,0.0,79858.26682052882
239,0.0,77717.61058496231
240,0.0,72571.44014195068
241,0.0,66657.56668739484
242,0.0,65717.30613949784
243,0.0,63030.84743122068
244,0.0,63971.10797911769
245,0.0,62090.58688332368
246,0.0,58066.72556391706
247,0.0,55910.164674245054
248,38.74293961994977,52829.363403285024
249,144.97452545612515,62090.58688332368
250,241.9633617811214,62090.58688332368
251,309.1365936466776,63030.84743122068
252,347.10987803740034,66657.56668739484
253,365.9240547844858,64911.3685270147
254,354.11041811907694,55910.164674245054
255,303.2875322212016,52829.363403285024
256,155.49840440448187,68538.08778318884
257,54.31494040995861,82066.58517155297
258,40.02922458605499,88332.8269247195
259,12.839000638913149,88170.16061761281
260,0.0,83678.45619907897
261,0.0,81514.50558379693
262,0.0,80410.34640828484
263,0.0,78832.97615755333
264,0.0,74715.67782653887
265,0.0,66657.56668739484
266,0.0,61150.32633542669
267,0.0,53907.64384812104
268,0.0,47346.31069456769
269,0.0,39479.176569044146
270,0.0,31287.302540037235
271,0.0,28285.369781613776
272,48.016258721310216,28285.369781613776
273,158.5914912952884,39479.176569044146
274,246.2580964432914,39479.176569044146
275,313.66871343475447,38331.88617573865
276,351.56887283725706,40626.46696234967
277,368.6072873999343,39479.176569044146
278,355.4844477126681,32287.946792845047
279,306.1101950486216,41773.75735565518
280,158.71311070637995,51751.082958449
281,53.4948456741388,62090.58688332368
282,39.64415261850648,70319.99057313311
283,12.415623431352566,72571.44014195068
284,0.0,71070.47376273897
285,0.0,69478.34833108584
286,0.0,68538.08778318884
287,0.0,67597.82723529183
288,0.0,63030.84743122068
289,0.0,55910.164674245054
290,0.0,48493.6010878732
291,0.0,42921.04774896071
292,0.0,39479.176569044146
293,0.0,35146.93037229596
294,0.0,29286.014034421587
295,0.0,22841.923777145686
296,44.47480952374754,19253.406456731438
297,161.19829088615376,21047.66511693857
298,242.62590313142647,18356.277126627883
299,312.2590382333793,17459.147796524325
300,355.04431530087857,16031.820095010358
301,370.4522607794301,18356.277126627883
302,358.88549101572187,23739.053107249252
303,309.4685076733483,30286.658287229413
304,162.07568262959788,35146.93037229596
305,51.028509424772544,38331.88617573865
306,39.22925271102148,38331.88617573865
307,12.85927556973609,38331.88617573865
308,0.0,36147.57462510378
309,0.0,37184.59578243314
310,0.0,41773.75735565518
311,0.0,45051.72990795666
312,0.0,45051.72990795666
313,0.0,39479.176569044146
314,0.0,35146.93037229596
315,0.0,25405.150434584437
316,0.0,20150.53578683501
317,0.0,17459.147796524325
318,0.0,17459.147796524325
319,0.0,14565.358690033374
320,39.568742080381206,10899.205177590942
321,150.54005127032644,12365.666582567917
322,243.95660872354944,10165.974475102461
323,315.3040705970712,8963.796000631059
324,354.4037367365765,7859.636825118987
325,370.229601126186,9537.491015826612
326,355.30748730325223,14565.358690033374
327,307.4156506716094,26302.279764687988
328,164.84244108579747,40626.46696234967
329,64.24086709328749,48493.6010878732
330,41.32423680806801,55910.164674245054
331,12.844865196157055,61150.32633542669
332,0.0,60210.06578752968
333,0.0,62090.58688332368
334,0.0,61150.32633542669
335,0.0,55910.164674245054
336,0.0,48493.6010878732
337,0.0,41773.75735565518
338,0.0,41773.75735565518
339,0.0,34289.2352984607
340,0.0,24636.18243735281
341,0.0,17459.147796524325
342,0.0,14565.358690033374
343,0.0,13098.897285056406
344,35.82723246676425,13098.897285056406
345,153.6093580744111,20150.53578683501
346,240.8193722864117,22841.923777145686
347,309.14864434304303,23739.053107249252
348,352.4330390912867,27284.72552880596
349,367.9200975209996,32287.946792845047
350,354.2098242166176,36147.57462510378
351,306.39681181247266,47346.31069456769
352,167.87781386850352,59145.00600875307
353,53.896055819036,63030.84743122068
354,41.3153024397204,65717.30613949784
355,13.72487438268296,64911.3685270147
356,0.0,63971.10797911769
357,0.0,63030.84743122068
358,0.0,62090.58688332368
359,0.0,59145.00600875307
360,0.0,52829.363403285024
361,0.0,44068.338142266206
362,0.0,39479.176569044146
363,0.0,37184.59578243314
364,0.0,34289.2352984607
365,0.0,32287.946792845047
366,0.0,30286.658287229413
367,0.0,30286.658287229413
368,37.00985183037728,30286.658287229413
369,145.96857659823107,40626.46696234967
370,236.33227175705483,40626.46696234967
371,294.3681281097938,39479.176569044146
372,343.60273172959285,39479.176569044146
373,364.3495501876538,40626.46696234967
374,349.6016175947136,46199.020301262164
375,303.37533055012847,52829.363403285024
376,174.58601227202328,60210.06578752968
377,60.82998192357508,63971.10797911769
378,43.053678986266526,68538.08778318884
379,13.73408432339852,71820.95695234484
380,0.0,73214.71144732714
381,0.0,73965.19463693301
382,0.0,73214.71144732714
383,0.0,71070.47376273897
384,0.0,66657.56668739484
385,0.0,60210.06578752968
386,0.0,61150.32633542669
387,0.0,49594.522068777
388,0.0,40626.46696234967
389,0.0,32287.946792845047
390,0.0,24636.18243735281
391,0.0,20150.53578683501
392,37.04444308850321,18356.277126627883
393,149.75623612788053,27284.72552880596
394,229.6746925989997,27284.72552880596
395,285.3615644592202,22841.923777145686
396,328.387490829878,21944.794447042124
397,363.4792239335332,21944.794447042124
398,350.44768506516607,21047.66511693857
399,302.67921880090006,25405.150434584437
400,180.02376945499435,34289.2352984607
401,69.38690746877218,39479.176569044146
402,49.96963169484295,54985.92429295705
403,14.168046309937369,62090.58688332368
404,0.0,63030.84743122068
405,0.0,62090.58688332368
406,0.0,59145.00600875307
407,0.0,59145.00600875307
408,0.0,56988.44511908106
409,0.0,53907.64384812104
410,0.0,46199.020301262164
411,0.0,41773.75735565518
412,0.0,38331.88617573865
413,0.0,37184.59578243314
414,0.0,36147.57462510378
415,0.0,35146.93037229596
416,26.05154310647709,34289.2352984607
417,131.23281890335178,38331.88617573865
418,220.2083867134332,36147.57462510378
419,298.9277703105831,34289.2352984607
420,330.8670803683426,34289.2352984607
421,364.55307906153854,36147.57462510378
422,358.4681092851291,33288.591045652865
423,305.4624829927037,39479.176569044146
424,178.60088761286414,45051.72990795666
425,62.9505195724663,51751.082958449
426,46.07758745604969,55910.164674245054
427,13.726669554524731,55910.164674245054
428,0.0,53907.64384812104
429,0.0,50672.802513612995
430,0.0,48493.6010878732
431,0.0,46199.020301262164
432,0.0,41773.75735565518
433,0.0,39479.176569044146
434,0.0,40626.46696234967
435,0.0,40626.46696234967
436,0.0,39479.176569044146
437,0.0,37184.59578243314
438,0.0,31287.302540037235
439,0.0,26302.279764687988
440,39.01320633414876,23739.053107249252
441,144.85461760300163,27284.72552880596
442,233.5949051837456,23739.053107249252
443,311.15326345767284,19253.406456731438
444,357.46541249956863,18356.277126627883
445,372.74440528975066,21047.66511693857
446,360.428603743781,23739.053107249252
447,312.1559632603829,36147.57462510378
448,180.09934925582843,50672.802513612995
449,54.44721862710996,61150.32633542669
450,43.49785061220018,65717.30613949784
451,14.178306281366796,66657.56668739484
452,0.0,67597.82723529183
453,0.0,68538.08778318884
454,0.0,68538.08778318884
455,0.0,67597.82723529183
456,0.0,66657.56668739484
457,0.0,63030.84743122068
458,0.0,54985.92429295705
459,0.0,45051.72990795666
460,0.0,34289.2352984607
461,0.0,28285.369781613776
462,0.0,29286.014034421587
463,0.0,33288.591045652865
464,31.57939190401908,34289.2352984607
465,137.6600721558354,42921.04774896071
466,228.70478245684276,45051.72990795666
467,313.7964953584688,48493.6010878732
468,353.9104625526272,40626.46696234967
469,372.3525921756784,32287.946792845047
470,359.9013446094937,28285.369781613776
471,312.7511511582064,34289.2352984607
472,192.8469180260286,48493.6010878732
473,66.80774036469545,61150.32633542669
474,64.58081903021973,71820.95695234484
475,15.06634980810924,76967.12739535645
476,0.0,76216.64420575059
477,0.0,75466.16101614473
478,0.0,71820.95695234484
479,0.0,70319.99057313311
480,0.0,66657.56668739484
481,0.0,63030.84743122068
482,0.0,62090.58688332368
483,0.0,58066.72556391706
484,0.0,55910.164674245054
485,0.0,55910.164674245054
486,0.0,55910.164674245054
487,0.0,53907.64384812104
488,19.955088774808168,51751.082958449
489,87.95115853928834,52829.363403285024
490,180.78106212488063,49594.522068777
491,245.6995270355065,48493.6010878732
492,351.6919038234134,42921.04774896071
493,368.3898918575098,38331.88617573865
494,362.0199565110111,36147.57462510378
495,314.855369323877,47346.31069456769
496,186.6259358527096,60210.06578752968
497,68.64989417414134,68538.08778318884
498,49.64768774289862,71820.95695234484
499,14.64764199525366,72571.44014195068
500,0.0,70319.99057313311
501,0.0,71820.95695234484
502,0.0,72571.44014195068
503,0.0,70319.99057313311
504,0.0,65717.30613949784
505,0.0,60210.06578752968
506,0.0,54985.92429295705
507,0.0,48493.6010878732
508,0.0,38331.88617573865
509,0.0,30286.658287229413
510,0.0,28285.369781613776
511,0.0,25405.150434584437
512,34.04996098661357,24636.18243735281
513,146.69975868416935,27284.72552880596
514,233.2755357240311,24636.18243735281
515,312.6000197636982,24636.18243735281
516,356.5199391083132,23739.053107249252
517,373.8271554569073,24636.18243735281
518,362.7212780892542,25405.150434584437
519,316.6815287285938,32287.946792845047
520,189.25245071553144,49594.522068777
521,54.41741837067232,62090.58688332368
522,40.52840014334672,65717.30613949784
523,14.637511258160036,64911.3685270147
524,0.0,63030.84743122068
525,0.0,63971.10797911769
526,0.0,63030.84743122068
527,0.0,63030.84743122068
528,0.0,62090.58688332368
529,0.0,61150.32633542669
530,0.0,55910.164674245054
531,0.0,55910.164674245054
532,0.0,53907.64384812104
533,0.0,48493.6010878732
534,0.0,41773.75735565518
535,0.0,37184.59578243314
536,19.518272880917145,32287.946792845047
537,47.904934683050165,34289.2352984607
538,215.6893832583825,33288.591045652865
539,311.35307740259145,31287.302540037235
540,356.98723798139304,30286.658287229413
541,377.9514398998196,31287.302540037235
542,365.1073930438095,38331.88617573865
543,319.3779212011401,48493.6010878732
544,192.35355915312564,58066.72556391706
545,53.16247754796753,63030.84743122068
546,40.08981217670556,63971.10797911769
547,14.63873264184782,63030.84743122068
548,0.0,60210.06578752968
549,0.0,58066.72556391706
550,0.0,54985.92429295705
551,0.0,51751.082958449
552,0.0,45051.72990795666
553,0.0,36147.57462510378
554,0.0,20150.53578683501
555,0.0,13098.897285056406
556,0.0,8411.716412875021
557,0.0,6755.477649606911
558,0.0,5651.3184740948345
559,0.0,5651.3184740948345
560,30.75722966890793,7307.557237362945
561,157.02449409855657,10899.205177590942
562,241.18100823943183,10899.205177590942
563,319.1550993833346,10899.205177590942
564,363.92540155248673,11632.435880079429
565,380.74211233651977,13832.127987544893
566,369.4702385959672,21944.794447042124
567,323.28537829482104,33288.591045652865
568,195.4173869799867,41773.75735565518
569,50.66189995752983,48493.6010878732
570,39.70360455400492,49594.522068777
571,15.093247148559438,49594.522068777
572,0.0,50672.802513612995
573,0.0,50672.802513612995
574,0.0,48493.6010878732
575,0.0,48493.6010878732
576,0.0,47346.31069456769
577,0.0,42921.04774896071
578,0.0,37184.59578243314
579,0.0,31287.302540037235
580,0.0,27284.72552880596
581,0.0,22841.923777145686
582,0.0,20150.53578683501
583,0.0,19253.406456731438
584,29.435743018022823,17459.147796524325
585,110.5826968315418,18356.277126627883
586,224.86055841795152,15298.58939252187
587,306.0738478764729,10165.974475102461
588,340.9570123842625,9537.491015826612
589,367.9994630830386,13832.127987544893
590,353.6900282602326,24636.18243735281
591,313.88822169825767,37184.59578243314
592,197.39606702372132,51751.082958449
593,53.544467236359246,62090.58688332368
594,50.82568709385507,63971.10797911769
595,15.492701567240976,62090.58688332368
596,0.0,62090.58688332368
597,0.0,62090.58688332368
598,0.0,63030.84743122068
599,0.0,61150.32633542669
600,0.0,53907.64384812104
601,0.0,40626.46696234967
602,0.0,36147.57462510378
603,0.0,30286.658287229413
604,0.0,26302.279764687988
605,0.0,27284.72552880596
606,0.0,32287.946792845047
607,0.0,29286.014034421587
608,24.7403074154206,26302.279764687988
609,94.43661308845256,28285.369781613776
610,228.2687351205908,26302.279764687988
611,301.30670058551976,25405.150434584437
612,310.96537141179124,26302.279764687988
613,371.1883277981548,28285.369781613776
614,360.5677755555061,27284.72552880596
615,314.99151822442457,34289.2352984607
616,199.9801962425416,45051.72990795666
617,59.625512321262455,50672.802513612995
618,44.81062724004823,59145.00600875307
619,13.714575858306723,63030.84743122068
620,0.0,62090.58688332368
621,0.0,63030.84743122068
622,0.0,59145.00600875307
623,0.0,56988.44511908106
624,0.0,51751.082958449
625,0.0,45051.72990795666
626,0.0,40626.46696234967
627,0.0,30286.658287229413
628,0.0,23739.053107249252
629,0.0,17459.147796524325
630,0.0,12365.666582567917
631,0.0,8411.716412875021
632,32.34579735904082,7859.636825118987
633,113.66718598248887,12365.666582567917
634,232.9986051821353,16660.303554286198
635,306.4410790776656,16660.303554286198
636,335.9428108733168,18356.277126627883
637,372.106696870163,22841.923777145686
638,365.44165228755776,23739.053107249252
639,321.4417032293827,30286.658287229413
640,201.9861162554488,37184.59578243314
641,54.006753103067005,38331.88617573865
642,40.88411963847581,38331.88617573865
643,15.476257791840435,42921.04774896071
644,0.0,45051.72990795666
645,0.0,48493.6010878732
646,0.0,48493.6010878732
647,0.0,47346.31069456769
648,0.0,41773.75735565518
649,0.0,37184.59578243314
650,0.0,33288.591045652865
651,0.0,31287.302540037235
652,0.0,30286.658287229413
653,0.0,27284.72552880596
654,0.0,22841.923777145686
655,0.0,18356.277126627883
656,6.662166768623044,15298.58939252187
657,74.19185182499035,20150.53578683501
658,159.15593451640564,19253.406456731438
659,305.88781333631107,19253.406456731438
660,341.8699352055746,19253.406456731438
661,373.9064550479727,21047.66511693857
662,364.80047055700805,22841.923777145686
663,322.1461556773116,25405.150434584437
664,204.02661317072383,34289.2352984607
665,54.81211254622465,41773.75735565518
666,41.770902668499424,49594.522068777
667,15.949463926435923,54985.92429295705
668,0.0,56988.44511908106
669,0.0,58066.72556391706
670,0.0,59145.00600875307
671,0.0,58066.72556391706
672,0.0,52829.363403285024
673,0.0,45051.72990795666
674,0.0,36147.57462510378
675,0.0,25405.150434584437
676,0.0,18356.277126627883
677,0.0,18356.277126627883
678,0.0,18356.277126627883
679,0.0,17459.147796524325
680,28.130857305243023,17459.147796524325
681,143.412411177302,21047.66511693857
682,226.4401020712462,23739.053107249252
683,306.5511664088277,23739.053107249252
684,355.6400109805526,22841.923777145686
685,376.00495248641136,23739.053107249252
686,364.471479460858,25405.150434584437
687,321.55806654857486,32287.946792845047
688,207.9498798176299,38331.88617573865
689,52.61048238943991,44068.338142266206
690,40.85301291214249,51751.082958449
691,15.471710866254998,55910.164674245054
692,0.0,55910.164674245054
693,0.0,54985.92429295705
694,0.0,49594.522068777
695,0.0,44068.338142266206
696,0.0,42921.04774896071
697,0.0,40626.46696234967
698,0.0,33288.591045652865
699,0.0,27284.72552880596
700,0.0,22841.923777145686
701,0.0,21944.794447042124
702,0.0,21047.66511693857
703,0.0,18356.277126627883
704,29.01041627728714,16660.303554286198
705,116.81303118862796,21944.794447042124
706,218.21390507621672,28285.369781613776
707,301.4827954872628,35146.93037229596
708,351.3421069422754,39479.176569044146
709,373.1491028855563,39479.176569044146
710,365.3569889192676,37184.59578243314
711,322.44355045400243,41773.75735565518
712,207.9886516541825,52829.363403285024
713,56.4062295530355,64911.3685270147
714,42.09715568703607,70319.99057313311
715,15.889298004309524,70319.99057313311
716,0.0,63971.10797911769
717,0.0,59145.00600875307
718,0.0,58066.72556391706
719,0.0,53907.64384812104
720,0.0,50672.802513612995
721,0.0,48493.6010878732
722,0.0,46199.020301262164
723,0.0,38331.88617573865
724,0.0,33288.591045652865
725,0.0,30286.658287229413
726,0.0,28285.369781613776
727,0.0,31287.302540037235
728,10.20814836953852,34289.2352984607
729,120.09175690726823,41773.75735565518
730,226.62781346852876,42921.04774896071
731,297.86756326736645,42921.04774896071
732,343.12512854297205,37184.59578243314
733,372.3314530173143,32287.946792845047
734,363.34992104972304,20150.53578683501
735,322.224051840313,21047.66511693857
736,210.87639031338915,27284.72552880596
737,60.352142722218616,41773.75735565518
738,45.27852788106731,51751.082958449
739,15.924337317493023,59145.00600875307
740,0.0,58528.84575456106
741,0.0,59453.08613584908
742,0.0,60344.38872294354
743,0.0,61150.32633542669
744,0.0,61956.26394790984
745,0.0,62762.201560392976
746,0.0,63568.13917287611
747,0.0,64374.07678535926
748,0.0,65180.014397842424
749,0.0,65985.95201032556
750,0.0,66791.8896228087
751,0.0,67597.82723529183
752,46.2774599839413,68403.76484777499
753,151.25633501847926,69209.70246025814
754,245.78815951544357,70105.56680467428
755,317.3108388646047,70748.83811005072
756,356.7185541840206,66657.56668739484
757,373.186648421648,70319.99057313311
758,364.2187075149959,71070.47376273897
759,320.5660056978272,76967.12739535645
760,214.16901226638183,80962.42599604088
761,67.49210301401268,83678.45619907897
762,49.43707368203584,84541.08055494777
763,16.788859451572783,84109.76837701337
764,0.0,79858.26682052882
765,0.0,76216.64420575059
766,0.0,73214.71144732714
767,0.0,64911.3685270147
768,0.0,58066.72556391706
769,0.0,54985.92429295705
770,0.0,63971.10797911769
771,0.0,61150.32633542669
772,0.0,59145.00600875307
773,0.0,63030.84743122068
774,0.0,65717.30613949784
775,0.0,64911.3685270147
776,37.576790110565554,55910.164674245054
777,153.9051392013937,58066.72556391706
778,231.9757129601689,51751.082958449
779,312.18956424664407,49594.522068777
780,356.10822159417546,40626.46696234967
781,374.19564379800687,41773.75735565518
782,366.4921056123782,40626.46696234967
783,323.11345241738985,47346.31069456769
784,217.1390944920772,56988.44511908106
785,69.26586265064336,68538.08778318884
786,47.76671076332203,73965.19463693301
787,16.366186744315957,73214.71144732714
788,0.0,68538.08778318884
789,0.0,65717.30613949784
790,0.0,66657.56668739484
791,0.0,60210.06578752968
792,0.0,50672.802513612995
793,0.0,40626.46696234967
794,0.0,42921.04774896071
795,0.0,36147.57462510378
796,0.0,31287.302540037235
797,0.0,28285.369781613776
798,0.0,31287.302540037235
799,0.0,34289.2352984607
800,33.940604520485365,33288.591045652865
801,153.72287724416302,50672.802513612995
802,240.1128149272074,55910.164674245054
803,313.55521010327664,49594.522068777
804,353.7130028890354,42921.04774896071
805,374.9094911544837,36147.57462510378
806,366.1681035392027,35146.93037229596
807,325.0559008878717,39479.176569044146
808,217.918029419561,52829.363403285024
809,65.31345462920963,65717.30613949784
810,46.43887827726732,70319.99057313311
811,16.78646822905011,70319.99057313311
812,0.0,63030.84743122068
813,0.0,55910.164674245054
814,0.0,56988.44511908106
815,0.0,53907.64384812104
816,0.0,52829.363403285024
817,0.0,48493.6010878732
818,0.0,52829.363403285024
819,0.0,44068.338142266206
820,0.0,35146.93037229596
821,0.0,29286.014034421587
822,0.0,27284.72552880596
823,0.0,29286.014034421587
824,26.768779755792675,32287.946792845047
825,80.36745789960597,55910.164674245054
826,240.6186213411853,55910.164674245054
827,321.54545541090044,51751.082958449
828,360.5424145750727,47346.31069456769
829,378.4263459189722,44068.338142266206
830,368.5116191536274,42921.04774896071
831,327.24140757621586,44068.338142266206
832,219.58178216784515,52829.363403285024
833,58.09329962938871,62090.58688332368
834,43.81359259679061,70319.99057313311
835,16.775766941152085,74715.67782653887
836,0.0,74715.67782653887
837,0.0,72571.44014195068
838,0.0,70319.99057313311
839,0.0,69478.34833108584
840,0.0,65717.30613949784
841,0.0,59145.00600875307
842,0.0,61150.32633542669
843,0.0,55910.164674245054
844,0.0,53907.64384812104
845,0.0,52829.363403285024
846,0.0,49594.522068777
847,0.0,51751.082958449
848,38.400990603403976,47346.31069456769
849,153.40404151976563,59145.00600875307
850,243.5634003899364,54985.92429295705
851,321.2541498120511,45051.72990795666
852,361.71792059411473,34289.2352984607
853,378.2079985919553,35146.93037229596
854,368.6218220061555,50672.802513612995
855,327.0652522067894,62090.58688332368
856,222.43145028395907,72571.44014195068
857,56.42565196099525,78832.97615755333
858,42.13657648806223,82066.58517155297
859,16.3631810994936,83678.45619907897
860,0.0,82618.66475930902
861,0.0,80410.34640828484
862,0.0,79385.05574530936
863,0.0,75466.16101614473
864,0.0,70319.99057313311
865,0.0,63971.10797911769
866,0.0,59145.00600875307
867,0.0,54985.92429295705
868,0.0,52829.363403285024
869,0.0,49594.522068777
870,0.0,45051.72990795666
871,0.0,47346.31069456769
872,27.20268550053425,50672.802513612995
873,153.2298533969509,65717.30613949784
874,243.22383322158947,63030.84743122068
875,320.8653586254863,54985.92429295705
876,363.1203514421369,50672.802513612995
877,379.4075309315998,44068.338142266206
878,373.0942247964566,40626.46696234967
879,332.1718033713716,52829.363403285024
880,225.90311637528563,67597.82723529183
881,55.65111890990808,78280.8965697973
882,42.62888693648797,80962.42599604088
883,16.816813239223702,80962.42599604088
884,0.0,79385.05574530936
885,0.0,78280.8965697973
886,0.0,75466.16101614473
887,0.0,71820.95695234484
888,0.0,65717.30613949784
889,0.0,56988.44511908106
890,0.0,51751.082958449
891,0.0,40626.46696234967
892,0.0,32287.946792845047
893,0.0,25405.150434584437
894,0.0,19253.406456731438
895,0.0,14565.358690033374
896,37.72614577358494,11632.435880079429
897,148.51165365472733,18356.277126627883
898,232.86031100885745,21047.66511693857
899,312.3241114909308,20150.53578683501
900,359.4293383897878,16031.820095010358
901,379.23269539278766,14565.358690033374
902,370.2359747731027,25405.150434584437
903,330.05937426262125,35146.93037229596
904,218.7721868075679,51751.082958449
905,65.6026722207059,63971.10797911769
906,47.41197176325056,67597.82723529183
907,17.265821274018947,69478.34833108584
908,0.0,70319.99057313311
909,0.0,67597.82723529183
910,0.0,64911.3685270147
911,0.0,64911.3685270147
912,0.0,58066.72556391706
913,0.0,42921.04774896071
914,0.0,34289.2352984607
915,0.0,28285.369781613776
916,0.0,30286.658287229413
917,0.0,30286.658287229413
918,0.0,27284.72552880596
919,0.0,25405.150434584437
920,37.26740083720684,25405.150434584437
921,140.52395869020592,30286.658287229413
922,216.60852097048524,23739.053107249252
923,301.04344458734494,16660.303554286198
924,355.581078724688,14565.358690033374
925,375.5306857957455,20150.53578683501
926,359.435266993462,29286.014034421587
927,323.5454085220764,37184.59578243314
928,226.5179296782346,56988.44511908106
929,63.83525898007497,67597.82723529183
930,46.95060695222627,67597.82723529183
931,16.80971624098509,60210.06578752968
932,0.0,54985.92429295705
933,0.0,50672.802513612995
934,0.0,48493.6010878732
935,0.0,45051.72990795666
936,0.0,38331.88617573865
937,0.0,36147.57462510378
938,0.0,45051.72990795666
939,0.0,39479.176569044146
940,0.0,35146.93037229596
941,0.0,29286.014034421587
942,0.0,29286.014034421587
943,0.0,26302.279764687988
944,4.884027821264481,21047.66511693857
945,120.2910905786364,18356.277126627883
946,179.22116657570777,8963.796000631059
947,152.04761019608176,3595.426107529084
948,197.68789891850196,5651.3184740948345
949,180.1284954252695,16031.820095010358
950,312.8422026155285,22841.923777145686
951,258.8083529334942,32287.946792845047
952,226.90934559694364,36147.57462510378
953,76.62573711648601,39479.176569044146
954,59.0331986225141,42921.04774896071
955,16.83435324293902,42921.04774896071
956,0.0,39479.176569044146
957,0.0,44068.338142266206
958,0.0,39479.176569044146
959,0.0,37184.59578243314
960,0.0,34289.2352984607
961,0.0,26302.279764687988
962,0.0,23739.053107249252
963,0.0,21944.794447042124
964,0.0,23739.053107249252
965,0.0,28285.369781613776
966,0.0,31287.302540037235
967,0.0,30286.658287229413
968,45.655044304059054,24636.18243735281
969,140.93769302256132,23739.053107249252
970,231.0210443265276,19253.406456731438
971,311.1231582830298,15298.58939252187
972,354.3558698253423,16660.303554286198
973,373.2635069917228,18356.277126627883
974,364.7723898845276,27284.72552880596
975,326.5354370273028,44068.338142266206
976,230.17593718760176,58066.72556391706
977,66.36897561202332,62090.58688332368
978,49.5145882171078,62090.58688332368
979,17.259307459949213,60210.06578752968
980,0.0,53907.64384812104
981,0.0,48493.6010878732
982,0.0,45051.72990795666
983,0.0,41773.75735565518
984,0.0,39479.176569044146
985,0.0,34289.2352984607
986,0.0,34289.2352984607
987,0.0,31287.302540037235
988,0.0,30286.658287229413
989,0.0,30286.658287229413
990,0.0,34289.2352984607
991,0.0,38331.88617573865
992,34.80326691210794,40626.46696234967
993,142.14207574239617,48493.6010878732
994,204.74768872652743,42921.04774896071
995,305.3127769886156,32287.946792845047
996,357.4263343787228,23739.053107249252
997,377.8438347618693,20150.53578683501
998,369.9228430814457,24636.18243735281
999,331.03535522852087,37184.59578243314
1000,233.23567704779228,52829.363403285024
1001,58.2051883772756,61150.32633542669
1002,44.76504975859752,61150.32633542669
1003,17.261272243827893,59145.00600875307
1004,0.0,52829.363403285024
1005,0.0,45051.72990795666
1006,0.0,37184.59578243314
1007,0.0,33288.591045652865
1008,0.0,31287.302540037235
1009,0.0,29286.014034421587
1010,0.0,31287.302540037235
1011,0.0,34289.2352984607
1012,0.0,35146.93037229596
1013,0.0,34289.2352984607
1014,0.0,0.0
1015,0.0,0.0
1016,32.71258777554146,26302.279764687988
1017,142.59874988420484,25405.150434584437
1018,229.84626864187,23739.053107249252
1019,315.815495656839,23739.053107249252
1020,364.2345877670183,23739.053107249252
1021,381.31667124511466,24636.18243735281
1022,373.450211338045,23739.053107249252
1023,335.6174264602686,25405.150434584437
1024,236.74866057967097,36147.57462510378
1025,58.117128790871305,50672.802513612995
1026,43.84777381368428,63030.84743122068
1027,16.790959024380058,67597.82723529183
1028,0.0,67597.82723529183
1029,0.0,64911.3685270147
1030,0.0,58066.72556391706
1031,0.0,52829.363403285024
1032,0.0,46199.020301262164
1033,0.0,40626.46696234967
1034,0.0,37184.59578243314
1035,0.0,32287.946792845047
1036,0.0,33288.591045652865
1037,0.0,35146.93037229596
1038,0.0,38331.88617573865
1039,0.0,42921.04774896071
1040,40.9151565248682,41773.75735565518
1041,150.30481178109918,50672.802513612995
1042,243.72282321680197,51751.082958449
1043,325.23175375861456,52829.363403285024
1044,366.9314021660399,49594.522068777
1045,386.3996227767937,45051.72990795666
1046,378.2797203784269,36147.57462510378
1047,337.4093918832354,48493.6010878732
1048,238.46419683592865,59145.00600875307
1049,58.03946673519683,65717.30613949784
1050,43.38128089480024,72571.44014195068
1051,17.216697481518857,75466.16101614473
1052,0.0,75466.16101614473
1053,0.0,75466.16101614473
1054,0.0,73965.19463693301
1055,0.0,72571.44014195068
1056,0.0,69478.34833108584
1057,0.0,65717.30613949784
1058,0.0,63971.10797911769
1059,0.0,63971.10797911769
1060,0.0,60210.06578752968
1061,0.0,53907.64384812104
1062,0.0,47346.31069456769
1063,0.0,44068.338142266206
1064,35.21015477945706,36147.57462510378
1065,113.1659228481594,35146.93037229596
1066,243.3763317433605,33288.591045652865
1067,320.2077290438225,33288.591045652865
1068,346.9136552681908,29286.014034421587
1069,385.0682534639992,31287.302540037235
1070,379.923169662019,39479.176569044146
1071,340.2459560155652,54985.92429295705
1072,241.2906179961848,64911.3685270147
1073,58.22279986190292,70319.99057313311
1074,44.7994922616242,71820.95695234484
1075,17.707347815458217,72571.44014195068
1076,0.0,73965.19463693301
1077,0.0,75466.16101614473
1078,0.0,74715.67782653887
1079,0.0,71820.95695234484
1080,0.0,68538.08778318884
1081,0.0,63030.84743122068
1082,0.0,52829.363403285024
1083,0.0,51751.082958449
1084,0.0,50672.802513612995
1085,0.0,50672.802513612995
1086,0.0,45051.72990795666
1087,0.0,37184.59578243314
1088,28.950131420681124,30286.658287229413
1089,152.29384664923938,32287.946792845047
1090,232.02344452074516,33288.591045652865
1091,321.8979537684436,33288.591045652865
1092,373.0202999347863,29286.014034421587
1093,392.298680281569,27284.72552880596
1094,385.0919999143883,29286.014034421587
1095,345.27725017000535,40626.46696234967
1096,246.18257400158956,49594.522068777
1097,56.54063034582647,58066.72556391706
1098,41.79112426255413,59145.00600875307
1099,16.826300171136236,59145.00600875307
1100,0.0,58066.72556391706
1101,0.0,59145.00600875307
1102,0.0,59145.00600875307
1103,0.0,59145.00600875307
1104,0.0,55910.164674245054
1105,0.0,49594.522068777
1106,0.0,45051.72990795666
1107,0.0,38331.88617573865
1108,0.0,32287.946792845047
1109,0.0,29286.014034421587
1110,0.0,24636.18243735281
1111,0.0,21047.66511693857
1112,37.76624361638275,18356.277126627883
1113,152.8482346007435,21944.794447042124
1114,214.26924809415996,20150.53578683501
1115,320.1447574873566,17459.147796524325
1116,376.2224882312008,16031.820095010358
1117,395.368737137877,20150.53578683501
1118,386.66532030259526,27284.72552880596
1119,347.2994624197466,34289.2352984607
1120,248.70465159363383,42921.04774896071
1121,54.405353738700086,48493.6010878732
1122,42.61257985571032,47346.31069456769
1123,17.23933378395397,47346.31069456769
1124,0.0,47346.31069456769
1125,0.0,49594.522068777
1126,0.0,51751.082958449
1127,0.0,51751.082958449
1128,0.0,49594.522068777
1129,0.0,44068.338142266206
1130,0.0,33288.591045652865
1131,0.0,24636.18243735281
1132,0.0,18356.277126627883
1133,0.0,15298.58939252187
1134,0.0,10899.205177590942
1135,0.0,8411.716412875021
1136,31.50696822152146,7859.636825118987
1137,123.7091726725871,8963.796000631059
1138,198.06171114229568,8963.796000631059
1139,302.31258415937515,8963.796000631059
1140,359.2546637509802,10899.205177590942
1141,391.7146002688845,15298.58939252187
1142,384.3050431323365,19253.406456731438
1143,345.2513461269667,32287.946792845047
1144,248.8455218353105,44068.338142266206
1145,55.25067657726439,55910.164674245054
1146,43.06774411346621,62090.58688332368
1147,16.824954082514225,63971.10797911769
1148,0.0,62090.58688332368
1149,0.0,61150.32633542669
1150,0.0,59145.00600875307
1151,0.0,55910.164674245054
1152,0.0,50672.802513612995
1153,0.0,44068.338142266206
1154,0.0,37184.59578243314
1155,0.0,29286.014034421587
1156,0.0,24636.18243735281
1157,0.0,22841.923777145686
1158,0.0,21944.794447042124
1159,0.0,25405.150434584437
1160,39.09192958175201,29286.014034421587
1161,140.3988711945055,35146.93037229596
1162,215.7630905228013,33288.591045652865
1163,315.9929819424051,31287.302540037235
1164,368.0486044020152,30286.658287229413
1165,389.0631927888606,30286.658287229413
1166,382.4431394841853,28285.369781613776
1167,342.2923941679211,46199.020301262164
1168,247.6938744931944,65717.30613949784
1169,59.8500235111159,75466.16101614473
1170,45.60461062548739,78832.97615755333
1171,17.238635915857508,78280.8965697973
1172,0.0,77717.61058496231
1173,0.0,76216.64420575059
1174,0.0,73214.71144732714
1175,0.0,70319.99057313311
1176,0.0,64911.3685270147
1177,0.0,55910.164674245054
1178,0.0,44068.338142266206
1179,0.0,37184.59578243314
1180,0.0,36147.57462510378
1181,0.0,40626.46696234967
1182,0.0,47346.31069456769
1183,0.0,49594.522068777
1184,37.36435844844917,44068.338142266206
1185,142.75448081562286,48493.6010878732
1186,217.30773550161985,47346.31069456769
1187,319.52258428501125,48493.6010878732
1188,364.0440304990653,48493.6010878732
1189,383.8950367966551,53907.64384812104
1190,375.81612842047366,48493.6010878732
1191,339.6944011714047,54985.92429295705
1192,247.29526990900183,65717.30613949784
1193,68.06818763070747,72571.44014195068
1194,50.41645723276528,76216.64420575059
1195,16.833635805661327,77717.61058496231
1196,0.0,76967.12739535645
1197,0.0,78280.8965697973
1198,0.0,78832.97615755333
1199,0.0,74715.67782653887
1200,0.0,70319.99057313311
1201,0.0,66657.56668739484
1202,0.0,61150.32633542669
1203,0.0,58066.72556391706
1204,0.0,56988.44511908106
1205,0.0,55910.164674245054
1206,0.0,56988.44511908106
1207,0.0,58066.72556391706
1208,32.38346120622488,60210.06578752968
1209,132.33459615376572,66657.56668739484
1210,218.4516081525404,68538.08778318884
1211,309.59321032065395,69478.34833108584
1212,362.7891613438981,69478.34833108584
1213,383.8518622777705,68538.08778318884
1214,377.1222487853496,62090.58688332368
1215,341.5196943307712,56988.44511908106
1216,250.04464405001784,53907.64384812104
1217,65.8668551798895,58066.72556391706
1218,48.68047574723863,71070.47376273897
1219,16.845595587999444,75466.16101614473
1220,0.0,73214.71144732714
1221,0.0,67597.82723529183
1222,0.0,63971.10797911769
1223,0.0,62090.58688332368
1224,0.0,58066.72556391706
1225,0.0,51751.082958449
1226,0.0,46199.020301262164
1227,0.0,40626.46696234967
1228,0.0,37184.59578243314
1229,0.0,35146.93037229596
1230,0.0,34289.2352984607
1231,0.0,33288.591045652865
1232,37.04134588822839,33288.591045652865
1233,149.90015870608698,39479.176569044146
1234,234.9094768367065,35146.93037229596
1235,320.9129708039683,34289.2352984607
1236,370.5248602261556,36147.57462510378
1237,390.1959512938874,39479.176569044146
1238,385.5051825083347,41773.75735565518
1239,347.5294485406494,41773.75735565518
1240,255.1465817875213,51751.082958449
1241,59.49594801457445,66657.56668739484
1242,44.37320042324352,73214.71144732714
1243,16.847617454603668,71070.47376273897
1244,0.0,64911.3685270147
1245,0.0,61150.32633542669
1246,0.0,59145.00600875307
1247,0.0,55910.164674245054
1248,0.0,49594.522068777
1249,0.0,44068.338142266206
1250,0.0,47346.31069456769
1251,0.0,47346.31069456769
1252,0.0,44068.338142266206
1253,0.0,39479.176569044146
1254,0.0,37184.59578243314
1255,0.0,33288.591045652865
1256,30.699868373195983,31287.302540037235
1257,110.09704839856916,37184.59578243314
1258,229.8595287370686,34289.2352984607
1259,313.66095915750105,29286.014034421587
1260,368.37379558247073,23739.053107249252
1261,389.5442833147164,19253.406456731438
1262,382.5690923235181,0.0
1263,346.8184676144025,0.0
1264,255.52871463080405,52829.363403285024
1265,67.63511671717619,69478.34833108584
1266,48.21967149221048,72571.44014195068
1267,17.245043232409472,71070.47376273897
1268,0.0,65717.30613949784
1269,0.0,63030.84743122068
1270,0.0,59145.00600875307
1271,0.0,56988.44511908106
1272,0.0,51751.082958449
1273,0.0,51751.082958449
1274,0.0,44068.338142266206
1275,0.0,37184.59578243314
1276,0.0,29286.014034421587
1277,0.0,21047.66511693857
1278,0.0,18356.277126627883
1279,0.0,19253.406456731438
1280,43.61883123074964,21944.794447042124
1281,145.80870207531714,26302.279764687988
1282,216.53186137555295,24636.18243735281
1283,313.37628095871946,21047.66511693857
1284,374.0964713313627,15298.58939252187
1285,397.1399863335954,16660.303554286198
1286,388.50934437507385,21047.66511693857
1287,352.0276838077727,32287.946792845047
1288,260.0502822023484,41773.75735565518
1289,53.98774592258346,45051.72990795666
1290,42.21414814519309,45051.72990795666
1291,16.377220551607248,44068.338142266206
1292,0.0,44068.338142266206
1293,0.0,44068.338142266206
1294,0.0,41773.75735565518
1295,0.0,39479.176569044146
1296,0.0,35146.93037229596
1297,0.0,29286.014034421587
1298,0.0,21944.794447042124
1299,0.0,15298.58939252187
1300,0.0,9537.491015826612
1301,0.0,7859.636825118987
1302,0.0,10165.974475102461
1303,0.0,13098.897285056406
1304,36.66824088725348,14565.358690033374
1305,149.8216138802975,14565.358690033374
1306,208.7260671104169,7307.557237362945
1307,309.89692556554,2663.7918031907716
1308,379.7157789931777,3595.426107529084
1309,399.74557348430136,10165.974475102461
1310,390.75558612024537,12365.666582567917
1311,353.9753375633284,24636.18243735281
1312,262.8523273538269,33288.591045652865
1313,50.05401678566528,36147.57462510378
1314,40.87287027803621,39479.176569044146
1315,15.932243539707532,41773.75735565518
1316,0.0,41773.75735565518
1317,0.0,39479.176569044146
1318,0.0,36147.57462510378
1319,0.0,35146.93037229596
1320,0.0,31287.302540037235
1321,0.0,24636.18243735281
1322,0.0,17459.147796524325
1323,0.0,12365.666582567917
1324,0.0,8963.796000631059
1325,0.0,7859.636825118987
1326,0.0,6755.477649606911
1327,0.0,4547.159298582758
1328,34.50981976389356,3595.426107529084
1329,148.16420920994304,4547.159298582758
1330,199.4321202016524,3595.426107529084
1331,305.65082239758067,3595.426107529084
1332,376.47847993089096,5651.3184740948345
1333,396.5623735668162,9537.491015826612
1334,388.0644787649725,19253.406456731438
1335,353.40169459432235,32287.946792845047
1336,262.867582390667,45051.72990795666
1337,52.18385598774466,51751.082958449
1338,40.403278273313305,46199.020301262164
1339,16.345227819650603,39479.176569044146
1340,0.0,36147.57462510378
1341,0.0,35146.93037229596
1342,0.0,31287.302540037235
1343,0.0,27284.72552880596
1344,0.0,29286.014034421587
1345,0.0,29286.014034421587
1346,0.0,28285.369781613776
1347,0.0,24636.18243735281
1348,0.0,20150.53578683501
1349,0.0,16031.820095010358
1350,0.0,13832.127987544893
1351,0.0,10165.974475102461
1352,46.39250474429142,7307.557237362945
1353,142.93006051412374,8963.796000631059
1354,190.2387830308668,7307.557237362945
1355,299.0197630217526,4547.159298582758
1356,365.3554674064261,5651.3184740948345
1357,384.1097679884981,11632.435880079429
1358,382.0631979545428,14565.358690033374
1359,349.22100665536703,20150.53578683501
1360,263.1222763651827,28285.369781613776
1361,52.02080967652565,33288.591045652865
1362,42.86654590571269,37184.59578243314
1363,16.306859626925185,36147.57462510378
1364,0.0,37184.59578243314
1365,0.0,29286.014034421587
1366,0.0,25405.150434584437
1367,0.0,27284.72552880596
1368,0.0,26302.279764687988
1369,0.0,19253.406456731438
1370,0.0,14565.358690033374
1371,0.0,11632.435880079429
1372,0.0,9537.491015826612
1373,0.0,7307.557237362945
1374,0.0,5651.3184740948345
1375,0.0,4547.159298582758
1376,4.424321456757915,7307.557237362945
1377,134.16265984273338,13832.127987544893
1378,194.8873315656368,15298.58939252187
1379,306.76871161040214,16031.820095010358
1380,371.7577474679845,15298.58939252187
1381,393.4326002544079,16660.303554286198
1382,386.9128083610704,23739.053107249252
1383,349.45783712053503,32287.946792845047
1384,0.0,29286.014034421587
1385,35.369819670517,32287.946792845047
1386,21.507967925872887,34289.2352984607
1387,15.8663424756976,34289.2352984607
1388,0.0,31287.302540037235
1389,0.0,35146.93037229596
1390,0.0,40626.46696234967
1391,0.0,37184.59578243314
1392,0.0,32287.946792845047
1393,0.0,26302.279764687988
1394,0.0,18356.277126627883
1395,0.0,16660.303554286198
1396,0.0,16660.303554286198
1397,0.0,16031.820095010358
1398,0.0,16660.303554286198
1399,0.0,17459.147796524325
1400,44.03357870388894,17459.147796524325
1401,143.57550588479074,23739.053107249252
1402,212.95002944175036,25405.150434584437
1403,311.452058473555,26302.279764687988
1404,360.0188803410338,26302.279764687988
1405,397.0446316420523,27284.72552880596
1406,388.88326174568857,30286.658287229413
1407,353.3562622257376,36147.57462510378
1408,0.0,42921.04774896071
1409,50.28318781734838,42921.04774896071
1410,39.83911825024476,41773.75735565518
1411,15.439633750342502,35146.93037229596
1412,0.0,36576.42216202142
1413,0.0,32716.79432976268
1414,0.0,29000.115676476515
1415,0.0,25276.98910171249
1416,0.0,21944.794447042124
1417,0.0,18484.43845949982
1418,0.0,15508.083878947156
1419,0.0,12679.908312205842
1420,0.0,9956.479988677176
1421,0.0,7701.899800045831
1422,0.0,5651.3184740948345
1423,0.0,3639.789645830909
1424,40.33198603374499,2441.97411168165
1425,142.2884936095602,1288.5221158342135
1426,225.2798915291653,400.0981363451326
1427,338.1022881903685,239.89647025521103
1428,348.2384833535279,1421.6127307396875
1429,376.3796526834179,6755.477649606911
1430,384.7832190912064,11632.435880079429
1431,346.82465512602664,18356.277126627883
1432,252.10629524459952,31287.302540037235
1433,95.77295418392627,44068.338142266206
1434,48.459741621498885,46199.020301262164
1435,14.965368325001858,42921.04774896071
1436,0.0,39479.176569044146
1437,0.0,35146.93037229596
1438,0.0,32287.946792845047
1439,0.0,30286.658287229413
1440,0.0,23739.053107249252
1441,0.0,17459.147796524325
1442,0.0,18356.277126627883
1443,0.0,13098.897285056406
1444,0.0,15298.58939252187
1445,0.0,13832.127987544893
1446,0.0,6755.477649606911
1447,0.0,2353.2470350780004
1448,37.80294718455288,2042.702266965229
1449,41.947445080407775,2974.3365713035414
1450,160.04420520286044,1732.1574988524587
1451,309.9348993918772,1732.1574988524587
1452,291.807295036401,3284.881339416314
1453,373.4519491456412,9537.491015826612
1454,384.96722702360654,8963.796000631059
1455,347.2552897374282,12365.666582567917
1456,264.351048689723,17459.147796524325
1457,78.76233378536433,18356.277126627883
1458,55.29598848910828,21047.66511693857
1459,11.44681156843472,31287.302540037235
1460,0.0,26302.279764687988
1461,0.0,21047.66511693857
1462,0.0,20150.53578683501
1463,0.0,18356.277126627883
1464,0.0,15298.58939252187
1465,0.0,12365.666582567917
1466,0.0,10165.974475102461
1467,0.0,6755.477649606911
1468,0.0,4073.948223363301
1469,0.0,4073.948223363301
1470,0.0,3284.881339416314
1471,0.0,1732.1574988524587
1472,7.505945894167493,844.8867328159685
1473,65.12401241557052,2353.2470350780004
1474,130.5830656046072,3595.426107529084
1475,249.2785888146701,6755.477649606911
1476,262.2308157452768,8411.716412875021
1477,360.7231029936021,13098.897285056406
1478,344.3370163750936,16031.820095010358
1479,333.8420700593573,19253.406456731438
1480,261.4668954998765,28285.369781613776
1481,83.38193772029712,34289.2352984607
1482,56.95933410705602,37184.59578243314
1483,14.948504644195264,39479.176569044146
1484,0.0,37184.59578243314
1485,0.0,36147.57462510378
1486,0.0,37184.59578243314
1487,0.0,36147.57462510378
1488,0.0,33288.591045652865
1489,0.0,26302.279764687988
1490,0.0,16660.303554286198
1491,0.0,11632.435880079429
1492,0.0,7859.636825118987
1493,0.0,7307.557237362945
1494,0.0,6755.477649606911
1495,0.0,4547.159298582758
1496,9.261130164697905,4073.948223363301
1497,121.29653751826766,6203.398061850872
1498,132.6552373734102,6203.398061850872
1499,307.3266833060097,5099.238886338797
1500,369.1633744115684,3595.426107529084
1501,391.2754102886446,4073.948223363301
1502,386.2556527360429,8963.796000631059
1503,351.96425395834353,14565.358690033374
1504,268.55792367294333,18356.277126627883
1505,54.42488527017596,27284.72552880596
1506,42.39389310268825,31287.302540037235
1507,14.94435143256081,32287.946792845047
1508,0.0,28285.369781613776
1509,0.0,28285.369781613776
1510,0.0,24636.18243735281
1511,0.0,22841.923777145686
1512,0.0,21944.794447042124
1513,0.0,29286.014034421587
1514,0.0,33288.591045652865
1515,0.0,30286.658287229413
1516,0.0,26302.279764687988
1517,0.0,26302.279764687988
1518,0.0,25405.150434584437
1519,0.0,25405.150434584437
1520,21.50744791978633,30286.658287229413
1521,22.359501541705665,31287.302540037235
1522,101.13950531650896,26302.279764687988
1523,154.75282619919935,19253.406456731438
1524,96.39961414910135,16660.303554286198
1525,183.9119784428459,8963.796000631059
1526,82.21667484767273,5099.238886338797
1527,219.095635062013,10165.974475102461
1528,185.20229383565456,23739.053107249252
1529,115.08390787374252,36147.57462510378
1530,66.2335647180261,45051.72990795666
1531,12.295880416057456,40626.46696234967
1532,0.0,35146.93037229596
1533,0.0,26302.279764687988
1534,0.0,21047.66511693857
1535,0.0,18356.277126627883
1536,0.0,16660.303554286198
1537,0.0,17459.147796524325
1538,0.0,16660.303554286198
1539,0.0,17459.147796524325
1540,0.0,13832.127987544893
1541,0.0,11632.435880079429
1542,0.0,13098.897285056406
1543,0.0,14565.358690033374
1544,7.474999601449928,14565.358690033374
1545,21.442285660741327,16660.303554286198
1546,133.9032937825975,16031.820095010358
1547,317.8339173560404,18356.277126627883
1548,363.7890844190652,21944.794447042124
1549,388.0395122395589,25405.150434584437
1550,386.3672526358814,28285.369781613776
1551,352.32609407011483,34289.2352984607
1552,267.97404646301914,36147.57462510378
1553,50.879890975696846,25405.150434584437
1554,41.40050787524372,28285.369781613776
1555,14.459721241224328,30286.658287229413
1556,0.0,28285.369781613776
1557,0.0,19253.406456731438
1558,0.0,18356.277126627883
1559,0.0,20150.53578683501
1560,0.0,18356.277126627883
1561,0.0,16031.820095010358
1562,0.0,9537.491015826612
1563,0.0,8411.716412875021
1564,0.0,10165.974475102461
1565,0.0,13832.127987544893
1566,0.0,16660.303554286198
1567,0.0,18356.277126627883
1568,50.97450452696713,18356.277126627883
1569,125.03925823255815,23739.053107249252
1570,201.55240873063295,25405.150434584437
1571,320.2345356182113,24636.18243735281
1572,370.113706749432,20150.53578683501
1573,391.64798665650585,16660.303554286198
1574,388.1843788512544,21944.794447042124
1575,351.627610642118,26302.279764687988
1576,272.5078438265149,30286.658287229413
1577,53.08502195503016,33288.591045652865
1578,43.139355762132354,32287.946792845047
1579,14.448978835177492,33288.591045652865
1580,0.0,32287.946792845047
1581,0.0,30286.658287229413
1582,0.0,30286.658287229413
1583,0.0,31287.302540037235
1584,0.0,27284.72552880596
1585,0.0,18356.277126627883
1586,0.0,18356.277126627883
1587,0.0,13832.127987544893
1588,0.0,10165.974475102461
1589,0.0,7307.557237362945
1590,0.0,5099.238886338797
1591,0.0,3284.881339416314
1592,23.669906259713112,3595.426107529084
1593,65.77713013189509,8411.716412875021
1594,154.73146995324907,11632.435880079429
1595,312.4898143767288,11632.435880079429
1596,371.5122144314023,14565.358690033374
1597,390.716883039687,20150.53578683501
1598,386.590775488812,23739.053107249252
1599,352.4975557352993,29286.014034421587
1600,273.2177094380907,26302.279764687988
1601,65.8416688307722,31287.302540037235
1602,54.73641839044723,31287.302540037235
1603,13.589851467265577,29286.014034421587
1604,0.0,30286.658287229413
1605,0.0,27284.72552880596
1606,0.0,21944.794447042124
1607,0.0,19253.406456731438
1608,0.0,13098.897285056406
1609,0.0,7307.557237362945
1610,0.0,5099.238886338797
1611,0.0,2663.7918031907716
1612,0.0,2042.702266965229
1613,0.0,1111.0679626269161
1614,0.0,418.58294397089287
1615,0.0,844.8867328159685
1616,24.583618021292736,1421.6127307396875
1617,85.2705695305169,2663.7918031907716
1618,147.39932987818605,2353.2470350780004
1619,246.83028803908323,2353.2470350780004
1620,246.04381703595504,4073.948223363301
1621,328.21991279179656,8411.716412875021
1622,362.05545136112215,10165.974475102461
1623,319.1176697964296,15298.58939252187
1624,259.6673546706694,16660.303554286198
1625,114.0687089242344,21944.794447042124
1626,64.0068165829421,23739.053107249252
1627,6.587945312559794,29286.014034421587
1628,0.0,30286.658287229413
1629,0.0,28285.369781613776
1630,0.0,26302.279764687988
1631,0.0,23739.053107249252
1632,0.0,26302.279764687988
1633,0.0,23739.053107249252
1634,0.0,31287.302540037235
1635,0.0,25405.150434584437
1636,0.0,17459.147796524325
1637,0.0,10899.205177590942
1638,0.0,8411.716412875021
1639,0.0,7307.557237362945
1640,25.39344962369774,8411.716412875021
1641,68.68738953656819,13832.127987544893
1642,184.3356865164732,15298.58939252187
1643,293.85628902864937,16031.820095010358
1644,348.6527693848776,18356.277126627883
1645,373.4309397964074,22841.923777145686
1646,379.379697084722,28285.369781613776
1647,345.4870550040503,36147.57462510378
1648,275.0549178900328,44068.338142266206
1649,61.611178973750576,49594.522068777
1650,56.418513182262615,52829.363403285024
1651,14.039099688515924,50672.802513612995
1652,0.0,46199.020301262164
1653,0.0,40626.46696234967
1654,0.0,35146.93037229596
1655,0.0,31287.302540037235
1656,0.0,28285.369781613776
1657,0.0,27284.72552880596
1658,0.0,29286.014034421587
1659,0.0,27284.72552880596
1660,0.0,27284.72552880596
1661,0.0,26302.279764687988
1662,0.0,28285.369781613776
1663,0.0,27284.72552880596
1664,23.68280149942501,23739.053107249252
1665,129.26990138553643,24636.18243735281
1666,198.80257614433205,24636.18243735281
1667,297.64521440216095,22841.923777145686
1668,363.9677489413861,24636.18243735281
1669,380.647336650102,29286.014034421587
1670,380.359192115684,32287.946792845047
1671,350.93455658631086,33288.591045652865
1672,275.6234205220214,36147.57462510378
1673,63.71613833172697,35146.93037229596
1674,54.36783077539334,36147.57462510378
1675,13.18954363498324,36147.57462510378
1676,0.0,37184.59578243314
1677,0.0,41773.75735565518
1678,0.0,40626.46696234967
1679,0.0,38331.88617573865
1680,0.0,34289.2352984607
1681,0.0,31287.302540037235
1682,0.0,29286.014034421587
1683,0.0,25405.150434584437
1684,0.0,19253.406456731438
1685,0.0,15298.58939252187
1686,0.0,14565.358690033374
1687,0.0,16660.303554286198
1688,21.088864718682,21047.66511693857
1689,133.01400118397692,30286.658287229413
1690,77.21979075418211,33288.591045652865
1691,315.4637239392208,32287.946792845047
1692,355.80556608644764,34289.2352984607
1693,374.303161262481,38331.88617573865
1694,364.0304939185965,40626.46696234967
1695,334.4871912549667,44068.338142266206
1696,260.1694421987002,51751.082958449
1697,65.29686736017499,59145.00600875307
1698,52.10492866016834,66657.56668739484
1699,12.715032503424256,65717.30613949784
1700,0.0,60210.06578752968
1701,0.0,58066.72556391706
1702,0.0,56988.44511908106
1703,0.0,55910.164674245054
1704,0.0,56988.44511908106
1705,0.0,53907.64384812104
1706,0.0,41773.75735565518
1707,0.0,38331.88617573865
1708,0.0,37184.59578243314
1709,0.0,34289.2352984607
1710,0.0,27284.72552880596
1711,0.0,23739.053107249252
1712,25.37255218384449,19253.406456731438
1713,138.04357334075775,23739.053107249252
1714,163.65468321476703,29286.014034421587
1715,282.5404184172163,27284.72552880596
1716,316.56256306703136,26302.279764687988
1717,341.7649929371227,34289.2352984607
1718,93.5999896006982,30286.658287229413
1719,347.271139536399,38331.88617573865
1720,275.1765719815877,39479.176569044146
1721,67.7843829929261,41773.75735565518
1722,53.46256594065335,41773.75735565518
1723,13.15316645483974,45051.72990795666
1724,0.0,46199.020301262164
1725,0.0,46199.020301262164
1726,0.0,41773.75735565518
1727,0.0,37184.59578243314
1728,0.0,38331.88617573865
1729,0.0,37184.59578243314
1730,0.0,37184.59578243314
1731,0.0,36147.57462510378
1732,0.0,31287.302540037235
1733,0.0,22841.923777145686
1734,0.0,20150.53578683501
1735,0.0,19253.406456731438
1736,27.984187491091976,16660.303554286198
1737,102.19661581104764,19253.406456731438
1738,148.0868194240424,18356.277126627883
1739,295.2961036937872,18356.277126627883
1740,369.9796984108247,20150.53578683501
1741,381.41856714706944,18356.277126627883
1742,385.7147224343456,23739.053107249252
1743,351.0240828363866,27284.72552880596
1744,277.2554732340783,33288.591045652865
1745,59.497308962397526,32287.946792845047
1746,51.33178983810305,31287.302540037235
1747,12.722901580542905,29286.014034421587
1748,0.0,27284.72552880596
1749,0.0,27284.72552880596
1750,0.0,26302.279764687988
1751,0.0,29286.014034421587
1752,0.0,31287.302540037235
1753,0.0,29286.014034421587
1754,0.0,29286.014034421587
1755,0.0,24636.18243735281
1756,0.0,21944.794447042124
1757,0.0,17459.147796524325
1758,0.0,16660.303554286198
1759,0.0,19253.406456731438
1760,5.727884662632,20150.53578683501
1761,124.96552475067412,24636.18243735281
1762,185.18639137396505,21944.794447042124
1763,315.63541597775486,19253.406456731438
1764,373.1205019502255,21047.66511693857
1765,395.2120691606949,27284.72552880596
1766,389.1159617089322,29286.014034421587
1767,348.2013697712516,34289.2352984607
1768,284.43587862913205,37184.59578243314
1769,61.09775149011957,41773.75735565518
1770,42.6458085579859,41773.75735565518
1771,12.711168013755218,39479.176569044146
1772,0.0,37184.59578243314
1773,0.0,38331.88617573865
1774,0.0,38331.88617573865
1775,0.0,37184.59578243314
1776,0.0,37184.59578243314
1777,0.0,33288.591045652865
1778,0.0,29286.014034421587
1779,0.0,22841.923777145686
1780,0.0,21047.66511693857
1781,0.0,15298.58939252187
1782,0.0,13098.897285056406
1783,0.0,13098.897285056406
1784,21.470141983986423,15298.58939252187
1785,112.27510453661546,21047.66511693857
1786,170.01812977510363,21047.66511693857
1787,310.8269859388035,21047.66511693857
1788,365.2683602679074,23739.053107249252
1789,395.5061611470007,28285.369781613776
1790,393.3631959531239,32287.946792845047
1791,360.8440481080679,35146.93037229596
1792,289.4770222252216,39479.176569044146
1793,63.33107648193979,47346.31069456769
1794,44.44700113047976,50672.802513612995
1795,12.293199119810932,53907.64384812104
1796,0.0,60210.06578752968
1797,0.0,60210.06578752968
1798,0.0,59145.00600875307
1799,0.0,53907.64384812104
1800,0.0,49594.522068777
1801,0.0,46199.020301262164
1802,0.0,44068.338142266206
1803,0.0,37184.59578243314
1804,0.0,37184.59578243314
1805,0.0,37184.59578243314
1806,0.0,40626.46696234967
1807,0.0,38331.88617573865
1808,22.34799162708403,36147.57462510378
1809,118.11504594792076,41773.75735565518
1810,200.60947982648472,36147.57462510378
1811,308.85899160969427,32287.946792845047
1812,274.504383169728,27284.72552880596
1813,336.5048656914776,29286.014034421587
1814,331.0988721931,30286.658287229413
1815,355.6801666267904,41773.75735565518
1816,280.91145034932026,49594.522068777
1817,68.29955876344735,55910.164674245054
1818,39.27986224452284,54985.92429295705
1819,12.287677630422252,51751.082958449
1820,0.0,44068.338142266206
1821,0.0,37184.59578243314
1822,0.0,32287.946792845047
1823,0.0,29286.014034421587
1824,0.0,25405.150434584437
1825,0.0,21944.794447042124
1826,0.0,21944.794447042124
1827,0.0,19253.406456731438
1828,0.0,21047.66511693857
1829,0.0,19253.406456731438
1830,0.0,17459.147796524325
1831,0.0,16031.820095010358
1832,34.03118998586968,16660.303554286198
1833,141.07657514236053,22841.923777145686
1834,200.5495771638296,24636.18243735281
1835,322.1262565850082,24636.18243735281
1836,382.0426228328159,24636.18243735281
1837,396.66950987924696,25405.150434584437
1838,386.6075474606004,22841.923777145686
1839,361.912307870334,25405.150434584437
1840,287.62719303289026,31287.302540037235
1841,52.63099726640453,33288.591045652865
1842,57.72438456606032,34289.2352984607
1843,11.867781242415944,31287.302540037235
1844,0.0,27284.72552880596
1845,0.0,26302.279764687988
1846,0.0,26302.279764687988
1847,0.0,22841.923777145686
1848,0.0,21047.66511693857
1849,0.0,19253.406456731438
1850,0.0,19253.406456731438
1851,0.0,16660.303554286198
1852,0.0,10899.205177590942
1853,0.0,4547.159298582758
1854,0.0,1421.6127307396875
1855,0.0,375.4517261774522
1856,31.475383867944014,534.3419647031985
1857,113.2361529431382,1732.1574988524587
1858,175.42696579188106,3284.881339416314
1859,313.1948334576817,6755.477649606911
1860,380.7688115149684,10899.205177590942
1861,404.6778000388175,15298.58939252187
1862,400.0981342451875,16660.303554286198
1863,366.0547903511486,21047.66511693857
1864,300.0733857970571,27284.72552880596
1865,50.54348973717017,32287.946792845047
1866,40.1863716823394,32287.946792845047
1867,11.421182690287877,31287.302540037235
1868,0.0,29286.014034421587
1869,0.0,28285.369781613776
1870,0.0,25405.150434584437
1871,0.0,21944.794447042124
1872,0.0,16660.303554286198
1873,0.0,13832.127987544893
1874,0.0,10165.974475102461
1875,0.0,12365.666582567917
1876,0.0,15298.58939252187
1877,0.0,15298.58939252187
1878,0.0,16660.303554286198
1879,0.0,18356.277126627883
1880,19.31584771914108,17459.147796524325
1881,124.97159332814992,21944.794447042124
1882,179.444339304285,23739.053107249252
1883,322.8325300268278,24636.18243735281
1884,384.2351832876371,25405.150434584437
1885,402.5236763424722,28285.369781613776
1886,399.938735647777,24636.18243735281
1887,365.7049133930152,28285.369781613776
1888,303.171480592836,31287.302540037235
1889,51.39654380287907,35146.93037229596
1890,40.149930051086535,35146.93037229596
1891,10.978202109075973,34289.2352984607
1892,0.0,31287.302540037235
1893,0.0,32287.946792845047
1894,0.0,34289.2352984607
1895,0.0,33288.591045652865
1896,0.0,31287.302540037235
1897,0.0,28285.369781613776
1898,0.0,23739.053107249252
1899,0.0,17459.147796524325
1900,0.0,16660.303554286198
1901,0.0,15298.58939252187
1902,0.0,14565.358690033374
1903,0.0,12365.666582567917
1904,31.52161868918281,11632.435880079429
1905,137.77014607309252,13098.897285056406
1906,185.98225183238864,11632.435880079429
1907,323.5581886563132,10899.205177590942
1908,383.7406013455358,12365.666582567917
1909,405.1796558079666,15298.58939252187
1910,400.69563184024327,17459.147796524325
1911,370.36206796865,24636.18243735281
1912,308.91155984664675,29286.014034421587
1913,51.36381095205973,31287.302540037235
1914,38.85914387937332,30286.658287229413
1915,10.970178117724355,25405.150434584437
1916,0.0,21047.66511693857
1917,0.0,19253.406456731438
1918,0.0,20150.53578683501
1919,0.0,21047.66511693857
1920,0.0,21047.66511693857
1921,0.0,16031.820095010358
1922,0.0,12365.666582567917
1923,0.0,8411.716412875021
1924,0.0,7307.557237362945
1925,0.0,5651.3184740948345
1926,0.0,2353.2470350780004
1927,0.0,289.18929059057143
1928,26.782243971722377,36.563586371849
1929,125.67041733689388,122.82602195872995
1930,115.17615645663687,2042.702266965229
1931,314.99377358217674,5651.3184740948345
1932,388.621755764106,7307.557237362945
1933,404.8544627568461,9537.491015826612
1934,397.710330956492,14565.358690033374
1935,367.2880873728219,24636.18243735281
1936,304.6410357884575,35146.93037229596
1937,50.64891240495024,40626.46696234967
1938,39.85371252175487,38331.88617573865
1939,10.123487459709292,33288.591045652865
1940,0.0,25405.150434584437
1941,0.0,24636.18243735281
1942,0.0,21944.794447042124
1943,0.0,19253.406456731438
1944,0.0,17459.147796524325
1945,0.0,14565.358690033374
1946,0.0,10899.205177590942
1947,0.0,11632.435880079429
1948,0.0,13098.897285056406
1949,0.0,13832.127987544893
1950,0.0,10899.205177590942
1951,0.0,7859.636825118987
1952,22.023007657929767,7859.636825118987
1953,122.45254260010816,10165.974475102461
1954,183.09989251821,15298.58939252187
1955,324.22186606612127,16660.303554286198
1956,379.2287543761276,14565.358690033374
1957,400.32450448004926,14565.358690033374
1958,358.2691404157601,15298.58939252187
1959,329.4144255359336,22841.923777145686
1960,85.33266078449927,31287.302540037235
1961,112.12629794299237,44068.338142266206
1962,47.93863276095225,45051.72990795666
1963,10.107402964942386,45051.72990795666
1964,0.0,44068.338142266206
1965,0.0,46199.020301262164
1966,0.0,39479.176569044146
1967,0.0,37184.59578243314
1968,0.0,33288.591045652865
1969,0.0,28285.369781613776
1970,0.0,20150.53578683501
1971,0.0,16660.303554286198
1972,0.0,17459.147796524325
1973,0.0,14565.358690033374
1974,0.0,10165.974475102461
1975,0.0,6755.477649606911
1976,53.97934377472162,11632.435880079429
1977,125.92455461926843,18356.277126627883
1978,170.44122018729445,16660.303554286198
1979,326.8931028000146,11632.435880079429
1980,374.7944505595816,12365.666582567917
1981,381.4455385975669,18356.277126627883
1982,363.1001554040214,27284.72552880596
1983,353.7493935234489,31287.302540037235
1984,57.90267423380293,39479.176569044146
1985,50.74083335741911,51751.082958449
1986,46.7765006151431,54985.92429295705
1987,9.686290830919551,53907.64384812104
1988,0.0,48493.6010878732
1989,0.0,47346.31069456769
1990,0.0,44068.338142266206
1991,0.0,35146.93037229596
1992,0.0,22841.923777145686
1993,0.0,19253.406456731438
1994,0.0,24636.18243735281
1995,0.0,25405.150434584437
1996,0.0,21944.794447042124
1997,0.0,15298.58939252187
1998,0.0,10899.205177590942
1999,0.0,7307.557237362945
2000,18.968722919001568,7859.636825118987
2001,140.22653877245355,7859.636825118987
2002,185.6109817965984,9537.491015826612
2003,324.48490840953747,10899.205177590942
2004,330.03784409417386,14565.358690033374
2005,395.5090351081658,10899.205177590942
2006,385.7932202842265,25405.150434584437
2007,363.1480931483114,28285.369781613776
2008,60.21932775479813,33288.591045652865
2009,54.1934721411199,41773.75735565518
2010,39.92177359626831,44068.338142266206
2011,9.254086359562248,36147.57462510378
2012,0.0,30286.658287229413
2013,0.0,26302.279764687988
2014,0.0,22841.923777145686
2015,0.0,17459.147796524325
2016,0.0,13832.127987544893
2017,0.0,11632.435880079429
2018,0.0,19253.406456731438
2019,0.0,19253.406456731438
2020,0.0,14565.358690033374
2021,0.0,10165.974475102461
2022,0.0,7307.557237362945
2023,0.0,5651.3184740948345
2024,23.78645072670377,3595.426107529084
2025,144.25670057299124,4547.159298582758
2026,76.54508585954295,7307.557237362945
2027,124.16967384600962,6203.398061850872
2028,340.4971268000796,5099.238886338797
2029,360.1972970931386,5099.238886338797
2030,355.16694067565305,16031.820095010358
2031,348.4633569101039,24636.18243735281
2032,89.68195469047794,21047.66511693857
2033,104.45226207207484,15298.58939252187
2034,39.429219979291766,13098.897285056406
2035,8.3670495654198,11632.435880079429
2036,0.0,9537.491015826612
2037,0.0,7859.636825118987
2038,0.0,8963.796000631059
2039,0.0,8963.796000631059
2040,0.0,8411.716412875021
2041,0.0,6203.398061850872
2042,0.0,3595.426107529084
2043,0.0,534.3419647031985
2044,0.0,418.58294397089287
2045,0.0,2353.2470350780004
2046,0.0,1732.1574988524587
2047,0.0,332.32050838401193
2048,5.323044652556701,79.69480416528947
2049,33.9116848035595,0.0
2050,108.54752848712792,0.0
2051,189.74912825547517,0.0
2052,44.70143713337328,332.32050838401193
2053,52.58216495838799,202.92685500369075
2054,52.39549427290449,79.69480416528947
2055,38.07239589365015,0.0
2056,38.48072933549355,0.0
2057,44.90087184136441,332.32050838401193
2058,40.573096718303646,6203.398061850872
2059,5.730036009184557,8963.796000631059
2060,0.0,10899.205177590942
2061,0.0,7307.557237362945
2062,0.0,3284.881339416314
2063,0.0,1421.6127307396875
2064,0.0,332.32050838401193
2065,0.0,159.79563721025025
2066,0.0,79.69480416528947
2067,0.0,36.563586371849
2068,0.0,246.0580727971312
2069,0.0,202.92685500369075
2070,0.0,79.69480416528947
2071,0.0,0.0
2072,59.68570749932341,0.0
2073,116.54276305791234,0.0
2074,255.73807846222076,0.0
2075,343.197788568662,0.0
2076,331.8551085771935,0.0
2077,335.7852717122315,79.69480416528947
2078,335.7473972872774,4073.948223363301
2079,138.5192867210331,8963.796000631059
2080,151.1321247153805,10899.205177590942
2081,109.01751916429656,8411.716412875021
2082,47.49629318601666,11632.435880079429
2083,2.204178409237461,10899.205177590942
2084,0.0,2663.7918031907716
2085,0.0,1732.1574988524587
2086,0.0,418.58294397089287
2087,0.0,246.0580727971312
2088,0.0,79.69480416528947
2089,0.0,79.69480416528947
2090,0.0,246.0580727971312
2091,0.0,0.0
2092,0.0,79.69480416528947
2093,0.0,122.82602195872995
2094,0.0,0.0
2095,0.0,0.0
2096,58.627879349481255,0.0
2097,165.82164561483953,0.0
2098,186.284091853254,0.0
2099,335.02233658683684,0.0
2100,136.57572585561763,0.0
2101,376.57304049752514,0.0
2102,376.7053752045418,36.563586371849
2103,361.07544336126745,289.18929059057143
2104,62.77155588438112,2663.7918031907716
2105,52.67731150212948,9537.491015826612
2106,39.22446102051844,11632.435880079429
2107,8.32061871774956,8963.796000631059
2108,0.0,5099.238886338797
2109,0.0,4073.948223363301
2110,0.0,4073.948223363301
2111,0.0,3595.426107529084
2112,0.0,2663.7918031907716
2113,0.0,1421.6127307396875
2114,0.0,3595.426107529084
2115,0.0,1732.1574988524587
2116,0.0,1421.6127307396875
2117,0.0,1732.1574988524587
2118,0.0,2042.702266965229
2119,0.0,375.4517261774522
2120,6.6368470745814,1421.6127307396875
2121,158.47027556132878,5651.3184740948345
2122,176.88213216583762,7859.636825118987
2123,332.81318476197214,7307.557237362945
2124,374.28747016897705,3595.426107529084
2125,398.8679018874861,3595.426107529084
2126,396.918126025516,8411.716412875021
2127,187.79443858444375,12365.666582567917
2128,84.217048261328,16660.303554286198
2129,98.5904703487022,16031.820095010358
2130,45.8407354652546,15298.58939252187
2131,7.928679835399337,13832.127987544893
2132,0.0,12365.666582567917
2133,0.0,8963.796000631059
2134,0.0,5651.3184740948345
2135,0.0,4073.948223363301
2136,0.0,4073.948223363301
2137,0.0,5651.3184740948345
2138,0.0,9537.491015826612
2139,0.0,12365.666582567917
2140,0.0,15298.58939252187
2141,0.0,15298.58939252187
2142,0.0,13098.897285056406
2143,0.0,10165.974475102461
2144,56.82328045096162,8411.716412875021
2145,163.5958796989007,7859.636825118987
2146,206.06190589654707,5099.238886338797
2147,343.78863550410057,2353.2470350780004
2148,382.9459135549916,1421.6127307396875
2149,394.0519254674933,3595.426107529084
2150,368.9629427075848,6203.398061850872
2151,341.83959894754173,6755.477649606911
2152,106.14191441576102,16660.303554286198
2153,57.80693109689897,16660.303554286198
2154,45.77109585290198,18356.277126627883
2155,6.59896862253358,16031.820095010358
2156,0.0,15089.09490609659
2157,0.0,13622.63350111961
2158,0.0,12260.91933935528
2159,0.0,10794.457934378303
2160,0.0,9358.138563313943
2161,0.0,8332.847900338444
2162,0.0,7228.688724826367
2163,0.0,6124.529549314293
2164,0.0,5099.238886338797
2165,0.0,3995.079710826721
2166,0.0,3240.517801114487
2167,0.0,2663.7918031907716
2168,41.3879264888849,2042.702266965229
2169,85.1932132906733,1421.6127307396875
2170,223.18480291049917,844.8867328159685
2171,316.9643002228468,418.58294397089287
2172,383.2886647252682,8963.796000631059
2173,407.65663471377246,8963.796000631059
2174,398.3603682380517,16031.820095010358
2175,368.1906763914262,29286.014034421587
2176,49.11645964992234,29286.014034421587
2177,43.43837324663184,26302.279764687988
2178,38.16863775131645,19253.406456731438
2179,7.507232909021153,11632.435880079429
2180,0.0,3595.426107529084
2181,0.0,1111.0679626269161
2182,0.0,332.32050838401193
2183,0.0,79.69480416528947
2184,0.0,122.82602195872995
2185,0.0,534.3419647031985
2186,0.0,5099.238886338797
2187,0.0,6203.398061850872
2188,0.0,6755.477649606911
2189,0.0,3284.881339416314
2190,0.0,3595.426107529084
2191,0.0,1111.0679626269161
2192,5.786401288861576,375.4517261774522
2193,167.74378751614344,844.8867328159685
2194,226.2334503312929,2042.702266965229
2195,336.0394423672317,4073.948223363301
2196,374.7133498903616,8963.796000631059
2197,400.8330580487616,6203.398061850872
2198,389.8700201532248,10899.205177590942
2199,354.32712163870434,17459.147796524325
2200,90.52631428897392,18356.277126627883
2201,41.01166514766715,18356.277126627883
2202,46.873973351064,16660.303554286198
2203,7.5251293136053,12365.666582567917
2204,0.0,8963.796000631059
2205,0.0,6203.398061850872
2206,0.0,3284.881339416314
2207,0.0,3284.881339416314
2208,0.0,2353.2470350780004
2209,0.0,418.58294397089287
2210,0.0,2353.2470350780004
2211,0.0,2353.2470350780004
2212,0.0,2042.702266965229
2213,0.0,2353.2470350780004
2214,0.0,844.8867328159685
2215,0.0,332.32050838401193
2216,33.55021545339501,246.0580727971312
2217,145.32785207845757,332.32050838401193
2218,205.92147368048003,332.32050838401193
2219,333.4446610708654,418.58294397089287
2220,387.13993267010056,534.3419647031985
2221,406.6910520492503,1732.1574988524587
2222,398.6611718710226,9537.491015826612
2223,368.17962010378136,16660.303554286198
2224,91.9379582499537,26302.279764687988
2225,105.5434962027688,16031.820095010358
2226,48.88759507854966,18356.277126627883
2227,7.070079073456784,16660.303554286198
2228,0.0,13832.127987544893
2229,0.0,10899.205177590942
2230,0.0,7859.636825118987
2231,0.0,6203.398061850872
2232,0.0,5099.238886338797
2233,0.0,2663.7918031907716
2234,0.0,2042.702266965229
2235,0.0,1732.1574988524587
2236,0.0,2353.2470350780004
2237,0.0,1111.0679626269161
2238,0.0,418.58294397089287
2239,0.0,289.18929059057143
2240,49.36707240950478,202.92685500369075
2241,115.4341529570268,332.32050838401193
2242,235.6766779110758,418.58294397089287
2243,322.88102645092744,844.8867328159685
2244,366.1007330061489,2042.702266965229
2245,64.03337324041071,8963.796000631059
2246,88.14764878544543,8411.716412875021
2247,220.9173248084086,13098.897285056406
2248,115.1818927564488,15298.58939252187
2249,80.39927337627405,15298.58939252187
2250,57.59756805161021,13098.897285056406
2251,6.633409659869697,7307.557237362945
2252,0.0,7307.557237362945
2253,0.0,8411.716412875021
2254,0.0,8411.716412875021
2255,0.0,9537.491015826612
2256,0.0,10165.974475102461
2257,0.0,8411.716412875021
2258,0.0,10899.205177590942
2259,0.0,10899.205177590942
2260,0.0,9537.491015826612
2261,0.0,6755.477649606911
2262,0.0,4073.948223363301
2263,0.0,2663.7918031907716
2264,65.16914817117316,2663.7918031907716
2265,152.86391677979717,5099.238886338797
2266,235.00748202235965,8963.796000631059
2267,332.3905533210174,9537.491015826612
2268,370.14005996110166,9537.491015826612
2269,401.88992376392025,11632.435880079429
2270,382.2505290582493,11632.435880079429
2271,371.9170978658505,15298.58939252187
2272,47.70078197907923,18356.277126627883
2273,84.6200207629818,24636.18243735281
2274,50.79393486922823,25405.150434584437
2275,6.160773726042965,22841.923777145686
2276,0.0,16660.303554286198
2277,0.0,11632.435880079429
2278,0.0,8963.796000631059
2279,0.0,8411.716412875021
2280,0.0,9537.491015826612
2281,0.0,10899.205177590942
2282,0.0,14565.358690033374
2283,0.0,12365.666582567917
2284,0.0,9537.491015826612
2285,0.0,8963.796000631059
2286,0.0,7859.636825118987
2287,0.0,4073.948223363301
2288,64.6597745077926,3284.881339416314
2289,158.23573001602077,2974.3365713035414
2290,231.6645206205224,2663.7918031907716
2291,332.6995132083135,2042.702266965229
2292,387.4049277226763,2663.7918031907716
2293,410.2694298367867,4547.159298582758
2294,402.2849793359608,10899.205177590942
2295,370.7670793475719,19253.406456731438
2296,91.63253472279648,32287.946792845047
2297,52.390146379035286,37184.59578243314
2298,32.93074138171558,34289.2352984607
2299,6.626171543124404,29286.014034421587
2300,0.0,22841.923777145686
2301,0.0,16660.303554286198
2302,0.0,16031.820095010358
2303,0.0,13832.127987544893
2304,0.0,11632.435880079429
2305,0.0,8411.716412875021
2306,0.0,9537.491015826612
2307,0.0,8963.796000631059
2308,0.0,7307.557237362945
2309,0.0,5099.238886338797
2310,0.0,3595.426107529084
2311,0.0,2974.3365713035414
2312,23.763840157544973,2353.2470350780004
2313,164.29440424259832,3284.881339416314
2314,243.40138529411607,6203.398061850872
2315,339.0858451034568,7307.557237362945
2316,368.4741948618369,10899.205177590942
2317,382.6723518225576,16660.303554286198
2318,395.5591430625122,26302.279764687988
2319,365.6291412517313,29286.014034421587
2320,105.05257348566516,28285.369781613776
2321,40.18810053284852,22841.923777145686
2322,34.60920065533522,24636.18243735281
2323,3.0895321478370543,23739.053107249252
2324,0.0,21047.66511693857
2325,0.0,16660.303554286198
2326,0.0,16660.303554286198
2327,0.0,13832.127987544893
2328,0.0,11632.435880079429
2329,0.0,10165.974475102461
2330,0.0,8411.716412875021
2331,0.0,6203.398061850872
2332,0.0,5099.238886338797
2333,0.0,2974.3365713035414
2334,0.0,2353.2470350780004
2335,0.0,2353.2470350780004
2336,54.44882036260493,3284.881339416314
2337,136.33294529151155,6755.477649606911
2338,250.92496053666312,8411.716412875021
2339,327.89392997486607,8411.716412875021
2340,380.4608926921733,10899.205177590942
2341,392.9121432103268,15298.58939252187
2342,398.7343736978684,18356.277126627883
2343,365.7450095719633,25405.150434584437
2344,112.89994764748508,39479.176569044146
2345,77.21691481976298,30286.658287229413
2346,54.750823949835166,31287.302540037235
2347,4.402818126544284,27284.72552880596
2348,0.0,21944.794447042124
2349,0.0,21047.66511693857
2350,0.0,21047.66511693857
2351,0.0,19253.406456731438
2352,0.0,17459.147796524325
2353,0.0,13832.127987544893
2354,0.0,8963.796000631059
2355,0.0,7307.557237362945
2356,0.0,6755.477649606911
2357,0.0,7859.636825118987
2358,0.0,7859.636825118987
2359,0.0,7307.557237362945
2360,48.67892646775746,6755.477649606911
2361,156.81007232551946,10899.205177590942
2362,257.64013397771333,8963.796000631059
2363,334.8797182523884,7859.636825118987
2364,384.3479918253126,8963.796000631059
2365,408.6092009121435,13098.897285056406
2366,399.3161709421728,13098.897285056406
2367,370.77207160996295,15298.58939252187
2368,50.240232428794265,18356.277126627883
2369,44.540593305099904,22841.923777145686
2370,33.245406113173075,26302.279764687988
2371,5.725004344612404,21047.66511693857
2372,0.0,14565.358690033374
2373,0.0,14565.358690033374
2374,0.0,16031.820095010358
2375,0.0,18356.277126627883
2376,0.0,20150.53578683501
2377,0.0,19253.406456731438
2378,0.0,17459.147796524325
2379,0.0,18356.277126627883
2380,0.0,16031.820095010358
2381,0.0,14565.358690033374
2382,0.0,14565.358690033374
2383,0.0,14565.358690033374
2384,57.16672987934093,16031.820095010358
2385,156.13567596474925,22841.923777145686
2386,255.80094044047385,21944.794447042124
2387,324.1928703328095,19253.406456731438
2388,381.8759028172205,19253.406456731438
2389,404.0571227273836,21944.794447042124
2390,397.9337210595602,26302.279764687988
2391,369.1707102846318,33288.591045652865
2392,51.93116303726487,34289.2352984607
2393,41.17371748343496,38331.88617573865
2394,32.37134564941923,41773.75735565518
2395,5.2798562936201945,41773.75735565518
2396,0.0,39479.176569044146
2397,0.0,34289.2352984607
2398,0.0,32287.946792845047
2399,0.0,26302.279764687988
2400,0.0,22841.923777145686
2401,0.0,21047.66511693857
2402,0.0,19253.406456731438
2403,0.0,17459.147796524325
2404,0.0,16660.303554286198
2405,0.0,15298.58939252187
2406,0.0,15298.58939252187
2407,0.0,17459.147796524325
2408,58.9518084085359,18356.277126627883
2409,158.58091404470207,22841.923777145686
2410,254.81698088404087,23739.053107249252
2411,337.1099935080522,23739.053107249252
2412,382.86346465075775,24636.18243735281
2413,407.5258372125309,27284.72552880596
2414,401.5664761515499,25405.150434584437
2415,373.2429307751976,29286.014034421587
2416,44.73760194200887,34289.2352984607
2417,41.0781908354146,38331.88617573865
2418,31.503098319338037,40626.46696234967
2419,5.278116536703009,45051.72990795666
2420,0.0,47346.31069456769
2421,0.0,46199.020301262164
2422,0.0,45051.72990795666
2423,0.0,45051.72990795666
2424,0.0,46199.020301262164
2425,0.0,48493.6010878732
2426,0.0,46199.020301262164
2427,0.0,42921.04774896071
2428,0.0,38331.88617573865
2429,0.0,30286.658287229413
2430,0.0,24636.18243735281
2431,0.0,21047.66511693857
2432,52.83629384921345,23739.053107249252
2433,158.94898299595394,25405.150434584437
2434,258.614491460694,21944.794447042124
2435,339.1836880410844,21047.66511693857
2436,377.7319428280303,25405.150434584437
2437,406.4732176284642,30286.658287229413
2438,392.9783082697693,31287.302540037235
2439,345.6806262150912,40626.46696234967
2440,81.32389528933028,56988.44511908106
2441,50.48167361506959,52829.363403285024
2442,46.81846170183998,53907.64384812104
2443,1.3253970661705388,50672.802513612995
2444,0.0,48493.6010878732
2445,0.0,55910.164674245054
2446,0.0,51751.082958449
2447,0.0,39479.176569044146
2448,0.0,32287.946792845047
2449,0.0,26302.279764687988
2450,0.0,36147.57462510378
2451,0.0,32287.946792845047
2452,0.0,33288.591045652865
2453,0.0,27284.72552880596
2454,0.0,16031.820095010358
2455,0.0,16031.820095010358
2456,49.9364181387144,14565.358690033374
2457,152.65826748955132,18356.277126627883
2458,259.010354623541,16031.820095010358
2459,334.7816983300937,13832.127987544893
2460,378.833647226241,17459.147796524325
2461,400.7484238818429,17459.147796524325
2462,390.5264128987705,33288.591045652865
2463,372.5598767296734,34289.2352984607
2464,68.30792121583595,35146.93037229596
2465,55.89964607082786,49594.522068777
2466,41.181371413237386,45051.72990795666
2467,3.531806582459828,37184.59578243314
2468,0.0,31287.302540037235
2469,0.0,29286.014034421587
2470,0.0,26302.279764687988
2471,0.0,24636.18243735281
2472,0.0,19253.406456731438
2473,0.0,13098.897285056406
2474,0.0,16031.820095010358
2475,0.0,20150.53578683501
2476,0.0,19253.406456731438
2477,0.0,21047.66511693857
2478,0.0,20150.53578683501
2479,0.0,11632.435880079429
2480,69.04375344290295,6203.398061850872
2481,156.5882807827525,2042.702266965229
2482,259.8623305979123,418.58294397089287
2483,337.5228283923494,2042.702266965229
2484,364.3744208140608,5651.3184740948345
2485,267.7743399812967,4547.159298582758
2486,334.9365248471963,6755.477649606911
2487,311.1263865200837,22841.923777145686
2488,37.340944905072334,32287.946792845047
2489,19.395944006174773,24636.18243735281
2490,15.891361251126826,29286.014034421587
2491,0.4434739615105081,29286.014034421587
2492,0.0,21944.794447042124
2493,0.0,17459.147796524325
2494,0.0,16031.820095010358
2495,0.0,12365.666582567917
2496,0.0,9537.491015826612
2497,0.0,13098.897285056406
2498,0.0,17459.147796524325
2499,0.0,13098.897285056406
2500,0.0,16660.303554286198
2501,0.0,11632.435880079429
2502,0.0,4073.948223363301
2503,0.0,4547.159298582758
2504,50.953123947504,2974.3365713035414
2505,102.89961279097692,844.8867328159685
2506,136.68218537508514,36.563586371849
2507,98.0504086308926,0.0
2508,37.71178573896373,159.79563721025025
2509,39.88546188787669,4073.948223363301
2510,38.5651945109109,23739.053107249252
2511,44.69637319456495,12365.666582567917
2512,43.380656687388544,12365.666582567917
2513,47.600088876552704,16031.820095010358
2514,42.87392551681113,16031.820095010358
2515,3.534466993263337,16031.820095010358
2516,0.0,16031.820095010358
2517,0.0,15298.58939252187
2518,0.0,13832.127987544893
2519,0.0,11632.435880079429
2520,0.0,10899.205177590942
2521,0.0,8963.796000631059
2522,0.0,6755.477649606911
2523,0.0,6203.398061850872
2524,0.0,5099.238886338797
2525,0.0,3284.881339416314
2526,0.0,2663.7918031907716
2527,0.0,2974.3365713035414
2528,59.55068975771261,2974.3365713035414
2529,171.5682169225105,2042.702266965229
2530,258.71421425034026,2042.702266965229
2531,329.07220817171697,1421.6127307396875
2532,371.9797663736299,844.8867328159685
2533,370.7180124168501,2663.7918031907716
2534,357.7313607746256,1111.0679626269161
2535,322.8138576771059,7307.557237362945
2536,143.58136265449855,17459.147796524325
2537,102.30860818007824,21944.794447042124
2538,36.45728208739619,24636.18243735281
2539,3.5356587359328824,22841.923777145686
2540,0.0,21944.794447042124
2541,0.0,20150.53578683501
2542,0.0,17459.147796524325
2543,0.0,16660.303554286198
2544,0.0,17459.147796524325
2545,0.0,15298.58939252187
2546,0.0,10899.205177590942
2547,0.0,9537.491015826612
2548,0.0,12365.666582567917
2549,0.0,13832.127987544893
2550,0.0,13098.897285056406
2551,0.0,13098.897285056406
2552,65.21518443539759,14565.358690033374
2553,158.45646976831634,19253.406456731438
2554,263.28440904165257,20150.53578683501
2555,322.66252763176186,18356.277126627883
2556,369.5966800415253,19253.406456731438
2557,395.7141479685952,19253.406456731438
2558,385.2839097513646,22841.923777145686
2559,362.43835608959296,25405.150434584437
2560,58.86774371831316,33288.591045652865
2561,70.92980803574186,31287.302540037235
2562,51.712862096498334,30286.658287229413
2563,2.2003721807213963,31287.302540037235
2564,0.0,26302.279764687988
2565,0.0,22841.923777145686
2566,0.0,19253.406456731438
2567,0.0,19253.406456731438
2568,0.0,18356.277126627883
2569,0.0,18356.277126627883
2570,0.0,20150.53578683501
2571,0.0,21047.66511693857
2572,0.0,17459.147796524325
2573,0.0,13832.127987544893
2574,0.0,10899.205177590942
2575,0.0,6755.477649606911
2576,46.671264562488496,3595.426107529084
2577,133.2575438621962,6203.398061850872
2578,256.44184706060844,6755.477649606911
2579,336.0081957594374,7307.557237362945
2580,377.4013491865724,7307.557237362945
2581,391.0274354413595,8963.796000631059
2582,391.47144889291167,7859.636825118987
2583,330.2990466641896,9537.491015826612
2584,143.97531932805975,16660.303554286198
2585,100.13675176725968,18356.277126627883
2586,49.55601274818052,26302.279764687988
2587,3.086035011869352,23739.053107249252
2588,0.0,18356.277126627883
2589,0.0,16660.303554286198
2590,0.0,16031.820095010358
2591,0.0,16031.820095010358
2592,0.0,14565.358690033374
2593,0.0,13832.127987544893
2594,0.0,10899.205177590942
2595,0.0,10899.205177590942
2596,0.0,11632.435880079429
2597,0.0,9537.491015826612
2598,0.0,8411.716412875021
2599,0.0,6755.477649606911
2600,61.53490673787509,6203.398061850872
2601,169.6768118080235,10165.974475102461
2602,273.0174796173956,14565.358690033374
2603,335.6324351416091,15298.58939252187
2604,379.269273528286,13098.897285056406
2605,407.3125371871419,10899.205177590942
2606,397.11800660586,13098.897285056406
2607,371.4964139769063,21944.794447042124
2608,48.2694101898546,29286.014034421587
2609,40.774532283933866,37184.59578243314
2610,35.040458204037975,38331.88617573865
2611,3.5302296859938416,35146.93037229596
2612,0.0,30286.658287229413
2613,0.0,28285.369781613776
2614,0.0,26302.279764687988
2615,0.0,21944.794447042124
2616,0.0,17459.147796524325
2617,0.0,16660.303554286198
2618,0.0,16031.820095010358
2619,0.0,16660.303554286198
2620,0.0,15298.58939252187
2621,0.0,13832.127987544893
2622,0.0,13098.897285056406
2623,0.0,13832.127987544893
2624,63.47016740527357,15298.58939252187
2625,168.56140074438923,21047.66511693857
2626,271.01724148282653,23739.053107249252
2627,344.77481096616555,25405.150434584437
2628,382.2578054290868,27284.72552880596
2629,387.9301430794414,29286.014034421587
2630,382.4706897220801,31287.302540037235
2631,352.7424100022533,33288.591045652865
2632,60.78474788777476,35146.93037229596
2633,57.73696115569824,38331.88617573865
2634,31.94847274238656,40626.46696234967
2635,2.202451527090075,38331.88617573865
2636,0.0,38331.88617573865
2637,0.0,37184.59578243314
2638,0.0,34289.2352984607
2639,0.0,31287.302540037235
2640,0.0,29286.014034421587
2641,0.0,26302.279764687988
2642,0.0,23739.053107249252
2643,0.0,25405.150434584437
2644,0.0,32287.946792845047
2645,0.0,35146.93037229596
2646,0.0,37184.59578243314
2647,0.0,36147.57462510378
2648,65.17975482897329,33288.591045652865
2649,171.47987561154062,36147.57462510378
2650,273.53291328850344,37184.59578243314
2651,346.3828331082957,42921.04774896071
2652,386.7899476149403,47346.31069456769
2653,410.07531515594303,55910.164674245054
2654,394.2089613253005,54985.92429295705
2655,328.34069448148824,60210.06578752968
2656,116.2310336399249,46199.020301262164
2657,41.704398017161054,32287.946792845047
2658,30.758968282960996,35146.93037229596
2659,2.206258919180336,45051.72990795666
2660,0.0,31287.302540037235
2661,0.0,25405.150434584437
2662,0.0,20150.53578683501
2663,0.0,13098.897285056406
2664,0.0,8963.796000631059
2665,0.0,7307.557237362945
2666,0.0,8411.716412875021
2667,0.0,9537.491015826612
2668,0.0,12365.666582567917
2669,0.0,13098.897285056406
2670,0.0,15298.58939252187
2671,0.0,16660.303554286198
2672,27.701747315381365,19253.406456731438
2673,105.37013240430758,26302.279764687988
2674,187.9762776462068,35146.93037229596
2675,336.07058854154604,35146.93037229596
2676,326.059297650858,40626.46696234967
2677,400.7869466869415,44068.338142266206
2678,362.7327655861647,44068.338142266206
2679,335.1917645124344,41773.75735565518
2680,69.34130102122054,38331.88617573865
2681,52.26355581361051,36147.57462510378
2682,36.28058561915861,32287.946792845047
2683,2.203941376168873,29286.014034421587
2684,0.0,28285.369781613776
2685,0.0,31287.302540037235
2686,0.0,33288.591045652865
2687,0.0,35146.93037229596
2688,0.0,34289.2352984607
2689,0.0,33288.591045652865
2690,0.0,37184.59578243314
2691,0.0,37184.59578243314
2692,0.0,36147.57462510378
2693,0.0,32287.946792845047
2694,0.0,28285.369781613776
2695,0.0,23739.053107249252
2696,59.784627029592905,22841.923777145686
2697,76.86173211627808,29286.014034421587
2698,243.0126665655497,30286.658287229413
2699,308.30597489330904,31287.302540037235
2700,355.0750172546979,35146.93037229596
2701,383.1818344967352,39479.176569044146
2702,347.5585236102131,46199.020301262164
2703,335.178839143549,53907.64384812104
2704,89.47588054477887,56988.44511908106
2705,90.31759120624469,59145.00600875307
2706,44.93936323952339,62090.58688332368
2707,1.7644088691876534,60210.06578752968
2708,0.0,61150.32633542669
2709,0.0,63971.10797911769
2710,0.0,63030.84743122068
2711,0.0,64911.3685270147
2712,0.0,62090.58688332368
2713,0.0,59145.00600875307
2714,0.0,52829.363403285024
2715,0.0,51751.082958449
2716,0.0,48493.6010878732
2717,0.0,46199.020301262164
2718,0.0,44068.338142266206
2719,0.0,36147.57462510378
2720,56.46914872184722,28285.369781613776
2721,160.86472799721753,28285.369781613776
2722,268.6156125448785,32287.946792845047
2723,331.4524426405962,39479.176569044146
2724,359.52960627315656,35146.93037229596
2725,370.2136433651016,33288.591045652865
2726,385.8521638126943,61150.32633542669
2727,118.65292634529912,61150.32633542669
2728,53.49650145341075,59145.00600875307
2729,55.79610286557118,63971.10797911769
2730,31.59550108570904,67597.82723529183
2731,1.323311914896521,64911.3685270147
2732,0.0,54985.92429295705
2733,0.0,49594.522068777
2734,0.0,36147.57462510378
2735,0.0,33288.591045652865
2736,0.0,33288.591045652865
2737,0.0,34289.2352984607
2738,0.0,38331.88617573865
2739,0.0,34289.2352984607
2740,0.0,36147.57462510378
2741,0.0,35146.93037229596
2742,0.0,30286.658287229413
2743,0.0,28285.369781613776
2744,61.06643736497931,26302.279764687988
2745,170.3292339486328,25405.150434584437
2746,269.4632457362707,20150.53578683501
2747,287.65828677324714,19253.406456731438
2748,380.609471301473,21047.66511693857
2749,384.5389838904415,21047.66511693857
2750,377.5547127822639,28285.369781613776
2751,362.43693318543455,32287.946792845047
2752,58.59403615491229,32287.946792845047
2753,50.72823889264348,35146.93037229596
2754,32.47481988031594,42921.04774896071
2755,0.0,41773.75735565518
2756,0.0,42921.04774896071
2757,0.0,45051.72990795666
2758,0.0,45051.72990795666
2759,0.0,41773.75735565518
2760,0.0,38331.88617573865
2761,0.0,38331.88617573865
2762,0.0,49594.522068777
2763,0.0,51751.082958449
2764,0.0,40626.46696234967
2765,0.0,37184.59578243314
2766,0.0,36147.57462510378
2767,0.0,33288.591045652865
2768,68.09327992801711,32287.946792845047
2769,161.42443200915642,36147.57462510378
2770,274.9139953384781,48493.6010878732
2771,310.2703366803828,41773.75735565518
2772,380.1732381742239,48493.6010878732
2773,333.14688385433755,51751.082958449
2774,396.2492891637448,56988.44511908106
2775,367.5319406322882,63971.10797911769
2776,0.0,74715.67782653887
2777,96.87852230208256,77717.61058496231
2778,15.921149126469937,71070.47376273897
2779,0.0,64911.3685270147
2780,0.0,56988.44511908106
2781,0.0,47346.31069456769
2782,0.0,30286.658287229413
2783,0.0,22841.923777145686
2784,0.0,25405.150434584437
2785,0.0,27284.72552880596
2786,0.0,18356.277126627883
2787,0.0,7859.636825118987
2788,0.0,6755.477649606911
2789,0.0,6755.477649606911
2790,0.0,7859.636825118987
2791,0.0,4547.159298582758
2792,68.04956066079195,2353.2470350780004
2793,151.31338180243276,6203.398061850872
2794,177.95738088803645,6755.477649606911
2795,216.93403035008944,11632.435880079429
2796,81.03659098456083,16031.820095010358
2797,164.79267034151195,22841.923777145686
2798,135.49044280255146,15298.58939252187
2799,154.44322096962483,26302.279764687988
2800,26.791102329658067,25405.150434584437
2801,25.938298432845265,24636.18243735281
2802,14.578177047016172,21944.794447042124
2803,0.0,16660.303554286198
2804,0.0,21047.66511693857
2805,0.0,24636.18243735281
2806,0.0,21944.794447042124
2807,0.0,16660.303554286198
2808,0.0,9537.491015826612
2809,0.0,7307.557237362945
2810,0.0,6755.477649606911
2811,0.0,5651.3184740948345
2812,0.0,1732.1574988524587
2813,0.0,122.82602195872995
2814,0.0,0.0
2815,0.0,36.563586371849
2816,6.222912231047861,79.69480416528947
2817,15.940213366689528,159.79563721025025
2818,24.722564093536885,0.0
2819,66.71184256888645,159.79563721025025
2820,184.44488075731635,844.8867328159685
2821,333.6274513856535,3595.426107529084
2822,375.87972831377465,6203.398061850872
2823,354.75817393547044,13832.127987544893
2824,68.8051866935234,19253.406456731438
2825,62.25617910078008,19253.406456731438
2826,47.98235098781684,16031.820095010358
2827,0.0,15298.58939252187
2828,0.0,16031.820095010358
2829,0.0,12365.666582567917
2830,0.0,8411.716412875021
2831,0.0,4547.159298582758
2832,0.0,1111.0679626269161
2833,0.0,534.3419647031985
2834,0.0,375.4517261774522
2835,0.0,418.58294397089287
2836,0.0,1421.6127307396875
2837,0.0,1421.6127307396875
2838,0.0,375.4517261774522
2839,0.0,844.8867328159685
2840,28.221295904153827,1732.1574988524587
2841,153.2031209979971,2663.7918031907716
2842,255.05253763548453,844.8867328159685
2843,299.6449307981697,375.4517261774522
2844,295.3610166673691,1111.0679626269161
2845,277.53668458950955,4073.948223363301
2846,390.8495828899138,7859.636825118987
2847,373.7580106459123,27284.72552880596
2848,49.63188014176578,52829.363403285024
2849,60.72093540479376,39479.176569044146
2850,47.70810525006615,33288.591045652865
2851,0.0,25405.150434584437
2852,0.0,28285.369781613776
2853,0.0,27284.72552880596
2854,0.0,23739.053107249252
2855,0.0,17459.147796524325
2856,0.0,15298.58939252187
2857,0.0,14565.358690033374
2858,0.0,15298.58939252187
2859,0.0,16031.820095010358
2860,0.0,13098.897285056406
2861,0.0,8411.716412875021
2862,0.0,4547.159298582758
2863,0.0,1732.1574988524587
2864,61.97449431414642,1421.6127307396875
2865,178.52492552507178,1421.6127307396875
2866,253.3551846608985,534.3419647031985
2867,344.9511561485142,1732.1574988524587
2868,376.9876496293159,5099.238886338797
2869,396.128122073844,5099.238886338797
2870,388.4302467838461,10165.974475102461
2871,368.2486442023023,10899.205177590942
2872,53.12739844853449,22841.923777145686
2873,46.958329170165655,30286.658287229413
2874,31.66454732136869,31287.302540037235
2875,0.0,31287.302540037235
2876,0.0,38495.78480335372
2877,0.0,32859.74350873522
2878,0.0,27427.674707778504
2879,0.0,22457.43977852987
2880,0.0,17459.147796524325
2881,0.0,13413.13901469433
2882,0.0,9437.007075850523
2883,0.0,6361.135086924024
2884,0.0,3506.6990309254356
2885,0.0,1820.8845754561078
2886,0.0,406.2597388870528
2887,0.0,165.9572397521704
2888,29.179837467942388,0.0
2889,130.1362401784524,0.0
2890,210.41959921641595,0.0
2891,276.8384855513993,0.0
2892,203.61021351915025,0.0
2893,293.3769991274149,1111.0679626269161
2894,381.8600486890485,7307.557237362945
2895,364.8507723561218,7859.636825118987
2896,69.98218567745022,5099.238886338797
2897,65.06928469683834,8963.796000631059
2898,43.57367013502955,16660.303554286198
2899,0.0,24636.18243735281
2900,0.0,33288.591045652865
2901,0.0,36147.57462510378
2902,0.0,36147.57462510378
2903,0.0,32287.946792845047
2904,0.0,25405.150434584437
2905,0.0,17459.147796524325
2906,0.0,10165.974475102461
2907,0.0,9537.491015826612
2908,0.0,8411.716412875021
2909,0.0,3284.881339416314
2910,0.0,1421.6127307396875
2911,0.0,534.3419647031985
2912,6.242373642938693,2042.702266965229
2913,55.42888781262244,3595.426107529084
2914,102.57757932397072,5651.3184740948345
2915,240.17541653801032,8963.796000631059
2916,246.83356139427403,13098.897285056406
2917,196.22218389862792,18356.277126627883
2918,238.50873761649825,23739.053107249252
2919,201.21047284307343,34289.2352984607
2920,131.6463875096476,23739.053107249252
2921,95.2277774331791,26302.279764687988
2922,32.72009414648173,21944.794447042124
2923,0.0,23739.053107249252
2924,0.0,26302.279764687988
2925,0.0,26302.279764687988
2926,0.0,29286.014034421587
2927,0.0,32287.946792845047
2928,0.0,33288.591045652865
2929,0.0,32287.946792845047
2930,0.0,31287.302540037235
2931,0.0,27284.72552880596
2932,0.0,26302.279764687988
2933,0.0,19253.406456731438
2934,0.0,11632.435880079429
2935,0.0,11632.435880079429
2936,6.23634987259153,13098.897285056406
2937,15.551357471705504,19253.406456731438
2938,99.82525112240712,15298.58939252187
2939,100.05561087512724,9537.491015826612
2940,233.88411937444988,15298.58939252187
2941,164.50203747953324,16660.303554286198
2942,129.27961990555576,31287.302540037235
2943,79.63457144751942,35146.93037229596
2944,123.75213220852996,35146.93037229596
2945,65.53181112862387,34289.2352984607
2946,43.98882087768456,31287.302540037235
2947,0.0,33288.591045652865
2948,0.0,38331.88617573865
2949,0.0,47346.31069456769
2950,0.0,45051.72990795666
2951,0.0,46199.020301262164
2952,0.0,44068.338142266206
2953,0.0,40626.46696234967
2954,0.0,35146.93037229596
2955,0.0,33288.591045652865
2956,0.0,31287.302540037235
2957,0.0,29286.014034421587
2958,0.0,26302.279764687988
2959,0.0,25405.150434584437
2960,13.793771522041537,29286.014034421587
2961,73.86219511294759,21047.66511693857
2962,250.27193809459797,19253.406456731438
2963,235.81470866853067,18356.277126627883
2964,338.1249782571469,17459.147796524325
2965,226.1600306702072,18356.277126627883
2966,369.02772698174095,16660.303554286198
2967,352.1368271475658,22841.923777145686
2968,58.3291788542856,30286.658287229413
2969,71.3138682450011,33288.591045652865
2970,41.18830986285462,36147.57462510378
2971,0.0,37184.59578243314
2972,0.0,36147.57462510378
2973,0.0,38331.88617573865
2974,0.0,38331.88617573865
2975,0.0,37184.59578243314
2976,0.0,34289.2352984607
2977,0.0,28285.369781613776
2978,0.0,22841.923777145686
2979,0.0,22841.923777145686
2980,0.0,24636.18243735281
2981,0.0,26302.279764687988
2982,0.0,26302.279764687988
2983,0.0,22841.923777145686
2984,57.15251894468194,19253.406456731438
2985,146.11434127724482,16660.303554286198
2986,252.5304585396437,16660.303554286198
2987,327.80847601788764,15298.58939252187
2988,373.82295427010354,13832.127987544893
2989,395.2933353164581,12365.666582567917
2990,390.23978811512376,13832.127987544893
2991,370.3225910055679,13098.897285056406
2992,59.533491238343686,18356.277126627883
2993,58.92458330111207,26302.279764687988
2994,33.85322863975959,39479.176569044146
2995,0.0,36147.57462510378
2996,0.0,30286.658287229413
2997,0.0,24636.18243735281
2998,0.0,21944.794447042124
2999,0.0,16660.303554286198
3000,0.0,13098.897285056406
3001,0.0,9537.491015826612
3002,0.0,5651.3184740948345
3003,0.0,4547.159298582758
3004,0.0,2974.3365713035414
3005,0.0,1732.1574988524587
3006,0.0,2353.2470350780004
3007,0.0,3595.426107529084
3008,60.68769816282408,6203.398061850872
3009,130.817380183413,10165.974475102461
3010,263.63525157733864,8963.796000631059
3011,335.5407741520707,7859.636825118987
3012,376.1129073204903,7859.636825118987
3013,396.6648817701045,8411.716412875021
3014,389.96568216487975,12365.666582567917
3015,374.9502829144676,18356.277126627883
3016,61.69889041772332,20150.53578683501
3017,51.72209231601207,22841.923777145686
3018,33.47337387322461,26302.279764687988
3019,0.0,23739.053107249252
3020,0.0,19253.406456731438
3021,0.0,13832.127987544893
3022,0.0,10899.205177590942
3023,0.0,7859.636825118987
3024,0.0,6203.398061850872
3025,0.0,4547.159298582758
3026,0.0,3284.881339416314
3027,0.0,2042.702266965229
3028,0.0,844.8867328159685
3029,0.0,332.32050838401193
3030,0.0,246.0580727971312
3031,0.0,122.82602195872995
3032,65.7688549643961,0.0
3033,166.5520474648003,122.82602195872995
3034,261.6805446497676,159.79563721025025
3035,336.5019159281947,246.0580727971312
3036,376.3725013170289,375.4517261774522
3037,400.2208809463303,2042.702266965229
3038,395.3875733308059,3595.426107529084
3039,376.6402645267381,6203.398061850872
3040,55.66693269940109,7307.557237362945
3041,68.66227056286029,10165.974475102461
3042,31.627639708446026,13832.127987544893
3043,0.0,13832.127987544893
3044,0.0,13098.897285056406
3045,0.0,13832.127987544893
3046,0.0,11632.435880079429
3047,0.0,9537.491015826612
3048,0.0,7859.636825118987
3049,0.0,5651.3184740948345
3050,0.0,2663.7918031907716
3051,0.0,2663.7918031907716
3052,0.0,2042.702266965229
3053,0.0,1421.6127307396875
3054,0.0,844.8867328159685
3055,0.0,375.4517261774522
3056,62.369301067921576,418.58294397089287
3057,165.06261124978624,1421.6127307396875
3058,226.98268913765364,2042.702266965229
3059,329.62179595601253,2042.702266965229
3060,376.20256258858257,2663.7918031907716
3061,398.10218718492337,4547.159298582758
3062,391.83695180922126,6755.477649606911
3063,377.6201509953801,12365.666582567917
3064,55.53987522026255,18356.277126627883
3065,45.14165419718703,23739.053107249252
3066,30.780715252586575,26302.279764687988
3067,0.0,29286.014034421587
3068,0.0,26302.279764687988
3069,0.0,26302.279764687988
3070,0.0,27284.72552880596
3071,0.0,23739.053107249252
3072,0.0,21047.66511693857
3073,0.0,18356.277126627883
3074,0.0,19253.406456731438
3075,0.0,18356.277126627883
3076,0.0,18356.277126627883
3077,0.0,13098.897285056406
3078,0.0,11632.435880079429
3079,0.0,8963.796000631059
3080,33.75047238117233,7307.557237362945
3081,165.36019364041837,7307.557237362945
3082,250.77582723754068,11632.435880079429
3083,328.88545309842743,19253.406456731438
3084,374.55919212442006,16660.303554286198
3085,389.9549268791954,11632.435880079429
3086,387.2314947693562,12365.666582567917
3087,366.34180345802827,18356.277126627883
3088,73.66634107755468,30286.658287229413
3089,58.63329759948608,38331.88617573865
3090,41.2331771941943,37184.59578243314
3091,0.0,39479.176569044146
3092,0.0,42921.04774896071
3093,0.0,45051.72990795666
3094,0.0,45051.72990795666
3095,0.0,48493.6010878732
3096,0.0,48493.6010878732
3097,0.0,42921.04774896071
3098,0.0,42921.04774896071
3099,0.0,39479.176569044146
3100,0.0,29286.014034421587
3101,0.0,24636.18243735281
3102,0.0,25405.150434584437
3103,0.0,19253.406456731438
3104,46.8646836618317,17459.147796524325
3105,141.82292650155168,9537.491015826612
3106,250.23641824882105,6203.398061850872
3107,320.9488618117182,6203.398061850872
3108,370.9570487723242,9537.491015826612
3109,386.305344772747,13832.127987544893
3110,389.7825468982488,23739.053107249252
3111,365.1365899794319,32287.946792845047
3112,63.61638282069584,35146.93037229596
3113,49.24803033526897,34289.2352984607
3114,36.18505352419241,37184.59578243314
3115,0.0,39479.176569044146
3116,0.0,37184.59578243314
3117,0.0,37184.59578243314
3118,0.0,37184.59578243314
3119,0.0,34289.2352984607
3120,0.0,28285.369781613776
3121,0.0,25405.150434584437
3122,0.0,33288.591045652865
3123,0.0,34289.2352984607
3124,0.0,30286.658287229413
3125,0.0,24636.18243735281
3126,0.0,21047.66511693857
3127,0.0,25405.150434584437
3128,46.032033447254975,26302.279764687988
3129,129.13375928679744,31287.302540037235
3130,238.793077934549,31287.302540037235
3131,311.7234534240836,30286.658287229413
3132,341.9260126191455,30286.658287229413
3133,381.6436320914852,32287.946792845047
3134,371.6975122331727,40626.46696234967
3135,321.40708120515,41773.75735565518
3136,77.4137117371906,46199.020301262164
3137,48.2628499401824,50672.802513612995
3138,34.71692111492448,50672.802513612995
3139,0.0,51751.082958449
3140,0.0,50672.802513612995
3141,0.0,52829.363403285024
3142,0.0,53907.64384812104
3143,0.0,51751.082958449
3144,0.0,47346.31069456769
3145,0.0,40626.46696234967
3146,0.0,33288.591045652865
3147,0.0,32287.946792845047
3148,0.0,32287.946792845047
3149,0.0,29286.014034421587
3150,0.0,22841.923777145686
3151,0.0,17459.147796524325
3152,23.3984199564038,16031.820095010358
3153,123.55338781548151,15298.58939252187
3154,126.9416261938146,14565.358690033374
3155,286.16250991483514,14565.358690033374
3156,351.0642836350565,16660.303554286198
3157,363.1953960503735,20150.53578683501
3158,382.0998283778292,21047.66511693857
3159,364.2153606373791,28285.369781613776
3160,72.99375281037514,40626.46696234967
3161,49.36836327304587,44068.338142266206
3162,34.418905025137285,48493.6010878732
3163,0.0,48493.6010878732
3164,0.0,47346.31069456769
3165,0.0,47346.31069456769
3166,0.0,46199.020301262164
3167,0.0,36147.57462510378
3168,0.0,33288.591045652865
3169,0.0,29286.014034421587
3170,0.0,29286.014034421587
3171,0.0,26302.279764687988
3172,0.0,27284.72552880596
3173,0.0,28285.369781613776
3174,0.0,30286.658287229413
3175,0.0,32287.946792845047
3176,58.18135607058864,28285.369781613776
3177,145.06732138005185,29286.014034421587
3178,227.4720226116385,27284.72552880596
3179,188.331152033403,22841.923777145686
3180,301.64548007037735,25405.150434584437
3181,373.2205717134528,30286.658287229413
3182,389.34050604393815,42921.04774896071
3183,370.0202921278408,51751.082958449
3184,58.86999369156078,58066.72556391706
3185,50.999574319211085,61150.32633542669
3186,40.03463646212823,61150.32633542669
3187,0.0,59145.00600875307
3188,0.0,58066.72556391706
3189,0.0,55910.164674245054
3190,0.0,51751.082958449
3191,0.0,45051.72990795666
3192,0.0,37184.59578243314
3193,0.0,31287.302540037235
3194,0.0,25405.150434584437
3195,0.0,35146.93037229596
3196,0.0,36147.57462510378
3197,0.0,31287.302540037235
3198,0.0,34289.2352984607
3199,0.0,33288.591045652865
3200,62.57036101045008,29286.014034421587
3201,96.38073214865986,31287.302540037235
3202,202.41635296739383,36147.57462510378
3203,314.70697522164943,32287.946792845047
3204,354.2920255389864,33288.591045652865
3205,362.676865785279,27284.72552880596
3206,366.4737511343056,21944.794447042124
3207,341.603265469971,26302.279764687988
3208,78.95343785993799,38331.88617573865
3209,52.77362931657904,49594.522068777
3210,38.743796381022825,50672.802513612995
3211,0.0,47346.31069456769
3212,0.0,44068.338142266206
3213,0.0,42921.04774896071
3214,0.0,39479.176569044146
3215,0.0,39479.176569044146
3216,0.0,37184.59578243314
3217,0.0,37184.59578243314
3218,0.0,33288.591045652865
3219,0.0,33288.591045652865
3220,0.0,34289.2352984607
3221,0.0,35146.93037229596
3222,0.0,34289.2352984607
3223,0.0,30286.658287229413
3224,52.28799724628894,29286.014034421587
3225,139.02683391848203,38331.88617573865
3226,244.40875411359,42921.04774896071
3227,316.0151608927956,48493.6010878732
3228,266.48831449781994,55910.164674245054
3229,385.7264584115987,61150.32633542669
3230,364.43005226535337,62090.58688332368
3231,310.8502044600155,60210.06578752968
3232,92.44768510303834,61150.32633542669
3233,56.573534004674144,60210.06578752968
3234,39.99645161936021,61150.32633542669
3235,0.0,59145.00600875307
3236,0.0,55910.164674245054
3237,0.0,55910.164674245054
3238,0.0,53907.64384812104
3239,0.0,53907.64384812104
3240,0.0,53907.64384812104
3241,0.0,52829.363403285024
3242,0.0,50672.802513612995
3243,0.0,51751.082958449
3244,0.0,49594.522068777
3245,0.0,48493.6010878732
3246,0.0,48493.6010878732
3247,0.0,46199.020301262164
3248,45.82301848303925,46199.020301262164
3249,151.17837251257396,50672.802513612995
3250,240.3716716921392,54985.92429295705
3251,315.4860424858333,53907.64384812104
3252,364.2295801980974,53907.64384812104
3253,384.7764730548512,54985.92429295705
3254,368.1772063466457,50672.802513612995
3255,353.0943428273747,51751.082958449
3256,76.54615112145673,52829.363403285024
3257,64.96423116520458,52829.363403285024
3258,41.66275266443122,51751.082958449
3259,0.0,46199.020301262164
3260,0.0,40626.46696234967
3261,0.0,41773.75735565518
3262,0.0,44068.338142266206
3263,0.0,45051.72990795666
3264,0.0,46199.020301262164
3265,0.0,48493.6010878732
3266,0.0,38331.88617573865
3267,0.0,36147.57462510378
3268,0.0,36147.57462510378
3269,0.0,35146.93037229596
3270,0.0,36147.57462510378
3271,0.0,37184.59578243314
3272,29.16906962543882,39479.176569044146
3273,145.2439667724549,46199.020301262164
3274,222.1660934034656,49594.522068777
3275,275.5686167720958,51751.082958449
3276,365.6187738627954,50672.802513612995
3277,385.9389328102018,51751.082958449
3278,382.6865847513891,50672.802513612995
3279,354.396215183968,52829.363403285024
3280,70.24905784049012,51751.082958449
3281,54.71293741380436,50672.802513612995
3282,36.03827081635329,49594.522068777
3283,0.0,49594.522068777
3284,0.0,47346.31069456769
3285,0.0,47346.31069456769
3286,0.0,46199.020301262164
3287,0.0,45051.72990795666
3288,0.0,45051.72990795666
3289,0.0,40626.46696234967
3290,0.0,35146.93037229596
3291,0.0,33288.591045652865
3292,0.0,30286.658287229413
3293,0.0,27284.72552880596
3294,0.0,25405.150434584437
3295,0.0,21047.66511693857
3296,40.57530399410069,17459.147796524325
3297,106.49591541880294,18356.277126627883
3298,77.18070947290602,22841.923777145686
3299,147.6253107262366,26302.279764687988
3300,370.8004926515042,30286.658287229413
3301,255.44264736956828,34289.2352984607
3302,278.5101217674617,35146.93037229596
3303,351.82416334553784,34289.2352984607
3304,86.36267198472649,35146.93037229596
3305,0.0,37184.59578243314
3306,0.0,40626.46696234967
3307,0.0,41773.75735565518
3308,0.0,41773.75735565518
3309,0.0,44068.338142266206
3310,0.0,46199.020301262164
3311,0.0,42921.04774896071
3312,0.0,39479.176569044146
3313,0.0,35146.93037229596
3314,0.0,36147.57462510378
3315,0.0,35146.93037229596
3316,0.0,31287.302540037235
3317,0.0,24636.18243735281
3318,0.0,18356.277126627883
3319,0.0,16031.820095010358
3320,54.80742281627169,17459.147796524325
3321,164.97043248651582,24636.18243735281
3322,256.37689298596183,25405.150434584437
3323,325.5530296956732,24636.18243735281
3324,367.7933954854715,28285.369781613776
3325,390.2935616945852,31287.302540037235
3326,386.3063123569871,29286.014034421587
3327,373.5698135339753,26302.279764687988
3328,53.556918573978,25405.150434584437
3329,45.65187605344448,31287.302540037235
3330,32.962969529972135,30286.658287229413
3331,0.0,29286.014034421587
3332,0.0,27284.72552880596
3333,0.0,27284.72552880596
3334,0.0,29286.014034421587
3335,0.0,32287.946792845047
3336,0.0,31287.302540037235
3337,0.0,27284.72552880596
3338,0.0,23739.053107249252
3339,0.0,20150.53578683501
3340,0.0,18356.277126627883
3341,0.0,18356.277126627883
3342,0.0,16660.303554286198
3343,0.0,13832.127987544893
3344,68.34762379187967,11632.435880079429
3345,170.07209332450137,13832.127987544893
3346,262.3941470196847,13832.127987544893
3347,329.24829811794626,13832.127987544893
3348,373.2526137680517,16660.303554286198
3349,392.2035979668534,18356.277126627883
3350,382.178715395425,21047.66511693857
3351,364.5108935234323,21047.66511693857
3352,53.487046953412126,21944.794447042124
3353,43.483516030747296,23739.053107249252
3354,34.69985375347,24636.18243735281
3355,0.0,21047.66511693857
3356,0.0,17459.147796524325
3357,0.0,18356.277126627883
3358,0.0,20150.53578683501
3359,0.0,21944.794447042124
3360,0.0,21047.66511693857
3361,0.0,20150.53578683501
3362,0.0,13098.897285056406
3363,0.0,8963.796000631059
3364,0.0,6203.398061850872
3365,0.0,3595.426107529084
3366,0.0,3284.881339416314
3367,0.0,3284.881339416314
3368,66.84879711125967,4547.159298582758
3369,173.92619016520817,8411.716412875021
3370,267.6962979590154,16660.303554286198
3371,334.17109788268823,21944.794447042124
3372,374.6024066140656,21944.794447042124
3373,395.1744597696744,22841.923777145686
3374,319.2318265775467,22841.923777145686
3375,291.954613763595,27284.72552880596
3376,53.07113858622931,33288.591045652865
3377,43.51381999384073,35146.93037229596
3378,31.66639788992076,32287.946792845047
3379,0.0,27284.72552880596
3380,0.0,26302.279764687988
3381,0.0,29286.014034421587
3382,0.0,31287.302540037235
3383,0.0,31287.302540037235
3384,0.0,28285.369781613776
3385,0.0,22841.923777145686
3386,0.0,18356.277126627883
3387,0.0,16031.820095010358
3388,0.0,14565.358690033374
3389,0.0,12365.666582567917
3390,0.0,9537.491015826612
3391,0.0,5099.238886338797
3392,69.14157582120014,4073.948223363301
3393,174.20670850494668,7307.557237362945
3394,266.5849484840809,11632.435880079429
3395,332.1112634343856,13832.127987544893
3396,375.0180286320935,15298.58939252187
3397,395.7180264498838,16660.303554286198
3398,393.2775330882243,15298.58939252187
3399,380.9355981624991,16660.303554286198
3400,51.61254684781872,19253.406456731438
3401,42.51964611127715,22841.923777145686
3402,31.63520322333694,34289.2352984607
3403,0.0,46199.020301262164
3404,0.0,50672.802513612995
3405,0.0,50672.802513612995
3406,0.0,47346.31069456769
3407,0.0,47346.31069456769
3408,0.0,44068.338142266206
3409,0.0,35146.93037229596
3410,0.0,34289.2352984607
3411,0.0,31287.302540037235
3412,0.0,23739.053107249252
3413,0.0,24636.18243735281
3414,0.0,25405.150434584437
3415,0.0,24636.18243735281
3416,40.664917582463,16031.820095010358
3417,121.14143089573902,15298.58939252187
3418,238.5465129027409,15298.58939252187
3419,233.79290397268176,23739.053107249252
3420,334.7533709592739,32287.946792845047
3421,389.83811593001246,51751.082958449
3422,388.7084321128528,56988.44511908106
3423,369.0910696497903,63971.10797911769
3424,56.01963792344589,63030.84743122068
3425,48.61339468000549,59145.00600875307
3426,35.117464160364214,58066.72556391706
3427,0.0,54985.92429295705
3428,0.0,58066.72556391706
3429,0.0,62090.58688332368
3430,0.0,63030.84743122068
3431,0.0,64911.3685270147
3432,0.0,64911.3685270147
3433,0.0,59145.00600875307
3434,0.0,50672.802513612995
3435,0.0,41773.75735565518
3436,0.0,33288.591045652865
3437,0.0,30286.658287229413
3438,0.0,27284.72552880596
3439,0.0,24636.18243735281
3440,36.14122497096743,24636.18243735281
3441,160.08442068089855,26302.279764687988
3442,183.16552978742453,29286.014034421587
3443,316.5609306133206,27284.72552880596
3444,295.31431889475107,32287.946792845047
3445,327.8037749605012,34289.2352984607
3446,280.6216473844263,34289.2352984607
3447,309.34300793836786,37184.59578243314
3448,84.05300337382054,41773.75735565518
3449,89.58711138163882,40626.46696234967
3450,43.96835922749099,39479.176569044146
3451,0.0,40626.46696234967
3452,0.0,37184.59578243314
3453,0.0,41773.75735565518
3454,0.0,44068.338142266206
3455,0.0,47346.31069456769
3456,0.0,44068.338142266206
3457,0.0,40626.46696234967
3458,0.0,41773.75735565518
3459,0.0,44068.338142266206
3460,0.0,45051.72990795666
3461,0.0,53907.64384812104
3462,0.0,47346.31069456769
3463,0.0,35146.93037229596
3464,16.49314729968467,36147.57462510378
3465,72.1825752293814,30286.658287229413
3466,117.75873571812032,26302.279764687988
3467,129.0824226920021,33288.591045652865
3468,187.81922891012223,37184.59578243314
3469,176.4288933194098,48493.6010878732
3470,270.45988418206474,49594.522068777
3471,206.72625207379335,51751.082958449
3472,127.72398568519854,59145.00600875307
3473,51.57966722099949,62090.58688332368
3474,37.01566274340115,61150.32633542669
3475,0.0,61150.32633542669
3476,0.0,62090.58688332368
3477,0.0,61150.32633542669
3478,0.0,55910.164674245054
3479,0.0,52829.363403285024
3480,0.0,48493.6010878732
3481,0.0,44068.338142266206
3482,0.0,44068.338142266206
3483,0.0,40626.46696234967
3484,0.0,34289.2352984607
3485,0.0,29286.014034421587
3486,0.0,28285.369781613776
3487,0.0,31287.302540037235
3488,31.573486720432,32287.946792845047
3489,73.71811718651963,36147.57462510378
3490,96.55737665790646,37184.59578243314
3491,144.9243526368961,39479.176569044146
3492,328.9298055583393,42921.04774896071
3493,65.82283004612216,46199.020301262164
3494,262.1738516653976,48493.6010878732
3495,281.03184798518,58066.72556391706
3496,128.83853304386776,59145.00600875307
3497,84.85613459852526,55910.164674245054
3498,44.86339170193501,51751.082958449
3499,0.0,48493.6010878732
3500,0.0,48493.6010878732
3501,0.0,51751.082958449
3502,0.0,51751.082958449
3503,0.0,51751.082958449
3504,0.0,51751.082958449
3505,0.0,53907.64384812104
3506,0.0,53907.64384812104
3507,0.0,59145.00600875307
3508,0.0,54985.92429295705
3509,0.0,54985.92429295705
3510,0.0,53907.64384812104
3511,0.0,51751.082958449
3512,57.219626459213806,44068.338142266206
3513,148.64290570831366,37184.59578243314
3514,243.8210885629779,36147.57462510378
3515,305.4660991221201,38331.88617573865
3516,352.1220965267419,40626.46696234967
3517,382.7876763403751,46199.020301262164
3518,195.9305035819733,47346.31069456769
3519,264.7637581238452,51751.082958449
3520,123.02135697498854,55910.164674245054
3521,79.72375000540188,56988.44511908106
3522,36.65305169176986,56988.44511908106
3523,0.0,58066.72556391706
3524,0.0,59145.00600875307
3525,0.0,63030.84743122068
3526,0.0,65717.30613949784
3527,0.0,68538.08778318884
3528,0.0,68538.08778318884
3529,0.0,62090.58688332368
3530,0.0,56988.44511908106
3531,0.0,60210.06578752968
3532,0.0,52829.363403285024
3533,0.0,49594.522068777
3534,0.0,45051.72990795666
3535,0.0,45051.72990795666
3536,62.15748241760494,40626.46696234967
3537,37.84414319840496,48493.6010878732
3538,216.8201220635819,51751.082958449
3539,287.1566450971266,55910.164674245054
3540,354.40137893690314,59145.00600875307
3541,380.8084075358336,62090.58688332368
3542,369.75308060019887,64911.3685270147
3543,362.7580648687255,71070.47376273897
3544,103.77758052277444,73214.71144732714
3545,55.74418962679108,74715.67782653887
3546,44.384615946209706,73214.71144732714
3547,0.0,71820.95695234484
3548,0.0,68538.08778318884
3549,0.0,68538.08778318884
3550,0.0,68538.08778318884
3551,0.0,64911.3685270147
3552,0.0,62090.58688332368
3553,0.0,58066.72556391706
3554,0.0,53907.64384812104
3555,0.0,58066.72556391706
3556,0.0,54985.92429295705
3557,0.0,49594.522068777
3558,0.0,46199.020301262164
3559,0.0,34289.2352984607
3560,5.798448829555901,34289.2352984607
3561,61.526447561189,34289.2352984607
3562,169.4133028327807,41773.75735565518
3563,297.3948745788169,55910.164674245054
3564,251.88338921820068,70319.99057313311
3565,367.7961327495176,69478.34833108584
3566,178.73720310754925,73965.19463693301
3567,274.63403634861504,76967.12739535645
3568,123.7834490161286,78280.8965697973
3569,61.78184128507558,77717.61058496231
3570,22.13216510995874,69478.34833108584
3571,0.0,65717.30613949784
3572,0.0,67597.82723529183
3573,0.0,70319.99057313311
3574,0.0,70319.99057313311
3575,0.0,73214.71144732714
3576,0.0,73214.71144732714
3577,0.0,71820.95695234484
3578,0.0,69478.34833108584
3579,0.0,67597.82723529183
3580,0.0,64911.3685270147
3581,0.0,61150.32633542669
3582,0.0,62090.58688332368
3583,0.0,62090.58688332368
3584,48.674126791324525,61150.32633542669
3585,111.02161050625293,62090.58688332368
3586,140.28649393343335,63971.10797911769
3587,155.0888111374817,65717.30613949784
3588,175.34256658891255,70319.99057313311
3589,231.087649621087,73965.19463693301
3590,181.00342272569063,82066.58517155297
3591,92.53016328303262,83170.74434706503
3592,127.44216209763016,84109.76837701337
3593,77.59580581463618,84541.08055494777
3594,44.91948617717616,82618.66475930902
3595,0.0,78832.97615755333
3596,0.0,79385.05574530936
3597,0.0,80410.34640828484
3598,0.0,83678.45619907897
3599,0.0,82618.66475930902
3600,0.0,83170.74434706503
3601,0.0,79385.05574530936
3602,0.0,73214.71144732714
3603,0.0,73965.19463693301
3604,0.0,72571.44014195068
3605,0.0,73965.19463693301
3606,0.0,73214.71144732714
3607,0.0,73214.71144732714
3608,23.48453503716142,79385.05574530936
3609,120.21690942094511,84109.76837701337
3610,153.0851972974462,87929.96195300382
3611,83.47491470216572,89281.71371617519
3612,218.90077361224303,89982.12423569376
3613,337.4547792274373,89956.2455050177
3614,255.7488637802437,89471.49107446634
3615,299.404636030173,89091.93635788406
3616,125.8636547315287,89471.49107446634
3617,91.18286690836962,89661.26843275747
3618,41.35192245774286,88522.60428301065
3619,0.0,86636.0254192006
3620,0.0,88739.49269248622
3621,0.0,87621.8818259078
3622,0.0,85588.55298707419
3623,0.0,83486.21839721136
3624,0.0,80883.55748350432
3625,0.0,78280.8965697973
3626,0.0,74822.88971076827
3627,0.0,71284.89753119777
3628,0.0,67060.5354936364
3629,0.0,62627.87862497912
3630,0.0,57912.68550036907
3631,0.0,52675.323339737006
3632,56.56144543080237,47510.20932218275
3633,169.57894955940512,42101.554610885316
3634,262.69379632401177,36576.42216202142
3635,334.52024082727974,31859.099255927416
3636,368.5448766175273,44068.338142266206
3637,341.20152320980856,49594.522068777
3638,394.4541524999925,46199.020301262164
3639,377.1336563249387,46199.020301262164
3640,55.71842350394742,47346.31069456769
3641,49.60170682010237,47346.31069456769
3642,33.45757903758284,47346.31069456769
3643,0.0,47346.31069456769
3644,0.0,48493.6010878732
3645,0.0,52829.363403285024
3646,0.0,54985.92429295705
3647,0.0,55910.164674245054
3648,0.0,55910.164674245054
3649,0.0,55910.164674245054
3650,0.0,50672.802513612995
3651,0.0,53907.64384812104
3652,0.0,56988.44511908106
3653,0.0,56988.44511908106
3654,0.0,56988.44511908106
3655,0.0,55910.164674245054
3656,61.995959816798674,54985.92429295705
3657,162.75964323242152,59145.00600875307
3658,260.3086487548259,59145.00600875307
3659,332.4877068986571,59145.00600875307
3660,372.3215299449032,60210.06578752968
3661,387.4249878893542,62090.58688332368
3662,386.9594060932723,63971.10797911769
3663,379.79961877959386,63971.10797911769
3664,56.22274712710245,63030.84743122068
3665,46.62351429461774,62090.58688332368
3666,33.48146288478268,61150.32633542669
3667,0.0,59145.00600875307
3668,0.0,56988.44511908106
3669,0.0,55910.164674245054
3670,0.0,53907.64384812104
3671,0.0,53907.64384812104
3672,0.0,52829.363403285024
3673,0.0,51751.082958449
3674,0.0,47346.31069456769
3675,0.0,45051.72990795666
3676,0.0,42921.04774896071
3677,0.0,40626.46696234967
3678,0.0,39479.176569044146
3679,0.0,39479.176569044146
3680,62.205980187768056,42921.04774896071
3681,167.41076397248457,54985.92429295705
3682,256.3205701855896,58066.72556391706
3683,326.00096765583027,59145.00600875307
3684,370.4379486768013,59145.00600875307
3685,393.63208552131306,58066.72556391706
3686,390.3005608765101,55910.164674245054
3687,372.98841228906207,60210.06578752968
3688,59.1698344072126,60210.06578752968
3689,51.33747487668393,58066.72556391706
3690,41.72364214354447,56988.44511908106
3691,0.0,55910.164674245054
3692,0.0,56988.44511908106
3693,0.0,59145.00600875307
3694,0.0,61150.32633542669
3695,0.0,63030.84743122068
3696,0.0,63971.10797911769
3697,0.0,63030.84743122068
3698,0.0,51751.082958449
3699,0.0,46199.020301262164
3700,0.0,41773.75735565518
3701,0.0,44068.338142266206
3702,0.0,47346.31069456769
3703,0.0,45051.72990795666
3704,48.10721176609932,41773.75735565518
3705,159.75146435028424,49594.522068777
3706,248.21002076587408,53907.64384812104
3707,311.64305120835235,58066.72556391706
3708,366.3746928086626,61150.32633542669
3709,387.4661783711925,63971.10797911769
3710,378.32753065493233,67597.82723529183
3711,334.0043974483766,70319.99057313311
3712,78.32646805610504,72571.44014195068
3713,59.126998276189184,73214.71144732714
3714,36.58474190007519,73965.19463693301
3715,0.0,69478.34833108584
3716,0.0,63971.10797911769
3717,0.0,61150.32633542669
3718,0.0,58066.72556391706
3719,0.0,58066.72556391706
3720,0.0,56988.44511908106
3721,0.0,60210.06578752968
3722,0.0,46199.020301262164
3723,0.0,48493.6010878732
3724,0.0,49594.522068777
3725,0.0,48493.6010878732
3726,0.0,46199.020301262164
3727,0.0,40626.46696234967
3728,48.731918781196896,46199.020301262164
3729,151.30568856369968,51751.082958449
3730,240.5387583117797,60210.06578752968
3731,316.4877737497389,65717.30613949784
3732,362.4900429258939,70319.99057313311
3733,362.2519310024775,71070.47376273897
3734,285.64085966333266,67597.82723529183
3735,367.7298013153989,63971.10797911769
3736,91.23398806344905,59145.00600875307
3737,59.526263556332594,55910.164674245054
3738,36.52698763677636,55910.164674245054
3739,0.0,60210.06578752968
3740,0.0,63030.84743122068
3741,0.0,63030.84743122068
3742,0.0,63030.84743122068
3743,0.0,63030.84743122068
3744,0.0,63971.10797911769
3745,0.0,62090.58688332368
3746,0.0,54985.92429295705
3747,0.0,52829.363403285024
3748,0.0,50672.802513612995
3749,0.0,50672.802513612995
3750,0.0,52829.363403285024
3751,0.0,53907.64384812104
3752,39.38694526584397,44068.338142266206
3753,145.0415698663406,44068.338142266206
3754,250.1117720415023,42921.04774896071
3755,321.64397157429363,44068.338142266206
3756,365.9924613764834,46199.020301262164
3757,388.5119435490813,51751.082958449
3758,385.4149294391244,52829.363403285024
3759,365.8690593994735,55910.164674245054
3760,108.3139653695996,61150.32633542669
3761,54.36759917226472,63030.84743122068
3762,36.01188512538673,65717.30613949784
3763,0.0,66657.56668739484
3764,0.0,66657.56668739484
3765,0.0,67597.82723529183
3766,0.0,66657.56668739484
3767,0.0,63971.10797911769
3768,0.0,62090.58688332368
3769,0.0,58066.72556391706
3770,0.0,54985.92429295705
3771,0.0,46199.020301262164
3772,0.0,45051.72990795666
3773,0.0,51751.082958449
3774,0.0,53907.64384812104
3775,0.0,53907.64384812104
3776,57.985496092464594,59145.00600875307
3777,159.07057466835644,65717.30613949784
3778,249.63565265788412,71070.47376273897
3779,309.0103479876249,73214.71144732714
3780,232.2206487681225,73965.19463693301
3781,291.3032332988166,75466.16101614473
3782,297.2420755064109,72571.44014195068
3783,356.8423747874743,72571.44014195068
3784,60.07977915730021,73214.71144732714
3785,51.37895509865872,73965.19463693301
3786,34.35363234277326,76216.64420575059
3787,0.0,76967.12739535645
3788,0.0,78280.8965697973
3789,0.0,78832.97615755333
3790,0.0,76967.12739535645
3791,0.0,74715.67782653887
3792,0.0,75466.16101614473
3793,0.0,75466.16101614473
3794,0.0,71820.95695234484
3795,0.0,73965.19463693301
3796,0.0,73965.19463693301
3797,0.0,76216.64420575059
3798,0.0,76216.64420575059
3799,0.0,75466.16101614473
3800,53.96137376349501,74715.67782653887
3801,150.20380775881867,80962.42599604088
3802,237.54033395701424,84109.76837701337
3803,313.060943724043,85342.08888539739
3804,358.56792407902645,87498.64977506941
3805,384.0335423031883,88522.60428301065
3806,376.91437623491777,87498.64977506941
3807,364.4081362443962,85773.40106333178
3808,131.1500087311357,84910.776707463
3809,20.771037400150465,84109.76837701337
3810,0.0,85342.08888539739
3811,0.0,84541.08055494777
3812,0.0,83170.74434706503
3813,0.0,81514.50558379693
3814,0.0,81514.50558379693
3815,0.0,75466.16101614473
3816,0.0,76216.64420575059
3817,0.0,73965.19463693301
3818,0.0,72571.44014195068
3819,0.0,71820.95695234484
3820,0.0,70319.99057313311
3821,0.0,68538.08778318884
3822,0.0,70319.99057313311
3823,0.0,66657.56668739484
3824,42.30041327451138,66657.56668739484
3825,96.12954697423844,60210.06578752968
3826,235.59994066163944,55910.164674245054
3827,311.08416504236834,56988.44511908106
3828,292.2749580311637,61150.32633542669
3829,366.5442528976087,67597.82723529183
3830,378.583688924326,70319.99057313311
3831,301.28423530626355,73965.19463693301
3832,122.29380914148082,78280.8965697973
3833,52.29779516015003,78832.97615755333
3834,34.99075607008867,75466.16101614473
3835,0.0,70319.99057313311
3836,0.0,71820.95695234484
3837,0.0,68538.08778318884
3838,0.0,62090.58688332368
3839,0.0,55910.164674245054
3840,0.0,54985.92429295705
3841,0.0,52829.363403285024
3842,0.0,39479.176569044146
3843,0.0,41773.75735565518
3844,0.0,44068.338142266206
3845,0.0,45051.72990795666
3846,0.0,47346.31069456769
3847,0.0,52829.363403285024
3848,60.96022663058936,50672.802513612995
3849,63.06234116531592,39479.176569044146
3850,177.3522657860665,36147.57462510378
3851,242.35242893741895,42921.04774896071
3852,321.4159437048189,55910.164674245054
3853,0.0,64911.3685270147
3854,350.74365540956563,58066.72556391706
3855,78.8453642541676,61150.32633542669
3856,27.93200714163521,65717.30613949784
3857,16.441101261932403,64911.3685270147
3858,45.023000576289206,60210.06578752968
3859,0.0,58066.72556391706
3860,0.0,58066.72556391706
3861,0.0,53907.64384812104
3862,0.0,48493.6010878732
3863,0.0,39479.176569044146
3864,0.0,41773.75735565518
3865,0.0,41773.75735565518
3866,0.0,32287.946792845047
3867,0.0,38331.88617573865
3868,0.0,41773.75735565518
3869,0.0,45051.72990795666
3870,0.0,46199.020301262164
3871,0.0,46199.020301262164
3872,11.60878250379865,44068.338142266206
3873,15.620283305485533,40626.46696234967
3874,97.050287624979,38331.88617573865
3875,152.32551682726347,42921.04774896071
3876,156.69335188844315,42921.04774896071
3877,206.40342392235783,41773.75735565518
3878,179.8650975257728,45051.72990795666
3879,98.11628940512482,42921.04774896071
3880,106.75107503538624,37184.59578243314
3881,88.63361681065003,38331.88617573865
3882,33.08516329051297,38331.88617573865
3883,0.0,37184.59578243314
3884,0.0,40626.46696234967
3885,0.0,46199.020301262164
3886,0.0,47346.31069456769
3887,0.0,46199.020301262164
3888,0.0,44068.338142266206
3889,0.0,41773.75735565518
3890,0.0,38331.88617573865
3891,0.0,39479.176569044146
3892,0.0,41773.75735565518
3893,0.0,46199.020301262164
3894,0.0,49594.522068777
3895,0.0,50672.802513612995
3896,51.341444736956014,52829.363403285024
3897,152.4613336378535,56988.44511908106
3898,244.62378741293324,61150.32633542669
3899,300.16575088997234,64911.3685270147
3900,358.8551499170397,68538.08778318884
3901,384.5182160448263,71070.47376273897
3902,384.3404422775481,73214.71144732714
3903,367.5594270172549,76216.64420575059
3904,60.33245200057974,77717.61058496231
3905,54.56051659822777,77717.61058496231
3906,37.94703794390696,77717.61058496231
3907,0.0,75466.16101614473
3908,0.0,75466.16101614473
3909,0.0,75466.16101614473
3910,0.0,76216.64420575059
3911,0.0,78280.8965697973
3912,0.0,79385.05574530936
3913,0.0,76216.64420575059
3914,0.0,69478.34833108584
3915,0.0,64911.3685270147
3916,0.0,69478.34833108584
3917,0.0,73214.71144732714
3918,0.0,73965.19463693301
3919,0.0,73214.71144732714
3920,51.823697563458666,76967.12739535645
3921,149.43354868911118,80410.34640828484
3922,243.1817268089189,81514.50558379693
3923,315.73784862788773,82618.66475930902
3924,352.03789422280767,84109.76837701337
3925,384.3282756911502,86204.71324126619
3926,385.9759938390973,84541.08055494777
3927,364.8734567141392,85342.08888539739
3928,63.25261840339509,86636.0254192006
3929,54.08063895464147,86636.0254192006
3930,35.72728261559521,85773.40106333178
3931,0.0,84910.776707463
3932,0.0,84541.08055494777
3933,0.0,82066.58517155297
3934,0.0,79858.26682052882
3935,0.0,78832.97615755333
3936,0.0,78832.97615755333
3937,0.0,78280.8965697973
3938,0.0,74715.67782653887
3939,0.0,74715.67782653887
3940,0.0,71820.95695234484
3941,0.0,65717.30613949784
3942,0.0,62090.58688332368
3943,0.0,60210.06578752968
3944,49.38118162187968,63971.10797911769
3945,143.69113595589064,71070.47376273897
3946,152.9676917716638,74715.67782653887
3947,265.1926318345688,77717.61058496231
3948,361.11822615620935,82066.58517155297
3949,381.3140798179,84109.76837701337
3950,382.7956444457067,81514.50558379693
3951,354.2388319729537,84541.08055494777
3952,71.62418872254096,84910.776707463
3953,82.16044812079258,84910.776707463
3954,46.945694626454646,84109.76837701337
3955,0.0,81514.50558379693
3956,0.0,84109.76837701337
3957,0.0,85773.40106333178
3958,0.0,86636.0254192006
3959,0.0,86636.0254192006
3960,0.0,84109.76837701337
3961,0.0,83678.45619907897
3962,0.0,81514.50558379693
3963,0.0,80962.42599604088
3964,0.0,81514.50558379693
3965,0.0,76967.12739535645
3966,0.0,75466.16101614473
3967,0.0,75466.16101614473
3968,4.922437631637458,70319.99057313311
3969,65.75744691123761,78280.8965697973
3970,165.7165009657938,80962.42599604088
3971,248.2389386183123,83170.74434706503
3972,157.8204673863102,78832.97615755333
3973,265.8688571996352,73214.71144732714
3974,101.4661031396768,70319.99057313311
3975,263.92484335028377,71070.47376273897
3976,98.09396411282968,72571.44014195068
3977,34.54558064609473,75466.16101614473
3978,27.52055754903557,71070.47376273897
3979,0.8952519218072964,67597.82723529183
3980,0.0,66657.56668739484
3981,0.0,65717.30613949784
3982,0.0,63971.10797911769
3983,0.0,63971.10797911769
3984,0.0,65717.30613949784
3985,0.0,63971.10797911769
3986,0.0,60210.06578752968
3987,0.0,58066.72556391706
3988,0.0,53907.64384812104
3989,0.0,54985.92429295705
3990,0.0,52829.363403285024
3991,0.0,56988.44511908106
3992,52.735334212827546,54985.92429295705
3993,101.78040280880874,47346.31069456769
3994,230.37666928652476,45051.72990795666
3995,315.7132906703412,50672.802513612995
3996,360.93741703117365,53907.64384812104
3997,381.0491994533229,54985.92429295705
3998,308.5897564038328,59145.00600875307
3999,367.8085075460692,60210.06578752968
4000,56.78270078615853,59145.00600875307
4001,51.97818232678022,56988.44511908106
4002,35.34700638168444,55910.164674245054
4003,2.226684803941144,53907.64384812104
4004,0.0,50672.802513612995
4005,0.0,50672.802513612995
4006,0.0,49594.522068777
4007,0.0,46199.020301262164
4008,0.0,46199.020301262164
4009,0.0,47346.31069456769
4010,0.0,45051.72990795666
4011,0.0,48493.6010878732
4012,0.0,49594.522068777
4013,0.0,48493.6010878732
4014,0.0,47346.31069456769
4015,0.0,48493.6010878732
4016,34.85713950026457,48493.6010878732
4017,152.51035536446346,56988.44511908106
4018,233.07245600163876,59145.00600875307
4019,254.9047842407053,63030.84743122068
4020,266.6816699807499,63030.84743122068
4021,302.9017158689908,64911.3685270147
4022,248.53493754317185,64911.3685270147
4023,341.7316103675308,63030.84743122068
4024,81.94011025070942,62090.58688332368
4025,54.95034498648448,61150.32633542669
4026,41.40105870018832,58066.72556391706
4027,2.225278154272164,58066.72556391706
4028,0.0,60210.06578752968
4029,0.0,60210.06578752968
4030,0.0,62090.58688332368
4031,0.0,65717.30613949784
4032,0.0,67597.82723529183
4033,0.0,67597.82723529183
4034,0.0,60210.06578752968
4035,0.0,62090.58688332368
4036,0.0,62090.58688332368
4037,0.0,54985.92429295705
4038,0.0,52829.363403285024
4039,0.0,47346.31069456769
4040,47.81544701368996,36147.57462510378
4041,120.693592033304,35146.93037229596
4042,233.8817634169228,39479.176569044146
4043,310.4802622895743,45051.72990795666
4044,355.6735723353091,49594.522068777
4045,313.6167683672834,52829.363403285024
4046,356.47417772102926,55910.164674245054
4047,242.17669077024055,62090.58688332368
4048,62.42534168258366,66657.56668739484
4049,59.05916662108023,70319.99057313311
4050,37.281409458266,73965.19463693301
4051,2.236696839820356,71070.47376273897
4052,0.0,67597.82723529183
4053,0.0,69478.34833108584
4054,0.0,68538.08778318884
4055,0.0,69478.34833108584
4056,0.0,68538.08778318884
4057,0.0,63971.10797911769
4058,0.0,52829.363403285024
4059,0.0,49594.522068777
4060,0.0,46199.020301262164
4061,0.0,45051.72990795666
4062,0.0,38331.88617573865
4063,0.0,36147.57462510378
4064,34.52868958279136,41773.75735565518
4065,46.750146384807486,45051.72990795666
4066,189.9876299412551,47346.31069456769
4067,308.52192337193253,51751.082958449
4068,330.3629630419417,52829.363403285024
4069,312.08275320527025,54985.92429295705
4070,336.26662365565846,52829.363403285024
4071,342.0180723625622,48493.6010878732
4072,78.8992106867138,51751.082958449
4073,56.41016143878966,51751.082958449
4074,37.60100444531629,48493.6010878732
4075,2.675982955430225,45051.72990795666
4076,0.0,46199.020301262164
4077,0.0,50672.802513612995
4078,0.0,53907.64384812104
4079,0.0,55910.164674245054
4080,0.0,0.0
4081,0.0,0.0
4082,0.0,51751.082958449
4083,0.0,50672.802513612995
4084,0.0,45051.72990795666
4085,0.0,38331.88617573865
4086,0.0,33288.591045652865
4087,0.0,31287.302540037235
4088,53.35232502423098,30286.658287229413
4089,147.7478606328131,31287.302540037235
4090,248.60182448587625,33288.591045652865
4091,277.0029935246507,31287.302540037235
4092,363.5928091029367,32287.946792845047
4093,378.5535790657356,36147.57462510378
4094,358.9152790953223,38331.88617573865
4095,357.34528143678443,39479.176569044146
4096,61.15548572031189,38331.88617573865
4097,54.2018895214781,39479.176569044146
4098,40.614819027128384,39479.176569044146
4099,2.677670935033001,39479.176569044146
4100,0.0,39479.176569044146
4101,0.0,42921.04774896071
4102,0.0,46199.020301262164
4103,0.0,49594.522068777
4104,0.0,52829.363403285024
4105,0.0,53907.64384812104
4106,0.0,0.0
4107,0.0,0.0
4108,0.0,48493.6010878732
4109,0.0,44068.338142266206
4110,0.0,40626.46696234967
4111,0.0,37184.59578243314
4112,35.94196434706209,34289.2352984607
4113,151.65373019182132,42921.04774896071
4114,244.60742119931496,49594.522068777
4115,304.8050839062957,51751.082958449
4116,358.61282225986736,52829.363403285024
4117,378.715661142301,53907.64384812104
4118,375.20562171414514,52829.363403285024
4119,129.90014067184163,61150.32633542669
4120,104.16023946477458,68538.08778318884
4121,86.53274757860274,72571.44014195068
4122,35.346371241233776,72571.44014195068
4123,2.6729894226303528,69478.34833108584
4124,0.0,68538.08778318884
4125,0.0,68538.08778318884
4126,0.0,69478.34833108584
4127,0.0,69478.34833108584
4128,0.0,67597.82723529183
4129,0.0,65717.30613949784
4130,0.0,63971.10797911769
4131,0.0,63030.84743122068
4132,0.0,62090.58688332368
4133,0.0,62090.58688332368
4134,0.0,63030.84743122068
4135,0.0,65717.30613949784
4136,21.352102335721025,68538.08778318884
4137,141.62780243199148,68538.08778318884
4138,232.44429420956476,73214.71144732714
4139,297.3523267504248,72571.44014195068
4140,352.1206935615815,72571.44014195068
4141,362.06055695175,70319.99057313311
4142,315.70908003916225,69478.34833108584
4143,336.0357760668739,67597.82723529183
4144,96.68674874651398,69478.34833108584
4145,71.97170293883633,71820.95695234484
4146,43.77347554240977,71070.47376273897
4147,2.681444065909796,70319.99057313311
4148,0.0,69478.34833108584
4149,0.0,65717.30613949784
4150,0.0,62090.58688332368
4151,0.0,59145.00600875307
4152,0.0,58066.72556391706
4153,0.0,55910.164674245054
4154,0.0,49594.522068777
4155,0.0,47346.31069456769
4156,0.0,47346.31069456769
4157,0.0,49594.522068777
4158,0.0,48493.6010878732
4159,0.0,49594.522068777
4160,38.68620661030199,52829.363403285024
4161,138.5265638100001,61150.32633542669
4162,214.1680703850949,63030.84743122068
4163,129.34676961439823,61150.32633542669
4164,190.51077628538405,60210.06578752968
4165,299.74969046577587,63030.84743122068
4166,278.4852368921183,65717.30613949784
4167,360.5292335361133,65717.30613949784
4168,72.34267223361871,65717.30613949784
4169,67.53009934585234,65717.30613949784
4170,42.34216233976918,70319.99057313311
4171,3.1203460499975386,71070.47376273897
4172,0.0,71820.95695234484
4173,0.0,73214.71144732714
4174,0.0,76216.64420575059
4175,0.0,76967.12739535645
4176,0.0,77717.61058496231
4177,0.0,76967.12739535645
4178,0.0,73965.19463693301
4179,0.0,73214.71144732714
4180,0.0,72571.44014195068
4181,0.0,73214.71144732714
4182,0.0,70319.99057313311
4183,0.0,67597.82723529183
4184,25.375317588272523,71070.47376273897
4185,138.66739851902062,76967.12739535645
4186,220.2590280299822,77717.61058496231
4187,290.55613393374284,79385.05574530936
4188,345.3753539249327,80410.34640828484
4189,371.4196672458244,80410.34640828484
4190,364.6063286999392,78832.97615755333
4191,342.6102147235188,78280.8965697973
4192,107.9236041012654,76967.12739535645
4193,92.79042942557034,76216.64420575059
4194,40.683056640789104,75466.16101614473
4195,3.1308755534610406,75466.16101614473
4196,0.0,71820.95695234484
4197,0.0,69478.34833108584
4198,0.0,64911.3685270147
4199,0.0,62090.58688332368
4200,0.0,63030.84743122068
4201,0.0,60210.06578752968
4202,0.0,0.0
4203,0.0,0.0
4204,0.0,74715.67782653887
4205,0.0,73214.71144732714
4206,0.0,71820.95695234484
4207,0.0,70319.99057313311
4208,19.160143115720324,70319.99057313311
4209,42.90271853079455,73214.71144732714
4210,111.60324382196488,73214.71144732714
4211,186.3585151435049,73214.71144732714
4212,202.0445126370862,76967.12739535645
4213,357.4894480618232,80962.42599604088
4214,297.4880619873871,81514.50558379693
4215,66.20015968262119,81514.50558379693
4216,24.868061315768344,80410.34640828484
4217,76.25462835675349,75466.16101614473
4218,43.80628166562951,72571.44014195068
4219,0.4477270081567189,68538.08778318884
4220,0.0,69478.34833108584
4221,0.0,70319.99057313311
4222,0.0,65717.30613949784
4223,0.0,63971.10797911769
4224,0.0,62090.58688332368
4225,0.0,61150.32633542669
4226,0.0,54985.92429295705
4227,0.0,51751.082958449
4228,0.0,53907.64384812104
4229,0.0,56988.44511908106
4230,0.0,55910.164674245054
4231,0.0,66657.56668739484
4232,6.716281408829695,60210.06578752968
4233,53.98769995055273,55910.164674245054
4234,191.37407416576056,0.0
4235,302.372812738929,0.0
4236,343.1703896965996,49594.522068777
4237,336.1891496289357,47346.31069456769
4238,356.6495344562467,49594.522068777
4239,310.08757143563184,58066.72556391706
4240,84.63033350805964,67597.82723529183
4241,86.44580947590329,70319.99057313311
4242,38.06987766363231,71070.47376273897
4243,3.129716883135674,71070.47376273897
4244,0.0,72571.44014195068
4245,0.0,66657.56668739484
4246,0.0,68538.08778318884
4247,0.0,66657.56668739484
4248,0.0,62090.58688332368
4249,0.0,56988.44511908106
4250,0.0,53907.64384812104
4251,0.0,50672.802513612995
4252,0.0,47346.31069456769
4253,0.0,48493.6010878732
4254,0.0,45051.72990795666
4255,0.0,40626.46696234967
4256,38.03170782268885,38331.88617573865
4257,66.76249837351571,33288.591045652865
4258,231.9581372067903,37184.59578243314
4259,168.8908378745946,45051.72990795666
4260,362.57405522809125,55910.164674245054
4261,347.18583913543944,60210.06578752968
4262,233.83831995691727,58066.72556391706
4263,269.98188017696526,63030.84743122068
4264,51.66902246884621,69478.34833108584
4265,95.16335337363796,73965.19463693301
4266,39.89142374931684,73965.19463693301
4267,4.024526438465838,71070.47376273897
4268,0.0,69478.34833108584
4269,0.0,69478.34833108584
4270,0.0,70319.99057313311
4271,0.0,69478.34833108584
4272,0.0,0.0
4273,0.0,0.0
4274,0.0,56988.44511908106
4275,0.0,56988.44511908106
4276,0.0,53907.64384812104
4277,0.0,52829.363403285024
4278,0.0,48493.6010878732
4279,0.0,49594.522068777
4280,48.10879936479092,48493.6010878732
4281,131.29798196698584,50672.802513612995
4282,234.2715991988694,51751.082958449
4283,308.801562938099,50672.802513612995
4284,348.4271927983431,54985.92429295705
4285,356.53273274417967,59145.00600875307
4286,375.8908283875076,59145.00600875307
4287,369.7020872220425,62090.58688332368
4288,70.34343519644433,61150.32633542669
4289,64.62120641197258,61150.32633542669
4290,38.54170777852364,64911.3685270147
4291,3.131814382004636,69478.34833108584
4292,0.0,68538.08778318884
4293,0.0,61150.32633542669
4294,0.0,62090.58688332368
4295,0.0,55910.164674245054
4296,0.0,52829.363403285024
4297,0.0,58066.72556391706
4298,0.0,54985.92429295705
4299,0.0,50672.802513612995
4300,0.0,44068.338142266206
4301,0.0,38331.88617573865
4302,0.0,38331.88617573865
4303,0.0,41773.75735565518
4304,41.72253606194696,45051.72990795666
4305,150.9404117616765,52829.363403285024
4306,202.56604074139867,58066.72556391706
4307,303.9683285125771,61150.32633542669
4308,356.7753412380512,62090.58688332368
4309,370.4014281820741,63030.84743122068
4310,344.6826291588706,58066.72556391706
4311,232.27356209546656,60210.06578752968
4312,65.53185573804353,63030.84743122068
4313,83.80868769081737,63030.84743122068
4314,41.96812612673996,63030.84743122068
4315,4.019077003580029,63971.10797911769
4316,0.0,62090.58688332368
4317,0.0,63971.10797911769
4318,0.0,63030.84743122068
4319,0.0,63030.84743122068
4320,0.0,62090.58688332368
4321,0.0,60210.06578752968
4322,0.0,51751.082958449
4323,0.0,51751.082958449
4324,0.0,53907.64384812104
4325,0.0,53907.64384812104
4326,0.0,52829.363403285024
4327,0.0,52829.363403285024
4328,49.625322898138414,48493.6010878732
4329,149.89351915318986,50672.802513612995
4330,90.1946084682088,52829.363403285024
4331,230.19959278476708,55910.164674245054
4332,283.61902538899886,54985.92429295705
4333,378.2460319557795,59145.00600875307
4334,371.2773263046839,61150.32633542669
4335,363.4110523369236,63030.84743122068
4336,74.67419168053175,64911.3685270147
4337,55.15889568152662,69478.34833108584
4338,38.51563471141994,73965.19463693301
4339,4.021013544313518,70319.99057313311
4340,0.0,70105.56680467428
4341,0.0,70427.20245736251
4342,0.0,70641.62622582131
4343,0.0,70963.26187850957
4344,0.0,71284.89753119777
4345,0.0,71499.32129965659
4346,0.0,71820.95695234484
4347,0.0,72035.38072080365
4348,0.0,72357.01637349186
4349,0.0,72571.44014195068
4350,0.0,72893.07579463892
4351,0.0,73214.71144732714
4352,6.680535958417962,73429.13521578594
4353,17.759390044903316,73750.7708684742
4354,113.02971564012988,73965.19463693301
4355,183.30016599034903,74286.83028962123
4356,309.93836764739314,68538.08778318884
4357,121.76498906178216,68538.08778318884
4358,164.84713337020497,70319.99057313311
4359,181.5473673022664,70319.99057313311
4360,52.641740709074206,65717.30613949784
4361,63.45909338028682,67597.82723529183
4362,42.734013008478655,72571.44014195068
4363,4.46157541600614,77717.61058496231
4364,0.0,80410.34640828484
4365,0.0,83678.45619907897
4366,0.0,81514.50558379693
4367,0.0,79385.05574530936
4368,0.0,76216.64420575059
4369,0.0,73214.71144732714
4370,0.0,68538.08778318884
4371,0.0,62090.58688332368
4372,0.0,59145.00600875307
4373,0.0,60210.06578752968
4374,0.0,59145.00600875307
4375,0.0,56988.44511908106
4376,31.46866001692529,64911.3685270147
4377,76.39319214898607,63971.10797911769
4378,160.47108355413948,63030.84743122068
4379,175.48868867689555,68538.08778318884
4380,320.1301827884933,75466.16101614473
4381,281.12868192823936,79385.05574530936
4382,369.5251687810763,83170.74434706503
4383,340.01372219014337,83170.74434706503
4384,83.29711075946464,83678.45619907897
4385,57.537375891324366,84109.76837701337
4386,48.7974920310835,85342.08888539739
4387,4.003882607055737,85773.40106333178
4388,0.0,85342.08888539739
4389,0.0,85342.08888539739
4390,0.0,86204.71324126619
4391,0.0,86636.0254192006
4392,0.0,86204.71324126619
4393,0.0,85342.08888539739
4394,0.0,82618.66475930902
4395,0.0,79858.26682052882
4396,0.0,78280.8965697973
4397,0.0,76967.12739535645
4398,0.0,73965.19463693301
4399,0.0,71820.95695234484
4400,50.54494745800517,70319.99057313311
4401,86.25065670266837,73214.71144732714
4402,210.06389455581277,82066.58517155297
4403,294.10354259637813,85773.40106333178
4404,306.70241998463854,85342.08888539739
4405,384.8093788254623,87067.337597135
4406,378.90497774541296,85342.08888539739
4407,338.12985435200824,86204.71324126619
4408,129.39814319704516,87498.64977506941
4409,66.33174255929657,86636.0254192006
4410,38.12933534908496,83678.45619907897
4411,3.5712589684698144,81514.50558379693
4412,0.0,81514.50558379693
4413,0.0,82066.58517155297
4414,0.0,80962.42599604088
4415,0.0,78832.97615755333
4416,0.0,78832.97615755333
4417,0.0,79385.05574530936
4418,0.0,73965.19463693301
4419,0.0,74715.67782653887
4420,0.0,73214.71144732714
4421,0.0,72571.44014195068
4422,0.0,73214.71144732714
4423,0.0,73214.71144732714
4424,42.305793170904174,72571.44014195068
4425,120.67458129513405,76216.64420575059
4426,151.13296973526758,78280.8965697973
4427,307.1883910941459,76216.64420575059
4428,342.0345949673899,74715.67782653887
4429,387.6923589881463,74715.67782653887
4430,389.5629511308224,75466.16101614473
4431,371.141525975427,78280.8965697973
4432,66.79036847585459,79385.05574530936
4433,59.33671817073936,78832.97615755333
4434,40.19958936693812,79385.05574530936
4435,4.895811421665093,77717.61058496231
4436,0.0,76967.12739535645
4437,0.0,76967.12739535645
4438,0.0,76216.64420575059
4439,0.0,76216.64420575059
4440,0.0,75466.16101614473
4441,0.0,72571.44014195068
4442,0.0,65717.30613949784
4443,0.0,63971.10797911769
4444,0.0,60210.06578752968
4445,0.0,54985.92429295705
4446,0.0,55910.164674245054
4447,0.0,61150.32633542669
4448,42.85324951200771,63971.10797911769
4449,126.69475366647669,63971.10797911769
4450,235.2830316007508,67597.82723529183
4451,285.2814265789514,68538.08778318884
4452,172.3355280020671,70319.99057313311
4453,210.4777829875611,69478.34833108584
4454,288.9257146421638,64911.3685270147
4455,338.0425112791398,63030.84743122068
4456,129.29532988873757,62090.58688332368
4457,61.41508569135551,64911.3685270147
4458,49.37237437016481,66657.56668739484
4459,4.908872721069834,63030.84743122068
4460,0.0,63971.10797911769
4461,0.0,64911.3685270147
4462,0.0,61150.32633542669
4463,0.0,63971.10797911769
4464,0.0,62090.58688332368
4465,0.0,59145.00600875307
4466,0.0,60210.06578752968
4467,0.0,61150.32633542669
4468,0.0,51751.082958449
4469,0.0,41773.75735565518
4470,0.0,42921.04774896071
4471,0.0,46199.020301262164
4472,26.95755213302928,47346.31069456769
4473,149.79714716423263,52829.363403285024
4474,239.45923982456355,60210.06578752968
4475,308.47527523815427,63971.10797911769
4476,358.3854491845748,61150.32633542669
4477,286.3150465173942,58066.72556391706
4478,377.8914889183261,51751.082958449
4479,341.3294100841107,53907.64384812104
4480,71.69776469183728,59145.00600875307
4481,66.8509784676729,63971.10797911769
4482,40.74407397264338,68538.08778318884
4483,4.01952389759545,68538.08778318884
4484,0.0,64911.3685270147
4485,0.0,64911.3685270147
4486,0.0,63971.10797911769
4487,0.0,64911.3685270147
4488,0.0,62090.58688332368
4489,0.0,56988.44511908106
4490,0.0,55910.164674245054
4491,0.0,55910.164674245054
4492,0.0,56988.44511908106
4493,0.0,56988.44511908106
4494,0.0,60210.06578752968
4495,0.0,63971.10797911769
4496,36.656347358300806,64911.3685270147
4497,145.95991975887983,63030.84743122068
4498,228.20286749488287,68538.08778318884
4499,235.5346694954767,69478.34833108584
4500,164.93966178743975,70319.99057313311
4501,183.2097075474028,69478.34833108584
4502,104.80748410477644,64911.3685270147
4503,282.5242051702294,65717.30613949784
4504,43.69193998472405,66657.56668739484
4505,83.47710119554442,66657.56668739484
4506,48.98842597948993,67597.82723529183
4507,4.907780195432825,63971.10797911769
4508,0.0,63030.84743122068
4509,0.0,64911.3685270147
4510,0.0,67597.82723529183
4511,0.0,70319.99057313311
4512,0.0,73214.71144732714
4513,0.0,73965.19463693301
4514,0.0,70319.99057313311
4515,0.0,70319.99057313311
4516,0.0,65717.30613949784
4517,0.0,61150.32633542669
4518,0.0,58066.72556391706
4519,0.0,58066.72556391706
4520,32.926770703968714,58066.72556391706
4521,135.33853308223183,62090.58688332368
4522,216.87404321525048,65717.30613949784
4523,299.1181697591265,68538.08778318884
4524,342.9444908161299,72571.44014195068
4525,367.9973206477998,75466.16101614473
4526,302.1378046476791,77717.61058496231
4527,219.2480702791376,76216.64420575059
4528,78.54510552319903,73965.19463693301
4529,69.38892107113512,71820.95695234484
4530,47.224531173864335,70319.99057313311
4531,4.91032942191918,70319.99057313311
4532,0.0,73214.71144732714
4533,0.0,74715.67782653887
4534,0.0,75466.16101614473
4535,0.0,72571.44014195068
4536,0.0,67597.82723529183
4537,0.0,65717.30613949784
4538,0.0,69478.34833108584
4539,0.0,66657.56668739484
4540,0.0,61150.32633542669
4541,0.0,55910.164674245054
4542,0.0,59145.00600875307
4543,0.0,62090.58688332368
4544,43.84442209075898,63971.10797911769
4545,142.69414679071295,63971.10797911769
4546,239.3858718465585,65717.30613949784
4547,305.7405424674563,65717.30613949784
4548,339.9725771679456,69478.34833108584
4549,372.6737276098812,72571.44014195068
4550,384.19908937092765,70319.99057313311
4551,369.3910179069906,71820.95695234484
4552,69.43960341209072,74715.67782653887
4553,63.83965583528919,76216.64420575059
4554,39.02539068221724,75466.16101614473
4555,4.91815918898441,71820.95695234484
4556,0.0,70319.99057313311
4557,0.0,67597.82723529183
4558,0.0,70319.99057313311
4559,0.0,68538.08778318884
4560,0.0,62090.58688332368
4561,0.0,63971.10797911769
4562,0.0,52829.363403285024
4563,0.0,52829.363403285024
4564,0.0,50672.802513612995
4565,0.0,48493.6010878732
4566,0.0,46199.020301262164
4567,0.0,44068.338142266206
4568,39.48692339591008,38331.88617573865
4569,150.18541365891232,41773.75735565518
4570,241.95856739287265,41773.75735565518
4571,312.94513024776523,41773.75735565518
4572,363.1070798949318,44068.338142266206
4573,381.52710519345584,45051.72990795666
4574,373.4468501949724,41773.75735565518
4575,346.1352629950543,40626.46696234967
4576,74.1001057599023,41773.75735565518
4577,71.8752774391717,45051.72990795666
4578,43.29318541235117,49594.522068777
4579,5.797443288064892,52829.363403285024
4580,0.0,53907.64384812104
4581,0.0,54985.92429295705
4582,0.0,58066.72556391706
4583,0.0,56988.44511908106
4584,0.0,56988.44511908106
4585,0.0,58066.72556391706
4586,0.0,50672.802513612995
4587,0.0,48493.6010878732
4588,0.0,47346.31069456769
4589,0.0,47346.31069456769
4590,0.0,47346.31069456769
4591,0.0,47346.31069456769
4592,27.31666475893125,48493.6010878732
4593,138.56842169114196,49594.522068777
4594,209.41450678011037,44068.338142266206
4595,279.23506926631774,38331.88617573865
4596,358.4076652498993,38331.88617573865
4597,373.93535053528825,35146.93037229596
4598,269.9315507179912,40626.46696234967
4599,360.84866703618354,45051.72990795666
4600,76.71531923982766,49594.522068777
4601,62.47617944915726,51751.082958449
4602,48.08668151799145,52829.363403285024
4603,5.353201105656621,52829.363403285024
4604,0.0,50672.802513612995
4605,0.0,52829.363403285024
4606,0.0,54985.92429295705
4607,0.0,55910.164674245054
4608,0.0,54985.92429295705
4609,0.0,53907.64384812104
4610,0.0,41773.75735565518
4611,0.0,37184.59578243314
4612,0.0,31287.302540037235
4613,0.0,28285.369781613776
4614,0.0,26302.279764687988
4615,0.0,24636.18243735281
4616,35.64352656971182,25405.150434584437
4617,146.25312554952825,31287.302540037235
4618,229.14716410860376,38331.88617573865
4619,290.2784333798269,40626.46696234967
4620,343.8567143449706,41773.75735565518
4621,379.5187116567918,42921.04774896071
4622,378.1886677844104,40626.46696234967
4623,364.45534433146247,41773.75735565518
4624,65.1259589000848,42921.04774896071
4625,69.7884959273287,42921.04774896071
4626,43.7553892122762,40626.46696234967
4627,5.800886251991904,38331.88617573865
4628,0.0,37184.59578243314
4629,0.0,41773.75735565518
4630,0.0,46199.020301262164
4631,0.0,50672.802513612995
4632,0.0,52829.363403285024
4633,0.0,52829.363403285024
4634,0.0,44068.338142266206
4635,0.0,39479.176569044146
4636,0.0,39479.176569044146
4637,0.0,41773.75735565518
4638,0.0,41773.75735565518
4639,0.0,39479.176569044146
4640,37.58490823271533,39479.176569044146
4641,157.5500584326904,45051.72990795666
4642,242.70078694877705,50672.802513612995
4643,317.28903138481706,55910.164674245054
4644,339.1538535178752,59145.00600875307
4645,380.86764754559545,56988.44511908106
4646,361.35075620865376,51751.082958449
4647,367.23192347551856,51751.082958449
4648,71.95373826335822,53907.64384812104
4649,53.85638285367417,56988.44511908106
4650,35.91661955179867,58066.72556391706
4651,6.242792644658056,55910.164674245054
4652,0.0,55910.164674245054
4653,0.0,58066.72556391706
4654,0.0,61150.32633542669
4655,0.0,62090.58688332368
4656,0.0,63971.10797911769
4657,0.0,65717.30613949784
4658,0.0,61150.32633542669
4659,0.0,66657.56668739484
4660,0.0,69478.34833108584
4661,0.0,64911.3685270147
4662,0.0,69478.34833108584
4663,0.0,66657.56668739484
4664,35.17027390679316,68538.08778318884
4665,155.2305478540937,71070.47376273897
4666,183.4812170454329,68538.08778318884
4667,306.68301487308287,64911.3685270147
4668,321.80289606505914,63971.10797911769
4669,65.76201117938295,64911.3685270147
4670,369.5295959529286,66657.56668739484
4671,371.2078563980992,66657.56668739484
4672,67.03342857078364,64911.3685270147
4673,50.47410395739524,63030.84743122068
4674,41.58486798051923,64911.3685270147
4675,6.686234254372371,63971.10797911769
4676,0.0,64911.3685270147
4677,0.0,66657.56668739484
4678,0.0,63971.10797911769
4679,0.0,63971.10797911769
4680,0.0,63971.10797911769
4681,0.0,61150.32633542669
4682,0.0,54985.92429295705
4683,0.0,51751.082958449
4684,0.0,51751.082958449
4685,0.0,47346.31069456769
4686,0.0,40626.46696234967
4687,0.0,39479.176569044146
4688,33.84354406658076,35146.93037229596
4689,104.80596549686388,35146.93037229596
4690,248.6728524069244,35146.93037229596
4691,320.2385704568298,39479.176569044146
4692,318.7474769999349,42921.04774896071
4693,383.3399557725844,47346.31069456769
4694,382.0173930209819,49594.522068777
4695,373.0422951615223,49594.522068777
4696,79.56472207409554,47346.31069456769
4697,52.69569153977031,49594.522068777
4698,39.46533143970718,51751.082958449
4699,5.804293416588727,52829.363403285024
4700,0.0,51751.082958449
4701,0.0,52829.363403285024
4702,0.0,53907.64384812104
4703,0.0,54985.92429295705
4704,0.0,55910.164674245054
4705,0.0,54985.92429295705
4706,0.0,44068.338142266206
4707,0.0,40626.46696234967
4708,0.0,39479.176569044146
4709,0.0,37184.59578243314
4710,0.0,36147.57462510378
4711,0.0,39479.176569044146
4712,42.26664461971026,42921.04774896071
4713,142.4719531918917,47346.31069456769
4714,207.45445700944936,44068.338142266206
4715,323.4678766014853,42921.04774896071
4716,372.5520223457506,45051.72990795666
4717,378.3575478422872,50672.802513612995
4718,389.3720845279095,55910.164674245054
4719,323.3973376075299,58066.72556391706
4720,65.68378361889411,59145.00600875307
4721,98.59459062431714,56988.44511908106
4722,51.46038290246408,52829.363403285024
4723,4.908420781406561,52829.363403285024
4724,0.0,50672.802513612995
4725,0.0,53907.64384812104
4726,0.0,54985.92429295705
4727,0.0,54985.92429295705
4728,0.0,55910.164674245054
4729,0.0,54985.92429295705
4730,0.0,42921.04774896071
4731,0.0,42921.04774896071
4732,0.0,45051.72990795666
4733,0.0,46199.020301262164
4734,0.0,46199.020301262164
4735,0.0,45051.72990795666
4736,36.65499976786791,44068.338142266206
4737,143.26521585233638,40626.46696234967
4738,231.13288960522067,37184.59578243314
4739,307.93750156209785,38331.88617573865
4740,367.735401850408,42921.04774896071
4741,398.7950021254018,47346.31069456769
4742,387.7366568564542,52829.363403285024
4743,380.2226300303488,59145.00600875307
4744,52.79496185401991,63030.84743122068
4745,51.995218151643,62090.58688332368
4746,38.9942555154477,63030.84743122068
4747,6.264809783873688,64911.3685270147
4748,0.0,63030.84743122068
4749,0.0,65717.30613949784
4750,0.0,67597.82723529183
4751,0.0,68538.08778318884
4752,0.0,68538.08778318884
4753,0.0,67597.82723529183
4754,0.0,59145.00600875307
4755,0.0,53907.64384812104
4756,0.0,49594.522068777
4757,0.0,48493.6010878732
4758,0.0,49594.522068777
4759,0.0,47346.31069456769
4760,21.94201781749032,41773.75735565518
4761,36.8705706091948,38331.88617573865
4762,177.92170904745947,46199.020301262164
4763,281.5458882796663,40626.46696234967
4764,224.67387932391847,45051.72990795666
4765,190.41715055852808,52829.363403285024
4766,171.4308747858404,50672.802513612995
4767,148.08981897330983,53907.64384812104
4768,92.03634863083352,56988.44511908106
4769,63.00724893337208,56988.44511908106
4770,48.60113880089339,56988.44511908106
4771,3.584762805292024,53907.64384812104
4772,0.0,58066.72556391706
4773,0.0,61150.32633542669
4774,0.0,61150.32633542669
4775,0.0,70319.99057313311
4776,0.0,71070.47376273897
4777,0.0,68538.08778318884
4778,0.0,64911.3685270147
4779,0.0,62090.58688332368
4780,0.0,61150.32633542669
4781,0.0,62090.58688332368
4782,0.0,58066.72556391706
4783,0.0,54985.92429295705
4784,5.830503893189014,50672.802513612995
4785,13.410921854052068,42921.04774896071
4786,69.8630971357069,44068.338142266206
4787,175.91516669348542,49594.522068777
4788,235.0381505128269,54985.92429295705
4789,379.9595000147241,61150.32633542669
4790,285.1544967798735,70319.99057313311
4791,136.86280894171674,70319.99057313311
4792,65.23830732611313,69478.34833108584
4793,55.06226296200437,66657.56668739484
4794,51.73535944455544,66657.56668739484
4795,6.2650415432338535,61150.32633542669
4796,0.0,56988.44511908106
4797,0.0,56988.44511908106
4798,0.0,55910.164674245054
4799,0.0,55910.164674245054
4800,0.0,53907.64384812104
4801,0.0,54985.92429295705
4802,0.0,52829.363403285024
4803,0.0,54985.92429295705
4804,0.0,49594.522068777
4805,0.0,45051.72990795666
4806,0.0,46199.020301262164
4807,0.0,46199.020301262164
4808,37.61624274728967,46199.020301262164
4809,60.46366636049289,44068.338142266206
4810,202.72162694523428,45051.72990795666
4811,254.07849098632985,48493.6010878732
4812,317.21822054654467,41773.75735565518
4813,400.0569301752852,49594.522068777
4814,386.501614198848,58066.72556391706
4815,378.23742320996047,66657.56668739484
4816,64.31237401936869,72571.44014195068
4817,76.61352116112053,75466.16101614473
4818,52.46037273514032,73965.19463693301
4819,5.796582547083139,68538.08778318884
4820,0.0,65717.30613949784
4821,0.0,66657.56668739484
4822,0.0,70319.99057313311
4823,0.0,71070.47376273897
4824,0.0,71820.95695234484
4825,0.0,71820.95695234484
4826,0.0,66657.56668739484
4827,0.0,64911.3685270147
4828,0.0,63971.10797911769
4829,0.0,63030.84743122068
4830,0.0,63030.84743122068
4831,0.0,60210.06578752968
4832,49.51572962769946,59145.00600875307
4833,140.28576741393047,63971.10797911769
4834,243.42747569468264,68538.08778318884
4835,310.2832418767567,70319.99057313311
4836,359.14072033463896,71820.95695234484
4837,383.3852033120467,71070.47376273897
4838,383.6251511983325,68538.08778318884
4839,359.64008549269,70319.99057313311
4840,72.43807114328925,71820.95695234484
4841,66.33011259096696,74715.67782653887
4842,42.04059577151786,75466.16101614473
4843,7.139605809920975,73965.19463693301
4844,0.0,69478.34833108584
4845,0.0,65717.30613949784
4846,0.0,62090.58688332368
4847,0.0,63030.84743122068
4848,0.0,63971.10797911769
4849,0.0,65717.30613949784
4850,0.0,62090.58688332368
4851,0.0,63971.10797911769
4852,0.0,63030.84743122068
4853,0.0,64911.3685270147
4854,0.0,66657.56668739484
4855,0.0,66657.56668739484
4856,39.82244003293767,63971.10797911769
4857,155.18287872290645,67597.82723529183
4858,246.037272396352,71070.47376273897
4859,297.23911408523463,73965.19463693301
4860,345.818254605148,73965.19463693301
4861,272.1631888209613,74715.67782653887
4862,377.013267963952,74715.67782653887
4863,256.11316410531816,78832.97615755333
4864,116.37010521906636,79385.05574530936
4865,88.910754229901,79385.05574530936
4866,48.48709460359018,77717.61058496231
4867,6.689279000324612,72571.44014195068
4868,0.0,66657.56668739484
4869,0.0,64911.3685270147
4870,0.0,63971.10797911769
4871,0.0,65717.30613949784
4872,0.0,66657.56668739484
4873,0.0,63971.10797911769
4874,0.0,51751.082958449
4875,0.0,46199.020301262164
4876,0.0,44068.338142266206
4877,0.0,39479.176569044146
4878,0.0,32287.946792845047
4879,0.0,29286.014034421587
4880,25.46436757459136,32287.946792845047
4881,107.9356161554495,37184.59578243314
4882,194.5896627268475,44068.338142266206
4883,249.6031055130631,48493.6010878732
4884,318.78402644480946,50672.802513612995
4885,321.3613740463215,53907.64384812104
4886,386.9797643389192,53907.64384812104
4887,370.12442352215726,54985.92429295705
4888,94.18396079036536,58066.72556391706
4889,79.28542713395123,60210.06578752968
4890,40.336514713315125,63971.10797911769
4891,7.596565093465808,64911.3685270147
4892,0.0,62090.58688332368
4893,0.0,61150.32633542669
4894,0.0,62090.58688332368
4895,0.0,61150.32633542669
4896,0.0,59145.00600875307
4897,0.0,59145.00600875307
4898,0.0,53907.64384812104
4899,0.0,51751.082958449
4900,0.0,51751.082958449
4901,0.0,55910.164674245054
4902,0.0,55910.164674245054
4903,0.0,56988.44511908106
4904,25.47222503288161,56988.44511908106
4905,149.65987953296596,64911.3685270147
4906,239.08349336850335,72571.44014195068
4907,316.8260643343472,74715.67782653887
4908,366.5198630827166,75466.16101614473
4909,396.68191494456784,76216.64420575059
4910,397.6450902234285,74715.67782653887
4911,376.3990588207857,76216.64420575059
4912,58.71256045439762,76967.12739535645
4913,53.39543811783752,77717.61058496231
4914,38.55966361093153,78280.8965697973
4915,6.247442266380389,76216.64420575059
4916,0.0,73214.71144732714
4917,0.0,70319.99057313311
4918,0.0,69478.34833108584
4919,0.0,69478.34833108584
4920,0.0,66657.56668739484
4921,0.0,63030.84743122068
4922,0.0,61150.32633542669
4923,0.0,58066.72556391706
4924,0.0,54985.92429295705
4925,0.0,50672.802513612995
4926,0.0,47346.31069456769
4927,0.0,47346.31069456769
4928,32.83586553239481,50672.802513612995
4929,139.14077004258215,60210.06578752968
4930,227.59490529524695,68538.08778318884
4931,297.3043176763983,70319.99057313311
4932,349.4128231187792,71070.47376273897
4933,370.1326911593833,68538.08778318884
4934,376.03711688983344,63971.10797911769
4935,364.89731599068085,63030.84743122068
4936,77.50832991958434,63971.10797911769
4937,63.68478643618101,63971.10797911769
4938,53.71478967951753,63971.10797911769
4939,7.129884255103336,56988.44511908106
4940,0.0,53907.64384812104
4941,0.0,55910.164674245054
4942,0.0,59145.00600875307
4943,0.0,63971.10797911769
4944,0.0,66657.56668739484
4945,0.0,69478.34833108584
4946,0.0,65717.30613949784
4947,0.0,70319.99057313311
4948,0.0,67597.82723529183
4949,0.0,67597.82723529183
4950,0.0,67597.82723529183
4951,0.0,66657.56668739484
4952,37.38872596014809,68538.08778318884
4953,140.03929331975385,72571.44014195068
4954,232.34827789166843,71820.95695234484
4955,293.5444871672425,71820.95695234484
4956,352.70368478559675,71070.47376273897
4957,377.3885966216529,68538.08778318884
4958,351.99265574361806,66657.56668739484
4959,357.0694671641205,66657.56668739484
4960,131.4708553122687,67597.82723529183
4961,97.19724301950406,66657.56668739484
4962,48.43643708044559,64911.3685270147
4963,4.905824848774324,63971.10797911769
4964,0.0,67597.82723529183
4965,0.0,69478.34833108584
4966,0.0,69478.34833108584
4967,0.0,66657.56668739484
4968,0.0,63030.84743122068
4969,0.0,63971.10797911769
4970,0.0,56988.44511908106
4971,0.0,53907.64384812104
4972,0.0,49594.522068777
4973,0.0,48493.6010878732
4974,0.0,47346.31069456769
4975,0.0,47346.31069456769
4976,8.928719309890164,46199.020301262164
4977,145.68670608668992,50672.802513612995
4978,234.51353869414555,49594.522068777
4979,317.7557915126817,46199.020301262164
4980,369.2463923985866,49594.522068777
4981,395.72314131849856,53907.64384812104
4982,394.2593858181423,50672.802513612995
4983,378.8289118973112,50672.802513612995
4984,53.532268091630826,50672.802513612995
4985,52.974187367958656,48493.6010878732
4986,37.65920875705589,47346.31069456769
4987,7.580404998703008,47346.31069456769
4988,0.0,49594.522068777
4989,0.0,54985.92429295705
4990,0.0,58066.72556391706
4991,0.0,60210.06578752968
4992,0.0,62090.58688332368
4993,0.0,62090.58688332368
4994,0.0,58066.72556391706
4995,0.0,59145.00600875307
4996,0.0,56988.44511908106
4997,0.0,52829.363403285024
4998,0.0,48493.6010878732
4999,0.0,46199.020301262164
5000,40.249084469543206,42921.04774896071
5001,147.89748830590204,47346.31069456769
5002,244.81056840660492,45051.72990795666
5003,317.52065968921875,47346.31069456769
5004,368.9084138472396,50672.802513612995
5005,396.1332449670026,58066.72556391706
5006,392.2318683093206,61150.32633542669
5007,361.0823995631776,71070.47376273897
5008,68.4086203858461,78280.8965697973
5009,81.1475168453308,79858.26682052882
5010,53.00005962663644,76967.12739535645
5011,7.1476664474166185,73965.19463693301
5012,0.0,73965.19463693301
5013,0.0,73214.71144732714
5014,0.0,74715.67782653887
5015,0.0,75466.16101614473
5016,0.0,76216.64420575059
5017,0.0,71820.95695234484
5018,0.0,61150.32633542669
5019,0.0,55910.164674245054
5020,0.0,56988.44511908106
5021,0.0,59145.00600875307
5022,0.0,54985.92429295705
5023,0.0,51751.082958449
5024,27.30836118222815,50672.802513612995
5025,144.79866855121526,50672.802513612995
5026,243.8507808100528,50672.802513612995
5027,305.5520777168049,50672.802513612995
5028,362.4630200086448,51751.082958449
5029,396.8254620902448,54985.92429295705
5030,393.3559590167575,55910.164674245054
5031,366.6557893829894,60210.06578752968
5032,59.17020938665304,62090.58688332368
5033,56.44454848660379,62090.58688332368
5034,39.41859807345718,59145.00600875307
5035,7.132568156628641,56988.44511908106
5036,0.0,55910.164674245054
5037,0.0,58066.72556391706
5038,0.0,60210.06578752968
5039,0.0,62090.58688332368
5040,0.0,60210.06578752968
5041,0.0,63030.84743122068
5042,0.0,61150.32633542669
5043,0.0,56988.44511908106
5044,0.0,48493.6010878732
5045,0.0,41773.75735565518
5046,0.0,42921.04774896071
5047,0.0,42921.04774896071
5048,35.584405478343285,37184.59578243314
5049,132.05156684853716,36147.57462510378
5050,229.69910106799287,41773.75735565518
5051,311.48223624927186,51751.082958449
5052,366.0349848751776,60210.06578752968
5053,392.5400441815088,62090.58688332368
5054,394.3939633316124,58066.72556391706
5055,373.92692903736094,59145.00600875307
5056,64.73550730692216,59145.00600875307
5057,56.4607577576468,60210.06578752968
5058,39.86259307130917,58066.72556391706
5059,7.584907896529583,58066.72556391706
5060,0.0,58066.72556391706
5061,0.0,56988.44511908106
5062,0.0,54985.92429295705
5063,0.0,60210.06578752968
5064,0.0,64911.3685270147
5065,0.0,67597.82723529183
5066,0.0,56988.44511908106
5067,0.0,55910.164674245054
5068,0.0,52829.363403285024
5069,0.0,49594.522068777
5070,0.0,47346.31069456769
5071,0.0,41773.75735565518
5072,37.86730338156293,36147.57462510378
5073,127.71051838569294,39479.176569044146
5074,217.72147886106143,41773.75735565518
5075,311.6686429358328,47346.31069456769
5076,368.9457464826968,52829.363403285024
5077,379.1330866904037,56988.44511908106
5078,389.7203355053714,62090.58688332368
5079,368.730574049975,63971.10797911769
5080,60.04062720000019,63030.84743122068
5081,56.8970785555478,60210.06578752968
5082,40.31637600159581,58066.72556391706
5083,7.13782920623364,54985.92429295705
5084,0.0,58682.885818109076
5085,0.0,58374.80569101308
5086,0.0,58066.72556391706
5087,0.0,57758.64543682106
5088,0.0,57296.52524617705
5089,0.0,56988.44511908106
5090,0.0,56680.364991985065
5091,0.0,56372.28486488904
5092,0.0,56064.20473779304
5093,0.0,55602.08454714904
5094,0.0,55294.00442005304
5095,0.0,54985.92429295705
5096,4.469665222557983,54677.84416586105
5097,107.4228572265291,54369.764038765024
5098,245.899372361712,53907.64384812104
5099,297.88801184079824,53599.56372102502
5100,329.78862550482324,55910.164674245054
5101,379.4206511717011,56988.44511908106
5102,369.9587373318894,59145.00600875307
5103,328.3902717832777,60210.06578752968
5104,141.0550739237537,58066.72556391706
5105,55.092757087735045,58066.72556391706
5106,53.623683046257895,58066.72556391706
5107,7.578668684222907,51751.082958449
5108,0.0,48493.6010878732
5109,0.0,54985.92429295705
5110,0.0,56988.44511908106
5111,0.0,59145.00600875307
5112,0.0,59145.00600875307
5113,0.0,58066.72556391706
5114,0.0,54985.92429295705
5115,0.0,54985.92429295705
5116,0.0,55910.164674245054
5117,0.0,53907.64384812104
5118,0.0,48493.6010878732
5119,0.0,46199.020301262164
5120,40.01328200682968,42921.04774896071
5121,157.11118337119737,49594.522068777
5122,255.4264841360664,49594.522068777
5123,322.9520792936829,51751.082958449
5124,338.43655213510425,50672.802513612995
5125,401.33096108416015,50672.802513612995
5126,403.1546962364062,49594.522068777
5127,376.00156960679,50672.802513612995
5128,63.813269532597936,53907.64384812104
5129,51.20368297001535,54985.92429295705
5130,37.16097204849093,53907.64384812104
5131,8.029565309189524,52829.363403285024
5132,0.0,48493.6010878732
5133,0.0,47346.31069456769
5134,0.0,46199.020301262164
5135,0.0,47346.31069456769
5136,0.0,50672.802513612995
5137,0.0,52829.363403285024
5138,0.0,45051.72990795666
5139,0.0,47346.31069456769
5140,0.0,54985.92429295705
5141,0.0,49594.522068777
5142,0.0,34289.2352984607
5143,0.0,30286.658287229413
5144,39.6851033210442,26302.279764687988
5145,158.83408063979678,31287.302540037235
5146,254.8531810786073,37184.59578243314
5147,324.43603579612983,40626.46696234967
5148,347.8533191119833,40626.46696234967
5149,391.8071465925054,44068.338142266206
5150,397.8560217645438,45051.72990795666
5151,368.12467821900447,47346.31069456769
5152,58.22791810824821,48493.6010878732
5153,54.25329928494167,49594.522068777
5154,41.12354054840417,48493.6010878732
5155,7.138925331697263,47346.31069456769
5156,0.0,42921.04774896071
5157,0.0,45051.72990795666
5158,0.0,48493.6010878732
5159,0.0,50672.802513612995
5160,0.0,52829.363403285024
5161,0.0,51751.082958449
5162,0.0,49594.522068777
5163,0.0,45051.72990795666
5164,0.0,42921.04774896071
5165,0.0,40626.46696234967
5166,0.0,38331.88617573865
5167,0.0,35146.93037229596
5168,42.12823687838157,34289.2352984607
5169,129.474629657535,34289.2352984607
5170,248.25480728123225,31287.302540037235
5171,317.0942447763331,30286.658287229413
5172,354.64470049299604,32287.946792845047
5173,386.7760123174995,38331.88617573865
5174,397.9754607532154,41773.75735565518
5175,370.4688233253944,44068.338142266206
5176,61.30074539199602,44068.338142266206
5177,54.693691598410496,42921.04774896071
5178,42.4203968894818,42921.04774896071
5179,7.14471483054657,44068.338142266206
5180,0.0,45051.72990795666
5181,0.0,46199.020301262164
5182,0.0,48493.6010878732
5183,0.0,51751.082958449
5184,0.0,52829.363403285024
5185,0.0,53907.64384812104
5186,0.0,53907.64384812104
5187,0.0,52829.363403285024
5188,0.0,50672.802513612995
5189,0.0,47346.31069456769
5190,0.0,46199.020301262164
5191,0.0,48493.6010878732
5192,44.26817119320482,53907.64384812104
5193,158.69148135045626,62090.58688332368
5194,186.313989640998,56988.44511908106
5195,319.9083483390225,55910.164674245054
5196,374.3832623129428,55910.164674245054
5197,385.84295638499606,58066.72556391706
5198,395.5059918240776,59145.00600875307
5199,366.6663885961853,61150.32633542669
5200,81.46027385798395,62090.58688332368
5201,52.992787214429846,63971.10797911769
5202,38.06589115423218,64911.3685270147
5203,7.593868696257453,61150.32633542669
5204,0.0,60210.06578752968
5205,0.0,61150.32633542669
5206,0.0,63030.84743122068
5207,0.0,66657.56668739484
5208,0.0,66657.56668739484
5209,0.0,65717.30613949784
5210,0.0,60210.06578752968
5211,0.0,60210.06578752968
5212,0.0,62090.58688332368
5213,0.0,58066.72556391706
5214,0.0,51751.082958449
5215,0.0,46199.020301262164
5216,26.71462718129775,45051.72990795666
5217,131.9319702880475,49594.522068777
5218,217.72936901734585,51751.082958449
5219,293.84371093663043,54985.92429295705
5220,371.2971784478853,58066.72556391706
5221,392.20303299520873,63030.84743122068
5222,399.71142505472056,65717.30613949784
5223,369.0383249627723,66657.56668739484
5224,81.37506198115165,66657.56668739484
5225,59.40950877486503,64911.3685270147
5226,43.25067797753844,62090.58688332368
5227,7.1390759947417415,59145.00600875307
5228,0.0,55910.164674245054
5229,0.0,59145.00600875307
5230,0.0,60210.06578752968
5231,0.0,60210.06578752968
5232,0.0,60210.06578752968
5233,0.0,60210.06578752968
5234,0.0,52829.363403285024
5235,0.0,49594.522068777
5236,0.0,49594.522068777
5237,0.0,51751.082958449
5238,0.0,50672.802513612995
5239,0.0,47346.31069456769
5240,36.73375543060269,40626.46696234967
5241,147.8734605969267,41773.75735565518
5242,228.3622455055448,44068.338142266206
5243,322.17575260952333,51751.082958449
5244,371.6217840365643,59145.00600875307
5245,398.9224073214626,63971.10797911769
5246,374.9461887021771,65717.30613949784
5247,367.4209335534687,65717.30613949784
5248,68.99927970146013,64911.3685270147
5249,54.26743163311371,63971.10797911769
5250,38.06303701695703,62090.58688332368
5251,4.464369600274763,59145.00600875307
5252,0.0,54985.92429295705
5253,0.0,56988.44511908106
5254,0.0,58066.72556391706
5255,0.0,58066.72556391706
5256,0.0,59145.00600875307
5257,0.0,63971.10797911769
5258,0.0,59145.00600875307
5259,0.0,54985.92429295705
5260,0.0,50672.802513612995
5261,0.0,48493.6010878732
5262,0.0,46199.020301262164
5263,0.0,44068.338142266206
5264,39.94310840986102,44068.338142266206
5265,153.70719825790428,49594.522068777
5266,249.46130255826475,47346.31069456769
5267,318.1900766917128,47346.31069456769
5268,303.31560002701065,48493.6010878732
5269,367.1729359686096,51751.082958449
5270,374.2196203849522,55910.164674245054
5271,353.4462406339971,59145.00600875307
5272,76.7369564252443,60210.06578752968
5273,66.31121369752455,61150.32633542669
5274,39.79725379621527,64911.3685270147
5275,7.591217421690017,63971.10797911769
5276,0.0,63971.10797911769
5277,0.0,62090.58688332368
5278,0.0,61150.32633542669
5279,0.0,60210.06578752968
5280,0.0,64911.3685270147
5281,0.0,64911.3685270147
5282,0.0,63030.84743122068
5283,0.0,58066.72556391706
5284,0.0,54985.92429295705
5285,0.0,48493.6010878732
5286,0.0,45051.72990795666
5287,0.0,40626.46696234967
5288,6.2400568081897845,40626.46696234967
5289,51.0989929688759,49594.522068777
5290,215.6875475380416,53907.64384812104
5291,321.46033632151773,59145.00600875307
5292,370.5925157154088,61150.32633542669
5293,388.9600541216439,63030.84743122068
5294,394.3249228999371,62090.58688332368
5295,373.6699780764216,63971.10797911769
5296,56.10275315495156,63971.10797911769
5297,72.69441486965164,62090.58688332368
5298,38.04448512466857,59145.00600875307
5299,7.139984860875367,55910.164674245054
5300,0.0,55910.164674245054
5301,0.0,60210.06578752968
5302,0.0,63971.10797911769
5303,0.0,65717.30613949784
5304,0.0,65717.30613949784
5305,0.0,63030.84743122068
5306,0.0,52829.363403285024
5307,0.0,49594.522068777
5308,0.0,47346.31069456769
5309,0.0,45051.72990795666
5310,0.0,45051.72990795666
5311,0.0,44068.338142266206
5312,28.949911222895192,44068.338142266206
5313,133.48682952957185,48493.6010878732
5314,256.0721881773716,52829.363403285024
5315,332.8973240570708,60210.06578752968
5316,375.92633918600296,63030.84743122068
5317,398.7280287110812,61150.32633542669
5318,388.7446666420307,60210.06578752968
5319,367.59204013542,63030.84743122068
5320,59.060663644094085,69478.34833108584
5321,53.35235724173409,72571.44014195068
5322,39.33468114647555,74715.67782653887
5323,7.1405146254644185,73965.19463693301
5324,0.0,73965.19463693301
5325,0.0,76967.12739535645
5326,0.0,78832.97615755333
5327,0.0,77717.61058496231
5328,0.0,76967.12739535645
5329,0.0,72571.44014195068
5330,0.0,66657.56668739484
5331,0.0,63030.84743122068
5332,0.0,66657.56668739484
5333,0.0,70319.99057313311
5334,0.0,71820.95695234484
5335,0.0,67597.82723529183
5336,33.59493509903018,66657.56668739484
5337,146.68745545486172,65717.30613949784
5338,240.28285614231925,71070.47376273897
5339,277.0499198194186,70319.99057313311
5340,281.7214489774183,71070.47376273897
5341,394.8662722247187,71070.47376273897
5342,387.8391963850116,75466.16101614473
5343,315.35721861011695,73965.19463693301
5344,115.44104835328152,72571.44014195068
5345,99.77129522685227,67597.82723529183
5346,42.79298556336278,58066.72556391706
5347,6.683136520449724,49594.522068777
5348,0.0,52829.363403285024
5349,0.0,61150.32633542669
5350,0.0,65717.30613949784
5351,0.0,66657.56668739484
5352,0.0,64911.3685270147
5353,0.0,59145.00600875307
5354,0.0,53907.64384812104
5355,0.0,50672.802513612995
5356,0.0,46199.020301262164
5357,0.0,47346.31069456769
5358,0.0,45051.72990795666
5359,0.0,45051.72990795666
5360,47.260003184193664,46199.020301262164
5361,162.58083339545942,51751.082958449
5362,256.2758686450266,48493.6010878732
5363,326.6663235771538,53907.64384812104
5364,376.84251062949215,61150.32633542669
5365,387.7506133827488,63030.84743122068
5366,393.05453629754027,60210.06578752968
5367,375.5669376823973,60210.06578752968
5368,64.61441489052318,63030.84743122068
5369,71.77642749597922,63971.10797911769
5370,38.00167306554134,63971.10797911769
5371,7.57815354978972,63030.84743122068
5372,0.0,63971.10797911769
5373,0.0,66657.56668739484
5374,0.0,68538.08778318884
5375,0.0,67597.82723529183
5376,0.0,69478.34833108584
5377,0.0,71820.95695234484
5378,0.0,71070.47376273897
5379,0.0,73965.19463693301
5380,0.0,78280.8965697973
5381,0.0,82618.66475930902
5382,0.0,77717.61058496231
5383,0.0,73965.19463693301
5384,20.98180668360987,71070.47376273897
5385,67.09737279512682,68538.08778318884
5386,145.4488530012528,61150.32633542669
5387,227.7137794369192,58066.72556391706
5388,133.9481389813509,55910.164674245054
5389,255.53686755246952,56988.44511908106
5390,247.812149574631,60210.06578752968
5391,300.8732390721576,67597.82723529183
5392,80.41404375891757,66657.56668739484
5393,70.82363988357594,63030.84743122068
5394,43.75783835029596,54985.92429295705
5395,0.8960462651497794,54985.92429295705
5396,0.0,53907.64384812104
5397,0.0,55910.164674245054
5398,0.0,59145.00600875307
5399,0.0,61150.32633542669
5400,0.0,60210.06578752968
5401,0.0,63030.84743122068
5402,0.0,53907.64384812104
5403,0.0,51751.082958449
5404,0.0,49594.522068777
5405,0.0,50672.802513612995
5406,0.0,41773.75735565518
5407,0.0,34289.2352984607
5408,31.27705368058982,31287.302540037235
5409,92.39426034131417,30286.658287229413
5410,114.8190092707141,27284.72552880596
5411,153.4223501400349,33288.591045652865
5412,213.23994329149045,39479.176569044146
5413,264.3042833754013,46199.020301262164
5414,324.3724306232755,46199.020301262164
5415,338.17912654495086,45051.72990795666
5416,61.92132167228929,50672.802513612995
5417,57.405122199584696,53907.64384812104
5418,45.49154735924357,61150.32633542669
5419,6.6910815727603925,63030.84743122068
5420,0.0,65717.30613949784
5421,0.0,68538.08778318884
5422,0.0,66657.56668739484
5423,0.0,64911.3685270147
5424,0.0,63971.10797911769
5425,0.0,63971.10797911769
5426,0.0,51751.082958449
5427,0.0,48493.6010878732
5428,0.0,46199.020301262164
5429,0.0,42921.04774896071
5430,0.0,47346.31069456769
5431,0.0,46199.020301262164
5432,20.476101554331866,39479.176569044146
5433,162.56466559494558,40626.46696234967
5434,251.78810344060744,41773.75735565518
5435,318.52547979954943,48493.6010878732
5436,372.5528277949693,55910.164674245054
5437,359.9323905393174,59145.00600875307
5438,381.4894312324794,56988.44511908106
5439,370.55287578425424,56988.44511908106
5440,56.507785916994855,60210.06578752968
5441,54.65636623396897,60210.06578752968
5442,38.01090244153283,61150.32633542669
5443,6.239810159479295,59145.00600875307
5444,0.0,58066.72556391706
5445,0.0,58066.72556391706
5446,0.0,56988.44511908106
5447,0.0,52829.363403285024
5448,0.0,51751.082958449
5449,0.0,50672.802513612995
5450,0.0,48493.6010878732
5451,0.0,49594.522068777
5452,0.0,54985.92429295705
5453,0.0,59145.00600875307
5454,0.0,53907.64384812104
5455,0.0,47346.31069456769
5456,16.02778972019827,37184.59578243314
5457,146.5331392796351,36147.57462510378
5458,252.27591660352684,34289.2352984607
5459,329.8003038600222,29286.014034421587
5460,382.5734431364954,28285.369781613776
5461,404.85052520690186,28285.369781613776
5462,389.6371503759896,33288.591045652865
5463,376.9453018400103,38331.88617573865
5464,141.00160262700848,40626.46696234967
5465,50.80184654632281,38331.88617573865
5466,38.48206409877517,36147.57462510378
5467,6.245139461188884,32287.946792845047
5468,0.0,30286.658287229413
5469,0.0,31287.302540037235
5470,0.0,32287.946792845047
5471,0.0,35146.93037229596
5472,0.0,36147.57462510378
5473,0.0,35146.93037229596
5474,0.0,32287.946792845047
5475,0.0,31287.302540037235
5476,0.0,28285.369781613776
5477,0.0,27284.72552880596
5478,0.0,27284.72552880596
5479,0.0,24636.18243735281
5480,49.34603702933394,23739.053107249252
5481,144.73479544054786,25405.150434584437
5482,253.39833423903556,32287.946792845047
5483,330.193986878996,34289.2352984607
5484,369.8010070509215,35146.93037229596
5485,401.8890646444439,37184.59578243314
5486,398.8602023126411,36147.57462510378
5487,375.58323521811616,37184.59578243314
5488,59.91793179013384,35146.93037229596
5489,52.01400766643081,33288.591045652865
5490,40.163740349168606,34289.2352984607
5491,6.683319604009421,34289.2352984607
5492,0.0,35146.93037229596
5493,0.0,38331.88617573865
5494,0.0,41773.75735565518
5495,0.0,46199.020301262164
5496,0.0,51751.082958449
5497,0.0,55910.164674245054
5498,0.0,48493.6010878732
5499,0.0,48493.6010878732
5500,0.0,42921.04774896071
5501,0.0,37184.59578243314
5502,0.0,34289.2352984607
5503,0.0,33288.591045652865
5504,40.9712640175127,36147.57462510378
5505,133.82506339187788,45051.72990795666
5506,89.6787281013122,50672.802513612995
5507,172.85997694488967,50672.802513612995
5508,345.9179980928621,52829.363403285024
5509,387.90234813071953,51751.082958449
5510,271.1898045155333,49594.522068777
5511,299.1738737584592,49594.522068777
5512,77.35926126812423,47346.31069456769
5513,72.14279727176459,44068.338142266206
5514,50.95750314918863,44068.338142266206
5515,6.235175984079653,42921.04774896071
5516,0.0,48493.6010878732
5517,0.0,50672.802513612995
5518,0.0,54985.92429295705
5519,0.0,56988.44511908106
5520,0.0,59145.00600875307
5521,0.0,60210.06578752968
5522,0.0,46199.020301262164
5523,0.0,41773.75735565518
5524,0.0,42921.04774896071
5525,0.0,49594.522068777
5526,0.0,50672.802513612995
5527,0.0,46199.020301262164
5528,58.26061553862348,44068.338142266206
5529,75.14838090105746,39479.176569044146
5530,227.1616925720471,37184.59578243314
5531,302.2582794440248,44068.338142266206
5532,330.2598861478411,53907.64384812104
5533,401.6717018507536,66657.56668739484
5534,382.9786309345783,61150.32633542669
5535,222.42319298210757,59145.00600875307
5536,77.47790731169235,55910.164674245054
5537,57.22069740444488,54985.92429295705
5538,39.31067655882321,50672.802513612995
5539,6.2409385697767386,48493.6010878732
5540,0.0,47346.31069456769
5541,0.0,51751.082958449
5542,0.0,58066.72556391706
5543,0.0,61150.32633542669
5544,0.0,63971.10797911769
5545,0.0,65717.30613949784
5546,0.0,55910.164674245054
5547,0.0,56988.44511908106
5548,0.0,53907.64384812104
5549,0.0,55910.164674245054
5550,0.0,52829.363403285024
5551,0.0,51751.082958449
5552,35.138743165284374,52829.363403285024
5553,141.42265276524225,55910.164674245054
5554,250.92702163279452,51751.082958449
5555,321.7148612297317,51751.082958449
5556,381.6355426088997,55910.164674245054
5557,401.62538812303904,56988.44511908106
5558,370.00939307132,52829.363403285024
5559,340.68788649275075,55910.164674245054
5560,115.67166702556216,55910.164674245054
5561,40.19116823299518,56988.44511908106
5562,49.82354770705298,58066.72556391706
5563,1.3404895896777145,61150.32633542669
5564,0.0,62090.58688332368
5565,0.0,66657.56668739484
5566,0.0,69478.34833108584
5567,0.0,70319.99057313311
5568,0.0,69478.34833108584
5569,0.0,68538.08778318884
5570,0.0,64911.3685270147
5571,0.0,64911.3685270147
5572,0.0,63971.10797911769
5573,0.0,61150.32633542669
5574,0.0,52829.363403285024
5575,0.0,45051.72990795666
5576,55.66650681124823,44068.338142266206
5577,153.66729974412044,37184.59578243314
5578,250.30559051408983,35146.93037229596
5579,331.36180913221784,40626.46696234967
5580,383.3851266406389,42921.04774896071
5581,405.6051912660272,42921.04774896071
5582,400.0055902625569,42921.04774896071
5583,168.13249082212948,54985.92429295705
5584,58.87216688445145,59145.00600875307
5585,56.14986168443231,63971.10797911769
5586,47.72725386623733,69478.34833108584
5587,5.812291070000132,67597.82723529183
5588,0.0,66657.56668739484
5589,0.0,67597.82723529183
5590,0.0,65717.30613949784
5591,0.0,71820.95695234484
5592,0.0,74715.67782653887
5593,0.0,71820.95695234484
5594,0.0,59145.00600875307
5595,0.0,53907.64384812104
5596,0.0,50672.802513612995
5597,0.0,45051.72990795666
5598,0.0,42921.04774896071
5599,0.0,40626.46696234967
5600,47.82738636556714,38331.88617573865
5601,82.82715013858325,42921.04774896071
5602,183.1734557318092,38331.88617573865
5603,330.58593985343606,47346.31069456769
5604,334.71568597403825,56988.44511908106
5605,401.52022730276366,60210.06578752968
5606,400.7904372648644,60210.06578752968
5607,373.0377564211348,63971.10797911769
5608,103.5712724838086,68538.08778318884
5609,74.73598804793191,71820.95695234484
5610,38.85682647990007,73214.71144732714
5611,5.796547658376233,71820.95695234484
5612,0.0,70319.99057313311
5613,0.0,71070.47376273897
5614,0.0,72571.44014195068
5615,0.0,75466.16101614473
5616,0.0,76216.64420575059
5617,0.0,73965.19463693301
5618,0.0,65717.30613949784
5619,0.0,67597.82723529183
5620,0.0,66657.56668739484
5621,0.0,61150.32633542669
5622,0.0,56988.44511908106
5623,0.0,52829.363403285024
5624,43.60849721327573,49594.522068777
5625,162.00168192649917,52829.363403285024
5626,253.2122171420207,47346.31069456769
5627,318.70219192918387,47346.31069456769
5628,371.13465202054783,48493.6010878732
5629,399.6682119194393,50672.802513612995
5630,370.6626648001693,50672.802513612995
5631,338.7001581801357,54985.92429295705
5632,117.9370092403858,49594.522068777
5633,63.29256924692954,45051.72990795666
5634,51.92719382444373,46199.020301262164
5635,4.45975476760028,49594.522068777
5636,0.0,50672.802513612995
5637,0.0,51751.082958449
5638,0.0,52829.363403285024
5639,0.0,55910.164674245054
5640,0.0,56988.44511908106
5641,0.0,55910.164674245054
5642,0.0,48493.6010878732
5643,0.0,46199.020301262164
5644,0.0,39479.176569044146
5645,0.0,36147.57462510378
5646,0.0,30286.658287229413
5647,0.0,28285.369781613776
5648,12.003842686541242,27284.72552880596
5649,65.33563912767008,34289.2352984607
5650,194.45875937718947,36147.57462510378
5651,254.7431165369217,39479.176569044146
5652,381.8369797408481,42921.04774896071
5653,394.9688627259132,45051.72990795666
5654,282.7335038690381,40626.46696234967
5655,368.884657173008,42921.04774896071
5656,56.85092455420602,44068.338142266206
5657,54.15756696953919,45051.72990795666
5658,38.84660637835599,47346.31069456769
5659,5.794861065119633,47346.31069456769
5660,0.0,48493.6010878732
5661,0.0,52829.363403285024
5662,0.0,56988.44511908106
5663,0.0,59145.00600875307
5664,0.0,59145.00600875307
5665,0.0,56988.44511908106
5666,0.0,47346.31069456769
5667,0.0,42921.04774896071
5668,0.0,39479.176569044146
5669,0.0,36147.57462510378
5670,0.0,33288.591045652865
5671,0.0,34289.2352984607
5672,55.88317110793769,34289.2352984607
5673,168.36592310635217,40626.46696234967
5674,251.41273005902283,41773.75735565518
5675,322.2489945907587,40626.46696234967
5676,376.7982481338764,41773.75735565518
5677,405.6032645622282,42921.04774896071
5678,392.9740239301045,40626.46696234967
5679,345.66617702076775,40626.46696234967
5680,58.25957980175446,41773.75735565518
5681,63.72421700291592,42921.04774896071
5682,53.24739366267941,45051.72990795666
5683,4.912197029662015,48493.6010878732
5684,0.0,47346.31069456769
5685,0.0,48493.6010878732
5686,0.0,49594.522068777
5687,0.0,50672.802513612995
5688,0.0,51751.082958449
5689,0.0,52829.363403285024
5690,0.0,47346.31069456769
5691,0.0,47346.31069456769
5692,0.0,45051.72990795666
5693,0.0,39479.176569044146
5694,0.0,39479.176569044146
5695,0.0,40626.46696234967
5696,46.719147157569566,41773.75735565518
5697,155.29083650723632,54985.92429295705
5698,248.0747379427264,59145.00600875307
5699,325.8192657198584,63030.84743122068
5700,369.3355286918015,69478.34833108584
5701,377.79547543791824,68538.08778318884
5702,345.94823639845805,71070.47376273897
5703,295.32677061393133,72571.44014195068
5704,63.08776890735102,76216.64420575059
5705,98.20480052631558,76216.64420575059
5706,48.48244333527133,73965.19463693301
5707,0.4478097522548941,72571.44014195068
5708,0.0,70319.99057313311
5709,0.0,71820.95695234484
5710,0.0,66657.56668739484
5711,0.0,65717.30613949784
5712,0.0,67597.82723529183
5713,0.0,65717.30613949784
5714,0.0,59145.00600875307
5715,0.0,63971.10797911769
5716,0.0,64911.3685270147
5717,0.0,64911.3685270147
5718,0.0,61150.32633542669
5719,0.0,54985.92429295705
5720,53.99640395225301,51751.082958449
5721,91.8407541110458,55910.164674245054
5722,192.67869822258095,63971.10797911769
5723,299.4069004651173,67597.82723529183
5724,326.10601208629214,70319.99057313311
5725,337.1875942936188,65717.30613949784
5726,382.1817333794307,67597.82723529183
5727,344.7391263620814,72571.44014195068
5728,143.44276626845496,71070.47376273897
5729,60.85115231988504,70319.99057313311
5730,9.35704712330272,69478.34833108584
5731,4.025097519346975,64911.3685270147
5732,0.0,63971.10797911769
5733,0.0,64911.3685270147
5734,0.0,64911.3685270147
5735,0.0,66657.56668739484
5736,0.0,68538.08778318884
5737,0.0,72571.44014195068
5738,0.0,68538.08778318884
5739,0.0,63971.10797911769
5740,0.0,60210.06578752968
5741,0.0,54985.92429295705
5742,0.0,50672.802513612995
5743,0.0,47346.31069456769
5744,53.390926130573625,45051.72990795666
5745,159.87056843235226,51751.082958449
5746,248.30194282625484,55910.164674245054
5747,326.0957337376248,60210.06578752968
5748,370.86370219474185,61150.32633542669
5749,354.73809098510924,60210.06578752968
5750,394.6528558394437,51751.082958449
5751,369.1036832125207,53907.64384812104
5752,78.20761712592693,58066.72556391706
5753,102.5099857483469,62090.58688332368
5754,47.59605890080864,63030.84743122068
5755,4.467202874715163,62090.58688332368
5756,0.0,63030.84743122068
5757,0.0,65717.30613949784
5758,0.0,66657.56668739484
5759,0.0,71820.95695234484
5760,0.0,71820.95695234484
5761,0.0,70319.99057313311
5762,0.0,64911.3685270147
5763,0.0,61150.32633542669
5764,0.0,55910.164674245054
5765,0.0,51751.082958449
5766,0.0,45051.72990795666
5767,0.0,40626.46696234967
5768,48.44427470117122,38331.88617573865
5769,162.00391462166405,46199.020301262164
5770,252.71485413700807,49594.522068777
5771,335.41454807985906,53907.64384812104
5772,389.0681641603949,54985.92429295705
5773,397.2202550096888,54985.92429295705
5774,390.8489802503029,54985.92429295705
5775,310.9709565602561,58066.72556391706
5776,135.04627972775876,62090.58688332368
5777,104.1470757186192,67597.82723529183
5778,52.82317516973908,73214.71144732714
5779,4.47086450052042,75466.16101614473
5780,0.0,74715.67782653887
5781,0.0,70319.99057313311
5782,0.0,64911.3685270147
5783,0.0,63971.10797911769
5784,0.0,60210.06578752968
5785,0.0,58066.72556391706
5786,0.0,54985.92429295705
5787,0.0,53907.64384812104
5788,0.0,52829.363403285024
5789,0.0,46199.020301262164
5790,0.0,41773.75735565518
5791,0.0,39479.176569044146
5792,21.31536044919891,40626.46696234967
5793,146.37682795424,48493.6010878732
5794,238.35050392043647,48493.6010878732
5795,316.51037001037935,49594.522068777
5796,365.30616018507567,49594.522068777
5797,381.97278422896176,51751.082958449
5798,364.02104173290434,51751.082958449
5799,292.2539280836817,54985.92429295705
5800,148.45557345741625,56988.44511908106
5801,74.85731442324409,55910.164674245054
5802,47.5959286265901,52829.363403285024
5803,2.234297260973272,46199.020301262164
5804,0.0,42921.04774896071
5805,0.0,41773.75735565518
5806,0.0,42921.04774896071
5807,0.0,45051.72990795666
5808,0.0,47346.31069456769
5809,0.0,48493.6010878732
5810,0.0,45051.72990795666
5811,0.0,45051.72990795666
5812,0.0,46199.020301262164
5813,0.0,45051.72990795666
5814,0.0,44068.338142266206
5815,0.0,42921.04774896071
5816,41.25238957588871,42921.04774896071
5817,141.92084838730227,50672.802513612995
5818,246.96048141177891,46199.020301262164
5819,305.527612803766,44068.338142266206
5820,362.41139961352405,42921.04774896071
5821,388.7029556425031,47346.31069456769
5822,379.12882766971353,53907.64384812104
5823,334.132243890016,60210.06578752968
5824,102.49948043408352,63030.84743122068
5825,74.42806522966347,62090.58688332368
5826,47.59685151965372,61150.32633542669
5827,4.4627340104462325,58066.72556391706
5828,0.0,47182.41206695261
5829,0.0,46362.91892887725
5830,0.0,45379.5271631868
5831,0.0,44560.03402511143
5832,0.0,43576.64225942099
5833,0.0,42757.149121345625
5834,0.0,41937.65598327026
5835,0.0,40954.26421757982
5836,0.0,40134.77107950445
5837,0.0,39151.379313814
5838,0.0,38331.88617573865
5839,0.0,37512.39303766327
5840,46.1590608976546,36576.42216202142
5841,179.17970359726394,35861.676267158684
5842,270.0152846500215,35003.981193323416
5843,340.2740755551154,34289.2352984607
5844,385.4262657405636,44068.338142266206
5845,406.20264214673614,48493.6010878732
5846,392.97069968362695,47346.31069456769
5847,302.5118863915424,53907.64384812104
5848,79.9738178946522,56988.44511908106
5849,29.72162931441616,59145.00600875307
5850,43.77816735269341,60210.06578752968
5851,1.7900264419827283,58066.72556391706
5852,0.0,59145.00600875307
5853,0.0,63971.10797911769
5854,0.0,63030.84743122068
5855,0.0,61150.32633542669
5856,0.0,55910.164674245054
5857,0.0,52829.363403285024
5858,0.0,48493.6010878732
5859,0.0,49594.522068777
5860,0.0,45051.72990795666
5861,0.0,40626.46696234967
5862,0.0,37184.59578243314
5863,0.0,37184.59578243314
5864,70.90721320244292,35146.93037229596
5865,171.3678437112179,47346.31069456769
5866,273.8104549552338,48493.6010878732
5867,347.22644924427,50672.802513612995
5868,382.8304513213102,53907.64384812104
5869,394.9398355111433,54985.92429295705
5870,402.5272726941236,49594.522068777
5871,350.920588927956,50672.802513612995
5872,60.852482900981386,49594.522068777
5873,53.82824156996574,50672.802513612995
5874,38.51491931123633,52829.363403285024
5875,3.5707294062414925,50672.802513612995
5876,0.0,49594.522068777
5877,0.0,52829.363403285024
5878,0.0,58066.72556391706
5879,0.0,63030.84743122068
5880,0.0,63971.10797911769
5881,0.0,63971.10797911769
5882,0.0,56988.44511908106
5883,0.0,58066.72556391706
5884,0.0,58066.72556391706
5885,0.0,56988.44511908106
5886,0.0,51751.082958449
5887,0.0,52829.363403285024
5888,70.9556959496326,54985.92429295705
5889,166.45319227794312,55910.164674245054
5890,273.85489938041474,49594.522068777
5891,346.4371635536709,48493.6010878732
5892,382.4209359790237,58066.72556391706
5893,411.1526722753344,63971.10797911769
5894,357.98201959781244,62090.58688332368
5895,360.3443383360805,63030.84743122068
5896,66.42067652891811,63971.10797911769
5897,79.14203280221494,64911.3685270147
5898,41.08473439567173,65717.30613949784
5899,2.2346282373659734,63971.10797911769
5900,0.0,63971.10797911769
5901,0.0,63971.10797911769
5902,0.0,64911.3685270147
5903,0.0,65717.30613949784
5904,0.0,62090.58688332368
5905,0.0,58066.72556391706
5906,0.0,53907.64384812104
5907,0.0,53907.64384812104
5908,0.0,55910.164674245054
5909,0.0,53907.64384812104
5910,0.0,49594.522068777
5911,0.0,47346.31069456769
5912,0.0,47346.31069456769
5913,0.0,53907.64384812104
5914,269.0017708447655,55910.164674245054
5915,340.1242327410164,55910.164674245054
5916,380.4058147973285,58066.72556391706
5917,402.67870811886337,59145.00600875307
5918,179.60152215415874,56988.44511908106
5919,361.0388556395184,58066.72556391706
5920,97.8617434268272,55910.164674245054
5921,59.42401884741545,55910.164674245054
5922,41.55302103776882,54985.92429295705
5923,2.6763801271014667,53907.64384812104
5924,0.0,53907.64384812104
5925,0.0,56988.44511908106
5926,0.0,58066.72556391706
5927,0.0,60210.06578752968
5928,0.0,63971.10797911769
5929,0.0,65717.30613949784
5930,0.0,56988.44511908106
5931,0.0,55910.164674245054
5932,0.0,54985.92429295705
5933,0.0,53907.64384812104
5934,0.0,52829.363403285024
5935,0.0,52829.363403285024
5936,63.474064347564976,54985.92429295705
5937,152.97588928692358,63030.84743122068
5938,272.4513660549002,63971.10797911769
5939,342.1704188655896,63971.10797911769
5940,387.6163562472956,66657.56668739484
5941,397.0210840873565,70319.99057313311
5942,389.84250673626303,73965.19463693301
5943,311.7893570202111,72571.44014195068
5944,142.48582900565026,64911.3685270147
5945,62.90096139000627,63030.84743122068
5946,45.90188745183189,64911.3685270147
5947,3.124979719495356,70319.99057313311
5948,0.0,68538.08778318884
5949,0.0,65717.30613949784
5950,0.0,65717.30613949784
5951,0.0,63971.10797911769
5952,0.0,64911.3685270147
5953,0.0,63971.10797911769
5954,0.0,64911.3685270147
5955,0.0,67597.82723529183
5956,0.0,64911.3685270147
5957,0.0,60210.06578752968
5958,0.0,55910.164674245054
5959,0.0,49594.522068777
5960,67.03483569371825,48493.6010878732
5961,117.2062977240678,53907.64384812104
5962,240.23524797898128,55910.164674245054
5963,345.48295968564287,56988.44511908106
5964,379.6549366583578,60210.06578752968
5965,406.1386301968945,63030.84743122068
5966,400.4740690729312,62090.58688332368
5967,362.8534079865082,64911.3685270147
5968,62.0579734006545,65717.30613949784
5969,58.94070971732327,63030.84743122068
5970,38.06710442330909,61150.32633542669
5971,2.677670935033001,58066.72556391706
5972,0.0,60210.06578752968
5973,0.0,63971.10797911769
5974,0.0,68538.08778318884
5975,0.0,71070.47376273897
5976,0.0,72571.44014195068
5977,0.0,73965.19463693301
5978,0.0,71070.47376273897
5979,0.0,69478.34833108584
5980,0.0,66657.56668739484
5981,0.0,61150.32633542669
5982,0.0,58066.72556391706
5983,0.0,56988.44511908106
5984,74.82156867980908,56988.44511908106
5985,178.55718344769872,62090.58688332368
5986,269.372724858105,61150.32633542669
5987,330.63492154497135,63030.84743122068
5988,363.2647432011179,65717.30613949784
5989,359.2682919915986,68538.08778318884
5990,374.006523278347,66657.56668739484
5991,321.0239620664911,65717.30613949784
5992,56.67749598380031,64911.3685270147
5993,96.5755147815713,63971.10797911769
5994,52.8801328844965,62090.58688332368
5995,1.7874448261196587,55910.164674245054
5996,0.0,52829.363403285024
5997,0.0,49594.522068777
5998,0.0,48493.6010878732
5999,0.0,48493.6010878732
6000,0.0,48493.6010878732
6001,0.0,47346.31069456769
6002,0.0,45051.72990795666
6003,0.0,45051.72990795666
6004,0.0,45051.72990795666
6005,0.0,39479.176569044146
6006,0.0,35146.93037229596
6007,0.0,33288.591045652865
6008,74.91542072131433,36147.57462510378
6009,161.06057164065453,45051.72990795666
6010,259.0458537558485,39479.176569044146
6011,336.05322628370067,38331.88617573865
6012,384.0869971504943,41773.75735565518
6013,406.5531252520282,45051.72990795666
6014,227.24448070018863,42921.04774896071
6015,274.6669587968965,41773.75735565518
6016,65.25974904020795,40626.46696234967
6017,102.2807892295996,39479.176569044146
6018,45.902280181742185,37184.59578243314
6019,1.7854589677634516,34289.2352984607
6020,0.0,33288.591045652865
6021,0.0,33288.591045652865
6022,0.0,35146.93037229596
6023,0.0,35146.93037229596
6024,0.0,34289.2352984607
6025,0.0,33288.591045652865
6026,0.0,31287.302540037235
6027,0.0,31287.302540037235
6028,0.0,29286.014034421587
6029,0.0,28285.369781613776
6030,0.0,24636.18243735281
6031,0.0,22841.923777145686
6032,21.796645535586894,22841.923777145686
6033,105.51930974024113,38331.88617573865
6034,259.7502195577958,48493.6010878732
6035,345.0825815032942,50672.802513612995
6036,116.49259098715918,50672.802513612995
6037,184.31349516294432,49594.522068777
6038,376.9465184449066,49594.522068777
6039,311.9282447205843,49594.522068777
6040,69.42772217870247,49594.522068777
6041,54.70104513918183,47346.31069456769
6042,0.0,45051.72990795666
6043,1.7873786308411186,42921.04774896071
6044,0.0,41773.75735565518
6045,0.0,46199.020301262164
6046,0.0,47346.31069456769
6047,0.0,46199.020301262164
6048,0.0,45051.72990795666
6049,0.0,44068.338142266206
6050,0.0,40626.46696234967
6051,0.0,41773.75735565518
6052,0.0,45051.72990795666
6053,0.0,52829.363403285024
6054,0.0,59145.00600875307
6055,0.0,54985.92429295705
6056,70.87294718271782,56988.44511908106
6057,160.9273464717355,64911.3685270147
6058,270.04397947652967,67597.82723529183
6059,348.3348989275022,69478.34833108584
6060,365.8916094292373,69478.34833108584
6061,394.6787783798079,68538.08778318884
6062,246.74790929369308,69478.34833108584
6063,353.9783847527477,67597.82723529183
6064,80.02379042039688,65717.30613949784
6065,59.36927467018307,62090.58688332368
6066,50.22599308375414,58066.72556391706
6067,1.785260381927831,55910.164674245054
6068,0.0,53907.64384812104
6069,0.0,51751.082958449
6070,0.0,49594.522068777
6071,0.0,49594.522068777
6072,0.0,48493.6010878732
6073,0.0,48493.6010878732
6074,0.0,42921.04774896071
6075,0.0,41773.75735565518
6076,0.0,39479.176569044146
6077,0.0,37184.59578243314
6078,0.0,32287.946792845047
6079,0.0,28285.369781613776
6080,15.583213949502996,24636.18243735281
6081,180.35723930434756,27284.72552880596
6082,258.8364354626251,26302.279764687988
6083,346.894375560291,30286.658287229413
6084,391.6094781884469,35146.93037229596
6085,413.42697172658063,41773.75735565518
6086,402.0334904568937,39479.176569044146
6087,365.2647765628996,41773.75735565518
6088,63.38495203383651,42921.04774896071
6089,52.49801154585027,41773.75735565518
6090,36.74154546147461,39479.176569044146
6091,1.7880405836265212,37184.59578243314
6092,0.0,38331.88617573865
6093,0.0,38331.88617573865
6094,0.0,38331.88617573865
6095,0.0,36147.57462510378
6096,0.0,35146.93037229596
6097,0.0,36147.57462510378
6098,0.0,36147.57462510378
6099,0.0,42921.04774896071
6100,0.0,44068.338142266206
6101,0.0,40626.46696234967
6102,0.0,35146.93037229596
6103,0.0,28285.369781613776
6104,75.53889700887106,27284.72552880596
6105,169.44244359330347,38331.88617573865
6106,245.79557985062647,42921.04774896071
6107,346.6613252626749,44068.338142266206
6108,389.5723430883504,41773.75735565518
6109,412.7267121795132,42921.04774896071
6110,401.6890278822809,39479.176569044146
6111,365.6803732361815,42921.04774896071
6112,60.86299381681688,45051.72990795666
6113,50.81207200202172,48493.6010878732
6114,36.35664717080556,48493.6010878732
6115,0.0,46199.020301262164
6116,0.0,45051.72990795666
6117,0.0,42921.04774896071
6118,0.0,40626.46696234967
6119,0.0,39479.176569044146
6120,0.0,40626.46696234967
6121,0.0,41773.75735565518
6122,0.0,40626.46696234967
6123,0.0,41773.75735565518
6124,0.0,45051.72990795666
6125,0.0,48493.6010878732
6126,0.0,50672.802513612995
6127,0.0,46199.020301262164
6128,77.97365749736065,40626.46696234967
6129,161.54065458038815,42921.04774896071
6130,255.49494302413035,40626.46696234967
6131,347.26978217459424,39479.176569044146
6132,391.542829830609,44068.338142266206
6133,357.9615185837177,49594.522068777
6134,395.35250549064295,47346.31069456769
6135,366.8661293254364,51751.082958449
6136,69.40208834832877,55910.164674245054
6137,51.65461246499813,61150.32633542669
6138,37.20051567152527,64911.3685270147
6139,0.0,67597.82723529183
6140,0.0,65717.30613949784
6141,0.0,64911.3685270147
6142,0.0,63971.10797911769
6143,0.0,62090.58688332368
6144,0.0,60210.06578752968
6145,0.0,59145.00600875307
6146,0.0,53907.64384812104
6147,0.0,50672.802513612995
6148,0.0,46199.020301262164
6149,0.0,44068.338142266206
6150,0.0,42921.04774896071
6151,0.0,42921.04774896071
6152,64.83521989129747,40626.46696234967
6153,161.54243733403518,44068.338142266206
6154,250.09282860180784,42921.04774896071
6155,347.1394830328579,42921.04774896071
6156,330.387462710723,42921.04774896071
6157,400.17848521428726,44068.338142266206
6158,365.2783459078238,41773.75735565518
6159,355.6532089716471,47346.31069456769
6160,54.85887334186719,50672.802513612995
6161,62.48708329376331,49594.522068777
6162,48.5102744565305,47346.31069456769
6163,0.0,39479.176569044146
6164,0.0,35146.93037229596
6165,0.0,32287.946792845047
6166,0.0,31287.302540037235
6167,0.0,31287.302540037235
6168,0.0,31287.302540037235
6169,0.0,31287.302540037235
6170,0.0,32287.946792845047
6171,0.0,30286.658287229413
6172,0.0,29286.014034421587
6173,0.0,26302.279764687988
6174,0.0,27284.72552880596
6175,0.0,29286.014034421587
6176,67.23512986797003,32287.946792845047
6177,73.56380413523213,46199.020301262164
6178,257.23268278987393,51751.082958449
6179,349.0442516283926,55910.164674245054
6180,391.1544759491081,58066.72556391706
6181,412.01156244807686,54985.92429295705
6182,401.8223097233244,49594.522068777
6183,362.4287667902767,46199.020301262164
6184,60.797324745173306,45051.72990795666
6185,50.77183415232371,46199.020301262164
6186,37.19154234937844,45051.72990795666
6187,0.0,42921.04774896071
6188,0.0,40626.46696234967
6189,0.0,40626.46696234967
6190,0.0,42921.04774896071
6191,0.0,44068.338142266206
6192,0.0,44068.338142266206
6193,0.0,45051.72990795666
6194,0.0,27284.72552880596
6195,0.0,27284.72552880596
6196,0.0,25405.150434584437
6197,0.0,23739.053107249252
6198,0.0,20150.53578683501
6199,0.0,16031.820095010358
6200,28.433695509171063,15298.58939252187
6201,139.57956788838754,16660.303554286198
6202,210.16342275269488,17459.147796524325
6203,279.7366405293712,20150.53578683501
6204,391.5481493885311,25405.150434584437
6205,409.376166839966,31287.302540037235
6206,388.429057117465,29286.014034421587
6207,349.36462142062265,36147.57462510378
6208,122.86856625184528,40626.46696234967
6209,64.03024135063663,42921.04774896071
6210,26.5565526016162,41773.75735565518
6211,0.0,40626.46696234967
6212,0.0,38331.88617573865
6213,0.0,37184.59578243314
6214,0.0,37184.59578243314
6215,0.0,35146.93037229596
6216,0.0,34289.2352984607
6217,0.0,31287.302540037235
6218,0.0,26302.279764687988
6219,0.0,28285.369781613776
6220,0.0,30286.658287229413
6221,0.0,34289.2352984607
6222,0.0,33288.591045652865
6223,0.0,27284.72552880596
6224,18.23044293248172,26302.279764687988
6225,158.2940006068252,35146.93037229596
6226,185.3088885042509,36147.57462510378
6227,315.06352010427645,36147.57462510378
6228,386.43917105525713,36147.57462510378
6229,406.0512226563536,37184.59578243314
6230,388.47469656074105,35146.93037229596
6231,352.7552065399803,38331.88617573865
6232,61.14495095596836,41773.75735565518
6233,51.15871726229632,44068.338142266206
6234,42.37257479337416,45051.72990795666
6235,0.0,47346.31069456769
6236,0.0,48493.6010878732
6237,0.0,49594.522068777
6238,0.0,51751.082958449
6239,0.0,53907.64384812104
6240,0.0,51751.082958449
6241,0.0,45051.72990795666
6242,0.0,31287.302540037235
6243,0.0,22841.923777145686
6244,0.0,21047.66511693857
6245,0.0,21944.794447042124
6246,0.0,22841.923777145686
6247,0.0,21944.794447042124
6248,66.25574995489302,22841.923777145686
6249,155.64417356387875,28285.369781613776
6250,248.54910459903545,29286.014034421587
6251,345.4153175683606,29286.014034421587
6252,388.1656613230695,32287.946792845047
6253,391.19001554281226,35146.93037229596
6254,384.8475402931034,36147.57462510378
6255,357.4926274855404,35146.93037229596
6256,61.16212526319088,34289.2352984607
6257,55.89687133537064,31287.302540037235
6258,44.97125995427285,30286.658287229413
6259,0.0,25405.150434584437
6260,0.0,21047.66511693857
6261,0.0,21944.794447042124
6262,0.0,25405.150434584437
6263,0.0,27284.72552880596
6264,0.0,27284.72552880596
6265,0.0,30286.658287229413
6266,0.0,24636.18243735281
6267,0.0,21944.794447042124
6268,0.0,16660.303554286198
6269,0.0,13098.897285056406
6270,0.0,13098.897285056406
6271,0.0,14565.358690033374
6272,76.11272317842015,16660.303554286198
6273,144.99351228973134,26302.279764687988
6274,254.03915020101311,27284.72552880596
6275,343.6160994719091,26302.279764687988
6276,384.2583175311408,25405.150434584437
6277,399.6313166031968,27284.72552880596
6278,370.6170942683327,25405.150434584437
6279,352.0694466052068,28285.369781613776
6280,60.66468145498039,30286.658287229413
6281,51.53127421247553,32287.946792845047
6282,35.83063969398469,32287.946792845047
6283,0.0,30286.658287229413
6284,0.0,31287.302540037235
6285,0.0,31287.302540037235
6286,0.0,32287.946792845047
6287,0.0,32287.946792845047
6288,0.0,30286.658287229413
6289,0.0,25405.150434584437
6290,0.0,19253.406456731438
6291,0.0,18356.277126627883
6292,0.0,18356.277126627883
6293,0.0,19253.406456731438
6294,0.0,21047.66511693857
6295,0.0,23739.053107249252
6296,76.97890623309421,29286.014034421587
6297,153.113617283146,38331.88617573865
6298,254.7825734452332,42921.04774896071
6299,347.2827420421269,46199.020301262164
6300,389.9885247969199,48493.6010878732
6301,407.1343225021337,51751.082958449
6302,384.9720018638709,49594.522068777
6303,327.6202197720058,51751.082958449
6304,147.58088278746789,54985.92429295705
6305,51.538394224876114,56988.44511908106
6306,37.09351086968859,56988.44511908106
6307,0.0,58066.72556391706
6308,0.0,55910.164674245054
6309,0.0,53907.64384812104
6310,0.0,49594.522068777
6311,0.0,47346.31069456769
6312,0.0,45051.72990795666
6313,0.0,42921.04774896071
6314,0.0,34289.2352984607
6315,0.0,32287.946792845047
6316,0.0,32287.946792845047
6317,0.0,32287.946792845047
6318,0.0,32287.946792845047
6319,0.0,30286.658287229413
6320,79.13598454032807,33288.591045652865
6321,157.22200181792584,39479.176569044146
6322,274.3774879704431,41773.75735565518
6323,338.38527103847065,44068.338142266206
6324,389.3615725402509,44068.338142266206
6325,410.1946248797992,45051.72990795666
6326,366.5522087840202,48493.6010878732
6327,350.4126234161585,50672.802513612995
6328,74.88327541074754,51751.082958449
6329,55.45037400607988,51751.082958449
6330,41.03219124657127,51751.082958449
6331,0.0,48493.6010878732
6332,0.0,46199.020301262164
6333,0.0,42921.04774896071
6334,0.0,44068.338142266206
6335,0.0,42921.04774896071
6336,0.0,40626.46696234967
6337,0.0,40626.46696234967
6338,0.0,38331.88617573865
6339,0.0,35146.93037229596
6340,0.0,32287.946792845047
6341,0.0,30286.658287229413
6342,0.0,29286.014034421587
6343,0.0,30286.658287229413
6344,76.29886154839124,30286.658287229413
6345,136.56946592779678,36147.57462510378
6346,244.3371210284747,34289.2352984607
6347,347.40551652384585,33288.591045652865
6348,332.3959203132476,33288.591045652865
6349,307.4243591220811,32287.946792845047
6350,263.15208070609555,27284.72552880596
6351,234.41468741324763,28285.369781613776
6352,133.14787546080754,28285.369781613776
6353,58.76965974128744,27284.72552880596
6354,34.89406531927983,27284.72552880596
6355,0.0,26302.279764687988
6356,0.0,27284.72552880596
6357,0.0,31287.302540037235
6358,0.0,34289.2352984607
6359,0.0,39479.176569044146
6360,0.0,41773.75735565518
6361,0.0,41773.75735565518
6362,0.0,38331.88617573865
6363,0.0,34289.2352984607
6364,0.0,28285.369781613776
6365,0.0,24636.18243735281
6366,0.0,22841.923777145686
6367,0.0,22841.923777145686
6368,76.31981136387643,23739.053107249252
6369,133.72447635390262,25405.150434584437
6370,252.36850096084865,25405.150434584437
6371,348.4106872486332,26302.279764687988
6372,389.9375149654934,30286.658287229413
6373,403.1436560705778,33288.591045652865
6374,388.1707153728183,32287.946792845047
6375,350.4905720098,36147.57462510378
6376,83.90614615697785,39479.176569044146
6377,101.41851739412444,40626.46696234967
6378,34.85145427984982,42921.04774896071
6379,0.0,44068.338142266206
6380,0.0,50672.802513612995
6381,0.0,49594.522068777
6382,0.0,46199.020301262164
6383,0.0,44068.338142266206
6384,0.0,41773.75735565518
6385,0.0,39479.176569044146
6386,0.0,29286.014034421587
6387,0.0,28285.369781613776
6388,0.0,26302.279764687988
6389,0.0,23739.053107249252
6390,0.0,21047.66511693857
6391,0.0,17459.147796524325
6392,81.79674392306298,19253.406456731438
6393,132.44092312428018,25405.150434584437
6394,235.41959304712577,29286.014034421587
6395,343.2121621628648,34289.2352984607
6396,354.6013183509709,38331.88617573865
6397,410.86329261517415,40626.46696234967
6398,393.5260018484478,36147.57462510378
6399,329.87461535749776,38331.88617573865
6400,66.67632883652139,40626.46696234967
6401,51.55068847551495,40626.46696234967
6402,37.57163083324697,40626.46696234967
6403,0.0,38331.88617573865
6404,0.0,39479.176569044146
6405,0.0,42921.04774896071
6406,0.0,44068.338142266206
6407,0.0,42921.04774896071
6408,0.0,42921.04774896071
6409,0.0,42921.04774896071
6410,0.0,34289.2352984607
6411,0.0,36147.57462510378
6412,0.0,38331.88617573865
6413,0.0,39479.176569044146
6414,0.0,37184.59578243314
6415,0.0,34289.2352984607
6416,84.15357319095656,31287.302540037235
6417,142.8914519031554,33288.591045652865
6418,240.37060545633184,32287.946792845047
6419,319.1905495930065,34289.2352984607
6420,389.3827572096405,31287.302540037235
6421,412.5202823346899,28285.369781613776
6422,383.5265583607467,24636.18243735281
6423,346.2437213592382,25405.150434584437
6424,62.33897956813002,25405.150434584437
6425,51.4877828270856,23739.053107249252
6426,34.4717753230562,26302.279764687988
6427,0.0,28285.369781613776
6428,0.0,28285.369781613776
6429,0.0,28285.369781613776
6430,0.0,30286.658287229413
6431,0.0,30286.658287229413
6432,0.0,31287.302540037235
6433,0.0,30286.658287229413
6434,0.0,22841.923777145686
6435,0.0,21047.66511693857
6436,0.0,18356.277126627883
6437,0.0,16031.820095010358
6438,0.0,14565.358690033374
6439,0.0,13832.127987544893
6440,85.46863480982397,10899.205177590942
6441,123.9463950451316,15298.58939252187
6442,209.3849819703832,17459.147796524325
6443,346.9179181315367,21047.66511693857
6444,395.10983116057713,25405.150434584437
6445,409.2590568425244,35146.93037229596
6446,383.4017903649239,41773.75735565518
6447,347.11953835583176,50672.802513612995
6448,145.2106138555253,53907.64384812104
6449,69.5820233634315,55910.164674245054
6450,43.643271511503706,54985.92429295705
6451,0.0,51751.082958449
6452,0.0,49594.522068777
6453,0.0,51751.082958449
6454,0.0,48493.6010878732
6455,0.0,49594.522068777
6456,0.0,50672.802513612995
6457,0.0,45051.72990795666
6458,0.0,37184.59578243314
6459,0.0,37184.59578243314
6460,0.0,37184.59578243314
6461,0.0,40626.46696234967
6462,0.0,36147.57462510378
6463,0.0,32287.946792845047
6464,42.42915107461919,32287.946792845047
6465,20.423575600810175,35146.93037229596
6466,254.95627674045647,36147.57462510378
6467,340.89787099537494,39479.176569044146
6468,392.1564684796168,49594.522068777
6469,405.7521487347325,58066.72556391706
6470,387.9528563396466,60210.06578752968
6471,340.84557988310604,60210.06578752968
6472,93.03288476354363,61150.32633542669
6473,74.7246835438245,59145.00600875307
6474,41.02441038877097,60210.06578752968
6475,0.0,56988.44511908106
6476,0.0,51751.082958449
6477,0.0,54985.92429295705
6478,0.0,51751.082958449
6479,0.0,50672.802513612995
6480,0.0,48493.6010878732
6481,0.0,44068.338142266206
6482,0.0,39479.176569044146
6483,0.0,37184.59578243314
6484,0.0,35146.93037229596
6485,0.0,35146.93037229596
6486,0.0,34289.2352984607
6487,0.0,35146.93037229596
6488,47.57170263878922,37184.59578243314
6489,139.31902053846548,42921.04774896071
6490,265.2787163310032,49594.522068777
6491,241.46777194917635,53907.64384812104
6492,383.9253601144383,58066.72556391706
6493,394.616293252489,58066.72556391706
6494,395.2178694633109,54985.92429295705
6495,284.3847913449602,53907.64384812104
6496,61.22795665795448,52829.363403285024
6497,99.72342634492288,53907.64384812104
6498,47.55158199509162,53907.64384812104
6499,0.0,54985.92429295705
6500,0.0,55910.164674245054
6501,0.0,58066.72556391706
6502,0.0,62090.58688332368
6503,0.0,62090.58688332368
6504,0.0,58066.72556391706
6505,0.0,52829.363403285024
6506,0.0,41773.75735565518
6507,0.0,38331.88617573865
6508,0.0,35146.93037229596
6509,0.0,33288.591045652865
6510,0.0,33288.591045652865
6511,0.0,33288.591045652865
6512,83.58147980841173,34289.2352984607
6513,154.97623099624516,40626.46696234967
6514,238.36906479583985,41773.75735565518
6515,347.23596345899034,44068.338142266206
6516,338.5798652699757,44068.338142266206
6517,319.18345612543715,48493.6010878732
6518,394.90903497840105,47346.31069456769
6519,345.89098733823727,51751.082958449
6520,137.1667346325833,53907.64384812104
6521,59.7791029119508,51751.082958449
6522,34.48129491497731,47346.31069456769
6523,0.0,42921.04774896071
6524,0.0,45051.72990795666
6525,0.0,52829.363403285024
6526,0.0,53907.64384812104
6527,0.0,52829.363403285024
6528,0.0,51751.082958449
6529,0.0,51751.082958449
6530,0.0,46199.020301262164
6531,0.0,45051.72990795666
6532,0.0,46199.020301262164
6533,0.0,48493.6010878732
6534,0.0,48493.6010878732
6535,0.0,50672.802513612995
6536,82.3433380761353,53907.64384812104
6537,161.99125144544382,56988.44511908106
6538,258.40652762927203,58066.72556391706
6539,355.31983586863134,56988.44511908106
6540,393.77619426244286,56988.44511908106
6541,395.5117472471015,59145.00600875307
6542,385.1177842473905,52829.363403285024
6543,326.1689214207929,54985.92429295705
6544,60.67945418976456,52829.363403285024
6545,51.077548193137865,50672.802513612995
6546,37.07091255000906,45051.72990795666
6547,0.0,41773.75735565518
6548,0.0,48657.49971548826
6549,0.0,47346.31069456769
6550,0.0,46035.121673647096
6551,0.0,44723.93265272652
6552,0.0,43412.743631805926
6553,0.0,42101.554610885316
6554,0.0,40626.46696234967
6555,0.0,39315.27794142909
6556,0.0,38004.0889205085
6557,0.0,36719.37134099396
6558,0.0,35575.7779092136
6559,0.0,34432.184477433235
6560,61.7877311283253,33288.591045652865
6561,193.20502592836263,32144.9976138725
6562,259.65073978888256,30858.4550031196
6563,350.2253784681494,29714.861571339232
6564,390.430397027195,36147.57462510378
6565,393.4713957708301,39479.176569044146
6566,382.8365654926682,36147.57462510378
6567,326.59155543910936,39479.176569044146
6568,77.44978181407821,39479.176569044146
6569,76.45202333483927,39479.176569044146
6570,41.04090878119238,41773.75735565518
6571,0.0,39479.176569044146
6572,0.0,38331.88617573865
6573,0.0,38331.88617573865
6574,0.0,38331.88617573865
6575,0.0,39479.176569044146
6576,0.0,39479.176569044146
6577,0.0,41773.75735565518
6578,0.0,37184.59578243314
6579,0.0,36147.57462510378
6580,0.0,37184.59578243314
6581,0.0,38331.88617573865
6582,0.0,41773.75735565518
6583,0.0,41773.75735565518
6584,33.58811639292836,44068.338142266206
6585,184.35394613827373,49594.522068777
6586,270.165609175973,48493.6010878732
6587,342.3468594817282,47346.31069456769
6588,390.3192624389181,47346.31069456769
6589,402.7653235816147,49594.522068777
6590,381.7175298881348,47346.31069456769
6591,302.10627889944897,46199.020301262164
6592,86.32207693995366,46199.020301262164
6593,58.000784614129024,47346.31069456769
6594,35.81191291153817,46199.020301262164
6595,0.0,41773.75735565518
6596,0.0,40626.46696234967
6597,0.0,40626.46696234967
6598,0.0,41773.75735565518
6599,0.0,42921.04774896071
6600,0.0,41773.75735565518
6601,0.0,37184.59578243314
6602,0.0,30286.658287229413
6603,0.0,26302.279764687988
6604,0.0,23739.053107249252
6605,0.0,19253.406456731438
6606,0.0,20150.53578683501
6607,0.0,21047.66511693857
6608,67.95980901283195,21944.794447042124
6609,170.1503928014915,34289.2352984607
6610,252.52929403120632,32287.946792845047
6611,293.1513363334205,28285.369781613776
6612,381.0719992651501,30286.658287229413
6613,402.0146362405077,36147.57462510378
6614,385.0552810255011,38331.88617573865
6615,329.8248976183706,40626.46696234967
6616,71.92756986523553,38331.88617573865
6617,56.78792848494989,36147.57462510378
6618,35.80923370025336,35146.93037229596
6619,0.0,35146.93037229596
6620,0.0,33288.591045652865
6621,0.0,30286.658287229413
6622,0.0,28285.369781613776
6623,0.0,27284.72552880596
6624,0.0,24636.18243735281
6625,0.0,21944.794447042124
6626,0.0,19253.406456731438
6627,0.0,21944.794447042124
6628,0.0,22841.923777145686
6629,0.0,21944.794447042124
6630,0.0,21944.794447042124
6631,0.0,16031.820095010358
6632,64.95786329414524,10165.974475102461
6633,142.67024919743125,7859.636825118987
6634,221.2315223221771,6755.477649606911
6635,346.373735624866,10899.205177590942
6636,398.8351876711481,18356.277126627883
6637,409.0313908561061,24636.18243735281
6638,391.4088846103862,26302.279764687988
6639,347.36016923929583,31287.302540037235
6640,49.49801142690235,34289.2352984607
6641,49.81001600812598,37184.59578243314
6642,31.8920949306737,37184.59578243314
6643,0.0,36147.57462510378
6644,0.0,36147.57462510378
6645,0.0,35146.93037229596
6646,0.0,36147.57462510378
6647,0.0,36147.57462510378
6648,0.0,32287.946792845047
6649,0.0,30286.658287229413
6650,0.0,26302.279764687988
6651,0.0,22841.923777145686
6652,0.0,19253.406456731438
6653,0.0,16031.820095010358
6654,0.0,16660.303554286198
6655,0.0,16660.303554286198
6656,72.17326198003478,18356.277126627883
6657,181.8351894320433,23739.053107249252
6658,245.16540233783283,27284.72552880596
6659,324.97200162900407,34289.2352984607
6660,386.4761803558104,38331.88617573865
6661,403.47168630970646,39479.176569044146
6662,374.3724439590472,38331.88617573865
6663,333.6596076680214,45051.72990795666
6664,77.33312471491277,51751.082958449
6665,59.247308102632125,56988.44511908106
6666,39.27226076058545,55910.164674245054
6667,0.0,54985.92429295705
6668,0.0,50672.802513612995
6669,0.0,48493.6010878732
6670,0.0,46199.020301262164
6671,0.0,40626.46696234967
6672,0.0,39479.176569044146
6673,0.0,38331.88617573865
6674,0.0,37184.59578243314
6675,0.0,39479.176569044146
6676,0.0,39479.176569044146
6677,0.0,37184.59578243314
6678,0.0,35146.93037229596
6679,0.0,36147.57462510378
6680,70.72790424673833,37184.59578243314
6681,180.14750061042716,45051.72990795666
6682,274.8433350434972,47346.31069456769
6683,353.0815584083977,50672.802513612995
6684,384.9895075995458,55910.164674245054
6685,387.44136831373766,63030.84743122068
6686,378.5370077380597,61150.32633542669
6687,326.05902671657964,59145.00600875307
6688,69.37256366938715,53907.64384812104
6689,68.76231823711433,51751.082958449
6690,38.8683157228929,46199.020301262164
6691,0.0,40626.46696234967
6692,0.0,38331.88617573865
6693,0.0,37184.59578243314
6694,0.0,36147.57462510378
6695,0.0,35146.93037229596
6696,0.0,34289.2352984607
6697,0.0,32287.946792845047
6698,0.0,27284.72552880596
6699,0.0,28285.369781613776
6700,0.0,29286.014034421587
6701,0.0,31287.302540037235
6702,0.0,32287.946792845047
6703,0.0,32287.946792845047
6704,64.11637857813615,33288.591045652865
6705,172.94085599836632,41773.75735565518
6706,265.0441383205336,42921.04774896071
6707,317.5362374482661,44068.338142266206
6708,340.1119228596324,46199.020301262164
6709,354.1700864920313,49594.522068777
6710,342.1198612987621,49594.522068777
6711,296.63604488252963,53907.64384812104
6712,90.47459155861648,51751.082958449
6713,78.86711985533871,48493.6010878732
6714,45.75794616612474,45051.72990795666
6715,0.0,39479.176569044146
6716,0.0,36147.57462510378
6717,0.0,38331.88617573865
6718,0.0,39479.176569044146
6719,0.0,39479.176569044146
6720,0.0,36147.57462510378
6721,0.0,34289.2352984607
6722,0.0,27284.72552880596
6723,0.0,28285.369781613776
6724,0.0,30286.658287229413
6725,0.0,31287.302540037235
6726,0.0,30286.658287229413
6727,0.0,30286.658287229413
6728,62.24115099186513,31287.302540037235
6729,184.1308791297308,36147.57462510378
6730,267.820070032251,36147.57462510378
6731,344.4097474753904,35146.93037229596
6732,373.15002000356594,35146.93037229596
6733,385.3245562987213,39479.176569044146
6734,340.74480681096594,45051.72990795666
6735,300.08107481807303,48493.6010878732
6736,109.32264929730508,47346.31069456769
6737,63.56881148812942,46199.020301262164
6738,39.24746906950676,47346.31069456769
6739,0.0,51751.082958449
6740,0.0,54985.92429295705
6741,0.0,55910.164674245054
6742,0.0,48493.6010878732
6743,0.0,42921.04774896071
6744,0.0,41773.75735565518
6745,0.0,40626.46696234967
6746,0.0,38331.88617573865
6747,0.0,37184.59578243314
6748,0.0,38331.88617573865
6749,0.0,36147.57462510378
6750,0.0,38331.88617573865
6751,0.0,41773.75735565518
6752,66.15982204565823,45051.72990795666
6753,188.70330215221767,51751.082958449
6754,270.67449126513105,50672.802513612995
6755,346.52912076306023,48493.6010878732
6756,381.71093258294366,47346.31069456769
6757,353.1636431017824,47346.31069456769
6758,335.0791938189845,45051.72990795666
6759,328.64055789436617,47346.31069456769
6760,74.42331088198372,49594.522068777
6761,95.82875363902636,49594.522068777
6762,39.27630395390547,48493.6010878732
6763,0.0,45051.72990795666
6764,0.0,46199.020301262164
6765,0.0,48493.6010878732
6766,0.0,51751.082958449
6767,0.0,52829.363403285024
6768,0.0,53907.64384812104
6769,0.0,51751.082958449
6770,0.0,46199.020301262164
6771,0.0,41773.75735565518
6772,0.0,38331.88617573865
6773,0.0,38331.88617573865
6774,0.0,33288.591045652865
6775,0.0,25405.150434584437
6776,63.15469205466128,26302.279764687988
6777,187.87332006118973,35146.93037229596
6778,277.7923679641706,38331.88617573865
6779,352.644343029966,38331.88617573865
6780,387.0514052207068,39479.176569044146
6781,369.5672606538992,39479.176569044146
6782,363.7390766244048,35146.93037229596
6783,260.3981175011558,39479.176569044146
6784,74.386574887842,47346.31069456769
6785,50.22299744428165,49594.522068777
6786,36.67565354600049,51751.082958449
6787,0.0,47346.31069456769
6788,0.0,45051.72990795666
6789,0.0,42921.04774896071
6790,0.0,40626.46696234967
6791,0.0,36147.57462510378
6792,0.0,32287.946792845047
6793,0.0,30286.658287229413
6794,0.0,28285.369781613776
6795,0.0,33288.591045652865
6796,0.0,33288.591045652865
6797,0.0,27284.72552880596
6798,0.0,21047.66511693857
6799,0.0,14565.358690033374
6800,68.20738820117452,16031.820095010358
6801,180.47577780022831,24636.18243735281
6802,259.56797058589694,28285.369781613776
6803,351.92061996473484,29286.014034421587
6804,358.22121213262113,30286.658287229413
6805,359.0536493577987,33288.591045652865
6806,359.56071768175656,32287.946792845047
6807,324.9417814320456,35146.93037229596
6808,58.51933159561854,39479.176569044146
6809,49.340763506688056,45051.72990795666
6810,32.2996760548348,50672.802513612995
6811,0.0,49594.522068777
6812,0.0,46199.020301262164
6813,0.0,44068.338142266206
6814,0.0,45051.72990795666
6815,0.0,46199.020301262164
6816,0.0,44068.338142266206
6817,0.0,41773.75735565518
6818,0.0,35146.93037229596
6819,0.0,30286.658287229413
6820,0.0,26302.279764687988
6821,0.0,22841.923777145686
6822,0.0,21047.66511693857
6823,0.0,21047.66511693857
6824,81.02759313555357,23739.053107249252
6825,168.07783820695693,27284.72552880596
6826,272.9970772217122,31287.302540037235
6827,345.2013773569404,38331.88617573865
6828,365.9691078655691,42921.04774896071
6829,361.3798812178019,46199.020301262164
6830,363.1919353789917,44068.338142266206
6831,314.05000061234057,45051.72990795666
6832,62.03796646394264,49594.522068777
6833,75.96358607270056,49594.522068777
6834,37.10910312247138,53907.64384812104
6835,0.0,49594.522068777
6836,0.0,49594.522068777
6837,0.0,47346.31069456769
6838,0.0,47346.31069456769
6839,0.0,47346.31069456769
6840,0.0,45051.72990795666
6841,0.0,41773.75735565518
6842,0.0,35146.93037229596
6843,0.0,33288.591045652865
6844,0.0,31287.302540037235
6845,0.0,29286.014034421587
6846,0.0,27284.72552880596
6847,0.0,27284.72552880596
6848,57.150656068475065,28285.369781613776
6849,183.4178025428133,34289.2352984607
6850,276.5851200067991,32287.946792845047
6851,342.7923817086242,31287.302540037235
6852,370.689972095408,33288.591045652865
6853,378.6033717681898,37184.59578243314
6854,368.0114538993581,38331.88617573865
6855,298.1434526844135,42921.04774896071
6856,81.09827231991044,47346.31069456769
6857,65.21611178705842,49594.522068777
6858,39.70600460842862,51751.082958449
6859,0.0,51751.082958449
6860,0.0,50672.802513612995
6861,0.0,47346.31069456769
6862,0.0,44068.338142266206
6863,0.0,41773.75735565518
6864,0.0,39479.176569044146
6865,0.0,35146.93037229596
6866,0.0,28285.369781613776
6867,0.0,20150.53578683501
6868,0.0,14565.358690033374
6869,0.0,18356.277126627883
6870,0.0,22841.923777145686
6871,0.0,24636.18243735281
6872,67.7729907740471,25405.150434584437
6873,175.8274883600154,32287.946792845047
6874,268.44168143515617,31287.302540037235
6875,355.58711786767014,30286.658287229413
6876,393.3802148073891,31287.302540037235
6877,401.078624128702,32287.946792845047
6878,374.8119252277491,32287.946792845047
6879,310.92271185547736,37184.59578243314
6880,103.81781286372345,47346.31069456769
6881,90.66152744385867,52829.363403285024
6882,37.06811336046226,52829.363403285024
6883,0.0,51751.082958449
6884,0.0,44068.338142266206
6885,0.0,35146.93037229596
6886,0.0,31287.302540037235
6887,0.0,26302.279764687988
6888,0.0,22841.923777145686
6889,0.0,17459.147796524325
6890,0.0,10165.974475102461
6891,0.0,8411.716412875021
6892,0.0,9537.491015826612
6893,0.0,10165.974475102461
6894,0.0,10899.205177590942
6895,0.0,10165.974475102461
6896,75.04096846114446,11632.435880079429
6897,189.22160894984347,14565.358690033374
6898,261.4410666803592,16660.303554286198
6899,338.4091589672268,18356.277126627883
6900,374.2413437623292,19253.406456731438
6901,390.3184538788913,21047.66511693857
6902,373.6147478196358,21944.794447042124
6903,318.57136645357326,28285.369781613776
6904,61.86833098358186,34289.2352984607
6905,52.74496281409812,40626.46696234967
6906,30.978664767360872,45051.72990795666
6907,0.0,47346.31069456769
6908,0.0,55910.164674245054
6909,0.0,59145.00600875307
6910,0.0,51751.082958449
6911,0.0,40626.46696234967
6912,0.0,27284.72552880596
6913,0.0,19253.406456731438
6914,0.0,11632.435880079429
6915,0.0,8963.796000631059
6916,0.0,6203.398061850872
6917,0.0,4547.159298582758
6918,0.0,2974.3365713035414
6919,0.0,2042.702266965229
6920,73.8431682704573,3284.881339416314
6921,189.12870218988664,8411.716412875021
6922,262.314637610056,13832.127987544893
6923,355.0024628170797,19253.406456731438
6924,383.7255226546549,26302.279764687988
6925,396.6215588600565,29286.014034421587
6926,366.301410943484,28285.369781613776
6927,321.0557471782903,31287.302540037235
6928,56.778756831958994,36147.57462510378
6929,52.762247565305024,36147.57462510378
6930,34.44394514782579,35146.93037229596
6931,0.0,34289.2352984607
6932,0.0,37184.59578243314
6933,0.0,32287.946792845047
6934,0.0,29286.014034421587
6935,0.0,24636.18243735281
6936,0.0,16031.820095010358
6937,0.0,9537.491015826612
6938,0.0,4073.948223363301
6939,0.0,2353.2470350780004
6940,0.0,1421.6127307396875
6941,0.0,1732.1574988524587
6942,0.0,2042.702266965229
6943,0.0,2042.702266965229
6944,73.01288312745484,2353.2470350780004
6945,177.87528712588414,3595.426107529084
6946,238.2148329295923,3595.426107529084
6947,348.66406353830166,5651.3184740948345
6948,390.34883205294017,9537.491015826612
6949,391.1766256183508,16660.303554286198
6950,352.9108216552154,15298.58939252187
6951,311.0078762795655,22841.923777145686
6952,60.15525066720696,18356.277126627883
6953,47.956740772467874,24636.18243735281
6954,34.86742775654619,24636.18243735281
6955,0.0,24636.18243735281
6956,0.0,25405.150434584437
6957,0.0,30286.658287229413
6958,0.0,31287.302540037235
6959,0.0,27284.72552880596
6960,0.0,21944.794447042124
6961,0.0,16031.820095010358
6962,0.0,13832.127987544893
6963,0.0,13832.127987544893
6964,0.0,11632.435880079429
6965,0.0,8963.796000631059
6966,0.0,9537.491015826612
6967,0.0,11632.435880079429
6968,59.99619841215765,16660.303554286198
6969,204.39792372294943,25405.150434584437
6970,281.68408500438983,27284.72552880596
6971,307.49287503917657,25405.150434584437
6972,382.0940111785746,25405.150434584437
6973,392.5991760110223,27284.72552880596
6974,370.9282207723828,30286.658287229413
6975,314.8911203275177,37184.59578243314
6976,63.65029632772962,40626.46696234967
6977,57.4897787193879,38331.88617573865
6978,40.06134282921496,36147.57462510378
6979,0.0,31287.302540037235
6980,0.0,28285.369781613776
6981,0.0,28285.369781613776
6982,0.0,29286.014034421587
6983,0.0,27284.72552880596
6984,0.0,21047.66511693857
6985,0.0,13832.127987544893
6986,0.0,9537.491015826612
6987,0.0,6203.398061850872
6988,0.0,3595.426107529084
6989,0.0,1732.1574988524587
6990,0.0,844.8867328159685
6991,0.0,418.58294397089287
6992,63.87267598091837,2042.702266965229
6993,175.8064597098614,7307.557237362945
6994,285.1413540824369,12365.666582567917
6995,352.0056713462087,17459.147796524325
6996,392.4751360218413,20150.53578683501
6997,397.5724384831019,21944.794447042124
6998,377.514277796652,19253.406456731438
6999,317.3699020628149,23739.053107249252
7000,59.77927083028812,28285.369781613776
7001,51.02114970451997,30286.658287229413
7002,31.85615645560398,29286.014034421587
7003,0.0,27284.72552880596
7004,0.0,27284.72552880596
7005,0.0,29286.014034421587
7006,0.0,30286.658287229413
7007,0.0,25405.150434584437
7008,0.0,16031.820095010358
7009,0.0,8963.796000631059
7010,0.0,9537.491015826612
7011,0.0,10899.205177590942
7012,0.0,13098.897285056406
7013,0.0,12365.666582567917
7014,0.0,13098.897285056406
7015,0.0,13098.897285056406
7016,68.71116231842645,13098.897285056406
7017,196.679938509502,13098.897285056406
7018,279.18030007395885,9537.491015826612
7019,352.49073739806795,5651.3184740948345
7020,384.0707578045786,5651.3184740948345
7021,397.2055611896962,10899.205177590942
7022,374.7076288426698,16660.303554286198
7023,318.50180390767053,32287.946792845047
7024,51.073539809746094,40626.46696234967
7025,47.90797663620624,37184.59578243314
7026,31.76963435043083,33288.591045652865
7027,0.0,29286.014034421587
7028,0.0,25405.150434584437
7029,0.0,23739.053107249252
7030,0.0,22841.923777145686
7031,0.0,21944.794447042124
7032,0.0,22841.923777145686
7033,0.0,21047.66511693857
7034,0.0,12365.666582567917
7035,0.0,11632.435880079429
7036,0.0,13098.897285056406
7037,0.0,13098.897285056406
7038,0.0,16031.820095010358
7039,0.0,20150.53578683501
7040,64.96087818569075,28285.369781613776
7041,202.43101635025576,31287.302540037235
7042,288.6265166106704,32287.946792845047
7043,327.9047371956313,35146.93037229596
7044,390.3533405051949,38331.88617573865
7045,393.4834905423565,39479.176569044146
7046,372.479898165614,32287.946792845047
7047,310.6295807379716,36147.57462510378
7048,93.59077001557492,40626.46696234967
7049,56.97409838487992,41773.75735565518
7050,32.2276017111993,46199.020301262164
7051,0.0,46199.020301262164
7052,0.0,45051.72990795666
7053,0.0,42921.04774896071
7054,0.0,44068.338142266206
7055,0.0,44068.338142266206
7056,0.0,41773.75735565518
7057,0.0,41773.75735565518
7058,0.0,42921.04774896071
7059,0.0,41773.75735565518
7060,0.0,40626.46696234967
7061,0.0,36147.57462510378
7062,0.0,32287.946792845047
7063,0.0,26302.279764687988
7064,30.493271307469204,27284.72552880596
7065,135.756071014263,35146.93037229596
7066,57.96430035030048,45051.72990795666
7067,232.43230965614688,45051.72990795666
7068,132.28020658846407,39479.176569044146
7069,95.36266562376696,38331.88617573865
7070,268.04264050491435,37184.59578243314
7071,172.685200143109,37184.59578243314
7072,132.19035291119323,33288.591045652865
7073,62.66476773373467,34289.2352984607
7074,39.28765569069482,40626.46696234967
7075,0.0,46199.020301262164
7076,0.0,52829.363403285024
7077,0.0,58066.72556391706
7078,0.0,68538.08778318884
7079,0.0,66657.56668739484
7080,0.0,61150.32633542669
7081,0.0,63030.84743122068
7082,0.0,56988.44511908106
7083,0.0,56988.44511908106
7084,0.0,56988.44511908106
7085,0.0,59145.00600875307
7086,0.0,53907.64384812104
7087,0.0,46199.020301262164
7088,9.370600606583832,47346.31069456769
7089,56.29131632756287,56988.44511908106
7090,142.01642712834266,56988.44511908106
7091,219.845453596689,62090.58688332368
7092,228.88666074643703,64911.3685270147
7093,131.8614249544226,67597.82723529183
7094,247.4142468608531,66657.56668739484
7095,144.06217538372965,63971.10797911769
7096,66.70622103297121,68538.08778318884
7097,69.2788753898581,66657.56668739484
7098,35.868469563803764,65717.30613949784
7099,0.0,66657.56668739484
7100,0.0,71070.47376273897
7101,0.0,74715.67782653887
7102,0.0,76967.12739535645
7103,0.0,75466.16101614473
7104,0.0,73965.19463693301
7105,0.0,72571.44014195068
7106,0.0,71070.47376273897
7107,0.0,72571.44014195068
7108,0.0,72571.44014195068
7109,0.0,66657.56668739484
7110,0.0,54985.92429295705
7111,0.0,40626.46696234967
7112,12.495180393250102,36147.57462510378
7113,134.1693193236273,31287.302540037235
7114,107.65224070981674,33288.591045652865
7115,236.4458924048162,34289.2352984607
7116,149.83489807313126,40626.46696234967
7117,231.21642346304645,45051.72990795666
7118,68.44248188601601,70319.99057313311
7119,42.84814052363812,82618.66475930902
7120,40.76055730166456,88522.60428301065
7121,17.372269261843417,83170.74434706503
7122,31.503951752806845,78832.97615755333
7123,0.0,76967.12739535645
7124,0.0,75466.16101614473
7125,0.0,71070.47376273897
7126,0.0,69478.34833108584
7127,0.0,44068.338142266206
7128,0.0,10165.974475102461
7129,0.0,5099.238886338797
7130,0.0,418.58294397089287
7131,0.0,1111.0679626269161
7132,0.0,1111.0679626269161
7133,0.0,2974.3365713035414
7134,0.0,4547.159298582758
7135,0.0,6203.398061850872
7136,13.797362615902346,12365.666582567917
7137,126.29507774475036,19253.406456731438
7138,91.92396085898348,17459.147796524325
7139,263.68440517572776,23739.053107249252
7140,281.7058030749426,29286.014034421587
7141,347.40427500093006,29286.014034421587
7142,346.7621033620624,24636.18243735281
7143,295.4319980168437,20150.53578683501
7144,62.52751680451626,32287.946792845047
7145,54.67495415820075,45051.72990795666
7146,34.574298183375824,44068.338142266206
7147,0.0,33288.591045652865
7148,0.0,30286.658287229413
7149,0.0,27284.72552880596
7150,0.0,30286.658287229413
7151,0.0,33288.591045652865
7152,0.0,34289.2352984607
7153,0.0,29286.014034421587
7154,0.0,17459.147796524325
7155,0.0,17459.147796524325
7156,0.0,18356.277126627883
7157,0.0,19253.406456731438
7158,0.0,19253.406456731438
7159,0.0,16660.303554286198
7160,70.98373770732948,13832.127987544893
7161,187.9164776118974,13098.897285056406
7162,278.5023584359518,11632.435880079429
7163,345.4238500824962,11632.435880079429
7164,355.2184620017024,15298.58939252187
7165,369.3229665929497,27284.72552880596
7166,343.25711391782846,41773.75735565518
7167,294.500697158936,39479.176569044146
7168,93.71318744642964,50672.802513612995
7169,91.00691089752551,45051.72990795666
7170,41.07540771054727,44068.338142266206
7171,0.0,41773.75735565518
7172,0.0,35146.93037229596
7173,0.0,34289.2352984607
7174,0.0,31287.302540037235
7175,0.0,27284.72552880596
7176,0.0,22841.923777145686
7177,0.0,20150.53578683501
7178,0.0,15298.58939252187
7179,0.0,11632.435880079429
7180,0.0,16660.303554286198
7181,0.0,15298.58939252187
7182,0.0,16031.820095010358
7183,0.0,14565.358690033374
7184,80.35323382645203,16031.820095010358
7185,182.99587503774552,18356.277126627883
7186,256.51967509505863,13832.127987544893
7187,243.9682781970618,11632.435880079429
7188,340.9358774265029,13098.897285056406
7189,285.9648038281646,12365.666582567917
7190,140.59195635491662,10899.205177590942
7191,211.47769946620093,10899.205177590942
7192,85.07156631278342,14565.358690033374
7193,85.25995578063456,15298.58939252187
7194,41.87233941110596,18356.277126627883
7195,0.0,18356.277126627883
7196,0.0,19253.406456731438
7197,0.0,18356.277126627883
7198,0.0,21944.794447042124
7199,0.0,24636.18243735281
7200,0.0,25405.150434584437
7201,0.0,28285.369781613776
7202,0.0,21047.66511693857
7203,0.0,23739.053107249252
7204,0.0,23739.053107249252
7205,0.0,19253.406456731438
7206,0.0,18356.277126627883
7207,0.0,16031.820095010358
7208,60.84387401739678,13832.127987544893
7209,202.71260484833303,15298.58939252187
7210,291.9086375137148,13098.897285056406
7211,334.01786601745425,13832.127987544893
7212,366.1217526256015,14565.358690033374
7213,378.34786511772063,18356.277126627883
7214,358.2167041264956,16031.820095010358
7215,301.1037213906769,20150.53578683501
7216,55.39848266774869,26302.279764687988
7217,46.66405311770492,29286.014034421587
7218,31.809818581302505,31287.302540037235
7219,0.0,28285.369781613776
7220,0.0,27284.72552880596
7221,0.0,28285.369781613776
7222,0.0,27284.72552880596
7223,0.0,25405.150434584437
7224,0.0,22841.923777145686
7225,0.0,20150.53578683501
7226,0.0,13832.127987544893
7227,0.0,11632.435880079429
7228,0.0,8963.796000631059
7229,0.0,6755.477649606911
7230,0.0,5651.3184740948345
7231,0.0,5651.3184740948345
7232,96.80776524713364,7307.557237362945
7233,158.2102085560999,10899.205177590942
7234,290.9702950758579,11632.435880079429
7235,330.72815888537,13832.127987544893
7236,354.9860284654836,16660.303554286198
7237,363.8524799134527,18356.277126627883
7238,340.4694739774955,21047.66511693857
7239,292.76961588546163,26302.279764687988
7240,61.45008726723023,33288.591045652865
7241,50.108124963304085,32287.946792845047
7242,32.657682981959795,32287.946792845047
7243,0.0,30286.658287229413
7244,0.0,30286.658287229413
7245,0.0,27284.72552880596
7246,0.0,26302.279764687988
7247,0.0,23739.053107249252
7248,0.0,21047.66511693857
7249,0.0,16031.820095010358
7250,0.0,10899.205177590942
7251,0.0,8963.796000631059
7252,0.0,8963.796000631059
7253,0.0,8411.716412875021
7254,0.0,7307.557237362945
7255,0.0,6755.477649606911
7256,82.64329612538499,6203.398061850872
7257,203.844224883261,7859.636825118987
7258,259.3240393703136,8411.716412875021
7259,350.55110326645223,10165.974475102461
7260,367.7605131363031,12365.666582567917
7261,381.0906507944306,13832.127987544893
7262,362.8642821678591,13832.127987544893
7263,301.76888618497213,14565.358690033374
7264,55.43495107081717,20150.53578683501
7265,48.83782462918046,27284.72552880596
7266,31.775852775276714,34289.2352984607
7267,0.0,33288.591045652865
7268,0.0,29286.014034421587
7269,0.0,26302.279764687988
7270,0.0,23739.053107249252
7271,0.0,21047.66511693857
7272,0.0,17459.147796524325
7273,0.0,16031.820095010358
7274,0.0,14565.358690033374
7275,0.0,13098.897285056406
7276,0.0,12365.666582567917
7277,0.0,10899.205177590942
7278,0.0,12365.666582567917
7279,0.0,12365.666582567917
7280,44.32540599908668,13832.127987544893
7281,79.11535276597569,17459.147796524325
7282,203.0057087104412,14565.358690033374
7283,345.4685482655216,11632.435880079429
7284,346.9420814524646,11632.435880079429
7285,353.1819826202399,11632.435880079429
7286,340.66021488953385,14565.358690033374
7287,296.82898921434906,12365.666582567917
7288,66.4693318414297,16660.303554286198
7289,52.33044776498054,21944.794447042124
7290,36.1445622209335,13832.127987544893
7291,0.0,11632.435880079429
7292,0.0,7544.162774972675
7293,0.0,8411.716412875021
7294,0.0,9279.270050777364
7295,0.0,10375.46896152774
7296,0.0,11527.68863686679
7297,0.0,12679.908312205842
7298,0.0,13832.127987544893
7299,0.0,14984.347662883938
7300,0.0,16136.567338222998
7301,0.0,17330.986463652385
7302,0.0,18740.76112524369
7303,0.0,20150.53578683501
7304,44.30056804236378,21560.31044842632
7305,162.09743103652613,22970.08511001762
7306,261.4162293568098,24379.85977160894
7307,295.8379105043553,25789.63443320024
7308,354.5091919544506,21047.66511693857
7309,370.6032744734222,21944.794447042124
7310,341.9918710977234,24636.18243735281
7311,289.70493416112873,33288.591045652865
7312,61.8008687931122,41773.75735565518
7313,50.45124479318002,45051.72990795666
7314,37.8399285959206,45051.72990795666
7315,0.0,42921.04774896071
7316,0.0,39479.176569044146
7317,0.0,40626.46696234967
7318,0.0,41773.75735565518
7319,0.0,41773.75735565518
7320,0.0,44068.338142266206
7321,0.0,40626.46696234967
7322,0.0,35146.93037229596
7323,0.0,28285.369781613776
7324,0.0,24636.18243735281
7325,0.0,21944.794447042124
7326,0.0,21047.66511693857
7327,0.0,21047.66511693857
7328,80.73379332850328,23739.053107249252
7329,161.30041809783597,28285.369781613776
7330,258.44209677715713,27284.72552880596
7331,321.9341382622209,28285.369781613776
7332,365.3145651111385,27284.72552880596
7333,381.381503286891,29286.014034421587
7334,344.13093806701534,31287.302540037235
7335,280.5638166694731,36147.57462510378
7336,64.87830106132333,42921.04774896071
7337,59.617957171787154,46199.020301262164
7338,37.40823979987125,41773.75735565518
7339,0.0,34289.2352984607
7340,0.0,30286.658287229413
7341,0.0,29286.014034421587
7342,0.0,30286.658287229413
7343,0.0,31287.302540037235
7344,0.0,29286.014034421587
7345,0.0,27284.72552880596
7346,0.0,27284.72552880596
7347,0.0,24636.18243735281
7348,0.0,21944.794447042124
7349,0.0,21047.66511693857
7350,0.0,21944.794447042124
7351,0.0,23739.053107249252
7352,10.236695083409,27284.72552880596
7353,103.54307591292503,32287.946792845047
7354,172.17904032992885,26302.279764687988
7355,208.5600760104749,23739.053107249252
7356,298.8893995761344,23739.053107249252
7357,309.6217720579467,21047.66511693857
7358,240.11795052512807,16031.820095010358
7359,242.56683462229333,16031.820095010358
7360,132.53370134303722,31287.302540037235
7361,83.03628399592307,28285.369781613776
7362,42.23506253464693,29286.014034421587
7363,0.0,28285.369781613776
7364,0.0,26302.279764687988
7365,0.0,25405.150434584437
7366,0.0,25405.150434584437
7367,0.0,27284.72552880596
7368,0.0,26302.279764687988
7369,0.0,24636.18243735281
7370,0.0,21047.66511693857
7371,0.0,17459.147796524325
7372,0.0,13832.127987544893
7373,0.0,11632.435880079429
7374,0.0,10899.205177590942
7375,0.0,10899.205177590942
7376,96.88631409281317,9537.491015826612
7377,167.096272632171,13098.897285056406
7378,256.1858998265642,14565.358690033374
7379,321.4768058951575,16031.820095010358
7380,335.4540159094587,18356.277126627883
7381,352.0593608556369,24636.18243735281
7382,328.4834313545168,29286.014034421587
7383,269.82817042427297,29286.014034421587
7384,62.560601685775445,32287.946792845047
7385,64.12372846429008,36147.57462510378
7386,39.535716217736734,33288.591045652865
7387,0.0,30286.658287229413
7388,0.0,29286.014034421587
7389,0.0,28285.369781613776
7390,0.0,25405.150434584437
7391,0.0,24636.18243735281
7392,0.0,24636.18243735281
7393,0.0,24636.18243735281
7394,0.0,28285.369781613776
7395,0.0,25405.150434584437
7396,0.0,19253.406456731438
7397,0.0,16031.820095010358
7398,0.0,14565.358690033374
7399,0.0,11632.435880079429
7400,17.673336182801,10165.974475102461
7401,101.81348406349515,16031.820095010358
7402,259.10084296079964,18356.277126627883
7403,315.24901711001246,21944.794447042124
7404,315.4035504045981,24636.18243735281
7405,337.3251465267293,28285.369781613776
7406,345.0955644694532,27284.72552880596
7407,282.51170521355306,37184.59578243314
7408,64.70451108233237,45051.72990795666
7409,55.184575278446665,50672.802513612995
7410,35.21890627525091,45051.72990795666
7411,0.0,39479.176569044146
7412,0.0,33288.591045652865
7413,0.0,30286.658287229413
7414,0.0,31287.302540037235
7415,0.0,29286.014034421587
7416,0.0,28285.369781613776
7417,0.0,26302.279764687988
7418,0.0,27284.72552880596
7419,0.0,25405.150434584437
7420,0.0,16031.820095010358
7421,0.0,12365.666582567917
7422,0.0,12365.666582567917
7423,0.0,12365.666582567917
7424,64.00667631098592,12365.666582567917
7425,167.43495869244978,13832.127987544893
7426,205.7297898953369,13832.127987544893
7427,295.5875986089735,13098.897285056406
7428,307.1766894393721,18356.277126627883
7429,369.3979423787416,25405.150434584437
7430,347.7942311062159,28285.369781613776
7431,275.4827145607093,38331.88617573865
7432,131.87778348404638,42921.04774896071
7433,52.15581913395041,50672.802513612995
7434,33.48757208547626,44068.338142266206
7435,0.0,37184.59578243314
7436,0.0,30286.658287229413
7437,0.0,21944.794447042124
7438,0.0,18356.277126627883
7439,0.0,15298.58939252187
7440,0.0,10165.974475102461
7441,0.0,8963.796000631059
7442,0.0,2353.2470350780004
7443,0.0,1111.0679626269161
7444,0.0,534.3419647031985
7445,0.0,289.18929059057143
7446,0.0,1111.0679626269161
7447,0.0,2042.702266965229
7448,83.51024785793422,7859.636825118987
7449,183.609313309592,16660.303554286198
7450,259.49041701831874,10899.205177590942
7451,338.067337389455,2042.702266965229
7452,371.85487979698894,1421.6127307396875
7453,377.9295016344542,3595.426107529084
7454,352.0293391386214,10165.974475102461
7455,286.17301791825844,16660.303554286198
7456,53.57125035160509,27284.72552880596
7457,46.99508986318304,41773.75735565518
7458,29.983445584591717,39479.176569044146
7459,0.0,27284.72552880596
7460,0.0,24636.18243735281
7461,0.0,23739.053107249252
7462,0.0,19253.406456731438
7463,0.0,13832.127987544893
7464,0.0,15298.58939252187
7465,0.0,20150.53578683501
7466,0.0,17459.147796524325
7467,0.0,13832.127987544893
7468,0.0,10165.974475102461
7469,0.0,8963.796000631059
7470,0.0,10165.974475102461
7471,0.0,10899.205177590942
7472,97.3628665241144,11632.435880079429
7473,180.937776910341,13832.127987544893
7474,263.0455196934768,13832.127987544893
7475,309.5213006030098,14565.358690033374
7476,366.35149781136096,17459.147796524325
7477,373.5905187935789,24636.18243735281
7478,348.5052358247557,33288.591045652865
7479,284.2021793242469,35146.93037229596
7480,69.98549843555462,44068.338142266206
7481,55.220803041824425,44068.338142266206
7482,38.27375888603939,38331.88617573865
7483,0.0,36147.57462510378
7484,0.0,30286.658287229413
7485,0.0,29286.014034421587
7486,0.0,29286.014034421587
7487,0.0,26302.279764687988
7488,0.0,21944.794447042124
7489,0.0,14565.358690033374
7490,0.0,6755.477649606911
7491,0.0,2663.7918031907716
7492,0.0,332.32050838401193
7493,0.0,0.0
7494,0.0,0.0
7495,0.0,0.0
7496,94.47479221472938,0.0
7497,175.15354566659272,0.0
7498,275.3719822067996,0.0
7499,342.0864717405887,0.0
7500,364.74291960619786,0.0
7501,295.5707372453875,0.0
7502,316.5927460873938,3595.426107529084
7503,39.9005213137446,14565.358690033374
7504,116.28903561406534,21047.66511693857
7505,58.50722834695943,7307.557237362945
7506,40.02295264392372,5651.3184740948345
7507,0.0,4073.948223363301
7508,0.0,2663.7918031907716
7509,0.0,844.8867328159685
7510,0.0,418.58294397089287
7511,0.0,1111.0679626269161
7512,0.0,1732.1574988524587
7513,0.0,844.8867328159685
7514,0.0,79.69480416528947
7515,0.0,0.0
7516,0.0,79.69480416528947
7517,0.0,246.0580727971312
7518,0.0,79.69480416528947
7519,0.0,0.0
7520,80.639854555501,0.0
7521,192.1889948187583,0.0
7522,268.56468732139246,0.0
7523,319.5668374350548,0.0
7524,368.4555424640997,844.8867328159685
7525,375.8437048012702,5651.3184740948345
7526,351.25583333860936,8963.796000631059
7527,281.4542352485643,15298.58939252187
7528,136.3357140759359,17459.147796524325
7529,93.35606087728718,20150.53578683501
7530,37.3139841034229,19253.406456731438
7531,0.0,11632.435880079429
7532,0.0,7307.557237362945
7533,0.0,8963.796000631059
7534,0.0,8411.716412875021
7535,0.0,8411.716412875021
7536,0.0,6203.398061850872
7537,0.0,3595.426107529084
7538,0.0,2974.3365713035414
7539,0.0,1732.1574988524587
7540,0.0,2663.7918031907716
7541,0.0,3284.881339416314
7542,0.0,3595.426107529084
7543,0.0,2974.3365713035414
7544,82.65666167586583,2042.702266965229
7545,168.78819133121877,1421.6127307396875
7546,260.5268915706393,1732.1574988524587
7547,329.79805041501896,2974.3365713035414
7548,361.6461102329248,2974.3365713035414
7549,375.9582073466573,332.32050838401193
7550,349.6867488685414,5099.238886338797
7551,280.47549941020986,11632.435880079429
7552,67.3605988324559,17459.147796524325
7553,71.03528090482484,18356.277126627883
7554,41.66855090053491,16660.303554286198
7555,0.0,13832.127987544893
7556,0.0,10899.205177590942
7557,0.0,10165.974475102461
7558,0.0,9537.491015826612
7559,0.0,8963.796000631059
7560,0.0,7307.557237362945
7561,0.0,6203.398061850872
7562,0.0,8963.796000631059
7563,0.0,9537.491015826612
7564,0.0,9537.491015826612
7565,0.0,7859.636825118987
7566,0.0,5651.3184740948345
7567,0.0,4073.948223363301
7568,90.35845641855192,2974.3365713035414
7569,187.09667748498683,4073.948223363301
7570,263.72806161776623,5099.238886338797
7571,314.9496311521809,5099.238886338797
7572,366.7183614068188,7307.557237362945
7573,374.2884405797618,11632.435880079429
7574,349.182556788702,12365.666582567917
7575,283.4122470776515,13832.127987544893
7576,58.995207086434775,23739.053107249252
7577,46.02486381706571,27284.72552880596
7578,30.34414234532588,22841.923777145686
7579,0.0,21047.66511693857
7580,0.0,16660.303554286198
7581,0.0,16031.820095010358
7582,0.0,15298.58939252187
7583,0.0,16031.820095010358
7584,0.0,17459.147796524325
7585,0.0,16660.303554286198
7586,0.0,20150.53578683501
7587,0.0,19253.406456731438
7588,0.0,16031.820095010358
7589,0.0,14565.358690033374
7590,0.0,12365.666582567917
7591,0.0,10899.205177590942
7592,82.4164193321066,12365.666582567917
7593,180.8895550844554,13098.897285056406
7594,267.68094778026693,11632.435880079429
7595,332.4963861500127,8411.716412875021
7596,347.5792562403336,9537.491015826612
7597,368.7392455321007,11632.435880079429
7598,333.9571680758386,8411.716412875021
7599,283.04615167884907,12365.666582567917
7600,51.74429925924771,18356.277126627883
7601,48.60270986213542,24636.18243735281
7602,33.86670359773709,25405.150434584437
7603,0.0,22841.923777145686
7604,0.0,21944.794447042124
7605,0.0,21944.794447042124
7606,0.0,19253.406456731438
7607,0.0,16031.820095010358
7608,0.0,11632.435880079429
7609,0.0,7859.636825118987
7610,0.0,11632.435880079429
7611,0.0,9537.491015826612
7612,0.0,7307.557237362945
7613,0.0,6203.398061850872
7614,0.0,5651.3184740948345
7615,0.0,4547.159298582758
7616,85.76546476144904,5099.238886338797
7617,192.3406426602673,7307.557237362945
7618,267.38317094809616,7307.557237362945
7619,331.8222012305912,6755.477649606911
7620,368.7569159910784,6755.477649606911
7621,371.3420736508263,7859.636825118987
7622,349.12717993120964,5651.3184740948345
7623,283.77351516696564,6755.477649606911
7624,49.62968948026572,7307.557237362945
7625,43.90061938517875,7859.636825118987
7626,29.08840026782176,7859.636825118987
7627,0.0,7307.557237362945
7628,0.0,7859.636825118987
7629,0.0,7307.557237362945
7630,0.0,6203.398061850872
7631,0.0,4547.159298582758
7632,0.0,5099.238886338797
7633,0.0,4073.948223363301
7634,0.0,2974.3365713035414
7635,0.0,2042.702266965229
7636,0.0,2353.2470350780004
7637,0.0,2974.3365713035414
7638,0.0,5099.238886338797
7639,0.0,7307.557237362945
7640,70.83713929477386,10899.205177590942
7641,183.4523253287492,16660.303554286198
7642,268.39385431569497,16660.303554286198
7643,334.01213668518824,16660.303554286198
7644,365.56129442253,18356.277126627883
7645,369.3161720625913,19253.406456731438
7646,344.9131632973037,13098.897285056406
7647,278.79363866203306,16660.303554286198
7648,61.61653665268035,25405.150434584437
7649,48.64514517053522,28285.369781613776
7650,36.03298975008396,29286.014034421587
7651,0.0,26302.279764687988
7652,0.0,23739.053107249252
7653,0.0,23739.053107249252
7654,0.0,20150.53578683501
7655,0.0,19253.406456731438
7656,0.0,20150.53578683501
7657,0.0,18356.277126627883
7658,0.0,21047.66511693857
7659,0.0,17459.147796524325
7660,0.0,15298.58939252187
7661,0.0,15298.58939252187
7662,0.0,15298.58939252187
7663,0.0,13832.127987544893
7664,14.118994691391205,14565.358690033374
7665,185.1689262681612,16031.820095010358
7666,265.5969483518683,12365.666582567917
7667,312.025120963978,8963.796000631059
7668,348.9152320407677,7859.636825118987
7669,362.6319498588777,8963.796000631059
7670,337.0515862804881,7307.557237362945
7671,275.08993572489953,13098.897285056406
7672,61.95307260928432,21047.66511693857
7673,67.76206947299659,25405.150434584437
7674,32.486076518151656,25405.150434584437
7675,0.0,22841.923777145686
7676,0.0,20150.53578683501
7677,0.0,17459.147796524325
7678,0.0,15298.58939252187
7679,0.0,15298.58939252187
7680,0.0,14565.358690033374
7681,0.0,11632.435880079429
7682,0.0,10165.974475102461
7683,0.0,11632.435880079429
7684,0.0,16031.820095010358
7685,0.0,14565.358690033374
7686,0.0,15298.58939252187
7687,0.0,13832.127987544893
7688,23.32211334906653,12365.666582567917
7689,170.12435016547764,13098.897285056406
7690,241.03588188270516,11632.435880079429
7691,314.26773014279104,9537.491015826612
7692,346.56825214463333,10165.974475102461
7693,358.5138235256818,15298.58939252187
7694,328.9928863892848,10165.974475102461
7695,258.0178578510535,11632.435880079429
7696,108.60456520005604,14565.358690033374
7697,75.10249529216696,14565.358690033374
7698,43.37426106431984,16660.303554286198
7699,0.0,17459.147796524325
7700,0.0,17459.147796524325
7701,0.0,17459.147796524325
7702,0.0,16031.820095010358
7703,0.0,16031.820095010358
7704,0.0,16031.820095010358
7705,0.0,19253.406456731438
7706,0.0,26302.279764687988
7707,0.0,28285.369781613776
7708,0.0,28285.369781613776
7709,0.0,23739.053107249252
7710,0.0,20150.53578683501
7711,0.0,16031.820095010358
7712,72.93661364806569,12365.666582567917
7713,180.58810679078755,13832.127987544893
7714,254.22126254948407,12365.666582567917
7715,318.1337272030104,10899.205177590942
7716,351.0985822053388,12365.666582567917
7717,359.6766624475462,15298.58939252187
7718,336.7082443571643,10165.974475102461
7719,274.6752239255047,12365.666582567917
7720,72.24120129379048,14565.358690033374
7721,65.7140165710641,22841.923777145686
7722,36.86283328141676,24636.18243735281
7723,0.0,23739.053107249252
7724,0.0,24636.18243735281
7725,0.0,27284.72552880596
7726,0.0,26302.279764687988
7727,0.0,20150.53578683501
7728,0.0,17459.147796524325
7729,0.0,14565.358690033374
7730,0.0,13832.127987544893
7731,0.0,13098.897285056406
7732,0.0,8963.796000631059
7733,0.0,6203.398061850872
7734,0.0,6203.398061850872
7735,0.0,4547.159298582758
7736,68.19767453020872,5099.238886338797
7737,102.21257013325608,7307.557237362945
7738,263.4252805613097,6203.398061850872
7739,319.4625545525469,5651.3184740948345
7740,355.6376128950565,8963.796000631059
7741,362.75953448302806,14565.358690033374
7742,338.5135069051147,13832.127987544893
7743,274.5498908559861,17459.147796524325
7744,121.64367537889127,19253.406456731438
7745,53.85037755859306,24636.18243735281
7746,36.04114573223477,27284.72552880596
7747,0.0,30286.658287229413
7748,0.0,35146.93037229596
7749,0.0,38331.88617573865
7750,0.0,40626.46696234967
7751,0.0,41773.75735565518
7752,0.0,36147.57462510378
7753,0.0,29286.014034421587
7754,0.0,28285.369781613776
7755,0.0,21047.66511693857
7756,0.0,16660.303554286198
7757,0.0,13832.127987544893
7758,0.0,12365.666582567917
7759,0.0,10165.974475102461
7760,74.80808166565183,9537.491015826612
7761,173.556866969178,11632.435880079429
7762,264.7109508459505,10165.974475102461
7763,322.3402757585873,8963.796000631059
7764,357.8708103075554,7859.636825118987
7765,366.8568242234094,9537.491015826612
7766,339.7847526185737,11632.435880079429
7767,275.085152900108,16031.820095010358
7768,69.77330486639737,22841.923777145686
7769,73.43011269368792,34289.2352984607
7770,39.064493617598856,37184.59578243314
7771,0.0,36147.57462510378
7772,0.0,36147.57462510378
7773,0.0,40626.46696234967
7774,0.0,40626.46696234967
7775,0.0,39479.176569044146
7776,0.0,36147.57462510378
7777,0.0,32287.946792845047
7778,0.0,39479.176569044146
7779,0.0,33288.591045652865
7780,0.0,32287.946792845047
7781,0.0,30286.658287229413
7782,0.0,28285.369781613776
7783,0.0,23739.053107249252
7784,84.31062187141681,21047.66511693857
7785,183.00396023970023,21047.66511693857
7786,262.3606555829214,19253.406456731438
7787,325.3379539913812,16660.303554286198
7788,360.19997328968896,14565.358690033374
7789,368.11580374728896,14565.358690033374
7790,340.5872841121316,12365.666582567917
7791,276.484918405584,18356.277126627883
7792,56.90709479193164,29286.014034421587
7793,48.21530723017756,32287.946792845047
7794,32.560585530191815,32287.946792845047
7795,0.0,33288.591045652865
7796,0.0,30286.658287229413
7797,0.0,28285.369781613776
7798,0.0,24636.18243735281
7799,0.0,22841.923777145686
7800,0.0,23739.053107249252
7801,0.0,21944.794447042124
7802,0.0,26302.279764687988
7803,0.0,21047.66511693857
7804,0.0,16031.820095010358
7805,0.0,13098.897285056406
7806,0.0,12365.666582567917
7807,0.0,11632.435880079429
7808,62.64253942291132,13098.897285056406
7809,181.8328597539588,15298.58939252187
7810,261.5022456914967,13098.897285056406
7811,302.5281706915395,12365.666582567917
7812,352.1232424037675,13832.127987544893
7813,364.8638917128874,16031.820095010358
7814,343.933003346005,18356.277126627883
7815,278.2200725909158,26302.279764687988
7816,53.56437108002744,28285.369781613776
7817,47.810111510077526,26302.279764687988
7818,31.667851885606627,25405.150434584437
7819,0.0,24636.18243735281
7820,0.0,25405.150434584437
7821,0.0,28285.369781613776
7822,0.0,28285.369781613776
7823,0.0,25405.150434584437
7824,0.0,21944.794447042124
7825,0.0,19253.406456731438
7826,0.0,16031.820095010358
7827,0.0,16031.820095010358
7828,0.0,16031.820095010358
7829,0.0,16660.303554286198
7830,0.0,19253.406456731438
7831,0.0,21047.66511693857
7832,72.2549314778172,21944.794447042124
7833,171.8481254208071,24636.18243735281
7834,264.19659369539795,21047.66511693857
7835,293.27692093660454,18356.277126627883
7836,349.33390068266425,19253.406456731438
7837,357.7853700962148,21944.794447042124
7838,335.79676093361275,24636.18243735281
7839,277.3023041841638,34289.2352984607
7840,50.47852804818206,44068.338142266206
7841,47.75393663219081,46199.020301262164
7842,31.23934284564758,41773.75735565518
7843,0.0,32287.946792845047
7844,0.0,25405.150434584437
7845,0.0,22841.923777145686
7846,0.0,23739.053107249252
7847,0.0,23739.053107249252
7848,0.0,21047.66511693857
7849,0.0,13832.127987544893
7850,0.0,11632.435880079429
7851,0.0,7859.636825118987
7852,0.0,6203.398061850872
7853,0.0,3284.881339416314
7854,0.0,2042.702266965229
7855,0.0,159.79563721025025
7856,80.07793840268552,0.0
7857,183.886913823301,289.18929059057143
7858,275.7599728234836,1421.6127307396875
7859,334.9795971253875,4073.948223363301
7860,365.1313028174886,9537.491015826612
7861,373.02897047591534,17459.147796524325
7862,346.30986839490794,20150.53578683501
7863,278.3700518920703,27284.72552880596
7864,48.69567058227752,33288.591045652865
7865,43.821736030460826,29286.014034421587
7866,30.777386860235545,25405.150434584437
7867,0.0,21047.66511693857
7868,0.0,17459.147796524325
7869,0.0,17459.147796524325
7870,0.0,19253.406456731438
7871,0.0,16660.303554286198
7872,0.0,13098.897285056406
7873,0.0,10165.974475102461
7874,0.0,8963.796000631059
7875,0.0,6755.477649606911
7876,0.0,5651.3184740948345
7877,0.0,4547.159298582758
7878,0.0,5099.238886338797
7879,0.0,5099.238886338797
7880,61.38373857199599,5099.238886338797
7881,190.0654574889626,5099.238886338797
7882,262.8062062717954,5099.238886338797
7883,314.57246144654647,5651.3184740948345
7884,361.6701563930578,8963.796000631059
7885,369.5372929739917,16031.820095010358
7886,341.8996645247147,20150.53578683501
7887,277.4020098413735,29286.014034421587
7888,50.53155644564448,34289.2352984607
7889,46.51554842295204,31287.302540037235
7890,39.91031266285141,31287.302540037235
7891,0.0,28285.369781613776
7892,0.0,23739.053107249252
7893,0.0,18356.277126627883
7894,0.0,16031.820095010358
7895,0.0,16660.303554286198
7896,0.0,14565.358690033374
7897,0.0,10165.974475102461
7898,0.0,7307.557237362945
7899,0.0,3284.881339416314
7900,0.0,1421.6127307396875
7901,0.0,534.3419647031985
7902,0.0,289.18929059057143
7903,0.0,289.18929059057143
7904,14.985558088512876,289.18929059057143
7905,133.5630391452289,246.0580727971312
7906,196.2031921509719,375.4517261774522
7907,319.40749976337617,2042.702266965229
7908,359.47493199659607,5099.238886338797
7909,367.6707954666891,8411.716412875021
7910,341.17555302140323,9537.491015826612
7911,275.2099325961578,14565.358690033374
7912,50.46187591887192,17459.147796524325
7913,46.55961527375132,30286.658287229413
7914,39.51924063512991,29286.014034421587
7915,0.0,25405.150434584437
7916,0.0,25405.150434584437
7917,0.0,25405.150434584437
7918,0.0,24636.18243735281
7919,0.0,24636.18243735281
7920,0.0,24636.18243735281
7921,0.0,21047.66511693857
7922,0.0,15298.58939252187
7923,0.0,7859.636825118987
7924,0.0,4547.159298582758
7925,0.0,1732.1574988524587
7926,0.0,534.3419647031985
7927,0.0,418.58294397089287
7928,73.4411439602734,289.18929059057143
7929,184.50001350386765,289.18929059057143
7930,268.33468601500795,122.82602195872995
7931,323.663214839973,159.79563721025025
7932,356.38736556221386,1421.6127307396875
7933,362.55262267619537,7307.557237362945
7934,339.0663725256887,15298.58939252187
7935,274.723551941535,22841.923777145686
7936,54.34185956850928,28285.369781613776
7937,49.811408787030736,37184.59578243314
7938,44.135480594608815,38331.88617573865
7939,0.0,32287.946792845047
7940,0.0,29286.014034421587
7941,0.0,27284.72552880596
7942,0.0,28285.369781613776
7943,0.0,28285.369781613776
7944,0.0,26302.279764687988
7945,0.0,22841.923777145686
7946,0.0,29286.014034421587
7947,0.0,24636.18243735281
7948,0.0,22841.923777145686
7949,0.0,21047.66511693857
7950,0.0,18356.277126627883
7951,0.0,12365.666582567917
7952,84.05930712983309,13832.127987544893
7953,181.57193553904693,16031.820095010358
7954,268.42346109906856,10165.974475102461
7955,314.8782960484162,10899.205177590942
7956,349.3047965423367,16660.303554286198
7957,363.4736092837575,21944.794447042124
7958,341.0088878523724,24636.18243735281
7959,224.2323242154004,21944.794447042124
7960,121.584191395449,20150.53578683501
7961,95.0936225649146,25405.150434584437
7962,45.43274407687768,26302.279764687988
7963,0.0,21047.66511693857
7964,0.0,16660.303554286198
7965,0.0,16660.303554286198
7966,0.0,14565.358690033374
7967,0.0,14565.358690033374
7968,0.0,11632.435880079429
7969,0.0,8411.716412875021
7970,0.0,5651.3184740948345
7971,0.0,3595.426107529084
7972,0.0,2974.3365713035414
7973,0.0,2663.7918031907716
7974,0.0,1111.0679626269161
7975,0.0,534.3419647031985
7976,75.42743970004086,1421.6127307396875
7977,178.4373744807872,1111.0679626269161
7978,269.68344435388065,844.8867328159685
7979,323.68260194923266,1732.1574988524587
7980,355.5965689530526,3595.426107529084
7981,364.0872683516394,6755.477649606911
7982,335.949010842828,6203.398061850872
7983,273.9371334328722,10165.974475102461
7984,55.34945689694884,15298.58939252187
7985,23.272996452389663,20150.53578683501
7986,45.51248189043277,20150.53578683501
7987,0.0,19253.406456731438
7988,0.0,18356.277126627883
7989,0.0,17459.147796524325
7990,0.0,16660.303554286198
7991,0.0,13832.127987544893
7992,0.0,10165.974475102461
7993,0.0,7307.557237362945
7994,0.0,9537.491015826612
7995,0.0,7307.557237362945
7996,0.0,5651.3184740948345
7997,0.0,4547.159298582758
7998,0.0,3284.881339416314
7999,0.0,2974.3365713035414
8000,85.16030787163395,2663.7918031907716
8001,184.9260380397276,2663.7918031907716
8002,262.72216974979364,2042.702266965229
8003,324.38165911651134,2353.2470350780004
8004,353.7827270788528,3284.881339416314
8005,364.31146191473374,6755.477649606911
8006,337.9015622374196,8963.796000631059
8007,274.6508026739077,13832.127987544893
8008,54.24184047016315,18356.277126627883
8009,46.81769815063633,18356.277126627883
8010,31.6106466390145,21944.794447042124
8011,0.0,23739.053107249252
8012,0.0,35575.7779092136
8013,0.0,31859.099255927416
8014,0.0,28142.420602641247
8015,0.0,24636.18243735281
8016,0.0,21303.98778268244
8017,0.0,17971.793128012072
8018,0.0,15089.09490609659
8019,0.0,12365.666582567917
8020,0.0,9642.238259039252
8021,0.0,7544.162774972675
8022,0.0,5493.58144902168
8023,0.0,3551.0625692272606
8024,8.464079877527764,2397.6105733798236
8025,182.04890297557225,1244.1585775323902
8026,196.2289335567861,400.0981363451326
8027,327.6281846481004,239.89647025521103
8028,359.7825029696976,7859.636825118987
8029,366.70465802576734,8963.796000631059
8030,340.57230688113265,7307.557237362945
8031,276.5021597124004,8963.796000631059
8032,55.26715488247363,16031.820095010358
8033,49.17667438730011,14565.358690033374
8034,34.794244577498404,16031.820095010358
8035,0.0,13098.897285056406
8036,0.0,12365.666582567917
8037,0.0,11632.435880079429
8038,0.0,10899.205177590942
8039,0.0,10165.974475102461
8040,0.0,8963.796000631059
8041,0.0,8963.796000631059
8042,0.0,5651.3184740948345
8043,0.0,5099.238886338797
8044,0.0,6755.477649606911
8045,0.0,9537.491015826612
8046,0.0,10899.205177590942
8047,0.0,6755.477649606911
8048,82.14863455024876,2663.7918031907716
8049,181.1749379846121,844.8867328159685
8050,261.8386132826386,332.32050838401193
8051,322.41277433028176,122.82602195872995
8052,354.84047367004604,0.0
8053,362.1902965367198,332.32050838401193
8054,335.7450822846658,8963.796000631059
8055,270.9003967112384,12365.666582567917
8056,68.69375516232797,8411.716412875021
8057,54.78902339873614,2974.3365713035414
8058,37.345174407883945,2353.2470350780004
8059,0.0,2042.702266965229
8060,0.0,2974.3365713035414
8061,0.0,5651.3184740948345
8062,0.0,7859.636825118987
8063,0.0,6755.477649606911
8064,0.0,4073.948223363301
8065,0.0,2042.702266965229
8066,0.0,2353.2470350780004
8067,0.0,2353.2470350780004
8068,0.0,1732.1574988524587
8069,0.0,1111.0679626269161
8070,0.0,534.3419647031985
8071,0.0,418.58294397089287
8072,67.80443117496641,534.3419647031985
8073,178.09391018472652,1111.0679626269161
8074,252.00286666697792,534.3419647031985
8075,318.9118313410311,418.58294397089287
8076,353.7241112102813,1732.1574988524587
8077,362.0028490139069,3284.881339416314
8078,336.157123848339,6755.477649606911
8079,276.30181049708165,8963.796000631059
8080,56.52938238932389,11632.435880079429
8081,47.856242637294805,10899.205177590942
8082,33.42440755146795,10165.974475102461
8083,0.0,11632.435880079429
8084,0.0,11632.435880079429
8085,0.0,12365.666582567917
8086,0.0,16031.820095010358
8087,0.0,16660.303554286198
8088,0.0,14565.358690033374
8089,0.0,11632.435880079429
8090,0.0,9537.491015826612
8091,0.0,8411.716412875021
8092,0.0,6203.398061850872
8093,0.0,5099.238886338797
8094,0.0,6755.477649606911
8095,0.0,5651.3184740948345
8096,81.94603695470754,4073.948223363301
8097,178.3176125730598,6203.398061850872
8098,261.8662754692008,4073.948223363301
8099,319.94535554840866,2663.7918031907716
8100,356.06712445528643,2353.2470350780004
8101,362.176587093597,3595.426107529084
8102,340.3659270521852,7307.557237362945
8103,277.49693622628814,13098.897285056406
8104,55.18358128825025,18356.277126627883
8105,49.92102883578792,20150.53578683501
8106,34.2463857558895,17459.147796524325
8107,0.0,13832.127987544893
8108,0.0,15298.58939252187
8109,0.0,14565.358690033374
8110,0.0,16660.303554286198
8111,0.0,19253.406456731438
8112,0.0,17459.147796524325
8113,0.0,13098.897285056406
8114,0.0,8963.796000631059
8115,0.0,7307.557237362945
8116,0.0,6755.477649606911
8117,0.0,2663.7918031907716
8118,0.0,2042.702266965229
8119,0.0,2042.702266965229
8120,59.58562847286885,2042.702266965229
8121,173.89538850166286,5099.238886338797
8122,259.51919452276616,4547.159298582758
8123,317.48379236842544,3284.881339416314
8124,353.39018556268854,2663.7918031907716
8125,359.5835393559186,2353.2470350780004
8126,337.45033118501306,8411.716412875021
8127,276.9856164561139,14565.358690033374
8128,55.23055151098889,16660.303554286198
8129,48.66516144053244,14565.358690033374
8130,33.421953594439444,11632.435880079429
8131,0.0,8963.796000631059
8132,0.0,7307.557237362945
8133,0.0,7859.636825118987
8134,0.0,8963.796000631059
8135,0.0,11632.435880079429
8136,0.0,12365.666582567917
8137,0.0,10165.974475102461
8138,0.0,8411.716412875021
8139,0.0,5099.238886338797
8140,0.0,3595.426107529084
8141,0.0,2663.7918031907716
8142,0.0,4073.948223363301
8143,0.0,6755.477649606911
8144,57.2579517710893,8963.796000631059
8145,167.1447338672448,9537.491015826612
8146,260.9896166096705,7307.557237362945
8147,316.8111801821658,5099.238886338797
8148,346.9554126647232,1732.1574988524587
8149,359.36105136261625,375.4517261774522
8150,336.402758265267,2042.702266965229
8151,275.3456280743426,6203.398061850872
8152,55.217956674232056,13098.897285056406
8153,47.874039838686194,10899.205177590942
8154,34.34609067100806,8411.716412875021
8155,0.0,10899.205177590942
8156,0.0,12365.666582567917
8157,0.0,14565.358690033374
8158,0.0,18356.277126627883
8159,0.0,20150.53578683501
8160,0.0,18356.277126627883
8161,0.0,14565.358690033374
8162,0.0,15298.58939252187
8163,0.0,13098.897285056406
8164,0.0,9537.491015826612
8165,0.0,8411.716412875021
8166,0.0,8963.796000631059
8167,0.0,10899.205177590942
8168,81.62460702059886,13832.127987544893
8169,179.86480759536573,19253.406456731438
8170,258.16164264212915,20150.53578683501
8171,310.44525233089223,19253.406456731438
8172,333.6442273924449,12365.666582567917
8173,335.20468382791563,7307.557237362945
8174,335.35675485096533,7859.636825118987
8175,274.6295214806254,11632.435880079429
8176,56.79133571409512,20150.53578683501
8177,52.16106121602535,21944.794447042124
8178,33.89692283700492,15298.58939252187
8179,0.0,11632.435880079429
8180,0.0,13832.127987544893
8181,0.0,13832.127987544893
8182,0.0,11632.435880079429
8183,0.0,9537.491015826612
8184,0.0,10899.205177590942
8185,0.0,8963.796000631059
8186,0.0,9537.491015826612
8187,0.0,8963.796000631059
8188,0.0,5651.3184740948345
8189,0.0,2974.3365713035414
8190,0.0,1732.1574988524587
8191,0.0,332.32050838401193
8192,72.05164202415642,0.0
8193,173.7022905208684,0.0
8194,255.34214602625568,202.92685500369075
8195,316.2418214746164,534.3419647031985
8196,348.6393058114903,1111.0679626269161
8197,352.2585126316815,2042.702266965229
8198,336.1291434699002,4073.948223363301
8199,273.1325602145438,7859.636825118987
8200,66.20468181254414,10899.205177590942
8201,56.41180388941656,13832.127987544893
8202,37.39973616241458,16031.820095010358
8203,0.0,19253.406456731438
8204,0.0,25405.150434584437
8205,0.0,29286.014034421587
8206,0.0,29286.014034421587
8207,0.0,26302.279764687988
8208,0.0,21944.794447042124
8209,0.0,22841.923777145686
8210,0.0,21944.794447042124
8211,0.0,17459.147796524325
8212,0.0,16031.820095010358
8213,0.0,14565.358690033374
8214,0.0,15298.58939252187
8215,0.0,14565.358690033374
8216,65.63714507683461,13832.127987544893
8217,168.48531540762622,17459.147796524325
8218,251.3680942020849,15298.58939252187
8219,312.5915575782927,13098.897285056406
8220,346.9391305253527,12365.666582567917
8221,356.63740643950496,13832.127987544893
8222,333.8631598822485,18356.277126627883
8223,274.53400148085893,30286.658287229413
8224,60.04836966996133,36147.57462510378
8225,50.37404258988669,39479.176569044146
8226,35.577409545676126,34289.2352984607
8227,0.0,35146.93037229596
8228,0.0,39479.176569044146
8229,0.0,39479.176569044146
8230,0.0,39479.176569044146
8231,0.0,38331.88617573865
8232,0.0,37184.59578243314
8233,0.0,33288.591045652865
8234,0.0,23739.053107249252
8235,0.0,22841.923777145686
8236,0.0,20150.53578683501
8237,0.0,20150.53578683501
8238,0.0,20150.53578683501
8239,0.0,21047.66511693857
8240,61.016083154799546,22841.923777145686
8241,169.86775816030277,22841.923777145686
8242,250.79210206792752,16031.820095010358
8243,313.62626270578346,11632.435880079429
8244,348.943314442495,10165.974475102461
8245,357.4959821094974,12365.666582567917
8246,337.2513863609992,16031.820095010358
8247,275.95948630525925,22841.923777145686
8248,57.40385797283113,24636.18243735281
8249,49.52876734652068,17459.147796524325
8250,34.698096963522566,18356.277126627883
8251,0.0,16031.820095010358
8252,0.0,14565.358690033374
8253,0.0,17459.147796524325
8254,0.0,20150.53578683501
8255,0.0,20150.53578683501
8256,0.0,20150.53578683501
8257,0.0,18356.277126627883
8258,0.0,14565.358690033374
8259,0.0,10899.205177590942
8260,0.0,8963.796000631059
8261,0.0,7859.636825118987
8262,0.0,7859.636825118987
8263,0.0,5099.238886338797
8264,69.18019642866999,2974.3365713035414
8265,163.16629739924838,5099.238886338797
8266,243.5357848021066,6203.398061850872
8267,310.9594514223278,5099.238886338797
8268,346.0569215965275,5099.238886338797
8269,331.6400892378596,8411.716412875021
8270,321.15236020777985,19253.406456731438
8271,272.3902481568435,21047.66511693857
8272,110.99580067578886,18356.277126627883
8273,65.02156640179528,23739.053107249252
8274,37.388961300795856,31287.302540037235
8275,2.215183374294776,25405.150434584437
8276,0.0,25405.150434584437
8277,0.0,28285.369781613776
8278,0.0,28285.369781613776
8279,0.0,21944.794447042124
8280,0.0,16660.303554286198
8281,0.0,13098.897285056406
8282,0.0,8411.716412875021
8283,0.0,6203.398061850872
8284,0.0,1421.6127307396875
8285,0.0,1111.0679626269161
8286,0.0,1111.0679626269161
8287,0.0,1732.1574988524587
8288,55.027905830890845,375.4517261774522
8289,146.700923282257,418.58294397089287
8290,248.1551512048777,418.58294397089287
8291,288.4046291867944,844.8867328159685
8292,347.95215454648763,1732.1574988524587
8293,356.722143462005,5099.238886338797
8294,332.61140451569474,13832.127987544893
8295,273.9539429959336,19253.406456731438
8296,72.10737392704247,29286.014034421587
8297,83.82354576069633,22841.923777145686
8298,48.672512178252994,19253.406456731438
8299,2.217598326057852,10165.974475102461
8300,0.0,4073.948223363301
8301,0.0,4073.948223363301
8302,0.0,5099.238886338797
8303,0.0,5099.238886338797
8304,0.0,3595.426107529084
8305,0.0,1732.1574988524587
8306,0.0,1421.6127307396875
8307,0.0,534.3419647031985
8308,0.0,418.58294397089287
8309,0.0,375.4517261774522
8310,0.0,79.69480416528947
8311,0.0,202.92685500369075
8312,37.7872256265151,0.0
8313,156.72039126924676,0.0
8314,250.48730568068495,0.0
8315,313.191351615783,0.0
8316,347.361193098875,0.0
8317,341.57310080104145,122.82602195872995
8318,319.9983765999867,3284.881339416314
8319,83.17306423202218,8411.716412875021
8320,134.5246351430702,9537.491015826612
8321,83.78741969732201,8963.796000631059
8322,49.56392210065734,5651.3184740948345
8323,1.7762578240463576,5651.3184740948345
8324,0.0,2663.7918031907716
8325,0.0,1421.6127307396875
8326,0.0,1421.6127307396875
8327,0.0,1732.1574988524587
8328,0.0,534.3419647031985
8329,0.0,159.79563721025025
8330,0.0,0.0
8331,0.0,0.0
8332,0.0,0.0
8333,0.0,0.0
8334,0.0,0.0
8335,0.0,0.0
8336,55.19034235707695,0.0
8337,167.5140834126735,0.0
8338,250.37958063618856,0.0
8339,306.60138958132944,0.0
8340,339.44301846396286,159.79563721025025
8341,351.5222408626324,1732.1574988524587
8342,296.44914541173983,7307.557237362945
8343,42.69885362171024,20150.53578683501
8344,137.12132661270155,20150.53578683501
8345,51.71792612983791,13098.897285056406
8346,33.46889122149943,10899.205177590942
8347,2.6612876035942903,7859.636825118987
8348,0.0,2353.2470350780004
8349,0.0,844.8867328159685
8350,0.0,418.58294397089287
8351,0.0,375.4517261774522
8352,0.0,202.92685500369075
8353,0.0,202.92685500369075
8354,0.0,202.92685500369075
8355,0.0,0.0
8356,0.0,0.0
8357,0.0,0.0
8358,0.0,0.0
8359,0.0,0.0
8360,7.11025486721283,0.0
8361,154.17889200275633,0.0
8362,246.03516908540536,246.0580727971312
8363,309.89455439916,375.4517261774522
8364,344.9882540769772,844.8867328159685
8365,357.3939504968553,2353.2470350780004
8366,319.56761406728504,5651.3184740948345
8367,274.22210647572217,10165.974475102461
8368,62.18434265496018,16660.303554286198
8369,54.81134795206528,16031.820095010358
8370,36.55035230000969,12365.666582567917
8371,3.5443981821762165,10165.974475102461
8372,0.0,14565.358690033374
8373,0.0,22841.923777145686
8374,0.0,28285.369781613776
8375,0.0,26302.279764687988
8376,0.0,21944.794447042124
8377,0.0,17459.147796524325
8378,0.0,17459.147796524325
8379,0.0,13832.127987544893
8380,0.0,10165.974475102461
8381,0.0,5651.3184740948345
8382,0.0,3595.426107529084
8383,0.0,2974.3365713035414
8384,56.84217945003482,3595.426107529084
8385,156.96949978953,7307.557237362945
8386,230.31030574742,9537.491015826612
8387,305.8042543263115,8411.716412875021
8388,341.4230053309112,6203.398061850872
8389,354.2018410147553,5651.3184740948345
8390,333.92321946780686,5651.3184740948345
8391,265.17492054920893,8963.796000631059
8392,126.3780684981984,14565.358690033374
8393,18.06828104887776,21047.66511693857
8394,50.74555010104724,19253.406456731438
8395,3.980793082925685,18356.277126627883
8396,0.0,18356.277126627883
8397,0.0,21047.66511693857
8398,0.0,20150.53578683501
8399,0.0,17459.147796524325
8400,0.0,15298.58939252187
8401,0.0,12365.666582567917
8402,0.0,11632.435880079429
8403,0.0,10165.974475102461
8404,0.0,8411.716412875021
8405,0.0,10165.974475102461
8406,0.0,10899.205177590942
8407,0.0,11632.435880079429
8408,44.30616299938954,10899.205177590942
8409,131.06529672209874,11632.435880079429
8410,217.6883485594168,10899.205177590942
8411,278.64887219253126,12365.666582567917
8412,290.36519574121064,10899.205177590942
8413,169.31123745549365,15298.58939252187
8414,170.48932010491777,28285.369781613776
8415,205.0683535151455,27284.72552880596
8416,142.84733859238656,21944.794447042124
8417,94.31613376535208,21047.66511693857
8418,43.50529603104613,23739.053107249252
8419,4.438102938751432,16660.303554286198
8420,0.0,18356.277126627883
8421,0.0,20150.53578683501
8422,0.0,21047.66511693857
8423,0.0,21047.66511693857
8424,0.0,19253.406456731438
8425,0.0,14565.358690033374
8426,0.0,10899.205177590942
8427,0.0,8411.716412875021
8428,0.0,5099.238886338797
8429,0.0,1732.1574988524587
8430,0.0,844.8867328159685
8431,0.0,534.3419647031985
8432,58.83328922073454,418.58294397089287
8433,158.5194791921802,1421.6127307396875
8434,247.6951024143469,2663.7918031907716
8435,282.6137480427413,4073.948223363301
8436,290.1630455734397,5099.238886338797
8437,350.74036612583467,9537.491015826612
8438,335.94657148290315,8411.716412875021
8439,236.26280319284336,4547.159298582758
8440,59.56471273617765,2042.702266965229
8441,61.87130792967695,4073.948223363301
8442,47.33104772483231,7307.557237362945
8443,4.431977067731332,8411.716412875021
8444,0.0,9537.491015826612
8445,0.0,14565.358690033374
8446,0.0,16660.303554286198
8447,0.0,16660.303554286198
8448,0.0,16031.820095010358
8449,0.0,13098.897285056406
8450,0.0,9537.491015826612
8451,0.0,6203.398061850872
8452,0.0,6203.398061850872
8453,0.0,5651.3184740948345
8454,0.0,3284.881339416314
8455,0.0,2974.3365713035414
8456,46.54173643951825,2974.3365713035414
8457,143.89311558415187,5099.238886338797
8458,240.25295168353247,5651.3184740948345
8459,305.20159288952925,5651.3184740948345
8460,341.6668135411647,5099.238886338797
8461,352.8337881180956,8963.796000631059
8462,293.4153992395194,19253.406456731438
8463,276.58749336332977,26302.279764687988
8464,121.0275416521391,26302.279764687988
8465,54.81103647386869,24636.18243735281
8466,46.02628389594081,31287.302540037235
8467,4.86967105770536,28285.369781613776
8468,0.0,28285.369781613776
8469,0.0,35146.93037229596
8470,0.0,38331.88617573865
8471,0.0,34289.2352984607
8472,0.0,27284.72552880596
8473,0.0,21047.66511693857
8474,0.0,11632.435880079429
8475,0.0,8963.796000631059
8476,0.0,6755.477649606911
8477,0.0,2974.3365713035414
8478,0.0,1732.1574988524587
8479,0.0,534.3419647031985
8480,21.71717810369933,246.0580727971312
8481,133.7860025873195,375.4517261774522
8482,226.2072157056092,2042.702266965229
8483,268.61681723750297,5099.238886338797
8484,325.93388628068584,11632.435880079429
8485,350.8871311064655,16031.820095010358
8486,328.92014727192776,14565.358690033374
8487,123.76702636338617,16660.303554286198
8488,122.49671814149092,29286.014034421587
8489,66.83110049105242,28285.369781613776
8490,41.711196998245256,28285.369781613776
8491,4.870399509310397,28285.369781613776
8492,0.0,27284.72552880596
8493,0.0,26302.279764687988
8494,0.0,24636.18243735281
8495,0.0,16660.303554286198
8496,0.0,11632.435880079429
8497,0.0,9537.491015826612
8498,0.0,6203.398061850872
8499,0.0,4073.948223363301
8500,0.0,2974.3365713035414
8501,0.0,2663.7918031907716
8502,0.0,2353.2470350780004
8503,0.0,3595.426107529084
8504,6.6671314145135625,5099.238886338797
8505,92.8547478223014,8411.716412875021
8506,174.7954462544554,6755.477649606911
8507,286.46324733878134,4073.948223363301
8508,331.892197773201,2353.2470350780004
8509,317.5642260546761,2353.2470350780004
8510,311.7338045188594,7307.557237362945
8511,247.24949716286932,10165.974475102461
8512,142.23563809062867,15298.58939252187
8513,102.10505557540888,20150.53578683501
8514,51.64426318446687,22841.923777145686
8515,5.311050155129946,24636.18243735281
8516,0.0,21047.66511693857
8517,0.0,17459.147796524325
8518,0.0,17459.147796524325
8519,0.0,16660.303554286198
8520,0.0,14565.358690033374
8521,0.0,8411.716412875021
8522,0.0,6203.398061850872
8523,0.0,1732.1574988524587
8524,0.0,418.58294397089287
8525,0.0,418.58294397089287
8526,0.0,844.8867328159685
8527,0.0,418.58294397089287
8528,43.53747782377329,844.8867328159685
8529,140.66378593458884,2042.702266965229
8530,219.35934537401675,2663.7918031907716
8531,296.51576922537504,1732.1574988524587
8532,339.68683799145384,246.0580727971312
8533,352.6496096056799,0.0
8534,328.63511052435337,332.32050838401193
8535,278.41239588734044,2974.3365713035414
8536,72.34120210734362,8963.796000631059
8537,62.89213921332649,20150.53578683501
8538,42.57934642078646,28285.369781613776
8539,6.198254797317506,26302.279764687988
8540,0.0,22841.923777145686
8541,0.0,24636.18243735281
8542,0.0,28285.369781613776
8543,0.0,24636.18243735281
8544,0.0,15298.58939252187
8545,0.0,7859.636825118987
8546,0.0,7859.636825118987
8547,0.0,6203.398061850872
8548,0.0,3595.426107529084
8549,0.0,3284.881339416314
8550,0.0,3595.426107529084
8551,0.0,2974.3365713035414
8552,53.44888845241364,2353.2470350780004
8553,156.8681006117626,1732.1574988524587
8554,240.2929635385725,1421.6127307396875
8555,304.52108448203063,2353.2470350780004
8556,341.0610137953911,1421.6127307396875
8557,345.0700197008766,289.18929059057143
8558,321.61474100764,534.3419647031985
8559,266.70101766005826,2353.2470350780004
8560,137.00434521993998,8963.796000631059
8561,76.30488163515926,17459.147796524325
8562,48.14789506754551,22841.923777145686
8563,6.63979589456778,21944.794447042124
8564,0.0,20150.53578683501
8565,0.0,18356.277126627883
8566,0.0,21944.794447042124
8567,0.0,21944.794447042124
8568,0.0,19253.406456731438
8569,0.0,16660.303554286198
8570,0.0,16031.820095010358
8571,0.0,14565.358690033374
8572,0.0,16031.820095010358
8573,0.0,18356.277126627883
8574,0.0,17459.147796524325
8575,0.0,16660.303554286198
8576,6.652485709136533,21944.794447042124
8577,26.43640817106565,28285.369781613776
8578,147.27571052927027,20150.53578683501
8579,120.23820664292012,15298.58939252187
8580,240.18931055622997,11632.435880079429
8581,302.8296667372841,10899.205177590942
8582,205.97034900966003,122.82602195872995
8583,179.0996034166647,159.79563721025025
8584,137.57305182657277,2974.3365713035414
8585,42.91020447437157,11632.435880079429
8586,47.78634607915709,16031.820095010358
8587,6.641852137982884,19253.406456731438
8588,0.0,17459.147796524325
8589,0.0,20150.53578683501
8590,0.0,23739.053107249252
8591,0.0,25405.150434584437
8592,0.0,24636.18243735281
8593,0.0,21047.66511693857
8594,0.0,21047.66511693857
8595,0.0,16660.303554286198
8596,0.0,15298.58939252187
8597,0.0,11632.435880079429
8598,0.0,14565.358690033374
8599,0.0,18356.277126627883
8600,28.618523763360457,19253.406456731438
8601,103.3878787315572,23739.053107249252
8602,219.54658759004735,21047.66511693857
8603,211.2714312579289,14565.358690033374
8604,313.5256901175116,10899.205177590942
8605,343.7486932947028,10165.974475102461
8606,287.22458587249884,11632.435880079429
8607,221.64113308172628,19253.406456731438
8608,80.44928467108848,24636.18243735281
8609,96.25474526305034,13832.127987544893
8610,52.0675629436408,13832.127987544893
8611,7.079736694667498,18356.277126627883
8612,0.0,18356.277126627883
8613,0.0,14565.358690033374
8614,0.0,12365.666582567917
8615,0.0,10899.205177590942
8616,0.0,8411.716412875021
8617,0.0,6755.477649606911
8618,0.0,4073.948223363301
8619,0.0,4547.159298582758
8620,0.0,5651.3184740948345
8621,0.0,7307.557237362945
8622,0.0,7859.636825118987
8623,0.0,8411.716412875021
8624,6.651741012252955,9537.491015826612
8625,30.779852044048297,16660.303554286198
8626,228.7203705425133,16031.820095010358
8627,299.49281990782845,12365.666582567917
8628,297.07109101849886,7307.557237362945
8629,292.0417508423333,6203.398061850872
8630,226.55508079001015,7307.557237362945
8631,235.4860707933992,15298.58939252187
8632,70.76744694546468,21944.794447042124
8633,93.4867424789064,21944.794447042124
8634,41.37817870075577,29286.014034421587
8635,7.085948872792079,24636.18243735281
8636,0.0,27284.72552880596
8637,0.0,29286.014034421587
8638,0.0,30286.658287229413
8639,0.0,28285.369781613776
8640,0.0,23739.053107249252
8641,0.0,20150.53578683501
8642,0.0,20150.53578683501
8643,0.0,16031.820095010358
8644,0.0,12365.666582567917
8645,0.0,10165.974475102461
8646,0.0,10899.205177590942
8647,0.0,11632.435880079429
8648,24.304851035241175,10899.205177590942
8649,142.4887892778668,13832.127987544893
8650,204.78575977976803,15298.58939252187
8651,300.58171002479605,18356.277126627883
8652,342.3880755748989,17459.147796524325
8653,356.023575544972,15298.58939252187
8654,336.7912117426994,14565.358690033374
8655,281.9647010021284,16660.303554286198
8656,0.0,21944.794447042124
8657,63.71860188463983,24636.18243735281
8658,39.98694101410459,26302.279764687988
8659,7.514550117989338,35146.93037229596
8660,0.0,31287.302540037235
8661,0.0,27284.72552880596
8662,0.0,25405.150434584437
8663,0.0,24636.18243735281
8664,0.0,25405.150434584437
8665,0.0,24636.18243735281
8666,0.0,16031.820095010358
8667,0.0,13098.897285056406
8668,0.0,6203.398061850872
8669,0.0,844.8867328159685
8670,0.0,122.82602195872995
8671,0.0,202.92685500369075
8672,6.218046878075152,418.58294397089287
8673,104.20077899493006,3284.881339416314
8674,212.83004245383688,2974.3365713035414
8675,293.58845436641184,534.3419647031985
8676,340.357746384771,418.58294397089287
8677,357.0092279762246,2353.2470350780004
8678,334.9631059778322,5099.238886338797
8679,269.52868289616805,8963.796000631059
8680,70.67111695589723,12365.666582567917
8681,60.70687834274381,8411.716412875021
8682,37.79388325714864,11632.435880079429
8683,7.0744143163696105,16660.303554286198
8684,0.0,17459.147796524325
8685,0.0,13832.127987544893
8686,0.0,13098.897285056406
8687,0.0,11632.435880079429
8688,0.0,13098.897285056406
8689,0.0,12365.666582567917
8690,0.0,6755.477649606911
8691,0.0,4547.159298582758
8692,0.0,3595.426107529084
8693,0.0,3284.881339416314
8694,0.0,6203.398061850872
8695,0.0,10899.205177590942
8696,38.38502503177845,15298.58939252187
8697,139.08342111553313,21047.66511693857
8698,228.34997633413207,18356.277126627883
8699,298.49780630980405,14565.358690033374
8700,338.0149909296957,10899.205177590942
8701,353.6789247983425,10165.974475102461
8702,330.767778645925,14565.358690033374
8703,278.6036591579776,17459.147796524325
8704,78.17275833422383,18356.277126627883
8705,55.61854999777783,28285.369781613776
8706,39.518376990964654,28285.369781613776
8707,8.395174022185978,28285.369781613776
8708,0.0,28285.369781613776
8709,0.0,29286.014034421587
8710,0.0,23739.053107249252
8711,0.0,15298.58939252187
8712,0.0,8963.796000631059
8713,0.0,3595.426107529084
8714,0.0,2353.2470350780004
8715,0.0,2663.7918031907716
8716,0.0,3284.881339416314
8717,0.0,3284.881339416314
8718,0.0,2353.2470350780004
8719,0.0,246.0580727971312
8720,28.219152545825352,418.58294397089287
8721,118.1379592625064,6203.398061850872
8722,212.6530841362461,12365.666582567917
8723,284.54092084265966,10899.205177590942
8724,306.7045716354401,6755.477649606911
8725,334.0856147317076,5099.238886338797
8726,305.6533861487733,6755.477649606911
8727,264.54190672224337,10165.974475102461
8728,120.84045709344277,21047.66511693857
8729,103.4723597331333,35146.93037229596
8730,55.44101923435616,31287.302540037235
8731,7.070417486862735,23739.053107249252
8732,0.0,18356.277126627883
8733,0.0,17459.147796524325
8734,0.0,13832.127987544893
8735,0.0,10899.205177590942
8736,0.0,13098.897285056406
8737,0.0,10165.974475102461
8738,0.0,8411.716412875021
8739,0.0,2353.2470350780004
8740,0.0,1732.1574988524587
8741,0.0,418.58294397089287
8742,0.0,289.18929059057143
8743,0.0,332.32050838401193
8744,6.6706066666369255,844.8867328159685
8745,91.23393925444164,1732.1574988524587
8746,187.59291362792052,1111.0679626269161
8747,223.14283897201057,1421.6127307396875
8748,323.0529058715174,1732.1574988524587
8749,265.46377534245136,2974.3365713035414
8750,289.31011370076163,3595.426107529084
8751,285.1901354210785,5651.3184740948345
8752,139.83041594753666,10899.205177590942
8753,104.51045151347552,17459.147796524325
8754,48.14766216833858,24636.18243735281
8755,9.272443539712492,27284.72552880596
8756,0.0,25405.150434584437
8757,0.0,25276.98910171249
8758,0.0,25020.666435968622
8759,0.0,24764.34377022475
8760,0.0,24636.18243735281
