Periods,2022,2023
1,290.96521500000046,290.96521500000046
2,255.41673083333322,255.41673083333322
3,258.48755749999987,258.48755749999987
4,265.9333866666666,265.9333866666666
5,274.40851833333346,274.40851833333346
6,342.2052891341769,342.2052891341769
7,487.49560145538766,487.49560145538766
8,685.5716305197091,685.5716305197091
9,698.026522931727,698.026522931727
10,744.853209078022,744.853209078022
11,670.6038807585205,670.6038807585205
12,579.3677054454305,579.3677054454305
13,1026.899136690349,1026.899136690349
14,1186.5105151863006,1186.5105151863006
15,646.0996980453475,646.0996980453475
16,551.6227091666681,551.6227091666681
17,572.408341666668,572.408341666668
18,604.9982416666685,604.9982416666685
19,771.0744777539015,771.0744777539015
20,1222.1604736087995,1222.1604736087995
21,1418.1986860938596,1418.1986860938596
22,1403.4276965326055,1403.4276965326055
23,777.965624581069,777.965624581069
24,477.2172208333361,477.2172208333361
25,305.0961808333337,305.0961808333337
26,260.1542508333333,260.1542508333333
27,276.30838166666655,276.30838166666655
28,286.6125349999999,286.6125349999999
29,290.5876141666667,290.5876141666667
30,357.73703866084327,357.73703866084327
31,490.96132537486824,490.96132537486824
32,569.5498958790411,569.5498958790411
33,857.838177859018,857.838177859018
34,676.1097156867941,676.1097156867941
35,682.742283691342,682.742283691342
36,619.4439398732405,619.4439398732405
37,1123.169324257052,1123.169324257052
38,1122.1693594192295,1122.1693594192295
39,578.6786575259615,578.6786575259615
40,532.9980516666675,532.9980516666675
41,598.3652791666675,598.3652791666675
42,636.2522416666691,636.2522416666691
43,723.1146003664421,723.1146003664421
44,1226.8927562852325,1226.8927562852325
45,1407.0841335132152,1407.0841335132152
46,1251.2274895448431,1251.2274895448431
47,856.085874450061,856.085874450061
48,479.50507416666943,479.50507416666943
49,291.0928241666671,291.0928241666671
50,253.16256499999992,253.16256499999992
51,256.50838166666654,256.50838166666654
52,283.11253749999986,283.11253749999986
53,289.79595166666667,289.79595166666667
54,338.9121064106819,338.9121064106819
55,531.598234583098,531.598234583098
56,667.0511759144165,667.0511759144165
57,752.5349249144551,752.5349249144551
58,697.4992423610461,697.4992423610461
59,639.759437891905,639.759437891905
60,581.076615189792,581.076615189792
61,968.0901211130646,968.0901211130646
62,1152.4871286576877,1152.4871286576877
63,581.293195698571,581.293195698571
64,526.4401433333345,526.4401433333345
65,597.060255000001,597.060255000001
66,654.3510666666685,654.3510666666685
67,726.135212417122,726.135212417122
68,1071.486549728374,1071.486549728374
69,1340.549413046051,1340.549413046051
70,1203.4934365373806,1203.4934365373806
71,778.3271349750376,778.3271349750376
72,483.5176633333362,483.5176633333362
73,283.72146250000037,283.72146250000037
74,262.8084266666666,262.8084266666666
75,267.22923083333325,267.22923083333325
76,283.4333741666665,283.4333741666665
77,285.223756625972,285.223756625972
78,392.7899203963656,392.7899203963656
79,491.05706089491326,491.05706089491326
80,699.8305029868185,699.8305029868185
81,629.895803618133,629.895803618133
82,633.8984329652866,633.8984329652866
83,684.6736355501611,684.6736355501611
84,595.784506894705,595.784506894705
85,879.7420178254724,879.7420178254724
86,1159.9277625129325,1159.9277625129325
87,647.633895717399,647.633895717399
88,529.4649958333346,529.4649958333346
89,579.5394841666675,579.5394841666675
90,668.561701666669,668.561701666669
91,771.3833524861166,771.3833524861166
92,1289.0704205864506,1289.0704205864506
93,1569.8325899738231,1569.8325899738231
94,1312.530155018877,1312.530155018877
95,794.524333564195,794.524333564195
96,468.899510833336,468.899510833336
97,276.13550000000043,276.13550000000043
98,252.33340666666655,252.33340666666655
99,254.61256749999998,254.61256749999998
100,263.83754499999986,263.83754499999986
101,280.604355,280.604355
102,326.166762178079,326.166762178079
103,458.1809007862505,458.1809007862505
104,656.4277089943845,656.4277089943845
105,711.5293654518431,711.5293654518431
106,686.9209924679656,686.9209924679656
107,697.7456343924091,697.7456343924091
108,577.5137049417156,577.5137049417156
109,976.271552547176,976.271552547176
110,1179.507578252237,1179.507578252237
111,635.8335090592016,635.8335090592016
112,531.5852641666675,531.5852641666675
113,586.898384166668,586.898384166668
114,617.7897566666691,617.7897566666691
115,713.4003881680546,713.4003881680546
116,1317.0438930949585,1317.0438930949585
117,1529.1325048904816,1529.1325048904816
118,1285.736261103265,1285.736261103265
119,810.3291292034405,810.3291292034405
120,480.3018733333362,480.3018733333362
121,321.25432250000057,321.25432250000057
122,271.4500749999999,271.4500749999999
123,272.25421583333326,272.25421583333326
124,280.44169833333325,280.44169833333325
125,284.0292566666668,284.0292566666668
126,339.50728650815455,339.50728650815455
127,503.9357764028515,503.9357764028515
128,685.6766620932871,685.6766620932871
129,827.5807222027945,827.5807222027945
130,1248.4401069180894,1248.4401069180894
131,1635.805712510528,1635.805712510528
132,1259.1182815329757,1259.1182815329757
133,1264.1843212382282,1264.1843212382282
134,1090.3020594973896,1090.3020594973896
135,606.596166209232,606.596166209232
136,560.6478816666676,560.6478816666676
137,592.7860900000015,592.7860900000015
138,620.9076608333355,620.9076608333355
139,687.35007932399,687.35007932399
140,1141.23860716536,1141.23860716536
141,1369.862234103994,1369.862234103994
142,1311.5893231438035,1311.5893231438035
143,809.7081074974385,809.7081074974385
144,496.7884900000029,496.7884900000029
145,291.28553916666715,291.28553916666715
146,258.10423333333335,258.10423333333335
147,255.80422083333335,255.80422083333335
148,260.41255499999994,260.41255499999994
149,280.19243669732685,280.19243669732685
150,357.95655886513975,357.95655886513975
151,456.041301856535,456.041301856535
152,656.024872009664,656.024872009664
153,907.6614043195136,907.6614043195136
154,1254.1387369573222,1254.1387369573222
155,1591.0812135389222,1591.0812135389222
156,1244.0075350663146,1244.0075350663146
157,1193.978598560468,1193.978598560468
158,1058.4570028476244,1058.4570028476244
159,565.057591940733,565.057591940733
160,550.3651408333345,550.3651408333345
161,566.4925641666681,566.4925641666681
162,645.0959966666686,645.0959966666686
163,723.7503994522965,723.7503994522965
164,1089.921200995337,1089.921200995337
165,1361.3929333190965,1361.3929333190965
166,1268.0048208875241,1268.0048208875241
167,728.561630997612,728.561630997612
168,490.8110125000028,490.8110125000028
169,301.06114083333375,301.06114083333375
170,268.9375824999999,268.9375824999999
171,277.98340666666644,277.98340666666644
172,277.73755499999993,277.73755499999993
173,277.98200345724473,277.98200345724473
174,312.91471535984874,312.91471535984874
175,529.042086602976,529.042086602976
176,721.75486705439,721.75486705439
177,768.2365663802846,768.2365663802846
178,665.3987044264186,665.3987044264186
179,667.7529177902956,667.7529177902956
180,596.6348256978275,596.6348256978275
181,1050.6303486094964,1050.6303486094964
182,1197.577972752929,1197.577972752929
183,579.133940555265,579.133940555265
184,547.751333333334,547.751333333334
185,609.144324166668,609.144324166668
186,639.912274166669,639.912274166669
187,731.0530253454721,731.0530253454721
188,1327.7422264601162,1327.7422264601162
189,1377.2877367046347,1377.2877367046347
190,1521.7445484237596,1521.7445484237596
191,787.3356028311065,787.3356028311065
192,447.32350666666935,447.32350666666935
193,278.7462800000003,278.7462800000003
194,254.06258749999998,254.06258749999998
195,260.7875475,260.7875475
196,273.0958716666666,273.0958716666666
197,280.6168716666667,280.6168716666667
198,360.09552478627734,360.09552478627734
199,509.8138413531705,509.8138413531705
200,632.3343168665615,632.3343168665615
201,787.5693365200481,787.5693365200481
202,658.8256863171015,658.8256863171015
203,666.3090063530195,666.3090063530195
204,578.309104975567,578.309104975567
205,1086.8838425366341,1086.8838425366341
206,995.9501372465335,995.9501372465335
207,591.1405109549676,591.1405109549676
208,550.806072500001,550.806072500001
209,582.4618958333346,582.4618958333346
210,594.836799166669,594.836799166669
211,722.2133442470905,722.2133442470905
212,1224.1263826447337,1224.1263826447337
213,1593.3810208436212,1593.3810208436212
214,1370.7610628235755,1370.7610628235755
215,719.458353872693,719.458353872693
216,474.5668514786783,474.5668514786783
217,284.71210166666725,284.71210166666725
218,270.39172833333333,270.39172833333333
219,265.0833766666666,265.0833766666666
220,270.60004249999986,270.60004249999986
221,288.0906792207725,288.0906792207725
222,326.66258921057874,326.66258921057874
223,539.5377620582846,539.5377620582846
224,743.5986165811536,743.5986165811536
225,830.9627006678886,830.9627006678886
226,686.495488539551,686.495488539551
227,607.8141109715565,607.8141109715565
228,558.8250177557625,558.8250177557625
229,1042.431301802343,1042.431301802343
230,1074.852404449547,1074.852404449547
231,628.6464296617876,628.6464296617876
232,544.977086666668,544.977086666668
233,624.8877425000015,624.8877425000015
234,641.5449225000025,641.5449225000025
235,716.9198092649685,716.9198092649685
236,1175.101121654836,1175.101121654836
237,1421.3560687343042,1421.3560687343042
238,1168.9268072778666,1168.9268072778666
239,811.1402837763526,811.1402837763526
240,486.8203633333362,486.8203633333362
241,278.0220750000005,278.0220750000005
242,264.10424833333326,264.10424833333326
243,278.7375349999998,278.7375349999998
244,284.07504749999987,284.07504749999987
245,284.69265871043956,284.69265871043956
246,375.6986455094318,375.6986455094318
247,472.149508322593,472.149508322593
248,700.597438461624,700.597438461624
249,786.6641073865756,786.6641073865756
250,726.5703828473705,726.5703828473705
251,615.846825390931,615.846825390931
252,624.465003964799,624.465003964799
253,1121.0273563026847,1121.0273563026847
254,1204.465580129103,1204.465580129103
255,592.3371447160715,592.3371447160715
256,550.6104216666675,550.6104216666675
257,583.547363333334,583.547363333334
258,603.949812500002,603.949812500002
259,780.5954032945565,780.5954032945565
260,1221.9736164713174,1221.9736164713174
261,1386.0420267237942,1386.0420267237942
262,1384.9464573361286,1384.9464573361286
263,741.7999502380161,741.7999502380161
264,460.9718250000028,460.9718250000028
265,296.61378000000053,296.61378000000053
266,269.31255249999987,269.31255249999987
267,286.5333841666665,286.5333841666665
268,287.4500474999999,287.4500474999999
269,290.46384549637827,290.46384549637827
270,420.22062521527596,420.22062521527596
271,485.3147704415209,485.3147704415209
272,648.8616487124675,648.8616487124675
273,749.9021059475506,749.9021059475506
274,700.4938137106925,700.4938137106925
275,612.902468458527,612.902468458527
276,601.036227680645,601.036227680645
277,1147.7914778022036,1147.7914778022036
278,1365.5510528176717,1365.5510528176717
279,582.4938779138155,582.4938779138155
280,551.8939216666676,551.8939216666676
281,606.0976241666675,606.0976241666675
282,635.6826825000026,635.6826825000026
283,760.522319784219,760.522319784219
284,1315.089539175734,1315.089539175734
285,1603.392369132229,1603.392369132229
286,1308.654217856826,1308.654217856826
287,742.5519222215645,742.5519222215645
288,482.1932391666696,482.1932391666696
289,288.10693333333364,288.10693333333364
290,261.2167408333332,261.2167408333332
291,264.8250499999999,264.8250499999999
292,278.00006999999994,278.00006999999994
293,283.4084825,283.4084825
294,370.32137325151683,370.32137325151683
295,528.5217383734835,528.5217383734835
296,695.0148200770376,695.0148200770376
297,805.0144044583676,805.0144044583676
298,1074.7904977615,1074.7904977615
299,1793.415091900278,1793.415091900278
300,1291.901892159035,1291.901892159035
301,1274.5091012088435,1274.5091012088435
302,1159.841508908651,1159.841508908651
303,588.260259585881,588.260259585881
304,541.3642933333346,541.3642933333346
305,584.286081666668,584.286081666668
306,600.8957150000025,600.8957150000025
307,706.3147388486625,706.3147388486625
308,1170.092343472842,1170.092343472842
309,1814.946203247103,1814.946203247103
310,1550.57025792608,1550.57025792608
311,730.5145291041121,730.5145291041121
312,450.7773675000028,450.7773675000028
313,271.44286250000033,271.44286250000033
314,268.2667258333332,268.2667258333332
315,280.0417333333332,280.0417333333332
316,276.9250599999999,276.9250599999999
317,293.54685755182123,293.54685755182123
318,371.03433699705624,371.03433699705624
319,499.0912954373901,499.0912954373901
320,711.139178577981,711.139178577981
321,852.7060736616716,852.7060736616716
322,1300.172006227582,1300.172006227582
323,1615.5419984773316,1615.5419984773316
324,1054.890241460891,1054.890241460891
325,1203.0466087342036,1203.0466087342036
326,1220.9607358861615,1220.9607358861615
327,594.23983126262,594.23983126262
328,541.2642625000011,541.2642625000011
329,586.6114466666676,586.6114466666676
330,640.1977866666685,640.1977866666685
331,745.652765316825,745.652765316825
332,1247.3142221401322,1247.3142221401322
333,1895.2065227873027,1895.2065227873027
334,1722.2215041493205,1722.2215041493205
335,791.1010901195525,791.1010901195525
336,458.51365250000276,458.51365250000276
337,295.69521666666714,295.69521666666714
338,262.6750749999999,262.6750749999999
339,260.6584066666667,260.6584066666667
340,286.3833916666666,286.3833916666666
341,280.3903707053208,280.3903707053208
342,395.5392628822775,395.5392628822775
343,519.4194717405755,519.4194717405755
344,681.9533891088576,681.9533891088576
345,717.5725252740676,717.5725252740676
346,703.279459196146,703.279459196146
347,629.377248807794,629.377248807794
348,579.746563699785,579.746563699785
349,1013.0911494691966,1013.0911494691966
350,1261.94075449666,1261.94075449666
351,641.203346586377,641.203346586377
352,518.172625000001,518.172625000001
353,585.0295925000011,585.0295925000011
354,616.7643416666691,616.7643416666691
355,782.8032582852466,782.8032582852466
356,1234.9778691899485,1234.9778691899485
357,1407.6778524837787,1407.6778524837787
358,1164.133883819011,1164.133883819011
359,825.6143616071149,825.6143616071149
360,481.17659166666937,481.17659166666937
361,292.89272833333376,292.89272833333376
362,264.4459141666667,264.4459141666667
363,267.80006249999997,267.80006249999997
364,275.30004750000006,275.30004750000006
365,283.5251916666667,283.5251916666667
366,360.8469287310006,360.8469287310006
367,466.79883301546846,466.79883301546846
368,710.5509875942361,710.5509875942361
369,717.5695313842001,717.5695313842001
370,714.8906041234926,714.8906041234926
371,672.5317669245885,672.5317669245885
372,566.723970872546,566.723970872546
373,866.7948908088825,866.7948908088825
374,1110.698229954113,1110.698229954113
375,614.1865749816735,614.1865749816735
376,548.0892116666676,548.0892116666676
377,602.124721666668,602.124721666668
378,631.7421400000021,631.7421400000021
379,725.8622218341211,725.8622218341211
380,1274.899587285834,1274.899587285834
381,1420.0685903600631,1420.0685903600631
382,1174.6280190836756,1174.6280190836756
383,806.2205163043391,806.2205163043391
384,498.2258283333358,498.2258283333358
385,287.97452666666703,287.97452666666703
386,264.1458841666666,264.1458841666666
387,274.5417308333332,274.5417308333332
388,281.3250349999999,281.3250349999999
389,295.5046037593771,295.5046037593771
390,370.65217466813783,370.65217466813783
391,553.6332979093715,553.6332979093715
392,652.68044647738,652.68044647738
393,740.0648422516315,740.0648422516315
394,806.1750391878331,806.1750391878331
395,603.871285310773,603.871285310773
396,610.518749843585,610.518749843585
397,1092.097787707382,1092.097787707382
398,1076.173546130341,1076.173546130341
399,596.3210726424495,596.3210726424495
400,540.4479358333346,540.4479358333346
401,595.628145000001,595.628145000001
402,611.9286833333356,611.9286833333356
403,726.816494378028,726.816494378028
404,1185.9116732485352,1185.9116732485352
405,1473.924744397856,1473.924744397856
406,1358.000770050037,1358.000770050037
407,777.2559867200071,777.2559867200071
408,470.4358341666691,470.4358341666691
409,293.6295216666672,293.6295216666672
410,260.6667383333333,260.6667383333333
411,261.2292158333332,261.2292158333332
412,268.8750499999998,268.8750499999998
413,287.8055358592935,287.8055358592935
414,350.9856875449641,350.9856875449641
415,468.9043237097903,468.9043237097903
416,622.3920458515511,622.3920458515511
417,791.4430646047836,791.4430646047836
418,697.1364862146875,697.1364862146875
419,581.9757445785596,581.9757445785596
420,591.760827101739,591.760827101739
421,913.759827605184,913.759827605184
422,1056.0953555988865,1056.0953555988865
423,619.2622273701755,619.2622273701755
424,537.6021516666681,537.6021516666681
425,560.8233475000014,560.8233475000014
426,632.7736500000026,632.7736500000026
427,743.0069517356865,743.0069517356865
428,1142.6372801373686,1142.6372801373686
429,1371.057799001247,1371.057799001247
430,1281.913998926394,1281.913998926394
431,747.4769099800756,747.4769099800756
432,461.91884750000276,461.91884750000276
433,283.83107750000033,283.83107750000033
434,259.77090416666664,259.77090416666664
435,274.5500624999999,274.5500624999999
436,279.02921083333325,279.02921083333325
437,287.52105083333345,287.52105083333345
438,399.58304472838705,399.58304472838705
439,499.82294939062405,499.82294939062405
440,672.10094220277,672.10094220277
441,661.6974582674535,661.6974582674535
442,659.860920524488,659.860920524488
443,652.4484713160685,652.4484713160685
444,602.8385637583391,602.8385637583391
445,840.7652974518286,840.7652974518286
446,1069.2101757566415,1069.2101757566415
447,618.5576736395615,618.5576736395615
448,524.7025866666676,524.7025866666676
449,570.3751008333346,570.3751008333346
450,634.077680000002,634.077680000002
451,758.4685737004006,758.4685737004006
452,1282.0393108174667,1282.0393108174667
453,1396.4264479036606,1396.4264479036606
454,1315.1316137182157,1315.1316137182157
455,752.4873817256655,752.4873817256655
456,479.68138583333615,479.68138583333615
457,307.5937575000005,307.5937575000005
458,269.87505249999975,269.87505249999975
459,269.6208916666667,269.6208916666667
460,277.1583691666666,277.1583691666666
461,281.4720152743973,281.4720152743973
462,337.65431256779294,337.65431256779294
463,465.6281886444153,465.6281886444153
464,704.2930137061026,704.2930137061026
465,845.0256333473656,845.0256333473656
466,1232.9751477426842,1232.9751477426842
467,1616.519065349264,1616.519065349264
468,1206.2588978275205,1206.2588978275205
469,1172.9636105000525,1172.9636105000525
470,1137.3832461760455,1137.3832461760455
471,601.900254164713,601.900254164713
472,569.4060216666675,569.4060216666675
473,616.0649166666681,616.0649166666681
474,645.219355000002,645.219355000002
475,737.4317594310486,737.4317594310486
476,1254.542787737777,1254.542787737777
477,1493.5920111164926,1493.5920111164926
478,1268.656388748732,1268.656388748732
479,756.8487801064816,756.8487801064816
480,446.93300000000266,446.93300000000266
481,286.96032083333364,286.96032083333364
482,256.72507250000007,256.72507250000007
483,271.8958866666666,271.8958866666666
484,288.12088166666655,288.12088166666655
485,298.4918291666667,298.4918291666667
486,364.7280674451381,364.7280674451381
487,522.085228370168,522.085228370168
488,684.4034820918696,684.4034820918696
489,890.3617942486835,890.3617942486835
490,1298.781675414224,1298.781675414224
491,1570.573306360272,1570.573306360272
492,1274.73658149027,1274.73658149027
493,1261.8003354322316,1261.8003354322316
494,1232.436676762139,1232.436676762139
495,609.8709169259805,609.8709169259805
496,562.376840000001,562.376840000001
497,599.1267616666676,599.1267616666676
498,599.6471183333355,599.6471183333355
499,715.8450066722685,715.8450066722685
500,1086.3612787429445,1086.3612787429445
501,1477.294521041678,1477.294521041678
502,1508.5771812385638,1508.5771812385638
503,704.3060748682495,704.3060748682495
504,458.40128666666925,458.40128666666925
505,272.61132833333386,272.61132833333386
506,259.7834016666665,259.7834016666665
507,266.2208966666666,266.2208966666666
508,262.4792133333333,262.4792133333333
509,268.54602416666677,268.54602416666677
510,401.86103321760316,401.86103321760316
511,512.6692362566431,512.6692362566431
512,652.1534797112195,652.1534797112195
513,732.1843582199056,732.1843582199056
514,682.1889340842661,682.1889340842661
515,666.077149930913,666.077149930913
516,608.4036108417284,608.4036108417284
517,998.8679941967926,998.8679941967926
518,1081.3016733178754,1081.3016733178754
519,632.284870542004,632.284870542004
520,533.0905525000011,533.0905525000011
521,572.564774166668,572.564774166668
522,656.009772500002,656.009772500002
523,761.033135876281,761.033135876281
524,1192.937596324683,1192.937596324683
525,1503.7285720603315,1503.7285720603315
526,1339.0946543845605,1339.0946543845605
527,761.4943971543601,761.4943971543601
528,434.25540000000285,434.25540000000285
529,299.19451833333386,299.19451833333386
530,262.48340166666657,262.48340166666657
531,265.07087916666654,265.07087916666654
532,278.5250324999999,278.5250324999999
533,285.9627491666667,285.9627491666667
534,315.0657737949366,315.0657737949366
535,483.1397650069713,483.1397650069713
536,688.633979993013,688.633979993013
537,772.9222745877305,772.9222745877305
538,755.365991166939,755.365991166939
539,677.9785962249811,677.9785962249811
540,561.710972523651,561.710972523651
541,1097.111642525342,1097.111642525342
542,1179.0308983051445,1179.0308983051445
543,612.034099802423,612.034099802423
544,551.6943008333345,551.6943008333345
545,591.2150400000015,591.2150400000015
546,586.079602500002,586.079602500002
547,719.8908968518446,719.8908968518446
548,1179.3106284882695,1179.3106284882695
549,1408.5624416677556,1408.5624416677556
550,1390.4217229025944,1390.4217229025944
551,768.695031772226,768.695031772226
552,476.55119500000274,476.55119500000274
553,295.34866000000045,295.34866000000045
554,254.99591416666658,254.99591416666658
555,272.22091166666655,272.22091166666655
556,265.2125399999999,265.2125399999999
557,279.3504800523892,279.3504800523892
558,387.57788952128703,387.57788952128703
559,474.5766807942454,474.5766807942454
560,615.6736197262935,615.6736197262935
561,703.9182786445616,703.9182786445616
562,699.720019997063,699.720019997063
563,675.78794387405,675.78794387405
564,583.534091831103,583.534091831103
565,1004.3431235683146,1004.3431235683146
566,1263.3041468215465,1263.3041468215465
567,604.0995756612671,604.0995756612671
568,539.398008333334,539.398008333334
569,567.227496666668,567.227496666668
570,658.130463333336,658.130463333336
571,728.312796245145,728.312796245145
572,1270.9263230271697,1270.9263230271697
573,1419.1382632350092,1419.1382632350092
574,1469.9402585558996,1469.9402585558996
575,786.1161709895005,786.1161709895005
576,463.17628666666945,463.17628666666945
577,307.61706666666714,307.61706666666714
578,263.9375924999999,263.9375924999999
579,268.8292258333333,268.8292258333333
580,283.96254749999986,283.96254749999986
581,306.9445483033929,306.9445483033929
582,391.22033686150417,391.22033686150417
583,549.018532806593,549.018532806593
584,637.1850450669795,637.1850450669795
585,779.2254025793395,779.2254025793395
586,686.6394247756585,686.6394247756585
587,629.7509965087465,629.7509965087465
588,588.1845021988305,588.1845021988305
589,1096.0043259473175,1096.0043259473175
590,1220.7904813626835,1220.7904813626835
591,580.7675793900861,580.7675793900861
592,530.2354316666675,530.2354316666675
593,565.920287500001,565.920287500001
594,613.6110000000025,613.6110000000025
595,790.7939124014756,790.7939124014756
596,1146.0967920473306,1146.0967920473306
597,1537.73679224968,1537.73679224968
598,1291.3785703078347,1291.3785703078347
599,786.1936568046406,786.1936568046406
600,479.2667383333358,479.2667383333358
601,315.2111416666671,315.2111416666671
602,267.4042408333333,267.4042408333333
603,256.21256249999993,256.21256249999993
604,274.5083816666666,274.5083816666666
605,269.7584908333335,269.7584908333335
606,326.2661033654629,326.2661033654629
607,492.3208937840766,492.3208937840766
608,579.588372615082,579.588372615082
609,771.2025735032066,771.2025735032066
610,629.3647381208056,629.3647381208056
611,628.4537106933091,628.4537106933091
612,558.3270097291146,558.3270097291146
613,964.1804242514445,964.1804242514445
614,1067.6662648104136,1067.6662648104136
615,564.7512855343546,564.7512855343546
616,547.9186716666676,547.9186716666676
617,581.9233883333345,581.9233883333345
618,645.019384166669,645.019384166669
619,785.3383293454806,785.3383293454806
620,1276.2715922899552,1276.2715922899552
621,1499.9293343848112,1499.9293343848112
622,1272.364806961395,1272.364806961395
623,750.072192465897,750.072192465897
624,489.97531750000303,489.97531750000303
625,280.06717416666703,280.06717416666703
626,251.58339916666665,251.58339916666665
627,253.35004999999992,253.35004999999992
628,272.6458716666666,272.6458716666666
629,278.977400328167,278.977400328167
630,350.10261054591086,350.10261054591086
631,495.97175970612074,495.97175970612074
632,648.86285556329,648.86285556329
633,879.128736462113,879.128736462113
634,1173.452705644241,1173.452705644241
635,1623.8403226129005,1623.8403226129005
636,1331.0619307945306,1331.0619307945306
637,1459.365786587212,1459.365786587212
638,1256.209108061904,1256.209108061904
639,613.8600781615926,613.8600781615926
640,547.4019083333345,547.4019083333345
641,593.576074166668,593.576074166668
642,616.814806666669,616.814806666669
643,746.273408189531,746.273408189531
644,1197.953538960156,1197.953538960156
645,1383.0449990126765,1383.0449990126765
646,1365.607180142728,1365.607180142728
647,750.3160641902385,750.3160641902385
648,470.6550141666695,470.6550141666695
649,292.3952883333338,292.3952883333338
650,248.7959166666666,248.7959166666666
651,261.9792233333332,261.9792233333332
652,277.3334016666666,277.3334016666666
653,283.4597550789965,283.4597550789965
654,323.46584232116123,323.46584232116123
655,457.18905180788533,457.18905180788533
656,657.103009210854,657.103009210854
657,869.2552817529495,869.2552817529495
658,1174.4895903038075,1174.4895903038075
659,1626.5020931283066,1626.5020931283066
660,1311.6412104460676,1311.6412104460676
661,1334.1672473727895,1334.1672473727895
662,1108.866271822987,1108.866271822987
663,614.1675980559211,614.1675980559211
664,536.9944483333345,536.9944483333345
665,585.0736583333345,585.0736583333345
666,652.598452500002,652.598452500002
667,775.5987881913316,775.5987881913316
668,1250.038328928728,1250.038328928728
669,1471.1417774647866,1471.1417774647866
670,1397.6192068256921,1397.6192068256921
671,792.9014634237615,792.9014634237615
672,453.32955083333604,453.32955083333604
673,293.2751525000003,293.2751525000003
674,255.75423083333322,255.75423083333322
675,262.0417333333333,262.0417333333333
676,270.52505749999995,270.52505749999995
677,289.9678261214714,289.9678261214714
678,361.8566949582242,361.8566949582242
679,510.722064723768,510.722064723768
680,674.0913716887561,674.0913716887561
681,725.9952591549126,725.9952591549126
682,672.7880777287955,672.7880777287955
683,609.6651501223615,609.6651501223615
684,569.0088138602375,569.0088138602375
685,1064.776333872607,1064.776333872607
686,1197.9402696341995,1197.9402696341995
687,633.8665798573716,633.8665798573716
688,577.2271408333345,577.2271408333345
689,604.2558883333345,604.2558883333345
690,669.4965208333356,669.4965208333356
691,736.1580639170605,736.1580639170605
692,1294.3827570917126,1294.3827570917126
693,1742.9787595794744,1742.9787595794744
694,1332.6377221854837,1332.6377221854837
695,741.8325241180296,741.8325241180296
696,471.67220000000253,471.67220000000253
697,280.85531250000025,280.85531250000025
698,259.1000925,259.1000925
699,264.19589666666656,264.19589666666656
700,272.35421833333334,272.35421833333334
701,292.20680439656763,292.20680439656763
702,353.5408645316227,353.5408645316227
703,450.9720465832745,450.9720465832745
704,710.9254757061635,710.9254757061635
705,727.3427190022155,727.3427190022155
706,678.341253858016,678.341253858016
707,613.7274486348525,613.7274486348525
708,562.544115066003,562.544115066003
709,1057.8708643915202,1057.8708643915202
710,1190.315845983386,1190.315845983386
711,642.736881060939,642.736881060939
712,540.3018316666675,540.3018316666675
713,548.8405908333345,548.8405908333345
714,610.617134166669,610.617134166669
715,714.7066297399051,714.7066297399051
716,1059.58021245293,1059.58021245293
717,1408.0654320299586,1408.0654320299586
718,1301.9868390046802,1301.9868390046802
719,769.9611303688156,769.9611303688156
720,473.6510758333359,473.6510758333359
721,300.6511333333337,300.6511333333337
722,275.7000799999998,275.7000799999998
723,277.94172583333324,277.94172583333324
724,285.5542108333333,285.5542108333333
725,303.56824493276827,303.56824493276827
726,347.83358046681485,347.83358046681485
727,533.083850294215,533.083850294215
728,709.1828722970155,709.1828722970155
729,736.585415757052,736.585415757052
730,701.241276628838,701.241276628838
731,643.5807411575556,643.5807411575556
732,607.3491611389285,607.3491611389285
733,1317.9915119704547,1317.9915119704547
734,1122.4080587782844,1122.4080587782844
735,610.110397269881,610.110397269881
736,571.2065316666675,571.2065316666675
737,581.441896666668,581.441896666668
738,618.0827975000025,618.0827975000025
739,767.5705106173341,767.5705106173341
740,1219.5075860392287,1219.5075860392287
741,1494.2655574530186,1494.2655574530186
742,1516.042299180993,1516.042299180993
743,789.0593935158,789.0593935158
744,462.21648083333616,462.21648083333616
745,302.7670033333338,302.7670033333338
746,271.7208991666666,271.7208991666666
747,267.0542208333333,267.0542208333333
748,275.2250399999998,275.2250399999998
749,283.64182416666665,283.64182416666665
750,349.8719851111254,349.8719851111254
751,476.17307652195916,476.17307652195916
752,736.703879622515,736.703879622515
753,800.035496957435,800.035496957435
754,731.5058097037005,731.5058097037005
755,560.2733150597195,560.2733150597195
756,572.2154090473745,572.2154090473745
757,978.0642917494715,978.0642917494715
758,1188.6222693761126,1188.6222693761126
759,599.25903503559,599.25903503559
760,542.8191891666675,542.8191891666675
761,598.7815533333345,598.7815533333345
762,621.6333041666685,621.6333041666685
763,740.6557359631526,740.6557359631526
764,1146.6319572344985,1146.6319572344985
765,1322.3917606936984,1322.3917606936984
766,1421.4019044291756,1421.4019044291756
767,830.9465078603721,830.9465078603721
768,505.7836575000031,505.7836575000031
769,286.05635166666696,286.05635166666696
770,263.41256250000004,263.41256250000004
771,270.84175083333326,270.84175083333326
772,280.5208941666666,280.5208941666666
773,282.8169654339965,282.8169654339965
774,346.69113096807706,346.69113096807706
775,474.2695805052573,474.2695805052573
776,684.6751309413311,684.6751309413311
777,612.909954650861,612.909954650861
778,709.576743078806,709.576743078806
779,675.23279337005,675.23279337005
780,609.9275937908841,609.9275937908841
781,1155.508746832669,1155.508746832669
782,1194.673968553895,1194.673968553895
783,592.5815284633265,592.5815284633265
784,560.1394816666675,560.1394816666675
785,606.1065108333345,606.1065108333345
786,654.8920950000025,654.8920950000025
787,703.6049274844845,703.6049274844845
788,1276.252788473319,1276.252788473319
789,1407.2017394213717,1407.2017394213717
790,1285.3101801394096,1285.3101801394096
791,761.8790115289901,761.8790115289901
792,499.9088950000024,499.9088950000024
793,285.4878416666671,285.4878416666671
794,269.5292433333333,269.5292433333333
795,265.1667158333332,265.1667158333332
796,274.0583816666666,274.0583816666666
797,283.32453757267285,283.32453757267285
798,430.2785885613211,430.2785885613211
799,488.37961774407927,488.37961774407927
800,547.6039781655195,547.6039781655195
801,801.1492259398656,801.1492259398656
802,682.746008689219,682.746008689219
803,613.5355044780871,613.5355044780871
804,608.0901721793911,608.0901721793911
805,1048.8505003853104,1048.8505003853104
806,1123.5058651899087,1123.5058651899087
807,657.122830870871,657.122830870871
808,537.6312008333346,537.6312008333346
809,562.8635316666681,562.8635316666681
810,617.5044950000021,617.5044950000021
811,723.2688397026836,723.2688397026836
812,1223.3820421183586,1223.3820421183586
813,1375.6616324742772,1375.6616324742772
814,1235.6767762930472,1235.6767762930472
815,903.4446464592995,903.4446464592995
816,496.5906691666693,496.5906691666693
817,291.5154641666672,291.5154641666672
818,266.67922833333336,266.67922833333336
819,264.50006999999994,264.50006999999994
820,281.4125624999999,281.4125624999999
821,293.876945040668,293.876945040668
822,385.4140495516078,385.4140495516078
823,503.418204468115,503.418204468115
824,658.2315718435816,658.2315718435816
825,712.216556580212,712.216556580212
826,662.9270376948866,662.9270376948866
827,627.5840119497635,627.5840119497635
828,592.6726756661345,592.6726756661345
829,949.2189678872936,949.2189678872936
830,1056.776296235619,1056.776296235619
831,618.0166976065435,618.0166976065435
832,560.5689041666681,560.5689041666681
833,570.4865758333345,570.4865758333345
834,636.0439633333356,636.0439633333356
835,822.871930031469,822.871930031469
836,1400.4640477085402,1400.4640477085402
837,1582.312184026232,1582.312184026232
838,1326.0228811312118,1326.0228811312118
839,825.2615999054011,825.2615999054011
840,536.4986491666695,536.4986491666695
841,295.1878991666671,295.1878991666671
842,249.6250749999999,249.6250749999999
843,276.2333966666666,276.2333966666666
844,269.58754249999987,269.58754249999987
845,283.49612499999995,283.49612499999995
846,356.68228500546,356.68228500546
847,510.0847401851756,510.0847401851756
848,729.7843189800685,729.7843189800685
849,817.4307268923526,817.4307268923526
850,663.0084553197655,663.0084553197655
851,586.7701343151961,586.7701343151961
852,576.9505073876405,576.9505073876405
853,919.4975652501266,919.4975652501266
854,881.8056396340846,881.8056396340846
855,593.0420606204685,593.0420606204685
856,537.9274808333346,537.9274808333346
857,610.1186958333345,610.1186958333345
858,610.8379791671865,610.8379791671865
859,752.9961007302906,752.9961007302906
860,1186.96095487596,1186.96095487596
861,1567.4269568317325,1567.4269568317325
862,1166.441427772939,1166.441427772939
863,747.0176887242806,747.0176887242806
864,540.0433708333361,540.0433708333361
865,290.8911458333337,290.8911458333337
866,273.4000674999999,273.4000674999999
867,277.2125474999999,277.2125474999999
868,284.2542008333333,284.2542008333333
869,295.4384826079335,295.4384826079335
870,403.9363975485935,403.9363975485935
871,447.13929752180997,447.13929752180997
872,667.6091065302601,667.6091065302601
873,826.7868907093606,826.7868907093606
874,1345.5553879024255,1345.5553879024255
875,1538.4892173704316,1538.4892173704316
876,1413.845363458731,1413.845363458731
877,1257.0147405245307,1257.0147405245307
878,1287.583668425482,1287.583668425482
879,627.22770780811,627.22770780811
880,539.0850558333345,539.0850558333345
881,595.581217500001,595.581217500001
882,604.5980408333355,604.5980408333355
883,701.4512009460486,701.4512009460486
884,1155.604380361031,1155.604380361031
885,1274.9430613903146,1274.9430613903146
886,1420.7899181009955,1420.7899181009955
887,826.9078068442445,826.9078068442445
888,516.162938333336,516.162938333336
889,272.6220516666671,272.6220516666671
890,253.44590916666664,253.44590916666664
891,267.5292158333331,267.5292158333331
892,263.3542183333333,263.3542183333333
893,271.54856271182695,271.54856271182695
894,315.6927807478023,315.6927807478023
895,479.35288112041957,479.35288112041957
896,669.7885803978835,669.7885803978835
897,799.1620005248355,799.1620005248355
898,1349.2499294260551,1349.2499294260551
899,1483.7593616883876,1483.7593616883876
900,1147.7948752083355,1147.7948752083355
901,1345.950512847658,1345.950512847658
902,1294.2868615886846,1294.2868615886846
903,591.922427756705,591.922427756705
904,574.0517766666675,574.0517766666675
905,593.434646666668,593.434646666668
906,624.4139175000021,624.4139175000021
907,726.2807326387025,726.2807326387025
908,1294.6676713882553,1294.6676713882553
909,1573.564995714507,1573.564995714507
910,1374.046850911111,1374.046850911111
911,777.0261547225555,777.0261547225555
912,506.090370833336,506.090370833336
913,310.8336316666672,310.8336316666672
914,272.16256749999997,272.16256749999997
915,280.20838916666656,280.20838916666656
916,285.02505999999994,285.02505999999994
917,300.345255120015,300.345255120015
918,346.60427577444784,346.60427577444784
919,552.638986105425,552.638986105425
920,747.6585651885846,747.6585651885846
921,801.1437544995846,801.1437544995846
922,728.7182537124501,728.7182537124501
923,606.6398811877569,606.6398811877569
924,603.3341716244695,603.3341716244695
925,1088.6806200290584,1088.6806200290584
926,1207.5010286986644,1207.5010286986644
927,628.7972874869085,628.7972874869085
928,555.3978158333346,555.3978158333346
929,573.173575000001,573.173575000001
930,602.1305716666691,602.1305716666691
931,697.9513021288135,697.9513021288135
932,1579.2159699871886,1579.2159699871886
933,1430.874658747502,1430.874658747502
934,1305.1999994389835,1305.1999994389835
935,811.7927932835476,811.7927932835476
936,536.0824566666696,536.0824566666696
937,330.1129875000006,330.1129875000006
938,278.61258249999986,278.61258249999986
939,286.16255750000005,286.16255750000005
940,280.9583966666666,280.9583966666666
941,303.37114464758906,303.37114464758906
942,331.4957569578767,331.4957569578767
943,499.88032871405215,499.88032871405215
944,830.4860451915334,830.4860451915334
945,702.6271898517135,702.6271898517135
946,664.9054928243665,664.9054928243665
947,653.4764536663325,653.4764536663325
948,590.7369528280365,590.7369528280365
949,1010.785510020513,1010.785510020513
950,1081.4088228889284,1081.4088228889284
951,583.0518078974825,583.0518078974825
952,539.8606258333346,539.8606258333346
953,553.7000691666675,553.7000691666675
954,618.9921775000021,618.9921775000021
955,696.2467975430466,696.2467975430466
956,1356.5661159248446,1356.5661159248446
957,1522.4358150723692,1522.4358150723692
958,1260.911832320532,1260.911832320532
959,902.0958037439719,902.0958037439719
960,552.4476325000026,552.4476325000026
961,314.58686416666706,314.58686416666706
962,277.10006999999996,277.10006999999996
963,265.7500449999999,265.7500449999999
964,267.1083766666666,267.1083766666666
965,292.08293044077806,292.08293044077806
966,344.7813875365583,344.7813875365583
967,469.0787045923225,469.0787045923225
968,640.3061781234745,640.3061781234745
969,700.027861994242,700.027861994242
970,685.1391701207381,685.1391701207381
971,593.423044643804,593.423044643804
972,579.3459258461651,579.3459258461651
973,1076.4384925064292,1076.4384925064292
974,1097.5156153030182,1097.5156153030182
975,591.336269285498,591.336269285498
976,537.0107408333346,537.0107408333346
977,580.606916666668,580.606916666668
978,673.4110850000025,673.4110850000025
979,704.5763758292491,704.5763758292491
980,1252.4427335170312,1252.4427335170312
981,1764.5570986941157,1764.5570986941157
982,1384.699277384843,1384.699277384843
983,818.8407007197036,818.8407007197036
984,509.773360000003,509.773360000003
985,275.70359083333375,275.70359083333375
986,249.73757499999988,249.73757499999988
987,261.58754499999986,261.58754499999986
988,266.0917333333333,266.0917333333333
989,286.42143916267787,286.42143916267787
990,339.6559942769964,339.6559942769964
991,520.4319696761445,520.4319696761445
992,716.6695414892615,716.6695414892615
993,739.744290273818,739.744290273818
994,739.0837673684046,739.0837673684046
995,652.2043385576211,652.2043385576211
996,582.5813436178,582.5813436178
997,989.8879961015715,989.8879961015715
998,977.2096979710325,977.2096979710325
999,618.2614930933836,618.2614930933836
1000,563.627370000001,563.627370000001
1001,580.7031725000015,580.7031725000015
1002,620.438595000002,620.438595000002
1003,710.7742600404895,710.7742600404895
1004,1324.629554630068,1324.629554630068
1005,1703.3213488388335,1703.3213488388335
1006,1323.9872733461225,1323.9872733461225
1007,736.996417324347,736.996417324347
1008,497.8397908333358,497.8397908333358
1009,280.5886425000005,280.5886425000005
1010,269.0458941666665,269.0458941666665
1011,261.2333816666666,261.2333816666666
1012,268.36670583333324,268.36670583333324
1013,269.2001366666668,269.2001366666668
1014,325.3067335443532,325.3067335443532
1015,438.9470924198588,438.9470924198588
1016,560.1209160618081,560.1209160618081
1017,824.4303727973546,824.4303727973546
1018,690.4186375587016,690.4186375587016
1019,655.5719808906796,655.5719808906796
1020,587.148358994204,587.148358994204
1021,950.0649957399115,950.0649957399115
1022,1157.669023829787,1157.669023829787
1023,634.4086584787291,634.4086584787291
1024,553.4311208333346,553.4311208333346
1025,587.5601183333346,587.5601183333346
1026,622.235888333336,622.235888333336
1027,702.81469424448,702.81469424448
1028,1146.928280412686,1146.928280412686
1029,1580.3719533461572,1580.3719533461572
1030,1455.0148343029437,1455.0148343029437
1031,812.003161844475,812.003161844475
1032,528.5715033333361,528.5715033333361
1033,299.85452250000037,299.85452250000037
1034,263.40423083333326,263.40423083333326
1035,266.6083866666666,266.6083866666666
1036,285.0458891666665,285.0458891666665
1037,283.82832740920514,283.82832740920514
1038,380.4080537797744,380.4080537797744
1039,529.8306048815506,529.8306048815506
1040,686.940274159404,686.940274159404
1041,922.151946818061,922.151946818061
1042,1231.490389113612,1231.490389113612
1043,1761.1193426075406,1761.1193426075406
1044,1142.1171468465611,1142.1171468465611
1045,1374.8045068470356,1374.8045068470356
1046,1211.2663060058126,1211.2663060058126
1047,613.1856710932925,613.1856710932925
1048,547.7731766666681,547.7731766666681
1049,563.754287500001,563.754287500001
1050,609.562354166669,609.562354166669
1051,712.2759707259,712.2759707259
1052,1054.0812903981966,1054.0812903981966
1053,1475.0047295854536,1475.0047295854536
1054,1444.9440313708064,1444.9440313708064
1055,811.7517873674825,811.7517873674825
1056,510.795679121112,510.795679121112
1057,280.80302000000034,280.80302000000034
1058,261.12090416666666,261.12090416666666
1059,258.6708766666666,258.6708766666666
1060,268.22504499999997,268.22504499999997
1061,275.792238810796,275.792238810796
1062,442.34663090725064,442.34663090725064
1063,543.216994089278,543.216994089278
1064,533.951233650143,533.951233650143
1065,851.4581302325031,851.4581302325031
1066,1372.1602563781562,1372.1602563781562
1067,1452.9977629060436,1452.9977629060436
1068,1209.0136342337262,1209.0136342337262
1069,1200.4052011936471,1200.4052011936471
1070,1159.9300350473425,1159.9300350473425
1071,619.368031711249,619.368031711249
1072,557.8274716666675,557.8274716666675
1073,602.236552500001,602.236552500001
1074,631.8734933333355,631.8734933333355
1075,746.0141890262161,746.0141890262161
1076,1201.2690068229385,1201.2690068229385
1077,1504.530012051466,1504.530012051466
1078,1430.129857117778,1430.129857117778
1079,806.246752701722,806.246752701722
1080,467.07036000000267,467.07036000000267
1081,286.4721458333336,286.4721458333336
1082,264.2209141666666,264.2209141666666
1083,266.14588916666656,266.14588916666656
1084,268.8208716666666,268.8208716666666
1085,269.0376833333334,269.0376833333334
1086,319.8503932558737,319.8503932558737
1087,538.3612275977915,538.3612275977915
1088,710.001249009172,710.001249009172
1089,731.8392645610991,731.8392645610991
1090,661.3917972387501,661.3917972387501
1091,643.6501284000235,643.6501284000235
1092,568.0163677649961,568.0163677649961
1093,1069.435680829792,1069.435680829792
1094,1066.401635358244,1066.401635358244
1095,607.8839686252785,607.8839686252785
1096,556.0897391666675,556.0897391666675
1097,597.418766666668,597.418766666668
1098,618.4142533333355,618.4142533333355
1099,744.2959412721085,744.2959412721085
1100,1154.712818199129,1154.712818199129
1101,1528.8254307254465,1528.8254307254465
1102,1233.3601687037576,1233.3601687037576
1103,785.1287120232375,785.1287120232375
1104,483.07723250000276,483.07723250000276
1105,291.81379583333376,291.81379583333376
1106,270.41257999999993,270.41257999999993
1107,261.1583741666665,261.1583741666665
1108,270.2667083333334,270.2667083333334
1109,275.1003147937464,275.1003147937464
1110,381.58491617195625,381.58491617195625
1111,467.01147599700454,467.01147599700454
1112,643.6107345413591,643.6107345413591
1113,715.4105010082111,715.4105010082111
1114,619.9629209995845,619.9629209995845
1115,611.0095003259106,611.0095003259106
1116,602.4919177485525,602.4919177485525
1117,1023.7099348383776,1023.7099348383776
1118,1345.2568411401662,1345.2568411401662
1119,625.6042636599516,625.6042636599516
1120,545.2731116666675,545.2731116666675
1121,603.073405000001,603.073405000001
1122,636.1044958333355,636.1044958333355
1123,745.4845737286091,745.4845737286091
1124,1178.6636433629735,1178.6636433629735
1125,1568.869684507799,1568.869684507799
1126,1421.7162549045397,1421.7162549045397
1127,789.5667393554945,789.5667393554945
1128,514.3754566666695,514.3754566666695
1129,301.95043833333375,301.95043833333375
1130,268.60422583333326,268.60422583333326
1131,268.8583866666665,268.8583866666665
1132,274.0875425,274.0875425
1133,281.3837500817719,281.3837500817719
1134,346.1559548662999,346.1559548662999
1135,500.73339455227097,500.73339455227097
1136,728.8547296373886,728.8547296373886
1137,792.2454339236175,792.2454339236175
1138,759.9322644620586,759.9322644620586
1139,640.6609932616035,640.6609932616035
1140,581.381955840407,581.381955840407
1141,966.9748398941971,966.9748398941971
1142,1219.5375267039542,1219.5375267039542
1143,594.0699253893665,594.0699253893665
1144,562.6645083333341,562.6645083333341
1145,584.8781666666675,584.8781666666675
1146,623.137950833335,623.137950833335
1147,701.4647375604295,701.4647375604295
1148,1360.4883630976797,1360.4883630976797
1149,1599.6680782349601,1599.6680782349601
1150,1472.663297249682,1472.663297249682
1151,845.8096073713496,845.8096073713496
1152,529.2106583333365,529.2106583333365
1153,297.0228108333336,297.0228108333336
1154,262.53758,262.53758
1155,267.31254749999994,267.31254749999994
1156,272.950045,272.950045
1157,283.5128843169268,283.5128843169268
1158,317.27259729705486,317.27259729705486
1159,512.6071133360325,512.6071133360325
1160,805.251558587184,805.251558587184
1161,769.236870281301,769.236870281301
1162,652.70276163332,652.70276163332
1163,634.02535443101,634.02535443101
1164,584.2655554007096,584.2655554007096
1165,1050.6117010842079,1050.6117010842079
1166,1108.7723184497286,1108.7723184497286
1167,599.3567411995325,599.3567411995325
1168,538.9401300000011,538.9401300000011
1169,611.635507500001,611.635507500001
1170,606.531305000002,606.531305000002
1171,741.7691996574675,741.7691996574675
1172,1197.973194763173,1197.973194763173
1173,1398.6485608836635,1398.6485608836635
1174,1204.3060953721056,1204.3060953721056
1175,795.7687658696955,795.7687658696955
1176,510.929425281367,510.929425281367
1177,287.58903083333394,287.58903083333394
1178,259.15839166666655,259.15839166666655
1179,269.5667358333332,269.5667358333332
1180,277.7500524999998,277.7500524999998
1181,292.7018068318002,292.7018068318002
1182,394.0497567152115,394.0497567152115
1183,519.8771407202315,519.8771407202315
1184,643.20063827769,643.20063827769
1185,782.3194207336755,782.3194207336755
1186,696.440405877634,696.440405877634
1187,626.8085212290396,626.8085212290396
1188,589.1918947126586,589.1918947126586
1189,1062.7785282176976,1062.7785282176976
1190,989.3447845953656,989.3447845953656
1191,632.626564877231,632.626564877231
1192,544.0517683333345,544.0517683333345
1193,576.9172108333345,576.9172108333345
1194,626.399381666669,626.399381666669
1195,721.8372434444386,721.8372434444386
1196,1279.5098745719122,1279.5098745719122
1197,1548.181892096572,1548.181892096572
1198,1362.155228661086,1362.155228661086
1199,772.195586795842,772.195586795842
1200,497.0699033333361,497.0699033333361
1201,282.109566666667,282.109566666667
1202,257.3583916666666,257.3583916666666
1203,262.6542233333332,262.6542233333332
1204,287.4959166666667,287.4959166666667
1205,289.5793391666667,289.5793391666667
1206,373.79191421328505,373.79191421328505
1207,499.90137300168175,499.90137300168175
1208,706.9805908371445,706.9805908371445
1209,963.2765410449106,963.2765410449106
1210,1154.366043456326,1154.366043456326
1211,1672.6984327156933,1672.6984327156933
1212,1328.930142546622,1328.930142546622
1213,1440.554001613581,1440.554001613581
1214,1289.6356539296896,1289.6356539296896
1215,616.220059851636,616.220059851636
1216,539.256005000001,539.256005000001
1217,593.360106666668,593.360106666668
1218,642.0929116666686,642.0929116666686
1219,743.2230093178305,743.2230093178305
1220,1258.816425290049,1258.816425290049
1221,1385.064599978468,1385.064599978468
1222,1419.748712674593,1419.748712674593
1223,759.4319294831851,759.4319294831851
1224,485.1780766666694,485.1780766666694
1225,282.11140500000045,282.11140500000045
1226,253.3584266666666,253.3584266666666
1227,268.8542208333333,268.8542208333333
1228,270.39587166666655,270.39587166666655
1229,281.7043883333335,281.7043883333335
1230,406.7800366342107,406.7800366342107
1231,555.567758606402,555.567758606402
1232,649.0874619153701,649.0874619153701
1233,954.421675000028,954.421675000028
1234,1204.2258899277947,1204.2258899277947
1235,1647.063886963145,1647.063886963145
1236,1151.158345680358,1151.158345680358
1237,1087.772351418461,1087.772351418461
1238,1121.8702649682334,1121.8702649682334
1239,616.5974857540331,616.5974857540331
1240,562.814437500001,562.814437500001
1241,590.7926733333345,590.7926733333345
1242,623.9518350000026,623.9518350000026
1243,726.097106032023,726.097106032023
1244,1127.914955094262,1127.914955094262
1245,1532.7545894425382,1532.7545894425382
1246,1273.3967719474895,1273.3967719474895
1247,805.7085120620055,805.7085120620055
1248,521.057267500003,521.057267500003
1249,294.85033916666714,294.85033916666714
1250,255.6250675,255.6250675
1251,277.7042283333331,277.7042283333331
1252,271.2083666666666,271.2083666666666
1253,290.90083653525716,290.90083653525716
1254,362.60924312089423,362.60924312089423
1255,394.90603288976166,394.90603288976166
1256,590.4073663172866,590.4073663172866
1257,740.4835654763301,740.4835654763301
1258,677.1120945033925,677.1120945033925
1259,653.5820449506965,653.5820449506965
1260,567.4932922709155,567.4932922709155
1261,1130.245639487508,1130.245639487508
1262,1235.5424361717496,1235.5424361717496
1263,649.5297100480245,649.5297100480245
1264,574.5444225000015,574.5444225000015
1265,584.2056991666681,584.2056991666681
1266,650.3364175000025,650.3364175000025
1267,768.713593885776,768.713593885776
1268,1252.5851460838396,1252.5851460838396
1269,1703.7232028854523,1703.7232028854523
1270,1385.379932066,1385.379932066
1271,787.8781226010101,787.8781226010101
1272,531.092350000003,531.092350000003
1273,295.4604225000004,295.4604225000004
1274,261.69592416666666,261.69592416666666
1275,263.84171083333325,263.84171083333325
1276,265.7375474999999,265.7375474999999
1277,277.6339641698377,277.6339641698377
1278,361.6307717676132,361.6307717676132
1279,426.8504336047837,426.8504336047837
1280,684.1469142993881,684.1469142993881
1281,747.6026789195771,747.6026789195771
1282,746.8880900301701,746.8880900301701
1283,661.724571099423,661.724571099423
1284,598.4146775462425,598.4146775462425
1285,1238.1192142354696,1238.1192142354696
1286,1333.0856462634501,1333.0856462634501
1287,619.9001285466361,619.9001285466361
1288,554.1854683333345,554.1854683333345
1289,596.0440783333346,596.0440783333346
1290,607.3890408333355,607.3890408333355
1291,694.68015069621,694.68015069621
1292,1230.612580715837,1230.612580715837
1293,1434.2137339543142,1434.2137339543142
1294,1395.7532529867071,1395.7532529867071
1295,853.5690115985385,853.5690115985385
1296,512.4402525000025,512.4402525000025
1297,292.4095566666671,292.4095566666671
1298,262.7625799999999,262.7625799999999
1299,274.9583816666665,274.9583816666665
1300,279.47087916666663,279.47087916666663
1301,300.58828158216403,300.58828158216403
1302,387.9235883527844,387.9235883527844
1303,520.520109126051,520.520109126051
1304,636.374469078445,636.374469078445
1305,766.0270727285911,766.0270727285911
1306,718.8197753958195,718.8197753958195
1307,707.2449965909955,707.2449965909955
1308,571.9014277978125,571.9014277978125
1309,1175.7331531454954,1175.7331531454954
1310,1075.6586636466816,1075.6586636466816
1311,623.680416690423,623.680416690423
1312,535.3687641666675,535.3687641666675
1313,597.6289458333345,597.6289458333345
1314,623.9890554320775,623.9890554320775
1315,771.3182667898745,771.3182667898745
1316,1109.561385477185,1109.561385477185
1317,1548.784539139066,1548.784539139066
1318,1326.6017512414055,1326.6017512414055
1319,762.1101271490516,762.1101271490516
1320,535.4672241666696,535.4672241666696
1321,273.5730150000004,273.5730150000004
1322,248.47508,248.47508
1323,266.2917158333332,266.2917158333332
1324,264.77505999999994,264.77505999999994
1325,287.1376458333333,287.1376458333333
1326,324.19117058127955,324.19117058127955
1327,558.252684532201,558.252684532201
1328,674.8735212822025,674.8735212822025
1329,808.9736251156655,808.9736251156655
1330,693.03328313314,693.03328313314
1331,670.2840471064065,670.2840471064065
1332,599.7071217991636,599.7071217991636
1333,1106.8541314460524,1106.8541314460524
1334,1062.8897475925166,1062.8897475925166
1335,598.0252435624341,598.0252435624341
1336,556.589632500001,556.589632500001
1337,591.7070333333345,591.7070333333345
1338,651.465745000002,651.465745000002
1339,760.9531569399351,760.9531569399351
1340,1281.2978297792122,1281.2978297792122
1341,1471.184845771982,1471.184845771982
1342,1228.824926906142,1228.824926906142
1343,848.0837189637965,848.0837189637965
1344,482.02591854546904,482.02591854546904
1345,298.66549666666714,298.66549666666714
1346,257.93338916666653,257.93338916666653
1347,257.7917283333333,257.7917283333333
1348,284.28338416666656,284.28338416666656
1349,290.09589173154586,290.09589173154586
1350,432.27980111940207,432.27980111940207
1351,575.7370004677244,575.7370004677244
1352,643.1333193986475,643.1333193986475
1353,672.3715248948415,672.3715248948415
1354,687.4794036870691,687.4794036870691
1355,592.923759145223,592.923759145223
1356,633.0158302492135,633.0158302492135
1357,1007.9277285803901,1007.9277285803901
1358,988.1966628582101,988.1966628582101
1359,593.8853301055505,593.8853301055505
1360,549.0734150000011,549.0734150000011
1361,579.175356666668,579.175356666668
1362,625.607555000002,625.607555000002
1363,697.709752026944,697.709752026944
1364,1169.371385339304,1169.371385339304
1365,1280.5464318461966,1280.5464318461966
1366,1323.0001759883617,1323.0001759883617
1367,765.6602655567166,765.6602655567166
1368,538.423918333336,538.423918333336
1369,286.5794908333338,286.5794908333338
1370,257.58341416666667,257.58341416666667
1371,256.8542133333332,256.8542133333332
1372,268.79173333333324,268.79173333333324
1373,284.86244127289467,284.86244127289467
1374,388.23802015953015,388.23802015953015
1375,532.1385072251605,532.1385072251605
1376,651.3413794079851,651.3413794079851
1377,789.762306941133,789.762306941133
1378,1158.0749741041946,1158.0749741041946
1379,1703.970808585272,1703.970808585272
1380,1223.527277809172,1223.527277809172
1381,1039.405780535907,1039.405780535907
1382,970.5261013910466,970.5261013910466
1383,577.8088001920966,577.8088001920966
1384,552.9771625000011,552.9771625000011
1385,584.233923333334,584.233923333334
1386,620.2284116666691,620.2284116666691
1387,692.6137389073435,692.6137389073435
1388,1267.832713276879,1267.832713276879
1389,1605.4404117369156,1605.4404117369156
1390,1403.4616123088122,1403.4616123088122
1391,801.3375163221646,801.3375163221646
1392,471.15747833333575,471.15747833333575
1393,277.8621033333338,277.8621033333338
1394,272.9333816666665,272.9333816666665
1395,270.85003749999987,270.85003749999987
1396,279.7375374999999,279.7375374999999
1397,294.26273916666673,294.26273916666673
1398,363.9588359378846,363.9588359378846
1399,547.1840619671335,547.1840619671335
1400,756.4683476091841,756.4683476091841
1401,964.2617356986781,964.2617356986781
1402,1223.992992964029,1223.992992964029
1403,1560.0456684905446,1560.0456684905446
1404,1301.4623982609105,1301.4623982609105
1405,1305.05187859755,1305.05187859755
1406,1034.656321330443,1034.656321330443
1407,619.3365401071841,619.3365401071841
1408,544.927413333334,544.927413333334
1409,589.904978333334,589.904978333334
1410,666.6780341666686,666.6780341666686
1411,699.918566336756,699.918566336756
1412,1174.0538735006464,1174.0538735006464
1413,1350.439428564315,1350.439428564315
1414,1306.9325264425745,1306.9325264425745
1415,749.6137163268891,749.6137163268891
1416,493.9176750000027,493.9176750000027
1417,302.95853000000034,302.95853000000034
1418,255.88339416666656,255.88339416666656
1419,269.63341166666663,269.63341166666663
1420,279.45421583333314,279.45421583333314
1421,283.7227351654534,283.7227351654534
1422,327.6788657006697,327.6788657006697
1423,547.6002439435221,547.6002439435221
1424,636.729895656431,636.729895656431
1425,823.480850829784,823.480850829784
1426,738.9024369491735,738.9024369491735
1427,629.176170538097,629.176170538097
1428,578.100812798068,578.100812798068
1429,1044.285691799879,1044.285691799879
1430,1007.0969955913441,1007.0969955913441
1431,573.0993275858515,573.0993275858515
1432,525.4891525000015,525.4891525000015
1433,583.982125000001,583.982125000001
1434,632.3509933333355,632.3509933333355
1435,690.8961528718926,690.8961528718926
1436,1211.8667114702564,1211.8667114702564
1437,1625.090412152874,1625.090412152874
1438,1400.410361892222,1400.410361892222
1439,773.604010914995,773.604010914995
1440,515.6659233333361,515.6659233333361
1441,294.26446666666715,294.26446666666715
1442,277.2292333333333,277.2292333333333
1443,263.28337666666647,263.28337666666647
1444,283.1000625,283.1000625
1445,287.69289470812413,287.69289470812413
1446,347.9540755669216,347.9540755669216
1447,529.0052135993905,529.0052135993905
1448,689.7852458533945,689.7852458533945
1449,810.8718790950361,810.8718790950361
1450,727.3375280894516,727.3375280894516
1451,586.0690936673955,586.0690936673955
1452,584.8960918531585,584.8960918531585
1453,1107.579609826497,1107.579609826497
1454,1198.782493793574,1198.782493793574
1455,616.2912515884105,616.2912515884105
1456,536.6145241666676,536.6145241666676
1457,591.8358508333345,591.8358508333345
1458,630.1605766666685,630.1605766666685
1459,713.1716211127596,713.1716211127596
1460,1367.73570985091,1367.73570985091
1461,1604.9079385757204,1604.9079385757204
1462,1286.711350396157,1286.711350396157
1463,792.1418488155165,792.1418488155165
1464,512.2672041666691,512.2672041666691
1465,300.02800416666713,300.02800416666713
1466,267.6209091666666,267.6209091666666
1467,284.68755999999996,284.68755999999996
1468,280.01671583333325,280.01671583333325
1469,292.4642710672021,292.4642710672021
1470,370.9333862691683,370.9333862691683
1471,489.08514137858214,489.08514137858214
1472,734.5595280537176,734.5595280537176
1473,816.4451742552785,816.4451742552785
1474,714.505062874651,714.505062874651
1475,686.2822450764745,686.2822450764745
1476,618.645838664758,618.645838664758
1477,1038.2573630896595,1038.2573630896595
1478,1202.0972285239066,1202.0972285239066
1479,577.942032986107,577.942032986107
1480,532.8689891666676,532.8689891666676
1481,601.819705000001,601.819705000001
1482,626.1442408333355,626.1442408333355
1483,725.7289495614585,725.7289495614585
1484,1048.5733792277456,1048.5733792277456
1485,1507.9840403124917,1507.9840403124917
1486,1423.2708464354962,1423.2708464354962
1487,863.9757706477571,863.9757706477571
1488,545.854905833336,545.854905833336
1489,298.47119916666713,298.47119916666713
1490,266.9792358333332,266.9792358333332
1491,275.2458916666666,275.2458916666666
1492,276.46256249999993,276.46256249999993
1493,305.495923914059,305.495923914059
1494,342.9077931121292,342.9077931121292
1495,486.22109267463566,486.22109267463566
1496,758.314153286214,758.314153286214
1497,782.139240022726,782.139240022726
1498,736.9369629758935,736.9369629758935
1499,676.468130127547,676.468130127547
1500,562.9114723671181,562.9114723671181
1501,1026.094814982461,1026.094814982461
1502,1189.472362840641,1189.472362840641
1503,598.750542647905,598.750542647905
1504,544.281372500001,544.281372500001
1505,572.218687500001,572.218687500001
1506,611.3952641666691,611.3952641666691
1507,724.746707729556,724.746707729556
1508,1147.899276599888,1147.899276599888
1509,1469.706813208472,1469.706813208472
1510,1345.633431301642,1345.633431301642
1511,804.5711474159256,804.5711474159256
1512,518.1147808333361,518.1147808333361
1513,275.13292333333374,275.13292333333374
1514,246.91674333333327,246.91674333333327
1515,264.31256249999996,264.31256249999996
1516,256.6667283333332,256.6667283333332
1517,276.6390042520121,276.6390042520121
1518,347.00587872995175,347.00587872995175
1519,465.62235191133317,465.62235191133317
1520,626.6701812471925,626.6701812471925
1521,824.2637338799865,824.2637338799865
1522,694.2947514681341,694.2947514681341
1523,639.9671335861881,639.9671335861881
1524,588.4947386343091,588.4947386343091
1525,1110.794577372851,1110.794577372851
1526,1255.1246011524306,1255.1246011524306
1527,644.6468406575925,644.6468406575925
1528,554.8065958333345,554.8065958333345
1529,579.7864333333345,579.7864333333345
1530,616.0117075000021,616.0117075000021
1531,734.6793484028066,734.6793484028066
1532,1277.3361331126835,1277.3361331126835
1533,1510.5921190938432,1510.5921190938432
1534,1333.7975442664765,1333.7975442664765
1535,766.424461175633,766.424461175633
1536,505.28753666666955,505.28753666666955
1537,291.9828791666671,291.9828791666671
1538,261.10426333333317,261.10426333333317
1539,272.1792308333333,272.1792308333333
1540,273.87506249999996,273.87506249999996
1541,288.8505596370123,288.8505596370123
1542,348.6923326457738,348.6923326457738
1543,492.1761749979455,492.1761749979455
1544,666.5802258467106,666.5802258467106
1545,930.8115507912366,930.8115507912366
1546,1230.1296166426637,1230.1296166426637
1547,1744.7936073556914,1744.7936073556914
1548,1087.76674179884,1087.76674179884
1549,1202.6215957314696,1202.6215957314696
1550,1240.0495952555657,1240.0495952555657
1551,610.76868983215,610.76868983215
1552,533.3184975000011,533.3184975000011
1553,568.3022608333345,568.3022608333345
1554,606.4481258333356,606.4481258333356
1555,659.891536168048,659.891536168048
1556,1184.38296451919,1184.38296451919
1557,1559.2299564659977,1559.2299564659977
1558,1327.4953991642835,1327.4953991642835
1559,785.1799135425905,785.1799135425905
1560,506.47799000000253,506.47799000000253
1561,290.4112766666671,290.4112766666671
1562,243.44176333333326,243.44176333333326
1563,268.3334016666666,268.3334016666666
1564,280.47504749999996,280.47504749999996
1565,298.57942749999995,298.57942749999995
1566,363.32832558101353,363.32832558101353
1567,613.4323521698365,613.4323521698365
1568,644.3120100161605,644.3120100161605
1569,756.9257640424966,756.9257640424966
1570,1273.58971815318,1273.58971815318
1571,1706.5421356636953,1706.5421356636953
1572,1151.9665686098801,1151.9665686098801
1573,1386.8618057573894,1386.8618057573894
1574,1369.1808226181556,1369.1808226181556
1575,609.9534151503285,609.9534151503285
1576,551.4108808333345,551.4108808333345
1577,593.344385000001,593.344385000001
1578,622.2022241666691,622.2022241666691
1579,801.5692825530341,801.5692825530341
1580,1225.6980278873305,1225.6980278873305
1581,1446.5704047036945,1446.5704047036945
1582,1398.2049957502677,1398.2049957502677
1583,849.6634411764801,849.6634411764801
1584,506.47557750000254,506.47557750000254
1585,279.677006666667,279.677006666667
1586,253.07089416666656,253.07089416666656
1587,271.95423083333316,271.95423083333316
1588,269.1542283333333,269.1542283333333
1589,288.8157965736091,288.8157965736091
1590,378.8434976252456,378.8434976252456
1591,423.47199355132835,423.47199355132835
1592,714.2893528457325,714.2893528457325
1593,702.1523020455286,702.1523020455286
1594,678.8976364216126,678.8976364216126
1595,655.3924067901405,655.3924067901405
1596,591.420658137001,591.420658137001
1597,991.6104218113846,991.6104218113846
1598,1207.061918948437,1207.061918948437
1599,606.3381453681944,606.3381453681944
1600,546.0981058333344,546.0981058333344
1601,561.609329166668,561.609329166668
1602,610.1767991666685,610.1767991666685
1603,717.9976472164481,717.9976472164481
1604,1218.740712163531,1218.740712163531
1605,1619.2101704910801,1619.2101704910801
1606,1278.3519760647966,1278.3519760647966
1607,809.0515832740706,809.0515832740706
1608,533.1542233333361,533.1542233333361
1609,286.52200750000037,286.52200750000037
1610,255.62092416666653,255.62092416666653
1611,260.8333941666667,260.8333941666667
1612,282.14171833333324,282.14171833333324
1613,305.65150862657373,305.65150862657373
1614,350.25778810723466,350.25778810723466
1615,550.6495006052505,550.6495006052505
1616,708.4881773527336,708.4881773527336
1617,712.6047348128266,712.6047348128266
1618,714.405108987841,714.405108987841
1619,647.0479976168335,647.0479976168335
1620,616.842698740789,616.842698740789
1621,1097.0865622293416,1097.0865622293416
1622,1162.275282531908,1162.275282531908
1623,623.432613075199,623.432613075199
1624,537.1181858333346,537.1181858333346
1625,578.016557500001,578.016557500001
1626,655.630191666669,655.630191666669
1627,747.5991458984121,747.5991458984121
1628,1225.5370967726371,1225.5370967726371
1629,1709.0006935808278,1709.0006935808278
1630,1407.4122590386141,1407.4122590386141
1631,759.1518342189696,759.1518342189696
1632,509.70118416666946,509.70118416666946
1633,277.07862416666694,277.07862416666694
1634,265.0375749999999,265.0375749999999
1635,263.9750625,263.9750625
1636,272.3417208333332,272.3417208333332
1637,275.48931706735743,275.48931706735743
1638,348.53641250884687,348.53641250884687
1639,495.4091357704113,495.4091357704113
1640,684.8398104377866,684.8398104377866
1641,736.1452936254495,736.1452936254495
1642,667.7551782096385,667.7551782096385
1643,614.100531440985,614.100531440985
1644,566.3195352388601,566.3195352388601
1645,1074.575077500312,1074.575077500312
1646,1385.3467681874517,1385.3467681874517
1647,620.374066910339,620.374066910339
1648,546.689305000001,546.689305000001
1649,574.673312500001,574.673312500001
1650,573.144914166669,573.144914166669
1651,713.0578954506881,713.0578954506881
1652,1230.4952709709105,1230.4952709709105
1653,1573.979924080605,1573.979924080605
1654,1296.713529786045,1296.713529786045
1655,853.737930855828,853.737930855828
1656,528.2522700000026,528.2522700000026
1657,293.2230558333337,293.2230558333337
1658,276.81258249999996,276.81258249999996
1659,281.0208841666666,281.0208841666666
1660,278.3000549999999,278.3000549999999
1661,288.2501550000001,288.2501550000001
1662,309.06628737001927,309.06628737001927
1663,483.2808349267646,483.2808349267646
1664,684.7197247190006,684.7197247190006
1665,762.3030843283366,762.3030843283366
1666,681.301880896342,681.301880896342
1667,617.1972223777055,617.1972223777055
1668,589.511063336926,589.511063336926
1669,910.8700701663315,910.8700701663315
1670,1246.9513667964986,1246.9513667964986
1671,606.0793923986315,606.0793923986315
1672,545.510280833334,545.510280833334
1673,569.2082808333346,569.2082808333346
1674,598.793820000002,598.793820000002
1675,727.7481055493521,727.7481055493521
1676,1124.486802361011,1124.486802361011
1677,1452.0292261858713,1452.0292261858713
1678,1378.9549282026076,1378.9549282026076
1679,791.7544764087515,791.7544764087515
1680,489.0026375000027,489.0026375000027
1681,292.3895008333338,292.3895008333338
1682,252.78340666666645,252.78340666666645
1683,254.22505499999988,254.22505499999988
1684,258.4000524999999,258.4000524999999
1685,281.8872314478718,281.8872314478718
1686,321.69469318899996,321.69469318899996
1687,515.1963553745276,515.1963553745276
1688,662.356601363022,662.356601363022
1689,732.7764228150855,732.7764228150855
1690,692.8644525608851,692.8644525608851
1691,651.1633368986195,651.1633368986195
1692,575.2677452882306,575.2677452882306
1693,1144.25358857271,1144.25358857271
1694,1334.1753841736795,1334.1753841736795
1695,601.771799423007,601.771799423007
1696,552.172562500001,552.172562500001
1697,594.9376008333346,594.9376008333346
1698,609.812317500002,609.812317500002
1699,689.939498829833,689.939498829833
1700,1317.3477652981776,1317.3477652981776
1701,1626.0306710782343,1626.0306710782343
1702,1398.7015266564822,1398.7015266564822
1703,819.069875542059,819.069875542059
1704,522.294264931651,522.294264931651
1705,278.6581500000006,278.6581500000006
1706,247.14590916666657,247.14590916666657
1707,254.3792133333332,254.3792133333332
1708,262.5083966666666,262.5083966666666
1709,264.4377041666667,264.4377041666667
1710,311.7715648428732,311.7715648428732
1711,475.7634040984712,475.7634040984712
1712,675.1887959586905,675.1887959586905
1713,879.0832766524331,879.0832766524331
1714,1200.0079112377796,1200.0079112377796
1715,1636.100142805893,1636.100142805893
1716,1273.8527492806381,1273.8527492806381
1717,1049.1430984160486,1049.1430984160486
1718,994.642617247353,994.642617247353
1719,576.541893860728,576.541893860728
1720,540.5646833333345,540.5646833333345
1721,570.275819166668,570.275819166668
1722,601.417419166669,601.417419166669
1723,714.7551278477266,714.7551278477266
1724,1124.0953147240632,1124.0953147240632
1725,1444.448701754035,1444.448701754035
1726,1417.1870487598826,1417.1870487598826
1727,830.5728415354296,830.5728415354296
1728,524.284918333336,524.284918333336
1729,269.419679166667,269.419679166667
1730,248.30840166666667,248.30840166666667
1731,252.76672083333324,252.76672083333324
1732,270.32921833333324,270.32921833333324
1733,281.7311156590303,281.7311156590303
1734,391.7514218067731,391.7514218067731
1735,508.376990993715,508.376990993715
1736,612.628585303879,612.628585303879
1737,861.5900428747105,861.5900428747105
1738,1220.7264549439915,1220.7264549439915
1739,1679.2765956109379,1679.2765956109379
1740,1174.769409367125,1174.769409367125
1741,1307.0690789720895,1307.0690789720895
1742,1045.5450327993794,1045.5450327993794
1743,560.8465333821645,560.8465333821645
1744,525.3695383333345,525.3695383333345
1745,581.661071666668,581.661071666668
1746,632.8303875000025,632.8303875000025
1747,780.9213716065725,780.9213716065725
1748,1220.5147785368686,1220.5147785368686
1749,1363.5050387212132,1363.5050387212132
1750,1319.8529091246596,1319.8529091246596
1751,825.5034819867766,825.5034819867766
1752,479.39538333333616,479.39538333333616
1753,291.22880333333364,291.22880333333364
1754,255.96673333333325,255.96673333333325
1755,262.4917333333333,262.4917333333333
1756,277.8708616666666,277.8708616666666
1757,288.8961233333332,288.8961233333332
1758,365.2190966702709,365.2190966702709
1759,517.020251116609,517.020251116609
1760,742.9167267861226,742.9167267861226
1761,743.7080770434416,743.7080770434416
1762,712.4271774058251,712.4271774058251
1763,613.095664074032,613.095664074032
1764,540.2229890963615,540.2229890963615
1765,940.650149199391,940.650149199391
1766,1145.0742078405951,1145.0742078405951
1767,588.8109296533605,588.8109296533605
1768,569.068413333334,569.068413333334
1769,602.218907500001,602.218907500001
1770,659.7246400000025,659.7246400000025
1771,776.6287007437351,776.6287007437351
1772,1317.9495804039511,1317.9495804039511
1773,1428.993580958519,1428.993580958519
1774,1253.079583147269,1253.079583147269
1775,822.3239374972375,822.3239374972375
1776,538.661633333336,538.661633333336
1777,302.7603350000004,302.7603350000004
1778,280.2917508333332,280.2917508333332
1779,279.35004749999996,279.35004749999996
1780,272.72506749999985,272.72506749999985
1781,282.51552970435495,282.51552970435495
1782,341.7843977831751,341.7843977831751
1783,500.18769681466205,500.18769681466205
1784,705.4653983163266,705.4653983163266
1785,760.7408640121605,760.7408640121605
1786,721.3174091754155,721.3174091754155
1787,602.1743898007435,602.1743898007435
1788,587.24975698324,587.24975698324
1789,966.9348782930437,966.9348782930437
1790,1119.693794261851,1119.693794261851
1791,599.0473634131365,599.0473634131365
1792,539.8102933333346,539.8102933333346
1793,585.2276583333345,585.2276583333345
1794,596.780275000002,596.780275000002
1795,762.7244946384781,762.7244946384781
1796,1406.574797803443,1406.574797803443
1797,1342.73831846303,1342.73831846303
1798,1368.3394215924245,1368.3394215924245
1799,846.04480597371,846.04480597371
1800,519.6594597466291,519.6594597466291
1801,301.1418275000005,301.1418275000005
1802,260.7709066666666,260.7709066666666
1803,266.11672833333336,266.11672833333336
1804,275.62088416666666,275.62088416666666
1805,279.95020166666666,279.95020166666666
1806,372.6852609320319,372.6852609320319
1807,599.3453327612715,599.3453327612715
1808,649.5252179999006,649.5252179999006
1809,737.9972849371901,737.9972849371901
1810,755.938082203191,755.938082203191
1811,650.2143933714751,650.2143933714751
1812,625.0957707100006,625.0957707100006
1813,1142.7484762317206,1142.7484762317206
1814,1058.774981393431,1058.774981393431
1815,653.3500570778886,653.3500570778886
1816,551.6353783333345,551.6353783333345
1817,583.436591666668,583.436591666668
1818,631.1432775000021,631.1432775000021
1819,736.7179403613816,736.7179403613816
1820,1176.806875233837,1176.806875233837
1821,1431.3695071941875,1431.3695071941875
1822,1343.0049167647621,1343.0049167647621
1823,777.7801421932386,777.7801421932386
1824,530.4183716666695,530.4183716666695
1825,278.72463416666704,278.72463416666704
1826,261.57090416666665,261.57090416666665
1827,268.6250549999998,268.6250549999998
1828,277.65421583333324,277.65421583333324
1829,286.8293116666667,286.8293116666667
1830,353.20629382954144,353.20629382954144
1831,501.36890224968204,501.36890224968204
1832,615.4419216840406,615.4419216840406
1833,855.2136345787811,855.2136345787811
1834,628.897310363592,628.897310363592
1835,578.0422495318005,578.0422495318005
1836,585.4287591867791,585.4287591867791
1837,995.9421628394521,995.9421628394521
1838,1266.2586529583637,1266.2586529583637
1839,591.168374331749,591.168374331749
1840,545.497568333334,545.497568333334
1841,577.914181666668,577.914181666668
1842,610.308599166669,610.308599166669
1843,710.4342545327531,710.4342545327531
1844,1309.1193663883132,1309.1193663883132
1845,1565.677626815968,1565.677626815968
1846,1493.4141754742625,1493.4141754742625
1847,762.0979673272491,762.0979673272491
1848,496.75410666666914,496.75410666666914
1849,282.00639666666706,282.00639666666706
1850,253.54588916666668,253.54588916666668
1851,264.82507249999986,264.82507249999986
1852,272.94171333333315,272.94171333333315
1853,288.28603255183174,288.28603255183174
1854,355.903623588951,355.903623588951
1855,455.21942867425224,455.21942867425224
1856,650.8704111061951,650.8704111061951
1857,729.465132595774,729.465132595774
1858,694.1855839172395,694.1855839172395
1859,643.7286558803405,643.7286558803405
1860,557.4770968776725,557.4770968776725
1861,1127.082362695209,1127.082362695209
1862,1014.088191086245,1014.088191086245
1863,585.203459389253,585.203459389253
1864,544.2940533333345,544.2940533333345
1865,590.423762500001,590.423762500001
1866,621.5859250000021,621.5859250000021
1867,771.2746218121375,771.2746218121375
1868,1294.0244753203951,1294.0244753203951
1869,1492.9378962345972,1492.9378962345972
1870,1363.9328040993112,1363.9328040993112
1871,782.2434161199535,782.2434161199535
1872,491.5925041666692,491.5925041666692
1873,291.3994791666671,291.3994791666671
1874,265.52090166666653,265.52090166666653
1875,260.1959091666666,260.1959091666666
1876,264.3667183333332,264.3667183333332
1877,278.10432749999995,278.10432749999995
1878,321.6491550432967,321.6491550432967
1879,512.1995648333694,512.1995648333694
1880,654.3490936344886,654.3490936344886
1881,832.5035001467095,832.5035001467095
1882,1437.5298582362502,1437.5298582362502
1883,1517.9808123593862,1517.9808123593862
1884,1222.861997822674,1222.861997822674
1885,1189.482158038434,1189.482158038434
1886,1029.5784502274062,1029.5784502274062
1887,587.0609055577805,587.0609055577805
1888,556.5020566666675,556.5020566666675
1889,603.3638741666675,603.3638741666675
1890,613.4829083333356,613.4829083333356
1891,668.6559793441535,668.6559793441535
1892,1332.7643795303695,1332.7643795303695
1893,1474.670398365118,1474.670398365118
1894,1324.6051321565956,1324.6051321565956
1895,836.815623094093,836.815623094093
1896,499.89051333333595,499.89051333333595
1897,286.0569083333338,286.0569083333338
1898,269.1750799999999,269.1750799999999
1899,261.8000699999998,261.8000699999998
1900,259.4625425,259.4625425
1901,286.42929750000013,286.42929750000013
1902,336.4840776319817,336.4840776319817
1903,509.96296827927,509.96296827927
1904,639.384500708543,639.384500708543
1905,903.73236357256,903.73236357256
1906,1294.3529349931946,1294.3529349931946
1907,1733.0483654470281,1733.0483654470281
1908,1154.091001145935,1154.091001145935
1909,1147.9471845343894,1147.9471845343894
1910,1030.5917090255266,1030.5917090255266
1911,627.863955846597,627.863955846597
1912,557.5103575000011,557.5103575000011
1913,585.0637675000011,585.0637675000011
1914,625.0559483333356,625.0559483333356
1915,712.020024099222,712.020024099222
1916,1229.3151841513982,1229.3151841513982
1917,1485.6020685712626,1485.6020685712626
1918,1292.9495283298236,1292.9495283298236
1919,834.7004401571845,834.7004401571845
1920,498.67197500000276,498.67197500000276
1921,279.19953583333375,279.19953583333375
1922,258.8208916666666,258.8208916666666
1923,254.47504999999998,254.47504999999998
1924,260.8000449999999,260.8000449999999
1925,276.2709414296864,276.2709414296864
1926,412.23812763193814,412.23812763193814
1927,552.3638733059826,552.3638733059826
1928,565.348149669938,565.348149669938
1929,711.3941623691345,711.3941623691345
1930,780.983708242594,780.983708242594
1931,721.2357072491731,721.2357072491731
1932,591.3333966157101,591.3333966157101
1933,1023.7917784254905,1023.7917784254905
1934,1046.517440394063,1046.517440394063
1935,612.285792903878,612.285792903878
1936,539.652120833334,539.652120833334
1937,556.4711100000011,556.4711100000011
1938,577.5942991666691,577.5942991666691
1939,723.2830319304051,723.2830319304051
1940,1244.8270690279066,1244.8270690279066
1941,1453.3889890417277,1453.3889890417277
1942,1275.410482785691,1275.410482785691
1943,765.6170033867941,765.6170033867941
1944,477.8291000000025,477.8291000000025
1945,317.73515833333386,317.73515833333386
1946,259.10840166666657,259.10840166666657
1947,280.1125525,280.1125525
1948,270.36671083333323,270.36671083333323
1949,282.5335066666666,282.5335066666666
1950,308.5570650973469,308.5570650973469
1951,544.1199461430225,544.1199461430225
1952,817.0406793878615,817.0406793878615
1953,758.8984213970041,758.8984213970041
1954,806.6015208927475,806.6015208927475
1955,628.0446405103851,628.0446405103851
1956,564.255487591,564.255487591
1957,1101.3941624133602,1101.3941624133602
1958,967.3467649632411,967.3467649632411
1959,560.3071818101974,560.3071818101974
1960,522.8103733333345,522.8103733333345
1961,594.943100000001,594.943100000001
1962,626.4291441666691,626.4291441666691
1963,738.895541386311,738.895541386311
1964,1308.4851818011762,1308.4851818011762
1965,1437.5642276531325,1437.5642276531325
1966,1526.098850581731,1526.098850581731
1967,820.778614410984,820.778614410984
1968,536.5053408333359,536.5053408333359
1969,295.81702166666713,295.81702166666713
1970,266.40426083333335,266.40426083333335
1971,271.7625574999999,271.7625574999999
1972,268.2834116666666,268.2834116666666
1973,292.75191287217694,292.75191287217694
1974,411.02364483943296,411.02364483943296
1975,491.0598875835194,491.0598875835194
1976,708.6004599052866,708.6004599052866
1977,690.4651023191915,690.4651023191915
1978,634.0919665444806,634.0919665444806
1979,636.216376454596,636.216376454596
1980,592.160829271589,592.160829271589
1981,1060.7445725421505,1060.7445725421505
1982,1119.815813070446,1119.815813070446
1983,590.896574634829,590.896574634829
1984,541.8979100000009,541.8979100000009
1985,563.265370000001,563.265370000001
1986,640.2238058333355,640.2238058333355
1987,786.0279550480245,786.0279550480245
1988,1239.8044539829561,1239.8044539829561
1989,1333.0044384202872,1333.0044384202872
1990,1294.2670962396455,1294.2670962396455
1991,803.8900580509085,803.8900580509085
1992,511.73251250000305,511.73251250000305
1993,310.35861416666717,310.35861416666717
1994,279.01256999999987,279.01256999999987
1995,276.3542283333333,276.3542283333333
1996,289.6083766666666,289.6083766666666
1997,306.50308153027186,306.50308153027186
1998,379.8857407453672,379.8857407453672
1999,478.2098491530288,478.2098491530288
2000,725.739497859898,725.739497859898
2001,652.2329366324185,652.2329366324185
2002,841.0261500152085,841.0261500152085
2003,684.6919789737566,684.6919789737566
2004,594.5147387780495,594.5147387780495
2005,1284.9233553865765,1284.9233553865765
2006,1309.6306626337616,1309.6306626337616
2007,595.8702088479621,595.8702088479621
2008,553.9435508333345,553.9435508333345
2009,596.7272050000009,596.7272050000009
2010,595.3491483333355,595.3491483333355
2011,713.0306751637,713.0306751637
2012,1160.0578751779,1160.0578751779
2013,1556.4788487805597,1556.4788487805597
2014,1326.540579093041,1326.540579093041
2015,765.9646843047676,765.9646843047676
2016,499.12145333333586,499.12145333333586
2017,297.4993950000004,297.4993950000004
2018,266.13341416666657,266.13341416666657
2019,262.7583916666667,262.7583916666667
2020,275.19587916666654,275.19587916666654
2021,274.0377066666667,274.0377066666667
2022,369.7347822776202,369.7347822776202
2023,472.3975425350172,472.3975425350172
2024,574.32485054958,574.32485054958
2025,811.232506334721,811.232506334721
2026,686.7070689043251,686.7070689043251
2027,642.5278120726856,642.5278120726856
2028,566.6231489100026,566.6231489100026
2029,881.0853541820211,881.0853541820211
2030,1102.034302504968,1102.034302504968
2031,575.2473911608171,575.2473911608171
2032,536.677264166668,536.677264166668
2033,559.364927500001,559.364927500001
2034,604.1932275000021,604.1932275000021
2035,744.82536886046,744.82536886046
2036,1203.021617851091,1203.021617851091
2037,1600.5825026754876,1600.5825026754876
2038,1349.4115094234176,1349.4115094234176
2039,789.3591642463671,789.3591642463671
2040,557.8134850000031,557.8134850000031
2041,286.5954216666673,286.5954216666673
2042,257.1083966666667,257.1083966666667
2043,255.77924833333327,255.77924833333327
2044,278.56256999999977,278.56256999999977
2045,272.7543783333334,272.7543783333334
2046,381.8070205044428,381.8070205044428
2047,433.3968127681231,433.3968127681231
2048,764.502919278677,764.502919278677
2049,903.3086827575166,903.3086827575166
2050,1263.3471597819655,1263.3471597819655
2051,1416.1419866924625,1416.1419866924625
2052,1244.173915724,1244.173915724
2053,1294.8874363699467,1294.8874363699467
2054,1207.288587963023,1207.288587963023
2055,625.6802199976171,625.6802199976171
2056,549.8233191666676,549.8233191666676
2057,580.8476341666681,580.8476341666681
2058,615.907475000002,615.907475000002
2059,756.8750310842486,756.8750310842486
2060,1308.2255216280041,1308.2255216280041
2061,1563.194414419286,1563.194414419286
2062,1316.7566475989265,1316.7566475989265
2063,841.2677529664102,841.2677529664102
2064,499.8960558333359,499.8960558333359
2065,284.06944583333376,284.06944583333376
2066,269.82089666666656,269.82089666666656
2067,279.0542283333331,279.0542283333331
2068,265.9667358333332,265.9667358333332
2069,294.2710050000001,294.2710050000001
2070,365.9452081763331,365.9452081763331
2071,525.4680291566125,525.4680291566125
2072,800.916095676892,800.916095676892
2073,858.38481724293,858.38481724293
2074,1461.7312064525631,1461.7312064525631
2075,1657.2028745081925,1657.2028745081925
2076,1187.771367550388,1187.771367550388
2077,1194.1078141239984,1194.1078141239984
2078,1119.0220988216356,1119.0220988216356
2079,583.104256362423,583.104256362423
2080,542.277520000001,542.277520000001
2081,585.236040000001,585.236040000001
2082,598.350466666669,598.350466666669
2083,738.6510166490245,738.6510166490245
2084,1117.9239216281856,1117.9239216281856
2085,1404.1546172836156,1404.1546172836156
2086,1112.341225075195,1112.341225075195
2087,768.5468909632605,768.5468909632605
2088,464.56120500000253,464.56120500000253
2089,284.45123916666705,284.45123916666705
2090,254.6875749999999,254.6875749999999
2091,280.42922333333325,280.42922333333325
2092,274.48338666666666,274.48338666666666
2093,281.98770666666667,281.98770666666667
2094,323.97513768838036,323.97513768838036
2095,502.71847810842746,502.71847810842746
2096,677.275852160825,677.275852160825
2097,792.6260737160301,792.6260737160301
2098,752.938223818757,752.938223818757
2099,655.7750697629535,655.7750697629535
2100,589.643103852988,589.643103852988
2101,1055.7530300161916,1055.7530300161916
2102,1208.9005568690452,1208.9005568690452
2103,639.3720872481545,639.3720872481545
2104,537.7811041666675,537.7811041666675
2105,566.2825408333346,566.2825408333346
2106,616.4796758333355,616.4796758333355
2107,706.8940368922006,706.8940368922006
2108,1084.104424918833,1084.104424918833
2109,1328.6465546917732,1328.6465546917732
2110,1179.5681878270505,1179.5681878270505
2111,791.4476065400926,791.4476065400926
2112,523.2824200000025,523.2824200000025
2113,292.4452825000003,292.4452825000003
2114,266.9459091666666,266.9459091666666
2115,267.900065,267.900065
2116,276.2583916666666,276.2583916666666
2117,278.8585016666667,278.8585016666667
2118,361.52850127983845,361.52850127983845
2119,494.99216118683574,494.99216118683574
2120,700.7492714639475,700.7492714639475
2121,756.212562623245,756.212562623245
2122,687.072589579695,687.072589579695
2123,638.0585162308535,638.0585162308535
2124,612.7794972284405,612.7794972284405
2125,1115.0326168432816,1115.0326168432816
2126,1266.3289103855732,1266.3289103855732
2127,608.1013610785756,608.1013610785756
2128,549.5895866666675,549.5895866666675
2129,572.387136666668,572.387136666668
2130,614.578964166669,614.578964166669
2131,758.9686116966045,758.9686116966045
2132,1304.9745828990172,1304.9745828990172
2133,1519.0803814519932,1519.0803814519932
2134,1503.2675490321217,1503.2675490321217
2135,784.619151415559,784.619151415559
2136,507.753884166669,507.753884166669
2137,285.57456500000035,285.57456500000035
2138,275.7167208333332,275.7167208333332
2139,273.25005249999987,273.25005249999987
2140,270.61253999999997,270.61253999999997
2141,282.41687166666674,282.41687166666674
2142,353.27830313772733,353.27830313772733
2143,608.1483300356715,608.1483300356715
2144,625.2627725890801,625.2627725890801
2145,799.3528021231131,799.3528021231131
2146,669.9729728112435,669.9729728112435
2147,655.738700087663,655.738700087663
2148,598.0756555473895,598.0756555473895
2149,1052.1793350224486,1052.1793350224486
2150,1100.9964802279696,1100.9964802279696
2151,592.000462845059,592.000462845059
2152,532.547870000001,532.547870000001
2153,566.8280883333344,566.8280883333344
2154,589.7119825000026,589.7119825000026
2155,736.7500961614935,736.7500961614935
2156,1267.311022097807,1267.311022097807
2157,1560.364110313539,1560.364110313539
2158,1369.8812292122857,1369.8812292122857
2159,790.1702809170021,790.1702809170021
2160,533.191770833336,533.191770833336
2161,292.58543333333387,292.58543333333387
2162,264.15840416666657,264.15840416666657
2163,270.04173083333325,270.04173083333325
2164,268.1125449999999,268.1125449999999
2165,275.7668341666665,275.7668341666665
2166,348.3729645099312,348.3729645099312
2167,513.7760636887641,513.7760636887641
2168,604.0179088748575,604.0179088748575
2169,739.6834328346305,739.6834328346305
2170,725.0753370306595,725.0753370306595
2171,691.2957822265661,691.2957822265661
2172,587.6749470915425,587.6749470915425
2173,1088.73892181412,1088.73892181412
2174,1050.9058973202195,1050.9058973202195
2175,588.4323435019876,588.4323435019876
2176,551.014481666668,551.014481666668
2177,586.2935508333345,586.2935508333345
2178,606.5749533333355,606.5749533333355
2179,707.889574029538,707.889574029538
2180,1358.8045575960857,1358.8045575960857
2181,1697.1414086520829,1697.1414086520829
2182,1238.7764946777806,1238.7764946777806
2183,721.981805466296,721.981805466296
2184,474.7032991666692,474.7032991666692
2185,279.03369083333376,279.03369083333376
2186,271.0292358333333,271.0292358333333
2187,267.2000474999999,267.2000474999999
2188,272.2708791666666,272.2708791666666
2189,283.92941999999994,283.92941999999994
2190,374.4572514152874,374.4572514152874
2191,526.9951737812474,526.9951737812474
2192,757.7972501831281,757.7972501831281
2193,779.1689655523666,779.1689655523666
2194,693.5143315810236,693.5143315810236
2195,620.5258484960715,620.5258484960715
2196,592.211714294638,592.211714294638
2197,857.0319403375124,857.0319403375124
2198,1122.1314629103556,1122.1314629103556
2199,604.0786949281476,604.0786949281476
2200,537.0854950000011,537.0854950000011
2201,571.192004166668,571.192004166668
2202,629.1707683333356,629.1707683333356
2203,725.2723348168836,725.2723348168836
2204,1300.081437838136,1300.081437838136
2205,1220.5354668891,1220.5354668891
2206,1193.238531910101,1193.238531910101
2207,694.1743069418185,694.1743069418185
2208,464.02275583333625,464.02275583333625
2209,283.9712125000004,283.9712125000004
2210,246.2459091666666,246.2459091666666
2211,251.32504999999998,251.32504999999998
2212,269.74588916666664,269.74588916666664
2213,270.4544108333334,270.4544108333334
2214,345.51112627096967,345.51112627096967
2215,486.9394178451694,486.9394178451694
2216,696.6134157351555,696.6134157351555
2217,784.6157391496765,784.6157391496765
2218,651.8433423670581,651.8433423670581
2219,644.7786996036696,644.7786996036696
2220,557.6291118124495,557.6291118124495
2221,999.2471740765404,999.2471740765404
2222,999.6154408998141,999.6154408998141
2223,554.64359309649,554.64359309649
2224,566.6856466666676,566.6856466666676
2225,560.5319341666681,560.5319341666681
2226,583.9096191666684,583.9096191666684
2227,706.834548766075,706.834548766075
2228,1325.6983678802517,1325.6983678802517
2229,1371.8647079370858,1371.8647079370858
2230,1348.5083820024174,1348.5083820024174
2231,742.0286700348506,742.0286700348506
2232,495.0359458333361,495.0359458333361
2233,277.23880583333386,277.23880583333386
2234,266.20423333333326,266.20423333333326
2235,263.89588916666656,263.89588916666656
2236,274.9000374999999,274.9000374999999
2237,291.86488283845773,291.86488283845773
2238,361.87033968823243,361.87033968823243
2239,496.96628434966465,496.96628434966465
2240,643.707022327053,643.707022327053
2241,679.8685194868516,679.8685194868516
2242,721.3742339055625,721.3742339055625
2243,633.0504692078371,633.0504692078371
2244,582.9645527211266,582.9645527211266
2245,1070.1262371112966,1070.1262371112966
2246,1067.447488517155,1067.447488517155
2247,582.1199947812286,582.1199947812286
2248,559.7266633333346,559.7266633333346
2249,590.218912500001,590.218912500001
2250,591.153639166669,591.153639166669
2251,748.1235575495771,748.1235575495771
2252,1250.9610493345665,1250.9610493345665
2253,1848.121535323275,1848.121535323275
2254,1363.7750612161376,1363.7750612161376
2255,808.194270621721,808.194270621721
2256,500.7428591666695,500.7428591666695
2257,273.38538416666717,273.38538416666717
2258,262.43338916666664,262.43338916666664
2259,259.14589416666655,259.14589416666655
2260,273.50840166666666,273.50840166666666
2261,284.3973279557535,284.3973279557535
2262,337.2849826895363,337.2849826895363
2263,451.9272053305852,451.9272053305852
2264,741.4770014224425,741.4770014224425
2265,781.3925906555826,781.3925906555826
2266,730.7854917776915,730.7854917776915
2267,672.9766726460716,672.9766726460716
2268,621.4868912508491,621.4868912508491
2269,1129.6622832569656,1129.6622832569656
2270,1081.1638618208021,1081.1638618208021
2271,628.8012820511456,628.8012820511456
2272,550.852317500001,550.852317500001
2273,586.133362500001,586.133362500001
2274,638.1944475000025,638.1944475000025
2275,727.748361438928,727.748361438928
2276,1228.103749643526,1228.103749643526
2277,1456.1603079884517,1456.1603079884517
2278,1486.7130439510656,1486.7130439510656
2279,734.3124778465295,734.3124778465295
2280,468.17534583333594,468.17534583333594
2281,282.53469166666713,282.53469166666713
2282,261.6084191666668,261.6084191666668
2283,270.0250449999999,270.0250449999999
2284,286.0167083333332,286.0167083333332
2285,304.63562468952085,304.63562468952085
2286,365.62799976282923,365.62799976282923
2287,583.9448446723255,583.9448446723255
2288,603.9851805624045,603.9851805624045
2289,806.432761359772,806.432761359772
2290,1356.1496660487105,1356.1496660487105
2291,1570.2990147627866,1570.2990147627866
2292,1213.3130826857737,1213.3130826857737
2293,1329.970513058259,1329.970513058259
2294,1213.4543713068922,1213.4543713068922
2295,629.4777834936671,629.4777834936671
2296,546.6769325000005,546.6769325000005
2297,571.3405700000015,571.3405700000015
2298,595.609741666669,595.609741666669
2299,690.5993459956226,690.5993459956226
2300,1341.7174955237806,1341.7174955237806
2301,1449.9192565773096,1449.9192565773096
2302,1365.213488340463,1365.213488340463
2303,732.137987757043,732.137987757043
2304,464.4387150000026,464.4387150000026
2305,268.488031666667,268.488031666667
2306,248.46674833333327,248.46674833333327
2307,267.8875674999999,267.8875674999999
2308,268.53338416666645,268.53338416666645
2309,276.95435000000003,276.95435000000003
2310,368.04681036516445,368.04681036516445
2311,569.2408830383525,569.2408830383525
2312,728.6933893338065,728.6933893338065
2313,1052.9351045718327,1052.9351045718327
2314,1234.5346269148447,1234.5346269148447
2315,1612.6825472257826,1612.6825472257826
2316,1238.7172610873986,1238.7172610873986
2317,1172.6770099033854,1172.6770099033854
2318,1042.2219180677541,1042.2219180677541
2319,614.21487364755,614.21487364755
2320,540.923127500001,540.923127500001
2321,591.332482500001,591.332482500001
2322,610.4011850000026,610.4011850000026
2323,726.973499538669,726.973499538669
2324,1281.4243078709587,1281.4243078709587
2325,1434.222223281573,1434.222223281573
2326,1187.6299018414074,1187.6299018414074
2327,724.407617296682,724.407617296682
2328,442.9373775000026,442.9373775000026
2329,279.294506666667,279.294506666667
2330,260.4250749999999,260.4250749999999
2331,279.30424583333314,279.30424583333314
2332,261.74172583333325,261.74172583333325
2333,276.26688000000007,276.26688000000007
2334,333.68498452594145,333.68498452594145
2335,480.2199265997833,480.2199265997833
2336,743.72272957355,743.72272957355
2337,781.391286184989,781.391286184989
2338,617.2703745199075,617.2703745199075
2339,665.1030655734055,665.1030655734055
2340,627.2881726658076,627.2881726658076
2341,1276.5320273176492,1276.5320273176492
2342,1194.8781576259112,1194.8781576259112
2343,593.6639000044576,593.6639000044576
2344,556.6190933333345,556.6190933333345
2345,569.2443908333345,569.2443908333345
2346,606.2893741666691,606.2893741666691
2347,772.4956415263565,772.4956415263565
2348,1338.145921016498,1338.145921016498
2349,1665.9656281842888,1665.9656281842888
2350,1380.5667137848245,1380.5667137848245
2351,778.9473640693545,778.9473640693545
2352,477.8036233333361,477.8036233333361
2353,304.3221808333338,304.3221808333338
2354,264.3208941666666,264.3208941666666
2355,275.13339166666657,275.13339166666657
2356,278.0417058333332,278.0417058333332
2357,279.8394630378279,279.8394630378279
2358,376.9847097994418,376.9847097994418
2359,566.155817790076,566.155817790076
2360,699.1207571535756,699.1207571535756
2361,676.6979572997075,676.6979572997075
2362,652.2145108731805,652.2145108731805
2363,674.3281462194245,674.3281462194245
2364,620.8578167760861,620.8578167760861
2365,1128.7634579703206,1128.7634579703206
2366,1259.0153188053782,1259.0153188053782
2367,633.1244713805571,633.1244713805571
2368,523.1770416666676,523.1770416666676
2369,576.9109441666675,576.9109441666675
2370,616.7080816666685,616.7080816666685
2371,714.674600835409,714.674600835409
2372,1131.2671722005555,1131.2671722005555
2373,1549.9509885332955,1549.9509885332955
2374,1408.0445317393442,1408.0445317393442
2375,728.6730101391261,728.6730101391261
2376,477.8441566666695,477.8441566666695
2377,281.1503325000005,281.1503325000005
2378,247.89172833333333,247.89172833333333
2379,260.6500525,260.6500525
2380,269.4417158333332,269.4417158333332
2381,282.198077319133,282.198077319133
2382,395.16112846851996,395.16112846851996
2383,527.0214914211696,527.0214914211696
2384,670.6502783280671,670.6502783280671
2385,717.1609476981056,717.1609476981056
2386,689.606465051123,689.606465051123
2387,617.2510130091711,617.2510130091711
2388,559.7927387581179,559.7927387581179
2389,1040.6076506955194,1040.6076506955194
2390,1204.343896432324,1204.343896432324
2391,651.618763164699,651.618763164699
2392,546.6936100000011,546.6936100000011
2393,575.7391208333346,575.7391208333346
2394,581.1887083333355,581.1887083333355
2395,711.7476764728735,711.7476764728735
2396,1190.532628115814,1190.532628115814
2397,1519.854444343417,1519.854444343417
2398,1140.211853134348,1140.211853134348
2399,780.8804982928216,780.8804982928216
2400,488.7831300000028,488.7831300000028
2401,295.6677575000003,295.6677575000003
2402,265.0792558333333,265.0792558333333
2403,265.6250474999999,265.6250474999999
2404,278.9042133333333,278.9042133333333
2405,287.56262750000013,287.56262750000013
2406,358.5184546061114,358.5184546061114
2407,489.13636896686904,489.13636896686904
2408,746.4844265984835,746.4844265984835
2409,783.2516013295946,783.2516013295946
2410,741.0396010632905,741.0396010632905
2411,627.2264903590731,627.2264903590731
2412,611.123409979088,611.123409979088
2413,901.7279907690516,901.7279907690516
2414,994.3573688334011,994.3573688334011
2415,637.1030134116855,637.1030134116855
2416,551.7103100000011,551.7103100000011
2417,599.4267775000011,599.4267775000011
2418,595.101462500002,595.101462500002
2419,658.0193445153965,658.0193445153965
2420,1195.053762293097,1195.053762293097
2421,1490.800633911165,1490.800633911165
2422,1471.9406218544036,1471.9406218544036
2423,747.4091055075896,747.4091055075896
2424,458.7672750000027,458.7672750000027
2425,289.43039166666705,289.43039166666705
2426,264.4250849999999,264.4250849999999
2427,274.23755749999987,274.23755749999987
2428,264.57505499999996,264.57505499999996
2429,281.3463830522053,281.3463830522053
2430,354.40167437249033,354.40167437249033
2431,497.73585012938867,497.73585012938867
2432,708.045150457202,708.045150457202
2433,725.2395493529585,725.2395493529585
2434,720.2673519946245,720.2673519946245
2435,624.0627588103661,624.0627588103661
2436,580.4242213545166,580.4242213545166
2437,838.8625877145731,838.8625877145731
2438,1050.9694452856966,1050.9694452856966
2439,653.5501307380736,653.5501307380736
2440,551.481380000001,551.481380000001
2441,590.2531525000011,590.2531525000011
2442,580.4950158333355,580.4950158333355
2443,689.77456868414,689.77456868414
2444,1183.8218728821705,1183.8218728821705
2445,1423.921528195136,1423.921528195136
2446,1209.201571947471,1209.201571947471
2447,806.8328460879595,806.8328460879595
2448,473.2233008333361,473.2233008333361
2449,304.04438666666726,304.04438666666726
2450,272.5459141666667,272.5459141666667
2451,284.9083716666666,284.9083716666666
2452,281.36254999999994,281.36254999999994
2453,301.09408916934603,301.09408916934603
2454,390.9854134581148,390.9854134581148
2455,495.6589195279232,495.6589195279232
2456,662.6739240534905,662.6739240534905
2457,893.6026733806581,893.6026733806581
2458,1198.1873012412966,1198.1873012412966
2459,1540.321177878065,1540.321177878065
2460,1306.481388748828,1306.481388748828
2461,1245.7026640860965,1245.7026640860965
2462,902.2713081785305,902.2713081785305
2463,622.3914734652051,622.3914734652051
2464,534.3734241666675,534.3734241666675
2465,590.7524500000011,590.7524500000011
2466,653.020195000002,653.020195000002
2467,679.4477744797471,679.4477744797471
2468,1231.012504377875,1231.012504377875
2469,1556.7498250596245,1556.7498250596245
2470,1532.8463427065526,1532.8463427065526
2471,831.9905898226912,831.9905898226912
2472,481.5504791666693,481.5504791666693
2473,296.7513966666671,296.7513966666671
2474,271.70007,271.70007
2475,258.67089916666663,258.67089916666663
2476,265.3958816666666,265.3958816666666
2477,268.0900759018564,268.0900759018564
2478,354.1787895479505,354.1787895479505
2479,505.99347592009354,505.99347592009354
2480,770.2540756764186,770.2540756764186
2481,819.5888184866835,819.5888184866835
2482,1350.9854406664385,1350.9854406664385
2483,1655.7462966627245,1655.7462966627245
2484,1241.4208285095085,1241.4208285095085
2485,1060.8981875457384,1060.8981875457384
2486,853.3812976248681,853.3812976248681
2487,626.0946477233371,626.0946477233371
2488,535.4479658333345,535.4479658333345
2489,560.6325708333345,560.6325708333345
2490,603.610808333336,603.610808333336
2491,660.1658962011196,660.1658962011196
2492,1168.6810360003844,1168.6810360003844
2493,1262.3076046804606,1262.3076046804606
2494,1166.0284235828726,1166.0284235828726
2495,817.493790206018,817.493790206018
2496,502.14247750000254,502.14247750000254
2497,290.66700000000037,290.66700000000037
2498,264.6375649999999,264.6375649999999
2499,271.35004999999995,271.35004999999995
2500,266.8708791666666,266.8708791666666
2501,270.00535916598926,270.00535916598926
2502,327.5428138120008,327.5428138120008
2503,584.8154182852015,584.8154182852015
2504,606.610314511364,606.610314511364
2505,851.1152861856181,851.1152861856181
2506,669.4372912283635,669.4372912283635
2507,678.1401606857011,678.1401606857011
2508,587.2807045255025,587.2807045255025
2509,1010.4874635349296,1010.4874635349296
2510,1034.98609088181,1034.98609088181
2511,633.5026220403776,633.5026220403776
2512,547.8270466666676,547.8270466666676
2513,593.9018100000011,593.9018100000011
2514,604.966833333336,604.966833333336
2515,706.357646246303,706.357646246303
2516,1141.8605307833266,1141.8605307833266
2517,1294.4460689999355,1294.4460689999355
2518,1389.7669947586437,1389.7669947586437
2519,701.8859383575445,701.8859383575445
2520,440.06329416666915,440.06329416666915
2521,295.2719175000005,295.2719175000005
2522,263.28756500000003,263.28756500000003
2523,279.1667283333333,279.1667283333333
2524,275.50838416666664,275.50838416666664
2525,289.22113014105986,289.22113014105986
2526,356.6173601007658,356.6173601007658
2527,495.6135991826531,495.6135991826531
2528,659.2376819414476,659.2376819414476
2529,752.822764100371,752.822764100371
2530,757.5144359877595,757.5144359877595
2531,626.048588367275,626.048588367275
2532,579.195851308712,579.195851308712
2533,1331.3300007186344,1331.3300007186344
2534,1176.4601618147751,1176.4601618147751
2535,627.175735268544,627.175735268544
2536,551.851642500001,551.851642500001
2537,578.6982533333345,578.6982533333345
2538,586.3515033333355,586.3515033333355
2539,694.4987722040081,694.4987722040081
2540,1240.0992142214172,1240.0992142214172
2541,1514.0441735418551,1514.0441735418551
2542,1343.129438837018,1343.129438837018
2543,730.499682764216,730.499682764216
2544,496.21909500000265,496.21909500000265
2545,293.8552433333338,293.8552433333338
2546,269.25841916666667,269.25841916666667
2547,271.4875674999999,271.4875674999999
2548,287.3500449999999,287.3500449999999
2549,284.2960358333334,284.2960358333334
2550,348.8778343804461,348.8778343804461
2551,479.9783072438572,479.9783072438572
2552,613.619056357713,613.619056357713
2553,748.1902796940956,748.1902796940956
2554,775.3335439445426,775.3335439445426
2555,646.086297285061,646.086297285061
2556,598.4256435871755,598.4256435871755
2557,1160.4396529609426,1160.4396529609426
2558,1216.7823772369827,1216.7823772369827
2559,613.0513517188031,613.0513517188031
2560,557.914460000001,557.914460000001
2561,582.9978891666675,582.9978891666675
2562,588.227755000002,588.227755000002
2563,684.6922864835781,684.6922864835781
2564,1145.6617066008976,1145.6617066008976
2565,1248.0291509615085,1248.0291509615085
2566,1207.8696137335585,1207.8696137335585
2567,752.9792690525105,752.9792690525105
2568,500.2645308333356,500.2645308333356
2569,305.59866666666716,305.59866666666716
2570,261.87924333333336,261.87924333333336
2571,275.4542283333334,275.4542283333334
2572,291.46672083333317,291.46672083333317
2573,305.1443629916891,305.1443629916891
2574,353.1263055505125,353.1263055505125
2575,591.9862727358435,591.9862727358435
2576,769.4075381125131,769.4075381125131
2577,699.9012014862845,699.9012014862845
2578,668.8142208639706,668.8142208639706
2579,667.7730787055716,667.7730787055716
2580,611.9817991141085,611.9817991141085
2581,930.8608205803985,930.8608205803985
2582,1137.986385615239,1137.986385615239
2583,602.7286469536506,602.7286469536506
2584,539.7520966666675,539.7520966666675
2585,578.1864033333345,578.1864033333345
2586,623.181089166669,623.181089166669
2587,726.120691756917,726.120691756917
2588,1252.873749894653,1252.873749894653
2589,1302.4205021059036,1302.4205021059036
2590,1582.261233481112,1582.261233481112
2591,767.3284406436265,767.3284406436265
2592,487.0786208333359,487.0786208333359
2593,277.35797500000035,277.35797500000035
2594,243.93756499999995,243.93756499999995
2595,253.06256249999998,253.06256249999998
2596,264.2833791666666,264.2833791666666
2597,281.86692666666664,281.86692666666664
2598,376.0608700440932,376.0608700440932
2599,425.7922321970252,425.7922321970252
2600,684.9531796603196,684.9531796603196
2601,757.9385359763576,757.9385359763576
2602,751.065488116812,751.065488116812
2603,643.9214395875246,643.9214395875246
2604,623.3841467441885,623.3841467441885
2605,1291.0263794966602,1291.0263794966602
2606,1368.3748008887046,1368.3748008887046
2607,601.1622770501406,601.1622770501406
2608,552.8312391666681,552.8312391666681
2609,591.6659841666675,591.6659841666675
2610,610.6818041666685,610.6818041666685
2611,708.025747220459,708.025747220459
2612,1302.81544692818,1302.81544692818
2613,1727.8077744310144,1727.8077744310144
2614,1416.6889089339502,1416.6889089339502
2615,712.6460023333481,712.6460023333481
2616,454.2838241666692,454.2838241666692
2617,307.8619141666671,307.8619141666671
2618,265.15840666666656,265.15840666666656
2619,271.4208916666666,271.4208916666666
2620,271.2333841666666,271.2333841666666
2621,272.2876516666666,272.2876516666666
2622,381.1312768989365,381.1312768989365
2623,459.0785901828218,459.0785901828218
2624,658.0375328812376,658.0375328812376
2625,917.49070588093,917.49070588093
2626,1211.847248029358,1211.847248029358
2627,1751.10473707248,1751.10473707248
2628,1164.1645464074365,1164.1645464074365
2629,1438.2712521658725,1438.2712521658725
2630,1041.6889982833445,1041.6889982833445
2631,629.6568168835876,629.6568168835876
2632,533.377675000001,533.377675000001
2633,591.566418333334,591.566418333334
2634,592.6304833333355,592.6304833333355
2635,713.030374325671,713.030374325671
2636,1125.858540612711,1125.858540612711
2637,1442.9376574040775,1442.9376574040775
2638,1431.1326049818126,1431.1326049818126
2639,697.961198311144,697.961198311144
2640,484.990040833336,484.990040833336
2641,268.43547500000045,268.43547500000045
2642,261.2875599999999,261.2875599999999
2643,264.05423583333317,264.05423583333317
2644,261.4834216666667,261.4834216666667
2645,275.2502316666667,275.2502316666667
2646,402.54187058365903,402.54187058365903
2647,480.94381932902775,480.94381932902775
2648,672.5096875769681,672.5096875769681
2649,860.9256060528866,860.9256060528866
2650,1272.7142040508877,1272.7142040508877
2651,1632.5234116075976,1632.5234116075976
2652,1194.6356738612685,1194.6356738612685
2653,1270.2895828362057,1270.2895828362057
2654,1297.435102407848,1297.435102407848
2655,596.7498388008056,596.7498388008056
2656,538.2227416666675,538.2227416666675
2657,589.109137500001,589.109137500001
2658,639.4937808333351,639.4937808333351
2659,773.8969498404565,773.8969498404565
2660,1301.251563290724,1301.251563290724
2661,1441.2151088828036,1441.2151088828036
2662,1258.7750690166447,1258.7750690166447
2663,705.7856550836156,705.7856550836156
2664,442.6718641666692,442.6718641666692
2665,294.9862908333339,294.9862908333339
2666,255.92088666666666,255.92088666666666
2667,271.5958791666665,271.5958791666665
2668,274.20420833333327,274.20420833333327
2669,279.01682666666665,279.01682666666665
2670,308.496465371472,308.496465371472
2671,527.652585510259,527.652585510259
2672,686.2687571344645,686.2687571344645
2673,797.4732104073436,797.4732104073436
2674,753.3240181553151,753.3240181553151
2675,630.3723248004545,630.3723248004545
2676,574.1916543566416,574.1916543566416
2677,906.0415061458297,906.0415061458297
2678,1078.2985855261136,1078.2985855261136
2679,640.758636023791,640.758636023791
2680,563.7516450000005,563.7516450000005
2681,609.911401666668,609.911401666668
2682,640.4778950000026,640.4778950000026
2683,728.456510224364,728.456510224364
2684,1233.0990176612386,1233.0990176612386
2685,1630.140124939263,1630.140124939263
2686,1494.7438785134707,1494.7438785134707
2687,722.11458125799,722.11458125799
2688,484.40778750000277,484.40778750000277
2689,279.829526666667,279.829526666667
2690,253.54591166666657,253.54591166666657
2691,278.2000524999999,278.2000524999999
2692,281.48338166666656,281.48338166666656
2693,288.06272999999993,288.06272999999993
2694,307.03617396590903,307.03617396590903
2695,521.2956457329605,521.2956457329605
2696,661.448298630056,661.448298630056
2697,724.6331283227536,724.6331283227536
2698,702.962919498309,702.962919498309
2699,593.168121029482,593.168121029482
2700,561.283573630039,561.283573630039
2701,1243.2587785005107,1243.2587785005107
2702,1301.7659987574625,1301.7659987574625
2703,615.2177863911875,615.2177863911875
2704,567.8104258333341,567.8104258333341
2705,566.0815858333345,566.0815858333345
2706,608.5028441666685,608.5028441666685
2707,741.155075204651,741.155075204651
2708,1246.407936224525,1246.407936224525
2709,1427.586558418785,1427.586558418785
2710,1368.428752562788,1368.428752562788
2711,719.293066194841,719.293066194841
2712,464.78758583333575,464.78758583333575
2713,280.6610950000005,280.6610950000005
2714,261.85008250000004,261.85008250000004
2715,268.30421833333327,268.30421833333327
2716,284.62921583333326,284.62921583333326
2717,276.26681,276.26681
2718,314.688195814648,314.688195814648
2719,494.8269660809465,494.8269660809465
2720,744.7266263911906,744.7266263911906
2721,650.5608735370311,650.5608735370311
2722,793.7216175836505,793.7216175836505
2723,673.5568119285456,673.5568119285456
2724,618.162779505648,618.162779505648
2725,907.6510261898115,907.6510261898115
2726,1052.575745835904,1052.575745835904
2727,595.716810895833,595.716810895833
2728,562.1976866666676,562.1976866666676
2729,568.2811058333344,568.2811058333344
2730,602.340189166669,602.340189166669
2731,701.3986315428865,701.3986315428865
2732,1388.176776912081,1388.176776912081
2733,1480.5583110606071,1480.5583110606071
2734,1233.8845540173377,1233.8845540173377
2735,731.2802130667895,731.2802130667895
2736,468.4788950000027,468.4788950000027
2737,284.9739091666671,284.9739091666671
2738,270.36673333333323,270.36673333333323
2739,264.17921083333323,264.17921083333323
2740,281.58754999999985,281.58754999999985
2741,292.1127125000001,292.1127125000001
2742,345.75349842626036,345.75349842626036
2743,543.9010637027345,543.9010637027345
2744,656.3644213991596,656.3644213991596
2745,814.0456659327131,814.0456659327131
2746,676.6015370901855,676.6015370901855
2747,577.0498211930311,577.0498211930311
2748,594.9758367623575,594.9758367623575
2749,1230.3219833547964,1230.3219833547964
2750,1251.583348826321,1251.583348826321
2751,598.1453448249225,598.1453448249225
2752,547.831977500001,547.831977500001
2753,597.5631558333346,597.5631558333346
2754,627.1713391666685,627.1713391666685
2755,720.31470529509,720.31470529509
2756,1314.6006466885372,1314.6006466885372
2757,1558.8475311637926,1558.8475311637926
2758,1226.629026786747,1226.629026786747
2759,709.3016299408155,709.3016299408155
2760,473.52543250000275,473.52543250000275
2761,291.9938225000005,291.9938225000005
2762,273.04590416666656,273.04590416666656
2763,270.8792208333332,270.8792208333332
2764,274.88339666666656,274.88339666666656
2765,277.4793175,277.4793175
2766,353.4731433929243,353.4731433929243
2767,538.6111499355881,538.6111499355881
2768,574.2782239413085,574.2782239413085
2769,753.8844275275981,753.8844275275981
2770,706.663582250453,706.663582250453
2771,598.5539131346135,598.5539131346135
2772,577.0864643515225,577.0864643515225
2773,1225.3271486906785,1225.3271486906785
2774,1195.12412309507,1195.12412309507
2775,600.3097578533431,600.3097578533431
2776,540.089897500001,540.089897500001
2777,570.1419433333346,570.1419433333346
2778,628.7213658333355,628.7213658333355
2779,680.3115316143221,680.3115316143221
2780,1287.846096837999,1287.846096837999
2781,1385.392507996474,1385.392507996474
2782,1360.2401942238191,1360.2401942238191
2783,756.0019651539415,756.0019651539415
2784,483.37804750000254,483.37804750000254
2785,301.60790500000036,301.60790500000036
2786,267.50843166666664,267.50843166666664
2787,265.06671333333315,265.06671333333315
2788,285.6708766666666,285.6708766666666
2789,291.77018682958163,291.77018682958163
2790,386.74789688273114,386.74789688273114
2791,518.564612423183,518.564612423183
2792,661.3132607422685,661.3132607422685
2793,901.0921929756337,901.0921929756337
2794,1349.7487768506885,1349.7487768506885
2795,1535.866291662541,1535.866291662541
2796,1309.4785344962636,1309.4785344962636
2797,1320.1911798557317,1320.1911798557317
2798,976.3918116421845,976.3918116421845
2799,603.9516710952835,603.9516710952835
2800,560.5437116666675,560.5437116666675
2801,569.0820233333345,569.0820233333345
2802,570.7741483333356,570.7741483333356
2803,684.4313447663476,684.4313447663476
2804,1351.4235500763862,1351.4235500763862
2805,1642.333209997158,1642.333209997158
2806,1673.3518315349866,1673.3518315349866
2807,725.6376357962365,725.6376357962365
2808,490.8645508333359,490.8645508333359
2809,279.9511925000004,279.9511925000004
2810,257.61674083333327,257.61674083333327
2811,246.35838666666666,246.35838666666666
2812,270.8167108333333,270.8167108333333
2813,286.72854798285,286.72854798285
2814,382.9400870750036,382.9400870750036
2815,562.983211932587,562.983211932587
2816,615.543010616803,615.543010616803
2817,829.8383253639081,829.8383253639081
2818,1210.176616874344,1210.176616874344
2819,1704.932096876817,1704.932096876817
2820,1199.4623006924016,1199.4623006924016
2821,1182.3957741067566,1182.3957741067566
2822,1105.6400540472991,1105.6400540472991
2823,574.4484134439995,574.4484134439995
2824,547.0607758333346,547.0607758333346
2825,560.2068225000011,560.2068225000011
2826,594.2537408333355,594.2537408333355
2827,745.4829398953746,745.4829398953746
2828,1093.5651908344232,1093.5651908344232
2829,1416.251368274897,1416.251368274897
2830,1389.4742285257007,1389.4742285257007
2831,726.1598594890226,726.1598594890226
2832,472.45650833333593,472.45650833333593
2833,277.58305166666713,277.58305166666713
2834,269.0084016666666,269.0084016666666
2835,267.0000649999999,267.0000649999999
2836,275.92922333333325,275.92922333333325
2837,292.30636032256103,292.30636032256103
2838,359.3567493252847,359.3567493252847
2839,468.1365846830246,468.1365846830246
2840,575.7089817399785,575.7089817399785
2841,777.9435799681105,777.9435799681105
2842,764.842971798621,764.842971798621
2843,648.4352583433711,648.4352583433711
2844,564.6909034543595,564.6909034543595
2845,1135.7713884116235,1135.7713884116235
2846,1119.030169726064,1119.030169726064
2847,599.670649933373,599.670649933373
2848,539.8981700000011,539.8981700000011
2849,566.0841066666675,566.0841066666675
2850,602.253189166669,602.253189166669
2851,761.575667810605,761.575667810605
2852,1292.4099570609376,1292.4099570609376
2853,1409.2080921182755,1409.2080921182755
2854,1603.2871673111486,1603.2871673111486
2855,756.735640365614,756.735640365614
2856,467.55128666666917,467.55128666666917
2857,302.26447666666706,302.26447666666706
2858,272.2542383333333,272.2542383333333
2859,260.69589916666655,260.69589916666655
2860,275.0417208333333,275.0417208333333
2861,288.9703820606714,288.9703820606714
2862,362.9388697580839,362.9388697580839
2863,437.49458178669994,437.49458178669994
2864,663.867560385098,663.867560385098
2865,747.0677982346541,747.0677982346541
2866,717.4589381251001,717.4589381251001
2867,617.2646899185811,617.2646899185811
2868,600.2292126127476,600.2292126127476
2869,954.9667317812255,954.9667317812255
2870,1074.16459906828,1074.16459906828
2871,598.6945589920325,598.6945589920325
2872,520.7691666666681,520.7691666666681
2873,556.499176666668,556.499176666668
2874,627.592244166669,627.592244166669
2875,764.909396562161,764.909396562161
2876,1228.175157666875,1228.175157666875
2877,1495.775359221785,1495.775359221785
2878,1306.3735267091956,1306.3735267091956
2879,788.8036569968426,788.8036569968426
2880,482.6167708333358,482.6167708333358
2881,283.8762183333338,283.8762183333338
2882,256.6750599999999,256.6750599999999
2883,263.3000399999999,263.3000399999999
2884,278.9667233333332,278.9667233333332
2885,289.4786706316385,289.4786706316385
2886,354.26330144617094,354.26330144617094
2887,515.4730641002756,515.4730641002756
2888,649.5979646547261,649.5979646547261
2889,705.668921403842,705.668921403842
2890,742.285191442525,742.285191442525
2891,682.0855270877405,682.0855270877405
2892,585.7652281997665,585.7652281997665
2893,1020.1253481186741,1020.1253481186741
2894,1141.9647442891435,1141.9647442891435
2895,583.03257157308,583.03257157308
2896,527.5108558333345,527.5108558333345
2897,564.2585983333346,564.2585983333346
2898,610.9638858333354,610.9638858333354
2899,716.1029770185696,716.1029770185696
2900,1245.978207310233,1245.978207310233
2901,1724.8532772328517,1724.8532772328517
2902,1509.5978232852926,1509.5978232852926
2903,835.0916346104261,835.0916346104261
2904,553.6401316666695,553.6401316666695
2905,313.6061425000003,313.6061425000003
2906,262.9458766666666,262.9458766666666
2907,272.0583991666667,272.0583991666667
2908,285.4125725,285.4125725
2909,284.44607666666667,284.44607666666667
2910,343.34801980378177,343.34801980378177
2911,543.7351314478285,543.7351314478285
2912,770.0242163670075,770.0242163670075
2913,686.4914107189295,686.4914107189295
2914,747.089572896865,747.089572896865
2915,676.905557368996,676.905557368996
2916,568.8452929130316,568.8452929130316
2917,891.3286575452576,891.3286575452576
2918,950.5531454449565,950.5531454449565
2919,648.0907721644685,648.0907721644685
2920,548.873690000001,548.873690000001
2921,597.3536016666679,597.3536016666679
2922,610.4919908333355,610.4919908333355
2923,684.5005354622385,684.5005354622385
2924,1273.5108658589907,1273.5108658589907
2925,1427.723183905844,1427.723183905844
2926,1555.069308448675,1555.069308448675
2927,859.914577702448,859.914577702448
2928,568.062174166669,568.062174166669
2929,288.11363500000033,288.11363500000033
2930,259.8834041666667,259.8834041666667
2931,264.8708741666666,264.8708741666666
2932,266.21254249999987,266.21254249999987
2933,284.6173527009919,284.6173527009919
2934,369.227306873031,369.227306873031
2935,512.4654365213855,512.4654365213855
2936,676.4513898486356,676.4513898486356
2937,832.0658639120666,832.0658639120666
2938,724.4050426047701,724.4050426047701
2939,643.7731771995755,643.7731771995755
2940,593.9063031245475,593.9063031245475
2941,1011.317519236808,1011.317519236808
2942,1132.4729402429555,1132.4729402429555
2943,596.097695145644,596.097695145644
2944,516.5272316666681,516.5272316666681
2945,575.9784675000016,575.9784675000016
2946,609.2180475000021,609.2180475000021
2947,692.503098225475,692.503098225475
2948,1109.377342236993,1109.377342236993
2949,1381.4057450906876,1381.4057450906876
2950,1174.5805997495986,1174.5805997495986
2951,765.0511972419805,765.0511972419805
2952,525.6167025000026,525.6167025000026
2953,286.03525333333386,286.03525333333386
2954,262.72925333333325,262.72925333333325
2955,262.3667358333333,262.3667358333333
2956,272.4125399999998,272.4125399999998
2957,276.24343474431544,276.24343474431544
2958,329.7107959792352,329.7107959792352
2959,445.9690517244944,445.9690517244944
2960,607.0143262061655,607.0143262061655
2961,676.1256099334361,676.1256099334361
2962,692.8018896374615,692.8018896374615
2963,646.3286405299896,646.3286405299896
2964,618.321246419002,618.321246419002
2965,1011.9286733491004,1011.9286733491004
2966,1171.1830954388695,1171.1830954388695
2967,619.2637318584406,619.2637318584406
2968,574.185675000001,574.185675000001
2969,605.8784533333345,605.8784533333345
2970,650.7055633333356,650.7055633333356
2971,740.5393710690271,740.5393710690271
2972,1138.5496653152666,1138.5496653152666
2973,1578.6541016627966,1578.6541016627966
2974,1351.711014749959,1351.711014749959
2975,806.2223612884566,806.2223612884566
2976,525.1135325000025,525.1135325000025
2977,286.69703166666716,286.69703166666716
2978,268.19590666666653,268.19590666666653
2979,275.1250599999999,275.1250599999999
2980,279.6625299999999,279.6625299999999
2981,293.91686916666663,293.91686916666663
2982,361.9348828201663,361.9348828201663
2983,486.8006781815634,486.8006781815634
2984,694.633516414539,694.633516414539
2985,622.0271892253936,622.0271892253936
2986,699.0197833128431,699.0197833128431
2987,647.5667657050406,647.5667657050406
2988,587.30399424898,587.30399424898
2989,1154.84852215989,1154.84852215989
2990,1245.5714997254706,1245.5714997254706
2991,574.5591774793255,574.5591774793255
2992,544.7561758333345,544.7561758333345
2993,580.839624166668,580.839624166668
2994,633.345674166669,633.345674166669
2995,747.8696366238815,747.8696366238815
2996,1268.9031311298302,1268.9031311298302
2997,1546.1203014485052,1546.1203014485052
2998,1145.718083132826,1145.718083132826
2999,839.8030249703065,839.8030249703065
3000,516.5035158333361,516.5035158333361
3001,295.08696166666704,295.08696166666704
3002,265.9500725,265.9500725
3003,276.6083891666665,276.6083891666665
3004,274.5625374999999,274.5625374999999
3005,287.5704531260215,287.5704531260215
3006,353.1810677213762,353.1810677213762
3007,465.6174036814671,465.6174036814671
3008,594.256867548791,594.256867548791
3009,931.445564611649,931.445564611649
3010,1294.8937065735672,1294.8937065735672
3011,1645.6627567350113,1645.6627567350113
3012,1171.74526872122,1171.74526872122
3013,1285.7031699030506,1285.7031699030506
3014,1185.765175659624,1185.765175659624
3015,615.601733860876,615.601733860876
3016,531.951662500001,531.951662500001
3017,566.4670541666675,566.4670541666675
3018,623.9039616666686,623.9039616666686
3019,682.317560336052,682.317560336052
3020,1283.763528156252,1283.763528156252
3021,1504.518293640512,1504.518293640512
3022,1557.5047364453446,1557.5047364453446
3023,829.763342846358,829.763342846358
3024,468.11154885163035,468.11154885163035
3025,302.22534416666724,302.22534416666724
3026,254.86675083333327,254.86675083333327
3027,269.4792308333333,269.4792308333333
3028,277.2167133333332,277.2167133333332
3029,278.7762755586743,278.7762755586743
3030,327.5922015916381,327.5922015916381
3031,520.4317964343645,520.4317964343645
3032,700.1326942453835,700.1326942453835
3033,953.8413785877545,953.8413785877545
3034,1265.5920706014076,1265.5920706014076
3035,1464.3963512627197,1464.3963512627197
3036,1231.2822917442866,1231.2822917442866
3037,1428.042121925958,1428.042121925958
3038,1276.9054038696795,1276.9054038696795
3039,629.263629890392,629.263629890392
3040,540.6685408333345,540.6685408333345
3041,590.4688275000011,590.4688275000011
3042,584.5472925000021,584.5472925000021
3043,646.1385210442536,646.1385210442536
3044,1187.5758273596816,1187.5758273596816
3045,1537.4165600021677,1537.4165600021677
3046,1214.0721627221342,1214.0721627221342
3047,783.901021059296,783.901021059296
3048,528.7076097671525,528.7076097671525
3049,295.6752083333336,295.6752083333336
3050,261.72089666666653,261.72089666666653
3051,268.5458816666666,268.5458816666666
3052,282.3083741666666,282.3083741666666
3053,276.4710116666667,276.4710116666667
3054,349.1272640024313,349.1272640024313
3055,571.8244414174815,571.8244414174815
3056,666.348159214869,666.348159214869
3057,712.1183406182695,712.1183406182695
3058,668.4716680658405,668.4716680658405
3059,605.5539741926335,605.5539741926335
3060,560.911581885474,560.911581885474
3061,861.6240231028701,861.6240231028701
3062,1046.2614934466726,1046.2614934466726
3063,639.9636964264491,639.9636964264491
3064,562.827446666668,562.827446666668
3065,567.4480516666675,567.4480516666675
3066,600.0341291666685,600.0341291666685
3067,640.9062503473835,640.9062503473835
3068,977.5380524158966,977.5380524158966
3069,1547.055713703002,1547.055713703002
3070,1451.9860253227375,1451.9860253227375
3071,833.0386133778829,833.0386133778829
3072,499.40255000000263,499.40255000000263
3073,310.9812458333338,310.9812458333338
3074,263.81255,263.81255
3075,265.7417133333333,265.7417133333333
3076,282.8500449999999,282.8500449999999
3077,287.38825644065747,287.38825644065747
3078,384.8021612976285,384.8021612976285
3079,474.14653902291286,474.14653902291286
3080,699.9152820161976,699.9152820161976
3081,644.941575765126,644.941575765126
3082,771.6499523089741,771.6499523089741
3083,666.4670455732551,666.4670455732551
3084,608.7490332666525,608.7490332666525
3085,1109.566287058673,1109.566287058673
3086,1068.1743940719225,1068.1743940719225
3087,587.935647677867,587.935647677867
3088,544.2268833333341,544.2268833333341
3089,561.386866666668,561.386866666668
3090,602.6396250000025,602.6396250000025
3091,737.9597343960221,737.9597343960221
3092,1116.2880411688254,1116.2880411688254
3093,1532.2671519003077,1532.2671519003077
3094,1221.0557959649095,1221.0557959649095
3095,764.017988902362,764.017988902362
3096,486.0047825000028,486.0047825000028
3097,293.0562300000005,293.0562300000005
3098,259.01256499999994,259.01256499999994
3099,261.29172583333326,261.29172583333326
3100,268.9500349999999,268.9500349999999
3101,277.97278717800515,277.97278717800515
3102,360.12755032426406,360.12755032426406
3103,448.8809812173071,448.8809812173071
3104,645.618251769909,645.618251769909
3105,674.2000580110235,674.2000580110235
3106,657.5369732118025,657.5369732118025
3107,609.948074074598,609.948074074598
3108,619.9531656436635,619.9531656436635
3109,1083.6006364015345,1083.6006364015345
3110,1073.8054185415185,1073.8054185415185
3111,624.675266113,624.675266113
3112,530.8397458333345,530.8397458333345
3113,578.720212500001,578.720212500001
3114,612.8521341347185,612.8521341347185
3115,719.986558732057,719.986558732057
3116,1292.13269926247,1292.13269926247
3117,1265.6322503217207,1265.6322503217207
3118,1300.9950923722752,1300.9950923722752
3119,830.647545310909,830.647545310909
3120,497.52384750000283,497.52384750000283
3121,301.7503716666671,301.7503716666671
3122,270.0583941666665,270.0583941666665
3123,268.72089166666655,268.72089166666655
3124,271.7542033333332,271.7542033333332
3125,277.82684781314225,277.82684781314225
3126,411.2815847807251,411.2815847807251
3127,466.318262232784,466.318262232784
3128,800.5261117432715,800.5261117432715
3129,679.3627628992825,679.3627628992825
3130,728.028454592315,728.028454592315
3131,637.2407981708195,637.2407981708195
3132,590.3146661964896,590.3146661964896
3133,1241.883494773958,1241.883494773958
3134,1181.5060763320012,1181.5060763320012
3135,623.484438932506,623.484438932506
3136,534.5939066666675,534.5939066666675
3137,586.4011683333346,586.4011683333346
3138,605.517279166669,605.517279166669
3139,698.4869060226525,698.4869060226525
3140,1138.410430933737,1138.410430933737
3141,1511.935205192191,1511.935205192191
3142,1377.2960325513122,1377.2960325513122
3143,835.707662724645,835.707662724645
3144,514.6025616666695,514.6025616666695
3145,279.4729358333338,279.4729358333338
3146,253.42922333333328,253.42922333333328
3147,259.3375674999999,259.3375674999999
3148,273.2958766666666,273.2958766666666
3149,281.8418341666666,281.8418341666666
3150,366.7827089985865,366.7827089985865
3151,541.217885150842,541.217885150842
3152,679.8097570768325,679.8097570768325
3153,742.6375996587416,742.6375996587416
3154,656.700100460867,656.700100460867
3155,673.4779000749666,673.4779000749666
3156,650.9720961132406,650.9720961132406
3157,1163.5987660725596,1163.5987660725596
3158,934.129478404277,934.129478404277
3159,577.9609463550245,577.9609463550245
3160,528.456271666668,528.456271666668
3161,570.2768233333345,570.2768233333345
3162,602.310261666669,602.310261666669
3163,701.3734534162465,701.3734534162465
3164,1193.2964808787597,1193.2964808787597
3165,1350.751857878815,1350.751857878815
3166,1342.1846774404726,1342.1846774404726
3167,779.7531271233311,779.7531271233311
3168,510.14864333333657,510.14864333333657
3169,300.0513466666671,300.0513466666671
3170,276.9042308333333,276.9042308333333
3171,266.60007749999994,266.60007749999994
3172,278.08338666666657,278.08338666666657
3173,276.53892726495866,276.53892726495866
3174,397.771975305353,397.771975305353
3175,565.03462271919,565.03462271919
3176,666.0770979916056,666.0770979916056
3177,947.7722338185366,947.7722338185366
3178,1106.5355495197362,1106.5355495197362
3179,1495.517127813044,1495.517127813044
3180,1313.2441110713921,1313.2441110713921
3181,1164.0580153434446,1164.0580153434446
3182,1155.6413052227197,1155.6413052227197
3183,627.8723427512086,627.8723427512086
3184,506.15223500000104,506.15223500000104
3185,562.7700608333346,562.7700608333346
3186,623.6670258333356,623.6670258333356
3187,683.3908887861885,683.3908887861885
3188,1284.311401019265,1284.311401019265
3189,1587.4870240800365,1587.4870240800365
3190,1401.151689084508,1401.151689084508
3191,808.0290928002926,808.0290928002926
3192,520.6356766666695,520.6356766666695
3193,302.5471758333338,302.5471758333338
3194,268.60008250000004,268.60008250000004
3195,270.83753999999993,270.83753999999993
3196,257.49172083333326,257.49172083333326
3197,275.5560101311021,275.5560101311021
3198,354.93457437915333,354.93457437915333
3199,444.09006931815003,444.09006931815003
3200,626.439760354962,626.439760354962
3201,989.2539822731026,989.2539822731026
3202,1396.1993753085526,1396.1993753085526
3203,1542.8835723345817,1542.8835723345817
3204,1213.8841121377332,1213.8841121377332
3205,1136.517045012435,1136.517045012435
3206,1190.9051780993645,1190.9051780993645
3207,633.7168757234176,633.7168757234176
3208,542.010715833334,542.010715833334
3209,571.127758333334,571.127758333334
3210,597.2143250000021,597.2143250000021
3211,671.938589824967,671.938589824967
3212,1139.594279692365,1139.594279692365
3213,1677.188049877386,1677.188049877386
3214,1330.3247673302105,1330.3247673302105
3215,822.2631595189476,822.2631595189476
3216,530.742786666669,530.742786666669
3217,302.93204000000037,302.93204000000037
3218,260.2000749999999,260.2000749999999
3219,272.7792458333332,272.7792458333332
3220,286.85419833333316,286.85419833333316
3221,286.3501769785665,286.3501769785665
3222,394.02681291240447,394.02681291240447
3223,477.70419432486807,477.70419432486807
3224,765.9177877074906,765.9177877074906
3225,765.0920591442571,765.0920591442571
3226,729.7859973915915,729.7859973915915
3227,642.2417564839501,642.2417564839501
3228,563.2111628372845,563.2111628372845
3229,969.875044741756,969.875044741756
3230,1051.698257825076,1051.698257825076
3231,610.7793397890475,610.7793397890475
3232,536.535512500001,536.535512500001
3233,562.9698158333346,562.9698158333346
3234,629.7946883333356,629.7946883333356
3235,699.033863232769,699.033863232769
3236,1094.293605759005,1094.293605759005
3237,1512.4176943812877,1512.4176943812877
3238,1331.69178780919,1331.69178780919
3239,803.5082052713341,803.5082052713341
3240,518.5118383333365,518.5118383333365
3241,291.6171166666672,291.6171166666672
3242,282.7500649999999,282.7500649999999
3243,285.01672833333333,285.01672833333333
3244,295.3250474999999,295.3250474999999
3245,309.3693680008573,309.3693680008573
3246,347.8959614950695,347.8959614950695
3247,529.922974879256,529.922974879256
3248,602.9910548198005,602.9910548198005
3249,863.3683954288556,863.3683954288556
3250,772.9279407467075,772.9279407467075
3251,656.7968983910075,656.7968983910075
3252,613.38124039683,613.38124039683
3253,1097.503081932083,1097.503081932083
3254,1172.944474679214,1172.944474679214
3255,630.7284188666365,630.7284188666365
3256,525.2316750000016,525.2316750000016
3257,553.9775516666681,553.9775516666681
3258,590.244461666669,590.244461666669
3259,701.5953794815441,701.5953794815441
3260,1046.9690894908115,1046.9690894908115
3261,1525.957665897155,1525.957665897155
3262,1349.6938557394506,1349.6938557394506
3263,853.7587832589645,853.7587832589645
3264,506.32251013533255,506.32251013533255
3265,291.3896100000004,291.3896100000004
3266,263.3584066666665,263.3584066666665
3267,272.80005249999994,272.80005249999994
3268,285.7750449999999,285.7750449999999
3269,291.22601823087814,291.22601823087814
3270,379.6632626964072,379.6632626964072
3271,483.9216061070599,483.9216061070599
3272,695.310818709876,695.310818709876
3273,720.493510507637,720.493510507637
3274,739.0622874539085,739.0622874539085
3275,660.4588378009605,660.4588378009605
3276,593.7680640305125,593.7680640305125
3277,1081.8807330132006,1081.8807330132006
3278,1079.443688712363,1079.443688712363
3279,641.7221494865935,641.7221494865935
3280,535.9847950000011,535.9847950000011
3281,573.965171666668,573.965171666668
3282,576.1871833333356,576.1871833333356
3283,689.032138067963,689.032138067963
3284,1066.950047497905,1066.950047497905
3285,1386.815892106144,1386.815892106144
3286,1496.0523334852955,1496.0523334852955
3287,796.82844394203,796.82844394203
3288,513.6807450000025,513.6807450000025
3289,280.15108333333393,280.15108333333393
3290,255.05004749999995,255.05004749999995
3291,252.34171583333324,252.34171583333324
3292,273.6583716666666,273.6583716666666
3293,270.4710408333333,270.4710408333333
3294,364.40884527083006,364.40884527083006
3295,540.7749248216586,540.7749248216586
3296,650.2793314637,650.2793314637
3297,743.4892501045025,743.4892501045025
3298,690.1471853667321,690.1471853667321
3299,615.3647321602516,615.3647321602516
3300,578.764973759411,578.764973759411
3301,1230.522558136755,1230.522558136755
3302,1217.3364157474746,1217.3364157474746
3303,603.606970376522,603.606970376522
3304,546.802450000001,546.802450000001
3305,588.5818400000011,588.5818400000011
3306,578.707096666669,578.707096666669
3307,679.778559336126,679.778559336126
3308,1236.4407841520506,1236.4407841520506
3309,1450.9446679229957,1450.9446679229957
3310,1266.3713920673772,1266.3713920673772
3311,850.4931075686791,850.4931075686791
3312,520.130830000003,520.130830000003
3313,284.9504058333338,284.9504058333338
3314,273.6084041666666,273.6084041666666
3315,273.12922083333325,273.12922083333325
3316,278.350045,278.350045
3317,292.45851083333343,292.45851083333343
3318,337.9708430474018,337.9708430474018
3319,565.5561064417701,565.5561064417701
3320,688.2163753922471,688.2163753922471
3321,690.3479289344705,690.3479289344705
3322,631.9437425459281,631.9437425459281
3323,618.4356516649596,618.4356516649596
3324,595.761802115243,595.761802115243
3325,1054.2920420427215,1054.2920420427215
3326,1184.8092012807326,1184.8092012807326
3327,587.665340826086,587.665340826086
3328,519.5601233333344,519.5601233333344
3329,570.8243633333345,570.8243633333345
3330,612.0761958333355,612.0761958333355
3331,687.151165931087,687.151165931087
3332,1261.4084298039306,1261.4084298039306
3333,1610.2554378152631,1610.2554378152631
3334,1544.5107161869196,1544.5107161869196
3335,799.5914897506186,799.5914897506186
3336,516.4566650000025,516.4566650000025
3337,292.1936166666671,292.1936166666671
3338,241.13756249999994,241.13756249999994
3339,269.1750574999999,269.1750574999999
3340,278.0000474999999,278.0000474999999
3341,282.16168808960754,282.16168808960754
3342,338.3476705446252,338.3476705446252
3343,574.173363953578,574.173363953578
3344,704.3484757035171,704.3484757035171
3345,846.2871832749065,846.2871832749065
3346,1257.5833269356356,1257.5833269356356
3347,1579.927172679944,1579.927172679944
3348,1234.6739823480584,1234.6739823480584
3349,1148.0772210198352,1148.0772210198352
3350,1206.3877437259414,1206.3877437259414
3351,584.400147517194,584.400147517194
3352,538.9771983333341,538.9771983333341
3353,565.081220000001,565.081220000001
3354,588.969719166669,588.969719166669
3355,694.6199788531645,694.6199788531645
3356,1222.128682355255,1222.128682355255
3357,1391.22463988319,1391.22463988319
3358,1251.610229064032,1251.610229064032
3359,757.7831903486835,757.7831903486835
3360,499.41566833333593,499.41566833333593
3361,300.79620750000055,300.79620750000055
3362,279.3750649999999,279.3750649999999
3363,294.01672833333316,294.01672833333316
3364,284.5000524999999,284.5000524999999
3365,315.83112772879775,315.83112772879775
3366,440.14073488214945,440.14073488214945
3367,653.6298640150491,653.6298640150491
3368,653.7220799413145,653.7220799413145
3369,800.299775950122,800.299775950122
3370,1437.4165628469207,1437.4165628469207
3371,1562.574329900261,1562.574329900261
3372,1144.8939287116475,1144.8939287116475
3373,1182.750619147501,1182.750619147501
3374,1068.6732112146685,1068.6732112146685
3375,631.4121579209486,631.4121579209486
3376,555.2356775000011,555.2356775000011
3377,600.2654708333346,600.2654708333346
3378,594.5879791666686,594.5879791666686
3379,650.963256763855,650.963256763855
3380,1145.492990884384,1145.492990884384
3381,1530.3085571338206,1530.3085571338206
3382,1500.2360757225886,1500.2360757225886
3383,819.3984337890475,819.3984337890475
3384,526.817915833336,526.817915833336
3385,280.9963050000003,280.9963050000003
3386,258.25422583333335,258.25422583333335
3387,266.17088416666655,266.17088416666655
3388,259.79171083333324,259.79171083333324
3389,263.4626433333335,263.4626433333335
3390,324.3126607029679,324.3126607029679
3391,498.85624221145565,498.85624221145565
3392,648.742033555741,648.742033555741
3393,783.080874401787,783.080874401787
3394,811.7545578999166,811.7545578999166
3395,663.9790275377776,663.9790275377776
3396,622.0301488665126,622.0301488665126
3397,1176.031394766106,1176.031394766106
3398,1244.5370748261566,1244.5370748261566
3399,615.0683720165385,615.0683720165385
3400,540.0816083333345,540.0816083333345
3401,569.580865000001,569.580865000001
3402,595.8835783333355,595.8835783333355
3403,695.5014677900821,695.5014677900821
3404,1257.5693245451096,1257.5693245451096
3405,1606.4598987061445,1606.4598987061445
3406,1437.983060836832,1437.983060836832
3407,729.3909029873661,729.3909029873661
3408,526.4647525000025,526.4647525000025
3409,281.4228800000004,281.4228800000004
3410,262.84589666666653,262.84589666666653
3411,254.90838666666664,254.90838666666664
3412,265.3542233333332,265.3542233333332
3413,282.25020500000005,282.25020500000005
3414,330.53380889335904,330.53380889335904
3415,478.7832207136855,478.7832207136855
3416,786.1398683615555,786.1398683615555
3417,670.8785385080876,670.8785385080876
3418,624.6428972263095,624.6428972263095
3419,589.848388555584,589.848388555584
3420,601.7909408945895,601.7909408945895
3421,978.3345437676855,978.3345437676855
3422,1224.1233843583725,1224.1233843583725
3423,623.8965953354326,623.8965953354326
3424,563.8188408333345,563.8188408333345
3425,594.860855000001,594.860855000001
3426,615.8400066666691,615.8400066666691
3427,714.1882899215996,714.1882899215996
3428,1432.4293859174502,1432.4293859174502
3429,1841.7373728533669,1841.7373728533669
3430,1445.6521287101866,1445.6521287101866
3431,775.4340177356676,775.4340177356676
3432,526.5304400000026,526.5304400000026
3433,287.7860291666671,287.7860291666671
3434,259.25006249999996,259.25006249999996
3435,265.8042233333333,265.8042233333333
3436,284.2958591666666,284.2958591666666
3437,274.5080021724463,274.5080021724463
3438,337.5927328166987,337.5927328166987
3439,549.3725928435505,549.3725928435505
3440,598.732467500565,598.732467500565
3441,630.7683496470015,630.7683496470015
3442,643.4145555756695,643.4145555756695
3443,678.636387214965,678.636387214965
3444,590.4998372048735,590.4998372048735
3445,1061.103607972775,1061.103607972775
3446,1097.3138098307245,1097.3138098307245
3447,630.749990649667,630.749990649667
3448,552.0436191666676,552.0436191666676
3449,587.2981041666679,587.2981041666679
3450,590.6049008333356,590.6049008333356
3451,692.4078111474311,692.4078111474311
3452,1413.064522805314,1413.064522805314
3453,1432.4955555979832,1432.4955555979832
3454,1588.0161726887245,1588.0161726887245
3455,812.5316145631455,812.5316145631455
3456,520.8904400000025,520.8904400000025
3457,290.955434166667,290.955434166667
3458,268.0083991666666,268.0083991666666
3459,269.0917183333333,269.0917183333333
3460,268.22506749999985,268.22506749999985
3461,281.394267424752,281.394267424752
3462,395.2682576619037,395.2682576619037
3463,461.21647570261024,461.21647570261024
3464,803.875550028379,803.875550028379
3465,667.2228888586815,667.2228888586815
3466,670.0334263237136,670.0334263237136
3467,595.583984220781,595.583984220781
3468,590.54093203186,590.54093203186
3469,1026.2820632031346,1026.2820632031346
3470,965.6245223542951,965.6245223542951
3471,610.6528634238786,610.6528634238786
3472,520.2606000000015,520.2606000000015
3473,586.7375108333346,586.7375108333346
3474,611.894835000002,611.894835000002
3475,741.7230849007641,741.7230849007641
3476,1279.4941545219021,1279.4941545219021
3477,1284.9433643819466,1284.9433643819466
3478,1123.940643552348,1123.940643552348
3479,788.6853603296286,788.6853603296286
3480,535.563073333336,535.563073333336
3481,298.5319566666671,298.5319566666671
3482,267.51674083333324,267.51674083333324
3483,270.49589666666657,270.49589666666657
3484,278.78338166666657,278.78338166666657
3485,296.66114098156334,296.66114098156334
3486,392.4117168058995,392.4117168058995
3487,479.19329706322463,479.19329706322463
3488,653.1449364362941,653.1449364362941
3489,674.889038786162,674.889038786162
3490,725.481989726931,725.481989726931
3491,596.831976818,596.831976818
3492,580.460744422423,580.460744422423
3493,1090.9908067416955,1090.9908067416955
3494,1130.510515138696,1130.510515138696
3495,633.2861037438415,633.2861037438415
3496,555.1319258333345,555.1319258333345
3497,565.118015000001,565.118015000001
3498,574.809185000002,574.809185000002
3499,744.311141077615,744.311141077615
3500,1209.3546594821362,1209.3546594821362
3501,1641.006047214514,1641.006047214514
3502,1377.075768753708,1377.075768753708
3503,868.1126513343205,868.1126513343205
3504,502.8235191666695,502.8235191666695
3505,280.17785666666725,280.17785666666725
3506,252.36256749999998,252.36256749999998
3507,263.6917183333332,263.6917183333332
3508,262.2333841666666,262.2333841666666
3509,281.5155507943526,281.5155507943526
3510,357.95385161125915,357.95385161125915
3511,497.9217338197495,497.9217338197495
3512,698.2765883997955,698.2765883997955
3513,848.1303604309969,848.1303604309969
3514,1263.4834344286637,1263.4834344286637
3515,1451.1991370020605,1451.1991370020605
3516,1347.985818994977,1347.985818994977
3517,1213.529537738163,1213.529537738163
3518,1012.4406475208766,1012.4406475208766
3519,603.7310168601156,603.7310168601156
3520,553.2066233333345,553.2066233333345
3521,562.606665833334,562.606665833334
3522,599.2122833333354,599.2122833333354
3523,675.7905659494705,675.7905659494705
3524,1226.705009769671,1226.705009769671
3525,1299.2608722480572,1299.2608722480572
3526,1350.3281173446005,1350.3281173446005
3527,849.6699721486935,849.6699721486935
3528,527.186780833336,527.186780833336
3529,271.3605516666672,271.3605516666672
3530,250.3042408333333,250.3042408333333
3531,264.21670333333327,264.21670333333327
3532,257.9458866666666,257.9458866666666
3533,265.12098249999997,265.12098249999997
3534,316.5660037598923,316.5660037598923
3535,485.0636347931475,485.0636347931475
3536,670.5462604904451,670.5462604904451
3537,952.435617080534,952.435617080534
3538,1224.849258690267,1224.849258690267
3539,1628.6287645567545,1628.6287645567545
3540,1279.3248188523912,1279.3248188523912
3541,1229.173857326301,1229.173857326301
3542,1235.1011432851765,1235.1011432851765
3543,638.301089801369,638.301089801369
3544,558.272872500001,558.272872500001
3545,585.4286983333345,585.4286983333345
3546,617.3983583333356,617.3983583333356
3547,679.4942671685276,679.4942671685276
3548,1156.985125075613,1156.985125075613
3549,1459.05481804049,1459.05481804049
3550,1368.8683778765487,1368.8683778765487
3551,752.5342476282516,752.5342476282516
3552,491.68482500000283,491.68482500000283
3553,292.0885808333339,292.0885808333339
3554,255.11255749999987,255.11255749999987
3555,264.0333841666666,264.0333841666666
3556,268.38755749999984,268.38755749999984
3557,279.0470884432197,279.0470884432197
3558,364.1029858386195,364.1029858386195
3559,474.09868962680406,474.09868962680406
3560,708.6832493126885,708.6832493126885
3561,742.9097321832505,742.9097321832505
3562,663.695875905135,663.695875905135
3563,637.6230610595906,637.6230610595906
3564,597.5052641833645,597.5052641833645
3565,1024.052965631555,1024.052965631555
3566,962.5299877463606,962.5299877463606
3567,581.6073322325831,581.6073322325831
3568,536.3314058333345,536.3314058333345
3569,586.2605608333346,586.2605608333346
3570,583.8975050000021,583.8975050000021
3571,653.6781407458661,653.6781407458661
3572,1109.8864268582595,1109.8864268582595
3573,1370.7365776089082,1370.7365776089082
3574,1164.500020526274,1164.500020526274
3575,783.3665620559815,783.3665620559815
3576,462.4569016666693,462.4569016666693
3577,266.7736966666671,266.7736966666671
3578,251.67507,251.67507
3579,259.10004749999996,259.10004749999996
3580,266.67087416666647,266.67087416666647
3581,272.5084391666666,272.5084391666666
3582,328.0920313719997,328.0920313719997
3583,587.7087685643745,587.7087685643745
3584,623.3987522495086,623.3987522495086
3585,685.5743859323825,685.5743859323825
3586,663.1815435396951,663.1815435396951
3587,601.595906205387,601.595906205387
3588,592.514325201067,592.514325201067
3589,951.3453742764731,951.3453742764731
3590,1221.3742554776695,1221.3742554776695
3591,663.3008288053645,663.3008288053645
3592,540.243985000001,540.243985000001
3593,601.4434533333346,601.4434533333346
3594,610.065980000002,610.065980000002
3595,686.8920955286495,686.8920955286495
3596,1186.288960785798,1186.288960785798
3597,1250.7863760985017,1250.7863760985017
3598,1364.3558849634885,1364.3558849634885
3599,854.451733924667,854.451733924667
3600,489.1201466666693,489.1201466666693
3601,299.3329100000004,299.3329100000004
3602,253.0084066666667,253.0084066666667
3603,257.42923333333323,257.42923333333323
3604,265.00422583333324,265.00422583333324
3605,288.5571877810516,288.5571877810516
3606,362.0965370758279,362.0965370758279
3607,434.3709002018225,434.3709002018225
3608,689.0066941027401,689.0066941027401
3609,744.0282354510415,744.0282354510415
3610,766.8273483066846,766.8273483066846
3611,697.0746068991295,697.0746068991295
3612,610.5711974085291,610.5711974085291
3613,1184.982750231453,1184.982750231453
3614,1061.2470229835644,1061.2470229835644
3615,592.735675022921,592.735675022921
3616,542.1066783333345,542.1066783333345
3617,574.5190408333345,574.5190408333345
3618,599.3007583333355,599.3007583333355
3619,630.1247685079711,630.1247685079711
3620,1143.748468513455,1143.748468513455
3621,1591.8546319973182,1591.8546319973182
3622,1339.6189760716231,1339.6189760716231
3623,798.2769287528131,798.2769287528131
3624,505.147820833336,505.147820833336
3625,300.22373333333377,300.22373333333377
3626,273.78341416666666,273.78341416666666
3627,271.83339916666654,271.83339916666654
3628,266.17090666666667,266.17090666666667
3629,279.0268689289513,279.0268689289513
3630,344.31719093729043,344.31719093729043
3631,561.1900156660826,561.1900156660826
3632,690.47955105442,690.47955105442
3633,728.2437933367916,728.2437933367916
3634,711.4591068093946,711.4591068093946
3635,619.9492267512055,619.9492267512055
3636,619.2052608470331,619.2052608470331
3637,1122.6258339283415,1122.6258339283415
3638,1245.3696362979197,1245.3696362979197
3639,645.1751722846135,645.1751722846135
3640,530.1356533333341,530.1356533333341
3641,581.1111658333346,581.1111658333346
3642,640.1501258333356,640.1501258333356
3643,759.8781187573176,759.8781187573176
3644,1200.5469566524391,1200.5469566524391
3645,1526.0009332689897,1526.0009332689897
3646,1402.4625394590512,1402.4625394590512
3647,789.2662468325401,789.2662468325401
3648,460.49800416666903,460.49800416666903
3649,283.819389166667,283.819389166667
3650,255.8250725000001,255.8250725000001
3651,273.50004749999994,273.50004749999994
3652,267.0083741666666,267.0083741666666
3653,283.7334875,283.7334875
3654,360.98673953746254,360.98673953746254
3655,456.1395893307756,456.1395893307756
3656,622.8182820602115,622.8182820602115
3657,758.1166602927871,758.1166602927871
3658,695.0052478935526,695.0052478935526
3659,603.7041626193466,603.7041626193466
3660,594.4927022563386,594.4927022563386
3661,1094.4993015625146,1094.4993015625146
3662,1097.351496924486,1097.351496924486
3663,572.1864483400645,572.1864483400645
3664,544.3813250000011,544.3813250000011
3665,581.9987883333346,581.9987883333346
3666,616.9338433333355,616.9338433333355
3667,749.0853733533351,749.0853733533351
3668,1184.54529391076,1184.54529391076
3669,1330.9240259486455,1330.9240259486455
3670,1299.262725659807,1299.262725659807
3671,730.411423379795,730.411423379795
3672,470.0672300000026,470.0672300000026
3673,308.0370425000004,308.0370425000004
3674,264.96256749999986,264.96256749999986
3675,263.2667133333332,263.2667133333332
3676,267.2500599999999,267.2500599999999
3677,278.2639269037275,278.2639269037275
3678,355.72576491449064,355.72576491449064
3679,535.423997154648,535.423997154648
3680,632.3810457126256,632.3810457126256
3681,652.1909288309006,652.1909288309006
3682,722.053716885395,722.053716885395
3683,664.724959253588,664.724959253588
3684,611.9684761654435,611.9684761654435
3685,950.909558416082,950.909558416082
3686,1183.270801311187,1183.270801311187
3687,631.8711421112356,631.8711421112356
3688,539.4727216666676,539.4727216666676
3689,586.6456433333345,586.6456433333345
3690,618.8911000000026,618.8911000000026
3691,739.9620691704006,739.9620691704006
3692,1185.3544612434955,1185.3544612434955
3693,1557.5556669303376,1557.5556669303376
3694,1246.9733315831081,1246.9733315831081
3695,691.595927123818,691.595927123818
3696,469.87822250000255,469.87822250000255
3697,277.6979983333339,277.6979983333339
3698,247.30842166666673,247.30842166666673
3699,256.8458816666666,256.8458816666666
3700,273.22086916666666,273.22086916666666
3701,285.2668266666667,285.2668266666667
3702,372.142204853943,372.142204853943
3703,483.99671471188867,483.99671471188867
3704,794.4496719697571,794.4496719697571
3705,689.6908156767661,689.6908156767661
3706,752.2209796135611,752.2209796135611
3707,664.641509308899,664.641509308899
3708,609.277503457062,609.277503457062
3709,998.812743325905,998.812743325905
3710,1153.338533165326,1153.338533165326
3711,586.920811209067,586.920811209067
3712,558.2938750000011,558.2938750000011
3713,587.397854166668,587.397854166668
3714,613.2022433333356,613.2022433333356
3715,710.209435447529,710.209435447529
3716,1288.1701502514143,1288.1701502514143
3717,1636.3412588063695,1636.3412588063695
3718,1361.3132634481306,1361.3132634481306
3719,698.1923161814756,698.1923161814756
3720,448.7327509044919,448.7327509044919
3721,290.6280425000004,290.6280425000004
3722,276.2375624999999,276.2375624999999
3723,270.52505749999995,270.52505749999995
3724,272.1542133333332,272.1542133333332
3725,286.29183000000006,286.29183000000006
3726,369.8870735082312,369.8870735082312
3727,527.014515540436,527.014515540436
3728,675.5448557103555,675.5448557103555
3729,722.3517564745416,722.3517564745416
3730,713.0958686797421,713.0958686797421
3731,677.8076984489671,677.8076984489671
3732,621.5853031749871,621.5853031749871
3733,1179.812065122747,1179.812065122747
3734,1055.3347633370581,1055.3347633370581
3735,606.0759525333796,606.0759525333796
3736,533.1404816666676,533.1404816666676
3737,586.388456666668,586.388456666668
3738,629.4725975000025,629.4725975000025
3739,742.0654704812215,742.0654704812215
3740,1314.5635214226215,1314.5635214226215
3741,1392.5621007189761,1392.5621007189761
3742,1403.119069208212,1403.119069208212
3743,715.180804160783,715.180804160783
3744,450.0789550000025,450.0789550000025
3745,284.632109166667,284.632109166667
3746,258.9792383333333,258.9792383333333
3747,261.20005499999996,261.20005499999996
3748,263.8792258333333,263.8792258333333
3749,266.9418375000002,266.9418375000002
3750,354.75967354050863,354.75967354050863
3751,535.13050270844,535.13050270844
3752,689.834378751973,689.834378751973
3753,862.3997399368786,862.3997399368786
3754,1280.5284234329395,1280.5284234329395
3755,1574.8941283389267,1574.8941283389267
3756,1129.8378794914602,1129.8378794914602
3757,1106.66140623135,1106.66140623135
3758,958.826893133539,958.826893133539
3759,616.8452731230116,616.8452731230116
3760,538.197145000001,538.197145000001
3761,588.019381666668,588.019381666668
3762,646.835076666669,646.835076666669
3763,663.3666436063401,663.3666436063401
3764,1273.0376093721366,1273.0376093721366
3765,1450.7861851407645,1450.7861851407645
3766,1303.322524327059,1303.322524327059
3767,764.338287043196,764.338287043196
3768,517.0283141666695,517.0283141666695
3769,276.469519166667,276.469519166667
3770,255.84590166666658,255.84590166666658
3771,272.5292058333333,272.5292058333333
3772,283.5500399999999,283.5500399999999
3773,292.3782370338414,292.3782370338414
3774,340.71926864134525,340.71926864134525
3775,462.6395760060604,462.6395760060604
3776,739.6084042130365,739.6084042130365
3777,926.629999337625,926.629999337625
3778,1418.9224434584037,1418.9224434584037
3779,1448.7392924652615,1448.7392924652615
3780,1190.233462548864,1190.233462548864
3781,1375.3233246934387,1375.3233246934387
3782,1089.459985593254,1089.459985593254
3783,585.0103068882305,585.0103068882305
3784,533.2522191666675,533.2522191666675
3785,601.889764166668,601.889764166668
3786,615.248270000002,615.248270000002
3787,710.934266560968,710.934266560968
3788,1417.325232858687,1417.325232858687
3789,1691.3171140941836,1691.3171140941836
3790,1330.411631846945,1330.411631846945
3791,734.062265937364,734.062265937364
3792,459.9050841666694,459.9050841666694
3793,292.2494958333338,292.2494958333338
3794,257.43756499999995,257.43756499999995
3795,261.2833941666666,261.2833941666666
3796,272.81673833333326,272.81673833333326
3797,279.9960116666668,279.9960116666668
3798,310.2988717175076,310.2988717175076
3799,445.45693523341237,445.45693523341237
3800,627.1838803459696,627.1838803459696
3801,778.2501636285075,778.2501636285075
3802,762.9263692543016,762.9263692543016
3803,697.3482188491256,697.3482188491256
3804,593.887266995424,593.887266995424
3805,1032.982765605713,1032.982765605713
3806,1068.299593166005,1068.299593166005
3807,595.3895785766825,595.3895785766825
3808,547.323137500001,547.323137500001
3809,570.228626666668,570.228626666668
3810,645.1911658333356,645.1911658333356
3811,717.2952522346426,717.2952522346426
3812,1205.56098589627,1205.56098589627
3813,1316.187578394359,1316.187578394359
3814,1303.167868533791,1303.167868533791
3815,708.7530440868981,708.7530440868981
3816,468.7400500000024,468.7400500000024
3817,304.13290833333366,304.13290833333366
3818,262.85425083333337,262.85425083333337
3819,267.775045,267.775045
3820,272.05837666666656,272.05837666666656
3821,275.54192750000004,275.54192750000004
3822,365.6297226061823,365.6297226061823
3823,481.7681790943826,481.7681790943826
3824,593.1301182080905,593.1301182080905
3825,723.4657202613066,723.4657202613066
3826,694.0526735192906,694.0526735192906
3827,646.3628422959375,646.3628422959375
3828,601.061560805907,601.061560805907
3829,1161.2265612502435,1161.2265612502435
3830,1432.4889927468905,1432.4889927468905
3831,591.499276363955,591.499276363955
3832,527.2893883333345,527.2893883333345
3833,596.214737500001,596.214737500001
3834,608.062016666669,608.062016666669
3835,692.7430714402306,692.7430714402306
3836,1286.9700138709711,1286.9700138709711
3837,1502.3092230569127,1502.3092230569127
3838,1347.3125441330317,1347.3125441330317
3839,744.553045854344,744.553045854344
3840,494.1669833333361,494.1669833333361
3841,289.6628941666672,289.6628941666672
3842,270.12506999999994,270.12506999999994
3843,261.9042158333332,261.9042158333332
3844,267.97504999999984,267.97504999999984
3845,277.7794,277.7794
3846,378.0424770278021,378.0424770278021
3847,459.44544897632136,459.44544897632136
3848,710.8066888301955,710.8066888301955
3849,699.5900839492281,699.5900839492281
3850,668.9469583176251,668.9469583176251
3851,644.849693127045,644.849693127045
3852,624.9949606679725,624.9949606679725
3853,1013.6739519214991,1013.6739519214991
3854,1032.948365991521,1032.948365991521
3855,606.2596296347295,606.2596296347295
3856,527.4733608333345,527.4733608333345
3857,588.090309166668,588.090309166668
3858,648.6935941666685,648.6935941666685
3859,668.2079388909731,668.2079388909731
3860,990.3837398698751,990.3837398698751
3861,1717.6090133554044,1717.6090133554044
3862,1379.0835090097455,1379.0835090097455
3863,761.1173159767326,761.1173159767326
3864,479.45770000000306,479.45770000000306
3865,290.1352391666671,290.1352391666671
3866,249.04591166666657,249.04591166666657
3867,254.45005499999994,254.45005499999994
3868,274.66256249999986,274.66256249999986
3869,279.28567838113787,279.28567838113787
3870,325.1429745615667,325.1429745615667
3871,452.45874178276284,452.45874178276284
3872,685.997804709416,685.997804709416
3873,750.365499988789,750.365499988789
3874,634.781321359845,634.781321359845
3875,614.5383656176235,614.5383656176235
3876,560.130283257392,560.130283257392
3877,1337.6967176757787,1337.6967176757787
3878,1230.0337257245471,1230.0337257245471
3879,622.2919836844316,622.2919836844316
3880,555.9609733333344,555.9609733333344
3881,582.5870441666675,582.5870441666675
3882,617.400755000002,617.400755000002
3883,670.843902287673,670.843902287673
3884,1315.7627276061405,1315.7627276061405
3885,1455.2547865967806,1455.2547865967806
3886,1327.8890433790036,1327.8890433790036
3887,749.876611344657,749.876611344657
3888,451.0227083333359,451.0227083333359
3889,294.984491666667,294.984491666667
3890,261.5834241666666,261.5834241666666
3891,252.79171583333323,252.79171583333323
3892,269.6667158333332,269.6667158333332
3893,286.8700892971366,286.8700892971366
3894,370.10651860195867,370.10651860195867
3895,487.53106425193164,487.53106425193164
3896,679.9323205123096,679.9323205123096
3897,787.5584559263735,787.5584559263735
3898,698.9544084781165,698.9544084781165
3899,616.6901050659516,616.6901050659516
3900,608.356158743719,608.356158743719
3901,1006.0048294903645,1006.0048294903645
3902,1114.3476809563251,1114.3476809563251
3903,613.523258404794,613.523258404794
3904,552.5896116666676,552.5896116666676
3905,587.327139166668,587.327139166668
3906,619.0573900000021,619.0573900000021
3907,726.4181493767925,726.4181493767925
3908,1177.1976007492465,1177.1976007492465
3909,1587.6874830664892,1587.6874830664892
3910,1304.2162607141252,1304.2162607141252
3911,748.9171488124906,748.9171488124906
3912,500.7433166666695,500.7433166666695
3913,291.91462083333374,291.91462083333374
3914,258.0042533333334,258.0042533333334
3915,275.2958816666665,275.2958816666665
3916,263.67086666666665,263.67086666666665
3917,277.03354083333346,277.03354083333346
3918,389.16941331022844,389.16941331022844
3919,527.8160353158131,527.8160353158131
3920,701.395824147503,701.395824147503
3921,904.6451634688016,904.6451634688016
3922,1182.3729700022302,1182.3729700022302
3923,1605.7598130707652,1605.7598130707652
3924,1217.16219723838,1217.16219723838
3925,1299.6671570125072,1299.6671570125072
3926,1203.9337928766724,1203.9337928766724
3927,615.7904870779296,615.7904870779296
3928,526.331250000001,526.331250000001
3929,584.1069525000015,584.1069525000015
3930,607.445606666669,607.445606666669
3931,712.3080229245286,712.3080229245286
3932,1222.6570785969895,1222.6570785969895
3933,1194.155760004816,1194.155760004816
3934,1380.6465200209386,1380.6465200209386
3935,772.5491684813086,772.5491684813086
3936,498.6314058333361,498.6314058333361
3937,263.3060633333336,263.3060633333336
3938,248.72505249999986,248.72505249999986
3939,257.1458891666665,257.1458891666665
3940,258.1000449999999,258.1000449999999
3941,264.80855333333324,264.80855333333324
3942,335.69881130676384,335.69881130676384
3943,473.4112481929583,473.4112481929583
3944,582.650500984406,582.650500984406
3945,958.1326448693326,958.1326448693326
3946,1193.7507106152236,1193.7507106152236
3947,1538.521224101945,1538.521224101945
3948,1339.4025601255053,1339.4025601255053
3949,1171.0410198579436,1171.0410198579436
3950,1224.757919261096,1224.757919261096
3951,639.8705324360011,639.8705324360011
3952,537.0688891666675,537.0688891666675
3953,622.306674166668,622.306674166668
3954,628.1281308333355,628.1281308333355
3955,691.832297335094,691.832297335094
3956,1198.5330868522046,1198.5330868522046
3957,1414.5133098349265,1414.5133098349265
3958,1231.5236415965176,1231.5236415965176
3959,819.454619806828,819.454619806828
3960,480.4314341666689,480.4314341666689
3961,283.49027666666717,283.49027666666717
3962,249.14591416666656,249.14591416666656
3963,260.61256,260.61256
3964,274.6542083333333,274.6542083333333
3965,278.7584925000002,278.7584925000002
3966,335.4687524782385,335.4687524782385
3967,496.97164781304474,496.97164781304474
3968,681.056755100795,681.056755100795
3969,775.6071513021701,775.6071513021701
3970,741.1481577637835,741.1481577637835
3971,636.9026766253226,636.9026766253226
3972,593.6026567327335,593.6026567327335
3973,1128.7625727512905,1128.7625727512905
3974,1012.4542146549935,1012.4542146549935
3975,627.342919869152,627.342919869152
3976,546.6567600000011,546.6567600000011
3977,578.7567525000011,578.7567525000011
3978,629.7703941666691,629.7703941666691
3979,722.6826653895746,722.6826653895746
3980,1328.6396009544096,1328.6396009544096
3981,1385.734055633362,1385.734055633362
3982,1320.8433285842207,1320.8433285842207
3983,763.007327183451,763.007327183451
3984,500.457045833336,500.457045833336
3985,303.82782500000053,303.82782500000053
3986,271.41674833333326,271.41674833333326
3987,269.26256249999983,269.26256249999983
3988,266.5334016666666,266.5334016666666
3989,274.54838003866365,274.54838003866365
3990,364.4643549544284,364.4643549544284
3991,518.3695839930596,518.3695839930596
3992,737.4015948597751,737.4015948597751
3993,829.3955454883435,829.3955454883435
3994,739.1258131197525,739.1258131197525
3995,577.1272308265565,577.1272308265565
3996,591.5160486991006,591.5160486991006
3997,948.1108577880585,948.1108577880585
3998,1015.090808977182,1015.090808977182
3999,617.1931668851985,617.1931668851985
4000,542.7192441666675,542.7192441666675
4001,581.228345833334,581.228345833334
4002,635.119176666669,635.119176666669
4003,777.8077916135676,777.8077916135676
4004,1537.6481599953695,1537.6481599953695
4005,1398.0753096351575,1398.0753096351575
4006,1283.5315583285865,1283.5315583285865
4007,769.867256104229,769.867256104229
4008,455.36787250000265,455.36787250000265
4009,289.7437125000005,289.7437125000005
4010,269.7917358333333,269.7917358333333
4011,257.42087916666657,257.42087916666657
4012,276.8042283333332,276.8042283333332
4013,286.6539786035885,286.6539786035885
4014,333.86601029891403,333.86601029891403
4015,435.05948393713766,435.05948393713766
4016,678.8461977356695,678.8461977356695
4017,698.3504285286156,698.3504285286156
4018,678.447235660096,678.447235660096
4019,690.2415641760625,690.2415641760625
4020,603.4817793371375,603.4817793371375
4021,1109.354544698142,1109.354544698142
4022,1098.4599774329556,1098.4599774329556
4023,574.2051794227544,574.2051794227544
4024,549.176462500001,549.176462500001
4025,576.0364491666676,576.0364491666676
4026,595.6716683333356,595.6716683333356
4027,715.4843979423836,715.4843979423836
4028,1185.3376210365066,1185.3376210365066
4029,1591.707428187754,1591.707428187754
4030,1260.8716594001107,1260.8716594001107
4031,693.7350973316485,693.7350973316485
4032,462.87722333333613,462.87722333333613
4033,286.9762166666672,286.9762166666672
4034,249.51259750000006,249.51259750000006
4035,276.49172333333325,276.49172333333325
4036,284.2542008333333,284.2542008333333
4037,278.3835258333333,278.3835258333333
4038,341.00203582653353,341.00203582653353
4039,492.18259911956005,492.18259911956005
4040,647.43057850361,647.43057850361
4041,752.4171970887146,752.4171970887146
4042,750.8266326165596,750.8266326165596
4043,597.9067436837211,597.9067436837211
4044,587.3703279262301,587.3703279262301
4045,979.153405704196,979.153405704196
4046,1198.7610691011846,1198.7610691011846
4047,585.755294136434,585.755294136434
4048,533.243977500001,533.243977500001
4049,571.5043725000011,571.5043725000011
4050,632.716842500002,632.716842500002
4051,755.7527335655765,755.7527335655765
4052,1184.4509534344536,1184.4509534344536
4053,1404.2281403581383,1404.2281403581383
4054,1389.8140596722787,1389.8140596722787
4055,744.3836771392871,744.3836771392871
4056,457.29142000000274,457.29142000000274
4057,298.6452558333338,298.6452558333338
4058,267.18757249999993,267.18757249999993
4059,260.02504249999987,260.02504249999987
4060,270.4250549999999,270.4250549999999
4061,287.98604145120834,287.98604145120834
4062,370.8713183883583,370.8713183883583
4063,488.14026423255973,488.14026423255973
4064,639.3573167725245,639.3573167725245
4065,648.6762920377365,648.6762920377365
4066,638.614091784633,638.614091784633
4067,622.758686266559,622.758686266559
4068,604.082468650865,604.082468650865
4069,1226.9200474533716,1226.9200474533716
4070,1223.132912681576,1223.132912681576
4071,613.55351548034,613.55351548034
4072,515.7354383333345,515.7354383333345
4073,587.3401025000011,587.3401025000011
4074,631.354150000002,631.354150000002
4075,726.6510359766226,726.6510359766226
4076,1213.3925893504895,1213.3925893504895
4077,1645.9355713919697,1645.9355713919697
4078,1261.9805089741005,1261.9805089741005
4079,699.921354780163,699.921354780163
4080,459.9584600000028,459.9584600000028
4081,287.96539750000056,287.96539750000056
4082,262.01257249999986,262.01257249999986
4083,272.2667358333332,272.2667358333332
4084,276.6750424999999,276.6750424999999
4085,290.8627508596556,290.8627508596556
4086,338.690998587467,338.690998587467
4087,518.006068543882,518.006068543882
4088,767.514775012394,767.514775012394
4089,782.981973404204,782.981973404204
4090,1334.148088491178,1334.148088491178
4091,1419.3191833408587,1419.3191833408587
4092,1246.8195209388432,1246.8195209388432
4093,1289.50887617148,1289.50887617148
4094,1054.8538784536074,1054.8538784536074
4095,593.7635424662066,593.7635424662066
4096,529.2811508333346,529.2811508333346
4097,592.6577341666675,592.6577341666675
4098,638.0721433333356,638.0721433333356
4099,732.8921341909576,732.8921341909576
4100,1509.2776111717926,1509.2776111717926
4101,1518.355939463624,1518.355939463624
4102,1263.1487364074976,1263.1487364074976
4103,795.250392621701,795.250392621701
4104,514.5561625000025,514.5561625000025
4105,290.47694250000035,290.47694250000035
4106,260.62089166666647,260.62089166666647
4107,260.7167058333332,260.7167058333332
4108,270.91671333333323,270.91671333333323
4109,278.0425760519201,278.0425760519201
4110,369.7223746270941,369.7223746270941
4111,617.9280909627021,617.9280909627021
4112,693.7820745724796,693.7820745724796
4113,877.6292512286809,877.6292512286809
4114,1381.815230212642,1381.815230212642
4115,1527.7271069104806,1527.7271069104806
4116,1297.067601109642,1297.067601109642
4117,1211.80091979962,1211.80091979962
4118,1049.638626006246,1049.638626006246
4119,624.573764829182,624.573764829182
4120,531.0974291666674,531.0974291666674
4121,593.6797408333344,593.6797408333344
4122,624.852669166669,624.852669166669
4123,729.8851395433005,729.8851395433005
4124,1407.963708704414,1407.963708704414
4125,1781.3853053225332,1781.3853053225332
4126,1360.5163138120824,1360.5163138120824
4127,650.4117523931366,650.4117523931366
4128,448.00029416666916,448.00029416666916
4129,307.0210975000004,307.0210975000004
4130,257.1500999999999,257.1500999999999
4131,269.7125624999998,269.7125624999998
4132,278.00004749999994,278.00004749999994
4133,283.0360287977348,283.0360287977348
4134,432.2267841060807,432.2267841060807
4135,566.729383588681,566.729383588681
4136,609.1290578565711,609.1290578565711
4137,825.833728022691,825.833728022691
4138,679.4724735158845,679.4724735158845
4139,601.245381779153,601.245381779153
4140,593.8434210043765,593.8434210043765
4141,1039.7095644612941,1039.7095644612941
4142,1208.0013202547066,1208.0013202547066
4143,596.2598308907685,596.2598308907685
4144,536.5273458333345,536.5273458333345
4145,595.6526700000011,595.6526700000011
4146,640.4022025000025,640.4022025000025
4147,697.4933075601385,697.4933075601385
4148,1212.06135055242,1212.06135055242
4149,1520.2159165945536,1520.2159165945536
4150,1298.0371972545431,1298.0371972545431
4151,738.1166505594146,738.1166505594146
4152,468.94262000000253,468.94262000000253
4153,286.6070650000003,286.6070650000003
4154,256.4834091666666,256.4834091666666
4155,253.83339916666665,253.83339916666665
4156,264.1208891666665,264.1208891666665
4157,264.5084700000001,264.5084700000001
4158,344.13646851192175,344.13646851192175
4159,527.8237543071755,527.8237543071755
4160,659.755556971417,659.755556971417
4161,788.9439891856621,788.9439891856621
4162,748.2666521760345,748.2666521760345
4163,643.0808000279026,643.0808000279026
4164,579.5390502542035,579.5390502542035
4165,1094.6627998315096,1094.6627998315096
4166,1089.5729680775005,1089.5729680775005
4167,599.884921931133,599.884921931133
4168,542.310435000001,542.310435000001
4169,596.202881666668,596.202881666668
4170,608.2231233333355,608.2231233333355
4171,715.3858698117696,715.3858698117696
4172,1136.3788501797035,1136.3788501797035
4173,1306.522556783645,1306.522556783645
4174,1289.4131598586741,1289.4131598586741
4175,790.8360052470956,790.8360052470956
4176,455.9158950000026,455.9158950000026
4177,284.5213366666671,284.5213366666671
4178,263.3084166666666,263.3084166666666
4179,267.75421583333326,267.75421583333326
4180,272.5500574999999,272.5500574999999
4181,290.5879902529968,290.5879902529968
4182,401.7305606303649,401.7305606303649
4183,424.9583225023301,424.9583225023301
4184,685.9677263332346,685.9677263332346
4185,731.932979273138,731.932979273138
4186,718.47756108654,718.47756108654
4187,680.5163973535755,680.5163973535755
4188,604.4906680083116,604.4906680083116
4189,1067.7663637258106,1067.7663637258106
4190,1148.807846312214,1148.807846312214
4191,607.599739753929,607.599739753929
4192,560.9603933333341,560.9603933333341
4193,593.1942716666675,593.1942716666675
4194,602.0242725000024,602.0242725000024
4195,734.1985444111345,734.1985444111345
4196,1433.5738495817425,1433.5738495817425
4197,1680.3566662539674,1680.3566662539674
4198,1201.860847123318,1201.860847123318
4199,680.16527665968,680.16527665968
4200,449.8426383333358,449.8426383333358
4201,279.7669433333338,279.7669433333338
4202,263.8292358333332,263.8292358333332
4203,266.44173083333334,266.44173083333334
4204,271.1500449999999,271.1500449999999
4205,280.9452374638785,280.9452374638785
4206,316.81645742185515,316.81645742185515
4207,416.42975771418674,416.42975771418674
4208,758.8941482804815,758.8941482804815
4209,769.4486697374831,769.4486697374831
4210,634.58385504747,634.58385504747
4211,629.6833761122775,629.6833761122775
4212,588.028571154314,588.028571154314
4213,963.5275233133257,963.5275233133257
4214,1127.0207480333536,1127.0207480333536
4215,636.9797839323855,636.9797839323855
4216,529.472990000001,529.472990000001
4217,565.7616975000016,565.7616975000016
4218,608.9760891666691,608.9760891666691
4219,737.2219151359466,737.2219151359466
4220,1127.158290630463,1127.158290630463
4221,1220.0052030630616,1220.0052030630616
4222,1228.0183723183206,1228.0183723183206
4223,741.5883126250975,741.5883126250975
4224,420.04192916666926,420.04192916666926
4225,292.4054441666673,292.4054441666673
4226,249.88340166666654,249.88340166666654
4227,250.8208941666666,250.8208941666666
4228,265.20006499999994,265.20006499999994
4229,287.4792991666668,287.4792991666668
4230,314.5790971340047,314.5790971340047
4231,550.0429383047975,550.0429383047975
4232,650.1203983141136,650.1203983141136
4233,670.666292523088,670.666292523088
4234,737.4613421260225,737.4613421260225
4235,665.07517126419,665.07517126419
4236,590.7954801339,590.7954801339
4237,1065.3881576490792,1065.3881576490792
4238,1111.60253009174,1111.60253009174
4239,600.201347350207,600.201347350207
4240,557.0274950000011,557.0274950000011
4241,578.859627500001,578.859627500001
4242,634.9299566666691,634.9299566666691
4243,739.1280896671535,739.1280896671535
4244,1275.5039996575701,1275.5039996575701
4245,1516.2231807471821,1516.2231807471821
4246,1319.7788079229936,1319.7788079229936
4247,728.0990277670866,728.0990277670866
4248,454.3800575000026,454.3800575000026
4249,271.1261333333336,271.1261333333336
4250,244.7792433333333,244.7792433333333
4251,258.5833941666665,258.5833941666665
4252,271.8417083333332,271.8417083333332
4253,281.35727874765627,281.35727874765627
4254,390.8961304702619,390.8961304702619
4255,551.7266630109331,551.7266630109331
4256,779.8367035579025,779.8367035579025
4257,960.4454627833289,960.4454627833289
4258,1261.0535616854877,1261.0535616854877
4259,1571.635854897403,1571.635854897403
4260,1143.3469087199196,1143.3469087199196
4261,1300.283258215265,1300.283258215265
4262,1167.5153461131915,1167.5153461131915
4263,614.0618261286145,614.0618261286145
4264,534.6474308333339,534.6474308333339
4265,588.502629166668,588.502629166668
4266,602.379399166669,602.379399166669
4267,651.0234019589195,651.0234019589195
4268,1150.936262459382,1150.936262459382
4269,1514.063496687666,1514.063496687666
4270,1297.774363564674,1297.774363564674
4271,765.8111201273546,765.8111201273546
4272,440.5020041666692,440.5020041666692
4273,290.15285916666704,290.15285916666704
4274,273.09589416666654,273.09589416666654
4275,264.9167208333333,264.9167208333333
4276,274.07923333333326,274.07923333333326
4277,277.95849416666664,277.95849416666664
4278,329.6870381707506,329.6870381707506
4279,506.1176888013265,506.1176888013265
4280,658.2724150854156,658.2724150854156
4281,906.2579346573862,906.2579346573862
4282,1343.6613299864212,1343.6613299864212
4283,1751.1999901782322,1751.1999901782322
4284,1151.1113061216854,1151.1113061216854
4285,1277.040015790597,1277.040015790597
4286,1300.2892723305156,1300.2892723305156
4287,642.742501759482,642.742501759482
4288,538.5484400000015,538.5484400000015
4289,609.2311316666676,609.2311316666676
4290,623.5818691666691,623.5818691666691
4291,732.0057547012501,732.0057547012501
4292,1398.634788876595,1398.634788876595
4293,1380.9542129785511,1380.9542129785511
4294,1282.6983014712305,1282.6983014712305
4295,747.250033998828,747.250033998828
4296,460.8738333333358,460.8738333333358
4297,274.3012216666671,274.3012216666671
4298,260.4833966666665,260.4833966666665
4299,269.5375524999999,269.5375524999999
4300,276.5458791666666,276.5458791666666
4301,287.2751258333332,287.2751258333332
4302,376.94999321524006,376.94999321524006
4303,468.09414390900776,468.09414390900776
4304,705.525173243112,705.525173243112
4305,902.6428245366395,902.6428245366395
4306,637.0610221411175,637.0610221411175
4307,616.3030395559506,616.3030395559506
4308,582.3554893315545,582.3554893315545
4309,977.9110173427291,977.9110173427291
4310,1166.463989686383,1166.463989686383
4311,637.5495416208776,637.5495416208776
4312,526.148437500001,526.148437500001
4313,581.9532658333345,581.9532658333345
4314,601.6095391666685,601.6095391666685
4315,700.7026733413906,700.7026733413906
4316,1290.9297814153347,1290.9297814153347
4317,1556.4265017084265,1556.4265017084265
4318,1172.3654944960565,1172.3654944960565
4319,744.0152994010215,744.0152994010215
4320,459.9300108333363,459.9300108333363
4321,299.46372500000024,299.46372500000024
4322,258.2834316666667,258.2834316666667
4323,273.8250499999999,273.8250499999999
4324,273.7708941666666,273.7708941666666
4325,291.9667691666667,291.9667691666667
4326,328.3758832072431,328.3758832072431
4327,484.12275601448914,484.12275601448914
4328,689.0630498678715,689.0630498678715
4329,753.8987761784141,753.8987761784141
4330,780.596447657149,780.596447657149
4331,653.7591927400736,653.7591927400736
4332,595.3968877738386,595.3968877738386
4333,982.2653668188465,982.2653668188465
4334,1059.3036093897751,1059.3036093897751
4335,591.6415404861135,591.6415404861135
4336,514.7524208333346,514.7524208333346
4337,579.8620658333346,579.8620658333346
4338,628.5260833333355,628.5260833333355
4339,796.3619896300476,796.3619896300476
4340,1315.5022808477352,1315.5022808477352
4341,1673.6719395656667,1673.6719395656667
4342,1234.018831638818,1234.018831638818
4343,770.031689987905,770.031689987905
4344,484.74298166666944,484.74298166666944
4345,304.5620975000005,304.5620975000005
4346,261.4125799999999,261.4125799999999
4347,277.24173083333324,277.24173083333324
4348,284.9292008333332,284.9292008333332
4349,283.52897129203103,283.52897129203103
4350,324.9546255039306,324.9546255039306
4351,445.70411136968926,445.70411136968926
4352,738.4243351845071,738.4243351845071
4353,719.9849838873031,719.9849838873031
4354,741.6004798574261,741.6004798574261
4355,611.4303379951846,611.4303379951846
4356,572.8464243679235,572.8464243679235
4357,1046.209657063414,1046.209657063414
4358,1256.8405748113228,1256.8405748113228
4359,637.9392798055186,637.9392798055186
4360,532.1979541666675,532.1979541666675
4361,568.5864250000016,568.5864250000016
4362,619.7091708333355,619.7091708333355
4363,748.2430061544925,748.2430061544925
4364,1260.0081559280106,1260.0081559280106
4365,1585.9476623604712,1585.9476623604712
4366,1501.25976029108,1501.25976029108
4367,824.9751313864276,824.9751313864276
4368,500.23025090119154,500.23025090119154
4369,318.14464833333386,318.14464833333386
4370,269.5583816666666,269.5583816666666
4371,257.17923833333333,257.17923833333333
4372,276.1167308333331,276.1167308333331
4373,296.52945153798595,296.52945153798595
4374,427.56670645300824,427.56670645300824
4375,525.7328498652295,525.7328498652295
4376,621.2827843030891,621.2827843030891
4377,736.4304690582101,736.4304690582101
4378,671.2876516106616,671.2876516106616
4379,629.8250672036046,629.8250672036046
4380,586.6247094569775,586.6247094569775
4381,1057.4441344313452,1057.4441344313452
4382,1181.4228594542335,1181.4228594542335
4383,596.4588150640441,596.4588150640441
4384,527.7935733333345,527.7935733333345
4385,597.2384250000015,597.2384250000015
4386,642.3676741666691,642.3676741666691
4387,723.5840499208616,723.5840499208616
4388,1340.744353887234,1340.744353887234
4389,1247.3672877430165,1247.3672877430165
4390,1337.043737299261,1337.043737299261
4391,826.2180125324271,826.2180125324271
4392,475.0908808333359,475.0908808333359
4393,287.0630416666671,287.0630416666671
4394,261.8834091666667,261.8834091666667
4395,271.9667058333332,271.9667058333332
4396,276.8958766666666,276.8958766666666
4397,287.9252600000001,287.9252600000001
4398,347.92860490515045,347.92860490515045
4399,496.04899347705134,496.04899347705134
4400,738.0292152934735,738.0292152934735
4401,759.360291278287,759.360291278287
4402,720.154412344266,720.154412344266
4403,631.2535458060526,631.2535458060526
4404,648.297824025572,648.297824025572
4405,1136.1511421205485,1136.1511421205485
4406,1190.177334050101,1190.177334050101
4407,605.4029968367761,605.4029968367761
4408,516.372840000001,516.372840000001
4409,583.5553383333345,583.5553383333345
4410,617.8684125000026,617.8684125000026
4411,718.1290501471631,718.1290501471631
4412,1173.8686090399522,1173.8686090399522
4413,1641.3777254189154,1641.3777254189154
4414,1386.3593117504101,1386.3593117504101
4415,810.405443602489,810.405443602489
4416,473.4740650000026,473.4740650000026
4417,289.26941583333377,289.26941583333377
4418,259.5750874999999,259.5750874999999
4419,271.6125424999999,271.6125424999999
4420,276.4042183333332,276.4042183333332
4421,281.97934416666675,281.97934416666675
4422,369.067028568989,369.067028568989
4423,512.198996485883,512.198996485883
4424,662.7804277522471,662.7804277522471
4425,799.7158011870936,799.7158011870936
4426,720.8673181417411,720.8673181417411
4427,602.793544801897,602.793544801897
4428,583.958223363578,583.958223363578
4429,1112.507782247424,1112.507782247424
4430,1062.0201887580301,1062.0201887580301
4431,597.880284077346,597.880284077346
4432,535.7271108333346,535.7271108333346
4433,572.2025808333345,572.2025808333345
4434,619.9365191666685,619.9365191666685
4435,737.854645512657,737.854645512657
4436,1035.8082483483581,1035.8082483483581
4437,1346.544927581572,1346.544927581572
4438,1325.0277341663666,1325.0277341663666
4439,712.4826128758066,712.4826128758066
4440,470.2152516666695,470.2152516666695
4441,279.1204633333337,279.1204633333337
4442,246.39592416666665,246.39592416666665
4443,252.1959116666666,252.1959116666666
4444,268.5583566666666,268.5583566666666
4445,270.3293608333334,270.3293608333334
4446,341.8119570315014,341.8119570315014
4447,530.0252505101695,530.0252505101695
4448,580.883283781493,580.883283781493
4449,776.828675993853,776.828675993853
4450,739.5864953085136,739.5864953085136
4451,625.911119242317,625.911119242317
4452,585.385434586526,585.385434586526
4453,983.3319683306986,983.3319683306986
4454,941.3950143534665,941.3950143534665
4455,571.6976165501495,571.6976165501495
4456,531.2769991666676,531.2769991666676
4457,555.8826883333345,555.8826883333345
4458,606.0838008333355,606.0838008333355
4459,759.9770546170196,759.9770546170196
4460,1185.0756102820635,1185.0756102820635
4461,1427.7258037340032,1427.7258037340032
4462,1212.2189128215184,1212.2189128215184
4463,774.6648169272826,774.6648169272826
4464,502.6766366666691,502.6766366666691
4465,277.6112033333338,277.6112033333338
4466,251.8334166666666,251.8334166666666
4467,258.04172333333327,258.04172333333327
4468,270.0292108333333,270.0292108333333
4469,287.1395073788486,287.1395073788486
4470,372.33520489947864,372.33520489947864
4471,514.9555923521325,514.9555923521325
4472,648.3195771111746,648.3195771111746
4473,876.6118638086326,876.6118638086326
4474,1340.6317811905137,1340.6317811905137
4475,1504.792518123448,1504.792518123448
4476,1361.6261611987795,1361.6261611987795
4477,1079.7530802996996,1079.7530802996996
4478,1094.9963047277395,1094.9963047277395
4479,629.7686448428695,629.7686448428695
4480,536.5311616666676,536.5311616666676
4481,576.6278233333345,576.6278233333345
4482,603.7362933333355,603.7362933333355
4483,727.1456607927461,727.1456607927461
4484,1136.5397869657631,1136.5397869657631
4485,1655.0248518347835,1655.0248518347835
4486,1428.5934082461772,1428.5934082461772
4487,721.2145130217905,721.2145130217905
4488,466.1828325000027,466.1828325000027
4489,312.0579216666672,312.0579216666672
4490,274.0750899999999,274.0750899999999
4491,280.77505499999995,280.77505499999995
4492,275.74588166666655,275.74588166666655
4493,295.05538159820105,295.05538159820105
4494,370.64152059286243,370.64152059286243
4495,499.5530239971725,499.5530239971725
4496,625.2343612427985,625.2343612427985
4497,868.5069398978785,868.5069398978785
4498,1255.7138625593261,1255.7138625593261
4499,1523.520009034366,1523.520009034366
4500,1248.9563742386777,1248.9563742386777
4501,1275.6464242878646,1275.6464242878646
4502,1305.6703775151807,1305.6703775151807
4503,627.7279814459771,627.7279814459771
4504,522.3900916666674,522.3900916666674
4505,592.422276666668,592.422276666668
4506,620.0928258333356,620.0928258333356
4507,703.3537854455485,703.3537854455485
4508,1254.7543055015415,1254.7543055015415
4509,1501.4232908438255,1501.4232908438255
4510,1190.3070300995266,1190.3070300995266
4511,809.0248313833031,809.0248313833031
4512,510.49586916666954,510.49586916666954
4513,281.27196250000037,281.27196250000037
4514,250.54590416666662,250.54590416666662
4515,262.62922833333334,262.62922833333334
4516,267.8917333333333,267.8917333333333
4517,298.27266527520266,298.27266527520266
4518,382.71736432744245,382.71736432744245
4519,528.2136269549436,528.2136269549436
4520,643.7301297808706,643.7301297808706
4521,810.615438522719,810.615438522719
4522,668.4522906925595,668.4522906925595
4523,646.7780261120561,646.7780261120561
4524,600.3912029662846,600.3912029662846
4525,1091.2380090316085,1091.2380090316085
4526,1216.3592917822266,1216.3592917822266
4527,626.5393853373571,626.5393853373571
4528,529.702443333334,529.702443333334
4529,595.4827241666679,595.4827241666679
4530,594.918495000002,594.918495000002
4531,663.9575402051025,663.9575402051025
4532,1075.3957000219614,1075.3957000219614
4533,1734.9096963151042,1734.9096963151042
4534,1472.6921429128765,1472.6921429128765
4535,758.7651946684181,758.7651946684181
4536,450.4356625000026,450.4356625000026
4537,280.8146083333338,280.8146083333338
4538,259.12506500000006,259.12506500000006
4539,249.8167258333332,249.8167258333332
4540,253.38337666666663,253.38337666666663
4541,274.5709891666667,274.5709891666667
4542,394.61193795499395,394.61193795499395
4543,515.998663524524,515.998663524524
4544,668.1412679720046,668.1412679720046
4545,759.29150366263,759.29150366263
4546,693.5221950580806,693.5221950580806
4547,647.590286743634,647.590286743634
4548,572.4074927022535,572.4074927022535
4549,983.362220659983,983.362220659983
4550,1032.0328138618124,1032.0328138618124
4551,599.8386037981355,599.8386037981355
4552,539.997620000001,539.997620000001
4553,587.319611666668,587.319611666668
4554,627.3110666666685,627.3110666666685
4555,735.616107391795,735.616107391795
4556,1248.831933902262,1248.831933902262
4557,1480.2045434814097,1480.2045434814097
4558,1414.7869715520426,1414.7869715520426
4559,721.197208131207,721.197208131207
4560,430.70667250000247,430.70667250000247
4561,295.3436933333338,295.3436933333338
4562,268.75007499999987,268.75007499999987
4563,255.09172833333332,255.09172833333332
4564,271.5375574999999,271.5375574999999
4565,274.82267785985385,274.82267785985385
4566,344.6574094582613,344.6574094582613
4567,560.025352303412,560.025352303412
4568,718.8695959448015,718.8695959448015
4569,771.0728377534106,771.0728377534106
4570,673.9889735537786,673.9889735537786
4571,614.0446254511015,614.0446254511015
4572,600.7768687983455,600.7768687983455
4573,1099.3873438289736,1099.3873438289736
4574,1073.422542704968,1073.422542704968
4575,632.1845701799746,632.1845701799746
4576,516.8194383333346,516.8194383333346
4577,575.9611716666676,575.9611716666676
4578,637.804482500002,637.804482500002
4579,743.705906567208,743.705906567208
4580,1282.056272805865,1282.056272805865
4581,1547.9919704610447,1547.9919704610447
4582,1251.9522877774516,1251.9522877774516
4583,757.8960570776591,757.8960570776591
4584,451.1429675000026,451.1429675000026
4585,288.638691666667,288.638691666667
4586,249.31259249999994,249.31259249999994
4587,270.72089666666653,270.72089666666653
4588,278.09588416666656,278.09588416666656
4589,292.7865201544161,292.7865201544161
4590,442.63510644419534,442.63510644419534
4591,529.009872106086,529.009872106086
4592,708.39137218512,708.39137218512
4593,812.111870347705,812.111870347705
4594,681.9235554064015,681.9235554064015
4595,651.419352956495,651.419352956495
4596,611.5539714418366,611.5539714418366
4597,1171.3401595140492,1171.3401595140492
4598,991.4346770307316,991.4346770307316
4599,583.751230503977,583.751230503977
4600,533.8729116666681,533.8729116666681
4601,594.447596666668,594.447596666668
4602,610.259656666669,610.259656666669
4603,674.747355129542,674.747355129542
4604,1128.0827304632885,1128.0827304632885
4605,1516.9164048489706,1516.9164048489706
4606,1261.5485266117296,1261.5485266117296
4607,780.7641725509661,780.7641725509661
4608,517.7714716666691,517.7714716666691
4609,295.432001666667,295.432001666667
4610,254.59171583333324,254.59171583333324
4611,269.4333841666666,269.4333841666666
4612,263.66255749999993,263.66255749999993
4613,280.60014,280.60014
4614,358.80675045413057,358.80675045413057
4615,491.3162934440853,491.3162934440853
4616,701.3909857938526,701.3909857938526
4617,720.266959661714,720.266959661714
4618,733.877754242039,733.877754242039
4619,583.6583773517744,583.6583773517744
4620,570.5173734728866,570.5173734728866
4621,1020.665825631058,1020.665825631058
4622,1013.6832305459106,1013.6832305459106
4623,573.674859956517,573.674859956517
4624,535.7602466666675,535.7602466666675
4625,589.640660000001,589.640660000001
4626,624.6003875000021,624.6003875000021
4627,712.304720892635,712.304720892635
4628,1309.269005760819,1309.269005760819
4629,1422.7128999496706,1422.7128999496706
4630,1259.4246123984701,1259.4246123984701
4631,729.546151793538,729.546151793538
4632,479.40587250000254,479.40587250000254
4633,308.67022916666707,308.67022916666707
4634,262.8792233333331,262.8792233333331
4635,265.77920583333315,265.77920583333315
4636,265.7708741666666,265.7708741666666
4637,282.1080705960425,282.1080705960425
4638,390.80283927149276,390.80283927149276
4639,435.22061308391835,435.22061308391835
4640,721.5714328950125,721.5714328950125
4641,794.7457561726885,794.7457561726885
4642,1358.489485251443,1358.489485251443
4643,1520.9710577943106,1520.9710577943106
4644,1270.046710335174,1270.046710335174
4645,1243.4070769677055,1243.4070769677055
4646,1174.6552288105095,1174.6552288105095
4647,589.983795112803,589.983795112803
4648,540.5186650000005,540.5186650000005
4649,576.678792500001,576.678792500001
4650,603.445787500002,603.445787500002
4651,717.8861141101156,717.8861141101156
4652,1188.3283781602981,1188.3283781602981
4653,1491.3175320353857,1491.3175320353857
4654,1346.177729487814,1346.177729487814
4655,771.5343356812225,771.5343356812225
4656,488.6596625000026,488.6596625000026
4657,292.70370416666714,292.70370416666714
4658,269.1292108333333,269.1292108333333
4659,277.50838916666646,277.50838916666646
4660,268.34171083333325,268.34171083333325
4661,304.0165162481187,304.0165162481187
4662,385.42213604013995,385.42213604013995
4663,492.0926137163825,492.0926137163825
4664,727.7074298269981,727.7074298269981
4665,956.19038969777,956.19038969777
4666,1317.664127424307,1317.664127424307
4667,1618.087499915701,1618.087499915701
4668,1131.8882127606162,1131.8882127606162
4669,1207.67000653532,1207.67000653532
4670,1022.2025196526992,1022.2025196526992
4671,578.2254869365155,578.2254869365155
4672,545.2563116666676,545.2563116666676
4673,587.8897883333345,587.8897883333345
4674,620.7461291666685,620.7461291666685
4675,707.73830980437,707.73830980437
4676,1240.411574651142,1240.411574651142
4677,1452.2244639418002,1452.2244639418002
4678,1365.5559796918997,1365.5559796918997
4679,763.9335715649745,763.9335715649745
4680,473.68882250000263,473.68882250000263
4681,287.0295833333338,287.0295833333338
4682,270.4292433333332,270.4292433333332
4683,274.16671583333317,274.16671583333317
4684,273.9417383333333,273.9417383333333
4685,288.3083101771817,288.3083101771817
4686,354.6642482499512,354.6642482499512
4687,506.43813343835103,506.43813343835103
4688,680.6862988732365,680.6862988732365
4689,732.4445060679891,732.4445060679891
4690,704.1827390054505,704.1827390054505
4691,611.4424160257095,611.4424160257095
4692,611.92792774977,611.92792774977
4693,1102.3709624727976,1102.3709624727976
4694,1332.870644958899,1332.870644958899
4695,619.6945497932261,619.6945497932261
4696,532.1396716666676,532.1396716666676
4697,565.4786383333345,565.4786383333345
4698,620.5056533333355,620.5056533333355
4699,694.1633533787285,694.1633533787285
4700,1258.672989789977,1258.672989789977
4701,1763.9427746234976,1763.9427746234976
4702,1292.1317137450387,1292.1317137450387
4703,779.3105388287426,779.3105388287426
4704,465.62492916666946,465.62492916666946
4705,282.124581666667,282.124581666667
4706,261.3084116666666,261.3084116666666
4707,271.90838416666656,271.90838416666656
4708,281.4458666666665,281.4458666666665
4709,288.11692833333353,288.11692833333353
4710,364.11574507278425,364.11574507278425
4711,467.40843792060286,467.40843792060286
4712,698.5463156271416,698.5463156271416
4713,826.3409633731831,826.3409633731831
4714,668.8336225346195,668.8336225346195
4715,697.4317404988831,697.4317404988831
4716,603.4715943301616,603.4715943301616
4717,916.2649241090785,916.2649241090785
4718,1082.990500882222,1082.990500882222
4719,575.9586049402295,575.9586049402295
4720,539.9937833333346,539.9937833333346
4721,593.8864108333345,593.8864108333345
4722,634.4890241666685,634.4890241666685
4723,725.21611820204,725.21611820204
4724,1479.1683807262655,1479.1683807262655
4725,1445.578457033092,1445.578457033092
4726,1171.2630570082276,1171.2630570082276
4727,800.1052264234281,800.1052264234281
4728,496.9059708333361,496.9059708333361
4729,301.4543700000005,301.4543700000005
4730,270.1792483333333,270.1792483333333
4731,270.6125624999999,270.6125624999999
4732,279.8333966666666,279.8333966666666
4733,297.8376152160131,297.8376152160131
4734,361.272744689923,361.272744689923
4735,473.01203514867103,473.01203514867103
4736,667.877291821356,667.877291821356
4737,737.3677114113185,737.3677114113185
4738,724.7569338066646,724.7569338066646
4739,663.491597845981,663.491597845981
4740,605.755017405039,605.755017405039
4741,828.0905816406639,828.0905816406639
4742,1093.5680617109206,1093.5680617109206
4743,701.9377638059791,701.9377638059791
4744,541.468700000001,541.468700000001
4745,608.223392500001,608.223392500001
4746,641.721257500002,641.721257500002
4747,757.214676598996,757.214676598996
4748,1230.4224006279192,1230.4224006279192
4749,1483.562158407989,1483.562158407989
4750,1366.755037875537,1366.755037875537
4751,740.34657136526,740.34657136526
4752,478.09332500000284,478.09332500000284
4753,298.0604100000002,298.0604100000002
4754,267.2334191666667,267.2334191666667
4755,265.9917083333334,265.9917083333334
4756,276.10006749999997,276.10006749999997
4757,277.9585683333334,277.9585683333334
4758,365.042818942223,365.042818942223
4759,477.5691607981437,477.5691607981437
4760,761.3141949052215,761.3141949052215
4761,755.7019079864721,755.7019079864721
4762,683.0917511486915,683.0917511486915
4763,647.9877884924836,647.9877884924836
4764,592.5226077518415,592.5226077518415
4765,1037.8678981171745,1037.8678981171745
4766,1370.673590003153,1370.673590003153
4767,612.5953077112395,612.5953077112395
4768,550.464785000001,550.464785000001
4769,580.0381850000016,580.0381850000016
4770,642.329375189812,642.329375189812
4771,750.7386618781195,750.7386618781195
4772,1345.918533187747,1345.918533187747
4773,1839.7616574030058,1839.7616574030058
4774,1518.8756193442225,1518.8756193442225
4775,797.538607437051,797.538607437051
4776,484.61121833333596,484.61121833333596
4777,291.3544866666672,291.3544866666672
4778,257.0125824999999,257.0125824999999
4779,267.7917308333334,267.7917308333334
4780,277.37922583333324,277.37922583333324
4781,276.53511100892433,276.53511100892433
4782,300.10661226712733,300.10661226712733
4783,467.9984068648154,467.9984068648154
4784,678.2609088780996,678.2609088780996
4785,782.6460271794845,782.6460271794845
4786,732.9639524393145,732.9639524393145
4787,645.309137053355,645.309137053355
4788,582.214016214048,582.214016214048
4789,1057.6807654526317,1057.6807654526317
4790,1136.481648601876,1136.481648601876
4791,595.870475728958,595.870475728958
4792,546.5977225000009,546.5977225000009
4793,606.839890000001,606.839890000001
4794,616.5925758333356,616.5925758333356
4795,691.511711975795,691.511711975795
4796,1229.0803043010264,1229.0803043010264
4797,1758.5290272789186,1758.5290272789186
4798,1465.2644771425691,1465.2644771425691
4799,684.9211751350371,684.9211751350371
4800,460.8077983333361,460.8077983333361
4801,282.15954250000055,282.15954250000055
4802,257.7292408333332,257.7292408333332
4803,274.3417258333332,274.3417258333332
4804,269.4792083333332,269.4792083333332
4805,294.84512227171007,294.84512227171007
4806,408.57427440970065,408.57427440970065
4807,497.64351645001045,497.64351645001045
4808,669.053182410983,669.053182410983
4809,774.3219526336795,774.3219526336795
4810,1224.6491842578346,1224.6491842578346
4811,1536.4087777953662,1536.4087777953662
4812,1212.43755582337,1212.43755582337
4813,1458.9296410896936,1458.9296410896936
4814,1606.031848154774,1606.031848154774
4815,593.0395063236936,593.0395063236936
4816,562.6814583333345,562.6814583333345
4817,584.2425133333345,584.2425133333345
4818,630.9294725000026,630.9294725000026
4819,723.9683980392141,723.9683980392141
4820,1415.248867575725,1415.248867575725
4821,1632.253051279302,1632.253051279302
4822,1408.4982733756335,1408.4982733756335
4823,741.67704704508,741.67704704508
4824,463.1922858333359,463.1922858333359
4825,264.12200666666695,264.12200666666695
4826,249.09590166666658,249.09590166666658
4827,259.1250425,259.1250425
4828,263.47921583333317,263.47921583333317
4829,285.4218127512673,285.4218127512673
4830,379.6752266877249,379.6752266877249
4831,438.87632412101624,438.87632412101624
4832,538.7814121300261,538.7814121300261
4833,881.62857944217,881.62857944217
4834,1279.4847324737002,1279.4847324737002
4835,1503.5054611813441,1503.5054611813441
4836,1220.978717117249,1220.978717117249
4837,1488.6894212709876,1488.6894212709876
4838,1280.7165559235061,1280.7165559235061
4839,593.5119590757571,593.5119590757571
4840,514.9815991666675,514.9815991666675
4841,587.6169600000011,587.6169600000011
4842,649.8039316666686,649.8039316666686
4843,676.4997119248126,676.4997119248126
4844,1083.7901587944186,1083.7901587944186
4845,1698.1966553585285,1698.1966553585285
4846,1239.8671945164667,1239.8671945164667
4847,775.5262249526186,775.5262249526186
4848,475.6052408333363,475.6052408333363
4849,297.0403583333339,297.0403583333339
4850,269.4375724999999,269.4375724999999
4851,271.6417258333333,271.6417258333333
4852,281.62087666666645,281.62087666666645
4853,289.3124563897604,289.3124563897604
4854,408.5484166316475,408.5484166316475
4855,554.629516454862,554.629516454862
4856,589.4643194819171,589.4643194819171
4857,692.1120788341036,692.1120788341036
4858,707.9112369357231,707.9112369357231
4859,618.811344377516,618.811344377516
4860,579.8531088971755,579.8531088971755
4861,1197.3605861976225,1197.3605861976225
4862,1113.653792736637,1113.653792736637
4863,591.5507145961391,591.5507145961391
4864,538.993290833334,538.993290833334
4865,598.9317533333345,598.9317533333345
4866,610.912549166669,610.912549166669
4867,715.458162339994,715.458162339994
4868,1364.4305847671612,1364.4305847671612
4869,1462.3410963590482,1462.3410963590482
4870,1244.8744825875626,1244.8744825875626
4871,732.670064025695,732.670064025695
4872,513.1048608333356,513.1048608333356
4873,292.3511091666671,292.3511091666671
4874,266.6334041666665,266.6334041666665
4875,266.97921333333323,266.97921333333323
4876,277.23758749999985,277.23758749999985
4877,288.22436503250515,288.22436503250515
4878,360.8927486492142,360.8927486492142
4879,465.66118775586915,465.66118775586915
4880,548.379777418097,548.379777418097
4881,824.118560213984,824.118560213984
4882,724.2773907536,724.2773907536
4883,629.1360816010565,629.1360816010565
4884,610.8501414418536,610.8501414418536
4885,1060.979521273126,1060.979521273126
4886,1040.6694486778856,1040.6694486778856
4887,652.249212180998,652.249212180998
4888,554.685414166668,554.685414166668
4889,595.106550833334,595.106550833334
4890,614.8410575000021,614.8410575000021
4891,711.5647465082116,711.5647465082116
4892,1349.2636510679226,1349.2636510679226
4893,1614.9278873438561,1614.9278873438561
4894,1662.7428084935652,1662.7428084935652
4895,753.1451778823896,753.1451778823896
4896,489.6684991666696,489.6684991666696
4897,309.30216250000046,309.30216250000046
4898,269.55840416666655,269.55840416666655
4899,267.60005749999993,267.60005749999993
4900,281.4208716666665,281.4208716666665
4901,299.69225704846093,299.69225704846093
4902,414.43097536443634,414.43097536443634
4903,510.6573971031985,510.6573971031985
4904,641.5786863041706,641.5786863041706
4905,680.6893679948421,680.6893679948421
4906,738.3987339272671,738.3987339272671
4907,613.369493136762,613.369493136762
4908,586.8866843618815,586.8866843618815
4909,989.5607837067945,989.5607837067945
4910,1025.197426466564,1025.197426466564
4911,606.908538141531,606.908538141531
4912,554.4018808333345,554.4018808333345
4913,578.687269166668,578.687269166668
4914,631.4910708333355,631.4910708333355
4915,688.3617943286905,688.3617943286905
4916,1286.325461016866,1286.325461016866
4917,1412.355547746348,1412.355547746348
4918,1217.963007516252,1217.963007516252
4919,752.5730236321091,752.5730236321091
4920,498.32265416666934,498.32265416666934
4921,283.577876666667,283.577876666667
4922,252.21671833333323,252.21671833333323
4923,269.3500449999999,269.3500449999999
4924,262.7333741666666,262.7333741666666
4925,275.6627816666667,275.6627816666667
4926,377.0135542791375,377.0135542791375
4927,417.13413428939685,417.13413428939685
4928,586.4164015366875,586.4164015366875
4929,701.454837695819,701.454837695819
4930,607.027964637853,607.027964637853
4931,650.6557161454956,650.6557161454956
4932,602.233652201435,602.233652201435
4933,1105.8892424847397,1105.8892424847397
4934,1173.9899582098735,1173.9899582098735
4935,588.014864592244,588.014864592244
4936,541.402060000001,541.402060000001
4937,558.2593800000016,558.2593800000016
4938,616.4599641666691,616.4599641666691
4939,722.434075078541,722.434075078541
4940,1335.1388569157434,1335.1388569157434
4941,1785.9330206381217,1785.9330206381217
4942,1430.964541698529,1430.964541698529
4943,733.4834156336871,733.4834156336871
4944,474.2635783333357,474.2635783333357
4945,275.3329516666672,275.3329516666672
4946,264.9833966666666,264.9833966666666
4947,257.1333916666666,257.1333916666666
4948,263.8958891666666,263.8958891666666
4949,283.3514225825747,283.3514225825747
4950,331.70786081132565,331.70786081132565
4951,604.322879015005,604.322879015005
4952,606.4669463988215,606.4669463988215
4953,748.5987400741335,748.5987400741335
4954,714.2048713653026,714.2048713653026
4955,637.0665250932545,637.0665250932545
4956,555.498959166668,555.498959166668
4957,1063.7209366012537,1063.7209366012537
4958,1151.957510931689,1151.957510931689
4959,569.0643439383615,569.0643439383615
4960,557.8066808333346,557.8066808333346
4961,597.477442500001,597.477442500001
4962,604.310822500002,604.310822500002
4963,685.9759082951331,685.9759082951331
4964,1162.1902249278442,1162.1902249278442
4965,1431.4115765245147,1431.4115765245147
4966,1361.4494422674761,1361.4494422674761
4967,771.0321201498225,771.0321201498225
4968,477.99512833333614,477.99512833333614
4969,282.2688258333337,282.2688258333337
4970,257.51673833333325,257.51673833333325
4971,252.9125474999999,252.9125474999999
4972,271.49173333333323,271.49173333333323
4973,279.81695461611696,279.81695461611696
4974,352.5855732941565,352.5855732941565
4975,521.8563168644044,521.8563168644044
4976,596.529743325626,596.529743325626
4977,795.6315103260121,795.6315103260121
4978,1352.481831270963,1352.481831270963
4979,1606.5146205926412,1606.5146205926412
4980,1345.3631839695051,1345.3631839695051
4981,1492.8536712582245,1492.8536712582245
4982,1090.1379272544687,1090.1379272544687
4983,624.755503660405,624.755503660405
4984,544.6688316666675,544.6688316666675
4985,583.247317500001,583.247317500001
4986,634.9317283333361,634.9317283333361
4987,771.023498706185,771.023498706185
4988,1149.635085319112,1149.635085319112
4989,1199.2044926900921,1199.2044926900921
4990,1086.4932479304741,1086.4932479304741
4991,788.2284746601485,788.2284746601485
4992,473.66789833333587,473.66789833333587
4993,284.4511775000004,284.4511775000004
4994,251.7750724999999,251.7750724999999
4995,262.2750649999999,262.2750649999999
4996,276.9125399999999,276.9125399999999
4997,280.50853995015103,280.50853995015103
4998,343.7127627054135,343.7127627054135
4999,488.9342154320294,488.9342154320294
5000,653.7189756563371,653.7189756563371
5001,795.235458030812,795.235458030812
5002,1209.6691623536685,1209.6691623536685
5003,1513.7827493000732,1513.7827493000732
5004,1441.6828575765257,1441.6828575765257
5005,1394.6498307662666,1394.6498307662666
5006,1160.8862394033215,1160.8862394033215
5007,619.5899906536106,619.5899906536106
5008,541.064974166668,541.064974166668
5009,566.2619508333345,566.2619508333345
5010,650.383007500002,650.383007500002
5011,740.2345768453836,740.2345768453836
5012,1131.9536118516942,1131.9536118516942
5013,1465.2988594165872,1465.2988594165872
5014,1245.143846235092,1245.143846235092
5015,672.9979478569751,672.9979478569751
5016,477.43122333333577,477.43122333333577
5017,299.95794666666706,299.95794666666706
5018,283.07923333333326,283.07923333333326
5019,270.0000724999998,270.0000724999998
5020,268.0667208333332,268.0667208333332
5021,281.5911682874425,281.5911682874425
5022,373.63461038002606,373.63461038002606
5023,494.5628183187123,494.5628183187123
5024,712.3173434599365,712.3173434599365
5025,833.4967726422005,833.4967726422005
5026,650.5333127705305,650.5333127705305
5027,615.9327960214986,615.9327960214986
5028,604.2781642116964,604.2781642116964
5029,983.7744929200467,983.7744929200467
5030,1167.613041732002,1167.613041732002
5031,605.694840438989,605.694840438989
5032,548.889458333334,548.889458333334
5033,594.4013608333345,594.4013608333345
5034,639.213911666669,639.213911666669
5035,705.293091785971,705.293091785971
5036,1107.1484752941356,1107.1484752941356
5037,1319.4575312720242,1319.4575312720242
5038,1241.8624837235611,1241.8624837235611
5039,811.0516458993561,811.0516458993561
5040,497.27968333333587,497.27968333333587
5041,299.15036166666704,299.15036166666704
5042,270.2625875,270.2625875
5043,277.3000524999999,277.3000524999999
5044,282.5917183333333,282.5917183333333
5045,284.7459783333333,284.7459783333333
5046,378.97762567246167,378.97762567246167
5047,565.088351544917,565.088351544917
5048,665.742946887727,665.742946887727
5049,661.3201851468575,661.3201851468575
5050,698.5104049650726,698.5104049650726
5051,707.5138139258236,707.5138139258236
5052,573.663588312118,573.663588312118
5053,956.6945193495606,956.6945193495606
5054,1205.270748069835,1205.270748069835
5055,607.913330696118,607.913330696118
5056,534.531427500001,534.531427500001
5057,594.162478333334,594.162478333334
5058,623.127640000002,623.127640000002
5059,713.0345397564361,713.0345397564361
5060,1070.258920269905,1070.258920269905
5061,1293.620528644313,1293.620528644313
5062,1261.5022188453881,1261.5022188453881
5063,723.866848705296,723.866848705296
5064,484.58818583333607,484.58818583333607
5065,294.17620416666733,294.17620416666733
5066,261.5709041666666,261.5709041666666
5067,270.2792283333332,270.2792283333332
5068,266.31254499999994,266.31254499999994
5069,274.6168825000001,274.6168825000001
5070,299.6593877052586,299.6593877052586
5071,471.28651348296984,471.28651348296984
5072,654.3341518502846,654.3341518502846
5073,837.4508507238756,837.4508507238756
5074,708.300243378321,708.300243378321
5075,609.8762943854965,609.8762943854965
5076,571.960174336622,571.960174336622
5077,1015.5706964622505,1015.5706964622505
5078,1127.9569098698346,1127.9569098698346
5079,593.4677545609741,593.4677545609741
5080,522.8691841666675,522.8691841666675
5081,582.8352700000015,582.8352700000015
5082,637.9101366666686,637.9101366666686
5083,750.8492574838491,750.8492574838491
5084,1161.7156669534215,1161.7156669534215
5085,1428.2172865492316,1428.2172865492316
5086,1528.8483742431185,1528.8483742431185
5087,811.2918392551701,811.2918392551701
5088,459.08756750000276,459.08756750000276
5089,313.9538058333337,313.9538058333337
5090,274.5125699999998,274.5125699999998
5091,272.4750499999998,272.4750499999998
5092,295.2625374999999,295.2625374999999
5093,298.816855,298.816855
5094,434.32136219516474,434.32136219516474
5095,464.0091621633608,464.0091621633608
5096,684.0066523509886,684.0066523509886
5097,709.700302794816,709.700302794816
5098,688.269521836547,688.269521836547
5099,649.5215857513466,649.5215857513466
5100,618.4445721627606,618.4445721627606
5101,1013.368105630545,1013.368105630545
5102,1268.567092793358,1268.567092793358
5103,619.4733869005245,619.4733869005245
5104,545.0351591666675,545.0351591666675
5105,579.286201666668,579.286201666668
5106,599.7234641666686,599.7234641666686
5107,671.1948233326635,671.1948233326635
5108,1172.2700732888331,1172.2700732888331
5109,1559.1559506919882,1559.1559506919882
5110,1197.0502237095266,1197.0502237095266
5111,765.7573562220296,765.7573562220296
5112,482.59949500000266,482.59949500000266
5113,314.6443550000004,314.6443550000004
5114,270.92090166666657,270.92090166666657
5115,282.79591166666654,282.79591166666654
5116,284.3417283333333,284.3417283333333
5117,289.9501474999999,289.9501474999999
5118,360.35391791219735,360.35391791219735
5119,525.614216686428,525.614216686428
5120,754.523102110994,754.523102110994
5121,682.5511514209595,682.5511514209595
5122,733.9573296867301,733.9573296867301
5123,653.4104939168051,653.4104939168051
5124,605.9423553690295,605.9423553690295
5125,1050.901983551771,1050.901983551771
5126,1001.7210111453929,1001.7210111453929
5127,605.607393983725,605.607393983725
5128,541.0481433333346,541.0481433333346
5129,548.7386575000011,548.7386575000011
5130,599.176192500002,599.176192500002
5131,705.427376972984,705.427376972984
5132,1362.885437961167,1362.885437961167
5133,1554.024527911117,1554.024527911117
5134,1238.0547534106881,1238.0547534106881
5135,763.7695343577435,763.7695343577435
5136,459.8987950000026,459.8987950000026
5137,299.7794966666672,299.7794966666672
5138,262.0876025,262.0876025
5139,272.0208841666666,272.0208841666666
5140,271.79588416666655,271.79588416666655
5141,277.80024000000014,277.80024000000014
5142,378.49404368071725,378.49404368071725
5143,445.71176437852523,445.71176437852523
5144,643.2773929529756,643.2773929529756
5145,672.959903146781,672.959903146781
5146,669.218281059681,669.218281059681
5147,643.5972623949101,643.5972623949101
5148,629.1572583062141,629.1572583062141
5149,962.7147631403705,962.7147631403705
5150,1262.6379779503081,1262.6379779503081
5151,582.9369720382531,582.9369720382531
5152,533.923200833334,533.923200833334
5153,588.0476566666675,588.0476566666675
5154,615.716134166669,615.716134166669
5155,705.534758639876,705.534758639876
5156,1282.558096545297,1282.558096545297
5157,1471.4140380253257,1471.4140380253257
5158,1424.851658318383,1424.851658318383
5159,791.1500586450866,791.1500586450866
5160,479.24985833333596,479.24985833333596
5161,273.99295750000044,273.99295750000044
5162,244.4750699999998,244.4750699999998
5163,257.2958816666666,257.2958816666666
5164,261.1250474999999,261.1250474999999
5165,276.8053702228371,276.8053702228371
5166,363.38304024002736,363.38304024002736
5167,530.2136368424825,530.2136368424825
5168,628.737168592771,628.737168592771
5169,737.7804461696401,737.7804461696401
5170,669.495599955075,669.495599955075
5171,615.3573565821961,615.3573565821961
5172,615.167912028146,615.167912028146
5173,1102.7038976287074,1102.7038976287074
5174,1144.6999584374255,1144.6999584374255
5175,606.1269490060434,606.1269490060434
5176,545.2562133333345,545.2562133333345
5177,561.8527058333345,561.8527058333345
5178,641.9670891666691,641.9670891666691
5179,733.3195505754491,733.3195505754491
5180,1091.7300746936326,1091.7300746936326
5181,1578.0462047259696,1578.0462047259696
5182,1273.1754103373016,1273.1754103373016
5183,817.5293098147675,817.5293098147675
5184,478.6545500000026,478.6545500000026
5185,279.3620291666671,279.3620291666671
5186,252.6042308333333,252.6042308333333
5187,263.39589916666654,263.39589916666654
5188,263.86670583333324,263.86670583333324
5189,279.3710016666666,279.3710016666666
5190,351.16961373203895,351.16961373203895
5191,511.03801006707357,511.03801006707357
5192,684.6457088045005,684.6457088045005
5193,827.0155772079211,827.0155772079211
5194,650.050218596726,650.050218596726
5195,650.817484760097,650.817484760097
5196,615.6035672530645,615.6035672530645
5197,959.4649819077226,959.4649819077226
5198,952.268048814513,952.268048814513
5199,632.0739164344005,632.0739164344005
5200,537.522755000001,537.522755000001
5201,577.5942650000015,577.5942650000015
5202,627.4546558333356,627.4546558333356
5203,743.2161409860365,743.2161409860365
5204,1313.4478989573397,1313.4478989573397
5205,1607.8993738601475,1607.8993738601475
5206,1424.3358918657325,1424.3358918657325
5207,698.0898957058945,698.0898957058945
5208,457.8519058333361,457.8519058333361
5209,296.90883750000046,296.90883750000046
5210,267.9417458333332,267.9417458333332
5211,266.1750499999998,266.1750499999998
5212,269.54588416666667,269.54588416666667
5213,277.8442888303695,277.8442888303695
5214,357.02789525224273,357.02789525224273
5215,467.12914725213295,467.12914725213295
5216,600.6535889659025,600.6535889659025
5217,865.3654805408065,865.3654805408065
5218,1272.4225099070366,1272.4225099070366
5219,1579.4796596298895,1579.4796596298895
5220,1212.8349916196041,1212.8349916196041
5221,1256.1822716807596,1256.1822716807596
5222,1063.4593185935141,1063.4593185935141
5223,607.3681868323046,607.3681868323046
5224,551.7691241666674,551.7691241666674
5225,581.6806233333344,581.6806233333344
5226,616.0216208333355,616.0216208333355
5227,756.0156407134056,756.0156407134056
5228,1548.7132161449426,1548.7132161449426
5229,1636.6895292889922,1636.6895292889922
5230,1311.501795949113,1311.501795949113
5231,726.591907614665,726.591907614665
5232,473.3052625000024,473.3052625000024
5233,276.9177741666672,276.9177741666672
5234,253.5917358333332,253.5917358333332
5235,253.95004249999988,253.95004249999988
5236,266.79587166666664,266.79587166666664
5237,284.45446277967994,284.45446277967994
5238,366.2126160149788,366.2126160149788
5239,578.9945534178665,578.9945534178665
5240,672.0971658457396,672.0971658457396
5241,859.2576975739876,859.2576975739876
5242,1275.0725143362965,1275.0725143362965
5243,1580.1962286038045,1580.1962286038045
5244,1294.5844462505986,1294.5844462505986
5245,1205.3474169219755,1205.3474169219755
5246,1131.546379089187,1131.546379089187
5247,602.251854998781,602.251854998781
5248,537.2436833333339,537.2436833333339
5249,595.555722500001,595.555722500001
5250,605.3606483333355,605.3606483333355
5251,685.4027044223061,685.4027044223061
5252,1218.9872166141115,1218.9872166141115
5253,1374.6020858194556,1374.6020858194556
5254,1471.3291744361702,1471.3291744361702
5255,802.2640264256646,802.2640264256646
5256,493.42109750000265,493.42109750000265
5257,298.74383333333384,298.74383333333384
5258,263.8125724999999,263.8125724999999
5259,267.6958941666666,267.6958941666666
5260,283.2292258333332,283.2292258333332
5261,304.6136556595177,304.6136556595177
5262,353.0022820814624,353.0022820814624
5263,529.877765470495,529.877765470495
5264,690.5363763046146,690.5363763046146
5265,725.8068752240225,725.8068752240225
5266,628.9496273969461,628.9496273969461
5267,632.5600718734505,632.5600718734505
5268,561.3361522606596,561.3361522606596
5269,874.6120609037575,874.6120609037575
5270,1084.428802363438,1084.428802363438
5271,582.7381740817095,582.7381740817095
5272,542.414607500001,542.414607500001
5273,584.2486091666681,584.2486091666681
5274,645.5818400000026,645.5818400000026
5275,733.2482352185251,733.2482352185251
5276,1098.222285184175,1098.222285184175
5277,1465.7522903840716,1465.7522903840716
5278,1312.047399944505,1312.047399944505
5279,832.815223738579,832.815223738579
5280,479.9676566666694,479.9676566666694
5281,290.98612916666707,290.98612916666707
5282,255.30841916666668,255.30841916666668
5283,269.2500649999999,269.2500649999999
5284,278.98755249999994,278.98755249999994
5285,293.32134181362886,293.32134181362886
5286,392.37360351932995,392.37360351932995
5287,520.624611756919,520.624611756919
5288,705.5192899997816,705.5192899997816
5289,632.379428080932,632.379428080932
5290,707.6101898471301,707.6101898471301
5291,631.832577899352,631.832577899352
5292,610.8058475591715,610.8058475591715
5293,1018.5439179848071,1018.5439179848071
5294,1340.7168288433832,1340.7168288433832
5295,613.0521456496865,613.0521456496865
5296,533.415067500001,533.415067500001
5297,571.2525508333346,571.2525508333346
5298,618.8419033333356,618.8419033333356
5299,730.201742416061,730.201742416061
5300,1232.8474175700496,1232.8474175700496
5301,1442.38125690491,1442.38125690491
5302,1355.4299708488657,1355.4299708488657
5303,823.6714067005131,823.6714067005131
5304,490.2135464009329,490.2135464009329
5305,305.2412400000004,305.2412400000004
5306,260.5250774999999,260.5250774999999
5307,270.9792233333332,270.9792233333332
5308,279.0333766666666,279.0333766666666
5309,286.48373418153363,286.48373418153363
5310,354.5147048615245,354.5147048615245
5311,515.005418204773,515.005418204773
5312,778.235638149564,778.235638149564
5313,778.5184679713625,778.5184679713625
5314,712.427478695482,712.427478695482
5315,675.0911182165436,675.0911182165436
5316,535.8530820892964,535.8530820892964
5317,930.7788377973307,930.7788377973307
5318,1029.641281230902,1029.641281230902
5319,604.570575658622,604.570575658622
5320,512.7859433333346,512.7859433333346
5321,583.4344716666681,583.4344716666681
5322,640.1132008333356,640.1132008333356
5323,760.1245787609475,760.1245787609475
5324,1043.56945092637,1043.56945092637
5325,1473.122306059242,1473.122306059242
5326,1339.434182471979,1339.434182471979
5327,818.991627388427,818.991627388427
5328,518.113598333336,518.113598333336
5329,305.37030666666703,305.37030666666703
5330,266.65006749999986,266.65006749999986
5331,272.0833941666665,272.0833941666665
5332,290.8667058333332,290.8667058333332
5333,285.5168066666667,285.5168066666667
5334,366.2353925288465,366.2353925288465
5335,437.2849148267238,437.2849148267238
5336,641.0435205126081,641.0435205126081
5337,684.3445730364035,684.3445730364035
5338,630.9371847650236,630.9371847650236
5339,643.2478647671405,643.2478647671405
5340,604.917102324529,604.917102324529
5341,1037.815175293662,1037.815175293662
5342,1158.421994241936,1158.421994241936
5343,630.728235485065,630.728235485065
5344,546.5604441666675,546.5604441666675
5345,581.8818475000011,581.8818475000011
5346,624.503943333335,624.503943333335
5347,762.862429214862,762.862429214862
5348,1168.4852578843131,1168.4852578843131
5349,1538.4318207176495,1538.4318207176495
5350,1426.4073361021105,1426.4073361021105
5351,794.5899220628415,794.5899220628415
5352,517.0392050000025,517.0392050000025
5353,296.5495991666671,296.5495991666671
5354,265.67091666666664,265.67091666666664
5355,267.7167008333332,267.7167008333332
5356,279.2292158333332,279.2292158333332
5357,279.8213493448107,279.8213493448107
5358,317.70666849022155,317.70666849022155
5359,464.7003833167053,464.7003833167053
5360,718.9026220049516,718.9026220049516
5361,705.7434697036451,705.7434697036451
5362,687.5221781312325,687.5221781312325
5363,676.4267724665625,676.4267724665625
5364,624.1597971124675,624.1597971124675
5365,963.6956311833061,963.6956311833061
5366,1031.8954212274696,1031.8954212274696
5367,615.793621664062,615.793621664062
5368,537.085807500001,537.085807500001
5369,549.213372500001,549.213372500001
5370,585.4594933333354,585.4594933333354
5371,705.9491797596115,705.9491797596115
5372,1276.8437610585352,1276.8437610585352
5373,1585.6852764106552,1585.6852764106552
5374,1267.266666184304,1267.266666184304
5375,787.4789320308636,787.4789320308636
5376,451.5791875000024,451.5791875000024
5377,312.3936750000007,312.3936750000007
5378,274.2417458333333,274.2417458333333
5379,279.33754999999996,279.33754999999996
5380,278.35421083333324,278.35421083333324
5381,297.07083811915385,297.07083811915385
5382,370.66122117066004,370.66122117066004
5383,478.96061529251324,478.96061529251324
5384,757.5914597072665,757.5914597072665
5385,991.620256559201,991.620256559201
5386,1374.5846504563776,1374.5846504563776
5387,1508.1844846108406,1508.1844846108406
5388,1193.7261199425816,1193.7261199425816
5389,959.209109509213,959.209109509213
5390,882.5999735525335,882.5999735525335
5391,590.4306523034514,590.4306523034514
5392,524.648017500001,524.648017500001
5393,565.4325758333346,565.4325758333346
5394,620.1283433333356,620.1283433333356
5395,768.0187150023935,768.0187150023935
5396,1200.418142972878,1200.418142972878
5397,1501.3149009079432,1501.3149009079432
5398,1497.012439938896,1497.012439938896
5399,753.9316009156241,753.9316009156241
5400,474.9158833333358,474.9158833333358
5401,270.931156666667,270.931156666667
5402,248.20425583333338,248.20425583333338
5403,270.2375474999999,270.2375474999999
5404,272.2750674999999,272.2750674999999
5405,284.108836176293,284.108836176293
5406,410.8953877631186,410.8953877631186
5407,517.1698712872395,517.1698712872395
5408,636.2379265908666,636.2379265908666
5409,839.473629519076,839.473629519076
5410,1205.9712685312022,1205.9712685312022
5411,1673.0876676263833,1673.0876676263833
5412,1197.75441748409,1197.75441748409
5413,1195.35370878708,1195.35370878708
5414,1190.8435994405152,1190.8435994405152
5415,610.277532052094,610.277532052094
5416,538.7732641666674,538.7732641666674
5417,570.6009058333345,570.6009058333345
5418,622.0539841666691,622.0539841666691
5419,695.8189569557026,695.8189569557026
5420,1215.478046484071,1215.478046484071
5421,1567.0433602840405,1567.0433602840405
5422,1375.804953163137,1375.804953163137
5423,735.0526391967616,735.0526391967616
5424,474.54292416666925,474.54292416666925
5425,275.0895041666669,275.0895041666669
5426,262.39589666666666,262.39589666666666
5427,260.9750549999998,260.9750549999998
5428,277.85838666666655,277.85838666666655
5429,294.46177328319476,294.46177328319476
5430,338.89710263862196,338.89710263862196
5431,543.6808474933121,543.6808474933121
5432,648.5633397809656,648.5633397809656
5433,777.1057525548981,777.1057525548981
5434,709.372373092665,709.372373092665
5435,631.6618114424066,631.6618114424066
5436,597.224880096108,597.224880096108
5437,1165.9213845880536,1165.9213845880536
5438,1108.6547738285906,1108.6547738285906
5439,576.8316689598145,576.8316689598145
5440,546.2234375000015,546.2234375000015
5441,599.3457500000015,599.3457500000015
5442,644.4428408333356,644.4428408333356
5443,753.9615508481396,753.9615508481396
5444,1110.400169203137,1110.400169203137
5445,1636.5921490348992,1636.5921490348992
5446,1418.977202570036,1418.977202570036
5447,805.3161949099775,805.3161949099775
5448,480.824170000003,480.824170000003
5449,304.44122083333383,304.44122083333383
5450,269.23340166666657,269.23340166666657
5451,266.7000574999999,266.7000574999999
5452,272.3958766666666,272.3958766666666
5453,293.9184485143382,293.9184485143382
5454,391.66599211206216,391.66599211206216
5455,437.8254480185246,437.8254480185246
5456,588.3562428218536,588.3562428218536
5457,701.4130470006471,701.4130470006471
5458,707.7932718348655,707.7932718348655
5459,639.5608574959101,639.5608574959101
5460,597.4445089181221,597.4445089181221
5461,1159.772809353549,1159.772809353549
5462,1193.212016161498,1193.212016161498
5463,579.5334420343714,579.5334420343714
5464,541.3603183333346,541.3603183333346
5465,589.4854191666681,589.4854191666681
5466,618.8062383333361,618.8062383333361
5467,753.0093734523041,753.0093734523041
5468,1448.9697678624386,1448.9697678624386
5469,1843.8751933753026,1843.8751933753026
5470,1170.835466628519,1170.835466628519
5471,765.2225628155975,765.2225628155975
5472,482.53630083333604,482.53630083333604
5473,288.62208250000043,288.62208250000043
5474,245.17923083333324,245.17923083333324
5475,257.07923583333326,257.07923583333326
5476,274.2875249999999,274.2875249999999
5477,281.200195,281.200195
5478,404.59133822958484,404.59133822958484
5479,477.1258073597926,477.1258073597926
5480,706.7330430656181,706.7330430656181
5481,752.944147632474,752.944147632474
5482,701.052270806609,701.052270806609
5483,603.209204097715,603.209204097715
5484,564.3151492699301,564.3151492699301
5485,1045.0474016567316,1045.0474016567316
5486,932.725091107136,932.725091107136
5487,632.0573929227645,632.0573929227645
5488,533.6022308333345,533.6022308333345
5489,589.095285000001,589.095285000001
5490,622.3251333333355,622.3251333333355
5491,731.9557439530911,731.9557439530911
5492,1027.19429578004,1027.19429578004
5493,1338.8889419180166,1338.8889419180166
5494,1257.0755620594146,1257.0755620594146
5495,828.4280376048555,828.4280376048555
5496,489.4716850000027,489.4716850000027
5497,327.77451750000046,327.77451750000046
5498,283.97923333333324,283.97923333333324
5499,269.8417258333332,269.8417258333332
5500,278.21671583333335,278.21671583333335
5501,300.275234778584,300.275234778584
5502,375.18126672318226,375.18126672318226
5503,505.15145747241405,505.15145747241405
5504,722.6200406775356,722.6200406775356
5505,703.740517112482,703.740517112482
5506,742.4311625178825,742.4311625178825
5507,662.145191424026,662.145191424026
5508,592.973479978139,592.973479978139
5509,1187.636238543392,1187.636238543392
5510,1297.1125005889135,1297.1125005889135
5511,674.3735087717446,674.3735087717446
5512,543.7769391666681,543.7769391666681
5513,599.7739100000016,599.7739100000016
5514,631.5767825000025,631.5767825000025
5515,684.0981728040335,684.0981728040335
5516,1267.7184981074743,1267.7184981074743
5517,1546.4725873281166,1546.4725873281166
5518,1523.194469114157,1523.194469114157
5519,831.041196481077,831.041196481077
5520,502.462398089809,502.462398089809
5521,272.62710666666703,272.62710666666703
5522,240.76259249999995,240.76259249999995
5523,252.37504249999998,252.37504249999998
5524,272.30420583333324,272.30420583333324
5525,289.49240845141344,289.49240845141344
5526,376.20923403190807,376.20923403190807
5527,572.817799008339,572.817799008339
5528,730.4215826930321,730.4215826930321
5529,837.8592587345425,837.8592587345425
5530,704.297318545823,704.297318545823
5531,647.741700683528,647.741700683528
5532,593.6434980216355,593.6434980216355
5533,1103.6570086362885,1103.6570086362885
5534,1110.681698526273,1110.681698526273
5535,618.4140721470455,618.4140721470455
5536,538.4728833333346,538.4728833333346
5537,578.249751666668,578.249751666668
5538,638.5743108333355,638.5743108333355
5539,720.678974165365,720.678974165365
5540,1183.477068297545,1183.477068297545
5541,1263.8341854497025,1263.8341854497025
5542,1221.0013397843975,1221.0013397843975
5543,791.505859498318,791.505859498318
5544,459.77412833333597,459.77412833333597
5545,291.9711941666671,291.9711941666671
5546,266.98340166666657,266.98340166666657
5547,272.01671833333324,272.01671833333324
5548,281.16671083333324,281.16671083333324
5549,289.4877125,289.4877125
5550,360.39977381792716,360.39977381792716
5551,457.6215855584901,457.6215855584901
5552,761.1673260739535,761.1673260739535
5553,839.284585727999,839.284585727999
5554,1310.5298361880305,1310.5298361880305
5555,1446.914087905878,1446.914087905878
5556,1407.3503702560665,1407.3503702560665
5557,1132.4334735516381,1132.4334735516381
5558,1048.8297392903426,1048.8297392903426
5559,613.076600150105,613.076600150105
5560,555.4941716666675,555.4941716666675
5561,578.7422933333345,578.7422933333345
5562,611.0500708333356,611.0500708333356
5563,730.5580917413475,730.5580917413475
5564,1171.9977864453551,1171.9977864453551
5565,1500.0400532247095,1500.0400532247095
5566,1234.3163795469927,1234.3163795469927
5567,745.4355306300511,745.4355306300511
5568,484.96552916666974,484.96552916666974
5569,261.2139208333336,261.2139208333336
5570,256.1500975,256.1500975
5571,268.11673333333323,268.11673333333323
5572,284.14170083333323,284.14170083333323
5573,286.0459866666666,286.0459866666666
5574,386.4914864345861,386.4914864345861
5575,470.41790492438025,470.41790492438025
5576,706.5895463338516,706.5895463338516
5577,883.368801958465,883.368801958465
5578,1288.344268067417,1288.344268067417
5579,1602.7486121786012,1602.7486121786012
5580,1270.943821616599,1270.943821616599
5581,1277.900748522959,1277.900748522959
5582,1194.3140992064032,1194.3140992064032
5583,615.6041821263625,615.6041821263625
5584,536.051538333334,536.051538333334
5585,592.1348333333345,592.1348333333345
5586,619.3396383333355,619.3396383333355
5587,706.5850606282196,706.5850606282196
5588,1204.5066782060726,1204.5066782060726
5589,1475.4769445420252,1475.4769445420252
5590,1154.4942978234285,1154.4942978234285
5591,762.9166044752606,762.9166044752606
5592,465.50172833333585,465.50172833333585
5593,292.05543500000044,292.05543500000044
5594,276.7292208333333,276.7292208333333
5595,269.9917183333333,269.9917183333333
5596,286.7500524999999,286.7500524999999
5597,293.17098500000014,293.17098500000014
5598,323.56280987732697,323.56280987732697
5599,431.1418964795657,431.1418964795657
5600,707.1228099673646,707.1228099673646
5601,898.3239714441585,898.3239714441585
5602,648.996786507712,648.996786507712
5603,591.685269507057,591.685269507057
5604,617.0603985122696,617.0603985122696
5605,981.0942983745776,981.0942983745776
5606,1204.3597009898974,1204.3597009898974
5607,642.7130554831535,642.7130554831535
5608,546.3522091666681,546.3522091666681
5609,573.961287500001,573.961287500001
5610,631.2912941666691,631.2912941666691
5611,729.146662403975,729.146662403975
5612,1191.945560593028,1191.945560593028
5613,1440.1549288455597,1440.1549288455597
5614,1240.2286971868136,1240.2286971868136
5615,834.330432188046,834.330432188046
5616,482.1020900000028,482.1020900000028
5617,302.69114333333386,302.69114333333386
5618,261.85424833333326,261.85424833333326
5619,270.75005749999997,270.75005749999997
5620,280.5000425,280.5000425
5621,294.5846711395317,294.5846711395317
5622,408.6198129116282,408.6198129116282
5623,531.9824807105836,531.9824807105836
5624,627.9442233763516,627.9442233763516
5625,686.6117312502461,686.6117312502461
5626,750.603458632205,750.603458632205
5627,640.9046912875035,640.9046912875035
5628,589.5432082762806,589.5432082762806
5629,920.5658238527781,920.5658238527781
5630,1266.171402891819,1266.171402891819
5631,602.8535885913745,602.8535885913745
5632,529.193955000001,529.193955000001
5633,568.9832041666681,568.9832041666681
5634,610.7603533333361,610.7603533333361
5635,692.8241950684286,692.8241950684286
5636,1212.674836742274,1212.674836742274
5637,1352.3248249773455,1352.3248249773455
5638,1437.3565063750716,1437.3565063750716
5639,835.3689175055141,835.3689175055141
5640,490.7967758333359,490.7967758333359
5641,287.4703566666672,287.4703566666672
5642,254.39589916666657,254.39589916666657
5643,262.5250599999998,262.5250599999998
5644,261.52503499999995,261.52503499999995
5645,275.2627008333333,275.2627008333333
5646,324.82030793721583,324.82030793721583
5647,478.06720819464726,478.06720819464726
5648,643.6986369081981,643.6986369081981
5649,692.248735759956,692.248735759956
5650,629.8951556241645,629.8951556241645
5651,635.366560978,635.366560978
5652,578.068131430859,578.068131430859
5653,921.2285477415601,921.2285477415601
5654,1170.4005952072937,1170.4005952072937
5655,622.0499704204101,622.0499704204101
5656,529.3068891666675,529.3068891666675
5657,579.2331716666675,579.2331716666675
5658,612.4854125000026,612.4854125000026
5659,763.0620375173695,763.0620375173695
5660,1126.241095286042,1126.241095286042
5661,1381.6581159214875,1381.6581159214875
5662,1398.1376770114305,1398.1376770114305
5663,774.2555660492401,774.2555660492401
5664,465.3901216666692,465.3901216666692
5665,277.0130050000004,277.0130050000004
5666,255.2292458333333,255.2292458333333
5667,270.0250449999999,270.0250449999999
5668,275.99587666666656,275.99587666666656
5669,283.6668516666668,283.6668516666668
5670,335.15844601270544,335.15844601270544
5671,510.58530244542453,510.58530244542453
5672,635.8810158577521,635.8810158577521
5673,673.72403140761,673.72403140761
5674,615.4156288919485,615.4156288919485
5675,630.7791429360745,630.7791429360745
5676,556.3409376943976,556.3409376943976
5677,894.066706100989,894.066706100989
5678,1357.4126792626116,1357.4126792626116
5679,603.3338492889695,603.3338492889695
5680,541.2025283333345,541.2025283333345
5681,584.080835000001,584.080835000001
5682,628.3302300000021,628.3302300000021
5683,751.023972240505,751.023972240505
5684,1236.2588072947065,1236.2588072947065
5685,1604.0040643208915,1604.0040643208915
5686,1280.791915486895,1280.791915486895
5687,766.5157488693251,766.5157488693251
5688,478.6667000000026,478.6667000000026
5689,284.56380083333386,284.56380083333386
5690,274.3083991666667,274.3083991666667
5691,269.587565,269.587565
5692,270.4458841666666,270.4458841666666
5693,281.6668513711665,281.6668513711665
5694,353.3721641664098,353.3721641664098
5695,494.02093252104123,494.02093252104123
5696,710.8082043291806,710.8082043291806
5697,707.2555685834975,707.2555685834975
5698,638.0412714639441,638.0412714639441
5699,643.767959576026,643.767959576026
5700,590.301883382646,590.301883382646
5701,1283.9086822774707,1283.9086822774707
5702,1119.5452372946627,1119.5452372946627
5703,604.937953647325,604.937953647325
5704,537.8476166666676,537.8476166666676
5705,596.7261083333345,596.7261083333345
5706,658.6917650000021,658.6917650000021
5707,852.849933492068,852.849933492068
5708,1117.0303113484936,1117.0303113484936
5709,1483.7257005729934,1483.7257005729934
5710,1437.5864153819161,1437.5864153819161
5711,742.833763201628,742.833763201628
5712,469.45003000000264,469.45003000000264
5713,287.68816916666714,287.68816916666714
5714,267.3500624999999,267.3500624999999
5715,274.7000549999998,274.7000549999998
5716,284.4875549999999,284.4875549999999
5717,292.1793508333334,292.1793508333334
5718,367.3983564975971,367.3983564975971
5719,509.679089779242,509.679089779242
5720,655.6339348570306,655.6339348570306
5721,862.091808188171,862.091808188171
5722,1238.3220788436065,1238.3220788436065
5723,1779.8152934726613,1779.8152934726613
5724,1132.3004421374,1132.3004421374
5725,1261.0967096146587,1261.0967096146587
5726,1128.5751004580832,1128.5751004580832
5727,634.6582747863405,634.6582747863405
5728,535.623195000001,535.623195000001
5729,589.556421666668,589.556421666668
5730,637.9202423950801,637.9202423950801
5731,740.9941017209171,740.9941017209171
5732,1255.6295042642191,1255.6295042642191
5733,1408.1706384949462,1408.1706384949462
5734,1370.016483131366,1370.016483131366
5735,788.1149441713441,788.1149441713441
5736,480.1781558333362,480.1781558333362
5737,285.38705000000044,285.38705000000044
5738,256.0750674999999,256.0750674999999
5739,266.8958966666666,266.8958966666666
5740,278.74588916666653,278.74588916666653
5741,274.11265749999995,274.11265749999995
5742,317.9344111559626,317.9344111559626
5743,439.1508768834766,439.1508768834766
5744,686.9104554267016,686.9104554267016
5745,860.0748682793745,860.0748682793745
5746,1449.8435238289,1449.8435238289
5747,1400.0253332162351,1400.0253332162351
5748,1192.8277339084625,1192.8277339084625
5749,1253.6445971082926,1253.6445971082926
5750,1243.565252036215,1243.565252036215
5751,606.7297881080735,606.7297881080735
5752,533.6229083333341,533.6229083333341
5753,609.8437308333345,609.8437308333345
5754,657.5896283333356,657.5896283333356
5755,694.9748311818605,694.9748311818605
5756,1193.238248985843,1193.238248985843
5757,1632.3247266875092,1632.3247266875092
5758,1259.989606239996,1259.989606239996
5759,798.932658544963,798.932658544963
5760,461.8806875000026,461.8806875000026
5761,289.66030416666723,289.66030416666723
5762,264.6500625,264.6500625
5763,272.95421083333326,272.95421083333326
5764,287.22506999999996,287.22506999999996
5765,290.2210316666668,290.2210316666668
5766,370.2438594533427,370.2438594533427
5767,553.082086892875,553.082086892875
5768,677.4695216497915,677.4695216497915
5769,761.9863678735186,761.9863678735186
5770,675.9524744418976,675.9524744418976
5771,719.3885859266001,719.3885859266001
5772,610.4044106516095,610.4044106516095
5773,1330.6153279071516,1330.6153279071516
5774,1403.8473297771545,1403.8473297771545
5775,618.564167247775,618.564167247775
5776,539.918500000001,539.918500000001
5777,580.5363991666676,580.5363991666676
5778,646.8494891666691,646.8494891666691
5779,754.8053320347826,754.8053320347826
5780,1161.9953081656006,1161.9953081656006
5781,1379.380799418992,1379.380799418992
5782,1301.8020149971696,1301.8020149971696
5783,745.902015143086,745.902015143086
5784,450.644715833336,450.644715833336
5785,296.0362616666671,296.0362616666671
5786,273.6792683333334,273.6792683333334
5787,280.4083716666666,280.4083716666666
5788,273.0417158333332,273.0417158333332
5789,280.4418433333335,280.4418433333335
5790,368.5019168481521,368.5019168481521
5791,505.4216028039495,505.4216028039495
5792,679.695040239259,679.695040239259
5793,824.270143805172,824.270143805172
5794,725.300136349629,725.300136349629
5795,623.0085289400831,623.0085289400831
5796,560.323699163676,560.323699163676
5797,1151.498287322077,1151.498287322077
5798,1196.3987424624654,1196.3987424624654
5799,624.1904058444086,624.1904058444086
5800,545.647492500001,545.647492500001
5801,577.2568908333345,577.2568908333345
5802,665.6622850000026,665.6622850000026
5803,728.4905135493746,728.4905135493746
5804,1551.097231854412,1551.097231854412
5805,1739.5757374883492,1739.5757374883492
5806,1429.4280673259461,1429.4280673259461
5807,785.636792027208,785.636792027208
5808,490.69932000000256,490.69932000000256
5809,290.20372083333376,290.20372083333376
5810,259.87926083333326,259.87926083333326
5811,272.0917258333333,272.0917258333333
5812,268.08754999999996,268.08754999999996
5813,275.85023583333344,275.85023583333344
5814,342.5823968015859,342.5823968015859
5815,550.515293392889,550.515293392889
5816,768.7440225894046,768.7440225894046
5817,723.009702504226,723.009702504226
5818,708.6886562213316,708.6886562213316
5819,654.613241160293,654.613241160293
5820,579.1688397036716,579.1688397036716
5821,1143.7607328670065,1143.7607328670065
5822,1197.214051563273,1197.214051563273
5823,620.370199370244,620.370199370244
5824,550.1269816666676,550.1269816666676
5825,574.9779816666676,574.9779816666676
5826,640.216342500002,640.216342500002
5827,715.0638943868365,715.0638943868365
5828,1091.7275173506675,1091.7275173506675
5829,1316.1227045394417,1316.1227045394417
5830,1213.28520268854,1213.28520268854
5831,854.138768816586,854.138768816586
5832,480.0147358333359,480.0147358333359
5833,299.3752550000003,299.3752550000003
5834,259.69589666666656,259.69589666666656
5835,256.4000699999999,256.4000699999999
5836,266.6041983333332,266.6041983333332
5837,283.4806329755939,283.4806329755939
5838,346.9264952159292,346.9264952159292
5839,524.2169570292656,524.2169570292656
5840,612.7800932261696,612.7800932261696
5841,731.9837905296475,731.9837905296475
5842,642.0873245976176,642.0873245976176
5843,629.019785442697,629.019785442697
5844,629.1681528323485,629.1681528323485
5845,1266.329665587483,1266.329665587483
5846,1227.3746495672426,1227.3746495672426
5847,603.8753305204226,603.8753305204226
5848,542.5231091666681,542.5231091666681
5849,572.5905908333345,572.5905908333345
5850,592.468380000002,592.468380000002
5851,770.2891721262415,770.2891721262415
5852,1477.5160932987555,1477.5160932987555
5853,1529.356966227016,1529.356966227016
5854,1470.1916309413737,1470.1916309413737
5855,692.0332128660675,692.0332128660675
5856,462.6534941666691,462.6534941666691
5857,296.16275416666707,296.16275416666707
5858,277.77090416666664,277.77090416666664
5859,263.9792283333333,263.9792283333333
5860,268.1208766666666,268.1208766666666
5861,288.9640393021784,288.9640393021784
5862,371.05488765019777,371.05488765019777
5863,437.41928959245024,437.41928959245024
5864,683.494192884945,683.494192884945
5865,760.942333502775,760.942333502775
5866,658.3838956720151,658.3838956720151
5867,648.25422231485,648.25422231485
5868,581.8297788758775,581.8297788758775
5869,1022.1818135592225,1022.1818135592225
5870,1156.188547582179,1156.188547582179
5871,584.046794572823,584.046794572823
5872,541.448234166668,541.448234166668
5873,571.6089125000011,571.6089125000011
5874,629.6171991666686,629.6171991666686
5875,705.0290349114766,705.0290349114766
5876,1085.0672419059886,1085.0672419059886
5877,1514.159471823671,1514.159471823671
5878,1382.9421359690596,1382.9421359690596
5879,772.995040306535,772.995040306535
5880,499.1404816666692,499.1404816666692
5881,304.0844975000005,304.0844975000005
5882,266.6584216666666,266.6584216666666
5883,269.5667133333332,269.5667133333332
5884,268.3500424999999,268.3500424999999
5885,284.8876366666667,284.8876366666667
5886,318.75198340451846,318.75198340451846
5887,410.21738962718246,410.21738962718246
5888,596.913725531101,596.913725531101
5889,760.2678593961355,760.2678593961355
5890,822.928282267555,822.928282267555
5891,698.1389321301435,698.1389321301435
5892,575.9274215615436,575.9274215615436
5893,981.3949029819591,981.3949029819591
5894,1214.5998888555237,1214.5998888555237
5895,623.542662782076,623.542662782076
5896,562.010419166668,562.010419166668
5897,566.9121683333345,566.9121683333345
5898,615.6585608333355,615.6585608333355
5899,719.1827328440355,719.1827328440355
5900,1227.9198739312167,1227.9198739312167
5901,1737.0831723630306,1737.0831723630306
5902,1216.6921923208336,1216.6921923208336
5903,670.1175175355711,670.1175175355711
5904,479.7206733333359,479.7206733333359
5905,284.341321666667,284.341321666667
5906,265.8417608333331,265.8417608333331
5907,278.6542183333332,278.6542183333332
5908,281.9958916666666,281.9958916666666
5909,289.5501750000002,289.5501750000002
5910,339.8106438168073,339.8106438168073
5911,489.4542913917346,489.4542913917346
5912,746.4885184664781,746.4885184664781
5913,674.3183573360895,674.3183573360895
5914,711.1599862214385,711.1599862214385
5915,626.255653156375,626.255653156375
5916,599.566628482032,599.566628482032
5917,997.9688983009655,997.9688983009655
5918,1049.8644392495446,1049.8644392495446
5919,599.186159307636,599.186159307636
5920,554.4475533333346,554.4475533333346
5921,582.4367991666676,582.4367991666676
5922,594.9326925000025,594.9326925000025
5923,726.9754391657161,726.9754391657161
5924,1240.2228340515792,1240.2228340515792
5925,1507.1834676633716,1507.1834676633716
5926,1359.680542104545,1359.680542104545
5927,805.6054641178935,805.6054641178935
5928,495.1068991666693,495.1068991666693
5929,300.3237633333338,300.3237633333338
5930,259.53757249999995,259.53757249999995
5931,266.5209041666667,266.5209041666667
5932,274.46257999999995,274.46257999999995
5933,294.616216062019,294.616216062019
5934,370.1347795506535,370.1347795506535
5935,519.6439289647955,519.6439289647955
5936,608.7094201713035,608.7094201713035
5937,765.8202179512241,765.8202179512241
5938,764.3966388987401,764.3966388987401
5939,603.487147295824,603.487147295824
5940,587.2963769985125,587.2963769985125
5941,1035.145576889089,1035.145576889089
5942,1353.5004964591844,1353.5004964591844
5943,612.0217778955135,612.0217778955135
5944,527.7477458333345,527.7477458333345
5945,587.9326275000011,587.9326275000011
5946,629.2431583333355,629.2431583333355
5947,709.4613545617916,709.4613545617916
5948,1303.5081632535705,1303.5081632535705
5949,1430.6827438076234,1430.6827438076234
5950,1390.936170218237,1390.936170218237
5951,735.0128093074766,735.0128093074766
5952,473.6849850000028,473.6849850000028
5953,291.58118833333396,291.58118833333396
5954,257.82505499999996,257.82505499999996
5955,265.1917333333333,265.1917333333333
5956,265.75423333333333,265.75423333333333
5957,280.6625451731199,280.6625451731199
5958,374.9526483104314,374.9526483104314
5959,494.1725592458929,494.1725592458929
5960,634.394217048744,634.394217048744
5961,830.2122668553984,830.2122668553984
5962,1136.6157400469206,1136.6157400469206
5963,1815.8500463166515,1815.8500463166515
5964,1216.638175932924,1216.638175932924
5965,1165.3398765823986,1165.3398765823986
5966,1407.7260555005555,1407.7260555005555
5967,667.190641330715,667.190641330715
5968,537.0775158333345,537.0775158333345
5969,589.4121250000011,589.4121250000011
5970,642.781817500002,642.781817500002
5971,701.034300167008,701.034300167008
5972,1390.957763194478,1390.957763194478
5973,1369.8996979349001,1369.8996979349001
5974,1197.402974525178,1197.402974525178
5975,768.4343801805885,768.4343801805885
5976,458.50092250000273,458.50092250000273
5977,285.471056666667,285.471056666667
5978,256.1875675,256.1875675
5979,257.21673083333326,257.21673083333326
5980,261.6292258333333,261.6292258333333
5981,268.0501725000001,268.0501725000001
5982,355.6613974472629,355.6613974472629
5983,495.2153912466207,495.2153912466207
5984,638.703439644653,638.703439644653
5985,742.7498352542156,742.7498352542156
5986,1241.6833256937152,1241.6833256937152
5987,1455.0383660527646,1455.0383660527646
5988,1435.3943085878027,1435.3943085878027
5989,1193.982266021593,1193.982266021593
5990,1347.8419660649342,1347.8419660649342
5991,618.5991012263025,618.5991012263025
5992,566.277407500001,566.277407500001
5993,607.7356133333345,607.7356133333345
5994,623.8192008333356,623.8192008333356
5995,749.1025169241575,749.1025169241575
5996,1284.6316882308147,1284.6316882308147
5997,1648.3176483738885,1648.3176483738885
5998,1276.5065931573736,1276.5065931573736
5999,726.4886813970361,726.4886813970361
6000,467.28229000000266,467.28229000000266
6001,288.60467083333396,288.60467083333396
6002,267.10423333333324,267.10423333333324
6003,265.1209141666665,265.1209141666665
6004,270.5958766666666,270.5958766666666
6005,279.6327467817186,279.6327467817186
6006,379.48914252992415,379.48914252992415
6007,508.70243531982896,508.70243531982896
6008,607.4898445870871,607.4898445870871
6009,727.9770045030705,727.9770045030705
6010,660.3076897037995,660.3076897037995
6011,657.8652216028411,657.8652216028411
6012,578.763542020095,578.763542020095
6013,1030.3102970441585,1030.3102970441585
6014,998.1431601114226,998.1431601114226
6015,612.8642302356865,612.8642302356865
6016,543.022315000001,543.022315000001
6017,578.883342500001,578.883342500001
6018,603.877184166669,603.877184166669
6019,707.3830628748846,707.3830628748846
6020,1251.3446452854755,1251.3446452854755
6021,1404.907617862671,1404.907617862671
6022,1201.3212974058176,1201.3212974058176
6023,743.2040058056575,743.2040058056575
6024,470.0031616666692,470.0031616666692
6025,300.5271925000004,300.5271925000004
6026,279.3542133333332,279.3542133333332
6027,281.8625625,281.8625625
6028,281.9583766666666,281.9583766666666
6029,297.0505000914557,297.0505000914557
6030,371.7479132689043,371.7479132689043
6031,486.40528547454636,486.40528547454636
6032,716.305299166676,716.305299166676
6033,834.594657370703,834.594657370703
6034,678.7518357465095,678.7518357465095
6035,620.5323565647731,620.5323565647731
6036,584.7608596757016,584.7608596757016
6037,1000.565871032218,1000.565871032218
6038,1089.799543245667,1089.799543245667
6039,650.051836862222,650.051836862222
6040,538.4395108333346,538.4395108333346
6041,582.3105683333346,582.3105683333346
6042,635.4391433333356,635.4391433333356
6043,753.0489168071356,753.0489168071356
6044,1157.677451970895,1157.677451970895
6045,1423.277282387533,1423.277282387533
6046,1306.4732365282941,1306.4732365282941
6047,713.484805174106,713.484805174106
6048,476.53166250000254,476.53166250000254
6049,294.36389083333376,294.36389083333376
6050,271.7292533333333,271.7292533333333
6051,267.0042308333332,267.0042308333332
6052,273.2708816666665,273.2708816666665
6053,287.3275657941987,287.3275657941987
6054,362.02585318485296,362.02585318485296
6055,432.1098962651363,432.1098962651363
6056,658.2219354311695,658.2219354311695
6057,811.5549618972086,811.5549618972086
6058,709.2585010751991,709.2585010751991
6059,671.1424109519076,671.1424109519076
6060,619.523245733121,619.523245733121
6061,973.0864635046341,973.0864635046341
6062,1178.677847830424,1178.677847830424
6063,676.569389034833,676.569389034833
6064,562.8683258333346,562.8683258333346
6065,591.8306458333345,591.8306458333345
6066,592.6214091666691,592.6214091666691
6067,674.047447198361,674.047447198361
6068,1115.0840593702335,1115.0840593702335
6069,1292.6873550263351,1292.6873550263351
6070,1310.9683195659895,1310.9683195659895
6071,664.076785369955,664.076785369955
6072,483.8896308333361,483.8896308333361
6073,285.9161925000005,285.9161925000005
6074,270.05006249999997,270.05006249999997
6075,260.6667383333333,260.6667383333333
6076,264.47088666666656,264.47088666666656
6077,274.0210008333335,274.0210008333335
6078,332.6038826893504,332.6038826893504
6079,518.4016263210325,518.4016263210325
6080,709.0377790116255,709.0377790116255
6081,684.3756608881961,684.3756608881961
6082,738.8425334839001,738.8425334839001
6083,580.455226437271,580.455226437271
6084,593.903711472904,593.903711472904
6085,1062.1439902072186,1062.1439902072186
6086,1065.8882859909631,1065.8882859909631
6087,580.6857157059925,580.6857157059925
6088,563.2186833333345,563.2186833333345
6089,603.595460000001,603.595460000001
6090,645.3389566666691,645.3389566666691
6091,712.360508154247,712.360508154247
6092,1527.1348176421652,1527.1348176421652
6093,1364.107000447612,1364.107000447612
6094,1392.5890569722233,1392.5890569722233
6095,722.4325245123471,722.4325245123471
6096,490.8268616666694,490.8268616666694
6097,299.0169966666671,299.0169966666671
6098,259.2834116666666,259.2834116666666
6099,264.7125724999999,264.7125724999999
6100,275.3083791666665,275.3083791666665
6101,286.0334858333334,286.0334858333334
6102,340.8101927441087,340.8101927441087
6103,483.030554726522,483.030554726522
6104,670.8200981259896,670.8200981259896
6105,819.947732153018,819.947732153018
6106,649.8287681884881,649.8287681884881
6107,596.708661318976,596.708661318976
6108,589.9949691190785,589.9949691190785
6109,996.8964247067865,996.8964247067865
6110,924.7777233841615,924.7777233841615
6111,576.611353377865,576.611353377865
6112,526.0564008333345,526.0564008333345
6113,559.9399483333345,559.9399483333345
6114,617.030282500002,617.030282500002
6115,764.1530507191925,764.1530507191925
6116,1311.4679457029035,1311.4679457029035
6117,1426.6936778518636,1426.6936778518636
6118,1481.1101510084627,1481.1101510084627
6119,768.6712414501201,768.6712414501201
6120,466.0243841666691,466.0243841666691
6121,272.73788833333396,272.73788833333396
6122,256.9584041666666,256.9584041666666
6123,264.0875624999998,264.0875624999998
6124,278.6875449999999,278.6875449999999
6125,290.1293641666668,290.1293641666668
6126,387.3513519284173,387.3513519284173
6127,514.779045867392,514.779045867392
6128,702.4691967404465,702.4691967404465
6129,932.717070869441,932.717070869441
6130,1241.6861160261142,1241.6861160261142
6131,1611.0205121067236,1611.0205121067236
6132,1191.264253311963,1191.264253311963
6133,1272.740883893598,1272.740883893598
6134,1339.4922342053012,1339.4922342053012
6135,626.7148539284645,626.7148539284645
6136,544.6527008333345,544.6527008333345
6137,562.2376941666674,562.2376941666674
6138,613.8939950000025,613.8939950000025
6139,729.2027556366486,729.2027556366486
6140,1333.8199177555591,1333.8199177555591
6141,1738.3630469130476,1738.3630469130476
6142,1442.3680011584436,1442.3680011584436
6143,731.5868675177535,731.5868675177535
6144,499.66468833333624,499.66468833333624
6145,298.27783083333395,298.27783083333395
6146,270.80840166666655,270.80840166666655
6147,270.4458841666664,270.4458841666664
6148,286.5125324999999,286.5125324999999
6149,294.00432916666676,294.00432916666676
6150,354.6542400721526,354.6542400721526
6151,546.2849298956855,546.2849298956855
6152,682.725298241754,682.725298241754
6153,878.9200201772405,878.9200201772405
6154,1286.2084896612755,1286.2084896612755
6155,1612.8283931848307,1612.8283931848307
6156,1156.5461162180786,1156.5461162180786
6157,1173.087644369327,1173.087644369327
6158,901.6330364705426,901.6330364705426
6159,604.4998325090686,604.4998325090686
6160,547.6732733333346,547.6732733333346
6161,569.2391866666679,569.2391866666679
6162,662.3277975000026,662.3277975000026
6163,753.4455942801795,753.4455942801795
6164,1349.4469778208027,1349.4469778208027
6165,1602.795766030956,1602.795766030956
6166,1435.0600701263766,1435.0600701263766
6167,800.541080396905,800.541080396905
6168,481.3890583333362,481.3890583333362
6169,294.73365416666724,294.73365416666724
6170,259.80841916666645,259.80841916666645
6171,274.5583941666666,274.5583941666666
6172,273.0458816666666,273.0458816666666
6173,286.4891503490123,286.4891503490123
6174,346.0097813676068,346.0097813676068
6175,562.7749864366491,562.7749864366491
6176,646.699051894206,646.699051894206
6177,701.2601245129825,701.2601245129825
6178,728.4364573315265,728.4364573315265
6179,658.196119331521,658.196119331521
6180,600.1217598121896,600.1217598121896
6181,1176.7892939297215,1176.7892939297215
6182,1107.6164810102541,1107.6164810102541
6183,636.52850020576,636.52850020576
6184,540.264812500001,540.264812500001
6185,557.9272383333345,557.9272383333345
6186,599.3083558333354,599.3083558333354
6187,739.3849380853895,739.3849380853895
6188,1138.647067823462,1138.647067823462
6189,1625.2619213704986,1625.2619213704986
6190,1531.567859609802,1531.567859609802
6191,748.6730889422536,748.6730889422536
6192,484.2620050000027,484.2620050000027
6193,315.2495000000006,315.2495000000006
6194,265.4084016666666,265.4084016666666
6195,275.4084041666667,275.4084041666667
6196,280.30420333333313,280.30420333333313
6197,280.8502608333334,280.8502608333334
6198,379.0229300510387,379.0229300510387
6199,484.5612319873045,484.5612319873045
6200,659.7604545127836,659.7604545127836
6201,742.0367249413935,742.0367249413935
6202,645.423865957321,645.423865957321
6203,625.670061465977,625.670061465977
6204,571.4437508985275,571.4437508985275
6205,1248.4979739766625,1248.4979739766625
6206,1185.05631389259,1185.05631389259
6207,648.7331347172535,648.7331347172535
6208,557.6687141666675,557.6687141666675
6209,611.7985150000011,611.7985150000011
6210,630.394615833335,630.394615833335
6211,700.0541940975105,700.0541940975105
6212,1152.6197469053136,1152.6197469053136
6213,1349.159979252854,1349.159979252854
6214,1225.009120602911,1225.009120602911
6215,754.9592676704601,754.9592676704601
6216,529.192238333336,529.192238333336
6217,291.2746900000004,291.2746900000004
6218,268.97090916666656,268.97090916666656
6219,278.9042133333332,278.9042133333332
6220,285.00004249999984,285.00004249999984
6221,300.4126633333333,300.4126633333333
6222,325.3395717597624,325.3395717597624
6223,516.2213407981405,516.2213407981405
6224,718.211796349635,718.211796349635
6225,764.153557972425,764.153557972425
6226,874.4977637613,874.4977637613
6227,635.867997068423,635.867997068423
6228,584.3785371743136,584.3785371743136
6229,1028.7744442575874,1028.7744442575874
6230,1194.818048080204,1194.818048080204
6231,623.6306130123651,623.6306130123651
6232,550.7683208333345,550.7683208333345
6233,604.0172266666681,604.0172266666681
6234,633.368229166669,633.368229166669
6235,772.9279264833516,772.9279264833516
6236,1222.029691976336,1222.029691976336
6237,1301.4769360088367,1301.4769360088367
6238,1299.917652359168,1299.917652359168
6239,704.8391999418795,704.8391999418795
6240,471.0416708333359,471.0416708333359
6241,304.5470258333337,304.5470258333337
6242,265.4084016666666,265.4084016666666
6243,270.18755749999985,270.18755749999985
6244,283.86254499999995,283.86254499999995
6245,279.8867213850883,279.8867213850883
6246,377.6045636969028,377.6045636969028
6247,460.8638710942338,460.8638710942338
6248,638.3663735194176,638.3663735194176
6249,792.3501708192746,792.3501708192746
6250,670.0139485472521,670.0139485472521
6251,603.8587526780191,603.8587526780191
6252,609.613316756142,609.613316756142
6253,998.1920706721876,998.1920706721876
6254,1190.9680455346765,1190.9680455346765
6255,594.310250080857,594.310250080857
6256,523.935685833334,523.935685833334
6257,564.3105991666675,564.3105991666675
6258,632.8565800000025,632.8565800000025
6259,736.994801422966,736.994801422966
6260,1184.7766533487,1184.7766533487
6261,1463.825635594203,1463.825635594203
6262,1172.9606079029224,1172.9606079029224
6263,785.147929369367,785.147929369367
6264,474.44524750000284,474.44524750000284
6265,297.1653708333338,297.1653708333338
6266,270.15839666666653,270.15839666666653
6267,266.0875675,266.0875675
6268,277.9083766666666,277.9083766666666
6269,279.67916211049686,279.67916211049686
6270,362.34811566231673,362.34811566231673
6271,540.9053826435196,540.9053826435196
6272,696.511496508858,696.511496508858
6273,722.791763030918,722.791763030918
6274,719.6033782013635,719.6033782013635
6275,671.3686654773496,671.3686654773496
6276,620.5107323187331,620.5107323187331
6277,1104.418637038892,1104.418637038892
6278,1065.1961714763736,1065.1961714763736
6279,587.1778695857236,587.1778695857236
6280,549.1937091666675,549.1937091666675
6281,557.8675358333345,557.8675358333345
6282,609.8186225000021,609.8186225000021
6283,751.266697082278,751.266697082278
6284,1297.1700813424022,1297.1700813424022
6285,1526.412233451193,1526.412233451193
6286,1349.2739857726747,1349.2739857726747
6287,715.8635413082466,715.8635413082466
6288,461.1293450000025,461.1293450000025
6289,289.33793500000047,289.33793500000047
6290,254.4625749999999,254.4625749999999
6291,262.3458841666667,262.3458841666667
6292,264.3958791666666,264.3958791666666
6293,266.5835124999999,266.5835124999999
6294,382.26392838350296,382.26392838350296
6295,515.5973951781986,515.5973951781986
6296,739.85034109323,739.85034109323
6297,922.4620597183016,922.4620597183016
6298,1223.683016995832,1223.683016995832
6299,1491.7483257517342,1491.7483257517342
6300,1269.0951322352137,1269.0951322352137
6301,1229.907519485639,1229.907519485639
6302,1037.0270470805776,1037.0270470805776
6303,589.6087993677265,589.6087993677265
6304,552.0358116666675,552.0358116666675
6305,597.8685083333345,597.8685083333345
6306,620.764190000002,620.764190000002
6307,747.4948997073175,747.4948997073175
6308,1151.373240956065,1151.373240956065
6309,1356.3354257685196,1356.3354257685196
6310,1169.2056482186106,1169.2056482186106
6311,685.0284698718565,685.0284698718565
6312,501.6197066666695,501.6197066666695
6313,314.3286308333338,314.3286308333338
6314,269.36256499999996,269.36256499999996
6315,256.62506999999994,256.62506999999994
6316,273.44172583333324,273.44172583333324
6317,286.96433262709223,286.96433262709223
6318,393.16096998252743,393.16096998252743
6319,454.17045759086614,454.17045759086614
6320,677.0482107209605,677.0482107209605
6321,889.5714428003525,889.5714428003525
6322,1349.714187215307,1349.714187215307
6323,1598.4340356019366,1598.4340356019366
6324,1095.6647038362214,1095.6647038362214
6325,1431.448374294193,1431.448374294193
6326,1187.523224703633,1187.523224703633
6327,592.5861517434121,592.5861517434121
6328,575.726807500001,575.726807500001
6329,607.362379166668,607.362379166668
6330,653.9481975000026,653.9481975000026
6331,723.624144540145,723.624144540145
6332,1101.1169126705952,1101.1169126705952
6333,1352.600768937574,1352.600768937574
6334,1331.130454519237,1331.130454519237
6335,692.9383664727541,692.9383664727541
6336,474.0715691666693,474.0715691666693
6337,337.1036083333338,337.1036083333338
6338,271.49592166666656,271.49592166666656
6339,286.5334066666664,286.5334066666664
6340,290.9125299999999,290.9125299999999
6341,295.11943568402734,295.11943568402734
6342,384.4259247990983,384.4259247990983
6343,468.7780404166824,468.7780404166824
6344,726.4057916926155,726.4057916926155
6345,760.06074275424,760.06074275424
6346,702.1586114021395,702.1586114021395
6347,638.2929845384115,638.2929845384115
6348,587.0144387153321,587.0144387153321
6349,1142.9921812263535,1142.9921812263535
6350,1084.636379920535,1084.636379920535
6351,585.6735516447175,585.6735516447175
6352,566.7058908333346,566.7058908333346
6353,613.4196008333346,613.4196008333346
6354,646.9162375000026,646.9162375000026
6355,738.176148676288,738.176148676288
6356,1333.7916592563215,1333.7916592563215
6357,1742.9775217583456,1742.9775217583456
6358,1475.132814051132,1475.132814051132
6359,804.5442897848606,804.5442897848606
6360,536.393573333336,536.393573333336
6361,295.3784650000003,295.3784650000003
6362,273.0667558333332,273.0667558333332
6363,265.0333866666666,265.0333866666666
6364,274.64171083333326,274.64171083333326
6365,273.8710091666666,273.8710091666666
6366,376.8078226319759,376.8078226319759
6367,555.4781135334105,555.4781135334105
6368,611.5075121097819,611.5075121097819
6369,697.6620364105486,697.6620364105486
6370,732.729411115205,732.729411115205
6371,586.758311093401,586.758311093401
6372,573.9079120512915,573.9079120512915
6373,1017.9395225155146,1017.9395225155146
6374,1073.4791677111111,1073.4791677111111
6375,625.538250839587,625.538250839587
6376,546.739967500001,546.739967500001
6377,608.0228533333345,608.0228533333345
6378,610.787004166669,610.787004166669
6379,712.974856828224,712.974856828224
6380,1084.4564286398925,1084.4564286398925
6381,1403.0712640032896,1403.0712640032896
6382,1214.152880826552,1214.152880826552
6383,742.7196414554201,742.7196414554201
6384,480.87414000000257,480.87414000000257
6385,284.9538200000006,284.9538200000006
6386,262.72089916666664,262.72089916666664
6387,272.2125574999999,272.2125574999999
6388,263.9583766666666,263.9583766666666
6389,280.0876850000001,280.0876850000001
6390,329.2328120117594,329.2328120117594
6391,497.301042380103,497.301042380103
6392,685.01655492259,685.01655492259
6393,742.0653426246195,742.0653426246195
6394,797.683026636285,797.683026636285
6395,623.163847537809,623.163847537809
6396,584.8794579836734,584.8794579836734
6397,870.9069647945112,870.9069647945112
6398,1190.2512176269327,1190.2512176269327
6399,668.8202715174871,668.8202715174871
6400,562.3098916666676,562.3098916666676
6401,582.110730000001,582.110730000001
6402,619.0798258333356,619.0798258333356
6403,697.600703944174,697.600703944174
6404,1359.4116126524216,1359.4116126524216
6405,1679.0377959770763,1679.0377959770763
6406,1393.4563365490922,1393.4563365490922
6407,725.5797100970676,725.5797100970676
6408,467.9350991666691,467.9350991666691
6409,267.77124250000037,267.77124250000037
6410,256.7833941666667,256.7833941666667
6411,248.42923333333326,248.42923333333326
6412,266.2958816666666,266.2958816666666
6413,268.4905085659174,268.4905085659174
6414,345.0972434680805,345.0972434680805
6415,572.7559352508,572.7559352508
6416,610.7615652329736,610.7615652329736
6417,730.013631575585,730.013631575585
6418,740.1987879779085,740.1987879779085
6419,608.3771536550296,608.3771536550296
6420,580.092129322593,580.092129322593
6421,903.5598363417405,903.5598363417405
6422,1191.3614481974334,1191.3614481974334
6423,625.2064228090205,625.2064228090205
6424,563.352190000001,563.352190000001
6425,584.4357575000015,584.4357575000015
6426,652.9316058333355,652.9316058333355
6427,796.447949141811,796.447949141811
6428,1083.328772682993,1083.328772682993
6429,1534.7308078603992,1534.7308078603992
6430,1328.0433937788466,1328.0433937788466
6431,752.8503458935115,752.8503458935115
6432,463.4212575000025,463.4212575000025
6433,292.1377850000005,292.1377850000005
6434,260.0917408333334,260.0917408333334
6435,273.5125674999999,273.5125674999999
6436,283.5667258333333,283.5667258333333
6437,283.22929833333336,283.22929833333336
6438,327.8447117488456,327.8447117488456
6439,571.498004655557,571.498004655557
6440,614.835802679358,614.835802679358
6441,758.2663749709586,758.2663749709586
6442,594.6153998179285,594.6153998179285
6443,696.035538035347,696.035538035347
6444,568.580010626216,568.580010626216
6445,904.7101927506245,904.7101927506245
6446,1137.7852814383666,1137.7852814383666
6447,627.3592356990371,627.3592356990371
6448,551.105720833334,551.105720833334
6449,575.123394166668,575.123394166668
6450,592.906751666669,592.906751666669
6451,723.1813409154726,723.1813409154726
6452,1300.4434425561901,1300.4434425561901
6453,1358.1984994655295,1358.1984994655295
6454,1273.9602860874247,1273.9602860874247
6455,758.1111519971441,758.1111519971441
6456,500.6038741666696,500.6038741666696
6457,285.6688708333338,285.6688708333338
6458,263.5334166666666,263.5334166666666
6459,273.6125474999999,273.6125474999999
6460,277.6208666666666,277.6208666666666
6461,280.720945,280.720945
6462,325.9426384894652,325.9426384894652
6463,523.4258795754461,523.4258795754461
6464,658.97103998211,658.97103998211
6465,887.1925471973035,887.1925471973035
6466,1185.6770329794597,1185.6770329794597
6467,1508.774350076577,1508.774350076577
6468,1302.9726834526107,1302.9726834526107
6469,1163.721663762575,1163.721663762575
6470,1160.9848381883864,1160.9848381883864
6471,599.1988109572425,599.1988109572425
6472,533.739582500001,533.739582500001
6473,571.2905550000011,571.2905550000011
6474,636.4731175000026,636.4731175000026
6475,764.7134118729115,764.7134118729115
6476,1263.227609743099,1263.227609743099
6477,1460.587888170284,1460.587888170284
6478,1295.7049981133691,1295.7049981133691
6479,773.9513848367101,773.9513848367101
6480,490.0852033333358,490.0852033333358
6481,296.561163333334,296.561163333334
6482,269.04591666666664,269.04591666666664
6483,279.1625399999998,279.1625399999998
6484,272.65420333333327,272.65420333333327
6485,298.2132451263831,298.2132451263831
6486,351.481736442452,351.481736442452
6487,476.09451826371827,476.09451826371827
6488,731.5233138057965,731.5233138057965
6489,840.7861555220811,840.7861555220811
6490,1295.4752605845356,1295.4752605845356
6491,1675.1208218410536,1675.1208218410536
6492,1102.956634281161,1102.956634281161
6493,1408.460509426548,1408.460509426548
6494,1186.914021621107,1186.914021621107
6495,559.817944261854,559.817944261854
6496,547.9191858333346,547.9191858333346
6497,558.0551400000011,558.0551400000011
6498,628.663995000002,628.663995000002
6499,737.1092791352245,737.1092791352245
6500,1256.2692565877815,1256.2692565877815
6501,1538.2419362896326,1538.2419362896326
6502,1364.3296388243434,1364.3296388243434
6503,707.4627717270555,707.4627717270555
6504,453.2168591666692,453.2168591666692
6505,271.77704416666734,271.77704416666734
6506,247.32922833333333,247.32922833333333
6507,262.37504499999994,262.37504499999994
6508,259.3833916666666,259.3833916666666
6509,278.90793500971466,278.90793500971466
6510,331.21253933890387,331.21253933890387
6511,471.9905083911638,471.9905083911638
6512,753.3516673707131,753.3516673707131
6513,714.6418120230536,714.6418120230536
6514,664.843885192226,664.843885192226
6515,619.6070077894501,619.6070077894501
6516,610.6981514886664,610.6981514886664
6517,1135.567011924661,1135.567011924661
6518,1092.40633614322,1092.40633614322
6519,634.012368950349,634.012368950349
6520,544.7726716666675,544.7726716666675
6521,585.1604333333345,585.1604333333345
6522,617.113376666669,617.113376666669
6523,667.5369711379416,667.5369711379416
6524,1214.9684460882931,1214.9684460882931
6525,1388.078304132982,1388.078304132982
6526,1354.866778590902,1354.866778590902
6527,758.3763421545366,758.3763421545366
6528,481.41878083333614,481.41878083333614
6529,268.47449333333395,268.47449333333395
6530,238.91672333333332,238.91672333333332
6531,255.06673333333322,255.06673333333322
6532,256.83338416666663,256.83338416666663
6533,275.8354032500867,275.8354032500867
6534,366.3549277103961,366.3549277103961
6535,566.9786558203621,566.9786558203621
6536,705.2786670964861,705.2786670964861
6537,755.8855133992776,755.8855133992776
6538,668.0567683478566,668.0567683478566
6539,675.3938208546571,675.3938208546571
6540,568.529400914433,568.529400914433
6541,930.7231812029415,930.7231812029415
6542,977.0467880179326,977.0467880179326
6543,582.9591908712711,582.9591908712711
6544,551.3770558333346,551.3770558333346
6545,584.1443608333345,584.1443608333345
6546,624.618544166669,624.618544166669
6547,721.2162263638851,721.2162263638851
6548,1335.8014302558247,1335.8014302558247
6549,1546.308054878313,1546.308054878313
6550,1189.650827330537,1189.650827330537
6551,771.692979630366,771.692979630366
6552,483.84008047295896,483.84008047295896
6553,289.81608416666705,289.81608416666705
6554,254.83340166666667,254.83340166666667
6555,276.9583866666667,276.9583866666667
6556,277.70839416666655,277.70839416666655
6557,299.9021917908986,299.9021917908986
6558,403.4625942591242,403.4625942591242
6559,482.34953335430976,482.34953335430976
6560,597.2025710017265,597.2025710017265
6561,716.6364986159765,716.6364986159765
6562,710.9469800661946,710.9469800661946
6563,625.7700850391266,625.7700850391266
6564,603.7628671484066,603.7628671484066
6565,1107.2182666225785,1107.2182666225785
6566,1149.1645034722376,1149.1645034722376
6567,629.6563671160981,629.6563671160981
6568,517.973312500001,517.973312500001
6569,582.224154166668,582.224154166668
6570,610.7389508333355,610.7389508333355
6571,684.9286850996991,684.9286850996991
6572,1355.8078008524076,1355.8078008524076
6573,1588.2234908703601,1588.2234908703601
6574,1226.572601326472,1226.572601326472
6575,845.0768006303996,845.0768006303996
6576,498.8378908333358,498.8378908333358
6577,324.04437000000047,324.04437000000047
6578,277.2209016666666,277.2209016666666
6579,281.6583916666665,281.6583916666665
6580,282.6250449999999,282.6250449999999
6581,280.07515833333326,280.07515833333326
6582,346.0886364489586,346.0886364489586
6583,427.0559458729101,427.0559458729101
6584,648.545630479737,648.545630479737
6585,780.3673730460065,780.3673730460065
6586,665.1832049395766,665.1832049395766
6587,646.4465270291726,646.4465270291726
6588,589.168025213821,589.168025213821
6589,1047.562673712321,1047.562673712321
6590,1327.9446640240192,1327.9446640240192
6591,616.624201027191,616.624201027191
6592,547.4270058333345,547.4270058333345
6593,613.7686591666675,613.7686591666675
6594,620.0181875000021,620.0181875000021
6595,687.9991489725276,687.9991489725276
6596,1140.6008401809615,1140.6008401809615
6597,1691.1427933123896,1691.1427933123896
6598,1358.393479579256,1358.393479579256
6599,792.7019716121185,792.7019716121185
6600,493.68203833333587,493.68203833333587
6601,295.62702083333375,295.62702083333375
6602,253.94592166666666,253.94592166666666
6603,278.0458941666666,278.0458941666666
6604,273.38754749999987,273.38754749999987
6605,289.2376875000001,289.2376875000001
6606,347.3713854127641,347.3713854127641
6607,532.885439345044,532.885439345044
6608,725.5372979981621,725.5372979981621
6609,669.7119695689771,669.7119695689771
6610,701.120947229532,701.120947229532
6611,624.2570110189006,624.2570110189006
6612,620.9152723275265,620.9152723275265
6613,1127.516857321446,1127.516857321446
6614,1278.703780711429,1278.703780711429
6615,642.0020389274661,642.0020389274661
6616,543.8690308333345,543.8690308333345
6617,571.231630000001,571.231630000001
6618,580.1043658333355,580.1043658333355
6619,690.9766239957615,690.9766239957615
6620,1318.477219337844,1318.477219337844
6621,1381.6878174714395,1381.6878174714395
6622,1428.7812977620522,1428.7812977620522
6623,805.587955704366,805.587955704366
6624,501.299773333336,501.299773333336
6625,291.69306166666723,291.69306166666723
6626,276.78756499999986,276.78756499999986
6627,275.69172583333335,275.69172583333335
6628,280.99588916666653,280.99588916666653
6629,296.08668058402446,296.08668058402446
6630,388.7466565171388,388.7466565171388
6631,527.587574736579,527.587574736579
6632,620.9162150105881,620.9162150105881
6633,683.8089048462975,683.8089048462975
6634,751.15641985766,751.15641985766
6635,715.4084381912655,715.4084381912655
6636,595.1399176588556,595.1399176588556
6637,1165.6844869381891,1165.6844869381891
6638,1215.8193672758896,1215.8193672758896
6639,606.534267824167,606.534267824167
6640,545.6769333333344,545.6769333333344
6641,578.475036666668,578.475036666668
6642,587.740842500002,587.740842500002
6643,719.886631909215,719.886631909215
6644,1247.6716357394987,1247.6716357394987
6645,1432.390006405305,1432.390006405305
6646,1387.415533267211,1387.415533267211
6647,795.4442006545386,795.4442006545386
6648,501.57576000000256,501.57576000000256
6649,279.4852383333338,279.4852383333338
6650,272.9709191666666,272.9709191666666
6651,272.5833841666666,272.5833841666666
6652,277.5542133333333,277.5542133333333
6653,293.95635783825145,293.95635783825145
6654,427.53739891077703,427.53739891077703
6655,406.68952825589463,406.68952825589463
6656,660.8017400541061,660.8017400541061
6657,848.9800703049536,848.9800703049536
6658,692.001105083596,692.001105083596
6659,653.4453588339791,653.4453588339791
6660,632.8253195865691,632.8253195865691
6661,1127.167434901383,1127.167434901383
6662,990.2442890586722,990.2442890586722
6663,568.458378942882,568.458378942882
6664,539.3063908333346,539.3063908333346
6665,567.7746533333345,567.7746533333345
6666,617.6358308333356,617.6358308333356
6667,723.6700240463391,723.6700240463391
6668,1179.4556714669645,1179.4556714669645
6669,1423.6345792018792,1423.6345792018792
6670,1401.8158620483925,1401.8158620483925
6671,700.606959039681,700.606959039681
6672,466.5734883333361,466.5734883333361
6673,286.8211558333337,286.8211558333337
6674,266.9334116666666,266.9334116666666
6675,277.85005499999994,277.85005499999994
6676,283.71252999999984,283.71252999999984
6677,305.2042300847977,305.2042300847977
6678,404.7744980306408,404.7744980306408
6679,569.3208969798185,569.3208969798185
6680,800.662916194658,800.662916194658
6681,963.6505257688519,963.6505257688519
6682,1372.5340115940621,1372.5340115940621
6683,1595.749408230754,1595.749408230754
6684,1119.8855133546165,1119.8855133546165
6685,1213.1225121516552,1213.1225121516552
6686,1197.8697237971817,1197.8697237971817
6687,621.5489123511485,621.5489123511485
6688,536.8314066666675,536.8314066666675
6689,568.2323808333346,568.2323808333346
6690,598.0104108333355,598.0104108333355
6691,695.2778310250685,695.2778310250685
6692,1139.1498399298432,1139.1498399298432
6693,1534.905330379893,1534.905330379893
6694,1438.483293330322,1438.483293330322
6695,794.790895882089,794.790895882089
6696,507.50631416666903,507.50631416666903
6697,288.6872125000002,288.6872125000002
6698,255.45841166666662,255.45841166666662
6699,257.1208941666666,257.1208941666666
6700,268.0042108333333,268.0042108333333
6701,282.37490563089835,282.37490563089835
6702,301.5844501258633,301.5844501258633
6703,571.2343957653501,571.2343957653501
6704,714.4626599930956,714.4626599930956
6705,885.3273524570416,885.3273524570416
6706,1151.9037666842285,1151.9037666842285
6707,1543.920772024177,1543.920772024177
6708,1380.055870246666,1380.055870246666
6709,1388.01815555532,1388.01815555532
6710,1193.201407865062,1193.201407865062
6711,622.661387776552,622.661387776552
6712,557.7813083333346,557.7813083333346
6713,601.0519733333346,601.0519733333346
6714,607.606179166669,607.606179166669
6715,677.1733398146885,677.1733398146885
6716,1236.9531787240905,1236.9531787240905
6717,1442.9358190314356,1442.9358190314356
6718,1413.5471513250686,1413.5471513250686
6719,774.9706813637305,774.9706813637305
6720,494.86001416666926,494.86001416666926
6721,314.0236708333337,314.0236708333337
6722,275.6500675,275.6500675
6723,278.63338916666663,278.63338916666663
6724,266.60838666666655,266.60838666666655
6725,272.72520416666663,272.72520416666663
6726,437.0120288007679,437.0120288007679
6727,580.2481768904385,580.2481768904385
6728,674.7491930312095,674.7491930312095
6729,751.132670377946,751.132670377946
6730,757.0568087356876,757.0568087356876
6731,668.900285035119,668.900285035119
6732,567.983002463107,567.983002463107
6733,1152.486836132022,1152.486836132022
6734,906.399563242054,906.399563242054
6735,617.8916394479396,617.8916394479396
6736,557.4484683333345,557.4484683333345
6737,578.323520000001,578.323520000001
6738,627.9024141666686,627.9024141666686
6739,698.0769705427815,698.0769705427815
6740,1087.9901554651194,1087.9901554651194
6741,1512.2960795755262,1512.2960795755262
6742,1511.6875057464122,1511.6875057464122
6743,806.8191752096626,806.8191752096626
6744,497.1432275000027,497.1432275000027
6745,314.8803908333338,314.8803908333338
6746,268.9792408333333,268.9792408333333
6747,278.76255249999986,278.76255249999986
6748,278.73339166666653,278.73339166666653
6749,287.75777185789445,287.75777185789445
6750,349.85552978394935,349.85552978394935
6751,548.8188422294891,548.8188422294891
6752,663.206208694725,663.206208694725
6753,731.6544167415996,731.6544167415996
6754,653.361960839738,653.361960839738
6755,675.5890507208526,675.5890507208526
6756,565.6945330316955,565.6945330316955
6757,980.0620915256925,980.0620915256925
6758,866.6598699985376,866.6598699985376
6759,593.5956918340424,593.5956918340424
6760,535.1772766666676,535.1772766666676
6761,589.354892500001,589.354892500001
6762,599.7345558333355,599.7345558333355
6763,728.7267527846185,728.7267527846185
6764,1293.322063136334,1293.322063136334
6765,1399.7378682631897,1399.7378682631897
6766,1280.3427463644546,1280.3427463644546
6767,720.1111859339566,720.1111859339566
6768,493.69059000000254,493.69059000000254
6769,299.83519166666713,299.83519166666713
6770,262.9209041666665,262.9209041666665
6771,276.9583866666666,276.9583866666666
6772,281.6833641666666,281.6833641666666
6773,286.3005633988293,286.3005633988293
6774,368.9415812168211,368.9415812168211
6775,512.255603418713,512.255603418713
6776,625.8987250000365,625.8987250000365
6777,694.5755358261621,694.5755358261621
6778,684.0024906195715,684.0024906195715
6779,636.7257807837715,636.7257807837715
6780,572.6731013870041,572.6731013870041
6781,981.953008030616,981.953008030616
6782,1192.9576955906791,1192.9576955906791
6783,601.9727627952135,601.9727627952135
6784,552.848475000001,552.848475000001
6785,584.098923333334,584.098923333334
6786,570.9246966666691,570.9246966666691
6787,647.952557020522,647.952557020522
6788,1256.5440044059706,1256.5440044059706
6789,1683.1993577667815,1683.1993577667815
6790,1365.093181739744,1365.093181739744
6791,758.0179476294695,758.0179476294695
6792,495.681960833336,495.681960833336
6793,303.48189333333374,303.48189333333374
6794,270.6917133333332,270.6917133333332
6795,252.09588666666662,252.09588666666662
6796,273.1292208333333,273.1292208333333
6797,280.54381523268995,280.54381523268995
6798,330.1005057942029,330.1005057942029
6799,534.1028982710045,534.1028982710045
6800,570.430227218445,570.430227218445
6801,684.629870750252,684.629870750252
6802,726.462273948459,726.462273948459
6803,633.9842738719195,633.9842738719195
6804,585.367799385655,585.367799385655
6805,1059.1594249589955,1059.1594249589955
6806,1169.2754814471589,1169.2754814471589
6807,619.1630843205895,619.1630843205895
6808,544.993193333334,544.993193333334
6809,582.7165833333346,582.7165833333346
6810,576.0968891666685,576.0968891666685
6811,724.0955178397085,724.0955178397085
6812,1266.9227308985326,1266.9227308985326
6813,1498.3753587083966,1498.3753587083966
6814,1326.0614339605652,1326.0614339605652
6815,771.1871078497591,771.1871078497591
6816,493.59084666666917,493.59084666666917
6817,278.51707166666705,278.51707166666705
6818,259.63757499999997,259.63757499999997
6819,266.5583966666665,266.5583966666665
6820,267.5917258333333,267.5917258333333
6821,285.60274219306024,285.60274219306024
6822,378.9955270502116,378.9955270502116
6823,522.3414996947855,522.3414996947855
6824,740.640697965719,740.640697965719
6825,661.7065619330425,661.7065619330425
6826,617.685051747503,617.685051747503
6827,643.172562000692,643.172562000692
6828,576.499644705958,576.499644705958
6829,1023.6048459260816,1023.6048459260816
6830,1215.745707440183,1215.745707440183
6831,574.995735135373,574.995735135373
6832,543.0061066666675,543.0061066666675
6833,567.8296658333345,567.8296658333345
6834,619.0917566666685,619.0917566666685
6835,704.5661413499786,704.5661413499786
6836,1061.1682574819945,1061.1682574819945
6837,1513.770256614308,1513.770256614308
6838,1371.670414535811,1371.670414535811
6839,723.6220282038626,723.6220282038626
6840,446.48181333333605,446.48181333333605
6841,295.2037825000005,295.2037825000005
6842,253.75005999999996,253.75005999999996
6843,257.775065,257.775065
6844,261.00840416666637,261.00840416666637
6845,273.83360833333353,273.83360833333353
6846,422.5567282220772,422.5567282220772
6847,526.7931628466096,526.7931628466096
6848,662.8953579757865,662.8953579757865
6849,812.0373357513715,812.0373357513715
6850,1231.54254198132,1231.54254198132
6851,1585.3861821126065,1585.3861821126065
6852,1271.6412959175261,1271.6412959175261
6853,1278.4956446660206,1278.4956446660206
6854,1108.8335773796205,1108.8335773796205
6855,583.9495793314115,583.9495793314115
6856,544.793488333334,544.793488333334
6857,561.888185000001,561.888185000001
6858,604.701019166669,604.701019166669
6859,697.6228253983071,697.6228253983071
6860,1156.6628611179865,1156.6628611179865
6861,1485.416468489646,1485.416468489646
6862,1252.519540737064,1252.519540737064
6863,805.486160039586,805.486160039586
6864,482.3048833333359,482.3048833333359
6865,300.8520550000006,300.8520550000006
6866,279.07091416666657,279.07091416666657
6867,281.1792308333332,281.1792308333332
6868,276.1417258333333,276.1417258333333
6869,302.6835958333334,302.6835958333334
6870,402.79768661963533,402.79768661963533
6871,622.3720094140095,622.3720094140095
6872,662.882411351484,662.882411351484
6873,873.7112875107991,873.7112875107991
6874,1289.3774734451865,1289.3774734451865
6875,1709.27733411091,1709.27733411091
6876,1145.061618069798,1145.061618069798
6877,1167.6124074842396,1167.6124074842396
6878,1040.125665428157,1040.125665428157
6879,600.437337257528,600.437337257528
6880,557.7314108333345,557.7314108333345
6881,578.794921666668,578.794921666668
6882,609.5466250000021,609.5466250000021
6883,711.0846638711391,711.0846638711391
6884,1205.3888574390005,1205.3888574390005
6885,1435.3662285428106,1435.3662285428106
6886,1314.117706283507,1314.117706283507
6887,793.7455965500566,793.7455965500566
6888,486.5994866666695,486.5994866666695
6889,284.7668575000004,284.7668575000004
6890,270.0917208333332,270.0917208333332
6891,257.79175083333325,257.79175083333325
6892,274.587555,274.587555
6893,279.07541361480907,279.07541361480907
6894,371.67594966289596,371.67594966289596
6895,454.76599099552834,454.76599099552834
6896,668.0868933589416,668.0868933589416
6897,753.200257933936,753.200257933936
6898,673.2067930814675,673.2067930814675
6899,617.0503472530895,617.0503472530895
6900,574.5580789402126,574.5580789402126
6901,968.891779888849,968.891779888849
6902,1130.558342769694,1130.558342769694
6903,604.2081685247915,604.2081685247915
6904,540.797837500001,540.797837500001
6905,551.883447500001,551.883447500001
6906,585.5780316666691,585.5780316666691
6907,674.3748475860716,674.3748475860716
6908,1104.2567772212285,1104.2567772212285
6909,1492.0520252341285,1492.0520252341285
6910,1289.366268961279,1289.366268961279
6911,836.0014046472536,836.0014046472536
6912,468.6120772423226,468.6120772423226
6913,268.26364083333374,268.26364083333374
6914,247.21672833333332,247.21672833333332
6915,253.51256249999994,253.51256249999994
6916,268.4333816666665,268.4333816666665
6917,278.80019166666665,278.80019166666665
6918,316.7918322215339,316.7918322215339
6919,434.30839836771224,434.30839836771224
6920,702.41640232039,702.41640232039
6921,773.0682182739725,773.0682182739725
6922,770.2317117399856,770.2317117399856
6923,614.4582307175591,614.4582307175591
6924,603.719088711356,603.719088711356
6925,1113.61849372544,1113.61849372544
6926,1066.908660258369,1066.908660258369
6927,587.4607139184745,587.4607139184745
6928,543.102501666668,543.102501666668
6929,585.9285733333351,585.9285733333351
6930,603.197426666669,603.197426666669
6931,767.714194813781,767.714194813781
6932,1245.5719357683406,1245.5719357683406
6933,1304.345937579643,1304.345937579643
6934,1132.2723820664776,1132.2723820664776
6935,734.6157052774146,734.6157052774146
6936,458.46063416666897,458.46063416666897
6937,278.1679200000005,278.1679200000005
6938,248.31258999999991,248.31258999999991
6939,252.7667208333333,252.7667208333333
6940,271.84589666666665,271.84589666666665
6941,280.92937,280.92937
6942,343.115703005601,343.115703005601
6943,501.25512077762596,501.25512077762596
6944,664.479966573404,664.479966573404
6945,797.9908554109895,797.9908554109895
6946,740.4902070063955,740.4902070063955
6947,637.8063349837396,637.8063349837396
6948,576.1639423336605,576.1639423336605
6949,1287.8928745101457,1287.8928745101457
6950,1446.1153550742465,1446.1153550742465
6951,625.4085292829666,625.4085292829666
6952,551.5858208333341,551.5858208333341
6953,564.2591283333345,564.2591283333345
6954,591.283780000002,591.283780000002
6955,643.4672309208426,643.4672309208426
6956,1284.635307433057,1284.635307433057
6957,1615.828491266011,1615.828491266011
6958,1394.4035420480102,1394.4035420480102
6959,732.6210665685301,732.6210665685301
6960,465.5887391666695,465.5887391666695
6961,286.0345125000005,286.0345125000005
6962,265.1917558333333,265.1917558333333
6963,260.5208891666667,260.5208891666667
6964,268.7708816666665,268.7708816666665
6965,279.0376783333333,279.0376783333333
6966,347.2681049497957,347.2681049497957
6967,544.2858056055564,544.2858056055564
6968,654.9803156270991,654.9803156270991
6969,771.1111995592311,771.1111995592311
6970,698.342173998554,698.342173998554
6971,666.974252791152,666.974252791152
6972,634.4734422158621,634.4734422158621
6973,932.3634599443185,932.3634599443185
6974,1040.776753787434,1040.776753787434
6975,599.63492535728,599.63492535728
6976,541.135575000001,541.135575000001
6977,574.199842500001,574.199842500001
6978,626.2811808333355,626.2811808333355
6979,736.9355442227146,736.9355442227146
6980,1181.079785393965,1181.079785393965
6981,1584.792993102232,1584.792993102232
6982,1294.199651219373,1294.199651219373
6983,733.897450433624,733.897450433624
6984,463.2579900000026,463.2579900000026
6985,283.8428933333336,283.8428933333336
6986,265.6417333333332,265.6417333333332
6987,275.85004999999995,275.85004999999995
6988,288.98338916666654,288.98338916666654
6989,283.5293258333332,283.5293258333332
6990,335.25587575228695,335.25587575228695
6991,538.054655318522,538.054655318522
6992,694.8954324412906,694.8954324412906
6993,666.7427950599396,666.7427950599396
6994,696.4996857890266,696.4996857890266
6995,679.1246087540015,679.1246087540015
6996,558.2261768776506,558.2261768776506
6997,1152.2608323495956,1152.2608323495956
6998,1244.2744389530255,1244.2744389530255
6999,619.158569021989,619.158569021989
7000,546.3315916666675,546.3315916666675
7001,582.3305733333345,582.3305733333345
7002,597.5041016666686,597.5041016666686
7003,714.8377283968775,714.8377283968775
7004,1222.865843675931,1222.865843675931
7005,1732.9040808936907,1732.9040808936907
7006,1226.536613300095,1226.536613300095
7007,788.69993540369,788.69993540369
7008,460.59539583333583,460.59539583333583
7009,289.0337808333338,289.0337808333338
7010,261.06258250000013,261.06258250000013
7011,259.6167008333332,259.6167008333332
7012,266.2917158333332,266.2917158333332
7013,281.26268166666665,281.26268166666665
7014,314.6558225720771,314.6558225720771
7015,497.4303574772793,497.4303574772793
7016,627.0390609596041,627.0390609596041
7017,868.2708565691776,868.2708565691776
7018,1386.4330921361407,1386.4330921361407
7019,1754.6077498628865,1754.6077498628865
7020,1087.7918338387935,1087.7918338387935
7021,1187.5896893339102,1187.5896893339102
7022,1136.1208643683615,1136.1208643683615
7023,560.7238159745996,560.7238159745996
7024,547.319027500001,547.319027500001
7025,584.4583916666675,584.4583916666675
7026,615.0938750000025,615.0938750000025
7027,677.9315798179771,677.9315798179771
7028,1117.569704353813,1117.569704353813
7029,1780.7905347322155,1780.7905347322155
7030,1451.1021015057995,1451.1021015057995
7031,767.057583842473,767.057583842473
7032,484.7754450000026,484.7754450000026
7033,301.31121250000047,301.31121250000047
7034,267.6167433333333,267.6167433333333
7035,270.37923083333317,270.37923083333317
7036,284.02503499999995,284.02503499999995
7037,286.02124297645014,286.02124297645014
7038,355.93387903450287,355.93387903450287
7039,458.95740004751707,458.95740004751707
7040,650.4118882395176,650.4118882395176
7041,897.7160960953696,897.7160960953696
7042,1345.8664289563426,1345.8664289563426
7043,1488.3902867031875,1488.3902867031875
7044,1190.70719515888,1190.70719515888
7045,1441.4669197236421,1441.4669197236421
7046,1186.3742273891805,1186.3742273891805
7047,613.288967239777,613.288967239777
7048,534.7815833333345,534.7815833333345
7049,571.846720000001,571.846720000001
7050,573.1991883333355,573.1991883333355
7051,690.5456121099196,690.5456121099196
7052,1224.8532285123686,1224.8532285123686
7053,1695.0647917334716,1695.0647917334716
7054,1535.786602013155,1535.786602013155
7055,849.8708044547861,849.8708044547861
7056,501.9524900000025,501.9524900000025
7057,280.05963916666707,280.05963916666707
7058,277.6000599999999,277.6000599999999
7059,267.1583891666665,267.1583891666665
7060,275.73338416666655,275.73338416666655
7061,283.27519166666673,283.27519166666673
7062,364.73001453454253,364.73001453454253
7063,476.61059602121844,476.61059602121844
7064,639.328719626637,639.328719626637
7065,853.465420672268,853.465420672268
7066,702.1231580632935,702.1231580632935
7067,666.6858835973485,666.6858835973485
7068,627.61751156706,627.61751156706
7069,866.3362479138376,866.3362479138376
7070,1133.1910882943237,1133.1910882943237
7071,575.6131969300285,575.6131969300285
7072,540.4141933333345,540.4141933333345
7073,567.719651666668,567.719651666668
7074,592.4810875309535,592.4810875309535
7075,715.2277839261236,715.2277839261236
7076,1216.507938383133,1216.507938383133
7077,1654.1843058196378,1654.1843058196378
7078,1280.3593008696907,1280.3593008696907
7079,810.545960537319,810.545960537319
7080,495.643228333336,495.643228333336
7081,282.6652800000004,282.6652800000004
7082,250.32506999999998,250.32506999999998
7083,259.0542458333335,259.0542458333335
7084,273.9750424999999,273.9750424999999
7085,289.0813718268416,289.0813718268416
7086,346.6084603247109,346.6084603247109
7087,490.979017131981,490.979017131981
7088,708.3800645874701,708.3800645874701
7089,704.2367856342021,704.2367856342021
7090,708.741145037363,708.741145037363
7091,672.3532629548561,672.3532629548561
7092,603.1352207100285,603.1352207100285
7093,934.177614115386,934.177614115386
7094,1038.1397640170956,1038.1397640170956
7095,580.8449523950545,580.8449523950545
7096,548.514451666668,548.514451666668
7097,585.8804383333345,585.8804383333345
7098,610.9744425000025,610.9744425000025
7099,698.5268536787485,698.5268536787485
7100,1094.4567520429155,1094.4567520429155
7101,1620.7384008440786,1620.7384008440786
7102,1635.867036350175,1635.867036350175
7103,786.9384660878176,786.9384660878176
7104,473.85108333333596,473.85108333333596
7105,297.53022666666715,297.53022666666715
7106,255.48757249999994,255.48757249999994
7107,275.5917233333332,275.5917233333332
7108,263.21255749999983,263.21255749999983
7109,285.3084941666668,285.3084941666668
7110,390.02440392739544,390.02440392739544
7111,548.177328421446,548.177328421446
7112,749.1736783049125,749.1736783049125
7113,809.55514796597,809.55514796597
7114,719.6573766144461,719.6573766144461
7115,613.825210279356,613.825210279356
7116,579.3772091481095,579.3772091481095
7117,1277.3272951983706,1277.3272951983706
7118,1051.7810234069007,1051.7810234069007
7119,570.644863945649,570.644863945649
7120,540.976775833334,540.976775833334
7121,584.6483900000011,584.6483900000011
7122,607.1317591666685,607.1317591666685
7123,652.4697869093116,652.4697869093116
7124,1259.433243247688,1259.433243247688
7125,1632.1215050284895,1632.1215050284895
7126,1508.429610979037,1508.429610979037
7127,752.4781958871275,752.4781958871275
7128,468.3161375000027,468.3161375000027
7129,308.65110583333376,308.65110583333376
7130,267.7167458333333,267.7167458333333
7131,263.45422083333324,263.45422083333324
7132,270.8916958333333,270.8916958333333
7133,276.7002233333334,276.7002233333334
7134,352.3376606315192,352.3376606315192
7135,470.65397760413737,470.65397760413737
7136,771.3618921294681,771.3618921294681
7137,770.102870365137,770.102870365137
7138,717.0084761530366,717.0084761530366
7139,630.025856178731,630.025856178731
7140,595.3372704290215,595.3372704290215
7141,1041.3804502538046,1041.3804502538046
7142,1273.8999072426266,1273.8999072426266
7143,614.307639346437,614.307639346437
7144,534.3858408333346,534.3858408333346
7145,564.541025833335,564.541025833335
7146,614.2173583333355,614.2173583333355
7147,770.062408027245,770.062408027245
7148,1300.250442720896,1300.250442720896
7149,1672.0387338893468,1672.0387338893468
7150,1381.9146692967906,1381.9146692967906
7151,774.077766593623,774.077766593623
7152,496.75896333333594,496.75896333333594
7153,284.70694500000053,284.70694500000053
7154,250.6792333333332,250.6792333333332
7155,262.23755,262.23755
7156,260.8667208333332,260.8667208333332
7157,273.43346083333336,273.43346083333336
7158,319.6393858239516,319.6393858239516
7159,532.1312510281185,532.1312510281185
7160,613.1983383745045,613.1983383745045
7161,773.2246592561426,773.2246592561426
7162,693.1498330003831,693.1498330003831
7163,602.258724993658,602.258724993658
7164,593.1228291497521,593.1228291497521
7165,1047.1794684541564,1047.1794684541564
7166,1054.7258629545106,1054.7258629545106
7167,589.5516246988476,589.5516246988476
7168,550.818872500001,550.818872500001
7169,598.7312508333346,598.7312508333346
7170,596.3891466666686,596.3891466666686
7171,730.2973092131475,730.2973092131475
7172,1040.5964261633414,1040.5964261633414
7173,1491.785656029043,1491.785656029043
7174,1320.0471149628886,1320.0471149628886
7175,770.879143454468,770.879143454468
7176,440.726443333336,440.726443333336
7177,317.2944983333337,317.2944983333337
7178,279.61256249999997,279.61256249999997
7179,277.5958941666666,277.5958941666666
7180,280.6417258333332,280.6417258333332
7181,284.0210575000002,284.0210575000002
7182,364.5878089246851,364.5878089246851
7183,530.4970315858116,530.4970315858116
7184,654.469427957858,654.469427957858
7185,877.6683293452651,877.6683293452651
7186,1297.1499822767746,1297.1499822767746
7187,1532.4985015977572,1532.4985015977572
7188,1296.8650099699596,1296.8650099699596
7189,1235.6612947715266,1235.6612947715266
7190,1189.3862800766544,1189.3862800766544
7191,605.9808617200465,605.9808617200465
7192,559.472840000001,559.472840000001
7193,593.913855000001,593.913855000001
7194,604.0579508333356,604.0579508333356
7195,674.9584843201051,674.9584843201051
7196,1176.608752425994,1176.608752425994
7197,1453.4979973156305,1453.4979973156305
7198,1399.644057755919,1399.644057755919
7199,812.3752596192285,812.3752596192285
7200,475.16301416666914,475.16301416666914
7201,293.1561883333338,293.1561883333338
7202,256.32091916666667,256.32091916666667
7203,270.4584041666666,270.4584041666666
7204,283.3208966666666,283.3208966666666
7205,295.4174040279575,295.4174040279575
7206,348.2315533490233,348.2315533490233
7207,537.2151585251605,537.2151585251605
7208,649.1640485067476,649.1640485067476
7209,923.2554381596836,923.2554381596836
7210,1301.373582988371,1301.373582988371
7211,1638.0942792668616,1638.0942792668616
7212,1232.3437865022242,1232.3437865022242
7213,1255.265750759266,1255.265750759266
7214,1104.821617806135,1104.821617806135
7215,577.7530522314015,577.7530522314015
7216,525.4772633333345,525.4772633333345
7217,575.2469391666681,575.2469391666681
7218,601.7849658333356,601.7849658333356
7219,693.2659818034606,693.2659818034606
7220,1079.976291218426,1079.976291218426
7221,1425.69258156125,1425.69258156125
7222,1411.48137102277,1411.48137102277
7223,823.8633438802276,823.8633438802276
7224,480.06662500000266,480.06662500000266
7225,295.3996175000004,295.3996175000004
7226,263.64589416666655,263.64589416666655
7227,264.70005249999986,264.70005249999986
7228,273.27504749999997,273.27504749999997
7229,276.3793308333333,276.3793308333333
7230,383.2907238420114,383.2907238420114
7231,480.2121314407935,480.2121314407935
7232,764.3071569996976,764.3071569996976
7233,701.6302414269416,701.6302414269416
7234,711.6658579428981,711.6658579428981
7235,609.5421657042356,609.5421657042356
7236,595.173129114717,595.173129114717
7237,983.0687607681095,983.0687607681095
7238,830.6840331263995,830.6840331263995
7239,594.2694008902861,594.2694008902861
7240,551.839532500001,551.839532500001
7241,588.8242025000015,588.8242025000015
7242,618.0734741666696,618.0734741666696
7243,689.6139866362255,689.6139866362255
7244,1008.3311358360911,1008.3311358360911
7245,1385.0033213198406,1385.0033213198406
7246,1306.1920207506837,1306.1920207506837
7247,754.7500339992805,754.7500339992805
7248,505.6652575000025,505.6652575000025
7249,274.8369958333337,274.8369958333337
7250,247.70424333333327,247.70424333333327
7251,259.70839416666666,259.70839416666666
7252,267.6333841666666,267.6333841666666
7253,283.0574487547637,283.0574487547637
7254,375.71840906421227,375.71840906421227
7255,543.54413732812,543.54413732812
7256,699.151755176662,699.151755176662
7257,703.526660589073,703.526660589073
7258,730.364593688958,730.364593688958
7259,604.3212409037116,604.3212409037116
7260,606.519070972146,606.519070972146
7261,1190.41985344774,1190.41985344774
7262,1284.436265175706,1284.436265175706
7263,591.4069384290441,591.4069384290441
7264,546.8939683333346,546.8939683333346
7265,575.9907633333345,575.9907633333345
7266,631.4648283333355,631.4648283333355
7267,712.2027439821836,712.2027439821836
7268,1289.645212811919,1289.645212811919
7269,1533.5165737258571,1533.5165737258571
7270,1283.5110828366835,1283.5110828366835
7271,774.3190141993235,774.3190141993235
7272,493.01980333333654,493.01980333333654
7273,313.1236175000006,313.1236175000006
7274,266.9459091666666,266.9459091666666
7275,271.8167358333332,271.8167358333332
7276,279.21671833333323,279.21671833333323
7277,288.47974595930765,288.47974595930765
7278,364.92136397041554,364.92136397041554
7279,572.8408250569281,572.8408250569281
7280,732.043336812815,732.043336812815
7281,763.569632655428,763.569632655428
7282,688.5214660300855,688.5214660300855
7283,618.25304791573,618.25304791573
7284,583.5540194531635,583.5540194531635
7285,1073.5323395810856,1073.5323395810856
7286,1302.052772315576,1302.052772315576
7287,648.987416092944,648.987416092944
7288,563.7268025000011,563.7268025000011
7289,594.315925000001,594.315925000001
7290,592.0965900000025,592.0965900000025
7291,686.8515276880305,686.8515276880305
7292,1479.650933728929,1479.650933728929
7293,1391.045093080062,1391.045093080062
7294,1289.719809295952,1289.719809295952
7295,752.506219167542,752.506219167542
7296,486.41113583333583,486.41113583333583
7297,303.2036125000005,303.2036125000005
7298,272.7458966666665,272.7458966666665
7299,262.3375524999999,262.3375524999999
7300,277.14172833333333,277.14172833333333
7301,291.32935750000007,291.32935750000007
7302,362.5349719678261,362.5349719678261
7303,489.5871665503723,489.5871665503723
7304,672.0117503291831,672.0117503291831
7305,700.8917064834341,700.8917064834341
7306,736.3939304797091,736.3939304797091
7307,618.6779177550125,618.6779177550125
7308,604.293314949454,604.293314949454
7309,1210.617757771046,1210.617757771046
7310,1191.0912791986746,1191.0912791986746
7311,615.5014830827381,615.5014830827381
7312,554.2190983333345,554.2190983333345
7313,598.144178333334,598.144178333334
7314,625.0549008333355,625.0549008333355
7315,744.4562105866755,744.4562105866755
7316,1241.8216735436436,1241.8216735436436
7317,1592.1620092609792,1592.1620092609792
7318,1450.9273440407271,1450.9273440407271
7319,770.557115394542,770.557115394542
7320,555.5534891666696,555.5534891666696
7321,277.1521500000005,277.1521500000005
7322,260.28341416666666,260.28341416666666
7323,262.0542308333333,262.0542308333333
7324,264.36671833333327,264.36671833333327
7325,285.6802753707113,285.6802753707113
7326,368.3374890807437,368.3374890807437
7327,498.61287940300275,498.61287940300275
7328,723.6004995448545,723.6004995448545
7329,724.0127299720856,724.0127299720856
7330,644.274581122238,644.274581122238
7331,664.322897234537,664.322897234537
7332,591.4242916040611,591.4242916040611
7333,981.1686379756801,981.1686379756801
7334,1190.425487186154,1190.425487186154
7335,648.3874352319481,648.3874352319481
7336,532.506729166668,532.506729166668
7337,570.735151666668,570.735151666668
7338,613.5528658333355,613.5528658333355
7339,669.944139405291,669.944139405291
7340,1102.2445174288157,1102.2445174288157
7341,1502.60345400615,1502.60345400615
7342,1294.5961647796291,1294.5961647796291
7343,806.7007101915881,806.7007101915881
7344,510.1151323658021,510.1151323658021
7345,281.8029375000005,281.8029375000005
7346,258.112565,258.112565
7347,263.7875549999998,263.7875549999998
7348,270.31669833333325,270.31669833333325
7349,272.4043241666668,272.4043241666668
7350,311.8246210624884,311.8246210624884
7351,527.1211028025066,527.1211028025066
7352,779.72007380386,779.72007380386
7353,712.2409035387695,712.2409035387695
7354,723.4389466024076,723.4389466024076
7355,638.6971341788585,638.6971341788585
7356,564.2372176935386,564.2372176935386
7357,1132.6942826098482,1132.6942826098482
7358,1074.6300536900565,1074.6300536900565
7359,596.79606666605,596.79606666605
7360,541.676637500001,541.676637500001
7361,580.364607500001,580.364607500001
7362,596.626645000002,596.626645000002
7363,724.4731149922756,724.4731149922756
7364,1311.8810339132642,1311.8810339132642
7365,1394.985175906747,1394.985175906747
7366,1281.436955443999,1281.436955443999
7367,758.33276433052,758.33276433052
7368,512.700640833336,512.700640833336
7369,313.22949916666704,313.22949916666704
7370,270.9875549999999,270.9875549999999
7371,270.6000425,270.6000425
7372,277.2458741666665,277.2458741666665
7373,282.79069036001005,282.79069036001005
7374,364.4393777841274,364.4393777841274
7375,513.0682933794435,513.0682933794435
7376,621.6698570117396,621.6698570117396
7377,789.0656159071481,789.0656159071481
7378,680.12023869866,680.12023869866
7379,640.213951195745,640.213951195745
7380,620.2254839020901,620.2254839020901
7381,1193.8603799370276,1193.8603799370276
7382,1083.5743534593885,1083.5743534593885
7383,606.363056668711,606.363056668711
7384,541.172922500001,541.172922500001
7385,594.219496666668,594.219496666668
7386,609.3249350000025,609.3249350000025
7387,716.8455272325981,716.8455272325981
7388,1143.7441189594906,1143.7441189594906
7389,1486.7070425451761,1486.7070425451761
7390,1263.6042556065856,1263.6042556065856
7391,823.4510348124321,823.4510348124321
7392,510.461610833336,510.461610833336
7393,290.55979500000046,290.55979500000046
7394,268.50005749999997,268.50005749999997
7395,251.96672333333328,251.96672333333328
7396,274.3958816666665,274.3958816666665
7397,286.8793883333334,286.8793883333334
7398,362.14944216450476,362.14944216450476
7399,578.104800815208,578.104800815208
7400,742.4715214723625,742.4715214723625
7401,712.753393931691,712.753393931691
7402,694.1702678228095,694.1702678228095
7403,597.8152596862941,597.8152596862941
7404,569.4856610993995,569.4856610993995
7405,1035.2881794308666,1035.2881794308666
7406,1072.4612005025572,1072.4612005025572
7407,594.5169823370585,594.5169823370585
7408,578.418811666668,578.418811666668
7409,568.602829166668,568.602829166668
7410,607.940486666669,607.940486666669
7411,665.3163099177245,665.3163099177245
7412,1096.6793560862159,1096.6793560862159
7413,1372.4428206683606,1372.4428206683606
7414,1346.442482662591,1346.442482662591
7415,847.9195952671251,847.9195952671251
7416,529.2241808333359,529.2241808333359
7417,286.2821516666672,286.2821516666672
7418,252.31257749999986,252.31257749999986
7419,259.2875549999999,259.2875549999999
7420,270.4708791666665,270.4708791666665
7421,280.7126750000001,280.7126750000001
7422,363.317007336681,363.317007336681
7423,563.8103495052691,563.8103495052691
7424,739.3856953270396,739.3856953270396
7425,929.7134061535535,929.7134061535535
7426,1277.530400292901,1277.530400292901
7427,1412.796672453057,1412.796672453057
7428,1235.1544292569722,1235.1544292569722
7429,1299.719694357027,1299.719694357027
7430,1325.336936379911,1325.336936379911
7431,607.699666427391,607.699666427391
7432,538.802135000001,538.802135000001
7433,579.493935000001,579.493935000001
7434,586.677865000002,586.677865000002
7435,665.0132084935495,665.0132084935495
7436,1076.644636105306,1076.644636105306
7437,1342.023326661083,1342.023326661083
7438,1263.511452887281,1263.511452887281
7439,820.7459416111135,820.7459416111135
7440,520.4292341666695,520.4292341666695
7441,304.1012341666671,304.1012341666671
7442,269.0584141666665,269.0584141666665
7443,268.4083866666666,268.4083866666666
7444,277.60005999999987,277.60005999999987
7445,285.16591611226323,285.16591611226323
7446,336.7840431031302,336.7840431031302
7447,435.43581391759193,435.43581391759193
7448,652.2854371691581,652.2854371691581
7449,980.7844164590196,980.7844164590196
7450,1281.6852552666367,1281.6852552666367
7451,1581.8678255366601,1581.8678255366601
7452,1183.4691203027976,1183.4691203027976
7453,985.3033539690725,985.3033539690725
7454,1151.685302676264,1151.685302676264
7455,590.273424051299,590.273424051299
7456,549.960632500001,549.960632500001
7457,591.7274733333345,591.7274733333345
7458,604.5388908333356,604.5388908333356
7459,693.5347986921665,693.5347986921665
7460,1214.736675469303,1214.736675469303
7461,1464.4969601324665,1464.4969601324665
7462,1454.1039127877636,1454.1039127877636
7463,836.2828113991131,836.2828113991131
7464,533.5847383333361,533.5847383333361
7465,294.5736291666671,294.5736291666671
7466,250.23756499999996,250.23756499999996
7467,261.6209166666665,261.6209166666665
7468,270.42088916666665,270.42088916666665
7469,294.8998544644266,294.8998544644266
7470,337.97924770819566,337.97924770819566
7471,565.1814843077965,565.1814843077965
7472,731.0958593367195,731.0958593367195
7473,696.4978802506625,696.4978802506625
7474,663.8858765821615,663.8858765821615
7475,642.9287305177916,642.9287305177916
7476,580.7301800108324,580.7301800108324
7477,926.2999020536356,926.2999020536356
7478,1144.975709542455,1144.975709542455
7479,638.0604718514646,638.0604718514646
7480,535.3608275000009,535.3608275000009
7481,568.7850983333345,568.7850983333345
7482,597.6784808333355,597.6784808333355
7483,683.4752042112981,683.4752042112981
7484,1158.1058105710815,1158.1058105710815
7485,1508.6193163075604,1508.6193163075604
7486,1290.7153791881872,1290.7153791881872
7487,811.279897366938,811.279897366938
7488,507.4689466666695,507.4689466666695
7489,324.18958416666715,324.18958416666715
7490,269.85007999999993,269.85007999999993
7491,275.62507249999993,275.62507249999993
7492,286.9750524999999,286.9750524999999
7493,295.0048029780268,295.0048029780268
7494,383.9801996356495,383.9801996356495
7495,526.8864460220055,526.8864460220055
7496,702.2950180350256,702.2950180350256
7497,735.24151525107,735.24151525107
7498,676.498454415322,676.498454415322
7499,594.9792252636215,594.9792252636215
7500,583.185300179704,583.185300179704
7501,1014.909895302588,1014.909895302588
7502,1035.7639809613336,1035.7639809613336
7503,595.9599146793765,595.9599146793765
7504,547.8439033333341,547.8439033333341
7505,578.943992500001,578.943992500001
7506,607.493829166669,607.493829166669
7507,631.806664199255,631.806664199255
7508,1369.7889895124797,1369.7889895124797
7509,1464.9129646861181,1464.9129646861181
7510,1273.651150188451,1273.651150188451
7511,815.6763653886596,815.6763653886596
7512,524.3683325000026,524.3683325000026
7513,273.39527500000037,273.39527500000037
7514,258.1042333333332,258.1042333333332
7515,257.91258249999987,257.91258249999987
7516,274.7417133333332,274.7417133333332
7517,278.01685583333335,278.01685583333335
7518,325.398673397056,325.398673397056
7519,493.6364473012402,493.6364473012402
7520,681.150571498426,681.150571498426
7521,743.7192208840761,743.7192208840761
7522,678.0375069642765,678.0375069642765
7523,645.7006250549616,645.7006250549616
7524,590.228363840115,590.228363840115
7525,962.6016090812946,962.6016090812946
7526,1277.5866664425585,1277.5866664425585
7527,633.197143097937,633.197143097937
7528,541.714547500001,541.714547500001
7529,593.7397966666675,593.7397966666675
7530,616.116325000002,616.116325000002
7531,695.0140549209855,695.0140549209855
7532,1282.590343928143,1282.590343928143
7533,1355.813675374513,1355.813675374513
7534,1342.4407391283082,1342.4407391283082
7535,790.7620935638765,790.7620935638765
7536,544.1046433333361,544.1046433333361
7537,298.54682833333385,298.54682833333385
7538,263.64591666666655,263.64591666666655
7539,259.8458891666666,259.8458891666666
7540,271.65836666666655,271.65836666666655
7541,281.7678907957181,281.7678907957181
7542,409.8404258495299,409.8404258495299
7543,505.13377317374756,505.13377317374756
7544,656.36170093806,656.36170093806
7545,715.801700091343,715.801700091343
7546,668.563538645238,668.563538645238
7547,612.873882285473,612.873882285473
7548,613.7607923281495,613.7607923281495
7549,1148.9066845158957,1148.9066845158957
7550,1079.3278049100895,1079.3278049100895
7551,630.384824418878,630.384824418878
7552,569.685303333334,569.685303333334
7553,601.193312500001,601.193312500001
7554,606.390681666669,606.390681666669
7555,675.5578880143405,675.5578880143405
7556,1186.4081499870406,1186.4081499870406
7557,1299.663469678275,1299.663469678275
7558,1245.7198538143275,1245.7198538143275
7559,796.174526910655,796.174526910655
7560,487.2827408333361,487.2827408333361
7561,300.80775166666706,300.80775166666706
7562,265.43758499999996,265.43758499999996
7563,275.1500324999999,275.1500324999999
7564,270.4167233333332,270.4167233333332
7565,289.47515500000003,289.47515500000003
7566,330.47075599574134,330.47075599574134
7567,469.2189494173376,469.2189494173376
7568,736.79476368112,736.79476368112
7569,682.7175500913941,682.7175500913941
7570,713.944644151363,713.944644151363
7571,625.8993346221976,625.8993346221976
7572,626.9199301368326,626.9199301368326
7573,1061.594377937464,1061.594377937464
7574,1208.7576563179787,1208.7576563179787
7575,604.2274545840136,604.2274545840136
7576,539.377050000001,539.377050000001
7577,591.8572350000011,591.8572350000011
7578,607.6995858333355,607.6995858333355
7579,701.1837593759295,701.1837593759295
7580,1327.1917111104322,1327.1917111104322
7581,1409.9141091776496,1409.9141091776496
7582,1367.996222274249,1367.996222274249
7583,761.6388742354975,761.6388742354975
7584,531.894240833336,531.894240833336
7585,282.5204208333338,282.5204208333338
7586,261.47923333333335,261.47923333333335
7587,266.01255999999984,266.01255999999984
7588,271.60839916666663,271.60839916666663
7589,284.6500907895054,284.6500907895054
7590,333.7179209692743,333.7179209692743
7591,546.7359638108765,546.7359638108765
7592,637.302246115653,637.302246115653
7593,955.6805460354565,955.6805460354565
7594,1359.7157564581225,1359.7157564581225
7595,1473.15961087284,1473.15961087284
7596,1194.9156748669236,1194.9156748669236
7597,1213.772275124053,1213.772275124053
7598,1310.1576652534695,1310.1576652534695
7599,618.247278459337,618.247278459337
7600,520.131086666668,520.131086666668
7601,574.8564050000016,574.8564050000016
7602,627.0152733333356,627.0152733333356
7603,669.0970331906701,669.0970331906701
7604,1130.151903661547,1130.151903661547
7605,1591.6949627769695,1591.6949627769695
7606,1310.5154899127972,1310.5154899127972
7607,807.794519883656,807.794519883656
7608,541.572215000003,541.572215000003
7609,285.37363583333365,285.37363583333365
7610,263.8459216666666,263.8459216666666
7611,273.57922083333324,273.57922083333324
7612,276.8458866666666,276.8458866666666
7613,279.98175909664246,279.98175909664246
7614,352.88182375357627,352.88182375357627
7615,577.0217154269361,577.0217154269361
7616,752.5610439115571,752.5610439115571
7617,857.3761450066461,857.3761450066461
7618,1313.2553804788336,1313.2553804788336
7619,1336.662168715635,1336.662168715635
7620,1224.494859569465,1224.494859569465
7621,1261.2744036820911,1261.2744036820911
7622,1367.9786715658086,1367.9786715658086
7623,625.264372427953,625.264372427953
7624,563.7189066666681,563.7189066666681
7625,571.5147141666675,571.5147141666675
7626,596.683717500002,596.683717500002
7627,680.7217277031931,680.7217277031931
7628,1240.152004125927,1240.152004125927
7629,1422.560889217717,1422.560889217717
7630,1482.902615274253,1482.902615274253
7631,799.8010561823655,799.8010561823655
7632,519.4162091666695,519.4162091666695
7633,314.0745233333339,314.0745233333339
7634,267.5209066666666,267.5209066666666
7635,271.43338916666653,271.43338916666653
7636,284.6042208333332,284.6042208333332
7637,300.8525398661176,300.8525398661176
7638,381.04583615068054,381.04583615068054
7639,554.6842565693,554.6842565693
7640,604.9948266332095,604.9948266332095
7641,690.3429415048186,690.3429415048186
7642,729.5503968792416,729.5503968792416
7643,709.6763321501405,709.6763321501405
7644,589.2757420874256,589.2757420874256
7645,1020.8167612359916,1020.8167612359916
7646,1074.749370010067,1074.749370010067
7647,603.634754516384,603.634754516384
7648,521.0480733333345,521.0480733333345
7649,543.5430775000016,543.5430775000016
7650,610.554720000002,610.554720000002
7651,667.5544143441961,667.5544143441961
7652,1012.9695096181406,1012.9695096181406
7653,1313.0373612208057,1313.0373612208057
7654,1292.0600396698105,1292.0600396698105
7655,817.0745235001685,817.0745235001685
7656,523.4958758333365,523.4958758333365
7657,304.387831666667,304.387831666667
7658,253.76257999999999,253.76257999999999
7659,269.89171583333325,269.89171583333325
7660,282.00005749999985,282.00005749999985
7661,284.1631728109165,284.1631728109165
7662,387.610459580558,387.610459580558
7663,483.82147868224547,483.82147868224547
7664,684.8893208986465,684.8893208986465
7665,764.2545645201735,764.2545645201735
7666,712.6397539977365,712.6397539977365
7667,622.9522513843945,622.9522513843945
7668,583.4659754701055,583.4659754701055
7669,1157.951364982948,1157.951364982948
7670,1284.8411048751366,1284.8411048751366
7671,592.7849282685501,592.7849282685501
7672,544.9059808333345,544.9059808333345
7673,567.697590000001,567.697590000001
7674,579.600469166669,579.600469166669
7675,764.1908109952425,764.1908109952425
7676,1332.1125223453166,1332.1125223453166
7677,1517.4303728570292,1517.4303728570292
7678,1310.86193241774,1310.86193241774
7679,819.5959923779631,819.5959923779631
7680,496.8682850000027,496.8682850000027
7681,288.74281083333375,288.74281083333375
7682,264.7042408333333,264.7042408333333
7683,266.76671083333326,266.76671083333326
7684,273.73337916666657,273.73337916666657
7685,274.77522916666663,274.77522916666663
7686,320.1636707284694,320.1636707284694
7687,525.2473725921855,525.2473725921855
7688,714.1475399031491,714.1475399031491
7689,748.758590390986,748.758590390986
7690,756.103288222595,756.103288222595
7691,665.1475289190316,665.1475289190316
7692,597.428584539572,597.428584539572
7693,1034.562827857447,1034.562827857447
7694,1222.462449826246,1222.462449826246
7695,612.1133609613265,612.1133609613265
7696,558.581128333334,558.581128333334
7697,576.1564508333345,576.1564508333345
7698,594.142840000002,594.142840000002
7699,695.2671861112356,695.2671861112356
7700,1274.0917864673436,1274.0917864673436
7701,1309.4473788105524,1309.4473788105524
7702,1469.1960865348972,1469.1960865348972
7703,773.1080561644595,773.1080561644595
7704,516.1838333333361,516.1838333333361
7705,306.7729991666672,306.7729991666672
7706,277.05424583333325,277.05424583333325
7707,264.4083766666666,264.4083766666666
7708,278.0583691666666,278.0583691666666
7709,281.4002091666666,281.4002091666666
7710,378.8260916214841,378.8260916214841
7711,438.1648840820333,438.1648840820333
7712,600.1850709529845,600.1850709529845
7713,792.7585030323901,792.7585030323901
7714,706.3535930733201,706.3535930733201
7715,632.9916153415666,632.9916153415666
7716,588.5126336469085,588.5126336469085
7717,1064.5265128971591,1064.5265128971591
7718,1217.0216122245174,1217.0216122245174
7719,599.1265074178621,599.1265074178621
7720,545.3147341666676,545.3147341666676
7721,582.283857500001,582.283857500001
7722,601.828180000002,601.828180000002
7723,666.1518898611771,666.1518898611771
7724,1332.188753106323,1332.188753106323
7725,1561.7805629125796,1561.7805629125796
7726,1153.9710977454636,1153.9710977454636
7727,791.124880481038,791.124880481038
7728,562.4648241666695,562.4648241666695
7729,285.6935308333337,285.6935308333337
7730,262.87507999999985,262.87507999999985
7731,268.46254249999987,268.46254249999987
7732,280.4042058333333,280.4042058333333
7733,277.4370677811258,277.4370677811258
7734,374.34417123939517,374.34417123939517
7735,495.4587552287786,495.4587552287786
7736,752.4843852837046,752.4843852837046
7737,835.263584252394,835.263584252394
7738,792.1164557262275,792.1164557262275
7739,619.935652380335,619.935652380335
7740,570.198900271721,570.198900271721
7741,1008.201099312178,1008.201099312178
7742,1146.7484889959605,1146.7484889959605
7743,603.1543653726345,603.1543653726345
7744,544.9685941666675,544.9685941666675
7745,578.723465000001,578.723465000001
7746,607.375635000002,607.375635000002
7747,654.4341259142675,654.4341259142675
7748,968.6177564045352,968.6177564045352
7749,1404.7884792233872,1404.7884792233872
7750,1264.5678405387225,1264.5678405387225
7751,721.241116490979,721.241116490979
7752,471.47836666666956,471.47836666666956
7753,289.1087166666672,289.1087166666672
7754,267.1750749999999,267.1750749999999
7755,270.9250449999999,270.9250449999999
7756,272.9500674999999,272.9500674999999
7757,282.97102276775007,282.97102276775007
7758,314.24911965802636,314.24911965802636
7759,494.376568050491,494.376568050491
7760,659.5025408005166,659.5025408005166
7761,1002.910322461955,1002.910322461955
7762,1309.7144243625435,1309.7144243625435
7763,1491.369122465233,1491.369122465233
7764,1183.3489404577172,1183.3489404577172
7765,1380.3596931403144,1380.3596931403144
7766,1342.757081479548,1342.757081479548
7767,617.9330863067711,617.9330863067711
7768,517.160200000001,517.160200000001
7769,556.1401058333345,556.1401058333345
7770,571.3628008333355,571.3628008333355
7771,639.8370574639625,639.8370574639625
7772,984.263365587178,984.263365587178
7773,1622.15738911257,1622.15738911257
7774,1510.2168965992532,1510.2168965992532
7775,790.7145464629456,790.7145464629456
7776,515.0873075000026,515.0873075000026
7777,285.518651666667,285.518651666667
7778,268.79589916666663,268.79589916666663
7779,261.22504999999995,261.22504999999995
7780,272.91255249999983,272.91255249999983
7781,288.3930351830366,288.3930351830366
7782,354.3934005159406,354.3934005159406
7783,437.00294237305854,437.00294237305854
7784,690.1941103418105,690.1941103418105
7785,860.9194237309896,860.9194237309896
7786,1288.1242936987064,1288.1242936987064
7787,1464.3013816320477,1464.3013816320477
7788,1360.666807339882,1360.666807339882
7789,1273.3824414914966,1273.3824414914966
7790,1112.2879306810416,1112.2879306810416
7791,608.343846245782,608.343846245782
7792,519.223024166668,519.223024166668
7793,578.4862741666681,578.4862741666681
7794,622.056886666669,622.056886666669
7795,736.0937720658835,736.0937720658835
7796,1353.8913405636067,1353.8913405636067
7797,1458.2113518822625,1458.2113518822625
7798,1356.0189661796667,1356.0189661796667
7799,874.7146840773056,874.7146840773056
7800,490.83255083333563,490.83255083333563
7801,267.9894341666672,267.9894341666672
7802,240.8583841666666,240.8583841666666
7803,254.7625599999999,254.7625599999999
7804,264.7000524999998,264.7000524999998
7805,287.83008086240255,287.83008086240255
7806,345.9569376987537,345.9569376987537
7807,576.8200555832016,576.8200555832016
7808,695.1487006369316,695.1487006369316
7809,714.8179636738936,714.8179636738936
7810,731.829207146583,731.829207146583
7811,667.904536821303,667.904536821303
7812,579.122108430426,579.122108430426
7813,1050.3801853227747,1050.3801853227747
7814,1103.48895487315,1103.48895487315
7815,617.8411562287041,617.8411562287041
7816,536.4813433333345,536.4813433333345
7817,595.648582500001,595.648582500001
7818,627.1277533333355,627.1277533333355
7819,675.8947569083185,675.8947569083185
7820,1252.629757129339,1252.629757129339
7821,1436.725648251488,1436.725648251488
7822,1336.6957745008256,1336.6957745008256
7823,851.284501928174,851.284501928174
7824,499.6970816666694,499.6970816666694
7825,283.72717416666717,283.72717416666717
7826,251.6667383333333,251.6667383333333
7827,279.99172083333326,279.99172083333326
7828,275.4583716666666,275.4583716666666
7829,297.90907154044453,297.90907154044453
7830,370.103082300089,370.103082300089
7831,548.356793699398,548.356793699398
7832,638.2912780688196,638.2912780688196
7833,840.1882195739356,840.1882195739356
7834,644.646704062891,644.646704062891
7835,606.4516620778645,606.4516620778645
7836,598.6687101045966,598.6687101045966
7837,995.8241422961241,995.8241422961241
7838,954.8388955114375,954.8388955114375
7839,609.0308118667166,609.0308118667166
7840,518.2276625000011,518.2276625000011
7841,575.1507475000016,575.1507475000016
7842,583.9476025000021,583.9476025000021
7843,664.7202987037771,664.7202987037771
7844,1261.9685729128996,1261.9685729128996
7845,1472.6690612714797,1472.6690612714797
7846,1393.67997182987,1393.67997182987
7847,784.232614668271,784.232614668271
7848,503.748002500003,503.748002500003
7849,283.03627666666716,283.03627666666716
7850,246.087585,246.087585
7851,266.5333791666665,266.5333791666665
7852,264.2375549999999,264.2375549999999
7853,277.00627322280604,277.00627322280604
7854,337.1318028304496,337.1318028304496
7855,481.96349487056034,481.96349487056034
7856,730.8081149821666,730.8081149821666
7857,782.8980218295825,782.8980218295825
7858,665.4538280070391,665.4538280070391
7859,619.0668372562991,619.0668372562991
7860,578.7783324538905,578.7783324538905
7861,1095.799872605937,1095.799872605937
7862,1075.7176763398745,1075.7176763398745
7863,614.7737489899446,614.7737489899446
7864,539.644156666668,539.644156666668
7865,570.958860000001,570.958860000001
7866,586.6428233333361,586.6428233333361
7867,660.7697773690236,660.7697773690236
7868,1238.507553956017,1238.507553956017
7869,1292.0974496423642,1292.0974496423642
7870,1292.6772611495007,1292.6772611495007
7871,776.044557578718,776.044557578718
7872,529.6471191666695,529.6471191666695
7873,270.3937333333337,270.3937333333337
7874,260.9167333333333,260.9167333333333
7875,248.0125599999999,248.0125599999999
7876,263.83340166666653,263.83340166666653
7877,279.7472258694274,279.7472258694274
7878,408.84782978004216,408.84782978004216
7879,504.8006671833835,504.8006671833835
7880,710.6152669268731,710.6152669268731
7881,715.7371152297216,715.7371152297216
7882,678.4780772016601,678.4780772016601
7883,628.8724589451245,628.8724589451245
7884,612.8463070020475,612.8463070020475
7885,981.7007709823746,981.7007709823746
7886,921.198148393531,921.198148393531
7887,590.205816393904,590.205816393904
7888,532.3731316666675,532.3731316666675
7889,585.035419166668,585.035419166668
7890,636.111792500002,636.111792500002
7891,710.388480656836,710.388480656836
7892,1035.0065619112515,1035.0065619112515
7893,1322.3704019670668,1322.3704019670668
7894,1327.1272697480817,1327.1272697480817
7895,814.0438641803966,814.0438641803966
7896,455.5226166666696,455.5226166666696
7897,300.5563116666671,300.5563116666671
7898,272.6959066666667,272.6959066666667
7899,274.90839166666655,274.90839166666655
7900,269.6583841666665,269.6583841666665
7901,278.4168516666667,278.4168516666667
7902,321.0957632685663,321.0957632685663
7903,502.24960152529803,502.24960152529803
7904,672.2901355528801,672.2901355528801
7905,840.2166143890596,840.2166143890596
7906,713.2162159372315,713.2162159372315
7907,640.4758528337845,640.4758528337845
7908,600.9035949708106,600.9035949708106
7909,1022.0781581923575,1022.0781581923575
7910,932.9880333484191,932.9880333484191
7911,579.7860508607995,579.7860508607995
7912,535.1186283333345,535.1186283333345
7913,585.095905000001,585.095905000001
7914,599.532670833335,599.532670833335
7915,679.8230065958726,679.8230065958726
7916,1086.1768950699836,1086.1768950699836
7917,1428.4586407598335,1428.4586407598335
7918,1232.193227236575,1232.193227236575
7919,764.369783783329,764.369783783329
7920,522.5770324858084,522.5770324858084
7921,285.5687300000004,285.5687300000004
7922,254.31674833333332,254.31674833333332
7923,269.93756249999996,269.93756249999996
7924,280.20005749999996,280.20005749999996
7925,287.271308089333,287.271308089333
7926,373.29040160264185,373.29040160264185
7927,505.9659866991635,505.9659866991635
7928,603.4091695781545,603.4091695781545
7929,1072.0959190349315,1072.0959190349315
7930,1364.3685878091283,1364.3685878091283
7931,1543.535890589129,1543.535890589129
7932,1238.2044751266321,1238.2044751266321
7933,1195.3693025180762,1195.3693025180762
7934,1075.5280383349407,1075.5280383349407
7935,588.008657709371,588.008657709371
7936,527.931595000001,527.931595000001
7937,560.0304708333346,560.0304708333346
7938,605.0382491666686,605.0382491666686
7939,692.3256403794005,692.3256403794005
7940,1095.3814914335976,1095.3814914335976
7941,1567.932452723345,1567.932452723345
7942,1460.6573636905225,1460.6573636905225
7943,804.1622697901565,804.1622697901565
7944,499.1018158333361,499.1018158333361
7945,280.1080075000005,280.1080075000005
7946,246.61673583333328,246.61673583333328
7947,279.80837916666655,279.80837916666655
7948,279.6833591666666,279.6833591666666
7949,276.4085216666667,276.4085216666667
7950,408.0324148541217,408.0324148541217
7951,508.05232676469706,508.05232676469706
7952,616.758267244244,616.758267244244
7953,947.310542797155,947.310542797155
7954,1357.8121077316416,1357.8121077316416
7955,1712.3147390074566,1712.3147390074566
7956,1110.8250877187909,1110.8250877187909
7957,1081.4348542740224,1081.4348542740224
7958,1122.202492185327,1122.202492185327
7959,620.6734860996265,620.6734860996265
7960,548.1897433333346,548.1897433333346
7961,598.7221325000011,598.7221325000011
7962,620.040602500002,620.040602500002
7963,667.217153149297,667.217153149297
7964,1120.623427749914,1120.623427749914
7965,1529.4315347075865,1529.4315347075865
7966,1387.5833484977395,1387.5833484977395
7967,755.8512146345776,755.8512146345776
7968,502.1171116666695,502.1171116666695
7969,297.5154925000005,297.5154925000005
7970,277.975075,277.975075
7971,272.68340916666665,272.68340916666665
7972,283.06254749999994,283.06254749999994
7973,278.0834750000001,278.0834750000001
7974,339.18027894671,339.18027894671
7975,470.8451300149493,470.8451300149493
7976,638.001981490195,638.001981490195
7977,749.0144191603565,749.0144191603565
7978,718.098205059572,718.098205059572
7979,622.4610502497426,622.4610502497426
7980,597.0818806535716,597.0818806535716
7981,879.0429255566271,879.0429255566271
7982,958.1304772607609,958.1304772607609
7983,582.622177634513,582.622177634513
7984,531.681505000001,531.681505000001
7985,577.689765000001,577.689765000001
7986,630.5669908333356,630.5669908333356
7987,680.5043313770135,680.5043313770135
7988,1030.425023062503,1030.425023062503
7989,1496.1066718660832,1496.1066718660832
7990,1344.0404372783632,1344.0404372783632
7991,815.6160328903485,815.6160328903485
7992,525.3012908333361,525.3012908333361
7993,305.4662008333337,305.4662008333337
7994,265.8625675,265.8625675
7995,273.5709116666666,273.5709116666666
7996,288.26256499999994,288.26256499999994
7997,297.7382473098415,297.7382473098415
7998,357.26323433159,357.26323433159
7999,493.01023001113157,493.01023001113157
8000,702.6820930137995,702.6820930137995
8001,713.3021888531356,713.3021888531356
8002,677.838989853338,677.838989853338
8003,630.0591258765426,630.0591258765426
8004,602.1006962170895,602.1006962170895
8005,1072.3647308456946,1072.3647308456946
8006,1234.6353379259344,1234.6353379259344
8007,588.9942798581995,588.9942798581995
8008,527.139185833334,527.139185833334
8009,597.1173991666675,597.1173991666675
8010,633.2239116666691,633.2239116666691
8011,672.2840970516226,672.2840970516226
8012,1039.6069550739826,1039.6069550739826
8013,1350.1873926337316,1350.1873926337316
8014,1390.82812981405,1390.82812981405
8015,773.2035263658776,773.2035263658776
8016,507.049533333336,507.049533333336
8017,295.8905000000006,295.8905000000006
8018,259.0459366666667,259.0459366666667
8019,261.4625700000001,261.4625700000001
8020,271.49587666666656,271.49587666666656
8021,289.854726193139,289.854726193139
8022,415.4178339192546,415.4178339192546
8023,502.56130521353856,502.56130521353856
8024,675.7653511710726,675.7653511710726
8025,809.514202129607,809.514202129607
8026,714.440380895183,714.440380895183
8027,599.2084743546685,599.2084743546685
8028,588.2612573837711,588.2612573837711
8029,960.1129020585021,960.1129020585021
8030,1094.64439705233,1094.64439705233
8031,625.3907774408395,625.3907774408395
8032,555.897757500001,555.897757500001
8033,587.3559716666681,587.3559716666681
8034,629.8176941666691,629.8176941666691
8035,703.9286072249215,703.9286072249215
8036,1194.6677972658931,1194.6677972658931
8037,1346.7099060638911,1346.7099060638911
8038,1435.0855287347022,1435.0855287347022
8039,758.7208463101131,758.7208463101131
8040,505.61032250000255,505.61032250000255
8041,282.6086941666671,282.6086941666671
8042,258.34173083333326,258.34173083333326
8043,263.3875674999999,263.3875674999999
8044,263.0708741666666,263.0708741666666
8045,293.44196333333343,293.44196333333343
8046,354.81793943397037,354.81793943397037
8047,502.61822174258106,502.61822174258106
8048,687.5920925088896,687.5920925088896
8049,818.2767929921596,818.2767929921596
8050,684.660028895458,684.660028895458
8051,722.7682195341066,722.7682195341066
8052,587.5333279120481,587.5333279120481
8053,1025.31675367316,1025.31675367316
8054,1141.2336202749864,1141.2336202749864
8055,617.3416235971765,617.3416235971765
8056,551.5686883333345,551.5686883333345
8057,570.120735833334,570.120735833334
8058,604.9485200000021,604.9485200000021
8059,738.6533752762535,738.6533752762535
8060,1368.4275292706207,1368.4275292706207
8061,1433.6055435832895,1433.6055435832895
8062,1383.7219287686166,1383.7219287686166
8063,784.027582872248,784.027582872248
8064,472.4470783333361,472.4470783333361
8065,269.14122916666696,269.14122916666696
8066,251.93339666666662,251.93339666666662
8067,257.5458991666666,257.5458991666666
8068,266.39171833333324,266.39171833333324
8069,278.36269666666675,278.36269666666675
8070,301.75019606241057,301.75019606241057
8071,538.996669897739,538.996669897739
8072,696.8481985979456,696.8481985979456
8073,807.678803083541,807.678803083541
8074,693.9189134644861,693.9189134644861
8075,636.8834160563241,636.8834160563241
8076,592.763337071695,592.763337071695
8077,1123.0200582602852,1123.0200582602852
8078,1131.671956173829,1131.671956173829
8079,597.197220583651,597.197220583651
8080,530.4186408333345,530.4186408333345
8081,569.069975000001,569.069975000001
8082,602.0011091666686,602.0011091666686
8083,751.3801551479701,751.3801551479701
8084,1344.6308364358435,1344.6308364358435
8085,1503.5757018917866,1503.5757018917866
8086,1174.9958972476525,1174.9958972476525
8087,746.9539335095155,746.9539335095155
8088,471.91041666666916,471.91041666666916
8089,270.73516916666716,270.73516916666716
8090,249.10842166666657,249.10842166666657
8091,244.29172833333334,244.29172833333334
8092,264.7708716666666,264.7708716666666
8093,271.0947068419662,271.0947068419662
8094,323.5572815455401,323.5572815455401
8095,502.4207015669656,502.4207015669656
8096,777.8365311451325,777.8365311451325
8097,747.937336489276,747.937336489276
8098,695.2323632879956,695.2323632879956
8099,628.2708984542351,628.2708984542351
8100,554.4906915765615,554.4906915765615
8101,977.8982541998296,977.8982541998296
8102,1071.249981822539,1071.249981822539
8103,653.2407247966695,653.2407247966695
8104,548.4694908333345,548.4694908333345
8105,580.2193391666675,580.2193391666675
8106,634.3410116666686,634.3410116666686
8107,686.7988037016445,686.7988037016445
8108,1289.1884244475725,1289.1884244475725
8109,1392.5308691024861,1392.5308691024861
8110,1283.5681289382765,1283.5681289382765
8111,802.938401690065,802.938401690065
8112,517.810888333336,517.810888333336
8113,314.9518000000005,314.9518000000005
8114,260.5709016666666,260.5709016666666
8115,284.43339916666645,284.43339916666645
8116,285.75004999999993,285.75004999999993
8117,289.1751550000001,289.1751550000001
8118,307.78353311799447,307.78353311799447
8119,461.4022612414775,461.4022612414775
8120,739.2966876948826,739.2966876948826
8121,707.0841322420456,707.0841322420456
8122,679.10904337647,679.10904337647
8123,637.117204703179,637.117204703179
8124,586.3531169729915,586.3531169729915
8125,995.4538691334851,995.4538691334851
8126,1039.92174038008,1039.92174038008
8127,585.089436558095,585.089436558095
8128,540.9848691666675,540.9848691666675
8129,603.4189041666681,603.4189041666681
8130,629.7098633333355,629.7098633333355
8131,727.560932532446,727.560932532446
8132,1204.2282295280072,1204.2282295280072
8133,1507.8667256856097,1507.8667256856097
8134,1284.341537673336,1284.341537673336
8135,814.2140782748465,814.2140782748465
8136,514.3790808333359,514.3790808333359
8137,279.24956166666715,279.24956166666715
8138,259.1167558333333,259.1167558333333
8139,279.51255999999995,279.51255999999995
8140,274.30837666666656,274.30837666666656
8141,286.87931833333334,286.87931833333334
8142,371.63818702474947,371.63818702474947
8143,527.196273302329,527.196273302329
8144,667.644125538526,667.644125538526
8145,740.8836660856836,740.8836660856836
8146,1182.2942346362495,1182.2942346362495
8147,1654.7271518552477,1654.7271518552477
8148,1256.967072925636,1256.967072925636
8149,1170.3812052768035,1170.3812052768035
8150,1190.335005119185,1190.335005119185
8151,568.5335596832496,568.5335596832496
8152,544.2818016666675,544.2818016666675
8153,588.1740608333346,588.1740608333346
8154,608.9548933333356,608.9548933333356
8155,721.3463039211451,721.3463039211451
8156,1179.493354531392,1179.493354531392
8157,1484.5838815959887,1484.5838815959887
8158,1264.0762828353445,1264.0762828353445
8159,754.772261843648,754.772261843648
8160,513.030549166669,513.030549166669
8161,301.43128583333385,301.43128583333385
8162,257.67091916666664,257.67091916666664
8163,254.55005749999998,254.55005749999998
8164,270.7708866666666,270.7708866666666
8165,271.30436249999997,271.30436249999997
8166,341.6033077260529,341.6033077260529
8167,486.3258079397727,486.3258079397727
8168,698.9916255630551,698.9916255630551
8169,856.4757588983836,856.4757588983836
8170,1320.7916043790972,1320.7916043790972
8171,1600.9403644673705,1600.9403644673705
8172,1218.9544760137885,1218.9544760137885
8173,1196.0958007730092,1196.0958007730092
8174,1325.4568945570531,1325.4568945570531
8175,596.8193896053006,596.8193896053006
8176,538.4443300000011,538.4443300000011
8177,592.4606316666676,592.4606316666676
8178,619.3494725000025,619.3494725000025
8179,731.418439706905,731.418439706905
8180,1286.6013260489242,1286.6013260489242
8181,1376.5021766699365,1376.5021766699365
8182,1454.5507000020145,1454.5507000020145
8183,775.0538176109095,775.0538176109095
8184,543.8702366666695,543.8702366666695
8185,308.2279425000005,308.2279425000005
8186,271.5792383333332,271.5792383333332
8187,266.9083941666665,266.9083941666665
8188,285.3375425,285.3375425
8189,298.86317796626884,298.86317796626884
8190,380.2718107546096,380.2718107546096
8191,474.29750081385305,474.29750081385305
8192,708.9997272749271,708.9997272749271
8193,814.4834052258816,814.4834052258816
8194,689.3347078484845,689.3347078484845
8195,626.3532970191176,626.3532970191176
8196,576.7814770875441,576.7814770875441
8197,1195.5999539953675,1195.5999539953675
8198,1581.213336333307,1581.213336333307
8199,625.6517858732606,625.6517858732606
8200,540.2026166666675,540.2026166666675
8201,587.3073808333346,587.3073808333346
8202,599.142037500002,599.142037500002
8203,716.7769404314686,716.7769404314686
8204,1190.1317509370176,1190.1317509370176
8205,1635.5883895554311,1635.5883895554311
8206,1308.5169406964935,1308.5169406964935
8207,804.913730052279,804.913730052279
8208,510.06520416666956,510.06520416666956
8209,307.50713416666724,307.50713416666724
8210,260.9542483333333,260.9542483333333
8211,277.17088916666665,277.17088916666665
8212,279.9375649999999,279.9375649999999
8213,287.23551026453777,287.23551026453777
8214,371.12513515573823,371.12513515573823
8215,490.28842532781266,490.28842532781266
8216,577.0353631566426,577.0353631566426
8217,758.7427860306441,758.7427860306441
8218,752.2952934999206,752.2952934999206
8219,640.105517568222,640.105517568222
8220,636.4580085729706,636.4580085729706
8221,958.503680516517,958.503680516517
8222,1180.706589952323,1180.706589952323
8223,612.803397913181,612.803397913181
8224,552.848160000001,552.848160000001
8225,587.2183783333345,587.2183783333345
8226,626.2736891666691,626.2736891666691
8227,770.8431289360951,770.8431289360951
8228,1208.0998508861426,1208.0998508861426
8229,1425.9882681073411,1425.9882681073411
8230,1290.0487195680676,1290.0487195680676
8231,806.4067618571555,806.4067618571555
8232,498.24826837530946,498.24826837530946
8233,297.96701916666706,297.96701916666706
8234,262.47092666666657,262.47092666666657
8235,266.2458916666667,266.2458916666667
8236,272.5833841666666,272.5833841666666
8237,279.4578043309554,279.4578043309554
8238,394.9612986941936,394.9612986941936
8239,519.8855292084926,519.8855292084926
8240,603.7555023121985,603.7555023121985
8241,755.8670982552401,755.8670982552401
8242,725.292796817381,725.292796817381
8243,676.0049285154755,676.0049285154755
8244,592.4950494157225,592.4950494157225
8245,1113.027838089487,1113.027838089487
8246,1195.2193402543796,1195.2193402543796
8247,583.8776828284106,583.8776828284106
8248,540.5397383333341,540.5397383333341
8249,587.3439100000015,587.3439100000015
8250,596.7175100000021,596.7175100000021
8251,710.5871265543875,710.5871265543875
8252,1365.2559715019022,1365.2559715019022
8253,1455.6104105078762,1455.6104105078762
8254,1408.6972201612616,1408.6972201612616
8255,785.3555290465746,785.3555290465746
8256,554.5409725000026,554.5409725000026
8257,313.7178558333336,313.7178558333336
8258,267.57922833333333,267.57922833333333
8259,268.57920833333327,268.57920833333327
8260,280.9708716666666,280.9708716666666
8261,289.4490273776092,289.4490273776092
8262,383.5950751803576,383.5950751803576
8263,537.7012570931946,537.7012570931946
8264,684.7277896485846,684.7277896485846
8265,873.1610478571415,873.1610478571415
8266,703.6775147194461,703.6775147194461
8267,642.6923411369921,642.6923411369921
8268,608.1706274832976,608.1706274832976
8269,1255.4108005103517,1255.4108005103517
8270,1189.3777611464961,1189.3777611464961
8271,620.9921841239731,620.9921841239731
8272,531.0772383333345,531.0772383333345
8273,568.5256716666676,568.5256716666676
8274,621.0147241666691,621.0147241666691
8275,702.981048072607,702.981048072607
8276,1243.9009615891196,1243.9009615891196
8277,1409.4833909015724,1409.4833909015724
8278,1468.0402478810047,1468.0402478810047
8279,830.8598379884585,830.8598379884585
8280,497.2951833333359,497.2951833333359
8281,273.842894166667,273.842894166667
8282,254.35424083333328,254.35424083333328
8283,258.07505000000003,258.07505000000003
8284,271.1125524999999,271.1125524999999
8285,289.4876816666666,289.4876816666666
8286,351.89349410863514,351.89349410863514
8287,533.2050324064161,533.2050324064161
8288,717.8928082928616,717.8928082928616
8289,760.5642305416336,760.5642305416336
8290,677.706877182487,677.706877182487
8291,594.3098805775451,594.3098805775451
8292,592.4946804579605,592.4946804579605
8293,1021.686255149496,1021.686255149496
8294,1011.9484542717315,1011.9484542717315
8295,582.997297767657,582.997297767657
8296,525.090087500001,525.090087500001
8297,576.0801041666681,576.0801041666681
8298,573.0608775000026,573.0608775000026
8299,743.0427745897881,743.0427745897881
8300,1121.175756805172,1121.175756805172
8301,1481.5461887285026,1481.5461887285026
8302,1507.3969991717886,1507.3969991717886
8303,783.0808655370336,783.0808655370336
8304,487.51170833333595,487.51170833333595
8305,312.0328950000005,312.0328950000005
8306,267.60838916666665,267.60838916666665
8307,280.2000575,280.2000575
8308,296.79587916666657,296.79587916666657
8309,299.8127000000001,299.8127000000001
8310,340.001977372292,340.001977372292
8311,566.1158085334094,566.1158085334094
8312,623.4857161008631,623.4857161008631
8313,876.2931740520155,876.2931740520155
8314,1355.6805282673677,1355.6805282673677
8315,1686.5215671917258,1686.5215671917258
8316,1116.379796163244,1116.379796163244
8317,1307.436566660559,1307.436566660559
8318,1242.7712137661201,1242.7712137661201
8319,611.907372493376,611.907372493376
8320,543.856462500001,543.856462500001
8321,594.0854708333345,594.0854708333345
8322,613.354835000002,613.354835000002
8323,718.993056364664,718.993056364664
8324,1242.35658274574,1242.35658274574
8325,1394.799866988179,1394.799866988179
8326,1296.8866382977085,1296.8866382977085
8327,884.4343300097701,884.4343300097701
8328,535.386208333336,535.386208333336
8329,295.46620750000034,295.46620750000034
8330,255.9042458333334,255.9042458333334
8331,255.9958941666666,255.9958941666666
8332,277.00421083333333,277.00421083333333
8333,281.8543716666667,281.8543716666667
8334,326.10617971997,326.10617971997
8335,471.85026074427253,471.85026074427253
8336,613.868789259527,613.868789259527
8337,818.650619686967,818.650619686967
8338,1410.622113877134,1410.622113877134
8339,1620.2983663502428,1620.2983663502428
8340,1222.3607031469196,1222.3607031469196
8341,1243.2805069923597,1243.2805069923597
8342,1276.8586962176237,1276.8586962176237
8343,551.377487949176,551.377487949176
8344,536.2982841666679,536.2982841666679
8345,583.225231666668,583.225231666668
8346,610.9493750000025,610.9493750000025
8347,722.3700724872496,722.3700724872496
8348,1302.3096069586752,1302.3096069586752
8349,1450.8251099785111,1450.8251099785111
8350,1414.1096345974265,1414.1096345974265
8351,838.9330046464861,838.9330046464861
8352,478.6874425000028,478.6874425000028
8353,293.7652841666672,293.7652841666672
8354,265.5375875,265.5375875
8355,275.3000474999999,275.3000474999999
8356,273.68338916666653,273.68338916666653
8357,295.6210266666668,295.6210266666668
8358,359.94635406663906,359.94635406663906
8359,471.2459550052329,471.2459550052329
8360,686.6968684774926,686.6968684774926
8361,881.2460550102492,881.2460550102492
8362,737.800917953547,737.800917953547
8363,635.3341409921705,635.3341409921705
8364,572.9580383048204,572.9580383048204
8365,1014.1983701430071,1014.1983701430071
8366,1118.410907404027,1118.410907404027
8367,585.1653939754791,585.1653939754791
8368,529.3650733333345,529.3650733333345
8369,582.1127125000011,582.1127125000011
8370,623.2498116666691,623.2498116666691
8371,741.8576276080535,741.8576276080535
8372,1378.4938160477795,1378.4938160477795
8373,1351.0943011241466,1351.0943011241466
8374,1341.2692754829936,1341.2692754829936
8375,812.0160651765996,812.0160651765996
8376,536.5152183333361,536.5152183333361
8377,300.03786416666725,300.03786416666725
8378,276.25839166666645,276.25839166666645
8379,267.81255999999996,267.81255999999996
8380,276.1417258333333,276.1417258333333
8381,281.2758009296303,281.2758009296303
8382,354.3009914595,354.3009914595
8383,556.1513441434565,556.1513441434565
8384,604.0032583049285,604.0032583049285
8385,673.0505307488415,673.0505307488415
8386,723.954775716768,723.954775716768
8387,645.70400123239,645.70400123239
8388,615.606020085922,615.606020085922
8389,948.3096203468585,948.3096203468585
8390,1056.946943607253,1056.946943607253
8391,602.3051071312665,602.3051071312665
8392,544.2935816666676,544.2935816666676
8393,569.1197233333345,569.1197233333345
8394,593.1469700000019,593.1469700000019
8395,653.2007841537625,653.2007841537625
8396,1200.673311554576,1200.673311554576
8397,1349.954304867655,1349.954304867655
8398,1263.4868504492777,1263.4868504492777
8399,862.1211128392721,862.1211128392721
8400,532.190845833336,532.190845833336
8401,278.30121000000025,278.30121000000025
8402,259.2834341666666,259.2834341666666
8403,268.6375524999999,268.6375524999999
8404,275.30421333333317,275.30421333333317
8405,284.7209808333334,284.7209808333334
8406,370.50339101793674,370.50339101793674
8407,521.207927430541,521.207927430541
8408,660.043753193147,660.043753193147
8409,805.1504807953866,805.1504807953866
8410,659.651419994684,659.651419994684
8411,604.874691690625,604.874691690625
8412,608.9326865145275,608.9326865145275
8413,1139.1450849857265,1139.1450849857265
8414,1201.031072757885,1201.031072757885
8415,605.9141095141715,605.9141095141715
8416,552.235103333334,552.235103333334
8417,591.0871241666681,591.0871241666681
8418,593.988894166669,593.988894166669
8419,674.7119859547311,674.7119859547311
8420,1412.7296186076362,1412.7296186076362
8421,1748.3476171120801,1748.3476171120801
8422,1434.532724543524,1434.532724543524
8423,791.937916557798,791.937916557798
8424,489.31219583333586,489.31219583333586
8425,284.0162216666671,284.0162216666671
8426,261.64172333333335,261.64172333333335
8427,269.76671833333336,269.76671833333336
8428,264.9500474999999,264.9500474999999
8429,277.64189250000004,277.64189250000004
8430,344.6100558575895,344.6100558575895
8431,541.7803024160801,541.7803024160801
8432,706.524996988865,706.524996988865
8433,725.732174776369,725.732174776369
8434,746.9126800736595,746.9126800736595
8435,697.6629179756055,697.6629179756055
8436,613.022871642618,613.022871642618
8437,1155.9569540759571,1155.9569540759571
8438,1114.2854820213604,1114.2854820213604
8439,591.4473831944196,591.4473831944196
8440,548.5230800000011,548.5230800000011
8441,570.6198608333345,570.6198608333345
8442,594.3737775000026,594.3737775000026
8443,715.240074856561,715.240074856561
8444,1156.2202128293416,1156.2202128293416
8445,1462.7600056052731,1462.7600056052731
8446,1442.383811052043,1442.383811052043
8447,773.3207862739986,773.3207862739986
8448,496.59445000000227,496.59445000000227
8449,281.319586666667,281.319586666667
8450,265.54173083333325,265.54173083333325
8451,264.9209091666665,264.9209091666665
8452,271.1500449999998,271.1500449999998
8453,288.55445166666664,288.55445166666664
8454,411.40297447158804,411.40297447158804
8455,524.432707441739,524.432707441739
8456,688.703874228585,688.703874228585
8457,787.3091628407801,787.3091628407801
8458,669.6651089389425,669.6651089389425
8459,644.953145999075,644.953145999075
8460,590.4802340420081,590.4802340420081
8461,1150.7818394960766,1150.7818394960766
8462,1282.1210190142797,1282.1210190142797
8463,568.706617572835,568.706617572835
8464,531.1271725000009,531.1271725000009
8465,587.4569383333345,587.4569383333345
8466,626.1676683333355,626.1676683333355
8467,717.033592281242,717.033592281242
8468,1221.0435572224326,1221.0435572224326
8469,1396.3563785152296,1396.3563785152296
8470,1170.9583741413655,1170.9583741413655
8471,734.6894993424235,734.6894993424235
8472,467.8773375000028,467.8773375000028
8473,311.16616500000055,311.16616500000055
8474,273.82509499999986,273.82509499999986
8475,274.9250549999999,274.9250549999999
8476,278.2125724999999,278.2125724999999
8477,282.4168316666668,282.4168316666668
8478,340.11724439813236,340.11724439813236
8479,497.13064338391206,497.13064338391206
8480,698.494609170452,698.494609170452
8481,885.2440020088405,885.2440020088405
8482,1244.978286977383,1244.978286977383
8483,1713.3495268102936,1713.3495268102936
8484,1126.0512803766385,1126.0512803766385
8485,1257.405254213852,1257.405254213852
8486,1102.2610317596855,1102.2610317596855
8487,588.3954245560295,588.3954245560295
8488,537.6858191666676,537.6858191666676
8489,590.1798016666675,590.1798016666675
8490,617.6063441666686,617.6063441666686
8491,717.7394487115596,717.7394487115596
8492,1484.823088173609,1484.823088173609
8493,1562.007331626652,1562.007331626652
8494,1209.373604486888,1209.373604486888
8495,831.1304461441065,831.1304461441065
8496,487.8752591666695,487.8752591666695
8497,298.7452841666672,298.7452841666672
8498,269.64172083333324,269.64172083333324
8499,254.1667333333333,254.1667333333333
8500,283.30837666666656,283.30837666666656
8501,280.17212522415946,280.17212522415946
8502,349.1298279601277,349.1298279601277
8503,540.311838049925,540.311838049925
8504,694.2304382034686,694.2304382034686
8505,994.9114524650995,994.9114524650995
8506,1244.22135243733,1244.22135243733
8507,1554.008137491618,1554.008137491618
8508,1171.6014316081805,1171.6014316081805
8509,1288.6058105224047,1288.6058105224047
8510,1050.9531205777496,1050.9531205777496
8511,627.9172552912021,627.9172552912021
8512,531.1978525000011,531.1978525000011
8513,588.7573458333345,588.7573458333345
8514,633.441255000002,633.441255000002
8515,700.9260661886971,700.9260661886971
8516,1371.3854926363686,1371.3854926363686
8517,1590.282050192849,1590.282050192849
8518,1479.963106437352,1479.963106437352
8519,761.1390633121865,761.1390633121865
8520,520.0131591666695,520.0131591666695
8521,265.100419166667,265.100419166667
8522,254.5667433333333,254.5667433333333
8523,242.3083866666666,242.3083866666666
8524,261.5292233333333,261.5292233333333
8525,275.9477786542397,275.9477786542397
8526,362.7038512514141,362.7038512514141
8527,474.65536693958313,474.65536693958313
8528,631.257066598646,631.257066598646
8529,841.3038628169825,841.3038628169825
8530,671.8194760682336,671.8194760682336
8531,614.497204670199,614.497204670199
8532,566.823428969014,566.823428969014
8533,1018.426219943546,1018.426219943546
8534,944.2445900411591,944.2445900411591
8535,636.537735279344,636.537735279344
8536,557.1689583333344,557.1689583333344
8537,601.0483225000011,601.0483225000011
8538,627.9293308333355,627.9293308333355
8539,685.7997253422891,685.7997253422891
8540,1331.7709423724366,1331.7709423724366
8541,1353.852039853928,1353.852039853928
8542,1254.181389942888,1254.181389942888
8543,849.4195952502176,849.4195952502176
8544,516.5835458333361,516.5835458333361
8545,286.47375250000033,286.47375250000033
8546,247.59590916666662,247.59590916666662
8547,274.24588916666664,274.24588916666664
8548,258.69589416666656,258.69589416666656
8549,277.77939583333335,277.77939583333335
8550,331.2113778646103,331.2113778646103
8551,555.682478811231,555.682478811231
8552,740.3498715429231,740.3498715429231
8553,779.6713487261366,779.6713487261366
8554,754.9806156111811,754.9806156111811
8555,654.9950381485446,654.9950381485446
8556,605.328482335409,605.328482335409
8557,988.226155481706,988.226155481706
8558,994.04257881373,994.04257881373
8559,574.092125473766,574.092125473766
8560,534.8941533333345,534.8941533333345
8561,597.6897491666681,597.6897491666681
8562,640.5297166666686,640.5297166666686
8563,731.34035728719,731.34035728719
8564,1130.110330420279,1130.110330420279
8565,1726.6069379506357,1726.6069379506357
8566,1454.8460956927775,1454.8460956927775
8567,780.6535975398156,780.6535975398156
8568,488.7279758333358,488.7279758333358
8569,303.8595000000006,303.8595000000006
8570,272.15009249999997,272.15009249999997
8571,273.2375549999999,273.2375549999999
8572,274.06673583333315,274.06673583333315
8573,291.68283133041234,291.68283133041234
8574,386.1952358163052,386.1952358163052
8575,467.52576525192757,467.52576525192757
8576,701.557396547923,701.557396547923
8577,757.912872841499,757.912872841499
8578,749.9469366322805,749.9469366322805
8579,628.6585312264556,628.6585312264556
8580,592.4351904284821,592.4351904284821
8581,948.301347071796,948.301347071796
8582,1023.751432381586,1023.751432381586
8583,603.5429440003121,603.5429440003121
8584,537.994155000001,537.994155000001
8585,577.0957958333346,577.0957958333346
8586,606.259186666669,606.259186666669
8587,720.1714104922161,720.1714104922161
8588,1226.2726846302419,1226.2726846302419
8589,1557.281825558663,1557.281825558663
8590,1559.339418969979,1559.339418969979
8591,802.4973084472861,802.4973084472861
8592,541.9100400000025,541.9100400000025
8593,283.6279566666671,283.6279566666671
8594,260.79590166666657,260.79590166666657
8595,254.6958841666666,254.6958841666666
8596,263.1833966666665,263.1833966666665
8597,273.2294091666667,273.2294091666667
8598,341.4052770785887,341.4052770785887
8599,568.4570005492885,568.4570005492885
8600,738.0506714896226,738.0506714896226
8601,716.847620447524,716.847620447524
8602,685.4605404298605,685.4605404298605
8603,627.9435257047761,627.9435257047761
8604,598.338735944105,598.338735944105
8605,1215.725438760041,1215.725438760041
8606,1209.7518349571776,1209.7518349571776
8607,581.569580703549,581.569580703549
8608,550.1395525000015,550.1395525000015
8609,582.8133091666675,582.8133091666675
8610,612.2932408333361,612.2932408333361
8611,710.0541434134581,710.0541434134581
8612,1004.8462045310661,1004.8462045310661
8613,1391.3317235713976,1391.3317235713976
8614,1566.8630266252026,1566.8630266252026
8615,767.5739079841981,767.5739079841981
8616,530.4885150000025,530.4885150000025
8617,279.98201500000044,279.98201500000044
8618,255.4000675000001,255.4000675000001
8619,265.4084016666667,265.4084016666667
8620,268.4042208333333,268.4042208333333
8621,285.79499690241795,285.79499690241795
8622,341.0768405091769,341.0768405091769
8623,518.109233759014,518.109233759014
8624,707.6819594817096,707.6819594817096
8625,776.802359327792,776.802359327792
8626,711.1697172881095,711.1697172881095
8627,612.564673761434,612.564673761434
8628,594.3922954739726,594.3922954739726
8629,1043.516201519191,1043.516201519191
8630,1182.5308537586666,1182.5308537586666
8631,567.0276793245636,567.0276793245636
8632,532.4643591666676,532.4643591666676
8633,584.8951791666675,584.8951791666675
8634,600.8440716666686,600.8440716666686
8635,724.6061789012106,724.6061789012106
8636,1269.4721638770045,1269.4721638770045
8637,1653.7343556561007,1653.7343556561007
8638,1375.1537256905747,1375.1537256905747
8639,821.716552259235,821.716552259235
8640,513.6718391666695,513.6718391666695
8641,296.0002166666672,296.0002166666672
8642,252.8833866666666,252.8833866666666
8643,276.6875625,276.6875625
8644,261.9875549999999,261.9875549999999
8645,282.85585081665386,282.85585081665386
8646,419.4885267444072,419.4885267444072
8647,560.648131533419,560.648131533419
8648,695.2179413928806,695.2179413928806
8649,862.0164429071465,862.0164429071465
8650,1332.4244469850937,1332.4244469850937
8651,1571.8040591047227,1571.8040591047227
8652,1244.2363862726556,1244.2363862726556
8653,1202.751727271637,1202.751727271637
8654,1262.2714358013861,1262.2714358013861
8655,590.4610092655855,590.4610092655855
8656,542.8775783333346,542.8775783333346
8657,578.8958866666679,578.8958866666679
8658,594.4488416666685,594.4488416666685
8659,700.6552068112765,700.6552068112765
8660,1350.213208639303,1350.213208639303
8661,1323.568968824917,1323.568968824917
8662,1399.9947557080282,1399.9947557080282
8663,821.9558109477836,821.9558109477836
8664,524.7381333333365,524.7381333333365
8665,272.82442416666726,272.82442416666726
8666,248.8917533333332,248.8917533333332
8667,260.5583816666665,260.5583816666665
8668,270.5250574999999,270.5250574999999
8669,284.85469493205477,284.85469493205477
8670,370.97816504031715,370.97816504031715
8671,489.2446225854419,489.2446225854419
8672,643.7357797869901,643.7357797869901
8673,859.2267802046425,859.2267802046425
8674,1147.1229203518894,1147.1229203518894
8675,1877.274394601216,1877.274394601216
8676,1218.0251299056256,1218.0251299056256
8677,1150.6285913618135,1150.6285913618135
8678,1470.5278936435925,1470.5278936435925
8679,600.994178788696,600.994178788696
8680,543.677362500001,543.677362500001
8681,585.4942883333346,585.4942883333346
8682,582.160725000002,582.160725000002
8683,695.3184293450665,695.3184293450665
8684,1241.0137072376476,1241.0137072376476
8685,1634.11528055567,1634.11528055567
8686,1513.886788760169,1513.886788760169
8687,792.6420085559935,792.6420085559935
8688,496.69820000000294,496.69820000000294
8689,305.00286500000055,305.00286500000055
8690,276.1542458333332,276.1542458333332
8691,275.0709041666666,275.0709041666666
8692,280.1292158333332,280.1292158333332
8693,301.19497507613687,301.19497507613687
8694,405.88925858567836,405.88925858567836
8695,551.4666979192956,551.4666979192956
8696,669.7105430860211,669.7105430860211
8697,757.4635162061666,757.4635162061666
8698,747.1835979667305,747.1835979667305
8699,694.0779524937175,694.0779524937175
8700,583.307225497993,583.307225497993
8701,1020.0355124096476,1020.0355124096476
8702,1190.95374012897,1190.95374012897
8703,595.5723630076276,595.5723630076276
8704,555.3610208333346,555.3610208333346
8705,607.429815000001,607.429815000001
8706,633.744319166669,633.744319166669
8707,696.0859292993085,696.0859292993085
8708,1172.1517823474367,1172.1517823474367
8709,1288.3494317568627,1288.3494317568627
8710,1294.3029443425237,1294.3029443425237
8711,796.070351454623,796.070351454623
8712,503.34688083333606,503.34688083333606
8713,277.16948000000053,277.16948000000053
8714,256.0042483333333,256.0042483333333
8715,261.5875675,261.5875675
8716,274.95421583333314,274.95421583333314
8717,274.0203533722271,274.0203533722271
8718,357.620819401365,357.620819401365
8719,476.1568076167054,476.1568076167054
8720,709.7824822576655,709.7824822576655
8721,750.861739169023,750.861739169023
8722,744.7193691441521,744.7193691441521
8723,679.482585512064,679.482585512064
8724,618.092421966689,618.092421966689
8725,1159.0575161110285,1159.0575161110285
8726,1131.806750723837,1131.806750723837
8727,619.849974751761,619.849974751761
8728,541.1731691666675,541.1731691666675
8729,594.5877016666681,594.5877016666681
8730,600.967749166669,600.967749166669
8731,692.2111702921981,692.2111702921981
8732,1263.1824692412786,1263.1824692412786
8733,1319.7716710709637,1319.7716710709637
8734,1205.2421023948416,1205.2421023948416
8735,832.4580364500875,832.4580364500875
8736,493.54895833333626,493.54895833333626
8737,288.50957083333384,288.50957083333384
8738,246.89589166666656,246.89589166666656
8739,262.1500449999999,262.1500449999999
8740,247.07504500000002,247.07504500000002
8741,278.44860106527557,278.44860106527557
8742,384.72522125238277,384.72522125238277
8743,456.27415741264525,456.27415741264525
8744,696.6815486025296,696.6815486025296
8745,717.811335968797,717.811335968797
8746,698.476489265019,698.476489265019
8747,643.8115377797061,643.8115377797061
8748,597.65154782822,597.65154782822
8749,880.8652000752126,880.8652000752126
8750,978.4557527480036,978.4557527480036
8751,609.818829856682,609.818829856682
8752,557.0564491666676,557.0564491666676
8753,581.8854558333345,581.8854558333345
8754,613.4045933333355,613.4045933333355
8755,684.2234878399455,684.2234878399455
8756,1110.082770140659,1110.082770140659
8757,1553.5476901430657,1553.5476901430657
8758,1270.9560896591795,1270.9560896591795
8759,800.4939215048755,800.4939215048755
8760,518.746457500003,518.746457500003
