2022,2023
237000,275658.0522
210000,244253.9703
194000,225644.144
199000,231459.7147
182000,211686.7743
207000,240764.6279
81000,94212.2457
142000,165162.2085
145000,168651.5509
145000,168651.5509
142000,165162.2085
154000,179119.5782
108000,125616.3276
218000,253558.8835
153000,177956.4641
152000,176793.3499
138000,160509.7519
70000,81417.99011
105000,122126.9852
252000,293104.7644
240000,279147.3947
210000,244253.9703
243000,282636.7371
233000,271005.5956
211000,245417.0845
184000,214013.0026
195000,226807.2582
191000,222154.8016
245000,284962.9654
217000,252395.7693
108000,125616.3276
151000,175630.2358
128000,148878.6105
156000,181445.8065
135000,157020.4095
147000,170977.7792
168000,195403.1763
160000,186098.2631
157000,182608.9207
160000,186098.2631
157000,182608.9207
58000,67460.62037
60000,69786.84866
160000,186098.2631
194000,225644.144
158000,183772.0348
226000,262863.7966
224000,260537.5683
201000,233785.943
172000,200055.6328
177000,205871.2036
168000,195403.1763
287000,333813.7594
197000,229133.4864
96000,111658.9579
139000,161672.8661
153000,177956.4641
117000,136084.3549
160000,186098.2631
137000,159346.6378
153000,177956.4641
156000,181445.8065
142000,165162.2085
150000,174467.1217
148000,172140.8934
70000,81417.99011
139000,161672.8661
269000,312877.7048
257000,298920.3351
227000,264026.9108
276000,321019.5039
151000,175630.2358
240000,279147.3947
189000,219828.5733
190000,220991.6874
195000,226807.2582
232000,269842.4815
219000,254721.9976
106000,123290.0993
156000,181445.8065
146000,169814.6651
139000,161672.8661
140000,162835.9802
154000,179119.5782
173000,201218.747
186000,216339.2309
140000,162835.9802
140000,162835.9802
144000,167488.4368
95000,110495.8437
127000,147715.4963
261000,303572.7917
227000,264026.9108
229000,266353.1391
215000,250069.541
233000,271005.5956
150000,174467.1217
195000,226807.2582
211000,245417.0845
217000,252395.7693
252000,293104.7644
173000,201218.747
116000,134921.2407
140000,162835.9802
166000,193076.948
111000,129105.67
134000,155857.2953
188000,218665.4591
161000,187261.3772
157000,182608.9207
176000,204708.0894
151000,175630.2358
150000,174467.1217
90000,104680.273
24000,27914.73947
200000,232622.8289
170000,197729.4045
167000,194240.0621
231000,268679.3674
210000,244253.9703
192000,223317.9157
202000,234949.0572
192000,223317.9157
197000,229133.4864
202000,234949.0572
219000,254721.9976
100000,116311.4144
44000,51177.02235
158000,183772.0348
145000,168651.5509
151000,175630.2358
141000,163999.0944
147000,170977.7792
177000,205871.2036
152000,176793.3499
140000,162835.9802
130000,151204.8388
108000,125616.3276
165000,191913.8338
245000,284962.9654
180000,209360.546
316000,367544.0696
203000,236112.1713
219000,254721.9976
235000,273331.8239
195000,226807.2582
172000,200055.6328
153000,177956.4641
157000,182608.9207
161000,187261.3772
85000,98864.70227
116000,134921.2407
142000,165162.2085
149000,173304.0075
154000,179119.5782
175000,203544.9753
169000,196566.2904
171000,198892.5187
235000,273331.8239
136000,158183.5236
153000,177956.4641
129000,150041.7246
101000,117474.5286
215000,250069.541
205000,238438.3996
208000,241927.742
203000,236112.1713
214000,248906.4269
206000,239601.5137
196000,227970.3723
185000,215176.1167
194000,225644.144
195000,226807.2582
184000,214013.0026
94000,109332.7296
114000,132595.0125
151000,175630.2358
151000,175630.2358
151000,175630.2358
180000,209360.546
178000,207034.3177
179000,208197.4318
179000,208197.4318
184000,214013.0026
164000,190750.7197
88000,102354.0447
101000,117474.5286
177000,205871.2036
172000,200055.6328
163000,189587.6055
175000,203544.9753
232000,269842.4815
215000,250069.541
201000,233785.943
191000,222154.8016
180000,209360.546
186000,216339.2309
184000,214013.0026
80000,93049.13155
111000,129105.67
135000,157020.4095
153000,177956.4641
162000,188424.4914
179000,208197.4318
225000,261700.6825
208000,241927.742
144000,167488.4368
159000,184935.149
167000,194240.0621
178000,207034.3177
197000,229133.4864
205000,238438.3996
272000,316367.0473
265000,308225.2483
220000,255885.1118
244000,283799.8512
250000,290778.5361
197000,229133.4864
189000,219828.5733
187000,217502.345
238000,276821.1664
201000,233785.943
89000,103517.1589
148000,172140.8934
150000,174467.1217
152000,176793.3499
172000,200055.6328
175000,203544.9753
183000,212849.8884
187000,217502.345
180000,209360.546
180000,209360.546
184000,214013.0026
91000,105843.3871
108000,125616.3276
260000,302409.6775
250000,290778.5361
286000,332650.6453
218000,253558.8835
250000,290778.5361
244000,283799.8512
217000,252395.7693
219000,254721.9976
174000,202381.8611
192000,223317.9157
220000,255885.1118
98000,113985.1862
0,0
0,0
0,0
3000,3489.342433
153000,177956.4641
201000,233785.943
188000,218665.4591
190000,220991.6874
184000,214013.0026
172000,200055.6328
89000,103517.1589
109000,126779.4417
172000,200055.6328
159000,184935.149
158000,183772.0348
218000,253558.8835
214000,248906.4269
194000,225644.144
233000,271005.5956
196000,227970.3723
203000,236112.1713
199000,231459.7147
224000,260537.5683
117000,136084.3549
125000,145389.268
153000,177956.4641
151000,175630.2358
163000,189587.6055
196000,227970.3723
168000,195403.1763
192000,223317.9157
162000,188424.4914
175000,203544.9753
149000,173304.0075
123000,143063.0398
100000,116311.4144
264000,307062.1341
260000,302409.6775
248000,288452.3078
242000,281473.6229
237000,275658.0522
227000,264026.9108
206000,239601.5137
196000,227970.3723
198000,230296.6006
234000,272168.7098
262000,304735.9058
108000,125616.3276
166000,193076.948
141000,163999.0944
178000,207034.3177
184000,214013.0026
184000,214013.0026
186000,216339.2309
164000,190750.7197
171000,198892.5187
172000,200055.6328
177000,205871.2036
80000,93049.13155
108000,125616.3276
264000,307062.1341
261000,303572.7917
238000,276821.1664
260000,302409.6775
225000,261700.6825
228000,265190.0249
225000,261700.6825
222000,258211.3401
210000,244253.9703
223000,259374.4542
236000,274494.9381
124000,144226.1539
132000,153531.0671
146000,169814.6651
165000,191913.8338
184000,214013.0026
197000,229133.4864
196000,227970.3723
185000,215176.1167
183000,212849.8884
184000,214013.0026
176000,204708.0894
94000,109332.7296
103000,119800.7569
180000,209360.546
147000,170977.7792
179000,208197.4318
317000,368707.1838
241000,280310.5088
203000,236112.1713
221000,257048.2259
199000,231459.7147
188000,218665.4591
194000,225644.144
174000,202381.8611
101000,117474.5286
106000,123290.0993
110000,127942.5559
139000,161672.8661
143000,166325.3226
156000,181445.8065
157000,182608.9207
176000,204708.0894
159000,184935.149
152000,176793.3499
155000,180282.6924
144000,167488.4368
52000,60481.93551
308000,358239.1565
238000,276821.1664
260000,302409.6775
246000,286126.0795
233000,271005.5956
214000,248906.4269
202000,234949.0572
192000,223317.9157
197000,229133.4864
214000,248906.4269
256000,297757.221
128000,148878.6105
81000,94212.2457
180000,209360.546
186000,216339.2309
170000,197729.4045
153000,177956.4641
200000,232622.8289
208000,241927.742
165000,191913.8338
187000,217502.345
193000,224481.0299
97000,112822.072
133000,154694.1812
247000,287289.1937
260000,302409.6775
222000,258211.3401
269000,312877.7048
247000,287289.1937
184000,214013.0026
196000,227970.3723
192000,223317.9157
218000,253558.8835
242000,281473.6229
172000,200055.6328
113000,131431.8983
124000,144226.1539
142000,165162.2085
160000,186098.2631
159000,184935.149
147000,170977.7792
141000,163999.0944
164000,190750.7197
177000,205871.2036
184000,214013.0026
189000,219828.5733
176000,204708.0894
75000,87233.56083
171000,198892.5187
174000,202381.8611
184000,214013.0026
263000,305899.02
241000,280310.5088
221000,257048.2259
202000,234949.0572
196000,227970.3723
245000,284962.9654
275000,319856.3897
246000,286126.0795
98000,113985.1862
104000,120963.871
203000,236112.1713
162000,188424.4914
166000,193076.948
183000,212849.8884
181000,210523.6601
183000,212849.8884
163000,189587.6055
196000,227970.3723
157000,182608.9207
146000,169814.6651
121000,140736.8115
256000,297757.221
275000,319856.3897
274000,318693.2756
276000,321019.5039
243000,282636.7371
227000,264026.9108
223000,259374.4542
227000,264026.9108
228000,265190.0249
204000,237275.2855
201000,233785.943
177000,205871.2036
165000,191913.8338
163000,189587.6055
151000,175630.2358
160000,186098.2631
184000,214013.0026
160000,186098.2631
79000,91886.01741
140000,162835.9802
165000,191913.8338
208000,241927.742
59000,68623.73452
99000,115148.3003
257000,298920.3351
278000,323345.7321
242000,281473.6229
237000,275658.0522
251000,291941.6502
232000,269842.4815
208000,241927.742
213000,247743.3128
232000,269842.4815
252000,293104.7644
211000,245417.0845
69000,80254.87596
156000,181445.8065
127000,147715.4963
198000,230296.6006
186000,216339.2309
149000,173304.0075
152000,176793.3499
138000,160509.7519
173000,201218.747
167000,194240.0621
162000,188424.4914
94000,109332.7296
41000,47687.67992
204000,237275.2855
170000,197729.4045
212000,246580.1986
266000,309388.3624
250000,290778.5361
242000,281473.6229
234000,272168.7098
233000,271005.5956
230000,267516.2532
220000,255885.1118
225000,261700.6825
106000,123290.0993
168000,195403.1763
176000,204708.0894
193000,224481.0299
188000,218665.4591
223000,259374.4542
203000,236112.1713
185000,215176.1167
170000,197729.4045
174000,202381.8611
166000,193076.948
76000,88396.67497
184000,214013.0026
237000,275658.0522
229000,266353.1391
266000,309388.3624
250000,290778.5361
226000,262863.7966
212000,246580.1986
199000,231459.7147
188000,218665.4591
194000,225644.144
213000,247743.3128
248000,288452.3078
107000,124453.2134
139000,161672.8661
146000,169814.6651
146000,169814.6651
184000,214013.0026
186000,216339.2309
190000,220991.6874
177000,205871.2036
176000,204708.0894
172000,200055.6328
174000,202381.8611
78000,90722.90326
177000,205871.2036
259000,301246.5634
258000,300083.4493
258000,300083.4493
229000,266353.1391
260000,302409.6775
176000,204708.0894
212000,246580.1986
197000,229133.4864
208000,241927.742
191000,222154.8016
200000,232622.8289
87000,101190.9306
141000,163999.0944
183000,212849.8884
180000,209360.546
185000,215176.1167
163000,189587.6055
167000,194240.0621
155000,180282.6924
150000,174467.1217
163000,189587.6055
164000,190750.7197
64000,74439.30524
129000,150041.7246
173000,201218.747
167000,194240.0621
194000,225644.144
241000,280310.5088
227000,264026.9108
204000,237275.2855
194000,225644.144
192000,223317.9157
184000,214013.0026
193000,224481.0299
210000,244253.9703
105000,122126.9852
141000,163999.0944
174000,202381.8611
170000,197729.4045
158000,183772.0348
172000,200055.6328
192000,223317.9157
61000,70949.96281
156000,181445.8065
171000,198892.5187
157000,182608.9207
137000,159346.6378
93000,108169.6154
269000,312877.7048
262000,304735.9058
288000,334976.8736
224000,260537.5683
244000,283799.8512
221000,257048.2259
206000,239601.5137
195000,226807.2582
210000,244253.9703
233000,271005.5956
234000,272168.7098
96000,111658.9579
86000,100027.8164
145000,168651.5509
167000,194240.0621
178000,207034.3177
180000,209360.546
178000,207034.3177
171000,198892.5187
162000,188424.4914
164000,190750.7197
170000,197729.4045
121000,140736.8115
155000,180282.6924
262000,304735.9058
213000,247743.3128
260000,302409.6775
227000,264026.9108
196000,227970.3723
149000,173304.0075
191000,222154.8016
150000,174467.1217
143000,166325.3226
164000,190750.7197
130000,151204.8388
56000,65134.39209
157000,182608.9207
141000,163999.0944
160000,186098.2631
159000,184935.149
183000,212849.8884
186000,216339.2309
162000,188424.4914
162000,188424.4914
160000,186098.2631
177000,205871.2036
95000,110495.8437
117000,136084.3549
173000,201218.747
171000,198892.5187
170000,197729.4045
309000,359402.2706
241000,280310.5088
202000,234949.0572
199000,231459.7147
189000,219828.5733
212000,246580.1986
191000,222154.8016
233000,271005.5956
105000,122126.9852
154000,179119.5782
159000,184935.149
152000,176793.3499
157000,182608.9207
171000,198892.5187
180000,209360.546
188000,218665.4591
180000,209360.546
179000,208197.4318
163000,189587.6055
97000,112822.072
107000,124453.2134
274000,318693.2756
261000,303572.7917
232000,269842.4815
250000,290778.5361
243000,282636.7371
215000,250069.541
192000,223317.9157
195000,226807.2582
236000,274494.9381
237000,275658.0522
235000,273331.8239
18000,20936.0546
174000,202381.8611
167000,194240.0621
172000,200055.6328
140000,162835.9802
157000,182608.9207
179000,208197.4318
176000,204708.0894
126000,146552.3822
150000,174467.1217
156000,181445.8065
109000,126779.4417
163000,189587.6055
183000,212849.8884
244000,283799.8512
219000,254721.9976
280000,325671.9604
263000,305899.02
241000,280310.5088
208000,241927.742
192000,223317.9157
205000,238438.3996
250000,290778.5361
219000,254721.9976
101000,117474.5286
122000,141899.9256
137000,159346.6378
142000,165162.2085
169000,196566.2904
162000,188424.4914
162000,188424.4914
246000,286126.0795
185000,215176.1167
167000,194240.0621
187000,217502.345
147000,170977.7792
117000,136084.3549
165000,191913.8338
172000,200055.6328
190000,220991.6874
264000,307062.1341
247000,287289.1937
229000,266353.1391
209000,243090.8562
195000,226807.2582
206000,239601.5137
227000,264026.9108
205000,238438.3996
104000,120963.871
117000,136084.3549
217000,252395.7693
122000,141899.9256
136000,158183.5236
224000,260537.5683
180000,209360.546
208000,241927.742
194000,225644.144
177000,205871.2036
130000,151204.8388
138000,160509.7519
133000,154694.1812
262000,304735.9058
293000,340792.4443
246000,286126.0795
299000,347771.1292
252000,293104.7644
228000,265190.0249
216000,251232.6552
201000,233785.943
198000,230296.6006
215000,250069.541
244000,283799.8512
99000,115148.3003
133000,154694.1812
170000,197729.4045
147000,170977.7792
152000,176793.3499
182000,211686.7743
186000,216339.2309
203000,236112.1713
153000,177956.4641
168000,195403.1763
181000,210523.6601
134000,155857.2953
140000,162835.9802
258000,300083.4493
262000,304735.9058
219000,254721.9976
265000,308225.2483
229000,266353.1391
201000,233785.943
190000,220991.6874
187000,217502.345
197000,229133.4864
219000,254721.9976
201000,233785.943
102000,118637.6427
101000,117474.5286
156000,181445.8065
139000,161672.8661
125000,145389.268
143000,166325.3226
165000,191913.8338
173000,201218.747
142000,165162.2085
154000,179119.5782
144000,167488.4368
65000,75602.41939
90000,104680.273
187000,217502.345
181000,210523.6601
165000,191913.8338
254000,295430.9927
245000,284962.9654
214000,248906.4269
204000,237275.2855
200000,232622.8289
201000,233785.943
193000,224481.0299
213000,247743.3128
114000,132595.0125
0,0
0,0
39000,45361.45163
127000,147715.4963
92000,107006.5013
103000,119800.7569
93000,108169.6154
90000,104680.273
95000,110495.8437
86000,100027.8164
43000,50013.90821
130000,151204.8388
273000,317530.1614
272000,316367.0473
335000,389643.2384
192000,223317.9157
242000,281473.6229
210000,244253.9703
201000,233785.943
195000,226807.2582
195000,226807.2582
204000,237275.2855
234000,272168.7098
112000,130268.7842
170000,197729.4045
141000,163999.0944
148000,172140.8934
145000,168651.5509
155000,180282.6924
166000,193076.948
154000,179119.5782
161000,187261.3772
155000,180282.6924
142000,165162.2085
81000,94212.2457
159000,184935.149
228000,265190.0249
248000,288452.3078
197000,229133.4864
279000,324508.8463
257000,298920.3351
215000,250069.541
215000,250069.541
214000,248906.4269
192000,223317.9157
178000,207034.3177
200000,232622.8289
96000,111658.9579
148000,172140.8934
134000,155857.2953
148000,172140.8934
142000,165162.2085
141000,163999.0944
154000,179119.5782
144000,167488.4368
136000,158183.5236
167000,194240.0621
148000,172140.8934
82000,95375.35984
135000,157020.4095
173000,201218.747
161000,187261.3772
193000,224481.0299
269000,312877.7048
226000,262863.7966
204000,237275.2855
190000,220991.6874
186000,216339.2309
188000,218665.4591
193000,224481.0299
216000,251232.6552
91000,105843.3871
144000,167488.4368
140000,162835.9802
136000,158183.5236
133000,154694.1812
135000,157020.4095
144000,167488.4368
157000,182608.9207
162000,188424.4914
168000,195403.1763
160000,186098.2631
83000,96538.47398
133000,154694.1812
257000,298920.3351
248000,288452.3078
251000,291941.6502
285000,331487.5312
240000,279147.3947
239000,277984.2805
217000,252395.7693
219000,254721.9976
223000,259374.4542
226000,262863.7966
239000,277984.2805
96000,111658.9579
168000,195403.1763
154000,179119.5782
139000,161672.8661
185000,215176.1167
147000,170977.7792
187000,217502.345
152000,176793.3499
178000,207034.3177
157000,182608.9207
153000,177956.4641
93000,108169.6154
134000,155857.2953
235000,273331.8239
243000,282636.7371
221000,257048.2259
261000,303572.7917
252000,293104.7644
219000,254721.9976
172000,200055.6328
196000,227970.3723
198000,230296.6006
200000,232622.8289
195000,226807.2582
96000,111658.9579
109000,126779.4417
146000,169814.6651
146000,169814.6651
155000,180282.6924
162000,188424.4914
151000,175630.2358
183000,212849.8884
146000,169814.6651
195000,226807.2582
179000,208197.4318
81000,94212.2457
107000,124453.2134
187000,217502.345
175000,203544.9753
204000,237275.2855
243000,282636.7371
243000,282636.7371
221000,257048.2259
201000,233785.943
193000,224481.0299
201000,233785.943
209000,243090.8562
228000,265190.0249
116000,134921.2407
114000,132595.0125
180000,209360.546
156000,181445.8065
167000,194240.0621
156000,181445.8065
75000,87233.56083
0,0
0,0
0,0
0,0
0,0
0,0
0,0
124000,144226.1539
333000,387317.0101
296000,344281.7867
245000,284962.9654
203000,236112.1713
203000,236112.1713
239000,277984.2805
178000,207034.3177
0,0
313000,364054.7272
212000,246580.1986
136000,158183.5236
133000,154694.1812
0,0
0,0
0,0
0,0
0,0
0,0
0,0
0,0
70000,81417.99011
224000,260537.5683
149000,173304.0075
159000,184935.149
153000,177956.4641
172000,200055.6328
192000,223317.9157
0,0
212000,246580.1986
251000,291941.6502
178000,207034.3177
197000,229133.4864
218000,253558.8835
125000,145389.268
132000,153531.0671
137000,159346.6378
135000,157020.4095
181000,210523.6601
270000,314040.819
188000,218665.4591
181000,210523.6601
183000,212849.8884
178000,207034.3177
167000,194240.0621
167000,194240.0621
216000,251232.6552
322000,374522.7545
337000,391969.4667
354000,411742.4071
269000,312877.7048
243000,282636.7371
223000,259374.4542
218000,253558.8835
207000,240764.6279
218000,253558.8835
220000,255885.1118
201000,233785.943
176000,204708.0894
143000,166325.3226
132000,153531.0671
151000,175630.2358
222000,258211.3401
120000,139573.6973
178000,207034.3177
167000,194240.0621
183000,212849.8884
170000,197729.4045
156000,181445.8065
160000,186098.2631
208000,241927.742
365000,424536.6627
217000,252395.7693
425000,494323.5114
270000,314040.819
252000,293104.7644
228000,265190.0249
131000,152367.9529
263000,305899.02
195000,226807.2582
223000,259374.4542
201000,233785.943
175000,203544.9753
136000,158183.5236
127000,147715.4963
127000,147715.4963
136000,158183.5236
155000,180282.6924
190000,220991.6874
180000,209360.546
170000,197729.4045
123000,143063.0398
166000,193076.948
158000,183772.0348
204000,237275.2855
343000,398948.1515
327000,380338.3252
350000,407089.9505
294000,341955.5585
234000,272168.7098
242000,281473.6229
216000,251232.6552
253000,294267.8785
213000,247743.3128
188000,218665.4591
102000,118637.6427
150000,174467.1217
153000,177956.4641
162000,188424.4914
150000,174467.1217
142000,165162.2085
176000,204708.0894
177000,205871.2036
179000,208197.4318
187000,217502.345
158000,183772.0348
177000,205871.2036
167000,194240.0621
215000,250069.541
315000,366380.9555
369000,429189.1193
313000,364054.7272
326000,379175.2111
219000,254721.9976
239000,277984.2805
202000,234949.0572
191000,222154.8016
197000,229133.4864
217000,252395.7693
262000,304735.9058
131000,152367.9529
161000,187261.3772
139000,161672.8661
133000,154694.1812
130000,151204.8388
167000,194240.0621
177000,205871.2036
191000,222154.8016
142000,165162.2085
142000,165162.2085
137000,159346.6378
164000,190750.7197
253000,294267.8785
281000,326835.0746
458000,532706.2781
369000,429189.1193
318000,369870.2979
255000,296594.1068
263000,305899.02
182000,211686.7743
195000,226807.2582
199000,231459.7147
171000,198892.5187
207000,240764.6279
194000,225644.144
141000,163999.0944
139000,161672.8661
193000,224481.0299
200000,232622.8289
176000,204708.0894
154000,179119.5782
153000,177956.4641
140000,162835.9802
150000,174467.1217
151000,175630.2358
172000,200055.6328
221000,257048.2259
332000,386153.8959
381000,443146.489
137000,159346.6378
137000,159346.6378
120000,139573.6973
171000,198892.5187
227000,264026.9108
169000,196566.2904
179000,208197.4318
212000,246580.1986
203000,236112.1713
164000,190750.7197
137000,159346.6378
142000,165162.2085
116000,134921.2407
132000,153531.0671
131000,152367.9529
158000,183772.0348
167000,194240.0621
155000,180282.6924
166000,193076.948
140000,162835.9802
163000,189587.6055
194000,225644.144
162000,188424.4914
177000,205871.2036
162000,188424.4914
172000,200055.6328
119000,138410.5832
154000,179119.5782
158000,183772.0348
180000,209360.546
193000,224481.0299
201000,233785.943
187000,217502.345
205000,238438.3996
181000,210523.6601
175000,203544.9753
175000,203544.9753
189000,219828.5733
141000,163999.0944
150000,174467.1217
156000,181445.8065
143000,166325.3226
146000,169814.6651
135000,157020.4095
149000,173304.0075
165000,191913.8338
380000,441983.3749
352000,409416.1788
333000,387317.0101
303000,352423.5858
278000,323345.7321
234000,272168.7098
221000,257048.2259
222000,258211.3401
215000,250069.541
212000,246580.1986
210000,244253.9703
182000,211686.7743
155000,180282.6924
141000,163999.0944
164000,190750.7197
177000,205871.2036
173000,201218.747
156000,181445.8065
218000,253558.8835
140000,162835.9802
132000,153531.0671
141000,163999.0944
149000,173304.0075
153000,177956.4641
365000,424536.6627
289000,336139.9877
370000,430352.2334
315000,366380.9555
219000,254721.9976
225000,261700.6825
219000,254721.9976
210000,244253.9703
198000,230296.6006
187000,217502.345
199000,231459.7147
172000,200055.6328
139000,161672.8661
156000,181445.8065
170000,197729.4045
162000,188424.4914
152000,176793.3499
184000,214013.0026
214000,248906.4269
169000,196566.2904
148000,172140.8934
163000,189587.6055
155000,180282.6924
200000,232622.8289
317000,368707.1838
369000,429189.1193
335000,389643.2384
232000,269842.4815
300000,348934.2433
232000,269842.4815
217000,252395.7693
203000,236112.1713
219000,254721.9976
222000,258211.3401
198000,230296.6006
249000,289615.422
163000,189587.6055
155000,180282.6924
185000,215176.1167
179000,208197.4318
189000,219828.5733
184000,214013.0026
134000,155857.2953
160000,186098.2631
137000,159346.6378
140000,162835.9802
133000,154694.1812
133000,154694.1812
365000,424536.6627
295000,343118.6726
337000,391969.4667
274000,318693.2756
234000,272168.7098
202000,234949.0572
194000,225644.144
181000,210523.6601
174000,202381.8611
185000,215176.1167
187000,217502.345
217000,252395.7693
170000,197729.4045
155000,180282.6924
186000,216339.2309
170000,197729.4045
201000,233785.943
145000,168651.5509
212000,246580.1986
141000,163999.0944
154000,179119.5782
110000,127942.5559
142000,165162.2085
303000,352423.5858
389000,452451.4022
314000,365217.8413
318000,369870.2979
316000,367544.0696
271000,315203.9331
233000,271005.5956
207000,240764.6279
190000,220991.6874
198000,230296.6006
216000,251232.6552
235000,273331.8239
226000,262863.7966
150000,174467.1217
121000,140736.8115
169000,196566.2904
180000,209360.546
144000,167488.4368
148000,172140.8934
146000,169814.6651
145000,168651.5509
134000,155857.2953
118000,137247.469
139000,161672.8661
209000,243090.8562
331000,384990.7818
368000,428026.0051
336000,390806.3525
319000,371033.4121
238000,276821.1664
211000,245417.0845
191000,222154.8016
303000,352423.5858
197000,229133.4864
203000,236112.1713
226000,262863.7966
197000,229133.4864
135000,157020.4095
165000,191913.8338
175000,203544.9753
170000,197729.4045
191000,222154.8016
178000,207034.3177
158000,183772.0348
134000,155857.2953
0,0
82000,95375.35984
164000,190750.7197
207000,240764.6279
261000,303572.7917
350000,407089.9505
360000,418721.092
320000,372196.5262
291000,338466.216
190000,220991.6874
261000,303572.7917
246000,286126.0795
221000,257048.2259
182000,211686.7743
265000,308225.2483
84000,97701.58813
203000,236112.1713
177000,205871.2036
105000,122126.9852
128000,148878.6105
191000,222154.8016
207000,240764.6279
159000,184935.149
139000,161672.8661
169000,196566.2904
142000,165162.2085
190000,220991.6874
123000,143063.0398
467000,543174.3054
371000,431515.3476
335000,389643.2384
331000,384990.7818
219000,254721.9976
257000,298920.3351
233000,271005.5956
230000,267516.2532
211000,245417.0845
210000,244253.9703
232000,269842.4815
216000,251232.6552
191000,222154.8016
131000,152367.9529
218000,253558.8835
192000,223317.9157
151000,175630.2358
214000,248906.4269
139000,161672.8661
82000,95375.35984
159000,184935.149
140000,162835.9802
91000,105843.3871
217000,252395.7693
379000,440820.2607
336000,390806.3525
324000,376848.9828
278000,323345.7321
259000,301246.5634
253000,294267.8785
242000,281473.6229
227000,264026.9108
218000,253558.8835
208000,241927.742
217000,252395.7693
189000,219828.5733
144000,167488.4368
133000,154694.1812
157000,182608.9207
147000,170977.7792
182000,211686.7743
193000,224481.0299
186000,216339.2309
173000,201218.747
177000,205871.2036
167000,194240.0621
164000,190750.7197
182000,211686.7743
414000,481529.2558
430000,500139.0821
185000,215176.1167
305000,354749.814
311000,361728.4989
229000,266353.1391
320000,372196.5262
208000,241927.742
319000,371033.4121
66000,76765.53353
153000,177956.4641
186000,216339.2309
153000,177956.4641
153000,177956.4641
157000,182608.9207
151000,175630.2358
193000,224481.0299
192000,223317.9157
178000,207034.3177
146000,169814.6651
154000,179119.5782
137000,159346.6378
137000,159346.6378
204000,237275.2855
325000,378012.0969
300000,348934.2433
314000,365217.8413
335000,389643.2384
212000,246580.1986
144000,167488.4368
225000,261700.6825
414000,481529.2558
250000,290778.5361
126000,146552.3822
44000,51177.02235
159000,184935.149
140000,162835.9802
120000,139573.6973
132000,153531.0671
129000,150041.7246
151000,175630.2358
150000,174467.1217
138000,160509.7519
155000,180282.6924
133000,154694.1812
156000,181445.8065
150000,174467.1217
197000,229133.4864
325000,378012.0969
341000,396621.9232
304000,353586.6999
293000,340792.4443
258000,300083.4493
223000,259374.4542
185000,215176.1167
195000,226807.2582
195000,226807.2582
205000,238438.3996
189000,219828.5733
172000,200055.6328
148000,172140.8934
123000,143063.0398
129000,150041.7246
159000,184935.149
152000,176793.3499
183000,212849.8884
173000,201218.747
138000,160509.7519
152000,176793.3499
150000,174467.1217
155000,180282.6924
239000,277984.2805
142000,165162.2085
553000,643202.1218
268000,311714.5907
329000,382664.5535
187000,217502.345
413000,480366.1416
249000,289615.422
221000,257048.2259
175000,203544.9753
104000,120963.871
112000,130268.7842
106000,123290.0993
222000,258211.3401
129000,150041.7246
147000,170977.7792
157000,182608.9207
167000,194240.0621
168000,195403.1763
153000,177956.4641
126000,146552.3822
142000,165162.2085
126000,146552.3822
160000,186098.2631
190000,220991.6874
426000,495486.6255
463000,538521.8489
242000,281473.6229
350000,407089.9505
294000,341955.5585
322000,374522.7545
322000,374522.7545
51000,59318.82136
65000,75602.41939
27000,31404.0819
109000,126779.4417
67000,77928.64767
125000,145389.268
172000,200055.6328
197000,229133.4864
100000,116311.4144
43000,50013.90821
109000,126779.4417
184000,214013.0026
129000,150041.7246
157000,182608.9207
146000,169814.6651
146000,169814.6651
97000,112822.072
283000,329161.3029
311000,361728.4989
331000,384990.7818
298000,346608.015
423000,491997.2831
245000,284962.9654
119000,138410.5832
217000,252395.7693
127000,147715.4963
114000,132595.0125
124000,144226.1539
28000,32567.19604
153000,177956.4641
144000,167488.4368
118000,137247.469
166000,193076.948
151000,175630.2358
162000,188424.4914
164000,190750.7197
143000,166325.3226
146000,169814.6651
127000,147715.4963
74000,86070.44668
185000,215176.1167
274000,318693.2756
335000,389643.2384
315000,366380.9555
296000,344281.7867
241000,280310.5088
221000,257048.2259
212000,246580.1986
201000,233785.943
206000,239601.5137
217000,252395.7693
201000,233785.943
88000,102354.0447
128000,148878.6105
145000,168651.5509
104000,120963.871
123000,143063.0398
164000,190750.7197
179000,208197.4318
153000,177956.4641
153000,177956.4641
126000,146552.3822
139000,161672.8661
153000,177956.4641
174000,202381.8611
329000,382664.5535
378000,439657.1466
287000,333813.7594
268000,311714.5907
263000,305899.02
244000,283799.8512
225000,261700.6825
204000,237275.2855
183000,212849.8884
200000,232622.8289
213000,247743.3128
191000,222154.8016
157000,182608.9207
154000,179119.5782
207000,240764.6279
148000,172140.8934
165000,191913.8338
170000,197729.4045
161000,187261.3772
144000,167488.4368
145000,168651.5509
131000,152367.9529
73000,84907.33254
194000,225644.144
343000,398948.1515
344000,400111.2657
322000,374522.7545
289000,336139.9877
258000,300083.4493
242000,281473.6229
223000,259374.4542
196000,227970.3723
202000,234949.0572
224000,260537.5683
232000,269842.4815
194000,225644.144
152000,176793.3499
136000,158183.5236
159000,184935.149
187000,217502.345
210000,244253.9703
196000,227970.3723
188000,218665.4591
164000,190750.7197
147000,170977.7792
101000,117474.5286
185000,215176.1167
151000,175630.2358
358000,416394.8637
334000,388480.1242
335000,389643.2384
339000,394295.6949
271000,315203.9331
254000,295430.9927
228000,265190.0249
196000,227970.3723
192000,223317.9157
225000,261700.6825
238000,276821.1664
190000,220991.6874
166000,193076.948
176000,204708.0894
173000,201218.747
148000,172140.8934
101000,117474.5286
206000,239601.5137
143000,166325.3226
150000,174467.1217
180000,209360.546
101000,117474.5286
138000,160509.7519
258000,300083.4493
386000,448962.0597
232000,269842.4815
353000,410579.293
322000,374522.7545
301000,350097.3575
201000,233785.943
236000,274494.9381
219000,254721.9976
224000,260537.5683
216000,251232.6552
223000,259374.4542
191000,222154.8016
161000,187261.3772
164000,190750.7197
159000,184935.149
87000,101190.9306
260000,302409.6775
145000,168651.5509
170000,197729.4045
188000,218665.4591
159000,184935.149
197000,229133.4864
151000,175630.2358
325000,378012.0969
345000,401274.3798
347000,403600.6081
338000,393132.5808
326000,379175.2111
261000,303572.7917
250000,290778.5361
238000,276821.1664
234000,272168.7098
224000,260537.5683
222000,258211.3401
231000,268679.3674
205000,238438.3996
176000,204708.0894
148000,172140.8934
172000,200055.6328
142000,165162.2085
161000,187261.3772
159000,184935.149
157000,182608.9207
155000,180282.6924
156000,181445.8065
141000,163999.0944
172000,200055.6328
230000,267516.2532
357000,415231.7495
391000,454777.6305
287000,333813.7594
385000,447798.9456
297000,345444.9009
252000,293104.7644
233000,271005.5956
219000,254721.9976
233000,271005.5956
231000,268679.3674
234000,272168.7098
177000,205871.2036
201000,233785.943
202000,234949.0572
155000,180282.6924
135000,157020.4095
172000,200055.6328
193000,224481.0299
324000,376848.9828
155000,180282.6924
78000,90722.90326
76000,88396.67497
91000,105843.3871
230000,267516.2532
394000,458266.9729
334000,388480.1242
362000,421047.3203
336000,390806.3525
253000,294267.8785
238000,276821.1664
230000,267516.2532
231000,268679.3674
219000,254721.9976
212000,246580.1986
235000,273331.8239
173000,201218.747
161000,187261.3772
129000,150041.7246
204000,237275.2855
188000,218665.4591
194000,225644.144
196000,227970.3723
209000,243090.8562
139000,161672.8661
236000,274494.9381
113000,131431.8983
206000,239601.5137
255000,296594.1068
334000,388480.1242
326000,379175.2111
313000,364054.7272
294000,341955.5585
279000,324508.8463
234000,272168.7098
224000,260537.5683
228000,265190.0249
218000,253558.8835
247000,287289.1937
124000,144226.1539
215000,250069.541
146000,169814.6651
146000,169814.6651
192000,223317.9157
196000,227970.3723
194000,225644.144
156000,181445.8065
217000,252395.7693
127000,147715.4963
141000,163999.0944
135000,157020.4095
137000,159346.6378
183000,212849.8884
342000,397785.0374
419000,487344.8265
383000,445472.7173
290000,337303.1019
175000,203544.9753
156000,181445.8065
219000,254721.9976
241000,280310.5088
280000,325671.9604
216000,251232.6552
233000,271005.5956
135000,157020.4095
119000,138410.5832
180000,209360.546
178000,207034.3177
193000,224481.0299
199000,231459.7147
194000,225644.144
177000,205871.2036
186000,216339.2309
185000,215176.1167
195000,226807.2582
166000,193076.948
276000,321019.5039
338000,393132.5808
451000,524564.4791
318000,369870.2979
192000,223317.9157
288000,334976.8736
267000,310551.4766
177000,205871.2036
244000,283799.8512
197000,229133.4864
240000,279147.3947
214000,248906.4269
195000,226807.2582
148000,172140.8934
153000,177956.4641
114000,132595.0125
140000,162835.9802
157000,182608.9207
162000,188424.4914
166000,193076.948
157000,182608.9207
166000,193076.948
134000,155857.2953
134000,155857.2953
245000,284962.9654
366000,425699.7768
418000,486181.7124
332000,386153.8959
306000,355912.9282
291000,338466.216
266000,309388.3624
233000,271005.5956
186000,216339.2309
196000,227970.3723
235000,273331.8239
203000,236112.1713
173000,201218.747
164000,190750.7197
192000,223317.9157
168000,195403.1763
178000,207034.3177
160000,186098.2631
156000,181445.8065
145000,168651.5509
151000,175630.2358
154000,179119.5782
142000,165162.2085
179000,208197.4318
223000,259374.4542
356000,414068.6354
394000,458266.9729
367000,426862.891
347000,403600.6081
303000,352423.5858
211000,245417.0845
266000,309388.3624
314000,365217.8413
226000,262863.7966
165000,191913.8338
109000,126779.4417
130000,151204.8388
162000,188424.4914
170000,197729.4045
164000,190750.7197
160000,186098.2631
149000,173304.0075
175000,203544.9753
159000,184935.149
156000,181445.8065
160000,186098.2631
120000,139573.6973
119000,138410.5832
358000,416394.8637
300000,348934.2433
378000,439657.1466
312000,362891.613
225000,261700.6825
280000,325671.9604
316000,367544.0696
311000,361728.4989
250000,290778.5361
172000,200055.6328
213000,247743.3128
212000,246580.1986
125000,145389.268
167000,194240.0621
143000,166325.3226
145000,168651.5509
80000,93049.13155
115000,133758.1266
122000,141899.9256
136000,158183.5236
177000,205871.2036
159000,184935.149
172000,200055.6328
173000,201218.747
227000,264026.9108
318000,369870.2979
420000,488507.9406
387000,450125.1739
383000,445472.7173
119000,138410.5832
349000,405926.8364
264000,307062.1341
152000,176793.3499
168000,195403.1763
277000,322182.618
166000,193076.948
161000,187261.3772
147000,170977.7792
135000,157020.4095
182000,211686.7743
140000,162835.9802
142000,165162.2085
165000,191913.8338
166000,193076.948
167000,194240.0621
159000,184935.149
158000,183772.0348
173000,201218.747
271000,315203.9331
349000,405926.8364
525000,610634.9258
232000,269842.4815
378000,439657.1466
170000,197729.4045
164000,190750.7197
186000,216339.2309
284000,330324.417
220000,255885.1118
340000,395458.8091
199000,231459.7147
165000,191913.8338
166000,193076.948
154000,179119.5782
163000,189587.6055
162000,188424.4914
177000,205871.2036
185000,215176.1167
178000,207034.3177
129000,150041.7246
134000,155857.2953
135000,157020.4095
140000,162835.9802
220000,255885.1118
364000,423373.5486
346000,402437.494
324000,376848.9828
315000,366380.9555
278000,323345.7321
254000,295430.9927
231000,268679.3674
234000,272168.7098
209000,243090.8562
210000,244253.9703
252000,293104.7644
182000,211686.7743
174000,202381.8611
181000,210523.6601
210000,244253.9703
125000,145389.268
251000,291941.6502
147000,170977.7792
170000,197729.4045
166000,193076.948
127000,147715.4963
83000,96538.47398
212000,246580.1986
197000,229133.4864
412000,479203.0275
342000,397785.0374
382000,444309.6032
310000,360565.3848
291000,338466.216
263000,305899.02
244000,283799.8512
231000,268679.3674
221000,257048.2259
242000,281473.6229
226000,262863.7966
196000,227970.3723
165000,191913.8338
157000,182608.9207
173000,201218.747
209000,243090.8562
202000,234949.0572
189000,219828.5733
237000,275658.0522
216000,251232.6552
166000,193076.948
198000,230296.6006
74000,86070.44668
375000,436167.8041
415000,482692.3699
278000,323345.7321
321000,373359.6403
285000,331487.5312
276000,321019.5039
271000,315203.9331
226000,262863.7966
191000,222154.8016
195000,226807.2582
211000,245417.0845
232000,269842.4815
187000,217502.345
141000,163999.0944
216000,251232.6552
192000,223317.9157
248000,288452.3078
163000,189587.6055
199000,231459.7147
154000,179119.5782
158000,183772.0348
171000,198892.5187
146000,169814.6651
146000,169814.6651
217000,252395.7693
319000,371033.4121
382000,444309.6032
348000,404763.7222
339000,394295.6949
282000,327998.1887
254000,295430.9927
238000,276821.1664
236000,274494.9381
226000,262863.7966
316000,367544.0696
258000,300083.4493
198000,230296.6006
156000,181445.8065
176000,204708.0894
191000,222154.8016
246000,286126.0795
160000,186098.2631
274000,318693.2756
162000,188424.4914
260000,302409.6775
207000,240764.6279
128000,148878.6105
146000,169814.6651
228000,265190.0249
329000,382664.5535
346000,402437.494
360000,418721.092
344000,400111.2657
288000,334976.8736
254000,295430.9927
289000,336139.9877
254000,295430.9927
225000,261700.6825
228000,265190.0249
233000,271005.5956
195000,226807.2582
177000,205871.2036
141000,163999.0944
139000,161672.8661
164000,190750.7197
206000,239601.5137
156000,181445.8065
184000,214013.0026
159000,184935.149
160000,186098.2631
104000,120963.871
168000,195403.1763
263000,305899.02
282000,327998.1887
309000,359402.2706
349000,405926.8364
361000,419884.2061
298000,346608.015
237000,275658.0522
243000,282636.7371
263000,305899.02
237000,275658.0522
222000,258211.3401
253000,294267.8785
208000,241927.742
141000,163999.0944
184000,214013.0026
257000,298920.3351
173000,201218.747
178000,207034.3177
177000,205871.2036
57000,66297.50623
255000,296594.1068
155000,180282.6924
167000,194240.0621
154000,179119.5782
208000,241927.742
383000,445472.7173
289000,336139.9877
277000,322182.618
346000,402437.494
292000,339629.3302
253000,294267.8785
260000,302409.6775
267000,310551.4766
215000,250069.541
208000,241927.742
211000,245417.0845
207000,240764.6279
157000,182608.9207
140000,162835.9802
189000,219828.5733
120000,139573.6973
185000,215176.1167
205000,238438.3996
186000,216339.2309
183000,212849.8884
160000,186098.2631
151000,175630.2358
206000,239601.5137
261000,303572.7917
316000,367544.0696
345000,401274.3798
243000,282636.7371
319000,371033.4121
386000,448962.0597
291000,338466.216
238000,276821.1664
226000,262863.7966
223000,259374.4542
219000,254721.9976
241000,280310.5088
182000,211686.7743
180000,209360.546
195000,226807.2582
209000,243090.8562
211000,245417.0845
206000,239601.5137
231000,268679.3674
196000,227970.3723
192000,223317.9157
191000,222154.8016
146000,169814.6651
164000,190750.7197
214000,248906.4269
357000,415231.7495
343000,398948.1515
370000,430352.2334
327000,380338.3252
269000,312877.7048
261000,303572.7917
266000,309388.3624
245000,284962.9654
275000,319856.3897
188000,218665.4591
215000,250069.541
188000,218665.4591
141000,163999.0944
201000,233785.943
195000,226807.2582
188000,218665.4591
198000,230296.6006
195000,226807.2582
190000,220991.6874
195000,226807.2582
177000,205871.2036
153000,177956.4641
155000,180282.6924
257000,298920.3351
352000,409416.1788
364000,423373.5486
340000,395458.8091
370000,430352.2334
243000,282636.7371
282000,327998.1887
223000,259374.4542
223000,259374.4542
249000,289615.422
243000,282636.7371
266000,309388.3624
249000,289615.422
205000,238438.3996
159000,184935.149
159000,184935.149
168000,195403.1763
111000,129105.67
146000,169814.6651
164000,190750.7197
178000,207034.3177
152000,176793.3499
183000,212849.8884
197000,229133.4864
231000,268679.3674
404000,469898.1143
325000,378012.0969
434000,504791.5387
251000,291941.6502
206000,239601.5137
142000,165162.2085
119000,138410.5832
149000,173304.0075
139000,161672.8661
140000,162835.9802
152000,176793.3499
150000,174467.1217
0,0
0,0
0,0
0,0
95000,110495.8437
183000,212849.8884
194000,225644.144
178000,207034.3177
159000,184935.149
162000,188424.4914
156000,181445.8065
193000,224481.0299
331000,384990.7818
355000,412905.5213
379000,440820.2607
389000,452451.4022
209000,243090.8562
280000,325671.9604
264000,307062.1341
243000,282636.7371
224000,260537.5683
222000,258211.3401
229000,266353.1391
185000,215176.1167
212000,246580.1986
149000,173304.0075
159000,184935.149
227000,264026.9108
209000,243090.8562
154000,179119.5782
206000,239601.5137
180000,209360.546
214000,248906.4269
172000,200055.6328
122000,141899.9256
207000,240764.6279
378000,439657.1466
359000,417557.9778
354000,411742.4071
327000,380338.3252
295000,343118.6726
273000,317530.1614
253000,294267.8785
252000,293104.7644
233000,271005.5956
228000,265190.0249
243000,282636.7371
122000,141899.9256
247000,287289.1937
144000,167488.4368
184000,214013.0026
216000,251232.6552
190000,220991.6874
276000,321019.5039
195000,226807.2582
203000,236112.1713
152000,176793.3499
188000,218665.4591
207000,240764.6279
314000,365217.8413
344000,400111.2657
423000,491997.2831
383000,445472.7173
322000,374522.7545
329000,382664.5535
307000,357076.0423
268000,311714.5907
241000,280310.5088
231000,268679.3674
234000,272168.7098
266000,309388.3624
221000,257048.2259
180000,209360.546
194000,225644.144
222000,258211.3401
199000,231459.7147
181000,210523.6601
191000,222154.8016
160000,186098.2631
156000,181445.8065
234000,272168.7098
188000,218665.4591
203000,236112.1713
283000,329161.3029
413000,480366.1416
352000,409416.1788
378000,439657.1466
359000,417557.9778
300000,348934.2433
274000,318693.2756
261000,303572.7917
260000,302409.6775
279000,324508.8463
285000,331487.5312
275000,319856.3897
203000,236112.1713
236000,274494.9381
123000,143063.0398
177000,205871.2036
170000,197729.4045
224000,260537.5683
169000,196566.2904
238000,276821.1664
163000,189587.6055
215000,250069.541
180000,209360.546
223000,259374.4542
362000,421047.3203
283000,329161.3029
421000,489671.0548
381000,443146.489
382000,444309.6032
327000,380338.3252
294000,341955.5585
273000,317530.1614
271000,315203.9331
266000,309388.3624
290000,337303.1019
265000,308225.2483
202000,234949.0572
189000,219828.5733
191000,222154.8016
186000,216339.2309
210000,244253.9703
194000,225644.144
185000,215176.1167
204000,237275.2855
270000,314040.819
205000,238438.3996
228000,265190.0249
189000,219828.5733
297000,345444.9009
367000,426862.891
405000,471061.2285
378000,439657.1466
374000,435004.69
323000,375685.8686
288000,334976.8736
274000,318693.2756
271000,315203.9331
275000,319856.3897
279000,324508.8463
249000,289615.422
213000,247743.3128
191000,222154.8016
211000,245417.0845
208000,241927.742
234000,272168.7098
226000,262863.7966
221000,257048.2259
226000,262863.7966
203000,236112.1713
195000,226807.2582
211000,245417.0845
229000,266353.1391
310000,360565.3848
414000,481529.2558
392000,455940.7446
401000,466408.7719
346000,402437.494
336000,390806.3525
271000,315203.9331
195000,226807.2582
307000,357076.0423
241000,280310.5088
249000,289615.422
186000,216339.2309
206000,239601.5137
186000,216339.2309
201000,233785.943
196000,227970.3723
187000,217502.345
189000,219828.5733
173000,201218.747
204000,237275.2855
184000,214013.0026
174000,202381.8611
190000,220991.6874
213000,247743.3128
353000,410579.293
414000,481529.2558
376000,437330.9183
387000,450125.1739
374000,435004.69
314000,365217.8413
378000,439657.1466
313000,364054.7272
213000,247743.3128
244000,283799.8512
268000,311714.5907
274000,318693.2756
199000,231459.7147
169000,196566.2904
184000,214013.0026
238000,276821.1664
248000,288452.3078
0,0
0,0
96000,111658.9579
184000,214013.0026
216000,251232.6552
230000,267516.2532
199000,231459.7147
178000,207034.3177
219000,254721.9976
210000,244253.9703
209000,243090.8562
144000,167488.4368
182000,211686.7743
101000,117474.5286
352000,409416.1788
206000,239601.5137
272000,316367.0473
216000,251232.6552
269000,312877.7048
179000,208197.4318
167000,194240.0621
187000,217502.345
187000,217502.345
177000,205871.2036
227000,264026.9108
212000,246580.1986
209000,243090.8562
217000,252395.7693
239000,277984.2805
234000,272168.7098
209000,243090.8562
116000,134921.2407
185000,215176.1167
383000,445472.7173
413000,480366.1416
354000,411742.4071
337000,391969.4667
304000,353586.6999
294000,341955.5585
271000,315203.9331
259000,301246.5634
265000,308225.2483
220000,255885.1118
250000,290778.5361
166000,193076.948
170000,197729.4045
212000,246580.1986
197000,229133.4864
187000,217502.345
191000,222154.8016
168000,195403.1763
210000,244253.9703
237000,275658.0522
238000,276821.1664
262000,304735.9058
302000,351260.4716
344000,400111.2657
376000,437330.9183
401000,466408.7719
387000,450125.1739
338000,393132.5808
306000,355912.9282
281000,326835.0746
264000,307062.1341
266000,309388.3624
261000,303572.7917
217000,252395.7693
254000,295430.9927
151000,175630.2358
178000,207034.3177
200000,232622.8289
205000,238438.3996
192000,223317.9157
213000,247743.3128
228000,265190.0249
227000,264026.9108
207000,240764.6279
205000,238438.3996
225000,261700.6825
307000,357076.0423
378000,439657.1466
425000,494323.5114
391000,454777.6305
376000,437330.9183
350000,407089.9505
320000,372196.5262
299000,347771.1292
275000,319856.3897
273000,317530.1614
259000,301246.5634
259000,301246.5634
229000,266353.1391
201000,233785.943
218000,253558.8835
246000,286126.0795
218000,253558.8835
221000,257048.2259
234000,272168.7098
241000,280310.5088
253000,294267.8785
218000,253558.8835
235000,273331.8239
133000,154694.1812
381000,443146.489
373000,433841.5759
393000,457103.8587
420000,488507.9406
366000,425699.7768
348000,404763.7222
267000,310551.4766
279000,324508.8463
282000,327998.1887
301000,350097.3575
307000,357076.0423
285000,331487.5312
216000,251232.6552
193000,224481.0299
207000,240764.6279
215000,250069.541
241000,280310.5088
255000,296594.1068
231000,268679.3674
239000,277984.2805
241000,280310.5088
187000,217502.345
212000,246580.1986
222000,258211.3401
304000,353586.6999
375000,436167.8041
399000,464082.5436
411000,478039.9133
386000,448962.0597
364000,423373.5486
309000,359402.2706
286000,332650.6453
275000,319856.3897
335000,389643.2384
231000,268679.3674
283000,329161.3029
190000,220991.6874
209000,243090.8562
211000,245417.0845
232000,269842.4815
221000,257048.2259
215000,250069.541
240000,279147.3947
236000,274494.9381
248000,288452.3078
237000,275658.0522
231000,268679.3674
257000,298920.3351
311000,361728.4989
368000,428026.0051
384000,446635.8314
458000,532706.2781
326000,379175.2111
349000,405926.8364
292000,339629.3302
258000,300083.4493
275000,319856.3897
329000,382664.5535
272000,316367.0473
297000,345444.9009
204000,237275.2855
201000,233785.943
215000,250069.541
211000,245417.0845
257000,298920.3351
249000,289615.422
255000,296594.1068
205000,238438.3996
210000,244253.9703
288000,334976.8736
269000,312877.7048
167000,194240.0621
229000,266353.1391
474000,551316.1044
409000,475713.6851
507000,589698.8712
390000,453614.5163
333000,387317.0101
227000,264026.9108
263000,305899.02
348000,404763.7222
235000,273331.8239
287000,333813.7594
240000,279147.3947
208000,241927.742
201000,233785.943
221000,257048.2259
157000,182608.9207
263000,305899.02
201000,233785.943
194000,225644.144
230000,267516.2532
151000,175630.2358
234000,272168.7098
250000,290778.5361
272000,316367.0473
290000,337303.1019
386000,448962.0597
398000,462919.4295
375000,436167.8041
378000,439657.1466
296000,344281.7867
292000,339629.3302
295000,343118.6726
268000,311714.5907
269000,312877.7048
241000,280310.5088
275000,319856.3897
230000,267516.2532
195000,226807.2582
182000,211686.7743
247000,287289.1937
173000,201218.747
232000,269842.4815
287000,333813.7594
189000,219828.5733
204000,237275.2855
254000,295430.9927
252000,293104.7644
229000,266353.1391
134000,155857.2953
448000,521075.1367
411000,478039.9133
377000,438494.0324
376000,437330.9183
332000,386153.8959
0,0
0,0
152000,176793.3499
137000,159346.6378
309000,359402.2706
111000,129105.67
146000,169814.6651
222000,258211.3401
170000,197729.4045
183000,212849.8884
205000,238438.3996
138000,160509.7519
169000,196566.2904
244000,283799.8512
220000,255885.1118
155000,180282.6924
148000,172140.8934
175000,203544.9753
240000,279147.3947
394000,458266.9729
337000,391969.4667
379000,440820.2607
395000,459430.087
277000,322182.618
280000,325671.9604
269000,312877.7048
263000,305899.02
273000,317530.1614
274000,318693.2756
263000,305899.02
180000,209360.546
162000,188424.4914
165000,191913.8338
162000,188424.4914
191000,222154.8016
150000,174467.1217
168000,195403.1763
114000,132595.0125
189000,219828.5733
209000,243090.8562
119000,138410.5832
239000,277984.2805
269000,312877.7048
402000,467571.886
420000,488507.9406
376000,437330.9183
369000,429189.1193
327000,380338.3252
293000,340792.4443
275000,319856.3897
300000,348934.2433
276000,321019.5039
146000,169814.6651
254000,295430.9927
198000,230296.6006
169000,196566.2904
197000,229133.4864
177000,205871.2036
183000,212849.8884
198000,230296.6006
182000,211686.7743
131000,152367.9529
175000,203544.9753
144000,167488.4368
177000,205871.2036
195000,226807.2582
280000,325671.9604
363000,422210.4344
443000,515259.566
267000,310551.4766
342000,397785.0374
360000,418721.092
362000,421047.3203
272000,316367.0473
274000,318693.2756
267000,310551.4766
261000,303572.7917
222000,258211.3401
216000,251232.6552
174000,202381.8611
192000,223317.9157
199000,231459.7147
187000,217502.345
145000,168651.5509
174000,202381.8611
166000,193076.948
195000,226807.2582
200000,232622.8289
193000,224481.0299
207000,240764.6279
275000,319856.3897
364000,423373.5486
402000,467571.886
449000,522238.2508
328000,381501.4394
417000,485018.5982
186000,216339.2309
244000,283799.8512
260000,302409.6775
224000,260537.5683
247000,287289.1937
295000,343118.6726
284000,330324.417
204000,237275.2855
238000,276821.1664
176000,204708.0894
134000,155857.2953
173000,201218.747
141000,163999.0944
136000,158183.5236
178000,207034.3177
221000,257048.2259
233000,271005.5956
226000,262863.7966
297000,345444.9009
403000,468735.0002
468000,544337.4196
271000,315203.9331
323000,375685.8686
304000,353586.6999
213000,247743.3128
433000,503628.4245
227000,264026.9108
249000,289615.422
180000,209360.546
213000,247743.3128
175000,203544.9753
153000,177956.4641
185000,215176.1167
187000,217502.345
196000,227970.3723
137000,159346.6378
209000,243090.8562
168000,195403.1763
179000,208197.4318
177000,205871.2036
182000,211686.7743
230000,267516.2532
288000,334976.8736
384000,446635.8314
395000,459430.087
333000,387317.0101
427000,496649.7397
281000,326835.0746
330000,383827.6676
252000,293104.7644
301000,350097.3575
266000,309388.3624
275000,319856.3897
291000,338466.216
156000,181445.8065
132000,153531.0671
163000,189587.6055
170000,197729.4045
173000,201218.747
191000,222154.8016
172000,200055.6328
186000,216339.2309
180000,209360.546
190000,220991.6874
196000,227970.3723
226000,262863.7966
290000,337303.1019
371000,431515.3476
566000,658322.6057
592000,688563.5735
257000,298920.3351
147000,170977.7792
276000,321019.5039
302000,351260.4716
287000,333813.7594
280000,325671.9604
239000,277984.2805
367000,426862.891
150000,174467.1217
164000,190750.7197
175000,203544.9753
181000,210523.6601
184000,214013.0026
161000,187261.3772
240000,279147.3947
188000,218665.4591
207000,240764.6279
179000,208197.4318
217000,252395.7693
234000,272168.7098
286000,332650.6453
368000,428026.0051
405000,471061.2285
504000,586209.5288
321000,373359.6403
397000,461756.3153
201000,233785.943
303000,352423.5858
253000,294267.8785
263000,305899.02
318000,369870.2979
226000,262863.7966
192000,223317.9157
185000,215176.1167
182000,211686.7743
183000,212849.8884
189000,219828.5733
200000,232622.8289
206000,239601.5137
213000,247743.3128
196000,227970.3723
183000,212849.8884
200000,232622.8289
218000,253558.8835
300000,348934.2433
368000,428026.0051
388000,451288.288
393000,457103.8587
367000,426862.891
315000,366380.9555
289000,336139.9877
270000,314040.819
256000,297757.221
264000,307062.1341
292000,339629.3302
249000,289615.422
198000,230296.6006
206000,239601.5137
184000,214013.0026
153000,177956.4641
169000,196566.2904
203000,236112.1713
198000,230296.6006
193000,224481.0299
204000,237275.2855
236000,274494.9381
244000,283799.8512
245000,284962.9654
307000,357076.0423
353000,410579.293
398000,462919.4295
375000,436167.8041
367000,426862.891
350000,407089.9505
303000,352423.5858
282000,327998.1887
272000,316367.0473
266000,309388.3624
280000,325671.9604
269000,312877.7048
187000,217502.345
190000,220991.6874
176000,204708.0894
162000,188424.4914
197000,229133.4864
168000,195403.1763
265000,308225.2483
276000,321019.5039
183000,212849.8884
190000,220991.6874
210000,244253.9703
219000,254721.9976
221000,257048.2259
375000,436167.8041
335000,389643.2384
348000,404763.7222
469000,545500.5337
330000,383827.6676
278000,323345.7321
282000,327998.1887
254000,295430.9927
324000,376848.9828
289000,336139.9877
245000,284962.9654
201000,233785.943
167000,194240.0621
182000,211686.7743
211000,245417.0845
202000,234949.0572
194000,225644.144
188000,218665.4591
189000,219828.5733
189000,219828.5733
190000,220991.6874
206000,239601.5137
221000,257048.2259
306000,355912.9282
352000,409416.1788
400000,465245.6578
401000,466408.7719
364000,423373.5486
302000,351260.4716
266000,309388.3624
299000,347771.1292
310000,360565.3848
248000,288452.3078
294000,341955.5585
280000,325671.9604
138000,160509.7519
180000,209360.546
189000,219828.5733
208000,241927.742
227000,264026.9108
163000,189587.6055
196000,227970.3723
218000,253558.8835
170000,197729.4045
228000,265190.0249
214000,248906.4269
216000,251232.6552
219000,254721.9976
291000,338466.216
376000,437330.9183
388000,451288.288
370000,430352.2334
327000,380338.3252
349000,405926.8364
334000,388480.1242
275000,319856.3897
277000,322182.618
257000,298920.3351
264000,307062.1341
187000,217502.345
178000,207034.3177
202000,234949.0572
220000,255885.1118
235000,273331.8239
189000,219828.5733
161000,187261.3772
190000,220991.6874
239000,277984.2805
202000,234949.0572
198000,230296.6006
257000,298920.3351
388000,451288.288
267000,310551.4766
406000,472224.3426
390000,453614.5163
301000,350097.3575
402000,467571.886
353000,410579.293
302000,351260.4716
284000,330324.417
276000,321019.5039
244000,283799.8512
265000,308225.2483
264000,307062.1341
218000,253558.8835
210000,244253.9703
168000,195403.1763
191000,222154.8016
278000,323345.7321
223000,259374.4542
120000,139573.6973
168000,195403.1763
227000,264026.9108
168000,195403.1763
155000,180282.6924
319000,371033.4121
304000,353586.6999
380000,441983.3749
302000,351260.4716
306000,355912.9282
217000,252395.7693
221000,257048.2259
181000,210523.6601
247000,287289.1937
211000,245417.0845
176000,204708.0894
173000,201218.747
155000,180282.6924
82000,95375.35984
0,0
158000,183772.0348
107000,124453.2134
99000,115148.3003
125000,145389.268
69000,80254.87596
135000,157020.4095
150000,174467.1217
163000,189587.6055
168000,195403.1763
284000,330324.417
269000,312877.7048
361000,419884.2061
345000,401274.3798
338000,393132.5808
192000,223317.9157
202000,234949.0572
196000,227970.3723
191000,222154.8016
156000,181445.8065
0,0
195000,226807.2582
148000,172140.8934
186000,216339.2309
107000,124453.2134
97000,112822.072
109000,126779.4417
100000,116311.4144
89000,103517.1589
94000,109332.7296
71000,82581.10425
128000,148878.6105
100000,116311.4144
181000,210523.6601
187000,217502.345
305000,354749.814
302000,351260.4716
263000,305899.02
240000,279147.3947
210000,244253.9703
191000,222154.8016
146000,169814.6651
169000,196566.2904
167000,194240.0621
176000,204708.0894
180000,209360.546
147000,170977.7792
119000,138410.5832
117000,136084.3549
104000,120963.871
150000,174467.1217
134000,155857.2953
133000,154694.1812
161000,187261.3772
164000,190750.7197
152000,176793.3499
123000,143063.0398
147000,170977.7792
237000,275658.0522
294000,341955.5585
330000,383827.6676
318000,369870.2979
272000,316367.0473
228000,265190.0249
292000,339629.3302
195000,226807.2582
178000,207034.3177
169000,196566.2904
164000,190750.7197
102000,118637.6427
88000,102354.0447
147000,170977.7792
121000,140736.8115
110000,127942.5559
132000,153531.0671
84000,97701.58813
120000,139573.6973
135000,157020.4095
128000,148878.6105
154000,179119.5782
130000,151204.8388
58000,67460.62037
321000,373359.6403
316000,367544.0696
260000,302409.6775
308000,358239.1565
284000,330324.417
232000,269842.4815
185000,215176.1167
183000,212849.8884
188000,218665.4591
194000,225644.144
194000,225644.144
159000,184935.149
149000,173304.0075
130000,151204.8388
141000,163999.0944
139000,161672.8661
141000,163999.0944
93000,108169.6154
105000,122126.9852
64000,74439.30524
162000,188424.4914
64000,74439.30524
164000,190750.7197
162000,188424.4914
247000,287289.1937
315000,366380.9555
269000,312877.7048
249000,289615.422
243000,282636.7371
200000,232622.8289
188000,218665.4591
183000,212849.8884
184000,214013.0026
181000,210523.6601
182000,211686.7743
210000,244253.9703
68000,79091.76182
130000,151204.8388
141000,163999.0944
139000,161672.8661
141000,163999.0944
93000,108169.6154
105000,122126.9852
64000,74439.30524
162000,188424.4914
64000,74439.30524
164000,190750.7197
162000,188424.4914
349000,405926.8364
327000,380338.3252
330000,383827.6676
308000,358239.1565
279000,324508.8463
231000,268679.3674
201000,233785.943
187000,217502.345
179000,208197.4318
183000,212849.8884
208000,241927.742
196000,227970.3723
180000,209360.546
140000,162835.9802
139000,161672.8661
126000,146552.3822
210000,244253.9703
160000,186098.2631
121000,140736.8115
126000,146552.3822
156000,181445.8065
120000,139573.6973
78000,90722.90326
172000,200055.6328
267000,310551.4766
331000,384990.7818
338000,393132.5808
322000,374522.7545
293000,340792.4443
232000,269842.4815
310000,360565.3848
207000,240764.6279
186000,216339.2309
174000,202381.8611
197000,229133.4864
248000,288452.3078
200000,232622.8289
142000,165162.2085
131000,152367.9529
125000,145389.268
132000,153531.0671
146000,169814.6651
144000,167488.4368
148000,172140.8934
154000,179119.5782
143000,166325.3226
150000,174467.1217
155000,180282.6924
263000,305899.02
320000,372196.5262
329000,382664.5535
342000,397785.0374
251000,291941.6502
271000,315203.9331
193000,224481.0299
193000,224481.0299
168000,195403.1763
193000,224481.0299
138000,160509.7519
270000,314040.819
199000,231459.7147
162000,188424.4914
108000,125616.3276
133000,154694.1812
129000,150041.7246
147000,170977.7792
150000,174467.1217
136000,158183.5236
152000,176793.3499
154000,179119.5782
152000,176793.3499
164000,190750.7197
240000,279147.3947
360000,418721.092
319000,371033.4121
280000,325671.9604
369000,429189.1193
184000,214013.0026
201000,233785.943
276000,321019.5039
168000,195403.1763
181000,210523.6601
166000,193076.948
222000,258211.3401
244000,283799.8512
128000,148878.6105
129000,150041.7246
135000,157020.4095
119000,138410.5832
133000,154694.1812
2000,2326.228289
66000,76765.53353
145000,168651.5509
166000,193076.948
154000,179119.5782
200000,232622.8289
265000,308225.2483
344000,400111.2657
340000,395458.8091
261000,303572.7917
359000,417557.9778
190000,220991.6874
222000,258211.3401
185000,215176.1167
199000,231459.7147
187000,217502.345
200000,232622.8289
233000,271005.5956
158000,183772.0348
148000,172140.8934
134000,155857.2953
137000,159346.6378
151000,175630.2358
164000,190750.7197
152000,176793.3499
155000,180282.6924
131000,152367.9529
144000,167488.4368
132000,153531.0671
135000,157020.4095
237000,275658.0522
303000,352423.5858
269000,312877.7048
295000,343118.6726
300000,348934.2433
206000,239601.5137
182000,211686.7743
192000,223317.9157
192000,223317.9157
204000,237275.2855
194000,225644.144
217000,252395.7693
135000,157020.4095
133000,154694.1812
128000,148878.6105
126000,146552.3822
140000,162835.9802
147000,170977.7792
151000,175630.2358
181000,210523.6601
148000,172140.8934
152000,176793.3499
147000,170977.7792
149000,173304.0075
241000,280310.5088
322000,374522.7545
326000,379175.2111
313000,364054.7272
277000,322182.618
224000,260537.5683
190000,220991.6874
236000,274494.9381
180000,209360.546
182000,211686.7743
223000,259374.4542
206000,239601.5137
160000,186098.2631
156000,181445.8065
132000,153531.0671
131000,152367.9529
148000,172140.8934
163000,189587.6055
155000,180282.6924
151000,175630.2358
131000,152367.9529
166000,193076.948
137000,159346.6378
169000,196566.2904
258000,300083.4493
300000,348934.2433
330000,383827.6676
302000,351260.4716
272000,316367.0473
246000,286126.0795
237000,275658.0522
211000,245417.0845
191000,222154.8016
130000,151204.8388
115000,133758.1266
234000,272168.7098
181000,210523.6601
156000,181445.8065
112000,130268.7842
121000,140736.8115
127000,147715.4963
129000,150041.7246
165000,191913.8338
141000,163999.0944
138000,160509.7519
132000,153531.0671
124000,144226.1539
151000,175630.2358
245000,284962.9654
308000,358239.1565
317000,368707.1838
318000,369870.2979
280000,325671.9604
222000,258211.3401
114000,132595.0125
221000,257048.2259
197000,229133.4864
185000,215176.1167
163000,189587.6055
175000,203544.9753
155000,180282.6924
126000,146552.3822
118000,137247.469
123000,143063.0398
126000,146552.3822
106000,123290.0993
69000,80254.87596
87000,101190.9306
15000,17446.71217
15000,17446.71217
163000,189587.6055
120000,139573.6973
278000,323345.7321
281000,326835.0746
349000,405926.8364
320000,372196.5262
269000,312877.7048
221000,257048.2259
212000,246580.1986
196000,227970.3723
184000,214013.0026
179000,208197.4318
186000,216339.2309
215000,250069.541
293000,340792.4443
90000,104680.273
128000,148878.6105
179000,208197.4318
107000,124453.2134
159000,184935.149
106000,123290.0993
113000,131431.8983
153000,177956.4641
118000,137247.469
136000,158183.5236
121000,140736.8115
323000,375685.8686
359000,417557.9778
336000,390806.3525
290000,337303.1019
294000,341955.5585
236000,274494.9381
225000,261700.6825
195000,226807.2582
185000,215176.1167
197000,229133.4864
186000,216339.2309
222000,258211.3401
176000,204708.0894
131000,152367.9529
131000,152367.9529
100000,116311.4144
113000,131431.8983
143000,166325.3226
139000,161672.8661
155000,180282.6924
113000,131431.8983
168000,195403.1763
113000,131431.8983
137000,159346.6378
352000,409416.1788
284000,330324.417
290000,337303.1019
351000,408253.0647
302000,351260.4716
229000,266353.1391
213000,247743.3128
199000,231459.7147
195000,226807.2582
198000,230296.6006
199000,231459.7147
224000,260537.5683
204000,237275.2855
128000,148878.6105
120000,139573.6973
119000,138410.5832
112000,130268.7842
122000,141899.9256
123000,143063.0398
174000,202381.8611
100000,116311.4144
134000,155857.2953
147000,170977.7792
180000,209360.546
260000,302409.6775
322000,374522.7545
322000,374522.7545
300000,348934.2433
282000,327998.1887
242000,281473.6229
209000,243090.8562
199000,231459.7147
196000,227970.3723
194000,225644.144
199000,231459.7147
201000,233785.943
173000,201218.747
51000,59318.82136
129000,150041.7246
123000,143063.0398
121000,140736.8115
101000,117474.5286
157000,182608.9207
127000,147715.4963
154000,179119.5782
113000,131431.8983
113000,131431.8983
131000,152367.9529
230000,267516.2532
325000,378012.0969
333000,387317.0101
301000,350097.3575
299000,347771.1292
244000,283799.8512
189000,219828.5733
190000,220991.6874
187000,217502.345
192000,223317.9157
196000,227970.3723
302000,351260.4716
174000,202381.8611
150000,174467.1217
138000,160509.7519
130000,151204.8388
133000,154694.1812
146000,169814.6651
160000,186098.2631
178000,207034.3177
130000,151204.8388
144000,167488.4368
147000,170977.7792
136000,158183.5236
246000,286126.0795
334000,388480.1242
325000,378012.0969
351000,408253.0647
277000,322182.618
232000,269842.4815
201000,233785.943
219000,254721.9976
208000,241927.742
200000,232622.8289
207000,240764.6279
229000,266353.1391
201000,233785.943
162000,188424.4914
120000,139573.6973
131000,152367.9529
150000,174467.1217
143000,166325.3226
159000,184935.149
152000,176793.3499
129000,150041.7246
171000,198892.5187
145000,168651.5509
138000,160509.7519
243000,282636.7371
333000,387317.0101
345000,401274.3798
324000,376848.9828
287000,333813.7594
265000,308225.2483
237000,275658.0522
278000,323345.7321
234000,272168.7098
167000,194240.0621
228000,265190.0249
119000,138410.5832
174000,202381.8611
151000,175630.2358
129000,150041.7246
147000,170977.7792
136000,158183.5236
152000,176793.3499
156000,181445.8065
144000,167488.4368
153000,177956.4641
148000,172140.8934
142000,165162.2085
147000,170977.7792
114000,132595.0125
323000,375685.8686
338000,393132.5808
357000,415231.7495
213000,247743.3128
209000,243090.8562
281000,326835.0746
231000,268679.3674
202000,234949.0572
207000,240764.6279
200000,232622.8289
234000,272168.7098
177000,205871.2036
214000,248906.4269
130000,151204.8388
131000,152367.9529
127000,147715.4963
142000,165162.2085
151000,175630.2358
144000,167488.4368
159000,184935.149
153000,177956.4641
145000,168651.5509
142000,165162.2085
226000,262863.7966
323000,375685.8686
291000,338466.216
319000,371033.4121
306000,355912.9282
231000,268679.3674
211000,245417.0845
199000,231459.7147
191000,222154.8016
217000,252395.7693
186000,216339.2309
191000,222154.8016
193000,224481.0299
219000,254721.9976
131000,152367.9529
140000,162835.9802
147000,170977.7792
140000,162835.9802
150000,174467.1217
160000,186098.2631
162000,188424.4914
160000,186098.2631
156000,181445.8065
152000,176793.3499
109000,126779.4417
317000,368707.1838
336000,390806.3525
306000,355912.9282
296000,344281.7867
243000,282636.7371
225000,261700.6825
206000,239601.5137
199000,231459.7147
194000,225644.144
235000,273331.8239
188000,218665.4591
334000,388480.1242
170000,197729.4045
127000,147715.4963
141000,163999.0944
157000,182608.9207
151000,175630.2358
179000,208197.4318
161000,187261.3772
155000,180282.6924
150000,174467.1217
146000,169814.6651
143000,166325.3226
165000,191913.8338
331000,384990.7818
319000,371033.4121
316000,367544.0696
276000,321019.5039
248000,288452.3078
223000,259374.4542
265000,308225.2483
199000,231459.7147
191000,222154.8016
191000,222154.8016
257000,298920.3351
153000,177956.4641
148000,172140.8934
138000,160509.7519
146000,169814.6651
136000,158183.5236
145000,168651.5509
161000,187261.3772
158000,183772.0348
155000,180282.6924
155000,180282.6924
146000,169814.6651
143000,166325.3226
242000,281473.6229
348000,404763.7222
326000,379175.2111
322000,374522.7545
311000,361728.4989
249000,289615.422
245000,284962.9654
200000,232622.8289
185000,215176.1167
194000,225644.144
222000,258211.3401
228000,265190.0249
161000,187261.3772
160000,186098.2631
131000,152367.9529
133000,154694.1812
133000,154694.1812
169000,196566.2904
155000,180282.6924
134000,155857.2953
162000,188424.4914
150000,174467.1217
145000,168651.5509
146000,169814.6651
255000,296594.1068
353000,410579.293
368000,428026.0051
320000,372196.5262
279000,324508.8463
278000,323345.7321
213000,247743.3128
234000,272168.7098
213000,247743.3128
201000,233785.943
194000,225644.144
206000,239601.5137
91000,105843.3871
163000,189587.6055
137000,159346.6378
132000,153531.0671
118000,137247.469
83000,96538.47398
104000,120963.871
110000,127942.5559
86000,100027.8164
134000,155857.2953
143000,166325.3226
128000,148878.6105
227000,264026.9108
358000,416394.8637
344000,400111.2657
325000,378012.0969
316000,367544.0696
261000,303572.7917
231000,268679.3674
234000,272168.7098
229000,266353.1391
226000,262863.7966
218000,253558.8835
221000,257048.2259
76000,88396.67497
139000,161672.8661
131000,152367.9529
122000,141899.9256
133000,154694.1812
126000,146552.3822
138000,160509.7519
142000,165162.2085
139000,161672.8661
140000,162835.9802
181000,210523.6601
120000,139573.6973
250000,290778.5361
384000,446635.8314
343000,398948.1515
337000,391969.4667
252000,293104.7644
235000,273331.8239
202000,234949.0572
212000,246580.1986
191000,222154.8016
199000,231459.7147
197000,229133.4864
200000,232622.8289
155000,180282.6924
134000,155857.2953
134000,155857.2953
133000,154694.1812
126000,146552.3822
162000,188424.4914
140000,162835.9802
161000,187261.3772
145000,168651.5509
153000,177956.4641
156000,181445.8065
123000,143063.0398
273000,317530.1614
337000,391969.4667
364000,423373.5486
371000,431515.3476
332000,386153.8959
312000,362891.613
217000,252395.7693
194000,225644.144
188000,218665.4591
201000,233785.943
232000,269842.4815
175000,203544.9753
186000,216339.2309
160000,186098.2631
181000,210523.6601
164000,190750.7197
184000,214013.0026
83000,96538.47398
142000,165162.2085
147000,170977.7792
137000,159346.6378
169000,196566.2904
147000,170977.7792
156000,181445.8065
239000,277984.2805
388000,451288.288
324000,376848.9828
332000,386153.8959
228000,265190.0249
180000,209360.546
194000,225644.144
114000,132595.0125
41000,47687.67992
2000,2326.228289
2000,2326.228289
37000,43035.22334
191000,222154.8016
140000,162835.9802
142000,165162.2085
149000,173304.0075
58000,67460.62037
68000,79091.76182
121000,140736.8115
122000,141899.9256
115000,133758.1266
157000,182608.9207
151000,175630.2358
153000,177956.4641
180000,209360.546
353000,410579.293
342000,397785.0374
316000,367544.0696
300000,348934.2433
223000,259374.4542
195000,226807.2582
188000,218665.4591
192000,223317.9157
200000,232622.8289
191000,222154.8016
197000,229133.4864
152000,176793.3499
154000,179119.5782
90000,104680.273
121000,140736.8115
0,0
69000,80254.87596
162000,188424.4914
164000,190750.7197
0,0
0,0
0,0
103000,119800.7569
263000,305899.02
353000,410579.293
319000,371033.4121
333000,387317.0101
268000,311714.5907
224000,260537.5683
204000,237275.2855
195000,226807.2582
182000,211686.7743
187000,217502.345
200000,232622.8289
194000,225644.144
159000,184935.149
148000,172140.8934
150000,174467.1217
134000,155857.2953
133000,154694.1812
142000,165162.2085
162000,188424.4914
142000,165162.2085
149000,173304.0075
131000,152367.9529
140000,162835.9802
137000,159346.6378
249000,289615.422
333000,387317.0101
342000,397785.0374
297000,345444.9009
240000,279147.3947
223000,259374.4542
208000,241927.742
183000,212849.8884
172000,200055.6328
183000,212849.8884
196000,227970.3723
192000,223317.9157
199000,231459.7147
135000,157020.4095
101000,117474.5286
58000,67460.62037
75000,87233.56083
123000,143063.0398
115000,133758.1266
117000,136084.3549
143000,166325.3226
141000,163999.0944
95000,110495.8437
135000,157020.4095
252000,293104.7644
358000,416394.8637
334000,388480.1242
320000,372196.5262
285000,331487.5312
196000,227970.3723
173000,201218.747
179000,208197.4318
173000,201218.747
173000,201218.747
170000,197729.4045
196000,227970.3723
163000,189587.6055
106000,123290.0993
133000,154694.1812
137000,159346.6378
42000,48850.79406
155000,180282.6924
104000,120963.871
125000,145389.268
128000,148878.6105
59000,68623.73452
112000,130268.7842
133000,154694.1812
214000,248906.4269
315000,366380.9555
330000,383827.6676
303000,352423.5858
254000,295430.9927
210000,244253.9703
0,0
141000,163999.0944
177000,205871.2036
188000,218665.4591
199000,231459.7147
186000,216339.2309
186000,216339.2309
150000,174467.1217
129000,150041.7246
120000,139573.6973
140000,162835.9802
166000,193076.948
161000,187261.3772
147000,170977.7792
131000,152367.9529
145000,168651.5509
142000,165162.2085
119000,138410.5832
2000,2326.228289
343000,398948.1515
359000,417557.9778
340000,395458.8091
280000,325671.9604
236000,274494.9381
227000,264026.9108
195000,226807.2582
180000,209360.546
185000,215176.1167
190000,220991.6874
169000,196566.2904
160000,186098.2631
141000,163999.0944
127000,147715.4963
130000,151204.8388
132000,153531.0671
150000,174467.1217
147000,170977.7792
195000,226807.2582
158000,183772.0348
155000,180282.6924
152000,176793.3499
133000,154694.1812
230000,267516.2532
314000,365217.8413
310000,360565.3848
329000,382664.5535
283000,329161.3029
210000,244253.9703
196000,227970.3723
154000,179119.5782
199000,231459.7147
227000,264026.9108
133000,154694.1812
203000,236112.1713
152000,176793.3499
136000,158183.5236
134000,155857.2953
134000,155857.2953
123000,143063.0398
95000,110495.8437
49000,56992.59308
168000,195403.1763
116000,134921.2407
103000,119800.7569
54000,62808.1638
0,0
308000,358239.1565
331000,384990.7818
322000,374522.7545
303000,352423.5858
268000,311714.5907
202000,234949.0572
185000,215176.1167
170000,197729.4045
173000,201218.747
184000,214013.0026
196000,227970.3723
118000,137247.469
133000,154694.1812
137000,159346.6378
129000,150041.7246
117000,136084.3549
115000,133758.1266
120000,139573.6973
137000,159346.6378
147000,170977.7792
129000,150041.7246
138000,160509.7519
128000,148878.6105
139000,161672.8661
236000,274494.9381
320000,372196.5262
300000,348934.2433
302000,351260.4716
237000,275658.0522
207000,240764.6279
192000,223317.9157
184000,214013.0026
183000,212849.8884
192000,223317.9157
199000,231459.7147
212000,246580.1986
187000,217502.345
124000,144226.1539
124000,144226.1539
127000,147715.4963
122000,141899.9256
141000,163999.0944
148000,172140.8934
149000,173304.0075
124000,144226.1539
131000,152367.9529
135000,157020.4095
126000,146552.3822
165000,191913.8338
339000,394295.6949
343000,398948.1515
319000,371033.4121
278000,323345.7321
247000,287289.1937
202000,234949.0572
184000,214013.0026
181000,210523.6601
192000,223317.9157
186000,216339.2309
200000,232622.8289
259000,301246.5634
165000,191913.8338
150000,174467.1217
142000,165162.2085
118000,137247.469
128000,148878.6105
140000,162835.9802
133000,154694.1812
131000,152367.9529
65000,75602.41939
100000,116311.4144
140000,162835.9802
233000,271005.5956
336000,390806.3525
353000,410579.293
352000,409416.1788
262000,304735.9058
216000,251232.6552
173000,201218.747
190000,220991.6874
180000,209360.546
189000,219828.5733
181000,210523.6601
197000,229133.4864
180000,209360.546
132000,153531.0671
125000,145389.268
119000,138410.5832
128000,148878.6105
128000,148878.6105
123000,143063.0398
127000,147715.4963
156000,181445.8065
129000,150041.7246
0,0
0,0
69000,80254.87596
394000,458266.9729
314000,365217.8413
354000,411742.4071
220000,255885.1118
251000,291941.6502
216000,251232.6552
150000,174467.1217
172000,200055.6328
168000,195403.1763
231000,268679.3674
206000,239601.5137
245000,284962.9654
164000,190750.7197
94000,109332.7296
124000,144226.1539
132000,153531.0671
134000,155857.2953
142000,165162.2085
135000,157020.4095
161000,187261.3772
163000,189587.6055
160000,186098.2631
137000,159346.6378
184000,214013.0026
337000,391969.4667
350000,407089.9505
318000,369870.2979
248000,288452.3078
297000,345444.9009
223000,259374.4542
161000,187261.3772
177000,205871.2036
156000,181445.8065
203000,236112.1713
239000,277984.2805
236000,274494.9381
150000,174467.1217
130000,151204.8388
139000,161672.8661
127000,147715.4963
107000,124453.2134
102000,118637.6427
66000,76765.53353
125000,145389.268
162000,188424.4914
146000,169814.6651
141000,163999.0944
192000,223317.9157
356000,414068.6354
232000,269842.4815
342000,397785.0374
355000,412905.5213
222000,258211.3401
183000,212849.8884
174000,202381.8611
188000,218665.4591
187000,217502.345
203000,236112.1713
265000,308225.2483
217000,252395.7693
175000,203544.9753
119000,138410.5832
118000,137247.469
130000,151204.8388
146000,169814.6651
158000,183772.0348
174000,202381.8611
167000,194240.0621
151000,175630.2358
142000,165162.2085
149000,173304.0075
206000,239601.5137
329000,382664.5535
366000,425699.7768
308000,358239.1565
311000,361728.4989
231000,268679.3674
210000,244253.9703
177000,205871.2036
181000,210523.6601
182000,211686.7743
179000,208197.4318
181000,210523.6601
163000,189587.6055
151000,175630.2358
173000,201218.747
150000,174467.1217
141000,163999.0944
164000,190750.7197
172000,200055.6328
160000,186098.2631
170000,197729.4045
159000,184935.149
150000,174467.1217
131000,152367.9529
241000,280310.5088
307000,357076.0423
363000,422210.4344
339000,394295.6949
303000,352423.5858
214000,248906.4269
183000,212849.8884
189000,219828.5733
183000,212849.8884
183000,212849.8884
182000,211686.7743
216000,251232.6552
164000,190750.7197
127000,147715.4963
123000,143063.0398
138000,160509.7519
175000,203544.9753
221000,257048.2259
182000,211686.7743
165000,191913.8338
169000,196566.2904
156000,181445.8065
162000,188424.4914
126000,146552.3822
154000,179119.5782
357000,415231.7495
262000,304735.9058
363000,422210.4344
272000,316367.0473
235000,273331.8239
185000,215176.1167
196000,227970.3723
180000,209360.546
233000,271005.5956
222000,258211.3401
189000,219828.5733
117000,136084.3549
164000,190750.7197
163000,189587.6055
163000,189587.6055
202000,234949.0572
138000,160509.7519
130000,151204.8388
134000,155857.2953
125000,145389.268
197000,229133.4864
146000,169814.6651
167000,194240.0621
304000,353586.6999
182000,211686.7743
359000,417557.9778
353000,410579.293
322000,374522.7545
206000,239601.5137
214000,248906.4269
172000,200055.6328
196000,227970.3723
203000,236112.1713
189000,219828.5733
182000,211686.7743
175000,203544.9753
150000,174467.1217
153000,177956.4641
139000,161672.8661
115000,133758.1266
128000,148878.6105
153000,177956.4641
127000,147715.4963
132000,153531.0671
143000,166325.3226
158000,183772.0348
140000,162835.9802
241000,280310.5088
379000,440820.2607
354000,411742.4071
284000,330324.417
268000,311714.5907
211000,245417.0845
212000,246580.1986
189000,219828.5733
186000,216339.2309
182000,211686.7743
172000,200055.6328
218000,253558.8835
190000,220991.6874
150000,174467.1217
136000,158183.5236
170000,197729.4045
70000,81417.99011
122000,141899.9256
145000,168651.5509
140000,162835.9802
146000,169814.6651
45000,52340.1365
79000,91886.01741
105000,122126.9852
136000,158183.5236
334000,388480.1242
333000,387317.0101
338000,393132.5808
292000,339629.3302
229000,266353.1391
168000,195403.1763
184000,214013.0026
196000,227970.3723
190000,220991.6874
185000,215176.1167
225000,261700.6825
156000,181445.8065
148000,172140.8934
163000,189587.6055
13000,15120.48388
50000,58155.70722
109000,126779.4417
111000,129105.67
111000,129105.67
95000,110495.8437
110000,127942.5559
121000,140736.8115
129000,150041.7246
224000,260537.5683
273000,317530.1614
337000,391969.4667
313000,364054.7272
272000,316367.0473
201000,233785.943
171000,198892.5187
140000,162835.9802
147000,170977.7792
254000,295430.9927
252000,293104.7644
220000,255885.1118
144000,167488.4368
141000,163999.0944
128000,148878.6105
137000,159346.6378
158000,183772.0348
165000,191913.8338
158000,183772.0348
132000,153531.0671
143000,166325.3226
110000,127942.5559
113000,131431.8983
125000,145389.268
207000,240764.6279
340000,395458.8091
318000,369870.2979
322000,374522.7545
278000,323345.7321
182000,211686.7743
191000,222154.8016
175000,203544.9753
162000,188424.4914
157000,182608.9207
174000,202381.8611
199000,231459.7147
129000,150041.7246
96000,111658.9579
134000,155857.2953
155000,180282.6924
167000,194240.0621
164000,190750.7197
173000,201218.747
188000,218665.4591
157000,182608.9207
65000,75602.41939
0,0
0,0
0,0
0,0
0,0
0,0
0,0
0,0
174000,202381.8611
161000,187261.3772
158000,183772.0348
171000,198892.5187
182000,211686.7743
179000,208197.4318
161000,187261.3772
133000,154694.1812
147000,170977.7792
137000,159346.6378
157000,182608.9207
158000,183772.0348
172000,200055.6328
166000,193076.948
172000,200055.6328
158000,183772.0348
153000,177956.4641
142000,165162.2085
237000,275658.0522
326000,379175.2111
262000,304735.9058
234000,272168.7098
215000,250069.541
206000,239601.5137
186000,216339.2309
172000,200055.6328
170000,197729.4045
156000,181445.8065
167000,194240.0621
205000,238438.3996
159000,184935.149
148000,172140.8934
130000,151204.8388
152000,176793.3499
156000,181445.8065
175000,203544.9753
186000,216339.2309
167000,194240.0621
157000,182608.9207
142000,165162.2085
152000,176793.3499
65000,75602.41939
217000,252395.7693
303000,352423.5858
279000,324508.8463
331000,384990.7818
276000,321019.5039
184000,214013.0026
138000,160509.7519
161000,187261.3772
168000,195403.1763
174000,202381.8611
182000,211686.7743
228000,265190.0249
90000,104680.273
154000,179119.5782
230000,267516.2532
144000,167488.4368
139000,161672.8661
155000,180282.6924
205000,238438.3996
150000,174467.1217
138000,160509.7519
183000,212849.8884
159000,184935.149
142000,165162.2085
194000,225644.144
376000,437330.9183
290000,337303.1019
276000,321019.5039
239000,277984.2805
199000,231459.7147
133000,154694.1812
143000,166325.3226
153000,177956.4641
153000,177956.4641
172000,200055.6328
265000,308225.2483
173000,201218.747
149000,173304.0075
198000,230296.6006
162000,188424.4914
126000,146552.3822
113000,131431.8983
132000,153531.0671
152000,176793.3499
160000,186098.2631
142000,165162.2085
165000,191913.8338
185000,215176.1167
212000,246580.1986
342000,397785.0374
392000,455940.7446
283000,329161.3029
253000,294267.8785
216000,251232.6552
184000,214013.0026
163000,189587.6055
158000,183772.0348
147000,170977.7792
145000,168651.5509
196000,227970.3723
159000,184935.149
124000,144226.1539
140000,162835.9802
137000,159346.6378
119000,138410.5832
99000,115148.3003
106000,123290.0993
80000,93049.13155
123000,143063.0398
140000,162835.9802
157000,182608.9207
135000,157020.4095
221000,257048.2259
300000,348934.2433
311000,361728.4989
271000,315203.9331
262000,304735.9058
162000,188424.4914
140000,162835.9802
152000,176793.3499
151000,175630.2358
147000,170977.7792
154000,179119.5782
160000,186098.2631
181000,210523.6601
123000,143063.0398
120000,139573.6973
124000,144226.1539
125000,145389.268
137000,159346.6378
137000,159346.6378
159000,184935.149
122000,141899.9256
137000,159346.6378
123000,143063.0398
148000,172140.8934
217000,252395.7693
315000,366380.9555
355000,412905.5213
297000,345444.9009
243000,282636.7371
214000,248906.4269
159000,184935.149
169000,196566.2904
154000,179119.5782
159000,184935.149
171000,198892.5187
178000,207034.3177
160000,186098.2631
117000,136084.3549
117000,136084.3549
54000,62808.1638
125000,145389.268
130000,151204.8388
137000,159346.6378
145000,168651.5509
132000,153531.0671
128000,148878.6105
130000,151204.8388
127000,147715.4963
233000,271005.5956
331000,384990.7818
306000,355912.9282
287000,333813.7594
242000,281473.6229
193000,224481.0299
171000,198892.5187
160000,186098.2631
157000,182608.9207
163000,189587.6055
174000,202381.8611
183000,212849.8884
163000,189587.6055
116000,134921.2407
121000,140736.8115
129000,150041.7246
123000,143063.0398
132000,153531.0671
135000,157020.4095
124000,144226.1539
142000,165162.2085
115000,133758.1266
126000,146552.3822
113000,131431.8983
213000,247743.3128
320000,372196.5262
306000,355912.9282
290000,337303.1019
254000,295430.9927
199000,231459.7147
190000,220991.6874
170000,197729.4045
169000,196566.2904
156000,181445.8065
165000,191913.8338
176000,204708.0894
158000,183772.0348
143000,166325.3226
124000,144226.1539
123000,143063.0398
123000,143063.0398
138000,160509.7519
145000,168651.5509
144000,167488.4368
140000,162835.9802
124000,144226.1539
129000,150041.7246
149000,173304.0075
222000,258211.3401
333000,387317.0101
322000,374522.7545
289000,336139.9877
271000,315203.9331
200000,232622.8289
173000,201218.747
168000,195403.1763
156000,181445.8065
153000,177956.4641
175000,203544.9753
206000,239601.5137
0,0
0,0
0,0
5000,5815.570722
146000,169814.6651
151000,175630.2358
153000,177956.4641
139000,161672.8661
128000,148878.6105
124000,144226.1539
125000,145389.268
124000,144226.1539
218000,253558.8835
309000,359402.2706
352000,409416.1788
288000,334976.8736
316000,367544.0696
210000,244253.9703
188000,218665.4591
156000,181445.8065
155000,180282.6924
165000,191913.8338
169000,196566.2904
185000,215176.1167
150000,174467.1217
130000,151204.8388
138000,160509.7519
149000,173304.0075
163000,189587.6055
164000,190750.7197
163000,189587.6055
142000,165162.2085
140000,162835.9802
139000,161672.8661
129000,150041.7246
133000,154694.1812
232000,269842.4815
326000,379175.2111
323000,375685.8686
305000,354749.814
234000,272168.7098
202000,234949.0572
178000,207034.3177
151000,175630.2358
160000,186098.2631
170000,197729.4045
174000,202381.8611
237000,275658.0522
162000,188424.4914
128000,148878.6105
126000,146552.3822
127000,147715.4963
112000,130268.7842
50000,58155.70722
0,0
258000,300083.4493
129000,150041.7246
142000,165162.2085
133000,154694.1812
137000,159346.6378
233000,271005.5956
352000,409416.1788
313000,364054.7272
278000,323345.7321
321000,373359.6403
186000,216339.2309
207000,240764.6279
181000,210523.6601
185000,215176.1167
173000,201218.747
174000,202381.8611
137000,159346.6378
201000,233785.943
143000,166325.3226
144000,167488.4368
131000,152367.9529
170000,197729.4045
190000,220991.6874
179000,208197.4318
169000,196566.2904
183000,212849.8884
182000,211686.7743
172000,200055.6328
147000,170977.7792
254000,295430.9927
334000,388480.1242
392000,455940.7446
322000,374522.7545
263000,305899.02
239000,277984.2805
190000,220991.6874
175000,203544.9753
98000,113985.1862
163000,189587.6055
190000,220991.6874
228000,265190.0249
195000,226807.2582
187000,217502.345
161000,187261.3772
147000,170977.7792
138000,160509.7519
150000,174467.1217
163000,189587.6055
170000,197729.4045
168000,195403.1763
180000,209360.546
129000,150041.7246
154000,179119.5782
240000,279147.3947
345000,401274.3798
358000,416394.8637
344000,400111.2657
299000,347771.1292
267000,310551.4766
211000,245417.0845
199000,231459.7147
183000,212849.8884
235000,273331.8239
208000,241927.742
251000,291941.6502
209000,243090.8562
208000,241927.742
194000,225644.144
190000,220991.6874
194000,225644.144
179000,208197.4318
190000,220991.6874
205000,238438.3996
195000,226807.2582
182000,211686.7743
189000,219828.5733
199000,231459.7147
262000,304735.9058
374000,435004.69
0,0
0,0
335000,389643.2384
161000,187261.3772
221000,257048.2259
213000,247743.3128
221000,257048.2259
227000,264026.9108
146000,169814.6651
235000,273331.8239
250000,290778.5361
209000,243090.8562
196000,227970.3723
183000,212849.8884
192000,223317.9157
179000,208197.4318
168000,195403.1763
166000,193076.948
174000,202381.8611
172000,200055.6328
184000,214013.0026
166000,193076.948
252000,293104.7644
358000,416394.8637
375000,436167.8041
352000,409416.1788
326000,379175.2111
240000,279147.3947
219000,254721.9976
220000,255885.1118
183000,212849.8884
217000,252395.7693
181000,210523.6601
216000,251232.6552
189000,219828.5733
187000,217502.345
160000,186098.2631
147000,170977.7792
175000,203544.9753
173000,201218.747
162000,188424.4914
165000,191913.8338
166000,193076.948
146000,169814.6651
160000,186098.2631
142000,165162.2085
260000,302409.6775
340000,395458.8091
353000,410579.293
330000,383827.6676
285000,331487.5312
269000,312877.7048
212000,246580.1986
250000,290778.5361
171000,198892.5187
213000,247743.3128
207000,240764.6279
219000,254721.9976
193000,224481.0299
167000,194240.0621
148000,172140.8934
133000,154694.1812
158000,183772.0348
149000,173304.0075
164000,190750.7197
160000,186098.2631
98000,113985.1862
80000,93049.13155
148000,172140.8934
160000,186098.2631
275000,319856.3897
350000,407089.9505
338000,393132.5808
308000,358239.1565
269000,312877.7048
219000,254721.9976
196000,227970.3723
101000,117474.5286
192000,223317.9157
187000,217502.345
184000,214013.0026
225000,261700.6825
196000,227970.3723
194000,225644.144
127000,147715.4963
161000,187261.3772
155000,180282.6924
173000,201218.747
151000,175630.2358
168000,195403.1763
85000,98864.70227
21000,24425.39703
119000,138410.5832
137000,159346.6378
202000,234949.0572
218000,253558.8835
124000,144226.1539
205000,238438.3996
181000,210523.6601
143000,166325.3226
132000,153531.0671
123000,143063.0398
132000,153531.0671
111000,129105.67
125000,145389.268
143000,166325.3226
124000,144226.1539
119000,138410.5832
118000,137247.469
142000,165162.2085
70000,81417.99011
128000,148878.6105
139000,161672.8661
124000,144226.1539
116000,134921.2407
195000,226807.2582
156000,181445.8065
149000,173304.0075
219000,254721.9976
329000,382664.5535
360000,418721.092
317000,368707.1838
274000,318693.2756
216000,251232.6552
192000,223317.9157
197000,229133.4864
163000,189587.6055
178000,207034.3177
180000,209360.546
226000,262863.7966
142000,165162.2085
146000,169814.6651
137000,159346.6378
153000,177956.4641
131000,152367.9529
125000,145389.268
146000,169814.6651
156000,181445.8065
150000,174467.1217
136000,158183.5236
133000,154694.1812
138000,160509.7519
233000,271005.5956
323000,375685.8686
327000,380338.3252
301000,350097.3575
313000,364054.7272
153000,177956.4641
186000,216339.2309
178000,207034.3177
174000,202381.8611
171000,198892.5187
187000,217502.345
286000,332650.6453
181000,210523.6601
152000,176793.3499
140000,162835.9802
130000,151204.8388
116000,134921.2407
147000,170977.7792
147000,170977.7792
149000,173304.0075
152000,176793.3499
126000,146552.3822
159000,184935.149
135000,157020.4095
224000,260537.5683
351000,408253.0647
352000,409416.1788
305000,354749.814
263000,305899.02
237000,275658.0522
196000,227970.3723
185000,215176.1167
178000,207034.3177
190000,220991.6874
199000,231459.7147
207000,240764.6279
201000,233785.943
149000,173304.0075
138000,160509.7519
143000,166325.3226
127000,147715.4963
129000,150041.7246
134000,155857.2953
146000,169814.6651
129000,150041.7246
125000,145389.268
126000,146552.3822
123000,143063.0398
219000,254721.9976
359000,417557.9778
325000,378012.0969
313000,364054.7272
308000,358239.1565
207000,240764.6279
211000,245417.0845
188000,218665.4591
195000,226807.2582
144000,167488.4368
162000,188424.4914
174000,202381.8611
152000,176793.3499
238000,276821.1664
155000,180282.6924
140000,162835.9802
136000,158183.5236
146000,169814.6651
164000,190750.7197
159000,184935.149
148000,172140.8934
144000,167488.4368
125000,145389.268
123000,143063.0398
223000,259374.4542
337000,391969.4667
322000,374522.7545
341000,396621.9232
284000,330324.417
200000,232622.8289
164000,190750.7197
164000,190750.7197
179000,208197.4318
192000,223317.9157
194000,225644.144
224000,260537.5683
173000,201218.747
155000,180282.6924
143000,166325.3226
145000,168651.5509
126000,146552.3822
116000,134921.2407
81000,94212.2457
81000,94212.2457
73000,84907.33254
78000,90722.90326
131000,152367.9529
140000,162835.9802
226000,262863.7966
335000,389643.2384
365000,424536.6627
290000,337303.1019
292000,339629.3302
261000,303572.7917
216000,251232.6552
179000,208197.4318
161000,187261.3772
167000,194240.0621
174000,202381.8611
218000,253558.8835
180000,209360.546
165000,191913.8338
128000,148878.6105
119000,138410.5832
120000,139573.6973
128000,148878.6105
141000,163999.0944
135000,157020.4095
129000,150041.7246
132000,153531.0671
131000,152367.9529
130000,151204.8388
244000,283799.8512
328000,381501.4394
340000,395458.8091
312000,362891.613
259000,301246.5634
215000,250069.541
199000,231459.7147
185000,215176.1167
188000,218665.4591
200000,232622.8289
128000,148878.6105
207000,240764.6279
199000,231459.7147
149000,173304.0075
126000,146552.3822
128000,148878.6105
145000,168651.5509
142000,165162.2085
192000,223317.9157
161000,187261.3772
184000,214013.0026
143000,166325.3226
139000,161672.8661
111000,129105.67
206000,239601.5137
336000,390806.3525
295000,343118.6726
312000,362891.613
285000,331487.5312
231000,268679.3674
211000,245417.0845
185000,215176.1167
189000,219828.5733
201000,233785.943
225000,261700.6825
228000,265190.0249
172000,200055.6328
152000,176793.3499
140000,162835.9802
135000,157020.4095
122000,141899.9256
141000,163999.0944
146000,169814.6651
140000,162835.9802
131000,152367.9529
124000,144226.1539
123000,143063.0398
143000,166325.3226
299000,347771.1292
236000,274494.9381
262000,304735.9058
327000,380338.3252
216000,251232.6552
205000,238438.3996
191000,222154.8016
169000,196566.2904
179000,208197.4318
179000,208197.4318
176000,204708.0894
166000,193076.948
133000,154694.1812
140000,162835.9802
131000,152367.9529
123000,143063.0398
120000,139573.6973
125000,145389.268
149000,173304.0075
145000,168651.5509
134000,155857.2953
129000,150041.7246
126000,146552.3822
135000,157020.4095
232000,269842.4815
346000,402437.494
333000,387317.0101
313000,364054.7272
266000,309388.3624
197000,229133.4864
205000,238438.3996
149000,173304.0075
177000,205871.2036
166000,193076.948
221000,257048.2259
196000,227970.3723
171000,198892.5187
162000,188424.4914
139000,161672.8661
119000,138410.5832
118000,137247.469
120000,139573.6973
114000,132595.0125
118000,137247.469
125000,145389.268
127000,147715.4963
134000,155857.2953
116000,134921.2407
262000,304735.9058
283000,329161.3029
338000,393132.5808
300000,348934.2433
277000,322182.618
215000,250069.541
276000,321019.5039
192000,223317.9157
175000,203544.9753
194000,225644.144
199000,231459.7147
177000,205871.2036
0,0
0,0
0,0
0,0
0,0
195000,226807.2582
191000,222154.8016
164000,190750.7197
158000,183772.0348
151000,175630.2358
139000,161672.8661
166000,193076.948
232000,269842.4815
322000,374522.7545
343000,398948.1515
316000,367544.0696
266000,309388.3624
244000,283799.8512
195000,226807.2582
188000,218665.4591
177000,205871.2036
173000,201218.747
181000,210523.6601
204000,237275.2855
199000,231459.7147
172000,200055.6328
117000,136084.3549
112000,130268.7842
134000,155857.2953
121000,140736.8115
145000,168651.5509
144000,167488.4368
139000,161672.8661
131000,152367.9529
127000,147715.4963
121000,140736.8115
225000,261700.6825
314000,365217.8413
362000,421047.3203
303000,352423.5858
285000,331487.5312
211000,245417.0845
189000,219828.5733
178000,207034.3177
174000,202381.8611
177000,205871.2036
192000,223317.9157
208000,241927.742
187000,217502.345
135000,157020.4095
144000,167488.4368
99000,115148.3003
140000,162835.9802
156000,181445.8065
167000,194240.0621
152000,176793.3499
128000,148878.6105
138000,160509.7519
120000,139573.6973
134000,155857.2953
222000,258211.3401
374000,435004.69
322000,374522.7545
318000,369870.2979
306000,355912.9282
231000,268679.3674
203000,236112.1713
201000,233785.943
193000,224481.0299
200000,232622.8289
215000,250069.541
208000,241927.742
198000,230296.6006
144000,167488.4368
129000,150041.7246
125000,145389.268
138000,160509.7519
137000,159346.6378
104000,120963.871
142000,165162.2085
134000,155857.2953
125000,145389.268
114000,132595.0125
111000,129105.67
215000,250069.541
352000,409416.1788
180000,209360.546
180000,209360.546
260000,302409.6775
180000,209360.546
169000,196566.2904
166000,193076.948
140000,162835.9802
144000,167488.4368
161000,187261.3772
202000,234949.0572
138000,160509.7519
129000,150041.7246
117000,136084.3549
142000,165162.2085
112000,130268.7842
110000,127942.5559
126000,146552.3822
150000,174467.1217
154000,179119.5782
142000,165162.2085
145000,168651.5509
151000,175630.2358
242000,281473.6229
359000,417557.9778
322000,374522.7545
287000,333813.7594
268000,311714.5907
224000,260537.5683
183000,212849.8884
173000,201218.747
169000,196566.2904
171000,198892.5187
185000,215176.1167
191000,222154.8016
176000,204708.0894
131000,152367.9529
141000,163999.0944
143000,166325.3226
80000,93049.13155
211000,245417.0845
150000,174467.1217
154000,179119.5782
155000,180282.6924
148000,172140.8934
140000,162835.9802
150000,174467.1217
249000,289615.422
389000,452451.4022
368000,428026.0051
388000,451288.288
255000,296594.1068
239000,277984.2805
204000,237275.2855
193000,224481.0299
185000,215176.1167
194000,225644.144
189000,219828.5733
217000,252395.7693
191000,222154.8016
151000,175630.2358
127000,147715.4963
124000,144226.1539
128000,148878.6105
66000,76765.53353
0,0
0,0
0,0
107000,124453.2134
167000,194240.0621
148000,172140.8934
243000,282636.7371
347000,403600.6081
357000,415231.7495
297000,345444.9009
307000,357076.0423
202000,234949.0572
188000,218665.4591
188000,218665.4591
195000,226807.2582
186000,216339.2309
188000,218665.4591
196000,227970.3723
148000,172140.8934
81000,94212.2457
147000,170977.7792
160000,186098.2631
114000,132595.0125
87000,101190.9306
0,0
57000,66297.50623
156000,181445.8065
160000,186098.2631
175000,203544.9753
159000,184935.149
307000,357076.0423
370000,430352.2334
300000,348934.2433
286000,332650.6453
337000,391969.4667
199000,231459.7147
186000,216339.2309
173000,201218.747
186000,216339.2309
197000,229133.4864
194000,225644.144
185000,215176.1167
174000,202381.8611
151000,175630.2358
156000,181445.8065
159000,184935.149
138000,160509.7519
168000,195403.1763
152000,176793.3499
172000,200055.6328
105000,122126.9852
44000,51177.02235
149000,173304.0075
153000,177956.4641
244000,283799.8512
372000,432678.4617
340000,395458.8091
330000,383827.6676
319000,371033.4121
334000,388480.1242
207000,240764.6279
192000,223317.9157
195000,226807.2582
194000,225644.144
235000,273331.8239
235000,273331.8239
139000,161672.8661
183000,212849.8884
139000,161672.8661
145000,168651.5509
145000,168651.5509
153000,177956.4641
163000,189587.6055
157000,182608.9207
170000,197729.4045
180000,209360.546
170000,197729.4045
148000,172140.8934
245000,284962.9654
405000,471061.2285
297000,345444.9009
330000,383827.6676
288000,334976.8736
259000,301246.5634
243000,282636.7371
208000,241927.742
187000,217502.345
172000,200055.6328
191000,222154.8016
197000,229133.4864
238000,276821.1664
148000,172140.8934
144000,167488.4368
166000,193076.948
154000,179119.5782
159000,184935.149
167000,194240.0621
162000,188424.4914
153000,177956.4641
153000,177956.4641
156000,181445.8065
158000,183772.0348
189000,219828.5733
409000,475713.6851
310000,360565.3848
383000,445472.7173
373000,433841.5759
251000,291941.6502
235000,273331.8239
211000,245417.0845
202000,234949.0572
191000,222154.8016
196000,227970.3723
217000,252395.7693
141000,163999.0944
160000,186098.2631
153000,177956.4641
161000,187261.3772
145000,168651.5509
160000,186098.2631
179000,208197.4318
164000,190750.7197
164000,190750.7197
160000,186098.2631
173000,201218.747
152000,176793.3499
261000,303572.7917
350000,407089.9505
369000,429189.1193
364000,423373.5486
324000,376848.9828
262000,304735.9058
102000,118637.6427
189000,219828.5733
189000,219828.5733
231000,268679.3674
185000,215176.1167
212000,246580.1986
162000,188424.4914
145000,168651.5509
158000,183772.0348
179000,208197.4318
179000,208197.4318
193000,224481.0299
202000,234949.0572
208000,241927.742
193000,224481.0299
187000,217502.345
179000,208197.4318
163000,189587.6055
198000,230296.6006
340000,395458.8091
278000,323345.7321
371000,431515.3476
296000,344281.7867
285000,331487.5312
215000,250069.541
196000,227970.3723
184000,214013.0026
187000,217502.345
186000,216339.2309
180000,209360.546
192000,223317.9157
259000,301246.5634
218000,253558.8835
177000,205871.2036
200000,232622.8289
180000,209360.546
202000,234949.0572
184000,214013.0026
158000,183772.0348
190000,220991.6874
165000,191913.8338
170000,197729.4045
282000,327998.1887
347000,403600.6081
359000,417557.9778
378000,439657.1466
330000,383827.6676
290000,337303.1019
256000,297757.221
238000,276821.1664
235000,273331.8239
200000,232622.8289
229000,266353.1391
257000,298920.3351
212000,246580.1986
179000,208197.4318
167000,194240.0621
145000,168651.5509
151000,175630.2358
164000,190750.7197
175000,203544.9753
151000,175630.2358
150000,174467.1217
158000,183772.0348
148000,172140.8934
148000,172140.8934
260000,302409.6775
373000,433841.5759
372000,432678.4617
328000,381501.4394
334000,388480.1242
250000,290778.5361
249000,289615.422
192000,223317.9157
216000,251232.6552
224000,260537.5683
183000,212849.8884
256000,297757.221
210000,244253.9703
174000,202381.8611
172000,200055.6328
78000,90722.90326
181000,210523.6601
164000,190750.7197
187000,217502.345
170000,197729.4045
166000,193076.948
168000,195403.1763
153000,177956.4641
165000,191913.8338
252000,293104.7644
380000,441983.3749
361000,419884.2061
339000,394295.6949
319000,371033.4121
238000,276821.1664
234000,272168.7098
189000,219828.5733
190000,220991.6874
171000,198892.5187
182000,211686.7743
185000,215176.1167
173000,201218.747
148000,172140.8934
163000,189587.6055
169000,196566.2904
169000,196566.2904
166000,193076.948
141000,163999.0944
169000,196566.2904
176000,204708.0894
172000,200055.6328
170000,197729.4045
178000,207034.3177
263000,305899.02
358000,416394.8637
391000,454777.6305
331000,384990.7818
326000,379175.2111
247000,287289.1937
264000,307062.1341
173000,201218.747
168000,195403.1763
244000,283799.8512
274000,318693.2756
189000,219828.5733
191000,222154.8016
151000,175630.2358
157000,182608.9207
157000,182608.9207
177000,205871.2036
202000,234949.0572
205000,238438.3996
183000,212849.8884
192000,223317.9157
180000,209360.546
155000,180282.6924
177000,205871.2036
309000,359402.2706
398000,462919.4295
429000,498975.9679
383000,445472.7173
213000,247743.3128
108000,125616.3276
205000,238438.3996
214000,248906.4269
214000,248906.4269
190000,220991.6874
177000,205871.2036
245000,284962.9654
167000,194240.0621
154000,179119.5782
149000,173304.0075
166000,193076.948
178000,207034.3177
214000,248906.4269
193000,224481.0299
185000,215176.1167
165000,191913.8338
163000,189587.6055
163000,189587.6055
172000,200055.6328
212000,246580.1986
385000,447798.9456
364000,423373.5486
292000,339629.3302
279000,324508.8463
226000,262863.7966
215000,250069.541
183000,212849.8884
164000,190750.7197
170000,197729.4045
178000,207034.3177
92000,107006.5013
62000,72113.07695
26000,30240.96775
165000,191913.8338
146000,169814.6651
136000,158183.5236
153000,177956.4641
182000,211686.7743
174000,202381.8611
148000,172140.8934
156000,181445.8065
181000,210523.6601
150000,174467.1217
447000,519912.0225
352000,409416.1788
357000,415231.7495
340000,395458.8091
279000,324508.8463
273000,317530.1614
225000,261700.6825
207000,240764.6279
221000,257048.2259
188000,218665.4591
196000,227970.3723
202000,234949.0572
157000,182608.9207
175000,203544.9753
180000,209360.546
175000,203544.9753
168000,195403.1763
175000,203544.9753
198000,230296.6006
178000,207034.3177
161000,187261.3772
163000,189587.6055
189000,219828.5733
181000,210523.6601
294000,341955.5585
345000,401274.3798
399000,464082.5436
357000,415231.7495
260000,302409.6775
237000,275658.0522
207000,240764.6279
194000,225644.144
190000,220991.6874
191000,222154.8016
195000,226807.2582
181000,210523.6601
219000,254721.9976
150000,174467.1217
160000,186098.2631
155000,180282.6924
165000,191913.8338
148000,172140.8934
175000,203544.9753
160000,186098.2631
151000,175630.2358
159000,184935.149
139000,161672.8661
173000,201218.747
176000,204708.0894
332000,386153.8959
361000,419884.2061
316000,367544.0696
274000,318693.2756
226000,262863.7966
202000,234949.0572
181000,210523.6601
176000,204708.0894
155000,180282.6924
220000,255885.1118
182000,211686.7743
72000,83744.2184
142000,165162.2085
160000,186098.2631
122000,141899.9256
150000,174467.1217
158000,183772.0348
197000,229133.4864
191000,222154.8016
188000,218665.4591
173000,201218.747
166000,193076.948
147000,170977.7792
270000,314040.819
329000,382664.5535
313000,364054.7272
302000,351260.4716
284000,330324.417
255000,296594.1068
214000,248906.4269
193000,224481.0299
180000,209360.546
193000,224481.0299
186000,216339.2309
194000,225644.144
215000,250069.541
143000,166325.3226
126000,146552.3822
137000,159346.6378
136000,158183.5236
149000,173304.0075
158000,183772.0348
153000,177956.4641
150000,174467.1217
129000,150041.7246
132000,153531.0671
136000,158183.5236
191000,222154.8016
347000,403600.6081
343000,398948.1515
332000,386153.8959
247000,287289.1937
233000,271005.5956
211000,245417.0845
190000,220991.6874
186000,216339.2309
183000,212849.8884
178000,207034.3177
201000,233785.943
335000,389643.2384
155000,180282.6924
152000,176793.3499
187000,217502.345
185000,215176.1167
187000,217502.345
160000,186098.2631
153000,177956.4641
132000,153531.0671
163000,189587.6055
138000,160509.7519
136000,158183.5236
298000,346608.015
371000,431515.3476
350000,407089.9505
323000,375685.8686
276000,321019.5039
216000,251232.6552
186000,216339.2309
185000,215176.1167
180000,209360.546
107000,124453.2134
176000,204708.0894
204000,237275.2855
158000,183772.0348
158000,183772.0348
148000,172140.8934
126000,146552.3822
154000,179119.5782
143000,166325.3226
177000,205871.2036
132000,153531.0671
142000,165162.2085
144000,167488.4368
121000,140736.8115
154000,179119.5782
220000,255885.1118
349000,405926.8364
326000,379175.2111
313000,364054.7272
273000,317530.1614
238000,276821.1664
197000,229133.4864
204000,237275.2855
165000,191913.8338
195000,226807.2582
167000,194240.0621
194000,225644.144
108000,125616.3276
138000,160509.7519
135000,157020.4095
120000,139573.6973
136000,158183.5236
144000,167488.4368
153000,177956.4641
150000,174467.1217
162000,188424.4914
134000,155857.2953
138000,160509.7519
145000,168651.5509
299000,347771.1292
346000,402437.494
350000,407089.9505
325000,378012.0969
251000,291941.6502
212000,246580.1986
193000,224481.0299
182000,211686.7743
185000,215176.1167
180000,209360.546
196000,227970.3723
207000,240764.6279
192000,223317.9157
140000,162835.9802
132000,153531.0671
144000,167488.4368
156000,181445.8065
121000,140736.8115
152000,176793.3499
171000,198892.5187
158000,183772.0348
153000,177956.4641
138000,160509.7519
127000,147715.4963
224000,260537.5683
344000,400111.2657
316000,367544.0696
342000,397785.0374
272000,316367.0473
195000,226807.2582
191000,222154.8016
176000,204708.0894
168000,195403.1763
173000,201218.747
180000,209360.546
195000,226807.2582
199000,231459.7147
136000,158183.5236
129000,150041.7246
127000,147715.4963
108000,125616.3276
154000,179119.5782
141000,163999.0944
139000,161672.8661
145000,168651.5509
146000,169814.6651
157000,182608.9207
156000,181445.8065
232000,269842.4815
348000,404763.7222
339000,394295.6949
330000,383827.6676
275000,319856.3897
218000,253558.8835
185000,215176.1167
180000,209360.546
181000,210523.6601
207000,240764.6279
214000,248906.4269
208000,241927.742
132000,153531.0671
147000,170977.7792
95000,110495.8437
162000,188424.4914
173000,201218.747
157000,182608.9207
159000,184935.149
149000,173304.0075
139000,161672.8661
134000,155857.2953
145000,168651.5509
143000,166325.3226
287000,333813.7594
338000,393132.5808
355000,412905.5213
307000,357076.0423
293000,340792.4443
170000,197729.4045
183000,212849.8884
160000,186098.2631
171000,198892.5187
233000,271005.5956
179000,208197.4318
222000,258211.3401
247000,287289.1937
164000,190750.7197
146000,169814.6651
152000,176793.3499
149000,173304.0075
151000,175630.2358
142000,165162.2085
144000,167488.4368
140000,162835.9802
139000,161672.8661
135000,157020.4095
135000,157020.4095
245000,284962.9654
352000,409416.1788
341000,396621.9232
267000,310551.4766
304000,353586.6999
195000,226807.2582
186000,216339.2309
173000,201218.747
173000,201218.747
173000,201218.747
194000,225644.144
208000,241927.742
191000,222154.8016
123000,143063.0398
156000,181445.8065
174000,202381.8611
176000,204708.0894
169000,196566.2904
171000,198892.5187
157000,182608.9207
84000,97701.58813
137000,159346.6378
133000,154694.1812
126000,146552.3822
259000,301246.5634
334000,388480.1242
312000,362891.613
269000,312877.7048
339000,394295.6949
280000,325671.9604
32000,37219.65262
134000,155857.2953
144000,167488.4368
146000,169814.6651
141000,163999.0944
215000,250069.541
166000,193076.948
135000,157020.4095
127000,147715.4963
131000,152367.9529
133000,154694.1812
140000,162835.9802
131000,152367.9529
152000,176793.3499
145000,168651.5509
145000,168651.5509
137000,159346.6378
143000,166325.3226
273000,317530.1614
394000,458266.9729
356000,414068.6354
298000,346608.015
257000,298920.3351
214000,248906.4269
187000,217502.345
177000,205871.2036
162000,188424.4914
172000,200055.6328
176000,204708.0894
250000,290778.5361
157000,182608.9207
172000,200055.6328
165000,191913.8338
157000,182608.9207
138000,160509.7519
150000,174467.1217
159000,184935.149
158000,183772.0348
158000,183772.0348
138000,160509.7519
144000,167488.4368
152000,176793.3499
213000,247743.3128
386000,448962.0597
300000,348934.2433
280000,325671.9604
255000,296594.1068
223000,259374.4542
190000,220991.6874
187000,217502.345
177000,205871.2036
175000,203544.9753
179000,208197.4318
209000,243090.8562
206000,239601.5137
135000,157020.4095
142000,165162.2085
124000,144226.1539
90000,104680.273
102000,118637.6427
111000,129105.67
151000,175630.2358
135000,157020.4095
136000,158183.5236
130000,151204.8388
141000,163999.0944
191000,222154.8016
373000,433841.5759
303000,352423.5858
341000,396621.9232
277000,322182.618
203000,236112.1713
190000,220991.6874
184000,214013.0026
178000,207034.3177
181000,210523.6601
214000,248906.4269
184000,214013.0026
248000,288452.3078
133000,154694.1812
133000,154694.1812
130000,151204.8388
129000,150041.7246
135000,157020.4095
139000,161672.8661
153000,177956.4641
160000,186098.2631
144000,167488.4368
161000,187261.3772
173000,201218.747
252000,293104.7644
303000,352423.5858
338000,393132.5808
311000,361728.4989
268000,311714.5907
214000,248906.4269
180000,209360.546
189000,219828.5733
186000,216339.2309
196000,227970.3723
204000,237275.2855
186000,216339.2309
149000,173304.0075
153000,177956.4641
147000,170977.7792
141000,163999.0944
153000,177956.4641
184000,214013.0026
155000,180282.6924
140000,162835.9802
134000,155857.2953
130000,151204.8388
138000,160509.7519
139000,161672.8661
181000,210523.6601
304000,353586.6999
340000,395458.8091
316000,367544.0696
275000,319856.3897
226000,262863.7966
202000,234949.0572
196000,227970.3723
188000,218665.4591
190000,220991.6874
188000,218665.4591
225000,261700.6825
233000,271005.5956
150000,174467.1217
178000,207034.3177
52000,60481.93551
184000,214013.0026
160000,186098.2631
147000,170977.7792
128000,148878.6105
127000,147715.4963
117000,136084.3549
148000,172140.8934
156000,181445.8065
333000,387317.0101
267000,310551.4766
333000,387317.0101
304000,353586.6999
258000,300083.4493
237000,275658.0522
202000,234949.0572
199000,231459.7147
190000,220991.6874
174000,202381.8611
173000,201218.747
210000,244253.9703
168000,195403.1763
155000,180282.6924
153000,177956.4641
159000,184935.149
151000,175630.2358
138000,160509.7519
172000,200055.6328
158000,183772.0348
117000,136084.3549
141000,163999.0944
135000,157020.4095
177000,205871.2036
249000,289615.422
358000,416394.8637
328000,381501.4394
311000,361728.4989
318000,369870.2979
208000,241927.742
189000,219828.5733
175000,203544.9753
172000,200055.6328
172000,200055.6328
162000,188424.4914
193000,224481.0299
157000,182608.9207
159000,184935.149
145000,168651.5509
118000,137247.469
151000,175630.2358
133000,154694.1812
154000,179119.5782
143000,166325.3226
141000,163999.0944
125000,145389.268
145000,168651.5509
179000,208197.4318
253000,294267.8785
328000,381501.4394
321000,373359.6403
305000,354749.814
248000,288452.3078
208000,241927.742
191000,222154.8016
177000,205871.2036
187000,217502.345
171000,198892.5187
173000,201218.747
209000,243090.8562
163000,189587.6055
160000,186098.2631
170000,197729.4045
169000,196566.2904
150000,174467.1217
151000,175630.2358
147000,170977.7792
150000,174467.1217
144000,167488.4368
122000,141899.9256
140000,162835.9802
140000,162835.9802
242000,281473.6229
373000,433841.5759
322000,374522.7545
315000,366380.9555
265000,308225.2483
221000,257048.2259
212000,246580.1986
191000,222154.8016
186000,216339.2309
179000,208197.4318
191000,222154.8016
234000,272168.7098
183000,212849.8884
183000,212849.8884
162000,188424.4914
155000,180282.6924
140000,162835.9802
151000,175630.2358
156000,181445.8065
164000,190750.7197
157000,182608.9207
153000,177956.4641
182000,211686.7743
156000,181445.8065
473000,550152.9903
316000,367544.0696
320000,372196.5262
294000,341955.5585
243000,282636.7371
203000,236112.1713
194000,225644.144
176000,204708.0894
201000,233785.943
184000,214013.0026
195000,226807.2582
195000,226807.2582
186000,216339.2309
136000,158183.5236
142000,165162.2085
139000,161672.8661
138000,160509.7519
144000,167488.4368
162000,188424.4914
167000,194240.0621
131000,152367.9529
145000,168651.5509
149000,173304.0075
173000,201218.747
408000,474550.5709
331000,384990.7818
321000,373359.6403
291000,338466.216
239000,277984.2805
211000,245417.0845
182000,211686.7743
184000,214013.0026
170000,197729.4045
158000,183772.0348
262000,304735.9058
197000,229133.4864
196000,227970.3723
175000,203544.9753
169000,196566.2904
154000,179119.5782
128000,148878.6105
141000,163999.0944
136000,158183.5236
169000,196566.2904
147000,170977.7792
174000,202381.8611
134000,155857.2953
131000,152367.9529
222000,258211.3401
338000,393132.5808
318000,369870.2979
309000,359402.2706
266000,309388.3624
215000,250069.541
200000,232622.8289
187000,217502.345
175000,203544.9753
172000,200055.6328
183000,212849.8884
136000,158183.5236
181000,210523.6601
172000,200055.6328
151000,175630.2358
156000,181445.8065
168000,195403.1763
186000,216339.2309
170000,197729.4045
158000,183772.0348
133000,154694.1812
138000,160509.7519
137000,159346.6378
153000,177956.4641
247000,287289.1937
336000,390806.3525
331000,384990.7818
305000,354749.814
273000,317530.1614
217000,252395.7693
195000,226807.2582
191000,222154.8016
173000,201218.747
191000,222154.8016
184000,214013.0026
203000,236112.1713
205000,238438.3996
102000,118637.6427
143000,166325.3226
172000,200055.6328
158000,183772.0348
174000,202381.8611
152000,176793.3499
84000,97701.58813
125000,145389.268
126000,146552.3822
112000,130268.7842
136000,158183.5236
234000,272168.7098
345000,401274.3798
366000,425699.7768
298000,346608.015
251000,291941.6502
196000,227970.3723
211000,245417.0845
187000,217502.345
172000,200055.6328
165000,191913.8338
144000,167488.4368
203000,236112.1713
165000,191913.8338
136000,158183.5236
187000,217502.345
150000,174467.1217
156000,181445.8065
151000,175630.2358
142000,165162.2085
165000,191913.8338
152000,176793.3499
106000,123290.0993
174000,202381.8611
143000,166325.3226
243000,282636.7371
338000,393132.5808
336000,390806.3525
280000,325671.9604
317000,368707.1838
215000,250069.541
193000,224481.0299
175000,203544.9753
178000,207034.3177
184000,214013.0026
186000,216339.2309
197000,229133.4864
162000,188424.4914
166000,193076.948
167000,194240.0621
126000,146552.3822
152000,176793.3499
144000,167488.4368
147000,170977.7792
138000,160509.7519
154000,179119.5782
138000,160509.7519
133000,154694.1812
169000,196566.2904
256000,297757.221
355000,412905.5213
345000,401274.3798
301000,350097.3575
259000,301246.5634
225000,261700.6825
191000,222154.8016
191000,222154.8016
184000,214013.0026
176000,204708.0894
182000,211686.7743
195000,226807.2582
222000,258211.3401
160000,186098.2631
145000,168651.5509
122000,141899.9256
96000,111658.9579
78000,90722.90326
140000,162835.9802
150000,174467.1217
138000,160509.7519
148000,172140.8934
170000,197729.4045
143000,166325.3226
261000,303572.7917
355000,412905.5213
333000,387317.0101
294000,341955.5585
292000,339629.3302
222000,258211.3401
187000,217502.345
180000,209360.546
178000,207034.3177
191000,222154.8016
211000,245417.0845
213000,247743.3128
168000,195403.1763
164000,190750.7197
175000,203544.9753
177000,205871.2036
183000,212849.8884
185000,215176.1167
167000,194240.0621
178000,207034.3177
154000,179119.5782
140000,162835.9802
145000,168651.5509
154000,179119.5782
199000,231459.7147
355000,412905.5213
327000,380338.3252
329000,382664.5535
263000,305899.02
229000,266353.1391
184000,214013.0026
179000,208197.4318
177000,205871.2036
217000,252395.7693
187000,217502.345
176000,204708.0894
54000,62808.1638
183000,212849.8884
145000,168651.5509
142000,165162.2085
132000,153531.0671
142000,165162.2085
152000,176793.3499
152000,176793.3499
138000,160509.7519
139000,161672.8661
163000,189587.6055
141000,163999.0944
253000,294267.8785
340000,395458.8091
335000,389643.2384
342000,397785.0374
274000,318693.2756
248000,288452.3078
0,0
0,0
0,0
0,0
0,0
0,0
0,0
7000,8141.799011
136000,158183.5236
176000,204708.0894
161000,187261.3772
161000,187261.3772
137000,159346.6378
170000,197729.4045
155000,180282.6924
151000,175630.2358
169000,196566.2904
182000,211686.7743
272000,316367.0473
336000,390806.3525
333000,387317.0101
312000,362891.613
267000,310551.4766
211000,245417.0845
256000,297757.221
185000,215176.1167
185000,215176.1167
189000,219828.5733
161000,187261.3772
217000,252395.7693
138000,160509.7519
172000,200055.6328
164000,190750.7197
136000,158183.5236
145000,168651.5509
171000,198892.5187
174000,202381.8611
159000,184935.149
160000,186098.2631
150000,174467.1217
132000,153531.0671
131000,152367.9529
161000,187261.3772
327000,380338.3252
317000,368707.1838
294000,341955.5585
271000,315203.9331
220000,255885.1118
202000,234949.0572
166000,193076.948
164000,190750.7197
196000,227970.3723
211000,245417.0845
174000,202381.8611
120000,139573.6973
146000,169814.6651
123000,143063.0398
133000,154694.1812
149000,173304.0075
138000,160509.7519
143000,166325.3226
154000,179119.5782
131000,152367.9529
142000,165162.2085
151000,175630.2358
152000,176793.3499
167000,194240.0621
314000,365217.8413
330000,383827.6676
300000,348934.2433
247000,287289.1937
216000,251232.6552
199000,231459.7147
187000,217502.345
170000,197729.4045
164000,190750.7197
161000,187261.3772
194000,225644.144
152000,176793.3499
132000,153531.0671
150000,174467.1217
157000,182608.9207
156000,181445.8065
148000,172140.8934
158000,183772.0348
129000,150041.7246
128000,148878.6105
134000,155857.2953
141000,163999.0944
61000,70949.96281
279000,324508.8463
317000,368707.1838
325000,378012.0969
296000,344281.7867
266000,309388.3624
225000,261700.6825
191000,222154.8016
178000,207034.3177
174000,202381.8611
215000,250069.541
198000,230296.6006
209000,243090.8562
160000,186098.2631
166000,193076.948
172000,200055.6328
174000,202381.8611
180000,209360.546
177000,205871.2036
160000,186098.2631
171000,198892.5187
174000,202381.8611
179000,208197.4318
175000,203544.9753
165000,191913.8338
252000,293104.7644
317000,368707.1838
322000,374522.7545
318000,369870.2979
270000,314040.819
231000,268679.3674
189000,219828.5733
190000,220991.6874
192000,223317.9157
189000,219828.5733
188000,218665.4591
203000,236112.1713
162000,188424.4914
204000,237275.2855
133000,154694.1812
131000,152367.9529
127000,147715.4963
128000,148878.6105
159000,184935.149
148000,172140.8934
132000,153531.0671
129000,150041.7246
127000,147715.4963
157000,182608.9207
147000,170977.7792
337000,391969.4667
330000,383827.6676
292000,339629.3302
259000,301246.5634
229000,266353.1391
201000,233785.943
174000,202381.8611
175000,203544.9753
170000,197729.4045
178000,207034.3177
190000,220991.6874
153000,177956.4641
166000,193076.948
146000,169814.6651
144000,167488.4368
128000,148878.6105
136000,158183.5236
150000,174467.1217
143000,166325.3226
135000,157020.4095
142000,165162.2085
165000,191913.8338
127000,147715.4963
240000,279147.3947
327000,380338.3252
309000,359402.2706
296000,344281.7867
271000,315203.9331
221000,257048.2259
183000,212849.8884
155000,180282.6924
183000,212849.8884
182000,211686.7743
177000,205871.2036
198000,230296.6006
164000,190750.7197
153000,177956.4641
152000,176793.3499
154000,179119.5782
156000,181445.8065
165000,191913.8338
169000,196566.2904
146000,169814.6651
141000,163999.0944
128000,148878.6105
128000,148878.6105
135000,157020.4095
247000,287289.1937
298000,346608.015
311000,361728.4989
293000,340792.4443
254000,295430.9927
194000,225644.144
176000,204708.0894
149000,173304.0075
163000,189587.6055
205000,238438.3996
183000,212849.8884
161000,187261.3772
157000,182608.9207
127000,147715.4963
122000,141899.9256
145000,168651.5509
139000,161672.8661
131000,152367.9529
60000,69786.84866
108000,125616.3276
100000,116311.4144
118000,137247.469
104000,120963.871
108000,125616.3276
192000,223317.9157
260000,302409.6775
303000,352423.5858
265000,308225.2483
264000,307062.1341
194000,225644.144
186000,216339.2309
183000,212849.8884
162000,188424.4914
165000,191913.8338
180000,209360.546
174000,202381.8611
156000,181445.8065
102000,118637.6427
91000,105843.3871
89000,103517.1589
92000,107006.5013
102000,118637.6427
107000,124453.2134
122000,141899.9256
117000,136084.3549
96000,111658.9579
106000,123290.0993
110000,127942.5559
198000,230296.6006
270000,314040.819
290000,337303.1019
314000,365217.8413
242000,281473.6229
221000,257048.2259
188000,218665.4591
174000,202381.8611
159000,184935.149
171000,198892.5187
187000,217502.345
186000,216339.2309
148000,172140.8934
130000,151204.8388
118000,137247.469
116000,134921.2407
118000,137247.469
130000,151204.8388
152000,176793.3499
146000,169814.6651
127000,147715.4963
133000,154694.1812
135000,157020.4095
133000,154694.1812
249000,289615.422
356000,414068.6354
315000,366380.9555
300000,348934.2433
252000,293104.7644
219000,254721.9976
195000,226807.2582
177000,205871.2036
171000,198892.5187
186000,216339.2309
180000,209360.546
220000,255885.1118
172000,200055.6328
0,0
0,0
100000,116311.4144
170000,197729.4045
163000,189587.6055
159000,184935.149
167000,194240.0621
143000,166325.3226
136000,158183.5236
136000,158183.5236
147000,170977.7792
264000,307062.1341
343000,398948.1515
328000,381501.4394
302000,351260.4716
281000,326835.0746
232000,269842.4815
194000,225644.144
178000,207034.3177
165000,191913.8338
180000,209360.546
192000,223317.9157
204000,237275.2855
165000,191913.8338
136000,158183.5236
123000,143063.0398
121000,140736.8115
121000,140736.8115
128000,148878.6105
150000,174467.1217
159000,184935.149
131000,152367.9529
130000,151204.8388
130000,151204.8388
143000,166325.3226
267000,310551.4766
344000,400111.2657
329000,382664.5535
294000,341955.5585
268000,311714.5907
272000,316367.0473
315000,366380.9555
182000,211686.7743
163000,189587.6055
178000,207034.3177
205000,238438.3996
98000,113985.1862
180000,209360.546
143000,166325.3226
126000,146552.3822
220000,255885.1118
126000,146552.3822
146000,169814.6651
151000,175630.2358
144000,167488.4368
129000,150041.7246
133000,154694.1812
132000,153531.0671
174000,202381.8611
321000,373359.6403
341000,396621.9232
325000,378012.0969
293000,340792.4443
254000,295430.9927
100000,116311.4144
195000,226807.2582
180000,209360.546
176000,204708.0894
197000,229133.4864
172000,200055.6328
215000,250069.541
158000,183772.0348
136000,158183.5236
123000,143063.0398
130000,151204.8388
133000,154694.1812
135000,157020.4095
146000,169814.6651
158000,183772.0348
199000,231459.7147
129000,150041.7246
152000,176793.3499
199000,231459.7147
329000,382664.5535
352000,409416.1788
297000,345444.9009
308000,358239.1565
276000,321019.5039
244000,283799.8512
189000,219828.5733
186000,216339.2309
183000,212849.8884
173000,201218.747
207000,240764.6279
196000,227970.3723
194000,225644.144
152000,176793.3499
154000,179119.5782
135000,157020.4095
148000,172140.8934
165000,191913.8338
170000,197729.4045
146000,169814.6651
133000,154694.1812
129000,150041.7246
121000,140736.8115
145000,168651.5509
258000,300083.4493
326000,379175.2111
145000,168651.5509
294000,341955.5585
267000,310551.4766
208000,241927.742
195000,226807.2582
176000,204708.0894
181000,210523.6601
174000,202381.8611
185000,215176.1167
188000,218665.4591
147000,170977.7792
165000,191913.8338
141000,163999.0944
143000,166325.3226
134000,155857.2953
134000,155857.2953
171000,198892.5187
167000,194240.0621
167000,194240.0621
154000,179119.5782
143000,166325.3226
176000,204708.0894
256000,297757.221
325000,378012.0969
315000,366380.9555
303000,352423.5858
323000,375685.8686
209000,243090.8562
174000,202381.8611
168000,195403.1763
168000,195403.1763
177000,205871.2036
182000,211686.7743
204000,237275.2855
148000,172140.8934
151000,175630.2358
142000,165162.2085
132000,153531.0671
131000,152367.9529
143000,166325.3226
139000,161672.8661
151000,175630.2358
176000,204708.0894
129000,150041.7246
129000,150041.7246
147000,170977.7792
272000,316367.0473
364000,423373.5486
324000,376848.9828
315000,366380.9555
254000,295430.9927
204000,237275.2855
189000,219828.5733
176000,204708.0894
183000,212849.8884
185000,215176.1167
178000,207034.3177
207000,240764.6279
199000,231459.7147
160000,186098.2631
142000,165162.2085
126000,146552.3822
142000,165162.2085
134000,155857.2953
154000,179119.5782
163000,189587.6055
119000,138410.5832
133000,154694.1812
124000,144226.1539
148000,172140.8934
280000,325671.9604
337000,391969.4667
293000,340792.4443
306000,355912.9282
272000,316367.0473
214000,248906.4269
197000,229133.4864
174000,202381.8611
175000,203544.9753
190000,220991.6874
180000,209360.546
213000,247743.3128
86000,100027.8164
172000,200055.6328
168000,195403.1763
174000,202381.8611
167000,194240.0621
159000,184935.149
154000,179119.5782
151000,175630.2358
157000,182608.9207
135000,157020.4095
122000,141899.9256
157000,182608.9207
289000,336139.9877
318000,369870.2979
343000,398948.1515
328000,381501.4394
361000,419884.2061
217000,252395.7693
193000,224481.0299
181000,210523.6601
182000,211686.7743
190000,220991.6874
218000,253558.8835
195000,226807.2582
170000,197729.4045
159000,184935.149
148000,172140.8934
151000,175630.2358
144000,167488.4368
142000,165162.2085
146000,169814.6651
147000,170977.7792
151000,175630.2358
128000,148878.6105
128000,148878.6105
135000,157020.4095
262000,304735.9058
355000,412905.5213
343000,398948.1515
301000,350097.3575
299000,347771.1292
231000,268679.3674
154000,179119.5782
174000,202381.8611
182000,211686.7743
172000,200055.6328
258000,300083.4493
203000,236112.1713
175000,203544.9753
180000,209360.546
152000,176793.3499
119000,138410.5832
135000,157020.4095
163000,189587.6055
195000,226807.2582
186000,216339.2309
163000,189587.6055
166000,193076.948
154000,179119.5782
147000,170977.7792
272000,316367.0473
331000,384990.7818
354000,411742.4071
309000,359402.2706
296000,344281.7867
229000,266353.1391
219000,254721.9976
187000,217502.345
154000,179119.5782
153000,177956.4641
192000,223317.9157
211000,245417.0845
200000,232622.8289
165000,191913.8338
160000,186098.2631
157000,182608.9207
143000,166325.3226
170000,197729.4045
161000,187261.3772
168000,195403.1763
156000,181445.8065
159000,184935.149
157000,182608.9207
160000,186098.2631
285000,331487.5312
367000,426862.891
301000,350097.3575
304000,353586.6999
294000,341955.5585
157000,182608.9207
192000,223317.9157
185000,215176.1167
208000,241927.742
187000,217502.345
184000,214013.0026
163000,189587.6055
162000,188424.4914
56000,65134.39209
135000,157020.4095
132000,153531.0671
137000,159346.6378
154000,179119.5782
169000,196566.2904
144000,167488.4368
143000,166325.3226
143000,166325.3226
143000,166325.3226
168000,195403.1763
326000,379175.2111
370000,430352.2334
365000,424536.6627
255000,296594.1068
245000,284962.9654
233000,271005.5956
192000,223317.9157
188000,218665.4591
172000,200055.6328
158000,183772.0348
199000,231459.7147
208000,241927.742
155000,180282.6924
165000,191913.8338
162000,188424.4914
159000,184935.149
164000,190750.7197
167000,194240.0621
179000,208197.4318
131000,152367.9529
145000,168651.5509
144000,167488.4368
144000,167488.4368
152000,176793.3499
275000,319856.3897
344000,400111.2657
331000,384990.7818
297000,345444.9009
270000,314040.819
237000,275658.0522
192000,223317.9157
162000,188424.4914
163000,189587.6055
170000,197729.4045
183000,212849.8884
207000,240764.6279
206000,239601.5137
157000,182608.9207
177000,205871.2036
179000,208197.4318
159000,184935.149
183000,212849.8884
184000,214013.0026
214000,248906.4269
191000,222154.8016
183000,212849.8884
160000,186098.2631
163000,189587.6055
277000,322182.618
367000,426862.891
324000,376848.9828
303000,352423.5858
277000,322182.618
241000,280310.5088
198000,230296.6006
177000,205871.2036
172000,200055.6328
175000,203544.9753
177000,205871.2036
221000,257048.2259
178000,207034.3177
169000,196566.2904
196000,227970.3723
129000,150041.7246
157000,182608.9207
154000,179119.5782
96000,111658.9579
173000,201218.747
155000,180282.6924
129000,150041.7246
148000,172140.8934
165000,191913.8338
283000,329161.3029
385000,447798.9456
306000,355912.9282
325000,378012.0969
249000,289615.422
227000,264026.9108
198000,230296.6006
183000,212849.8884
173000,201218.747
169000,196566.2904
179000,208197.4318
204000,237275.2855
203000,236112.1713
190000,220991.6874
151000,175630.2358
160000,186098.2631
155000,180282.6924
176000,204708.0894
157000,182608.9207
193000,224481.0299
175000,203544.9753
145000,168651.5509
204000,237275.2855
159000,184935.149
285000,331487.5312
372000,432678.4617
323000,375685.8686
298000,346608.015
276000,321019.5039
247000,287289.1937
196000,227970.3723
185000,215176.1167
182000,211686.7743
194000,225644.144
206000,239601.5137
187000,217502.345
178000,207034.3177
172000,200055.6328
163000,189587.6055
153000,177956.4641
174000,202381.8611
181000,210523.6601
182000,211686.7743
258000,300083.4493
182000,211686.7743
166000,193076.948
166000,193076.948
191000,222154.8016
296000,344281.7867
330000,383827.6676
357000,415231.7495
336000,390806.3525
252000,293104.7644
223000,259374.4542
173000,201218.747
167000,194240.0621
163000,189587.6055
159000,184935.149
197000,229133.4864
160000,186098.2631
189000,219828.5733
190000,220991.6874
144000,167488.4368
155000,180282.6924
173000,201218.747
164000,190750.7197
180000,209360.546
174000,202381.8611
164000,190750.7197
153000,177956.4641
151000,175630.2358
152000,176793.3499
262000,304735.9058
342000,397785.0374
334000,388480.1242
298000,346608.015
260000,302409.6775
229000,266353.1391
187000,217502.345
172000,200055.6328
159000,184935.149
168000,195403.1763
166000,193076.948
200000,232622.8289
144000,167488.4368
175000,203544.9753
162000,188424.4914
153000,177956.4641
162000,188424.4914
174000,202381.8611
180000,209360.546
181000,210523.6601
136000,158183.5236
121000,140736.8115
134000,155857.2953
149000,173304.0075
314000,365217.8413
370000,430352.2334
355000,412905.5213
311000,361728.4989
245000,284962.9654
206000,239601.5137
186000,216339.2309
176000,204708.0894
186000,216339.2309
188000,218665.4591
185000,215176.1167
202000,234949.0572
144000,167488.4368
164000,190750.7197
162000,188424.4914
161000,187261.3772
162000,188424.4914
167000,194240.0621
188000,218665.4591
186000,216339.2309
163000,189587.6055
156000,181445.8065
152000,176793.3499
141000,163999.0944
278000,323345.7321
364000,423373.5486
338000,393132.5808
307000,357076.0423
259000,301246.5634
235000,273331.8239
198000,230296.6006
173000,201218.747
185000,215176.1167
171000,198892.5187
169000,196566.2904
238000,276821.1664
201000,233785.943
159000,184935.149
169000,196566.2904
166000,193076.948
158000,183772.0348
175000,203544.9753
196000,227970.3723
173000,201218.747
160000,186098.2631
177000,205871.2036
195000,226807.2582
201000,233785.943
276000,321019.5039
376000,437330.9183
341000,396621.9232
310000,360565.3848
231000,268679.3674
248000,288452.3078
224000,260537.5683
161000,187261.3772
188000,218665.4591
157000,182608.9207
187000,217502.345
207000,240764.6279
1000,1163.114144
152000,176793.3499
166000,193076.948
146000,169814.6651
155000,180282.6924
170000,197729.4045
187000,217502.345
192000,223317.9157
176000,204708.0894
186000,216339.2309
147000,170977.7792
176000,204708.0894
374000,435004.69
300000,348934.2433
343000,398948.1515
307000,357076.0423
273000,317530.1614
211000,245417.0845
202000,234949.0572
182000,211686.7743
181000,210523.6601
112000,130268.7842
187000,217502.345
213000,247743.3128
113000,131431.8983
168000,195403.1763
142000,165162.2085
156000,181445.8065
170000,197729.4045
183000,212849.8884
0,0
378000,439657.1466
162000,188424.4914
145000,168651.5509
143000,166325.3226
130000,151204.8388
279000,324508.8463
361000,419884.2061
291000,338466.216
326000,379175.2111
268000,311714.5907
207000,240764.6279
177000,205871.2036
186000,216339.2309
173000,201218.747
190000,220991.6874
198000,230296.6006
187000,217502.345
150000,174467.1217
124000,144226.1539
118000,137247.469
121000,140736.8115
93000,108169.6154
136000,158183.5236
167000,194240.0621
147000,170977.7792
143000,166325.3226
137000,159346.6378
157000,182608.9207
149000,173304.0075
274000,318693.2756
339000,394295.6949
319000,371033.4121
290000,337303.1019
241000,280310.5088
301000,350097.3575
182000,211686.7743
188000,218665.4591
168000,195403.1763
272000,316367.0473
201000,233785.943
178000,207034.3177
146000,169814.6651
125000,145389.268
173000,201218.747
136000,158183.5236
169000,196566.2904
169000,196566.2904
145000,168651.5509
142000,165162.2085
121000,140736.8115
187000,217502.345
70000,81417.99011
203000,236112.1713
307000,357076.0423
322000,374522.7545
309000,359402.2706
287000,333813.7594
225000,261700.6825
199000,231459.7147
186000,216339.2309
189000,219828.5733
216000,251232.6552
143000,166325.3226
200000,232622.8289
158000,183772.0348
130000,151204.8388
120000,139573.6973
170000,197729.4045
136000,158183.5236
152000,176793.3499
164000,190750.7197
163000,189587.6055
200000,232622.8289
152000,176793.3499
170000,197729.4045
164000,190750.7197
167000,194240.0621
286000,332650.6453
373000,433841.5759
261000,303572.7917
219000,254721.9976
251000,291941.6502
217000,252395.7693
184000,214013.0026
184000,214013.0026
181000,210523.6601
181000,210523.6601
219000,254721.9976
173000,201218.747
187000,217502.345
94000,109332.7296
145000,168651.5509
164000,190750.7197
182000,211686.7743
175000,203544.9753
178000,207034.3177
173000,201218.747
168000,195403.1763
180000,209360.546
175000,203544.9753
168000,195403.1763
300000,348934.2433
359000,417557.9778
327000,380338.3252
322000,374522.7545
263000,305899.02
228000,265190.0249
193000,224481.0299
182000,211686.7743
169000,196566.2904
180000,209360.546
214000,248906.4269
206000,239601.5137
216000,251232.6552
155000,180282.6924
150000,174467.1217
163000,189587.6055
165000,191913.8338
172000,200055.6328
175000,203544.9753
200000,232622.8289
171000,198892.5187
148000,172140.8934
171000,198892.5187
172000,200055.6328
279000,324508.8463
330000,383827.6676
359000,417557.9778
320000,372196.5262
253000,294267.8785
212000,246580.1986
196000,227970.3723
192000,223317.9157
194000,225644.144
205000,238438.3996
222000,258211.3401
202000,234949.0572
0,0
0,0
0,0
0,0
85000,98864.70227
172000,200055.6328
180000,209360.546
192000,223317.9157
163000,189587.6055
162000,188424.4914
148000,172140.8934
180000,209360.546
309000,359402.2706
341000,396621.9232
355000,412905.5213
311000,361728.4989
273000,317530.1614
208000,241927.742
202000,234949.0572
199000,231459.7147
188000,218665.4591
191000,222154.8016
191000,222154.8016
203000,236112.1713
214000,248906.4269
152000,176793.3499
134000,155857.2953
164000,190750.7197
156000,181445.8065
176000,204708.0894
164000,190750.7197
173000,201218.747
159000,184935.149
168000,195403.1763
150000,174467.1217
192000,223317.9157
260000,302409.6775
370000,430352.2334
351000,408253.0647
308000,358239.1565
270000,314040.819
249000,289615.422
217000,252395.7693
195000,226807.2582
190000,220991.6874
200000,232622.8289
208000,241927.742
222000,258211.3401
183000,212849.8884
181000,210523.6601
150000,174467.1217
149000,173304.0075
148000,172140.8934
183000,212849.8884
175000,203544.9753
210000,244253.9703
175000,203544.9753
163000,189587.6055
164000,190750.7197
198000,230296.6006
299000,347771.1292
353000,410579.293
363000,422210.4344
329000,382664.5535
271000,315203.9331
245000,284962.9654
218000,253558.8835
196000,227970.3723
187000,217502.345
183000,212849.8884
186000,216339.2309
204000,237275.2855
199000,231459.7147
178000,207034.3177
165000,191913.8338
141000,163999.0944
142000,165162.2085
161000,187261.3772
170000,197729.4045
153000,177956.4641
142000,165162.2085
150000,174467.1217
145000,168651.5509
140000,162835.9802
267000,310551.4766
410000,476876.7992
326000,379175.2111
325000,378012.0969
303000,352423.5858
188000,218665.4591
194000,225644.144
182000,211686.7743
213000,247743.3128
178000,207034.3177
200000,232622.8289
201000,233785.943
162000,188424.4914
171000,198892.5187
166000,193076.948
162000,188424.4914
172000,200055.6328
160000,186098.2631
191000,222154.8016
49000,56992.59308
121000,140736.8115
127000,147715.4963
129000,150041.7246
163000,189587.6055
256000,297757.221
335000,389643.2384
342000,397785.0374
301000,350097.3575
293000,340792.4443
190000,220991.6874
183000,212849.8884
184000,214013.0026
159000,184935.149
230000,267516.2532
174000,202381.8611
241000,280310.5088
170000,197729.4045
165000,191913.8338
175000,203544.9753
120000,139573.6973
165000,191913.8338
187000,217502.345
0,0
0,0
0,0
174000,202381.8611
160000,186098.2631
172000,200055.6328
291000,338466.216
352000,409416.1788
351000,408253.0647
324000,376848.9828
285000,331487.5312
315000,366380.9555
221000,257048.2259
192000,223317.9157
188000,218665.4591
170000,197729.4045
229000,266353.1391
240000,279147.3947
177000,205871.2036
182000,211686.7743
166000,193076.948
147000,170977.7792
153000,177956.4641
147000,170977.7792
165000,191913.8338
169000,196566.2904
143000,166325.3226
140000,162835.9802
146000,169814.6651
169000,196566.2904
305000,354749.814
360000,418721.092
339000,394295.6949
307000,357076.0423
277000,322182.618
218000,253558.8835
212000,246580.1986
192000,223317.9157
191000,222154.8016
180000,209360.546
194000,225644.144
236000,274494.9381
208000,241927.742
156000,181445.8065
146000,169814.6651
170000,197729.4045
153000,177956.4641
162000,188424.4914
171000,198892.5187
195000,226807.2582
156000,181445.8065
189000,219828.5733
138000,160509.7519
179000,208197.4318
296000,344281.7867
361000,419884.2061
318000,369870.2979
310000,360565.3848
297000,345444.9009
273000,317530.1614
209000,243090.8562
191000,222154.8016
177000,205871.2036
187000,217502.345
210000,244253.9703
207000,240764.6279
221000,257048.2259
186000,216339.2309
149000,173304.0075
126000,146552.3822
44000,51177.02235
152000,176793.3499
161000,187261.3772
134000,155857.2953
155000,180282.6924
136000,158183.5236
169000,196566.2904
188000,218665.4591
0,0
0,0
128000,148878.6105
325000,378012.0969
268000,311714.5907
227000,264026.9108
196000,227970.3723
182000,211686.7743
181000,210523.6601
196000,227970.3723
209000,243090.8562
212000,246580.1986
204000,237275.2855
151000,175630.2358
134000,155857.2953
77000,89559.78912
0,0
99000,115148.3003
169000,196566.2904
171000,198892.5187
147000,170977.7792
133000,154694.1812
180000,209360.546
137000,159346.6378
268000,311714.5907
328000,381501.4394
317000,368707.1838
310000,360565.3848
282000,327998.1887
224000,260537.5683
199000,231459.7147
191000,222154.8016
175000,203544.9753
185000,215176.1167
201000,233785.943
237000,275658.0522
176000,204708.0894
148000,172140.8934
138000,160509.7519
157000,182608.9207
128000,148878.6105
135000,157020.4095
139000,161672.8661
146000,169814.6651
174000,202381.8611
160000,186098.2631
170000,197729.4045
88000,102354.0447
260000,302409.6775
315000,366380.9555
323000,375685.8686
309000,359402.2706
296000,344281.7867
203000,236112.1713
190000,220991.6874
176000,204708.0894
184000,214013.0026
196000,227970.3723
207000,240764.6279
207000,240764.6279
154000,179119.5782
180000,209360.546
91000,105843.3871
167000,194240.0621
120000,139573.6973
139000,161672.8661
168000,195403.1763
154000,179119.5782
156000,181445.8065
151000,175630.2358
139000,161672.8661
155000,180282.6924
300000,348934.2433
391000,454777.6305
314000,365217.8413
313000,364054.7272
251000,291941.6502
227000,264026.9108
196000,227970.3723
185000,215176.1167
178000,207034.3177
192000,223317.9157
215000,250069.541
217000,252395.7693
145000,168651.5509
162000,188424.4914
265000,308225.2483
250000,290778.5361
166000,193076.948
175000,203544.9753
183000,212849.8884
165000,191913.8338
172000,200055.6328
173000,201218.747
165000,191913.8338
241000,280310.5088
277000,322182.618
350000,407089.9505
354000,411742.4071
313000,364054.7272
270000,314040.819
217000,252395.7693
206000,239601.5137
195000,226807.2582
193000,224481.0299
185000,215176.1167
210000,244253.9703
235000,273331.8239
214000,248906.4269
191000,222154.8016
114000,132595.0125
98000,113985.1862
100000,116311.4144
125000,145389.268
133000,154694.1812
105000,122126.9852
124000,144226.1539
114000,132595.0125
162000,188424.4914
121000,140736.8115
172000,200055.6328
238000,276821.1664
338000,393132.5808
301000,350097.3575
243000,282636.7371
222000,258211.3401
215000,250069.541
193000,224481.0299
148000,172140.8934
195000,226807.2582
208000,241927.742
218000,253558.8835
160000,186098.2631
192000,223317.9157
139000,161672.8661
163000,189587.6055
134000,155857.2953
188000,218665.4591
168000,195403.1763
196000,227970.3723
136000,158183.5236
203000,236112.1713
121000,140736.8115
188000,218665.4591
282000,327998.1887
329000,382664.5535
319000,371033.4121
313000,364054.7272
295000,343118.6726
222000,258211.3401
208000,241927.742
199000,231459.7147
192000,223317.9157
187000,217502.345
188000,218665.4591
154000,179119.5782
150000,174467.1217
169000,196566.2904
177000,205871.2036
167000,194240.0621
130000,151204.8388
169000,196566.2904
195000,226807.2582
197000,229133.4864
151000,175630.2358
163000,189587.6055
173000,201218.747
169000,196566.2904
305000,354749.814
340000,395458.8091
357000,415231.7495
340000,395458.8091
306000,355912.9282
238000,276821.1664
209000,243090.8562
194000,225644.144
182000,211686.7743
195000,226807.2582
223000,259374.4542
229000,266353.1391
192000,223317.9157
165000,191913.8338
160000,186098.2631
137000,159346.6378
167000,194240.0621
182000,211686.7743
182000,211686.7743
179000,208197.4318
156000,181445.8065
162000,188424.4914
162000,188424.4914
163000,189587.6055
258000,300083.4493
321000,373359.6403
368000,428026.0051
302000,351260.4716
284000,330324.417
223000,259374.4542
222000,258211.3401
202000,234949.0572
189000,219828.5733
194000,225644.144
210000,244253.9703
237000,275658.0522
200000,232622.8289
162000,188424.4914
148000,172140.8934
142000,165162.2085
152000,176793.3499
180000,209360.546
174000,202381.8611
167000,194240.0621
146000,169814.6651
139000,161672.8661
131000,152367.9529
136000,158183.5236
232000,269842.4815
390000,453614.5163
308000,358239.1565
317000,368707.1838
287000,333813.7594
257000,298920.3351
232000,269842.4815
214000,248906.4269
195000,226807.2582
226000,262863.7966
193000,224481.0299
212000,246580.1986
240000,279147.3947
149000,173304.0075
133000,154694.1812
147000,170977.7792
151000,175630.2358
156000,181445.8065
175000,203544.9753
173000,201218.747
172000,200055.6328
153000,177956.4641
146000,169814.6651
165000,191913.8338
209000,243090.8562
352000,409416.1788
352000,409416.1788
336000,390806.3525
235000,273331.8239
262000,304735.9058
228000,265190.0249
191000,222154.8016
201000,233785.943
212000,246580.1986
178000,207034.3177
208000,241927.742
248000,288452.3078
166000,193076.948
157000,182608.9207
140000,162835.9802
146000,169814.6651
173000,201218.747
200000,232622.8289
189000,219828.5733
183000,212849.8884
175000,203544.9753
160000,186098.2631
165000,191913.8338
215000,250069.541
373000,433841.5759
334000,388480.1242
316000,367544.0696
277000,322182.618
244000,283799.8512
176000,204708.0894
251000,291941.6502
199000,231459.7147
180000,209360.546
218000,253558.8835
210000,244253.9703
281000,326835.0746
147000,170977.7792
166000,193076.948
168000,195403.1763
157000,182608.9207
178000,207034.3177
192000,223317.9157
192000,223317.9157
170000,197729.4045
158000,183772.0348
166000,193076.948
180000,209360.546
210000,244253.9703
349000,405926.8364
364000,423373.5486
287000,333813.7594
279000,324508.8463
230000,267516.2532
209000,243090.8562
199000,231459.7147
196000,227970.3723
197000,229133.4864
205000,238438.3996
320000,372196.5262
166000,193076.948
197000,229133.4864
151000,175630.2358
161000,187261.3772
173000,201218.747
184000,214013.0026
202000,234949.0572
168000,195403.1763
170000,197729.4045
164000,190750.7197
168000,195403.1763
190000,220991.6874
252000,293104.7644
357000,415231.7495
339000,394295.6949
337000,391969.4667
280000,325671.9604
199000,231459.7147
198000,230296.6006
211000,245417.0845
179000,208197.4318
179000,208197.4318
214000,248906.4269
238000,276821.1664
230000,267516.2532
212000,246580.1986
124000,144226.1539
153000,177956.4641
169000,196566.2904
192000,223317.9157
176000,204708.0894
193000,224481.0299
166000,193076.948
166000,193076.948
173000,201218.747
181000,210523.6601
231000,268679.3674
311000,361728.4989
333000,387317.0101
279000,324508.8463
236000,274494.9381
260000,302409.6775
155000,180282.6924
174000,202381.8611
176000,204708.0894
201000,233785.943
202000,234949.0572
195000,226807.2582
240000,279147.3947
161000,187261.3772
149000,173304.0075
154000,179119.5782
156000,181445.8065
168000,195403.1763
161000,187261.3772
156000,181445.8065
158000,183772.0348
153000,177956.4641
131000,152367.9529
238000,276821.1664
321000,373359.6403
312000,362891.613
316000,367544.0696
341000,396621.9232
286000,332650.6453
201000,233785.943
190000,220991.6874
192000,223317.9157
196000,227970.3723
219000,254721.9976
213000,247743.3128
234000,272168.7098
204000,237275.2855
174000,202381.8611
147000,170977.7792
150000,174467.1217
173000,201218.747
172000,200055.6328
177000,205871.2036
175000,203544.9753
152000,176793.3499
142000,165162.2085
159000,184935.149
144000,167488.4368
258000,300083.4493
366000,425699.7768
342000,397785.0374
288000,334976.8736
263000,305899.02
250000,290778.5361
172000,200055.6328
181000,210523.6601
183000,212849.8884
198000,230296.6006
244000,283799.8512
205000,238438.3996
171000,198892.5187
150000,174467.1217
136000,158183.5236
142000,165162.2085
130000,151204.8388
150000,174467.1217
160000,186098.2631
156000,181445.8065
143000,166325.3226
126000,146552.3822
129000,150041.7246
140000,162835.9802
266000,309388.3624
351000,408253.0647
304000,353586.6999
293000,340792.4443
325000,378012.0969
249000,289615.422
174000,202381.8611
183000,212849.8884
187000,217502.345
196000,227970.3723
205000,238438.3996
193000,224481.0299
139000,161672.8661
129000,150041.7246
139000,161672.8661
132000,153531.0671
138000,160509.7519
162000,188424.4914
147000,170977.7792
150000,174467.1217
160000,186098.2631
122000,141899.9256
139000,161672.8661
175000,203544.9753
240000,279147.3947
337000,391969.4667
333000,387317.0101
412000,479203.0275
266000,309388.3624
221000,257048.2259
202000,234949.0572
194000,225644.144
185000,215176.1167
192000,223317.9157
207000,240764.6279
208000,241927.742
157000,182608.9207
131000,152367.9529
132000,153531.0671
145000,168651.5509
114000,132595.0125
144000,167488.4368
145000,168651.5509
165000,191913.8338
150000,174467.1217
155000,180282.6924
134000,155857.2953
166000,193076.948
286000,332650.6453
330000,383827.6676
340000,395458.8091
316000,367544.0696
284000,330324.417
206000,239601.5137
213000,247743.3128
199000,231459.7147
214000,248906.4269
195000,226807.2582
222000,258211.3401
180000,209360.546
128000,148878.6105
151000,175630.2358
137000,159346.6378
144000,167488.4368
127000,147715.4963
157000,182608.9207
177000,205871.2036
164000,190750.7197
143000,166325.3226
151000,175630.2358
150000,174467.1217
145000,168651.5509
290000,337303.1019
336000,390806.3525
329000,382664.5535
305000,354749.814
279000,324508.8463
211000,245417.0845
211000,245417.0845
203000,236112.1713
206000,239601.5137
190000,220991.6874
214000,248906.4269
188000,218665.4591
228000,265190.0249
146000,169814.6651
144000,167488.4368
152000,176793.3499
157000,182608.9207
176000,204708.0894
169000,196566.2904
158000,183772.0348
140000,162835.9802
135000,157020.4095
139000,161672.8661
188000,218665.4591
102000,118637.6427
369000,429189.1193
305000,354749.814
315000,366380.9555
284000,330324.417
243000,282636.7371
281000,326835.0746
186000,216339.2309
196000,227970.3723
202000,234949.0572
213000,247743.3128
216000,251232.6552
174000,202381.8611
141000,163999.0944
126000,146552.3822
132000,153531.0671
151000,175630.2358
152000,176793.3499
167000,194240.0621
162000,188424.4914
150000,174467.1217
145000,168651.5509
144000,167488.4368
149000,173304.0075
266000,309388.3624
323000,375685.8686
327000,380338.3252
323000,375685.8686
323000,375685.8686
223000,259374.4542
202000,234949.0572
193000,224481.0299
199000,231459.7147
206000,239601.5137
219000,254721.9976
216000,251232.6552
188000,218665.4591
145000,168651.5509
140000,162835.9802
133000,154694.1812
151000,175630.2358
157000,182608.9207
159000,184935.149
155000,180282.6924
138000,160509.7519
134000,155857.2953
123000,143063.0398
127000,147715.4963
241000,280310.5088
354000,411742.4071
298000,346608.015
319000,371033.4121
268000,311714.5907
203000,236112.1713
203000,236112.1713
189000,219828.5733
186000,216339.2309
185000,215176.1167
200000,232622.8289
203000,236112.1713
140000,162835.9802
144000,167488.4368
139000,161672.8661
129000,150041.7246
134000,155857.2953
145000,168651.5509
149000,173304.0075
150000,174467.1217
137000,159346.6378
134000,155857.2953
136000,158183.5236
138000,160509.7519
275000,319856.3897
348000,404763.7222
332000,386153.8959
273000,317530.1614
260000,302409.6775
206000,239601.5137
196000,227970.3723
202000,234949.0572
200000,232622.8289
184000,214013.0026
192000,223317.9157
200000,232622.8289
186000,216339.2309
125000,145389.268
124000,144226.1539
133000,154694.1812
133000,154694.1812
146000,169814.6651
167000,194240.0621
157000,182608.9207
145000,168651.5509
131000,152367.9529
139000,161672.8661
154000,179119.5782
258000,300083.4493
366000,425699.7768
318000,369870.2979
308000,358239.1565
289000,336139.9877
219000,254721.9976
261000,303572.7917
198000,230296.6006
188000,218665.4591
182000,211686.7743
224000,260537.5683
180000,209360.546
173000,201218.747
147000,170977.7792
129000,150041.7246
128000,148878.6105
137000,159346.6378
149000,173304.0075
149000,173304.0075
162000,188424.4914
147000,170977.7792
141000,163999.0944
135000,157020.4095
142000,165162.2085
208000,241927.742
320000,372196.5262
371000,431515.3476
308000,358239.1565
304000,353586.6999
230000,267516.2532
197000,229133.4864
190000,220991.6874
190000,220991.6874
210000,244253.9703
287000,333813.7594
217000,252395.7693
246000,286126.0795
156000,181445.8065
113000,131431.8983
152000,176793.3499
147000,170977.7792
157000,182608.9207
170000,197729.4045
171000,198892.5187
150000,174467.1217
148000,172140.8934
145000,168651.5509
149000,173304.0075
206000,239601.5137
344000,400111.2657
378000,439657.1466
299000,347771.1292
342000,397785.0374
229000,266353.1391
191000,222154.8016
186000,216339.2309
220000,255885.1118
210000,244253.9703
232000,269842.4815
246000,286126.0795
140000,162835.9802
153000,177956.4641
145000,168651.5509
138000,160509.7519
146000,169814.6651
157000,182608.9207
178000,207034.3177
155000,180282.6924
157000,182608.9207
158000,183772.0348
147000,170977.7792
154000,179119.5782
303000,352423.5858
382000,444309.6032
303000,352423.5858
328000,381501.4394
308000,358239.1565
240000,279147.3947
243000,282636.7371
199000,231459.7147
206000,239601.5137
199000,231459.7147
212000,246580.1986
234000,272168.7098
227000,264026.9108
167000,194240.0621
140000,162835.9802
156000,181445.8065
157000,182608.9207
87000,101190.9306
147000,170977.7792
180000,209360.546
158000,183772.0348
156000,181445.8065
151000,175630.2358
144000,167488.4368
267000,310551.4766
351000,408253.0647
337000,391969.4667
335000,389643.2384
307000,357076.0423
269000,312877.7048
220000,255885.1118
188000,218665.4591
182000,211686.7743
187000,217502.345
205000,238438.3996
232000,269842.4815
177000,205871.2036
152000,176793.3499
150000,174467.1217
132000,153531.0671
116000,134921.2407
156000,181445.8065
170000,197729.4045
191000,222154.8016
182000,211686.7743
168000,195403.1763
142000,165162.2085
152000,176793.3499
261000,303572.7917
347000,403600.6081
343000,398948.1515
320000,372196.5262
298000,346608.015
260000,302409.6775
234000,272168.7098
221000,257048.2259
207000,240764.6279
198000,230296.6006
201000,233785.943
250000,290778.5361
176000,204708.0894
152000,176793.3499
140000,162835.9802
142000,165162.2085
142000,165162.2085
163000,189587.6055
161000,187261.3772
168000,195403.1763
167000,194240.0621
150000,174467.1217
141000,163999.0944
146000,169814.6651
272000,316367.0473
326000,379175.2111
336000,390806.3525
333000,387317.0101
302000,351260.4716
283000,329161.3029
254000,295430.9927
206000,239601.5137
197000,229133.4864
184000,214013.0026
195000,226807.2582
236000,274494.9381
203000,236112.1713
158000,183772.0348
143000,166325.3226
143000,166325.3226
147000,170977.7792
139000,161672.8661
163000,189587.6055
167000,194240.0621
161000,187261.3772
153000,177956.4641
165000,191913.8338
165000,191913.8338
274000,318693.2756
344000,400111.2657
340000,395458.8091
326000,379175.2111
233000,271005.5956
254000,295430.9927
212000,246580.1986
206000,239601.5137
228000,265190.0249
204000,237275.2855
218000,253558.8835
234000,272168.7098
81000,94212.2457
156000,181445.8065
134000,155857.2953
144000,167488.4368
140000,162835.9802
136000,158183.5236
163000,189587.6055
173000,201218.747
160000,186098.2631
167000,194240.0621
144000,167488.4368
141000,163999.0944
287000,333813.7594
327000,380338.3252
367000,426862.891
312000,362891.613
304000,353586.6999
264000,307062.1341
249000,289615.422
189000,219828.5733
232000,269842.4815
226000,262863.7966
236000,274494.9381
204000,237275.2855
253000,294267.8785
134000,155857.2953
150000,174467.1217
95000,110495.8437
106000,123290.0993
109000,126779.4417
105000,122126.9852
112000,130268.7842
164000,190750.7197
167000,194240.0621
162000,188424.4914
160000,186098.2631
206000,239601.5137
322000,374522.7545
368000,428026.0051
356000,414068.6354
336000,390806.3525
263000,305899.02
195000,226807.2582
197000,229133.4864
209000,243090.8562
202000,234949.0572
231000,268679.3674
214000,248906.4269
239000,277984.2805
140000,162835.9802
146000,169814.6651
150000,174467.1217
151000,175630.2358
166000,193076.948
175000,203544.9753
177000,205871.2036
163000,189587.6055
168000,195403.1763
157000,182608.9207
167000,194240.0621
206000,239601.5137
326000,379175.2111
373000,433841.5759
319000,371033.4121
327000,380338.3252
236000,274494.9381
221000,257048.2259
195000,226807.2582
195000,226807.2582
234000,272168.7098
269000,312877.7048
233000,271005.5956
245000,284962.9654
161000,187261.3772
149000,173304.0075
143000,166325.3226
155000,180282.6924
172000,200055.6328
184000,214013.0026
186000,216339.2309
166000,193076.948
165000,191913.8338
152000,176793.3499
158000,183772.0348
198000,230296.6006
387000,450125.1739
315000,366380.9555
339000,394295.6949
293000,340792.4443
290000,337303.1019
210000,244253.9703
211000,245417.0845
196000,227970.3723
239000,277984.2805
265000,308225.2483
204000,237275.2855
247000,287289.1937
175000,203544.9753
149000,173304.0075
166000,193076.948
159000,184935.149
172000,200055.6328
189000,219828.5733
185000,215176.1167
165000,191913.8338
164000,190750.7197
151000,175630.2358
158000,183772.0348
263000,305899.02
370000,430352.2334
340000,395458.8091
332000,386153.8959
290000,337303.1019
292000,339629.3302
232000,269842.4815
201000,233785.943
192000,223317.9157
222000,258211.3401
263000,305899.02
231000,268679.3674
193000,224481.0299
164000,190750.7197
123000,143063.0398
142000,165162.2085
144000,167488.4368
165000,191913.8338
189000,219828.5733
181000,210523.6601
175000,203544.9753
166000,193076.948
151000,175630.2358
169000,196566.2904
298000,346608.015
350000,407089.9505
354000,411742.4071
339000,394295.6949
305000,354749.814
276000,321019.5039
249000,289615.422
222000,258211.3401
196000,227970.3723
230000,267516.2532
259000,301246.5634
232000,269842.4815
192000,223317.9157
164000,190750.7197
160000,186098.2631
154000,179119.5782
158000,183772.0348
164000,190750.7197
189000,219828.5733
204000,237275.2855
168000,195403.1763
150000,174467.1217
147000,170977.7792
160000,186098.2631
269000,312877.7048
344000,400111.2657
355000,412905.5213
334000,388480.1242
309000,359402.2706
273000,317530.1614
244000,283799.8512
234000,272168.7098
224000,260537.5683
196000,227970.3723
232000,269842.4815
270000,314040.819
188000,218665.4591
169000,196566.2904
159000,184935.149
167000,194240.0621
176000,204708.0894
186000,216339.2309
190000,220991.6874
188000,218665.4591
168000,195403.1763
163000,189587.6055
162000,188424.4914
147000,170977.7792
278000,323345.7321
355000,412905.5213
358000,416394.8637
343000,398948.1515
325000,378012.0969
257000,298920.3351
248000,288452.3078
235000,273331.8239
217000,252395.7693
202000,234949.0572
229000,266353.1391
249000,289615.422
301000,350097.3575
171000,198892.5187
155000,180282.6924
152000,176793.3499
180000,209360.546
176000,204708.0894
180000,209360.546
181000,210523.6601
165000,191913.8338
156000,181445.8065
150000,174467.1217
144000,167488.4368
201000,233785.943
371000,431515.3476
366000,425699.7768
347000,403600.6081
321000,373359.6403
276000,321019.5039
242000,281473.6229
225000,261700.6825
205000,238438.3996
232000,269842.4815
227000,264026.9108
227000,264026.9108
234000,272168.7098
154000,179119.5782
163000,189587.6055
0,0
0,0
50000,58155.70722
87000,101190.9306
0,0
193000,224481.0299
168000,195403.1763
153000,177956.4641
167000,194240.0621
90000,104680.273
227000,264026.9108
344000,400111.2657
350000,407089.9505
329000,382664.5535
282000,327998.1887
245000,284962.9654
226000,262863.7966
194000,225644.144
204000,237275.2855
258000,300083.4493
220000,255885.1118
221000,257048.2259
144000,167488.4368
154000,179119.5782
156000,181445.8065
163000,189587.6055
177000,205871.2036
185000,215176.1167
178000,207034.3177
168000,195403.1763
160000,186098.2631
158000,183772.0348
154000,179119.5782
228000,265190.0249
374000,435004.69
345000,401274.3798
329000,382664.5535
327000,380338.3252
285000,331487.5312
249000,289615.422
211000,245417.0845
183000,212849.8884
213000,247743.3128
272000,316367.0473
234000,272168.7098
196000,227970.3723
163000,189587.6055
155000,180282.6924
163000,189587.6055
162000,188424.4914
163000,189587.6055
187000,217502.345
179000,208197.4318
94000,109332.7296
157000,182608.9207
158000,183772.0348
140000,162835.9802
273000,317530.1614
365000,424536.6627
342000,397785.0374
352000,409416.1788
320000,372196.5262
269000,312877.7048
241000,280310.5088
234000,272168.7098
225000,261700.6825
200000,232622.8289
246000,286126.0795
224000,260537.5683
169000,196566.2904
163000,189587.6055
153000,177956.4641
156000,181445.8065
144000,167488.4368
153000,177956.4641
163000,189587.6055
161000,187261.3772
166000,193076.948
169000,196566.2904
147000,170977.7792
164000,190750.7197
308000,358239.1565
281000,326835.0746
359000,417557.9778
327000,380338.3252
290000,337303.1019
261000,303572.7917
235000,273331.8239
219000,254721.9976
222000,258211.3401
224000,260537.5683
202000,234949.0572
235000,273331.8239
179000,208197.4318
158000,183772.0348
147000,170977.7792
141000,163999.0944
146000,169814.6651
155000,180282.6924
177000,205871.2036
181000,210523.6601
156000,181445.8065
151000,175630.2358
147000,170977.7792
148000,172140.8934
269000,312877.7048
360000,418721.092
336000,390806.3525
314000,365217.8413
301000,350097.3575
273000,317530.1614
236000,274494.9381
223000,259374.4542
211000,245417.0845
189000,219828.5733
245000,284962.9654
235000,273331.8239
177000,205871.2036
153000,177956.4641
143000,166325.3226
147000,170977.7792
144000,167488.4368
155000,180282.6924
165000,191913.8338
168000,195403.1763
126000,146552.3822
159000,184935.149
149000,173304.0075
139000,161672.8661
258000,300083.4493
335000,389643.2384
342000,397785.0374
334000,388480.1242
295000,343118.6726
258000,300083.4493
230000,267516.2532
193000,224481.0299
178000,207034.3177
194000,225644.144
286000,332650.6453
242000,281473.6229
182000,211686.7743
149000,173304.0075
146000,169814.6651
142000,165162.2085
137000,159346.6378
55000,63971.27794
182000,211686.7743
185000,215176.1167
176000,204708.0894
188000,218665.4591
178000,207034.3177
184000,214013.0026
244000,283799.8512
285000,331487.5312
323000,375685.8686
262000,304735.9058
286000,332650.6453
281000,326835.0746
253000,294267.8785
246000,286126.0795
180000,209360.546
231000,268679.3674
201000,233785.943
228000,265190.0249
178000,207034.3177
159000,184935.149
150000,174467.1217
146000,169814.6651
145000,168651.5509
162000,188424.4914
177000,205871.2036
176000,204708.0894
156000,181445.8065
158000,183772.0348
151000,175630.2358
158000,183772.0348
264000,307062.1341
259000,301246.5634
338000,393132.5808
332000,386153.8959
315000,366380.9555
270000,314040.819
224000,260537.5683
225000,261700.6825
241000,280310.5088
215000,250069.541
216000,251232.6552
226000,262863.7966
176000,204708.0894
161000,187261.3772
136000,158183.5236
145000,168651.5509
153000,177956.4641
156000,181445.8065
175000,203544.9753
182000,211686.7743
166000,193076.948
176000,204708.0894
164000,190750.7197
149000,173304.0075
267000,310551.4766
349000,405926.8364
360000,418721.092
339000,394295.6949
320000,372196.5262
271000,315203.9331
232000,269842.4815
236000,274494.9381
218000,253558.8835
217000,252395.7693
227000,264026.9108
238000,276821.1664
192000,223317.9157
169000,196566.2904
150000,174467.1217
145000,168651.5509
159000,184935.149
163000,189587.6055
181000,210523.6601
171000,198892.5187
170000,197729.4045
165000,191913.8338
148000,172140.8934
152000,176793.3499
244000,283799.8512
334000,388480.1242
342000,397785.0374
338000,393132.5808
296000,344281.7867
258000,300083.4493
229000,266353.1391
221000,257048.2259
279000,324508.8463
277000,322182.618
254000,295430.9927
230000,267516.2532
180000,209360.546
154000,179119.5782
148000,172140.8934
142000,165162.2085
148000,172140.8934
163000,189587.6055
143000,166325.3226
163000,189587.6055
161000,187261.3772
151000,175630.2358
152000,176793.3499
162000,188424.4914
253000,294267.8785
354000,411742.4071
345000,401274.3798
333000,387317.0101
292000,339629.3302
276000,321019.5039
240000,279147.3947
240000,279147.3947
228000,265190.0249
220000,255885.1118
228000,265190.0249
225000,261700.6825
177000,205871.2036
161000,187261.3772
123000,143063.0398
163000,189587.6055
116000,134921.2407
150000,174467.1217
154000,179119.5782
152000,176793.3499
134000,155857.2953
153000,177956.4641
135000,157020.4095
144000,167488.4368
253000,294267.8785
329000,382664.5535
337000,391969.4667
344000,400111.2657
305000,354749.814
269000,312877.7048
230000,267516.2532
223000,259374.4542
219000,254721.9976
230000,267516.2532
230000,267516.2532
234000,272168.7098
177000,205871.2036
0,0
148000,172140.8934
160000,186098.2631
149000,173304.0075
155000,180282.6924
181000,210523.6601
163000,189587.6055
166000,193076.948
161000,187261.3772
156000,181445.8065
156000,181445.8065
246000,286126.0795
352000,409416.1788
351000,408253.0647
334000,388480.1242
297000,345444.9009
301000,350097.3575
269000,312877.7048
297000,345444.9009
257000,298920.3351
211000,245417.0845
227000,264026.9108
246000,286126.0795
186000,216339.2309
160000,186098.2631
152000,176793.3499
171000,198892.5187
178000,207034.3177
199000,231459.7147
201000,233785.943
176000,204708.0894
152000,176793.3499
151000,175630.2358
144000,167488.4368
154000,179119.5782
235000,273331.8239
367000,426862.891
352000,409416.1788
354000,411742.4071
321000,373359.6403
274000,318693.2756
248000,288452.3078
246000,286126.0795
224000,260537.5683
227000,264026.9108
238000,276821.1664
228000,265190.0249
174000,202381.8611
162000,188424.4914
148000,172140.8934
150000,174467.1217
167000,194240.0621
187000,217502.345
163000,189587.6055
170000,197729.4045
179000,208197.4318
168000,195403.1763
171000,198892.5187
180000,209360.546
254000,295430.9927
358000,416394.8637
362000,421047.3203
356000,414068.6354
312000,362891.613
257000,298920.3351
212000,246580.1986
228000,265190.0249
205000,238438.3996
206000,239601.5137
289000,336139.9877
252000,293104.7644
199000,231459.7147
183000,212849.8884
173000,201218.747
170000,197729.4045
156000,181445.8065
202000,234949.0572
191000,222154.8016
191000,222154.8016
161000,187261.3772
171000,198892.5187
156000,181445.8065
132000,153531.0671
235000,273331.8239
348000,404763.7222
389000,452451.4022
328000,381501.4394
328000,381501.4394
253000,294267.8785
214000,248906.4269
202000,234949.0572
206000,239601.5137
210000,244253.9703
310000,360565.3848
262000,304735.9058
181000,210523.6601
162000,188424.4914
180000,209360.546
185000,215176.1167
172000,200055.6328
264000,307062.1341
208000,241927.742
207000,240764.6279
189000,219828.5733
160000,186098.2631
164000,190750.7197
164000,190750.7197
228000,265190.0249
332000,386153.8959
376000,437330.9183
324000,376848.9828
346000,402437.494
222000,258211.3401
229000,266353.1391
208000,241927.742
208000,241927.742
204000,237275.2855
218000,253558.8835
246000,286126.0795
221000,257048.2259
162000,188424.4914
140000,162835.9802
143000,166325.3226
151000,175630.2358
156000,181445.8065
165000,191913.8338
159000,184935.149
152000,176793.3499
149000,173304.0075
139000,161672.8661
145000,168651.5509
225000,261700.6825
312000,362891.613
335000,389643.2384
345000,401274.3798
290000,337303.1019
265000,308225.2483
