Periods,2022,2023
1,2118.1870860000067,2118.1870860000067
2,1965.2009820000042,1965.2009820000042
3,2050.8312000000046,2050.8312000000046
4,2056.7389560000033,2056.7389560000033
5,2000.9221620000037,2000.9221620000037
6,2134.5246480000037,2134.5246480000037
7,2378.504544000006,2378.504544000006
8,2799.721650000008,2799.721650000008
9,2961.7361520000086,2961.7361520000086
10,3083.6997420000043,3083.6997420000043
11,3252.455976000005,3252.455976000005
12,3407.9109060000064,3407.9109060000064
13,3602.64275400001,3602.64275400001
14,3968.882880000012,3968.882880000012
15,3651.984312000012,3651.984312000012
16,3489.194304000006,3489.194304000006
17,3403.2940740000067,3403.2940740000067
18,3663.4594500000107,3663.4594500000107
19,4062.677022000014,4062.677022000014
20,4317.542604000018,4317.542604000018
21,4300.55333400002,4300.55333400002
22,4297.072956000019,4297.072956000019
23,3447.363786000015,3447.363786000015
24,2766.932136000012,2766.932136000012
25,2021.6170020000054,2021.6170020000054
26,1991.9720280000035,1991.9720280000035
27,2025.7626720000044,2025.7626720000044
28,2059.704414000004,2059.704414000004
29,2138.8681860000042,2138.8681860000042
30,2136.1449960000036,2136.1449960000036
31,2305.0485960000065,2305.0485960000065
32,2597.3010240000067,2597.3010240000067
33,2788.102146000007,2788.102146000007
34,2988.8999280000057,2988.8999280000057
35,3231.264294000003,3231.264294000003
36,3352.5976740000074,3352.5976740000074
37,3680.530698000009,3680.530698000009
38,3839.535978000012,3839.535978000012
39,3881.906466000008,3881.906466000008
40,3514.728702000007,3514.728702000007
41,3571.146096000006,3571.146096000006
42,3660.985650000013,3660.985650000013
43,3937.0976460000184,3937.0976460000184
44,4333.455858000024,4333.455858000024
45,4363.167186000018,4363.167186000018
46,4326.206772000023,4326.206772000023
47,3490.694214000016,3490.694214000016
48,2664.6096480000115,2664.6096480000115
49,2130.4858080000067,2130.4858080000067
50,1945.879170000004,1945.879170000004
51,1897.842876000004,1897.842876000004
52,2039.453580000004,2039.453580000004
53,2160.053364000003,2160.053364000003
54,2139.428562000005,2139.428562000005
55,2310.910956000007,2310.910956000007
56,2704.785258000008,2704.785258000008
57,2811.842670000007,2811.842670000007
58,2975.1665940000053,2975.1665940000053
59,3322.9979040000044,3322.9979040000044
60,3481.4814660000093,3481.4814660000093
61,3717.491634000011,3717.491634000011
62,4006.8793320000113,4006.8793320000113
63,3859.3509600000098,3859.3509600000098
64,3612.263790000006,3612.263790000006
65,3469.071708000005,3469.071708000005
66,3575.23359600001,3575.23359600001
67,3940.8293400000152,3940.8293400000152
68,4190.266986000022,4190.266986000022
69,4112.265102000023,4112.265102000023
70,3977.384292000021,3977.384292000021
71,3625.6858380000144,3625.6858380000144
72,2623.9950840000124,2623.9950840000124
73,1992.1992480000047,1992.1992480000047
74,1917.1881060000042,1917.1881060000042
75,1875.8587200000038,1875.8587200000038
76,2014.961610000004,2014.961610000004
77,2110.7990580000046,2110.7990580000046
78,2202.208800000003,2202.208800000003
79,2355.678234000005,2355.678234000005
80,2696.2119360000083,2696.2119360000083
81,2800.686906000007,2800.686906000007
82,2991.3939420000056,2991.3939420000056
83,3218.977470000004,3218.977470000004
84,3359.781012000006,3359.781012000006
85,3759.9736620000094,3759.9736620000094
86,4214.177790000009,4214.177790000009
87,3905.633160000011,3905.633160000011
88,3609.9492420000056,3609.9492420000056
89,3524.3137380000067,3524.3137380000067
90,3552.9257100000104,3552.9257100000104
91,3834.5125200000152,3834.5125200000152
92,4066.056558000021,4066.056558000021
93,3998.05638600002,3998.05638600002
94,3972.7409340000168,3972.7409340000168
95,3398.119068000016,3398.119068000016
96,2741.0352900000134,2741.0352900000134
97,2092.1224260000067,2092.1224260000067
98,2001.134574000004,2001.134574000004
99,1972.0083360000035,1972.0083360000035
100,2091.3365580000036,2091.3365580000036
101,2146.1681100000033,2146.1681100000033
102,2304.275022000004,2304.275022000004
103,2430.374820000006,2430.374820000006
104,2765.843712000009,2765.843712000009
105,2816.700738000008,2816.700738000008
106,3023.695584000004,3023.695584000004
107,3295.128300000003,3295.128300000003
108,3458.028408000007,3458.028408000007
109,3836.2811700000093,3836.2811700000093
110,3990.9272040000105,3990.9272040000105
111,3802.2184920000095,3802.2184920000095
112,3652.8253440000085,3652.8253440000085
113,3525.489114000007,3525.489114000007
114,3693.954510000011,3693.954510000011
115,4035.357468000018,4035.357468000018
116,4433.378310000021,4433.378310000021
117,4134.237186000024,4134.237186000024
118,4004.8049520000177,4004.8049520000177
119,3487.806672000016,3487.806672000016
120,2782.147332000014,2782.147332000014
121,2056.6084620000065,2056.6084620000065
122,1905.8830080000037,1905.8830080000037
123,1959.953424000003,1959.953424000003
124,2136.696150000003,2136.696150000003
125,2148.6668880000043,2148.6668880000043
126,2338.051320000004,2338.051320000004
127,2423.039682000006,2423.039682000006
128,2704.1759100000077,2704.1759100000077
129,2834.5807440000085,2834.5807440000085
130,3027.895632000005,3027.895632000005
131,3290.801454000005,3290.801454000005
132,3381.8076180000066,3381.8076180000066
133,3689.8387440000083,3689.8387440000083
134,4023.325572000012,4023.325572000012
135,3951.9972540000103,3951.9972540000103
136,3653.272320000008,3653.272320000008
137,3616.3459800000073,3616.3459800000073
138,3820.049664000012,3820.049664000012
139,3915.5556300000153,3915.5556300000153
140,4449.09387000002,4449.09387000002
141,4144.9160220000185,4144.9160220000185
142,3975.5825880000225,3975.5825880000225
143,3374.2730820000174,3374.2730820000174
144,2693.5686660000124,2693.5686660000124
145,2005.2608460000063,2005.2608460000063
146,1899.591468000003,1899.591468000003
147,1917.140592000004,1917.140592000004
148,2013.3849300000038,2013.3849300000038
149,2092.326090000005,2092.326090000005
150,2266.902948000005,2266.902948000005
151,2308.5228480000064,2308.5228480000064
152,2758.7133540000077,2758.7133540000077
153,2854.6504740000055,2854.6504740000055
154,3037.3235100000043,3037.3235100000043
155,3208.053960000004,3208.053960000004
156,3297.4576020000072,3297.4576020000072
157,3760.2999840000093,3760.2999840000093
158,3959.321436000014,3959.321436000014
159,3735.353064000009,3735.353064000009
160,3471.4304940000075,3471.4304940000075
161,3472.341618000006,3472.341618000006
162,3592.63588200001,3592.63588200001
163,3954.9595500000146,3954.9595500000146
164,4399.623582000022,4399.623582000022
165,4342.735590000019,4342.735590000019
166,3951.637596000018,3951.637596000018
167,3351.435300000016,3351.435300000016
168,2544.2983260000133,2544.2983260000133
169,2084.3888760000054,2084.3888760000054
170,1953.1894320000047,1953.1894320000047
171,2013.7756320000033,2013.7756320000033
172,2124.576390000002,2124.576390000002
173,2081.022498000003,2081.022498000003
174,2237.929848000004,2237.929848000004
175,2396.2520040000054,2396.2520040000054
176,2773.7124360000075,2773.7124360000075
177,2836.070370000008,2836.070370000008
178,3017.5987980000064,3017.5987980000064
179,3299.9339520000053,3299.9339520000053
180,3425.5552080000057,3425.5552080000057
181,3656.5321620000095,3656.5321620000095
182,3944.9446920000146,3944.9446920000146
183,3730.1021100000107,3730.1021100000107
184,3567.0842580000062,3567.0842580000062
185,3546.7876680000068,3546.7876680000068
186,3635.65207200001,3635.65207200001
187,4119.887094000015,4119.887094000015
188,4432.26534600002,4432.26534600002
189,4165.75189200002,4165.75189200002
190,4112.02723800002,4112.02723800002
191,3356.1222360000174,3356.1222360000174
192,2651.695230000013,2651.695230000013
193,2240.418552000005,2240.418552000005
194,2007.981318000004,2007.981318000004
195,1993.0826280000038,1993.0826280000038
196,2002.117596000004,2002.117596000004
197,2148.071610000004,2148.071610000004
198,2250.613434000005,2250.613434000005
199,2408.5173720000057,2408.5173720000057
200,2717.6796180000083,2717.6796180000083
201,2816.9022840000066,2816.9022840000066
202,3075.9660240000067,3075.9660240000067
203,3243.2947500000037,3243.2947500000037
204,3402.6160860000064,3402.6160860000064
205,3820.124706000012,3820.124706000012
206,3940.7290440000115,3940.7290440000115
207,3852.5753460000096,3852.5753460000096
208,3537.2755200000056,3537.2755200000056
209,3499.6280760000063,3499.6280760000063
210,3632.8237380000105,3632.8237380000105
211,3893.2820940000165,3893.2820940000165
212,4111.912428000022,4111.912428000022
213,4187.68602600002,4187.68602600002
214,4204.025592000023,4204.025592000023
215,3744.6559320000165,3744.6559320000165
216,2615.1553560000116,2615.1553560000116
217,2008.5702480000048,2008.5702480000048
218,1933.1137680000043,1933.1137680000043
219,1936.4417220000028,1936.4417220000028
220,2027.4188400000041,2027.4188400000041
221,2059.837476000003,2059.837476000003
222,2236.435566000004,2236.435566000004
223,2260.3319280000073,2260.3319280000073
224,2747.1570540000075,2747.1570540000075
225,2865.532806000008,2865.532806000008
226,2977.330812000005,2977.330812000005
227,3287.1514500000058,3287.1514500000058
228,3383.6852460000064,3383.6852460000064
229,3733.4049000000123,3733.4049000000123
230,3944.2860840000135,3944.2860840000135
231,3706.3846920000096,3706.3846920000096
232,3483.605208000005,3483.605208000005
233,3423.3519600000077,3423.3519600000077
234,3573.956754000011,3573.956754000011
235,3827.4619620000167,3827.4619620000167
236,4219.410234000024,4219.410234000024
237,4033.1464620000224,4033.1464620000224
238,4160.31537000002,4160.31537000002
239,3432.1330560000156,3432.1330560000156
240,2657.640360000013,2657.640360000013
241,1934.2390920000062,1934.2390920000062
242,1873.9043220000037,1873.9043220000037
243,2039.802834000004,2039.802834000004
244,2137.0015320000034,2137.0015320000034
245,2160.7609320000042,2160.7609320000042
246,2261.359092000003,2261.359092000003
247,2450.9548800000052,2450.9548800000052
248,2753.4086640000087,2753.4086640000087
249,2860.3497840000073,2860.3497840000073
250,2956.867710000005,2956.867710000005
251,3204.174432000004,3204.174432000004
252,3380.832912000007,3380.832912000007
253,3730.3073460000105,3730.3073460000105
254,4053.3737340000134,4053.3737340000134
255,3868.6081200000085,3868.6081200000085
256,3655.489980000006,3655.489980000006
257,3457.956300000006,3457.956300000006
258,3712.8933120000133,3712.8933120000133
259,4206.638340000018,4206.638340000018
260,4360.3664340000205,4360.3664340000205
261,4064.2782120000215,4064.2782120000215
262,4089.971256000019,4089.971256000019
263,3194.453754000015,3194.453754000015
264,2577.928650000013,2577.928650000013
265,2029.5971640000066,2029.5971640000066
266,1898.2112700000037,1898.2112700000037
267,1995.9920520000028,1995.9920520000028
268,2090.0162160000027,2090.0162160000027
269,2146.997994000004,2146.997994000004
270,2214.493392000004,2214.493392000004
271,2320.754280000005,2320.754280000005
272,2707.8104160000066,2707.8104160000066
273,2816.283924000009,2816.283924000009
274,2962.5790500000044,2962.5790500000044
275,3149.459562000005,3149.459562000005
276,3435.895716000007,3435.895716000007
277,3917.632224000009,3917.632224000009
278,3889.395384000012,3889.395384000012
279,3803.1742440000103,3803.1742440000103
280,3487.986276000005,3487.986276000005
281,3550.455024000005,3550.455024000005
282,3670.9447620000133,3670.9447620000133
283,4030.6330380000168,4030.6330380000168
284,4305.867390000021,4305.867390000021
285,3937.0385700000215,3937.0385700000215
286,3942.579066000019,3942.579066000019
287,3389.4547080000157,3389.4547080000157
288,2589.395946000013,2589.395946000013
289,2079.9534120000053,2079.9534120000053
290,1903.3776000000041,1903.3776000000041
291,2031.8364180000046,2031.8364180000046
292,2048.7497580000036,2048.7497580000036
293,2140.4810160000034,2140.4810160000034
294,2228.7963660000046,2228.7963660000046
295,2358.8635080000063,2358.8635080000063
296,2743.8740460000067,2743.8740460000067
297,2802.2133300000078,2802.2133300000078
298,3037.4737140000043,3037.4737140000043
299,3240.3214560000047,3240.3214560000047
300,3427.031268000004,3427.031268000004
301,3666.586890000009,3666.586890000009
302,3881.8969740000102,3881.8969740000102
303,3818.9530320000117,3818.9530320000117
304,3518.148486000008,3518.148486000008
305,3515.2712520000064,3515.2712520000064
306,3596.8903860000114,3596.8903860000114
307,4182.861156000015,4182.861156000015
308,4338.569874000021,4338.569874000021
309,4224.70074000002,4224.70074000002
310,3927.711732000023,3927.711732000023
311,3310.078434000018,3310.078434000018
312,2581.840470000014,2581.840470000014
313,1874.6163960000047,1874.6163960000047
314,1950.9496920000038,1950.9496920000038
315,1926.5689500000033,1926.5689500000033
316,1960.1640420000026,1960.1640420000026
317,2171.645256000003,2171.645256000003
318,2212.856280000003,2212.856280000003
319,2312.9100480000066,2312.9100480000066
320,2712.833580000009,2712.833580000009
321,2816.615340000009,2816.615340000009
322,2936.495532000004,2936.495532000004
323,3224.471238000005,3224.471238000005
324,3384.726504000006,3384.726504000006
325,3749.226450000012,3749.226450000012
326,3960.514902000013,3960.514902000013
327,3909.317838000008,3909.317838000008
328,3604.650462000007,3604.650462000007
329,3508.685334000006,3508.685334000006
330,3677.021190000011,3677.021190000011
331,3918.5180700000187,3918.5180700000187
332,4246.995384000022,4246.995384000022
333,4135.138278000022,4135.138278000022
334,3922.599204000018,3922.599204000018
335,3339.260628000015,3339.260628000015
336,2617.9539960000106,2617.9539960000106
337,2072.646462000007,2072.646462000007
338,1956.158622000003,1956.158622000003
339,2036.0894640000035,2036.0894640000035
340,2096.052906000004,2096.052906000004
341,2179.8482340000046,2179.8482340000046
342,2113.5930480000043,2113.5930480000043
343,2386.9228980000057,2386.9228980000057
344,2678.5121340000082,2678.5121340000082
345,2879.264556000008,2879.264556000008
346,3022.4560080000047,3022.4560080000047
347,3319.5888180000034,3319.5888180000034
348,3461.271246000007,3461.271246000007
349,3868.8736560000084,3868.8736560000084
350,4002.628560000012,4002.628560000012
351,3711.678942000009,3711.678942000009
352,3455.9253480000066,3455.9253480000066
353,3497.922942000008,3497.922942000008
354,3677.8513080000093,3677.8513080000093
355,3953.659740000015,3953.659740000015
356,4152.541806000021,4152.541806000021
357,4341.3081120000215,4341.3081120000215
358,4190.552124000019,4190.552124000019
359,3466.0917120000154,3466.0917120000154
360,2573.735796000012,2573.735796000012
361,2015.7843120000055,2015.7843120000055
362,1869.5541780000042,1869.5541780000042
363,2016.2996820000035,2016.2996820000035
364,2117.808678000004,2117.808678000004
365,2180.946780000003,2180.946780000003
366,2239.3840620000055,2239.3840620000055
367,2416.1323740000066,2416.1323740000066
368,2691.97204200001,2691.97204200001
369,2779.9911360000083,2779.9911360000083
370,3061.253100000005,3061.253100000005
371,3233.691750000006,3233.691750000006
372,3438.1228320000073,3438.1228320000073
373,3709.0996920000107,3709.0996920000107
374,4016.830884000012,4016.830884000012
375,3808.609272000007,3808.609272000007
376,3517.9556520000065,3517.9556520000065
377,3420.8692500000075,3420.8692500000075
378,3652.0855920000067,3652.0855920000067
379,3816.256362000015,3816.256362000015
380,4149.620478000022,4149.620478000022
381,4164.763914000017,4164.763914000017
382,4017.851370000018,4017.851370000018
383,3460.213590000014,3460.213590000014
384,2583.776484000011,2583.776484000011
385,2040.3435060000058,2040.3435060000058
386,2045.558856000004,2045.558856000004
387,2070.624126000003,2070.624126000003
388,2068.0549080000033,2068.0549080000033
389,2202.599742000003,2202.599742000003
390,2212.6051800000037,2212.6051800000037
391,2395.633182000007,2395.633182000007
392,2707.320186000009,2707.320186000009
393,2772.5358720000095,2772.5358720000095
394,2953.8600840000045,2953.8600840000045
395,3249.4607700000065,3249.4607700000065
396,3400.968552000007,3400.968552000007
397,3657.7817700000082,3657.7817700000082
398,4003.6755780000144,4003.6755780000144
399,3884.017776000012,3884.017776000012
400,3560.417088000006,3560.417088000006
401,3491.4844020000064,3491.4844020000064
402,3576.989988000011,3576.989988000011
403,3888.4045020000194,3888.4045020000194
404,4369.061406000023,4369.061406000023
405,4198.920624000021,4198.920624000021
406,3949.4723160000203,3949.4723160000203
407,3386.289048000016,3386.289048000016
408,2797.4456820000123,2797.4456820000123
409,2126.918178000006,2126.918178000006
410,1915.8934380000032,1915.8934380000032
411,1960.746396000003,1960.746396000003
412,2022.402522000004,2022.402522000004
413,2099.4360240000046,2099.4360240000046
414,2144.2762200000047,2144.2762200000047
415,2411.3212140000055,2411.3212140000055
416,2852.9393520000085,2852.9393520000085
417,2939.667534000008,2939.667534000008
418,3070.914870000005,3070.914870000005
419,3175.567170000003,3175.567170000003
420,3437.405658000006,3437.405658000006
421,3795.663666000009,3795.663666000009
422,3959.324568000011,3959.324568000011
423,3901.7386920000095,3901.7386920000095
424,3532.902726000006,3532.902726000006
425,3492.661596000006,3492.661596000006
426,3647.5336260000104,3647.5336260000104
427,4190.063226000019,4190.063226000019
428,4476.191550000022,4476.191550000022
429,3966.5827200000203,3966.5827200000203
430,3970.197738000021,3970.197738000021
431,3266.121282000016,3266.121282000016
432,2657.6563080000133,2657.6563080000133
433,1820.9167560000049,1820.9167560000049
434,1811.7080280000037,1811.7080280000037
435,1866.162600000003,1866.162600000003
436,1984.9208040000035,1984.9208040000035
437,2083.703754000003,2083.703754000003
438,2244.4628760000037,2244.4628760000037
439,2362.2689580000056,2362.2689580000056
440,2687.151576000008,2687.151576000008
441,2770.378182000007,2770.378182000007
442,3028.625706000004,3028.625706000004
443,3236.3949000000052,3236.3949000000052
444,3295.822782000007,3295.822782000007
445,3629.722074000012,3629.722074000012
446,3901.215798000011,3901.215798000011
447,3814.403244000012,3814.403244000012
448,3526.430256000008,3526.430256000008
449,3524.485572000008,3524.485572000008
450,3700.179078000012,3700.179078000012
451,4073.881482000018,4073.881482000018
452,4368.992232000023,4368.992232000023
453,4015.158756000023,4015.158756000023
454,3914.542770000019,3914.542770000019
455,3347.5115880000135,3347.5115880000135
456,2506.55571600001,2506.55571600001
457,2035.517910000005,2035.517910000005
458,1910.6184180000039,1910.6184180000039
459,2004.317880000004,2004.317880000004
460,1941.3950820000027,1941.3950820000027
461,2168.1342780000023,2168.1342780000023
462,2227.602816000003,2227.602816000003
463,2424.713394000006,2424.713394000006
464,2885.1851340000076,2885.1851340000076
465,3014.043990000009,3014.043990000009
466,3050.6577360000047,3050.6577360000047
467,3270.043134000004,3270.043134000004
468,3371.311710000007,3371.311710000007
469,3572.0282820000107,3572.0282820000107
470,3902.0036340000133,3902.0036340000133
471,3765.923322000012,3765.923322000012
472,3491.010762000006,3491.010762000006
473,3484.946304000005,3484.946304000005
474,3657.1222080000102,3657.1222080000102
475,3958.379232000019,3958.379232000019
476,4245.375546000021,4245.375546000021
477,4105.5447060000215,4105.5447060000215
478,3858.8803140000205,3858.8803140000205
479,3516.904206000017,3516.904206000017
480,2800.419972000014,2800.419972000014
481,2024.0749500000059,2024.0749500000059
482,1857.1753560000036,1857.1753560000036
483,1919.5682940000045,1919.5682940000045
484,2019.3058320000023,2019.3058320000023
485,2011.8852000000045,2011.8852000000045
486,2250.2000640000037,2250.2000640000037
487,2419.2833640000063,2419.2833640000063
488,2852.5211460000087,2852.5211460000087
489,2997.244500000008,2997.244500000008
490,3031.771308000005,3031.771308000005
491,3214.424460000006,3214.424460000006
492,3369.6255120000046,3369.6255120000046
493,3883.542726000009,3883.542726000009
494,3923.503452000011,3923.503452000011
495,3727.7894700000106,3727.7894700000106
496,3552.1417380000044,3552.1417380000044
497,3603.5110800000034,3603.5110800000034
498,3607.7225040000108,3607.7225040000108
499,3940.1848920000166,3940.1848920000166
500,4163.110860000024,4163.110860000024
501,3944.9199720000206,3944.9199720000206
502,4043.0667540000168,4043.0667540000168
503,3446.8275480000157,3446.8275480000157
504,2608.573488000012,2608.573488000012
505,2267.8420680000063,2267.8420680000063
506,2068.541532000003,2068.541532000003
507,2109.167340000003,2109.167340000003
508,2091.467952000004,2091.467952000004
509,2188.2898320000027,2188.2898320000027
510,2166.1518900000033,2166.1518900000033
511,2458.3945080000053,2458.3945080000053
512,2695.651242000008,2695.651242000008
513,2797.805388000007,2797.805388000007
514,3006.911646000005,3006.911646000005
515,3278.184990000004,3278.184990000004
516,3395.108142000006,3395.108142000006
517,3714.634176000008,3714.634176000008
518,3974.8536300000133,3974.8536300000133
519,3866.12735400001,3866.12735400001
520,3524.941992000007,3524.941992000007
521,3450.574764000007,3450.574764000007
522,3580.1415240000106,3580.1415240000106
523,3898.856142000018,3898.856142000018
524,4038.984168000019,4038.984168000019
525,4073.9739840000216,4073.9739840000216
526,4126.877022000017,4126.877022000017
527,3554.1567960000166,3554.1567960000166
528,2872.0856100000124,2872.0856100000124
529,1964.6639220000059,1964.6639220000059
530,1959.8698200000033,1959.8698200000033
531,1996.5762600000025,1996.5762600000025
532,1988.310552000003,1988.310552000003
533,2036.9935740000033,2036.9935740000033
534,2148.6789360000034,2148.6789360000034
535,2323.058598000006,2323.058598000006
536,2647.758108000008,2647.758108000008
537,2762.573862000007,2762.573862000007
538,3055.3029060000044,3055.3029060000044
539,3174.281898000003,3174.281898000003
540,3418.0342860000073,3418.0342860000073
541,3806.38744200001,3806.38744200001
542,4041.2271840000117,4041.2271840000117
543,3787.9941780000104,3787.9941780000104
544,3523.1835180000057,3523.1835180000057
545,3579.7343100000076,3579.7343100000076
546,3733.4093400000106,3733.4093400000106
547,4052.273658000019,4052.273658000019
548,4285.552002000022,4285.552002000022
549,4072.3694400000204,4072.3694400000204
550,4000.4897700000165,4000.4897700000165
551,3402.8610180000164,3402.8610180000164
552,2676.5507820000125,2676.5507820000125
553,1997.5438860000063,1997.5438860000063
554,1924.5193260000035,1924.5193260000035
555,1946.0777100000043,1946.0777100000043
556,2035.3871340000048,2035.3871340000048
557,2043.8409720000027,2043.8409720000027
558,2130.6789420000046,2130.6789420000046
559,2309.157432000007,2309.157432000007
560,2657.5597200000084,2657.5597200000084
561,2892.089664000008,2892.089664000008
562,3044.346498000004,3044.346498000004
563,3258.588246000004,3258.588246000004
564,3402.0370920000078,3402.0370920000078
565,3714.6291660000106,3714.6291660000106
566,3939.2112000000134,3939.2112000000134
567,3848.092056000011,3848.092056000011
568,3597.602094000007,3597.602094000007
569,3481.446696000008,3481.446696000008
570,3760.012182000013,3760.012182000013
571,3988.3687140000166,3988.3687140000166
572,4292.322462000026,4292.322462000026
573,4093.579062000018,4093.579062000018
574,4318.614612000018,4318.614612000018
575,3426.7414200000158,3426.7414200000158
576,2682.3078660000147,2682.3078660000147
577,2079.8640960000052,2079.8640960000052
578,1921.3283820000045,1921.3283820000045
579,1894.0704240000034,1894.0704240000034
580,2014.6818840000035,2014.6818840000035
581,2052.654240000004,2052.654240000004
582,2138.929620000003,2138.929620000003
583,2328.4208640000047,2328.4208640000047
584,2616.1475940000078,2616.1475940000078
585,2807.459520000008,2807.459520000008
586,3002.4924660000042,3002.4924660000042
587,3170.700918000004,3170.700918000004
588,3285.9557400000067,3285.9557400000067
589,3690.2747880000106,3690.2747880000106
590,3993.2361120000132,3993.2361120000132
591,3964.4698680000074,3964.4698680000074
592,3622.354242000008,3622.354242000008
593,3562.5440160000066,3562.5440160000066
594,3654.3036360000096,3654.3036360000096
595,4007.1451080000165,4007.1451080000165
596,3973.8714300000215,3973.8714300000215
597,3984.1675980000227,3984.1675980000227
598,4083.82915800002,4083.82915800002
599,3573.121590000014,3573.121590000014
600,2613.5665620000113,2613.5665620000113
601,2100.0175980000054,2100.0175980000054
602,2022.3016200000025,2022.3016200000025
603,2018.3826960000024,2018.3826960000024
604,2059.0917840000043,2059.0917840000043
605,2158.6609800000047,2158.6609800000047
606,2305.3450560000033,2305.3450560000033
607,2389.8218520000055,2389.8218520000055
608,2657.930964000007,2657.930964000007
609,2834.9817540000086,2834.9817540000086
610,2972.4905400000052,2972.4905400000052
611,3189.762756000004,3189.762756000004
612,3390.2417760000076,3390.2417760000076
613,3781.919616000012,3781.919616000012
614,4065.7147140000097,4065.7147140000097
615,3784.932600000012,3784.932600000012
616,3538.3700040000067,3538.3700040000067
617,3522.213588000007,3522.213588000007
618,3592.841130000011,3592.841130000011
619,3955.1090820000154,3955.1090820000154
620,4046.2565820000227,4046.2565820000227
621,4100.945190000019,4100.945190000019
622,4283.509722000019,4283.509722000019
623,3593.727102000015,3593.727102000015
624,2796.932658000012,2796.932658000012
625,2205.797496000006,2205.797496000006
626,1992.308016000004,1992.308016000004
627,1960.3510020000033,1960.3510020000033
628,2067.433494000003,2067.433494000003
629,2105.9356200000043,2105.9356200000043
630,2260.395138000005,2260.395138000005
631,2453.860746000006,2453.860746000006
632,2687.5543140000073,2687.5543140000073
633,2978.164200000008,2978.164200000008
634,3031.902966000007,3031.902966000007
635,3280.596780000004,3280.596780000004
636,3342.8267280000073,3342.8267280000073
637,3670.328514000013,3670.328514000013
638,3978.917994000013,3978.917994000013
639,3823.2536820000078,3823.2536820000078
640,3448.331070000006,3448.331070000006
641,3513.5765640000063,3513.5765640000063
642,3654.664188000008,3654.664188000008
643,4108.745334000017,4108.745334000017
644,4388.914056000024,4388.914056000024
645,4343.5305720000215,4343.5305720000215
646,4286.45649000002,4286.45649000002
647,3430.118184000019,3430.118184000019
648,2650.9783500000126,2650.9783500000126
649,2027.6755320000052,2027.6755320000052
650,1853.6482260000028,1853.6482260000028
651,2043.7976040000042,2043.7976040000042
652,2058.7130280000038,2058.7130280000038
653,2071.054506000003,2071.054506000003
654,2187.8219040000045,2187.8219040000045
655,2371.754058000006,2371.754058000006
656,2735.200674000009,2735.200674000009
657,2819.175990000008,2819.175990000008
658,2948.1378120000054,2948.1378120000054
659,3130.937538000005,3130.937538000005
660,3349.542408000007,3349.542408000007
661,3696.8937180000116,3696.8937180000116
662,3781.601538000012,3781.601538000012
663,3852.987936000012,3852.987936000012
664,3565.1866200000063,3565.1866200000063
665,3446.367960000007,3446.367960000007
666,3604.5346500000105,3604.5346500000105
667,3981.4621500000167,3981.4621500000167
668,4263.103542000021,4263.103542000021
669,4340.56123200002,4340.56123200002
670,4102.620570000022,4102.620570000022
671,3192.541242000015,3192.541242000015
672,2598.2760480000115,2598.2760480000115
673,2095.681146000006,2095.681146000006
674,1933.9767960000045,1933.9767960000045
675,2030.4508500000047,2030.4508500000047
676,2095.316010000004,2095.316010000004
677,2157.385086000003,2157.385086000003
678,2323.435098000004,2323.435098000004
679,2392.264830000005,2392.264830000005
680,2779.6171560000075,2779.6171560000075
681,2902.881342000007,2902.881342000007
682,3110.819328000004,3110.819328000004
683,3251.1053040000043,3251.1053040000043
684,3385.1753160000067,3385.1753160000067
685,3754.7098800000085,3754.7098800000085
686,3907.9651200000117,3907.9651200000117
687,3924.6206580000107,3924.6206580000107
688,3557.1815460000057,3557.1815460000057
689,3571.6713540000046,3571.6713540000046
690,3615.534870000008,3615.534870000008
691,4165.6369260000165,4165.6369260000165
692,4327.8052320000215,4327.8052320000215
693,4041.2449380000203,4041.2449380000203
694,3808.5749100000216,3808.5749100000216
695,3445.869648000017,3445.869648000017
696,2697.439062000013,2697.439062000013
697,2134.9444860000053,2134.9444860000053
698,1947.069222000004,1947.069222000004
699,1959.2542440000043,1959.2542440000043
700,2034.4378260000037,2034.4378260000037
701,2064.2698560000017,2064.2698560000017
702,2140.0945140000044,2140.0945140000044
703,2331.3047460000057,2331.3047460000057
704,2728.579476000008,2728.579476000008
705,2796.1812240000063,2796.1812240000063
706,2950.230108000005,2950.230108000005
707,3143.0639460000034,3143.0639460000034
708,3405.0963780000075,3405.0963780000075
709,3650.9351700000097,3650.9351700000097
710,3906.7490160000107,3906.7490160000107
711,3731.428206000007,3731.428206000007
712,3528.689118000007,3528.689118000007
713,3557.6857380000065,3557.6857380000065
714,3715.6735080000103,3715.6735080000103
715,3962.6307660000166,3962.6307660000166
716,4140.602916000019,4140.602916000019
717,4098.922026000023,4098.922026000023
718,4033.6198320000203,4033.6198320000203
719,3541.637700000016,3541.637700000016
720,2615.7150840000118,2615.7150840000118
721,2025.348354000006,2025.348354000006
722,1831.958142000004,1831.958142000004
723,1978.8068100000035,1978.8068100000035
724,2023.5722400000034,2023.5722400000034
725,2020.6797360000032,2020.6797360000032
726,2107.1711940000027,2107.1711940000027
727,2289.710718000006,2289.710718000006
728,2768.673204000008,2768.673204000008
729,2869.2113160000076,2869.2113160000076
730,2924.137080000005,2924.137080000005
731,3188.280246000005,3188.280246000005
732,3350.5525920000055,3350.5525920000055
733,3810.5614740000096,3810.5614740000096
734,3969.6183780000156,3969.6183780000156
735,3877.6308840000106,3877.6308840000106
736,3536.4853680000056,3536.4853680000056
737,3486.8361960000066,3486.8361960000066
738,3560.89863000001,3560.89863000001
739,4039.436562000016,4039.436562000016
740,4026.437376000019,4026.437376000019
741,4055.480160000023,4055.480160000023
742,4189.65520800002,4189.65520800002
743,3449.985534000017,3449.985534000017
744,2692.5878460000135,2692.5878460000135
745,2069.2879980000052,2069.2879980000052
746,1932.1827960000044,1932.1827960000044
747,2047.0880520000035,2047.0880520000035
748,2111.3645640000036,2111.3645640000036
749,2176.763352000001,2176.763352000001
750,2229.834630000004,2229.834630000004
751,2311.205112000006,2311.205112000006
752,2771.7438000000084,2771.7438000000084
753,2843.986860000007,2843.986860000007
754,3036.7273620000046,3036.7273620000046
755,3258.6428700000033,3258.6428700000033
756,3330.438414000008,3330.438414000008
757,3673.3001280000085,3673.3001280000085
758,4059.172830000009,4059.172830000009
759,3769.1629980000084,3769.1629980000084
760,3510.7910880000063,3510.7910880000063
761,3438.9513420000058,3438.9513420000058
762,3607.6282800000117,3607.6282800000117
763,3979.728246000017,3979.728246000017
764,4344.572496000021,4344.572496000021
765,4213.85077200002,4213.85077200002
766,4045.405182000019,4045.405182000019
767,3361.411464000015,3361.411464000015
768,2677.364646000012,2677.364646000012
769,1870.9393800000041,1870.9393800000041
770,1851.9322020000027,1851.9322020000027
771,1931.0521920000033,1931.0521920000033
772,1994.3617980000029,1994.3617980000029
773,2077.712178000001,2077.712178000001
774,2189.085480000004,2189.085480000004
775,2308.3042740000046,2308.3042740000046
776,2662.2677460000086,2662.2677460000086
777,2840.0921160000075,2840.0921160000075
778,2940.9969960000044,2940.9969960000044
779,3110.5565400000037,3110.5565400000037
780,3389.8862820000063,3389.8862820000063
781,3635.9282760000087,3635.9282760000087
782,3939.0972300000108,3939.0972300000108
783,3755.92317600001,3755.92317600001
784,3422.5916520000055,3422.5916520000055
785,3399.6517320000066,3399.6517320000066
786,3517.50774600001,3517.50774600001
787,3845.487708000014,3845.487708000014
788,4167.730134000018,4167.730134000018
789,4048.9673700000203,4048.9673700000203
790,3920.218296000019,3920.218296000019
791,3237.6395580000135,3237.6395580000135
792,2356.7725920000116,2356.7725920000116
793,2121.8218860000056,2121.8218860000056
794,1907.6606220000033,1907.6606220000033
795,1918.656798000003,1918.656798000003
796,2037.8815980000038,2037.8815980000038
797,2124.8082720000034,2124.8082720000034
798,2050.602846000004,2050.602846000004
799,2311.910742000005,2311.910742000005
800,2703.2316180000084,2703.2316180000084
801,2941.755618000008,2941.755618000008
802,3047.3566380000043,3047.3566380000043
803,3277.4340300000035,3277.4340300000035
804,3417.4866900000047,3417.4866900000047
805,3645.4984560000107,3645.4984560000107
806,4160.857920000011,4160.857920000011
807,3879.287682000012,3879.287682000012
808,3420.351480000007,3420.351480000007
809,3463.5555180000065,3463.5555180000065
810,3527.6579700000098,3527.6579700000098
811,3681.666642000017,3681.666642000017
812,4078.0369620000215,4078.0369620000215
813,4033.0092720000202,4033.0092720000202
814,3984.959748000017,3984.959748000017
815,3415.995528000015,3415.995528000015
816,2562.1686660000128,2562.1686660000128
817,2172.9115380000057,2172.9115380000057
818,1907.4018960000042,1907.4018960000042
819,2070.505200000004,2070.505200000004
820,2066.856552000004,2066.856552000004
821,2147.364222000003,2147.364222000003
822,2276.3586120000045,2276.3586120000045
823,2404.7632860000067,2404.7632860000067
824,2767.1597220000085,2767.1597220000085
825,2780.3459520000065,2780.3459520000065
826,3004.242648000006,3004.242648000006
827,3221.3376300000045,3221.3376300000045
828,3396.1632060000065,3396.1632060000065
829,3756.2770920000094,3756.2770920000094
830,3927.2016720000133,3927.2016720000133
831,3754.5228240000083,3754.5228240000083
832,3479.2023720000075,3479.2023720000075
833,3487.576926000005,3487.576926000005
834,3597.355368000008,3597.355368000008
835,3707.7290760000133,3707.7290760000133
836,4175.95029600002,4175.95029600002
837,4478.416800000023,4478.416800000023
838,4201.55275800002,4201.55275800002
839,3424.657602000016,3424.657602000016
840,2572.933728000013,2572.933728000013
841,2058.6427020000065,2058.6427020000065
842,1964.2810980000042,1964.2810980000042
843,2018.7935580000037,2018.7935580000037
844,2059.323120000003,2059.323120000003
845,2096.4896820000035,2096.4896820000035
846,2194.1048760000035,2194.1048760000035
847,2398.2195840000054,2398.2195840000054
848,2665.2117240000075,2665.2117240000075
849,2793.047616000007,2793.047616000007
850,2947.0093980000047,2947.0093980000047
851,3267.800076000004,3267.800076000004
852,3380.6406480000073,3380.6406480000073
853,3738.5025180000116,3738.5025180000116
854,3984.3943500000128,3984.3943500000128
855,3791.971752000008,3791.971752000008
856,3551.486940000007,3551.486940000007
857,3515.832936000006,3515.832936000006
858,3638.46316800001,3638.46316800001
859,3991.5088500000165,3991.5088500000165
860,4251.002166000021,4251.002166000021
861,4043.41721400002,4043.41721400002
862,4213.261356000019,4213.261356000019
863,3479.591136000014,3479.591136000014
864,2625.507648000011,2625.507648000011
865,2092.902486000006,2092.902486000006
866,2037.0732060000037,2037.0732060000037
867,2106.365190000003,2106.365190000003
868,2072.069550000003,2072.069550000003
869,2123.2003800000043,2123.2003800000043
870,2237.263218000003,2237.263218000003
871,2430.314484000007,2430.314484000007
872,2789.2428780000087,2789.2428780000087
873,2909.0005440000077,2909.0005440000077
874,3036.5693100000053,3036.5693100000053
875,3247.800564000006,3247.800564000006
876,3443.709420000006,3443.709420000006
877,3616.9719240000095,3616.9719240000095
878,3904.860264000012,3904.860264000012
879,3727.7798880000096,3727.7798880000096
880,3524.6489580000057,3524.6489580000057
881,3438.1062060000045,3438.1062060000045
882,3667.0489860000093,3667.0489860000093
883,3886.006362000015,3886.006362000015
884,4080.51094800002,4080.51094800002
885,4116.540654000022,4116.540654000022
886,4088.0333700000174,4088.0333700000174
887,3282.4635000000153,3282.4635000000153
888,2719.103100000014,2719.103100000014
889,1988.7600060000052,1988.7600060000052
890,1934.359686000004,1934.359686000004
891,1959.1381860000026,1959.1381860000026
892,2023.5712020000037,2023.5712020000037
893,2135.1374940000046,2135.1374940000046
894,2053.0536480000046,2053.0536480000046
895,2309.4465720000067,2309.4465720000067
896,2643.5762160000086,2643.5762160000086
897,2819.421870000008,2819.421870000008
898,3041.0931540000056,3041.0931540000056
899,3192.713796000003,3192.713796000003
900,3482.950488000006,3482.950488000006
901,3735.0511380000103,3735.0511380000103
902,3807.5854440000135,3807.5854440000135
903,3582.55788600001,3582.55788600001
904,3467.987946000006,3467.987946000006
905,3499.5263100000057,3499.5263100000057
906,3616.753344000008,3616.753344000008
907,4152.511704000017,4152.511704000017
908,4295.976852000021,4295.976852000021
909,4188.003120000021,4188.003120000021
910,3751.35612600002,3751.35612600002
911,3372.5887500000154,3372.5887500000154
912,2702.4991260000124,2702.4991260000124
913,1985.7665820000054,1985.7665820000054
914,1871.1748200000038,1871.1748200000038
915,1869.6563040000037,1869.6563040000037
916,1966.3568760000046,1966.3568760000046
917,2004.2291100000039,2004.2291100000039
918,2097.189120000004,2097.189120000004
919,2298.3181080000063,2298.3181080000063
920,2681.2829820000065,2681.2829820000065
921,2852.1204000000084,2852.1204000000084
922,2947.8166740000056,2947.8166740000056
923,3228.3767160000043,3228.3767160000043
924,3375.645252000006,3375.645252000006
925,3725.5114860000117,3725.5114860000117
926,3861.3229980000124,3861.3229980000124
927,3726.9089640000107,3726.9089640000107
928,3499.0541100000073,3499.0541100000073
929,3380.7361080000046,3380.7361080000046
930,3605.0447640000098,3605.0447640000098
931,3833.183598000019,3833.183598000019
932,4308.581220000019,4308.581220000019
933,4249.065996000021,4249.065996000021
934,4106.087334000018,4106.087334000018
935,3425.355900000016,3425.355900000016
936,2584.448172000012,2584.448172000012
937,2120.327196000006,2120.327196000006
938,1934.7664800000039,1934.7664800000039
939,1965.3914520000037,1965.3914520000037
940,2092.5955680000034,2092.5955680000034
941,2150.867544000004,2150.867544000004
942,2216.6585100000048,2216.6585100000048
943,2334.242940000005,2334.242940000005
944,2676.921546000007,2676.921546000007
945,2763.0582360000076,2763.0582360000076
946,2887.843380000005,2887.843380000005
947,3130.445628000004,3130.445628000004
948,3376.5708540000055,3376.5708540000055
949,3717.2236380000118,3717.2236380000118
950,3950.855688000013,3950.855688000013
951,3723.2129100000093,3723.2129100000093
952,3431.3258640000063,3431.3258640000063
953,3466.174104000006,3466.174104000006
954,3575.26724400001,3575.26724400001
955,3801.6859740000154,3801.6859740000154
956,4213.87078800002,4213.87078800002
957,4273.97739600002,4273.97739600002
958,3944.8682580000204,3944.8682580000204
959,3416.5353540000156,3416.5353540000156
960,2697.726078000012,2697.726078000012
961,1996.6256760000056,1996.6256760000056
962,1939.2845280000038,1939.2845280000038
963,2033.931984000004,2033.931984000004
964,2057.3511060000037,2057.3511060000037
965,2142.0788040000043,2142.0788040000043
966,2213.2567320000035,2213.2567320000035
967,2291.7754020000066,2291.7754020000066
968,2614.186584000009,2614.186584000009
969,2774.6963940000073,2774.6963940000073
970,2977.412064000006,2977.412064000006
971,3215.7825480000047,3215.7825480000047
972,3389.3289720000043,3389.3289720000043
973,3781.7097120000103,3781.7097120000103
974,3966.7134120000123,3966.7134120000123
975,3769.271844000008,3769.271844000008
976,3510.164928000008,3510.164928000008
977,3455.214018000004,3455.214018000004
978,3539.511978000011,3539.511978000011
979,3780.803754000018,3780.803754000018
980,4141.30224000002,4141.30224000002
981,4029.93658200002,4029.93658200002
982,3885.245328000017,3885.245328000017
983,3455.092344000015,3455.092344000015
984,2571.928620000011,2571.928620000011
985,1936.0199700000053,1936.0199700000053
986,1948.328244000004,1948.328244000004
987,1991.2637040000036,1991.2637040000036
988,2037.8818800000026,2037.8818800000026
989,2052.6183600000036,2052.6183600000036
990,2147.5881480000035,2147.5881480000035
991,2327.187636000007,2327.187636000007
992,2719.577130000009,2719.577130000009
993,2972.2438920000086,2972.2438920000086
994,3117.1564680000038,3117.1564680000038
995,3331.102782000005,3331.102782000005
996,3492.450294000007,3492.450294000007
997,3701.3550360000086,3701.3550360000086
998,3947.905176000012,3947.905176000012
999,3823.3002780000065,3823.3002780000065
1000,3564.6269820000057,3564.6269820000057
1001,3420.1997220000076,3420.1997220000076
1002,3657.2485680000104,3657.2485680000104
1003,3771.6612180000157,3771.6612180000157
1004,4310.28316200002,4310.28316200002
1005,4086.0631260000214,4086.0631260000214
1006,4019.870094000019,4019.870094000019
1007,3482.5201380000162,3482.5201380000162
1008,2493.6067860000103,2493.6067860000103
1009,2107.0743360000056,2107.0743360000056
1010,1933.1598480000036,1933.1598480000036
1011,2070.9388200000067,2070.9388200000067
1012,2010.252510000004,2010.252510000004
1013,2134.8949500000044,2134.8949500000044
1014,2318.4833520000034,2318.4833520000034
1015,2434.010790000006,2434.010790000006
1016,2666.896044000008,2666.896044000008
1017,2829.4479660000075,2829.4479660000075
1018,3004.3846560000056,3004.3846560000056
1019,3220.2475080000036,3220.2475080000036
1020,3325.9092060000066,3325.9092060000066
1021,3709.0652940000105,3709.0652940000105
1022,4036.374942000012,4036.374942000012
1023,3794.3854560000104,3794.3854560000104
1024,3549.972438000007,3549.972438000007
1025,3433.904616000006,3433.904616000006
1026,3581.25976200001,3581.25976200001
1027,3807.361650000017,3807.361650000017
1028,4200.825096000018,4200.825096000018
1029,4196.257578000022,4196.257578000022
1030,3972.1785960000166,3972.1785960000166
1031,3433.6161060000163,3433.6161060000163
1032,2695.0766400000125,2695.0766400000125
1033,1994.6751960000063,1994.6751960000063
1034,1974.457398000004,1974.457398000004
1035,2002.3929540000036,2002.3929540000036
1036,1940.0356380000035,1940.0356380000035
1037,2107.3133160000034,2107.3133160000034
1038,2115.619050000004,2115.619050000004
1039,2347.6668660000064,2347.6668660000064
1040,2653.987554000009,2653.987554000009
1041,2855.7950580000074,2855.7950580000074
1042,3032.2456740000052,3032.2456740000052
1043,3205.614672000003,3205.614672000003
1044,3354.3098340000056,3354.3098340000056
1045,3614.273214000012,3614.273214000012
1046,3955.0845420000105,3955.0845420000105
1047,3842.8947300000095,3842.8947300000095
1048,3540.2895900000062,3540.2895900000062
1049,3487.168098000006,3487.168098000006
1050,3626.3261700000107,3626.3261700000107
1051,3854.943216000018,3854.943216000018
1052,4215.398586000019,4215.398586000019
1053,4058.8753800000204,4058.8753800000204
1054,4331.964900000021,4331.964900000021
1055,3326.7382020000136,3326.7382020000136
1056,2546.4059160000124,2546.4059160000124
1057,1838.491734000005,1838.491734000005
1058,1934.3237520000037,1934.3237520000037
1059,1955.5756020000028,1955.5756020000028
1060,2102.2149660000036,2102.2149660000036
1061,2118.911940000004,2118.911940000004
1062,2230.5738360000046,2230.5738360000046
1063,2345.2602300000053,2345.2602300000053
1064,2654.714148000008,2654.714148000008
1065,2877.387636000009,2877.387636000009
1066,2988.8881800000054,2988.8881800000054
1067,3250.067238000002,3250.067238000002
1068,3338.825628000006,3338.825628000006
1069,3759.28068000001,3759.28068000001
1070,4083.7278900000133,4083.7278900000133
1071,3665.2406400000104,3665.2406400000104
1072,3479.084706000007,3479.084706000007
1073,3477.5648160000073,3477.5648160000073
1074,3614.5605180000093,3614.5605180000093
1075,3979.6955040000166,3979.6955040000166
1076,4261.732992000018,4261.732992000018
1077,3855.736644000023,3855.736644000023
1078,3790.1380560000193,3790.1380560000193
1079,3304.434624000017,3304.434624000017
1080,2570.3852880000113,2570.3852880000113
1081,2033.814540000006,2033.814540000006
1082,1922.0850180000032,1922.0850180000032
1083,1997.0103780000036,1997.0103780000036
1084,2069.6885040000043,2069.6885040000043
1085,2116.1291580000034,2116.1291580000034
1086,2149.371276000005,2149.371276000005
1087,2314.8207900000048,2314.8207900000048
1088,2742.2790000000064,2742.2790000000064
1089,2829.2324280000066,2829.2324280000066
1090,2930.9811660000055,2930.9811660000055
1091,3220.414320000002,3220.414320000002
1092,3273.461004000006,3273.461004000006
1093,3643.9837440000088,3643.9837440000088
1094,4063.260348000007,4063.260348000007
1095,3759.2379540000106,3759.2379540000106
1096,3511.5052500000056,3511.5052500000056
1097,3492.548010000006,3492.548010000006
1098,3668.2530240000096,3668.2530240000096
1099,3892.6711680000158,3892.6711680000158
1100,4039.1947620000215,4039.1947620000215
1101,4266.834384000024,4266.834384000024
1102,4081.12755600002,4081.12755600002
1103,3341.468832000015,3341.468832000015
1104,2645.944458000012,2645.944458000012
1105,2025.179742000006,2025.179742000006
1106,2012.3297400000047,2012.3297400000047
1107,2029.447002000004,2029.447002000004
1108,2054.801334000003,2054.801334000003
1109,2175.5762460000024,2175.5762460000024
1110,2229.1440120000048,2229.1440120000048
1111,2433.5230800000054,2433.5230800000054
1112,2761.1415780000075,2761.1415780000075
1113,2862.435738000008,2862.435738000008
1114,3033.8659140000054,3033.8659140000054
1115,3284.3582820000056,3284.3582820000056
1116,3382.369932000005,3382.369932000005
1117,3615.1572960000103,3615.1572960000103
1118,4039.7501220000117,4039.7501220000117
1119,3674.1424980000097,3674.1424980000097
1120,3568.147026000006,3568.147026000006
1121,3539.9693340000067,3539.9693340000067
1122,3647.0618400000094,3647.0618400000094
1123,3824.4608160000153,3824.4608160000153
1124,4102.174332000021,4102.174332000021
1125,4300.178184000021,4300.178184000021
1126,4265.00146200002,4265.00146200002
1127,3304.713474000016,3304.713474000016
1128,2468.4777540000105,2468.4777540000105
1129,1970.2988520000051,1970.2988520000051
1130,1867.3831560000056,1867.3831560000056
1131,1975.5555000000027,1975.5555000000027
1132,2103.4688520000045,2103.4688520000045
1133,2126.105232000003,2126.105232000003
1134,2182.417608000004,2182.417608000004
1135,2340.921312000006,2340.921312000006
1136,2613.640524000006,2613.640524000006
1137,2747.9634120000073,2747.9634120000073
1138,3016.7746740000052,3016.7746740000052
1139,3247.1622600000046,3247.1622600000046
1140,3328.276698000008,3328.276698000008
1141,3788.6139720000106,3788.6139720000106
1142,3920.424654000013,3920.424654000013
1143,3834.601830000011,3834.601830000011
1144,3528.3112620000047,3528.3112620000047
1145,3518.404800000007,3518.404800000007
1146,3432.2629860000106,3432.2629860000106
1147,3807.722520000018,3807.722520000018
1148,3854.2912080000224,3854.2912080000224
1149,4020.710166000021,4020.710166000021
1150,4312.659516000019,4312.659516000019
1151,3362.2578780000144,3362.2578780000144
1152,2688.598740000012,2688.598740000012
1153,2019.8579220000065,2019.8579220000065
1154,1953.637134000004,1953.637134000004
1155,2024.4236160000034,2024.4236160000034
1156,2004.569574000003,2004.569574000003
1157,2155.7739180000044,2155.7739180000044
1158,2197.321008000004,2197.321008000004
1159,2360.0255340000067,2360.0255340000067
1160,2804.2616940000075,2804.2616940000075
1161,2833.8421560000074,2833.8421560000074
1162,3036.4321200000045,3036.4321200000045
1163,3347.6692740000044,3347.6692740000044
1164,3527.2844040000064,3527.2844040000064
1165,3624.625278000011,3624.625278000011
1166,4029.364422000014,4029.364422000014
1167,3738.136422000009,3738.136422000009
1168,3543.495648000006,3543.495648000006
1169,3399.9711360000056,3399.9711360000056
1170,3580.46832600001,3580.46832600001
1171,3794.215434000015,3794.215434000015
1172,4160.305506000021,4160.305506000021
1173,4355.891982000022,4355.891982000022
1174,4221.46417800002,4221.46417800002
1175,3451.7327520000167,3451.7327520000167
1176,2697.2204220000135,2697.2204220000135
1177,2114.502144000006,2114.502144000006
1178,2042.0900700000045,2042.0900700000045
1179,2041.3028760000052,2041.3028760000052
1180,2042.3398860000036,2042.3398860000036
1181,2085.742782000003,2085.742782000003
1182,2174.137212000004,2174.137212000004
1183,2311.366620000006,2311.366620000006
1184,2654.985054000008,2654.985054000008
1185,2802.1653240000073,2802.1653240000073
1186,2969.4519840000044,2969.4519840000044
1187,3236.411178000003,3236.411178000003
1188,3385.034436000008,3385.034436000008
1189,3735.8540640000106,3735.8540640000106
1190,3855.9593280000136,3855.9593280000136
1191,3707.0741220000123,3707.0741220000123
1192,3527.934672000006,3527.934672000006
1193,3477.0299520000076,3477.0299520000076
1194,3566.675172000011,3566.675172000011
1195,3901.755912000019,3901.755912000019
1196,4238.305026000019,4238.305026000019
1197,4288.7727120000245,4288.7727120000245
1198,3895.203072000016,3895.203072000016
1199,3247.1197500000158,3247.1197500000158
1200,2586.0781980000115,2586.0781980000115
1201,2018.291988000006,2018.291988000006
1202,1990.7004600000025,1990.7004600000025
1203,1997.1010020000042,1997.1010020000042
1204,2211.9174420000036,2211.9174420000036
1205,2163.088512000004,2163.088512000004
1206,2305.4633340000037,2305.4633340000037
1207,2483.402796000006,2483.402796000006
1208,2731.7750700000083,2731.7750700000083
1209,2773.4586060000065,2773.4586060000065
1210,2992.915296000004,2992.915296000004
1211,3266.371176000001,3266.371176000001
1212,3420.1251780000052,3420.1251780000052
1213,3648.342558000013,3648.342558000013
1214,3962.4983160000115,3962.4983160000115
1215,3714.559386000012,3714.559386000012
1216,3538.772892000007,3538.772892000007
1217,3531.626676000006,3531.626676000006
1218,3559.06800600001,3559.06800600001
1219,3945.696174000018,3945.696174000018
1220,4353.730776000021,4353.730776000021
1221,4236.84195600002,4236.84195600002
1222,4245.73159800002,4245.73159800002
1223,3315.285744000015,3315.285744000015
1224,2641.4299440000113,2641.4299440000113
1225,1878.4210320000057,1878.4210320000057
1226,1980.3259320000027,1980.3259320000027
1227,1881.3250260000036,1881.3250260000036
1228,1957.4103540000035,1957.4103540000035
1229,1988.621070000004,1988.621070000004
1230,2069.664918000003,2069.664918000003
1231,2203.4143440000053,2203.4143440000053
1232,2608.593474000007,2608.593474000007
1233,2772.783768000009,2772.783768000009
1234,2955.017508000005,2955.017508000005
1235,3308.8974840000033,3308.8974840000033
1236,3425.879850000007,3425.879850000007
1237,3762.942036000012,3762.942036000012
1238,4090.626024000012,4090.626024000012
1239,3855.832458000008,3855.832458000008
1240,3452.916732000008,3452.916732000008
1241,3464.9998440000068,3464.9998440000068
1242,3642.0173040000095,3642.0173040000095
1243,3895.615422000018,3895.615422000018
1244,4263.935868000021,4263.935868000021
1245,4314.326196000024,4314.326196000024
1246,3920.92977000002,3920.92977000002
1247,3388.194996000016,3388.194996000016
1248,2500.8459540000117,2500.8459540000117
1249,2016.0303840000058,2016.0303840000058
1250,1982.4494640000034,1982.4494640000034
1251,1955.4542820000033,1955.4542820000033
1252,2000.1943080000055,2000.1943080000055
1253,2088.7362420000027,2088.7362420000027
1254,2154.937200000004,2154.937200000004
1255,2386.991160000006,2386.991160000006
1256,2670.3106560000074,2670.3106560000074
1257,2935.693044000008,2935.693044000008
1258,3064.057656000006,3064.057656000006
1259,3295.973760000003,3295.973760000003
1260,3359.725098000007,3359.725098000007
1261,3760.104042000011,3760.104042000011
1262,4141.130064000012,4141.130064000012
1263,3804.5017860000116,3804.5017860000116
1264,3477.1985940000072,3477.1985940000072
1265,3499.050120000006,3499.050120000006
1266,3651.6456480000093,3651.6456480000093
1267,3825.2375220000167,3825.2375220000167
1268,4185.351768000017,4185.351768000017
1269,3998.6840760000227,3998.6840760000227
1270,3992.2947540000177,3992.2947540000177
1271,3444.910266000016,3444.910266000016
1272,2662.649862000013,2662.649862000013
1273,2085.5225940000064,2085.5225940000064
1274,1900.1373600000031,1900.1373600000031
1275,1971.0624420000029,1971.0624420000029
1276,1991.4376740000025,1991.4376740000025
1277,2061.9487140000047,2061.9487140000047
1278,2115.7266540000037,2115.7266540000037
1279,2330.2596840000056,2330.2596840000056
1280,2761.810062000008,2761.810062000008
1281,2880.6933720000075,2880.6933720000075
1282,2990.789970000005,2990.789970000005
1283,3242.6466900000064,3242.6466900000064
1284,3495.330252000008,3495.330252000008
1285,3685.716672000008,3685.716672000008
1286,3945.8221560000106,3945.8221560000106
1287,3822.968922000008,3822.968922000008
1288,3567.1967160000045,3567.1967160000045
1289,3486.0309300000054,3486.0309300000054
1290,3597.8664300000096,3597.8664300000096
1291,4047.8901300000175,4047.8901300000175
1292,4183.056624000024,4183.056624000024
1293,3917.9711160000215,3917.9711160000215
1294,4024.544922000018,4024.544922000018
1295,3596.127942000017,3596.127942000017
1296,2661.083016000013,2661.083016000013
1297,2069.0168520000075,2069.0168520000075
1298,1914.5832660000037,1914.5832660000037
1299,1927.5859920000037,1927.5859920000037
1300,2017.8673560000043,2017.8673560000043
1301,2143.3132920000044,2143.3132920000044
1302,2286.6780000000035,2286.6780000000035
1303,2376.190206000007,2376.190206000007
1304,2701.4376120000065,2701.4376120000065
1305,2802.340638000006,2802.340638000006
1306,3010.027542000006,3010.027542000006
1307,3225.379056000004,3225.379056000004
1308,3362.5342500000065,3362.5342500000065
1309,3722.7648060000106,3722.7648060000106
1310,3903.1350300000104,3903.1350300000104
1311,3719.1780480000134,3719.1780480000134
1312,3518.4487920000074,3518.4487920000074
1313,3398.170344000007,3398.170344000007
1314,3500.8381740000113,3500.8381740000113
1315,3924.0402840000183,3924.0402840000183
1316,4315.490592000023,4315.490592000023
1317,4191.429222000018,4191.429222000018
1318,4002.0217560000174,4002.0217560000174
1319,3359.3835420000164,3359.3835420000164
1320,2762.517288000012,2762.517288000012
1321,1931.6180640000064,1931.6180640000064
1322,1828.2022980000029,1828.2022980000029
1323,1915.1702220000038,1915.1702220000038
1324,2024.806704000003,2024.806704000003
1325,2174.4522720000036,2174.4522720000036
1326,2154.8034300000036,2154.8034300000036
1327,2413.5630240000064,2413.5630240000064
1328,2644.7492040000093,2644.7492040000093
1329,2811.4189560000086,2811.4189560000086
1330,2963.5581420000053,2963.5581420000053
1331,3177.437394000003,3177.437394000003
1332,3292.783938000006,3292.783938000006
1333,3692.740632000008,3692.740632000008
1334,3886.3417200000117,3886.3417200000117
1335,3841.526994000008,3841.526994000008
1336,3544.798440000005,3544.798440000005
1337,3438.7288020000046,3438.7288020000046
1338,3593.736828000009,3593.736828000009
1339,3869.9276760000175,3869.9276760000175
1340,4209.687000000022,4209.687000000022
1341,4085.5639920000194,4085.5639920000194
1342,3884.5733280000195,3884.5733280000195
1343,3328.049160000015,3328.049160000015
1344,2542.474134000013,2542.474134000013
1345,2038.2054120000055,2038.2054120000055
1346,2097.3669120000027,2097.3669120000027
1347,2079.295986000002,2079.295986000002
1348,2217.679944000004,2217.679944000004
1349,2141.8550220000025,2141.8550220000025
1350,2264.3711880000033,2264.3711880000033
1351,2416.9101840000058,2416.9101840000058
1352,2863.506702000009,2863.506702000009
1353,2923.433520000008,2923.433520000008
1354,3009.4230660000057,3009.4230660000057
1355,3263.318172000006,3263.318172000006
1356,3382.9171320000064,3382.9171320000064
1357,3701.4367980000093,3701.4367980000093
1358,4069.3071420000147,4069.3071420000147
1359,3858.9049680000116,3858.9049680000116
1360,3526.118418000006,3526.118418000006
1361,3496.9297500000057,3496.9297500000057
1362,3674.3990280000116,3674.3990280000116
1363,3744.7349880000165,3744.7349880000165
1364,4142.1635400000205,4142.1635400000205
1365,4324.262724000021,4324.262724000021
1366,4060.7608560000153,4060.7608560000153
1367,3572.6437680000163,3572.6437680000163
1368,2812.961376000015,2812.961376000015
1369,1978.6203480000058,1978.6203480000058
1370,1973.3520360000043,1973.3520360000043
1371,1970.3261880000043,1970.3261880000043
1372,2012.405652000003,2012.405652000003
1373,2172.671682000004,2172.671682000004
1374,2277.745350000004,2277.745350000004
1375,2403.4462380000055,2403.4462380000055
1376,2658.146304000009,2658.146304000009
1377,2757.510846000008,2757.510846000008
1378,3041.193378000006,3041.193378000006
1379,3254.281008000003,3254.281008000003
1380,3423.4725540000077,3423.4725540000077
1381,3734.1676560000096,3734.1676560000096
1382,3881.7506460000127,3881.7506460000127
1383,3878.5742460000106,3878.5742460000106
1384,3542.656638000007,3542.656638000007
1385,3401.7752700000046,3401.7752700000046
1386,3600.2816940000093,3600.2816940000093
1387,3844.013370000019,3844.013370000019
1388,3991.1013120000202,3991.1013120000202
1389,3983.6834700000227,3983.6834700000227
1390,4121.221704000019,4121.221704000019
1391,3545.1838080000166,3545.1838080000166
1392,2729.2526280000125,2729.2526280000125
1393,1948.1166120000057,1948.1166120000057
1394,1870.0640460000027,1870.0640460000027
1395,2049.9316860000035,2049.9316860000035
1396,2165.6532900000043,2165.6532900000043
1397,2233.043658000004,2233.043658000004
1398,2270.850336000003,2270.850336000003
1399,2450.9073840000074,2450.9073840000074
1400,2743.6070400000085,2743.6070400000085
1401,2843.9473980000075,2843.9473980000075
1402,2999.4491220000064,2999.4491220000064
1403,3280.041360000004,3280.041360000004
1404,3366.5876280000075,3366.5876280000075
1405,3613.4047620000106,3613.4047620000106
1406,3943.266144000012,3943.266144000012
1407,3894.5494920000096,3894.5494920000096
1408,3539.1097200000067,3539.1097200000067
1409,3498.2600280000074,3498.2600280000074
1410,3620.841312000009,3620.841312000009
1411,3778.415898000015,3778.415898000015
1412,4250.9993700000205,4250.9993700000205
1413,4167.85378800002,4167.85378800002
1414,3940.5566760000193,3940.5566760000193
1415,3358.037718000015,3358.037718000015
1416,2604.2832300000105,2604.2832300000105
1417,1984.1961480000064,1984.1961480000064
1418,1870.2682020000034,1870.2682020000034
1419,1924.259166000004,1924.259166000004
1420,1931.5810020000038,1931.5810020000038
1421,1939.3992900000037,1939.3992900000037
1422,1991.6835600000034,1991.6835600000034
1423,2251.5105900000053,2251.5105900000053
1424,2616.4731240000083,2616.4731240000083
1425,2745.543828000008,2745.543828000008
1426,3067.863648000006,3067.863648000006
1427,3270.5805900000046,3270.5805900000046
1428,3420.253518000006,3420.253518000006
1429,3689.88585600001,3689.88585600001
1430,4004.9315400000096,4004.9315400000096
1431,3919.3770780000104,3919.3770780000104
1432,3662.0074140000047,3662.0074140000047
1433,3540.8123400000077,3540.8123400000077
1434,3633.2270220000096,3633.2270220000096
1435,3917.283990000016,3917.283990000016
1436,4025.3119920000213,4025.3119920000213
1437,3793.403814000019,3793.403814000019
1438,3804.13111800002,3804.13111800002
1439,3346.766448000017,3346.766448000017
1440,2642.0669640000137,2642.0669640000137
1441,1991.7068820000054,1991.7068820000054
1442,1932.7405740000024,1932.7405740000024
1443,1958.3464140000026,1958.3464140000026
1444,2063.837250000003,2063.837250000003
1445,2089.1278260000026,2089.1278260000026
1446,2150.1614400000035,2150.1614400000035
1447,2231.5049100000056,2231.5049100000056
1448,2601.0691080000065,2601.0691080000065
1449,2785.930902000008,2785.930902000008
1450,2996.0759220000045,2996.0759220000045
1451,3257.7486840000047,3257.7486840000047
1452,3369.901854000007,3369.901854000007
1453,3675.7090980000107,3675.7090980000107
1454,3981.6226140000117,3981.6226140000117
1455,3771.7134000000083,3771.7134000000083
1456,3459.8455440000075,3459.8455440000075
1457,3508.1735580000072,3508.1735580000072
1458,3600.507372000008,3600.507372000008
1459,4046.4361680000156,4046.4361680000156
1460,4352.691852000022,4352.691852000022
1461,4121.468634000021,4121.468634000021
1462,3627.0292740000227,3627.0292740000227
1463,3314.4218220000157,3314.4218220000157
1464,2607.5037840000123,2607.5037840000123
1465,2110.9500420000068,2110.9500420000068
1466,1924.4760180000033,1924.4760180000033
1467,2114.5178280000055,2114.5178280000055
1468,2044.4208840000022,2044.4208840000022
1469,2086.524186000005,2086.524186000005
1470,2193.2297160000035,2193.2297160000035
1471,2362.544730000004,2362.544730000004
1472,2702.879346000008,2702.879346000008
1473,2837.2031820000084,2837.2031820000084
1474,2974.402008000006,2974.402008000006
1475,3227.316894000005,3227.316894000005
1476,3394.998576000006,3394.998576000006
1477,3619.9153860000115,3619.9153860000115
1478,3970.4927040000107,3970.4927040000107
1479,3824.7627180000095,3824.7627180000095
1480,3375.219696000005,3375.219696000005
1481,3461.256948000004,3461.256948000004
1482,3697.7490780000085,3697.7490780000085
1483,4105.201272000016,4105.201272000016
1484,4418.865798000023,4418.865798000023
1485,3937.920120000021,3937.920120000021
1486,3792.4179600000166,3792.4179600000166
1487,3250.2594960000165,3250.2594960000165
1488,2708.7915060000128,2708.7915060000128
1489,2119.122762000005,2119.122762000005
1490,1889.3900940000033,1889.3900940000033
1491,1987.3966320000047,1987.3966320000047
1492,2120.170140000004,2120.170140000004
1493,2173.7669460000034,2173.7669460000034
1494,2255.2575180000035,2255.2575180000035
1495,2425.305018000006,2425.305018000006
1496,2896.7421360000094,2896.7421360000094
1497,3009.292776000007,3009.292776000007
1498,3133.5070980000073,3133.5070980000073
1499,3359.3280720000043,3359.3280720000043
1500,3365.1481320000053,3365.1481320000053
1501,3672.952926000008,3672.952926000008
1502,3879.316608000012,3879.316608000012
1503,3772.921350000009,3772.921350000009
1504,3584.547336000006,3584.547336000006
1505,3449.9224080000063,3449.9224080000063
1506,3524.2326540000104,3524.2326540000104
1507,3877.4941860000167,3877.4941860000167
1508,4191.076308000021,4191.076308000021
1509,4257.017706000021,4257.017706000021
1510,3916.562436000018,3916.562436000018
1511,3428.926836000016,3428.926836000016
1512,2598.2820720000122,2598.2820720000122
1513,2050.027278000005,2050.027278000005
1514,1891.4627460000036,1891.4627460000036
1515,1916.9200320000048,1916.9200320000048
1516,2062.3083480000037,2062.3083480000037
1517,2117.973654000003,2117.973654000003
1518,2199.574710000004,2199.574710000004
1519,2373.7636080000057,2373.7636080000057
1520,2768.7580500000086,2768.7580500000086
1521,2844.3393420000075,2844.3393420000075
1522,3040.158252000004,3040.158252000004
1523,3251.3568180000057,3251.3568180000057
1524,3451.326270000007,3451.326270000007
1525,3733.3311420000095,3733.3311420000095
1526,3913.9903020000133,3913.9903020000133
1527,3753.0199440000106,3753.0199440000106
1528,3600.8170620000083,3600.8170620000083
1529,3480.426840000006,3480.426840000006
1530,3584.950092000011,3584.950092000011
1531,4006.9436880000167,4006.9436880000167
1532,4329.84487800002,4329.84487800002
1533,3945.833376000023,3945.833376000023
1534,3777.1432920000216,3777.1432920000216
1535,3407.541954000016,3407.541954000016
1536,2730.1638540000113,2730.1638540000113
1537,2071.1463180000055,2071.1463180000055
1538,1951.9400100000034,1951.9400100000034
1539,1998.385344000003,1998.385344000003
1540,2021.7075180000031,2021.7075180000031
1541,2111.987868000005,2111.987868000005
1542,2149.890816000003,2149.890816000003
1543,2280.235632000006,2280.235632000006
1544,2613.980352000008,2613.980352000008
1545,2794.054620000007,2794.054620000007
1546,2952.474462000005,2952.474462000005
1547,3305.350482000003,3305.350482000003
1548,3288.012522000005,3288.012522000005
1549,3653.3509320000094,3653.3509320000094
1550,3870.794214000011,3870.794214000011
1551,3778.4258100000106,3778.4258100000106
1552,3571.1181060000067,3571.1181060000067
1553,3404.537574000006,3404.537574000006
1554,3544.285500000011,3544.285500000011
1555,3864.1265580000168,3864.1265580000168
1556,4155.477186000024,4155.477186000024
1557,4166.8827120000215,4166.8827120000215
1558,3988.7337480000187,3988.7337480000187
1559,3380.531568000015,3380.531568000015
1560,2781.925314000013,2781.925314000013
1561,1959.9662580000056,1959.9662580000056
1562,1814.6672520000038,1814.6672520000038
1563,1858.6218060000035,1858.6218060000035
1564,1965.941628000004,1965.941628000004
1565,2086.449336000004,2086.449336000004
1566,2161.991904000003,2161.991904000003
1567,2239.1785260000056,2239.1785260000056
1568,2700.885768000009,2700.885768000009
1569,2855.0489100000063,2855.0489100000063
1570,3087.3102600000047,3087.3102600000047
1571,3236.9273040000035,3236.9273040000035
1572,3359.628594000005,3359.628594000005
1573,3618.780252000012,3618.780252000012
1574,3850.751112000012,3850.751112000012
1575,3698.652390000008,3698.652390000008
1576,3482.029248000007,3482.029248000007
1577,3521.793948000006,3521.793948000006
1578,3644.198862000012,3644.198862000012
1579,3955.262100000019,3955.262100000019
1580,4355.897250000021,4355.897250000021
1581,4005.1729560000235,4005.1729560000235
1582,3874.6721940000193,3874.6721940000193
1583,3189.1102620000165,3189.1102620000165
1584,2461.2098340000116,2461.2098340000116
1585,2094.4198320000055,2094.4198320000055
1586,1913.3590260000046,1913.3590260000046
1587,2045.352750000004,2045.352750000004
1588,2179.1470200000026,2179.1470200000026
1589,2116.5832920000025,2116.5832920000025
1590,2250.1021080000037,2250.1021080000037
1591,2363.301840000007,2363.301840000007
1592,2774.241138000008,2774.241138000008
1593,2956.701780000007,2956.701780000007
1594,3093.150864000005,3093.150864000005
1595,3356.424486000004,3356.424486000004
1596,3441.6637680000053,3441.6637680000053
1597,3816.05354400001,3816.05354400001
1598,3969.1258080000116,3969.1258080000116
1599,3792.2801400000108,3792.2801400000108
1600,3581.615964000007,3581.615964000007
1601,3446.065392000007,3446.065392000007
1602,3655.3431900000132,3655.3431900000132
1603,3912.3506400000156,3912.3506400000156
1604,4411.422342000022,4411.422342000022
1605,4196.936550000024,4196.936550000024
1606,3807.7424040000164,3807.7424040000164
1607,3292.8080880000143,3292.8080880000143
1608,2556.8374020000133,2556.8374020000133
1609,2114.334228000004,2114.334228000004
1610,2013.1332000000036,2013.1332000000036
1611,2032.950228000004,2032.950228000004
1612,2056.813518000003,2056.813518000003
1613,2038.304088000003,2038.304088000003
1614,2081.7552900000046,2081.7552900000046
1615,2377.9596660000057,2377.9596660000057
1616,2701.0171800000076,2701.0171800000076
1617,2882.6565240000073,2882.6565240000073
1618,3079.847262000004,3079.847262000004
1619,3281.8322400000056,3281.8322400000056
1620,3459.337440000006,3459.337440000006
1621,3678.335772000008,3678.335772000008
1622,3903.095130000012,3903.095130000012
1623,3743.907504000012,3743.907504000012
1624,3507.699138000005,3507.699138000005
1625,3502.533510000007,3502.533510000007
1626,3585.390192000009,3585.390192000009
1627,3879.3715860000166,3879.3715860000166
1628,4107.961374000022,4107.961374000022
1629,3930.0870780000214,3930.0870780000214
1630,3932.0719620000186,3932.0719620000186
1631,3383.1571260000155,3383.1571260000155
1632,2672.9568780000136,2672.9568780000136
1633,2010.2239860000052,2010.2239860000052
1634,1901.7746100000036,1901.7746100000036
1635,1999.6689060000037,1999.6689060000037
1636,2029.7277780000022,2029.7277780000022
1637,2150.656554000004,2150.656554000004
1638,2162.021814000003,2162.021814000003
1639,2322.309756000006,2322.309756000006
1640,2677.6457880000094,2677.6457880000094
1641,2860.2567540000064,2860.2567540000064
1642,2911.307238000005,2911.307238000005
1643,3149.202384000004,3149.202384000004
1644,3305.6386920000086,3305.6386920000086
1645,3705.278694000012,3705.278694000012
1646,4070.896140000013,4070.896140000013
1647,3750.563364000008,3750.563364000008
1648,3393.883596000007,3393.883596000007
1649,3411.947466000008,3411.947466000008
1650,3610.710114000012,3610.710114000012
1651,3863.299458000017,3863.299458000017
1652,4056.17385000002,4056.17385000002
1653,4054.248288000021,4054.248288000021
1654,3984.92209200002,3984.92209200002
1655,3471.039138000015,3471.039138000015
1656,2477.796864000012,2477.796864000012
1657,2155.434012000006,2155.434012000006
1658,2049.8408100000033,2049.8408100000033
1659,2075.5812180000034,2075.5812180000034
1660,2039.8858200000034,2039.8858200000034
1661,2180.266116000005,2180.266116000005
1662,2260.0201080000033,2260.0201080000033
1663,2352.9582540000056,2352.9582540000056
1664,2668.800126000007,2668.800126000007
1665,2817.4193880000075,2817.4193880000075
1666,2975.492250000005,2975.492250000005
1667,3100.0585320000046,3100.0585320000046
1668,3287.204688000006,3287.204688000006
1669,3670.175256000012,3670.175256000012
1670,3874.444242000012,3874.444242000012
1671,3692.353038000008,3692.353038000008
1672,3494.502756000007,3494.502756000007
1673,3447.856842000006,3447.856842000006
1674,3624.895944000011,3624.895944000011
1675,3953.3766540000156,3953.3766540000156
1676,4238.833476000024,4238.833476000024
1677,4382.663496000023,4382.663496000023
1678,3875.55301200002,3875.55301200002
1679,3512.276658000016,3512.276658000016
1680,2727.2272680000124,2727.2272680000124
1681,2181.5346240000067,2181.5346240000067
1682,1923.182940000004,1923.182940000004
1683,1973.064828000003,1973.064828000003
1684,2071.9265880000034,2071.9265880000034
1685,2213.7413220000035,2213.7413220000035
1686,2110.3934100000038,2110.3934100000038
1687,2354.7268080000053,2354.7268080000053
1688,2758.113066000008,2758.113066000008
1689,2930.1880860000088,2930.1880860000088
1690,3105.258108000005,3105.258108000005
1691,3366.240330000004,3366.240330000004
1692,3399.582462000006,3399.582462000006
1693,3777.214824000011,3777.214824000011
1694,3938.6108040000117,3938.6108040000117
1695,3955.674096000007,3955.674096000007
1696,3546.461328000005,3546.461328000005
1697,3478.6450920000075,3478.6450920000075
1698,3570.1871220000103,3570.1871220000103
1699,3973.857918000015,3973.857918000015
1700,4304.368824000019,4304.368824000019
1701,4102.542702000022,4102.542702000022
1702,3837.2166900000175,3837.2166900000175
1703,3590.9005320000156,3590.9005320000156
1704,2679.8822520000126,2679.8822520000126
1705,2024.7835020000055,2024.7835020000055
1706,2011.4296320000028,2011.4296320000028
1707,1926.835122000003,1926.835122000003
1708,2096.064288000004,2096.064288000004
1709,2028.9542640000034,2028.9542640000034
1710,2082.577884000004,2082.577884000004
1711,2257.7019180000066,2257.7019180000066
1712,2715.254214000008,2715.254214000008
1713,2862.126324000006,2862.126324000006
1714,3040.414158000006,3040.414158000006
1715,3212.3445600000045,3212.3445600000045
1716,3347.829456000005,3347.829456000005
1717,3638.289510000011,3638.289510000011
1718,3923.9962680000094,3923.9962680000094
1719,3677.7989520000106,3677.7989520000106
1720,3547.714452000006,3547.714452000006
1721,3346.427226000006,3346.427226000006
1722,3436.1202240000102,3436.1202240000102
1723,3909.103824000017,3909.103824000017
1724,4323.824784000021,4323.824784000021
1725,4072.8363240000203,4072.8363240000203
1726,4104.672900000019,4104.672900000019
1727,3391.471746000015,3391.471746000015
1728,2534.249418000012,2534.249418000012
1729,2133.558102000006,2133.558102000006
1730,1943.2579920000042,1943.2579920000042
1731,2037.7318800000041,2037.7318800000041
1732,2086.295826000003,2086.295826000003
1733,2081.520636000004,2081.520636000004
1734,2232.7448880000056,2232.7448880000056
1735,2378.9043000000056,2378.9043000000056
1736,2660.9614980000083,2660.9614980000083
1737,2896.315386000008,2896.315386000008
1738,2981.896848000006,2981.896848000006
1739,3238.8838620000047,3238.8838620000047
1740,3351.062364000007,3351.062364000007
1741,3721.2438840000123,3721.2438840000123
1742,4072.9371720000117,4072.9371720000117
1743,3792.028884000012,3792.028884000012
1744,3568.8601860000067,3568.8601860000067
1745,3437.7734520000063,3437.7734520000063
1746,3637.085406000012,3637.085406000012
1747,3838.363542000018,3838.363542000018
1748,4190.646840000019,4190.646840000019
1749,4061.9737860000228,4061.9737860000228
1750,3922.8276300000193,3922.8276300000193
1751,3357.8476560000163,3357.8476560000163
1752,2735.1119220000123,2735.1119220000123
1753,1913.899068000006,1913.899068000006
1754,1946.8750320000033,1946.8750320000033
1755,1992.6309720000038,1992.6309720000038
1756,1958.5500300000042,1958.5500300000042
1757,2058.381648000003,2058.381648000003
1758,2194.745418000005,2194.745418000005
1759,2341.799196000006,2341.799196000006
1760,2759.0807220000083,2759.0807220000083
1761,2795.1776760000084,2795.1776760000084
1762,2961.6307140000054,2961.6307140000054
1763,3297.779262000004,3297.779262000004
1764,3405.4656960000057,3405.4656960000057
1765,3595.8578100000095,3595.8578100000095
1766,4003.548624000011,4003.548624000011
1767,3863.172270000009,3863.172270000009
1768,3515.8300920000065,3515.8300920000065
1769,3403.6640280000056,3403.6640280000056
1770,3566.6864820000105,3566.6864820000105
1771,3831.823602000018,3831.823602000018
1772,4146.137520000019,4146.137520000019
1773,4287.340566000022,4287.340566000022
1774,3832.723272000017,3832.723272000017
1775,3122.8539780000156,3122.8539780000156
1776,2489.404308000011,2489.404308000011
1777,1968.4926960000062,1968.4926960000062
1778,1917.6319620000038,1917.6319620000038
1779,2026.1951760000036,2026.1951760000036
1780,1907.454834000004,1907.454834000004
1781,2104.1640960000027,2104.1640960000027
1782,2194.707354000004,2194.707354000004
1783,2356.6234140000056,2356.6234140000056
1784,2721.0030300000076,2721.0030300000076
1785,2827.1401380000075,2827.1401380000075
1786,2942.185614000004,2942.185614000004
1787,3173.6650860000063,3173.6650860000063
1788,3357.5554620000075,3357.5554620000075
1789,3650.996628000011,3650.996628000011
1790,3959.2693800000106,3959.2693800000106
1791,3831.7643880000087,3831.7643880000087
1792,3481.122996000006,3481.122996000006
1793,3483.545376000006,3483.545376000006
1794,3635.7781080000127,3635.7781080000127
1795,4030.6528140000155,4030.6528140000155
1796,4144.01012400002,4144.01012400002
1797,4182.716868000022,4182.716868000022
1798,3945.7374420000165,3945.7374420000165
1799,3375.7294320000155,3375.7294320000155
1800,2414.0276280000116,2414.0276280000116
1801,1951.6091580000052,1951.6091580000052
1802,1876.9833300000043,1876.9833300000043
1803,1905.9250620000053,1905.9250620000053
1804,2044.3195200000018,2044.3195200000018
1805,2063.274120000004,2063.274120000004
1806,2192.7142200000044,2192.7142200000044
1807,2326.1089440000055,2326.1089440000055
1808,2673.1148280000075,2673.1148280000075
1809,2845.5501240000062,2845.5501240000062
1810,2954.5141440000034,2954.5141440000034
1811,3193.782888000005,3193.782888000005
1812,3363.780996000006,3363.780996000006
1813,3632.7795660000106,3632.7795660000106
1814,3903.709212000014,3903.709212000014
1815,3804.602304000013,3804.602304000013
1816,3527.330136000006,3527.330136000006
1817,3463.5468060000085,3463.5468060000085
1818,3680.251800000012,3680.251800000012
1819,3994.7858160000155,3994.7858160000155
1820,4341.891294000021,4341.891294000021
1821,4160.3687580000205,4160.3687580000205
1822,3862.8877860000216,3862.8877860000216
1823,3407.9062920000165,3407.9062920000165
1824,2539.0057200000138,2539.0057200000138
1825,2092.6396980000063,2092.6396980000063
1826,1971.627276000004,1971.627276000004
1827,2044.7063460000038,2044.7063460000038
1828,2055.180504000005,2055.180504000005
1829,2215.159134000005,2215.159134000005
1830,2293.7892540000043,2293.7892540000043
1831,2439.978852000007,2439.978852000007
1832,2796.722466000008,2796.722466000008
1833,2918.601918000009,2918.601918000009
1834,3098.375748000005,3098.375748000005
1835,3253.152810000004,3253.152810000004
1836,3371.904762000006,3371.904762000006
1837,3768.4293120000107,3768.4293120000107
1838,3817.5399300000095,3817.5399300000095
1839,3705.3589740000116,3705.3589740000116
1840,3561.7504080000062,3561.7504080000062
1841,3451.845156000006,3451.845156000006
1842,3620.07654600001,3620.07654600001
1843,3961.310814000014,3961.310814000014
1844,4206.967182000021,4206.967182000021
1845,4147.492626000021,4147.492626000021
1846,3812.950320000019,3812.950320000019
1847,3407.2711620000155,3407.2711620000155
1848,2640.93952200001,2640.93952200001
1849,2019.0904140000064,2019.0904140000064
1850,1858.3635480000037,1858.3635480000037
1851,1908.294216000003,1908.294216000003
1852,2015.7167700000034,2015.7167700000034
1853,2089.335090000003,2089.335090000003
1854,2090.9397780000045,2090.9397780000045
1855,2317.4976120000056,2317.4976120000056
1856,2681.7627300000077,2681.7627300000077
1857,2932.863828000007,2932.863828000007
1858,3009.568320000004,3009.568320000004
1859,3199.1284140000034,3199.1284140000034
1860,3398.575224000007,3398.575224000007
1861,3598.05618600001,3598.05618600001
1862,3935.4261420000134,3935.4261420000134
1863,3834.154068000012,3834.154068000012
1864,3563.513916000007,3563.513916000007
1865,3446.970702000006,3446.970702000006
1866,3607.8576120000107,3607.8576120000107
1867,3871.8660000000164,3871.8660000000164
1868,4208.59029000002,4208.59029000002
1869,4110.521424000023,4110.521424000023
1870,3839.595354000018,3839.595354000018
1871,3214.9864200000156,3214.9864200000156
1872,2644.1338320000114,2644.1338320000114
1873,2123.886834000006,2123.886834000006
1874,2049.6663420000045,2049.6663420000045
1875,2072.9566620000032,2072.9566620000032
1876,2103.466008000003,2103.466008000003
1877,2135.2841640000033,2135.2841640000033
1878,2159.809068000004,2159.809068000004
1879,2286.553854000006,2286.553854000006
1880,2675.794692000008,2675.794692000008
1881,2798.005230000008,2798.005230000008
1882,3068.4716700000054,3068.4716700000054
1883,3261.706830000004,3261.706830000004
1884,3467.0683860000067,3467.0683860000067
1885,3787.284822000012,3787.284822000012
1886,3931.7851800000103,3931.7851800000103
1887,3871.6230180000093,3871.6230180000093
1888,3560.729568000006,3560.729568000006
1889,3504.4823940000047,3504.4823940000047
1890,3651.8848140000096,3651.8848140000096
1891,3890.744976000013,3890.744976000013
1892,4218.760080000022,4218.760080000022
1893,4183.604838000022,4183.604838000022
1894,3808.8382800000168,3808.8382800000168
1895,3279.9289680000143,3279.9289680000143
1896,2575.884210000011,2575.884210000011
1897,2119.3318860000054,2119.3318860000054
1898,1867.411872000004,1867.411872000004
1899,1969.9386000000025,1969.9386000000025
1900,2038.5959580000026,2038.5959580000026
1901,2108.483436000004,2108.483436000004
1902,2253.7383480000044,2253.7383480000044
1903,2356.1437320000064,2356.1437320000064
1904,2696.81665800001,2696.81665800001
1905,2850.6226980000074,2850.6226980000074
1906,2974.121568000005,2974.121568000005
1907,3197.2447260000035,3197.2447260000035
1908,3308.4720120000047,3308.4720120000047
1909,3600.180342000011,3600.180342000011
1910,3944.397612000013,3944.397612000013
1911,3925.6107660000107,3925.6107660000107
1912,3463.988814000008,3463.988814000008
1913,3413.947416000007,3413.947416000007
1914,3585.963906000009,3585.963906000009
1915,3716.8322160000166,3716.8322160000166
1916,4076.9481060000217,4076.9481060000217
1917,4044.310404000023,4044.310404000023
1918,3962.9933700000192,3962.9933700000192
1919,3228.332454000016,3228.332454000016
1920,2620.5842580000126,2620.5842580000126
1921,2023.265910000005,2023.265910000005
1922,1954.1603520000037,1954.1603520000037
1923,1842.6141960000048,1842.6141960000048
1924,2033.0239560000052,2033.0239560000052
1925,2072.880594000004,2072.880594000004
1926,2279.6111640000036,2279.6111640000036
1927,2450.137794000006,2450.137794000006
1928,2768.9247480000085,2768.9247480000085
1929,2924.8066980000062,2924.8066980000062
1930,3007.859838000005,3007.859838000005
1931,3284.3771160000056,3284.3771160000056
1932,3393.4058520000067,3393.4058520000067
1933,3678.1617120000087,3678.1617120000087
1934,3933.578514000013,3933.578514000013
1935,3835.8859260000095,3835.8859260000095
1936,3503.749416000007,3503.749416000007
1937,3464.8047360000055,3464.8047360000055
1938,3686.348520000011,3686.348520000011
1939,3994.0603800000154,3994.0603800000154
1940,4371.5705820000185,4371.5705820000185
1941,4120.349328000022,4120.349328000022
1942,3773.7503640000177,3773.7503640000177
1943,3244.100424000015,3244.100424000015
1944,2619.172224000012,2619.172224000012
1945,2034.030804000007,2034.030804000007
1946,1949.8885620000053,1949.8885620000053
1947,1993.2790680000035,1993.2790680000035
1948,1987.7406780000042,1987.7406780000042
1949,2104.472346000005,2104.472346000005
1950,2247.3100800000034,2247.3100800000034
1951,2395.193940000006,2395.193940000006
1952,2669.567094000008,2669.567094000008
1953,2848.6310220000064,2848.6310220000064
1954,3010.127214000005,3010.127214000005
1955,3257.7765660000055,3257.7765660000055
1956,3387.1600740000044,3387.1600740000044
1957,3879.6201060000085,3879.6201060000085
1958,3789.543744000014,3789.543744000014
1959,3745.0730880000106,3745.0730880000106
1960,3480.7932960000066,3480.7932960000066
1961,3476.758782000007,3476.758782000007
1962,3629.8729080000107,3629.8729080000107
1963,3896.9460120000167,3896.9460120000167
1964,4272.54560400002,4272.54560400002
1965,4047.48399000002,4047.48399000002
1966,3844.21569600002,3844.21569600002
1967,3445.5494100000165,3445.5494100000165
1968,2678.440638000014,2678.440638000014
1969,2120.310390000006,2120.310390000006
1970,1966.3643340000046,1966.3643340000046
1971,1959.1565460000036,1959.1565460000036
1972,2163.4738260000036,2163.4738260000036
1973,2188.463730000005,2188.463730000005
1974,2229.002112000005,2229.002112000005
1975,2455.179216000005,2455.179216000005
1976,2730.5134620000085,2730.5134620000085
1977,2907.4289160000076,2907.4289160000076
1978,3023.343108000004,3023.343108000004
1979,3166.860492000003,3166.860492000003
1980,3302.5281060000075,3302.5281060000075
1981,3579.264318000012,3579.264318000012
1982,3907.5754440000132,3907.5754440000132
1983,3737.8483080000115,3737.8483080000115
1984,3509.196804000007,3509.196804000007
1985,3444.112410000005,3444.112410000005
1986,3654.983088000011,3654.983088000011
1987,3993.978552000019,3993.978552000019
1988,4240.13547000002,4240.13547000002
1989,4351.664196000022,4351.664196000022
1990,3877.191702000018,3877.191702000018
1991,3302.975796000016,3302.975796000016
1992,2721.957162000014,2721.957162000014
1993,2201.969400000006,2201.969400000006
1994,1994.6482800000038,1994.6482800000038
1995,2035.6633980000024,2035.6633980000024
1996,2075.9414640000027,2075.9414640000027
1997,2099.172048000004,2099.172048000004
1998,2218.501464000004,2218.501464000004
1999,2311.578048000006,2311.578048000006
2000,2609.946564000008,2609.946564000008
2001,2872.9789440000072,2872.9789440000072
2002,2965.1635560000045,2965.1635560000045
2003,3264.9959280000026,3264.9959280000026
2004,3382.513692000007,3382.513692000007
2005,3666.5281740000096,3666.5281740000096
2006,3939.992502000012,3939.992502000012
2007,3794.387490000007,3794.387490000007
2008,3476.7003540000037,3476.7003540000037
2009,3509.3277660000062,3509.3277660000062
2010,3553.3987740000093,3553.3987740000093
2011,3975.8648160000166,3975.8648160000166
2012,4319.68081800002,4319.68081800002
2013,4085.5601460000203,4085.5601460000203
2014,3924.597222000018,3924.597222000018
2015,3347.161638000015,3347.161638000015
2016,2624.2788480000117,2624.2788480000117
2017,2053.878816000006,2053.878816000006
2018,1930.7891040000027,1930.7891040000027
2019,2079.365034000004,2079.365034000004
2020,2071.468602000003,2071.468602000003
2021,2137.907046000003,2137.907046000003
2022,2201.251680000004,2201.251680000004
2023,2376.565788000006,2376.565788000006
2024,2767.6466760000085,2767.6466760000085
2025,2934.7786800000067,2934.7786800000067
2026,3038.850582000005,3038.850582000005
2027,3213.432588000004,3213.432588000004
2028,3334.3503660000074,3334.3503660000074
2029,3597.36564600001,3597.36564600001
2030,3905.7735780000144,3905.7735780000144
2031,3759.7476900000097,3759.7476900000097
2032,3516.6171720000075,3516.6171720000075
2033,3444.0595860000067,3444.0595860000067
2034,3635.1160920000107,3635.1160920000107
2035,3950.043858000018,3950.043858000018
2036,4322.40661200002,4322.40661200002
2037,4287.17622000002,4287.17622000002
2038,4113.822906000018,4113.822906000018
2039,3293.318646000017,3293.318646000017
2040,2645.4984360000135,2645.4984360000135
2041,2123.118960000006,2123.118960000006
2042,1908.2311260000051,1908.2311260000051
2043,2094.991242000004,2094.991242000004
2044,2103.3053280000036,2103.3053280000036
2045,2238.840360000004,2238.840360000004
2046,2282.1684120000036,2282.1684120000036
2047,2414.804640000005,2414.804640000005
2048,2787.621864000009,2787.621864000009
2049,2953.786668000009,2953.786668000009
2050,3000.439986000006,3000.439986000006
2051,3248.4774480000046,3248.4774480000046
2052,3335.8691100000055,3335.8691100000055
2053,3729.9156960000096,3729.9156960000096
2054,4089.1873560000117,4089.1873560000117
2055,3789.627642000011,3789.627642000011
2056,3424.037748000007,3424.037748000007
2057,3461.511228000006,3461.511228000006
2058,3659.6842740000106,3659.6842740000106
2059,3904.492482000018,3904.492482000018
2060,4247.126190000021,4247.126190000021
2061,4223.798394000022,4223.798394000022
2062,3966.634626000019,3966.634626000019
2063,3411.8579760000152,3411.8579760000152
2064,2628.5591940000113,2628.5591940000113
2065,2063.6824500000057,2063.6824500000057
2066,1954.879734000004,1954.879734000004
2067,1993.0328580000034,1993.0328580000034
2068,2130.7374360000026,2130.7374360000026
2069,2247.0473340000017,2247.0473340000017
2070,2195.5920060000035,2195.5920060000035
2071,2341.5978960000048,2341.5978960000048
2072,2572.6490340000078,2572.6490340000078
2073,2741.498130000007,2741.498130000007
2074,3096.7670700000044,3096.7670700000044
2075,3260.8562640000046,3260.8562640000046
2076,3513.8670300000067,3513.8670300000067
2077,3698.667270000011,3698.667270000011
2078,3847.902474000013,3847.902474000013
2079,3957.1424580000094,3957.1424580000094
2080,3584.3262240000063,3584.3262240000063
2081,3496.7673480000058,3496.7673480000058
2082,3599.738628000009,3599.738628000009
2083,3879.063732000017,3879.063732000017
2084,4249.303974000025,4249.303974000025
2085,4164.556800000024,4164.556800000024
2086,3790.538598000017,3790.538598000017
2087,3498.933258000015,3498.933258000015
2088,2524.376616000013,2524.376616000013
2089,2026.9269660000055,2026.9269660000055
2090,1943.2747680000045,1943.2747680000045
2091,2056.2488640000033,2056.2488640000033
2092,2150.6694480000033,2150.6694480000033
2093,2218.3619160000044,2218.3619160000044
2094,2324.749614000005,2324.749614000005
2095,2575.4466120000075,2575.4466120000075
2096,2922.2021580000073,2922.2021580000073
2097,2977.9662180000078,2977.9662180000078
2098,3137.3442840000057,3137.3442840000057
2099,3262.0379400000024,3262.0379400000024
2100,3419.2558860000067,3419.2558860000067
2101,3782.016396000007,3782.016396000007
2102,3838.698762000012,3838.698762000012
2103,3730.3684680000097,3730.3684680000097
2104,3532.7019120000077,3532.7019120000077
2105,3469.0013040000053,3469.0013040000053
2106,3661.787202000012,3661.787202000012
2107,3927.926784000017,3927.926784000017
2108,4236.0344940000205,4236.0344940000205
2109,4052.4248340000217,4052.4248340000217
2110,3797.4185880000186,3797.4185880000186
2111,3395.995680000018,3395.995680000018
2112,2522.294676000013,2522.294676000013
2113,2069.4829860000054,2069.4829860000054
2114,1897.4175480000035,1897.4175480000035
2115,1951.2434040000037,1951.2434040000037
2116,1992.337008000003,1992.337008000003
2117,2146.794762000002,2146.794762000002
2118,2239.982472000004,2239.982472000004
2119,2346.2272680000065,2346.2272680000065
2120,2761.5386160000085,2761.5386160000085
2121,2891.910864000007,2891.910864000007
2122,3041.5542180000048,3041.5542180000048
2123,3260.177556000002,3260.177556000002
2124,3301.006746000008,3301.006746000008
2125,3552.860568000009,3552.860568000009
2126,3933.4601160000143,3933.4601160000143
2127,3707.9022900000095,3707.9022900000095
2128,3498.3487080000064,3498.3487080000064
2129,3416.121630000005,3416.121630000005
2130,3610.227420000011,3610.227420000011
2131,4079.9939760000175,4079.9939760000175
2132,4244.88594000002,4244.88594000002
2133,4054.8067140000203,4054.8067140000203
2134,3689.2666260000215,3689.2666260000215
2135,3218.071470000016,3218.071470000016
2136,2559.7686660000127,2559.7686660000127
2137,1878.7743120000052,1878.7743120000052
2138,1810.8152580000035,1810.8152580000035
2139,1928.0520540000032,1928.0520540000032
2140,1944.8209800000038,1944.8209800000038
2141,1985.1125160000042,1985.1125160000042
2142,2110.5679140000047,2110.5679140000047
2143,2314.8860880000057,2314.8860880000057
2144,2744.9147760000083,2744.9147760000083
2145,2839.1586120000093,2839.1586120000093
2146,2934.2901660000057,2934.2901660000057
2147,3223.3969680000046,3223.3969680000046
2148,3411.844032000007,3411.844032000007
2149,3700.0125780000085,3700.0125780000085
2150,3842.516208000013,3842.516208000013
2151,3721.2850620000067,3721.2850620000067
2152,3415.294734000005,3415.294734000005
2153,3425.791308000006,3425.791308000006
2154,3592.4270520000105,3592.4270520000105
2155,3878.2048440000167,3878.2048440000167
2156,4148.826624000022,4148.826624000022
2157,4187.785800000024,4187.785800000024
2158,3823.37529600002,3823.37529600002
2159,3332.1702300000147,3332.1702300000147
2160,2550.837030000012,2550.837030000012
2161,2018.9401080000048,2018.9401080000048
2162,1979.0530560000038,1979.0530560000038
2163,1943.2560000000046,1943.2560000000046
2164,2078.268696000003,2078.268696000003
2165,2274.689382000004,2274.689382000004
2166,2269.2132360000037,2269.2132360000037
2167,2457.586818000006,2457.586818000006
2168,2729.865762000008,2729.865762000008
2169,2797.1486340000074,2797.1486340000074
2170,2892.0839820000047,2892.0839820000047
2171,3232.146108000006,3232.146108000006
2172,3369.974814000009,3369.974814000009
2173,3777.5576100000094,3777.5576100000094
2174,4037.9003640000105,4037.9003640000105
2175,3758.928426000011,3758.928426000011
2176,3489.5488500000056,3489.5488500000056
2177,3446.6747640000053,3446.6747640000053
2178,3710.071668000009,3710.071668000009
2179,3909.067410000017,3909.067410000017
2180,4195.358142000019,4195.358142000019
2181,4219.0082580000235,4219.0082580000235
2182,3982.4368440000226,3982.4368440000226
2183,3376.6795320000156,3376.6795320000156
2184,2574.888882000012,2574.888882000012
2185,2104.777452000006,2104.777452000006
2186,2044.0892400000043,2044.0892400000043
2187,2094.156576000003,2094.156576000003
2188,2080.643346000004,2080.643346000004
2189,2197.451838000004,2197.451838000004
2190,2312.941998000004,2312.941998000004
2191,2474.5478460000063,2474.5478460000063
2192,2728.2284700000087,2728.2284700000087
2193,2891.4784740000073,2891.4784740000073
2194,3122.7194820000054,3122.7194820000054
2195,3337.5180780000032,3337.5180780000032
2196,3366.1108800000056,3366.1108800000056
2197,3726.954456000008,3726.954456000008
2198,4043.1065280000084,4043.1065280000084
2199,3750.68785800001,3750.68785800001
2200,3602.011836000006,3602.011836000006
2201,3487.247544000007,3487.247544000007
2202,3796.6541400000106,3796.6541400000106
2203,3983.2694700000156,3983.2694700000156
2204,4347.171054000021,4347.171054000021
2205,4184.329272000023,4184.329272000023
2206,4253.290812000022,4253.290812000022
2207,3620.7481860000144,3620.7481860000144
2208,2660.0711580000116,2660.0711580000116
2209,2040.9661740000056,2040.9661740000056
2210,1970.3431200000036,1970.3431200000036
2211,1951.8084900000038,1951.8084900000038
2212,2021.469048000004,2021.469048000004
2213,2121.096552000004,2121.096552000004
2214,2247.1691460000043,2247.1691460000043
2215,2402.0782140000056,2402.0782140000056
2216,2680.474038000007,2680.474038000007
2217,2841.0460080000075,2841.0460080000075
2218,3005.652414000005,3005.652414000005
2219,3265.253394000005,3265.253394000005
2220,3386.6303760000055,3386.6303760000055
2221,3708.1285680000096,3708.1285680000096
2222,3914.9876640000134,3914.9876640000134
2223,3772.2339540000107,3772.2339540000107
2224,3562.6616760000065,3562.6616760000065
2225,3548.1502260000066,3548.1502260000066
2226,3621.1675680000103,3621.1675680000103
2227,3831.6199500000143,3831.6199500000143
2228,4165.44396600002,4165.44396600002
2229,4306.760502000023,4306.760502000023
2230,4203.457638000019,4203.457638000019
2231,3450.4783140000154,3450.4783140000154
2232,2561.808828000012,2561.808828000012
2233,2027.3289360000065,2027.3289360000065
2234,2010.6858060000034,2010.6858060000034
2235,2069.9635860000026,2069.9635860000026
2236,2147.242344000003,2147.242344000003
2237,2173.6374120000037,2173.6374120000037
2238,2164.9871160000043,2164.9871160000043
2239,2425.4740500000066,2425.4740500000066
2240,2834.4730860000077,2834.4730860000077
2241,2971.589010000007,2971.589010000007
2242,3103.326168000005,3103.326168000005
2243,3388.618884000004,3388.618884000004
2244,3435.2397480000077,3435.2397480000077
2245,3662.122992000012,3662.122992000012
2246,3971.368008000014,3971.368008000014
2247,3818.284854000008,3818.284854000008
2248,3496.2613800000067,3496.2613800000067
2249,3495.052938000009,3495.052938000009
2250,3705.8633280000104,3705.8633280000104
2251,3996.0759780000144,3996.0759780000144
2252,4413.902010000019,4413.902010000019
2253,4224.148356000021,4224.148356000021
2254,3898.7910120000165,3898.7910120000165
2255,3329.362746000015,3329.362746000015
2256,2535.5268480000123,2535.5268480000123
2257,1926.4675860000045,1926.4675860000045
2258,1991.737620000004,1991.737620000004
2259,2014.1081520000032,2014.1081520000032
2260,2129.537352000003,2129.537352000003
2261,2126.7967560000043,2126.7967560000043
2262,2119.219416000003,2119.219416000003
2263,2414.9080380000064,2414.9080380000064
2264,2631.051762000008,2631.051762000008
2265,2854.486356000008,2854.486356000008
2266,3061.883610000005,3061.883610000005
2267,3261.6297840000043,3261.6297840000043
2268,3385.4089080000053,3385.4089080000053
2269,3705.54438000001,3705.54438000001
2270,3910.792512000013,3910.792512000013
2271,3826.1582640000106,3826.1582640000106
2272,3502.567428000006,3502.567428000006
2273,3534.0085800000074,3534.0085800000074
2274,3510.981834000009,3510.981834000009
2275,3981.5437920000195,3981.5437920000195
2276,4184.880054000023,4184.880054000023
2277,3889.1186700000226,3889.1186700000226
2278,3843.874626000019,3843.874626000019
2279,3477.397050000016,3477.397050000016
2280,2535.503184000013,2535.503184000013
2281,2059.3213980000064,2059.3213980000064
2282,1876.071078000004,1876.071078000004
2283,1972.7829120000024,1972.7829120000024
2284,1984.5417720000023,1984.5417720000023
2285,2072.9352240000044,2072.9352240000044
2286,2245.6754940000046,2245.6754940000046
2287,2565.421128000006,2565.421128000006
2288,2852.5456860000077,2852.5456860000077
2289,2926.534470000008,2926.534470000008
2290,3018.6422160000043,3018.6422160000043
2291,3159.1081980000026,3159.1081980000026
2292,3261.4200780000065,3261.4200780000065
2293,3623.593272000008,3623.593272000008
2294,3781.8282960000106,3781.8282960000106
2295,3743.1655500000097,3743.1655500000097
2296,3486.715704000006,3486.715704000006
2297,3441.651876000005,3441.651876000005
2298,3504.897882000009,3504.897882000009
2299,3930.4185900000152,3930.4185900000152
2300,4028.2136820000214,4028.2136820000214
2301,4218.394884000023,4218.394884000023
2302,4063.7034360000216,4063.7034360000216
2303,3641.416482000013,3641.416482000013
2304,2561.7866520000125,2561.7866520000125
2305,2021.0111160000058,2021.0111160000058
2306,1978.831020000003,1978.831020000003
2307,2024.956602000003,2024.956602000003
2308,2028.6998760000033,2028.6998760000033
2309,2046.7960440000038,2046.7960440000038
2310,2204.1186540000035,2204.1186540000035
2311,2346.6475260000066,2346.6475260000066
2312,2781.156558000008,2781.156558000008
2313,2887.2846960000084,2887.2846960000084
2314,2997.468534000004,2997.468534000004
2315,3241.936734000005,3241.936734000005
2316,3378.2863020000073,3378.2863020000073
2317,3728.2012620000082,3728.2012620000082
2318,3886.323708000009,3886.323708000009
2319,3916.7359500000134,3916.7359500000134
2320,3455.641968000006,3455.641968000006
2321,3388.7990640000066,3388.7990640000066
2322,3588.0902940000087,3588.0902940000087
2323,3941.0391060000143,3941.0391060000143
2324,4223.399784000019,4223.399784000019
2325,4294.083072000023,4294.083072000023
2326,4367.477058000019,4367.477058000019
2327,3633.194484000014,3633.194484000014
2328,2577.1881420000113,2577.1881420000113
2329,2034.0535980000054,2034.0535980000054
2330,1935.6568980000043,1935.6568980000043
2331,1885.9944780000033,1885.9944780000033
2332,1949.4188340000044,1949.4188340000044
2333,2097.491004000003,2097.491004000003
2334,2228.137236000003,2228.137236000003
2335,2287.472814000007,2287.472814000007
2336,2633.0167200000087,2633.0167200000087
2337,2715.1626720000063,2715.1626720000063
2338,2948.9503200000045,2948.9503200000045
2339,3143.340852000005,3143.340852000005
2340,3374.2573260000063,3374.2573260000063
2341,3757.2759600000086,3757.2759600000086
2342,3795.953244000012,3795.953244000012
2343,3796.734606000008,3796.734606000008
2344,3609.211410000007,3609.211410000007
2345,3453.2659140000055,3453.2659140000055
2346,3634.116066000011,3634.116066000011
2347,3916.857858000019,3916.857858000019
2348,4465.892778000019,4465.892778000019
2349,4137.91698000002,4137.91698000002
2350,4033.9922460000157,4033.9922460000157
2351,3445.3777800000144,3445.3777800000144
2352,2613.9691200000116,2613.9691200000116
2353,1961.4410340000059,1961.4410340000059
2354,1973.269056000004,1973.269056000004
2355,1916.0049720000043,1916.0049720000043
2356,2072.7063720000033,2072.7063720000033
2357,2115.2101140000022,2115.2101140000022
2358,2243.5091220000045,2243.5091220000045
2359,2468.8412280000057,2468.8412280000057
2360,2846.7623820000067,2846.7623820000067
2361,2986.9893000000075,2986.9893000000075
2362,3192.161616000005,3192.161616000005
2363,3395.2512180000053,3395.2512180000053
2364,3444.0407100000084,3444.0407100000084
2365,3731.2010340000083,3731.2010340000083
2366,3961.513146000013,3961.513146000013
2367,3866.0548080000094,3866.0548080000094
2368,3584.500956000006,3584.500956000006
2369,3484.328550000005,3484.328550000005
2370,3676.6993200000115,3676.6993200000115
2371,3951.2529600000153,3951.2529600000153
2372,4255.694586000018,4255.694586000018
2373,4153.064166000021,4153.064166000021
2374,4010.715432000022,4010.715432000022
2375,3675.4550220000133,3675.4550220000133
2376,2616.7352400000127,2616.7352400000127
2377,1978.206756000006,1978.206756000006
2378,1880.0599800000036,1880.0599800000036
2379,1975.0570140000043,1975.0570140000043
2380,2001.8458140000034,2001.8458140000034
2381,2183.5732560000024,2183.5732560000024
2382,2188.1067720000037,2188.1067720000037
2383,2403.0291360000065,2403.0291360000065
2384,2720.7885000000083,2720.7885000000083
2385,2887.8528300000066,2887.8528300000066
2386,3033.709038000006,3033.709038000006
2387,3220.5898620000016,3220.5898620000016
2388,3421.317018000007,3421.317018000007
2389,3591.44389800001,3591.44389800001
2390,3906.5264280000138,3906.5264280000138
2391,3836.848572000011,3836.848572000011
2392,3532.938762000005,3532.938762000005
2393,3423.6337200000053,3423.6337200000053
2394,3521.9643660000092,3521.9643660000092
2395,3816.8173500000153,3816.8173500000153
2396,4180.313718000021,4180.313718000021
2397,4329.5879400000185,4329.5879400000185
2398,4081.7500920000175,4081.7500920000175
2399,3662.744214000013,3662.744214000013
2400,2526.3828660000113,2526.3828660000113
2401,2007.4147440000065,2007.4147440000065
2402,1949.5829340000037,1949.5829340000037
2403,2037.4982460000037,2037.4982460000037
2404,1979.9446320000022,1979.9446320000022
2405,2083.894548000002,2083.894548000002
2406,2138.514870000005,2138.514870000005
2407,2328.446748000006,2328.446748000006
2408,2655.2738160000085,2655.2738160000085
2409,2757.0676260000073,2757.0676260000073
2410,2964.5344500000065,2964.5344500000065
2411,3290.0342880000044,3290.0342880000044
2412,3427.8928140000066,3427.8928140000066
2413,3761.6284920000094,3761.6284920000094
2414,3892.4016780000093,3892.4016780000093
2415,3844.5223920000117,3844.5223920000117
2416,3551.0161440000065,3551.0161440000065
2417,3529.736946000006,3529.736946000006
2418,3686.2983960000083,3686.2983960000083
2419,4036.9215480000157,4036.9215480000157
2420,4302.8479920000245,4302.8479920000245
2421,4035.890814000022,4035.890814000022
2422,3961.1930520000165,3961.1930520000165
2423,3617.2637580000164,3617.2637580000164
2424,2676.991050000013,2676.991050000013
2425,1963.3744080000054,1963.3744080000054
2426,1854.842142000004,1854.842142000004
2427,1831.381704000004,1831.381704000004
2428,1992.541314000003,1992.541314000003
2429,2043.5376240000053,2043.5376240000053
2430,2255.3516220000038,2255.3516220000038
2431,2343.910668000006,2343.910668000006
2432,2784.5918580000084,2784.5918580000084
2433,2917.474158000008,2917.474158000008
2434,2981.6345100000053,2981.6345100000053
2435,3174.847236000004,3174.847236000004
2436,3414.223200000005,3414.223200000005
2437,3779.2718160000086,3779.2718160000086
2438,4002.5789100000106,4002.5789100000106
2439,3761.721036000011,3761.721036000011
2440,3488.9642160000053,3488.9642160000053
2441,3577.037952000006,3577.037952000006
2442,3634.5424380000118,3634.5424380000118
2443,3943.8601440000157,3943.8601440000157
2444,4067.6692260000204,4067.6692260000204
2445,3847.800408000019,3847.800408000019
2446,3966.158970000018,3966.158970000018
2447,3495.837138000015,3495.837138000015
2448,2618.799174000011,2618.799174000011
2449,1965.385026000005,1965.385026000005
2450,1869.992184000004,1869.992184000004
2451,2021.1065580000038,2021.1065580000038
2452,2015.8605720000035,2015.8605720000035
2453,2081.2487940000033,2081.2487940000033
2454,2263.428588000004,2263.428588000004
2455,2379.1100880000063,2379.1100880000063
2456,2800.9250100000086,2800.9250100000086
2457,2860.1463300000078,2860.1463300000078
2458,2963.5438920000056,2963.5438920000056
2459,3275.4168660000055,3275.4168660000055
2460,3377.7529440000058,3377.7529440000058
2461,3706.402176000007,3706.402176000007
2462,4022.4510960000116,4022.4510960000116
2463,3765.6929100000093,3765.6929100000093
2464,3543.8475060000073,3543.8475060000073
2465,3420.165582000006,3420.165582000006
2466,3637.681572000009,3637.681572000009
2467,4114.209456000018,4114.209456000018
2468,4298.502012000019,4298.502012000019
2469,4140.468354000021,4140.468354000021
2470,4002.675018000019,4002.675018000019
2471,3359.3158020000155,3359.3158020000155
2472,2578.2310020000123,2578.2310020000123
2473,2067.5410020000054,2067.5410020000054
2474,2011.0519800000045,2011.0519800000045
2475,2107.359906000003,2107.359906000003
2476,2139.4187760000027,2139.4187760000027
2477,2233.475400000003,2233.475400000003
2478,2357.4840000000036,2357.4840000000036
2479,2408.9111820000057,2408.9111820000057
2480,2712.621870000008,2712.621870000008
2481,2844.107820000009,2844.107820000009
2482,3006.709866000005,3006.709866000005
2483,3248.9588220000037,3248.9588220000037
2484,3372.874854000007,3372.874854000007
2485,3722.6858040000106,3722.6858040000106
2486,3868.3291800000093,3868.3291800000093
2487,3845.318892000008,3845.318892000008
2488,3496.447764000006,3496.447764000006
2489,3428.566962000005,3428.566962000005
2490,3641.891772000009,3641.891772000009
2491,3939.4085880000166,3939.4085880000166
2492,4245.75186600002,4245.75186600002
2493,4412.337552000022,4412.337552000022
2494,4225.82237400002,4225.82237400002
2495,3568.4513700000152,3568.4513700000152
2496,2639.911068000013,2639.911068000013
2497,2039.991858000005,2039.991858000005
2498,1980.377766000004,1980.377766000004
2499,1958.6288640000032,1958.6288640000032
2500,2013.773370000003,2013.773370000003
2501,2131.823910000003,2131.823910000003
2502,2155.7291700000033,2155.7291700000033
2503,2297.475336000007,2297.475336000007
2504,2648.4048240000075,2648.4048240000075
2505,2802.210798000008,2802.210798000008
2506,3064.1052120000054,3064.1052120000054
2507,3307.961682000003,3307.961682000003
2508,3369.0290880000066,3369.0290880000066
2509,3739.9769280000105,3739.9769280000105
2510,4163.240076000012,4163.240076000012
2511,3862.1180040000086,3862.1180040000086
2512,3591.136956000008,3591.136956000008
2513,3557.2920960000074,3557.2920960000074
2514,3742.118790000012,3742.118790000012
2515,3779.632620000014,3779.632620000014
2516,4163.15218800002,4163.15218800002
2517,3999.746682000022,3999.746682000022
2518,3988.047804000019,3988.047804000019
2519,3512.755848000017,3512.755848000017
2520,2562.399816000013,2562.399816000013
2521,1959.6606060000067,1959.6606060000067
2522,1956.1389060000035,1956.1389060000035
2523,1971.137196000004,1971.137196000004
2524,1950.0174360000053,1950.0174360000053
2525,1969.3968960000034,1969.3968960000034
2526,2059.2560820000044,2059.2560820000044
2527,2372.9823540000066,2372.9823540000066
2528,2692.0823940000078,2692.0823940000078
2529,2870.1900960000075,2870.1900960000075
2530,3015.3630240000048,3015.3630240000048
2531,3258.132150000005,3258.132150000005
2532,3438.6136860000056,3438.6136860000056
2533,3745.8268680000097,3745.8268680000097
2534,3959.6792820000114,3959.6792820000114
2535,3864.0612300000116,3864.0612300000116
2536,3541.572246000006,3541.572246000006
2537,3542.2365360000076,3542.2365360000076
2538,3768.79854000001,3768.79854000001
2539,4099.126518000017,4099.126518000017
2540,4258.441050000023,4258.441050000023
2541,3956.75371200002,3956.75371200002
2542,3916.0288620000215,3916.0288620000215
2543,3401.706030000016,3401.706030000016
2544,2576.8648620000126,2576.8648620000126
2545,1992.4507200000062,1992.4507200000062
2546,1889.7800400000035,1889.7800400000035
2547,1971.8576700000035,1971.8576700000035
2548,2050.871568000004,2050.871568000004
2549,1998.4565160000036,1998.4565160000036
2550,2053.3395660000033,2053.3395660000033
2551,2300.289786000005,2300.289786000005
2552,2676.6103380000086,2676.6103380000086
2553,2726.6092920000074,2726.6092920000074
2554,2948.238624000004,2948.238624000004
2555,3196.565364000004,3196.565364000004
2556,3281.0835240000056,3281.0835240000056
2557,3677.40860400001,3677.40860400001
2558,3968.437074000008,3968.437074000008
2559,3862.917558000011,3862.917558000011
2560,3493.297818000006,3493.297818000006
2561,3404.800500000007,3404.800500000007
2562,3554.80107600001,3554.80107600001
2563,3938.951454000015,3938.951454000015
2564,4171.696332000023,4171.696332000023
2565,4059.6282900000215,4059.6282900000215
2566,4093.173162000018,4093.173162000018
2567,3529.4219460000154,3529.4219460000154
2568,2767.9638060000125,2767.9638060000125
2569,2063.4651600000047,2063.4651600000047
2570,1912.8853200000024,1912.8853200000024
2571,1965.4194660000041,1965.4194660000041
2572,2039.7300960000043,2039.7300960000043
2573,2032.5901560000032,2032.5901560000032
2574,2247.3735780000025,2247.3735780000025
2575,2339.3980140000062,2339.3980140000062
2576,2629.6302600000095,2629.6302600000095
2577,2716.7586900000083,2716.7586900000083
2578,2982.205254000006,2982.205254000006
2579,3141.887556000005,3141.887556000005
2580,3337.176594000007,3337.176594000007
2581,3705.305010000012,3705.305010000012
2582,3965.9900400000106,3965.9900400000106
2583,3823.0291620000107,3823.0291620000107
2584,3498.1962060000064,3498.1962060000064
2585,3521.552760000006,3521.552760000006
2586,3627.080598000009,3627.080598000009
2587,3773.220720000019,3773.220720000019
2588,4004.59027800002,4004.59027800002
2589,4334.133714000023,4334.133714000023
2590,4325.321034000021,4325.321034000021
2591,3534.4072560000177,3534.4072560000177
2592,2604.9401580000135,2604.9401580000135
2593,2037.3969540000057,2037.3969540000057
2594,1944.8795940000043,1944.8795940000043
2595,2009.4021120000045,2009.4021120000045
2596,2009.802318000003,2009.802318000003
2597,2095.8046500000028,2095.8046500000028
2598,2058.186918000003,2058.186918000003
2599,2406.781026000006,2406.781026000006
2600,2660.9371680000095,2660.9371680000095
2601,2845.882164000008,2845.882164000008
2602,2952.768750000006,2952.768750000006
2603,3283.392552000004,3283.392552000004
2604,3432.9461700000047,3432.9461700000047
2605,3711.8855400000084,3711.8855400000084
2606,4024.455024000013,4024.455024000013
2607,3726.567618000008,3726.567618000008
2608,3529.8583380000055,3529.8583380000055
2609,3528.044508000004,3528.044508000004
2610,3685.8417960000097,3685.8417960000097
2611,3964.8248160000153,3964.8248160000153
2612,4263.953364000021,4263.953364000021
2613,4339.69159800002,4339.69159800002
2614,3887.602416000018,3887.602416000018
2615,3725.7665340000162,3725.7665340000162
2616,2731.763604000013,2731.763604000013
2617,2075.0339040000063,2075.0339040000063
2618,1967.3829420000038,1967.3829420000038
2619,1986.4207980000035,1986.4207980000035
2620,2046.0587220000036,2046.0587220000036
2621,2085.5033460000027,2085.5033460000027
2622,2112.6327240000023,2112.6327240000023
2623,2259.2949300000055,2259.2949300000055
2624,2678.1118680000077,2678.1118680000077
2625,2847.927990000007,2847.927990000007
2626,2883.1140480000045,2883.1140480000045
2627,3213.2028660000046,3213.2028660000046
2628,3384.9790320000056,3384.9790320000056
2629,3741.244740000011,3741.244740000011
2630,3833.200104000012,3833.200104000012
2631,3844.713612000009,3844.713612000009
2632,3514.3447560000072,3514.3447560000072
2633,3513.1976100000074,3513.1976100000074
2634,3596.2119420000104,3596.2119420000104
2635,3892.72341000002,3892.72341000002
2636,4246.864140000021,4246.864140000021
2637,4237.536672000021,4237.536672000021
2638,3927.587004000022,3927.587004000022
2639,3429.4540380000158,3429.4540380000158
2640,2743.235610000013,2743.235610000013
2641,1959.439596000006,1959.439596000006
2642,1948.383486000004,1948.383486000004
2643,1998.2765220000038,1998.2765220000038
2644,1976.177178000003,1976.177178000003
2645,1963.127796000003,1963.127796000003
2646,2119.5931500000042,2119.5931500000042
2647,2276.1223440000063,2276.1223440000063
2648,2602.0237560000073,2602.0237560000073
2649,2764.9169460000076,2764.9169460000076
2650,2919.9408480000047,2919.9408480000047
2651,3135.0053820000044,3135.0053820000044
2652,3276.946590000006,3276.946590000006
2653,3619.2691920000098,3619.2691920000098
2654,3770.540610000012,3770.540610000012
2655,3731.0922180000107,3731.0922180000107
2656,3475.9448760000055,3475.9448760000055
2657,3419.5406400000065,3419.5406400000065
2658,3651.5940240000095,3651.5940240000095
2659,3829.5087720000156,3829.5087720000156
2660,4127.429010000021,4127.429010000021
2661,4234.8507720000225,4234.8507720000225
2662,4023.9689160000203,4023.9689160000203
2663,3509.7017220000166,3509.7017220000166
2664,2668.902816000014,2668.902816000014
2665,2025.1150080000045,2025.1150080000045
2666,1864.7416380000034,1864.7416380000034
2667,1885.367820000004,1885.367820000004
2668,1988.490054000004,1988.490054000004
2669,2066.3626380000046,2066.3626380000046
2670,2163.144330000003,2163.144330000003
2671,2485.4730780000064,2485.4730780000064
2672,2859.8713800000082,2859.8713800000082
2673,2964.4002360000068,2964.4002360000068
2674,3057.6858900000047,3057.6858900000047
2675,3216.7261140000046,3216.7261140000046
2676,3358.307946000006,3358.307946000006
2677,3692.7543180000093,3692.7543180000093
2678,4015.236108000009,4015.236108000009
2679,3725.3250300000095,3725.3250300000095
2680,3497.0181240000074,3497.0181240000074
2681,3479.603298000006,3479.603298000006
2682,3637.3147140000096,3637.3147140000096
2683,3852.064878000015,3852.064878000015
2684,4183.6818600000215,4183.6818600000215
2685,4097.362470000023,4097.362470000023
2686,4142.521194000019,4142.521194000019
2687,3412.2958200000157,3412.2958200000157
2688,2550.792168000012,2550.792168000012
2689,1919.6774040000055,1919.6774040000055
2690,1883.2938720000034,1883.2938720000034
2691,1933.7416200000034,1933.7416200000034
2692,2109.2871600000035,2109.2871600000035
2693,2108.237850000003,2108.237850000003
2694,2074.2388200000037,2074.2388200000037
2695,2304.8388360000063,2304.8388360000063
2696,2758.259250000008,2758.259250000008
2697,2903.1405120000086,2903.1405120000086
2698,3035.9448780000052,3035.9448780000052
2699,3343.238568000005,3343.238568000005
2700,3459.5236140000084,3459.5236140000084
2701,3824.600196000009,3824.600196000009
2702,3964.3127820000145,3964.3127820000145
2703,3759.0860700000107,3759.0860700000107
2704,3549.6040920000055,3549.6040920000055
2705,3507.425706000006,3507.425706000006
2706,3624.310458000011,3624.310458000011
2707,3918.4134720000156,3918.4134720000156
2708,4197.84823200002,4197.84823200002
2709,4258.565034000023,4258.565034000023
2710,3990.7778940000176,3990.7778940000176
2711,3519.465732000014,3519.465732000014
2712,2526.2363580000115,2526.2363580000115
2713,2026.9924680000058,2026.9924680000058
2714,1982.8944720000043,1982.8944720000043
2715,2019.517176000003,2019.517176000003
2716,2040.1073220000035,2040.1073220000035
2717,2185.864896000004,2185.864896000004
2718,2215.260300000004,2215.260300000004
2719,2358.2736720000057,2358.2736720000057
2720,2765.0074380000087,2765.0074380000087
2721,2829.598770000008,2829.598770000008
2722,3090.9352380000055,3090.9352380000055
2723,3314.5807980000054,3314.5807980000054
2724,3456.0492120000067,3456.0492120000067
2725,3803.2718820000114,3803.2718820000114
2726,3990.3716700000145,3990.3716700000145
2727,3789.2026740000097,3789.2026740000097
2728,3553.7521440000073,3553.7521440000073
2729,3520.128378000008,3520.128378000008
2730,3773.3910180000116,3773.3910180000116
2731,4082.1124500000174,4082.1124500000174
2732,4199.22870600002,4199.22870600002
2733,4120.27066200002,4120.27066200002
2734,4300.17915000002,4300.17915000002
2735,3691.818372000017,3691.818372000017
2736,2722.9510620000124,2722.9510620000124
2737,2124.101700000005,2124.101700000005
2738,2076.1995720000036,2076.1995720000036
2739,2015.2020060000038,2015.2020060000038
2740,2045.6130060000025,2045.6130060000025
2741,2133.124332000003,2133.124332000003
2742,2298.264438000005,2298.264438000005
2743,2394.5792940000065,2394.5792940000065
2744,2726.092146000009,2726.092146000009
2745,2844.328758000007,2844.328758000007
2746,3033.631620000006,3033.631620000006
2747,3266.9589480000036,3266.9589480000036
2748,3325.231092000006,3325.231092000006
2749,3656.7870720000087,3656.7870720000087
2750,3894.262746000012,3894.262746000012
2751,3788.610312000013,3788.610312000013
2752,3513.1863660000067,3513.1863660000067
2753,3506.4649200000067,3506.4649200000067
2754,3557.095716000011,3557.095716000011
2755,3943.8414300000163,3943.8414300000163
2756,4261.468356000021,4261.468356000021
2757,4323.831198000026,4323.831198000026
2758,4263.134778000018,4263.134778000018
2759,3501.226746000017,3501.226746000017
2760,2749.475376000011,2749.475376000011
2761,2027.0172300000045,2027.0172300000045
2762,1861.5147300000037,1861.5147300000037
2763,1969.418370000003,1969.418370000003
2764,2052.985440000004,2052.985440000004
2765,2079.349158000004,2079.349158000004
2766,2110.9938360000037,2110.9938360000037
2767,2349.0439800000054,2349.0439800000054
2768,2680.304034000007,2680.304034000007
2769,2825.680446000008,2825.680446000008
2770,3042.377958000005,3042.377958000005
2771,3270.384420000005,3270.384420000005
2772,3525.3290880000063,3525.3290880000063
2773,3664.8584100000107,3664.8584100000107
2774,3952.8084000000135,3952.8084000000135
2775,3818.3308680000096,3818.3308680000096
2776,3529.156314000006,3529.156314000006
2777,3464.3628240000053,3464.3628240000053
2778,3639.1878900000106,3639.1878900000106
2779,4033.2234360000166,4033.2234360000166
2780,4233.354336000021,4233.354336000021
2781,3957.1270440000194,3957.1270440000194
2782,4164.468702000019,4164.468702000019
2783,3825.1114440000156,3825.1114440000156
2784,2781.0376680000136,2781.0376680000136
2785,1965.2703360000041,1965.2703360000041
2786,1983.2041860000043,1983.2041860000043
2787,2064.328950000003,2064.328950000003
2788,2067.8258220000034,2067.8258220000034
2789,2102.0877720000026,2102.0877720000026
2790,2266.2487200000037,2266.2487200000037
2791,2405.357286000006,2405.357286000006
2792,2665.733712000008,2665.733712000008
2793,2916.1086360000077,2916.1086360000077
2794,3117.605622000004,3117.605622000004
2795,3359.578674000003,3359.578674000003
2796,3384.589020000007,3384.589020000007
2797,3788.621304000012,3788.621304000012
2798,4111.093122000012,4111.093122000012
2799,3832.6402740000094,3832.6402740000094
2800,3563.076438000006,3563.076438000006
2801,3568.3878420000065,3568.3878420000065
2802,3593.63023800001,3593.63023800001
2803,3969.5451960000164,3969.5451960000164
2804,4275.02906400002,4275.02906400002
2805,4221.237786000019,4221.237786000019
2806,3955.4687460000205,3955.4687460000205
2807,3481.7548260000153,3481.7548260000153
2808,2620.4809980000095,2620.4809980000095
2809,2158.8969540000057,2158.8969540000057
2810,1954.003752000004,1954.003752000004
2811,1975.925952000003,1975.925952000003
2812,2094.551724000004,2094.551724000004
2813,2099.1427200000035,2099.1427200000035
2814,2253.596676000005,2253.596676000005
2815,2415.9525900000067,2415.9525900000067
2816,2597.177832000009,2597.177832000009
2817,2707.404192000007,2707.404192000007
2818,2929.8605460000053,2929.8605460000053
2819,3169.5955920000015,3169.5955920000015
2820,3427.9597680000065,3427.9597680000065
2821,3884.169708000007,3884.169708000007
2822,3947.555976000012,3947.555976000012
2823,3724.9414680000095,3724.9414680000095
2824,3549.547104000009,3549.547104000009
2825,3435.6706320000067,3435.6706320000067
2826,3615.215382000011,3615.215382000011
2827,3843.795726000014,3843.795726000014
2828,4220.27574600002,4220.27574600002
2829,4160.6062200000215,4160.6062200000215
2830,4300.044198000019,4300.044198000019
2831,3581.0481960000134,3581.0481960000134
2832,2622.410850000012,2622.410850000012
2833,1997.7843000000044,1997.7843000000044
2834,1948.9689600000045,1948.9689600000045
2835,1972.662048000004,1972.662048000004
2836,2144.9373060000044,2144.9373060000044
2837,2147.8792920000033,2147.8792920000033
2838,2250.1213320000043,2250.1213320000043
2839,2443.4051820000063,2443.4051820000063
2840,2806.733580000009,2806.733580000009
2841,2903.374560000009,2903.374560000009
2842,3002.2879680000065,3002.2879680000065
2843,3260.6693340000047,3260.6693340000047
2844,3508.5670440000063,3508.5670440000063
2845,3749.8109460000082,3749.8109460000082
2846,3978.9339300000142,3978.9339300000142
2847,3849.7852500000117,3849.7852500000117
2848,3584.0119860000077,3584.0119860000077
2849,3508.580394000006,3508.580394000006
2850,3735.0746040000136,3735.0746040000136
2851,4049.702316000018,4049.702316000018
2852,4231.380282000023,4231.380282000023
2853,4233.127698000022,4233.127698000022
2854,4204.778778000022,4204.778778000022
2855,3565.4812560000164,3565.4812560000164
2856,2693.406378000011,2693.406378000011
2857,2279.1127920000054,2279.1127920000054
2858,2018.502540000003,2018.502540000003
2859,2091.743382000004,2091.743382000004
2860,2085.958416000003,2085.958416000003
2861,2161.0626240000033,2161.0626240000033
2862,2313.7454760000032,2313.7454760000032
2863,2450.794860000005,2450.794860000005
2864,2801.7198960000087,2801.7198960000087
2865,2912.5112160000076,2912.5112160000076
2866,3001.3263180000054,3001.3263180000054
2867,3212.0646180000044,3212.0646180000044
2868,3301.5126120000073,3301.5126120000073
2869,3586.50346200001,3586.50346200001
2870,3755.7929940000117,3755.7929940000117
2871,3714.9766620000087,3714.9766620000087
2872,3490.4812620000057,3490.4812620000057
2873,3449.941632000006,3449.941632000006
2874,3573.031284000011,3573.031284000011
2875,4020.683862000017,4020.683862000017
2876,4253.414226000019,4253.414226000019
2877,4327.132788000022,4327.132788000022
2878,3978.100320000019,3978.100320000019
2879,3699.037788000015,3699.037788000015
2880,2958.6927300000134,2958.6927300000134
2881,2123.818446000006,2123.818446000006
2882,1933.1366580000042,1933.1366580000042
2883,2011.2010800000046,2011.2010800000046
2884,2037.985302000004,2037.985302000004
2885,2196.9434040000046,2196.9434040000046
2886,2245.316208000005,2245.316208000005
2887,2441.005932000006,2441.005932000006
2888,2793.154134000009,2793.154134000009
2889,2944.035138000008,2944.035138000008
2890,3072.599682000005,3072.599682000005
2891,3234.2756640000034,3234.2756640000034
2892,3412.2646440000062,3412.2646440000062
2893,3633.021018000011,3633.021018000011
2894,4013.845506000014,4013.845506000014
2895,3808.601010000011,3808.601010000011
2896,3576.5970180000086,3576.5970180000086
2897,3517.024998000007,3517.024998000007
2898,3621.438636000012,3621.438636000012
2899,4044.7201860000177,4044.7201860000177
2900,4402.18245000002,4402.18245000002
2901,4164.49297200002,4164.49297200002
2902,4065.5620080000217,4065.5620080000217
2903,3671.5507320000165,3671.5507320000165
2904,2769.0832140000107,2769.0832140000107
2905,1892.352624000005,1892.352624000005
2906,1934.4961860000035,1934.4961860000035
2907,1969.2757080000038,1969.2757080000038
2908,2100.614034000004,2100.614034000004
2909,2172.0341880000033,2172.0341880000033
2910,2137.798422000003,2137.798422000003
2911,2338.1232480000053,2338.1232480000053
2912,2714.264568000008,2714.264568000008
2913,2783.068236000006,2783.068236000006
2914,3023.1892440000047,3023.1892440000047
2915,3182.472852000003,3182.472852000003
2916,3312.228846000007,3312.228846000007
2917,3737.219166000011,3737.219166000011
2918,4017.2329800000107,4017.2329800000107
2919,3795.402114000011,3795.402114000011
2920,3569.819646000009,3569.819646000009
2921,3524.1894180000068,3524.1894180000068
2922,3617.908554000009,3617.908554000009
2923,3913.300062000018,3913.300062000018
2924,4436.477688000024,4436.477688000024
2925,4022.2841580000213,4022.2841580000213
2926,3753.531852000019,3753.531852000019
2927,3401.5367580000175,3401.5367580000175
2928,2403.7752840000117,2403.7752840000117
2929,2016.7379160000046,2016.7379160000046
2930,2028.4102800000046,2028.4102800000046
2931,2016.9539340000024,2016.9539340000024
2932,2088.9829860000027,2088.9829860000027
2933,2070.851574000003,2070.851574000003
2934,2128.844544000004,2128.844544000004
2935,2236.458060000007,2236.458060000007
2936,2649.3166800000085,2649.3166800000085
2937,2851.258194000008,2851.258194000008
2938,2974.8777300000056,2974.8777300000056
2939,3260.301216000004,3260.301216000004
2940,3405.324066000006,3405.324066000006
2941,3719.8573680000095,3719.8573680000095
2942,3990.3583680000106,3990.3583680000106
2943,3882.482124000012,3882.482124000012
2944,3537.1692480000065,3537.1692480000065
2945,3419.5977360000065,3419.5977360000065
2946,3567.73217400001,3567.73217400001
2947,3832.5515220000143,3832.5515220000143
2948,4055.15044200002,4055.15044200002
2949,3975.4251900000218,3975.4251900000218
2950,3913.036722000018,3913.036722000018
2951,3254.3710080000155,3254.3710080000155
2952,2670.2065200000125,2670.2065200000125
2953,1939.6874100000057,1939.6874100000057
2954,1947.7869540000036,1947.7869540000036
2955,2009.352084000003,2009.352084000003
2956,2052.839838000003,2052.839838000003
2957,2159.1525840000027,2159.1525840000027
2958,2245.2105060000035,2245.2105060000035
2959,2363.5153500000056,2363.5153500000056
2960,2742.4588920000083,2742.4588920000083
2961,2846.091408000008,2846.091408000008
2962,3028.206618000005,3028.206618000005
2963,3285.589320000004,3285.589320000004
2964,3391.2499080000075,3391.2499080000075
2965,3573.3847200000096,3573.3847200000096
2966,3862.990074000013,3862.990074000013
2967,3785.6268540000074,3785.6268540000074
2968,3482.9658120000063,3482.9658120000063
2969,3529.4542440000055,3529.4542440000055
2970,3677.103240000012,3677.103240000012
2971,3961.701132000015,3961.701132000015
2972,4223.142108000022,4223.142108000022
2973,3999.528618000023,3999.528618000023
2974,4148.032914000021,4148.032914000021
2975,3585.1044660000157,3585.1044660000157
2976,2591.2144620000117,2591.2144620000117
2977,2201.508408000006,2201.508408000006
2978,1902.4637280000038,1902.4637280000038
2979,1935.8853900000036,1935.8853900000036
2980,2006.4284820000048,2006.4284820000048
2981,2181.2274180000036,2181.2274180000036
2982,2174.2988520000035,2174.2988520000035
2983,2311.0070160000055,2311.0070160000055
2984,2720.679210000008,2720.679210000008
2985,2898.589734000008,2898.589734000008
2986,3005.9063580000065,3005.9063580000065
2987,3283.5718320000033,3283.5718320000033
2988,3403.8766980000064,3403.8766980000064
2989,3659.6509800000117,3659.6509800000117
2990,3938.177508000012,3938.177508000012
2991,3658.7349720000107,3658.7349720000107
2992,3484.256682000009,3484.256682000009
2993,3440.830272000006,3440.830272000006
2994,3570.96007200001,3570.96007200001
2995,3941.093862000018,3941.093862000018
2996,4185.005070000024,4185.005070000024
2997,4120.3402320000205,4120.3402320000205
2998,4036.795530000019,4036.795530000019
2999,3795.4565400000165,3795.4565400000165
3000,2728.0764960000124,2728.0764960000124
3001,1992.6596640000048,1992.6596640000048
3002,1962.2052180000044,1962.2052180000044
3003,1975.153026000003,1975.153026000003
3004,2035.4478120000042,2035.4478120000042
3005,2131.2071640000036,2131.2071640000036
3006,2167.952652000004,2167.952652000004
3007,2414.2360920000056,2414.2360920000056
3008,2663.777796000009,2663.777796000009
3009,2784.4565040000084,2784.4565040000084
3010,2996.0879580000055,2996.0879580000055
3011,3196.972422000004,3196.972422000004
3012,3476.2488900000058,3476.2488900000058
3013,3686.7291600000094,3686.7291600000094
3014,3937.2447300000117,3937.2447300000117
3015,3810.81592200001,3810.81592200001
3016,3555.6896580000052,3555.6896580000052
3017,3501.1170360000065,3501.1170360000065
3018,3749.0900580000107,3749.0900580000107
3019,4035.651558000015,4035.651558000015
3020,4505.19407400002,4505.19407400002
3021,3996.750210000019,3996.750210000019
3022,3922.5089100000205,3922.5089100000205
3023,3592.7074260000163,3592.7074260000163
3024,2678.904132000012,2678.904132000012
3025,2077.5613860000067,2077.5613860000067
3026,1944.9152040000035,1944.9152040000035
3027,2006.8085580000043,2006.8085580000043
3028,2084.2067040000034,2084.2067040000034
3029,2101.745346000002,2101.745346000002
3030,2196.2342520000034,2196.2342520000034
3031,2258.5023600000054,2258.5023600000054
3032,2568.608904000006,2568.608904000006
3033,2766.976572000008,2766.976572000008
3034,2939.023614000005,2939.023614000005
3035,3179.1747000000055,3179.1747000000055
3036,3279.6500580000065,3279.6500580000065
3037,3622.18117800001,3622.18117800001
3038,3957.9758040000133,3957.9758040000133
3039,3812.1287400000106,3812.1287400000106
3040,3421.9217580000063,3421.9217580000063
3041,3390.5810040000065,3390.5810040000065
3042,3607.7669280000105,3607.7669280000105
3043,3896.899848000014,3896.899848000014
3044,4031.564838000019,4031.564838000019
3045,4231.2711960000215,4231.2711960000215
3046,4346.704854000018,4346.704854000018
3047,3646.031670000018,3646.031670000018
3048,2833.1097420000137,2833.1097420000137
3049,2053.837716000006,2053.837716000006
3050,1875.5837220000046,1875.5837220000046
3051,2008.9150140000033,2008.9150140000033
3052,2039.2324200000035,2039.2324200000035
3053,2118.3292200000037,2118.3292200000037
3054,2175.6794220000043,2175.6794220000043
3055,2302.4773860000064,2302.4773860000064
3056,2531.0353440000067,2531.0353440000067
3057,2800.5211500000078,2800.5211500000078
3058,2964.671538000004,2964.671538000004
3059,3267.0533040000037,3267.0533040000037
3060,3467.2258680000073,3467.2258680000073
3061,3623.2100100000107,3623.2100100000107
3062,3850.9687500000123,3850.9687500000123
3063,3761.6080740000116,3761.6080740000116
3064,3422.8572660000073,3422.8572660000073
3065,3428.0708460000046,3428.0708460000046
3066,3570.2153640000106,3570.2153640000106
3067,3842.0547660000175,3842.0547660000175
3068,4282.616184000022,4282.616184000022
3069,4309.667040000024,4309.667040000024
3070,4070.483844000019,4070.483844000019
3071,3631.0507620000158,3631.0507620000158
3072,2786.929710000011,2786.929710000011
3073,2121.612090000006,2121.612090000006
3074,1972.5614400000034,1972.5614400000034
3075,1974.528084000003,1974.528084000003
3076,2056.4177340000033,2056.4177340000033
3077,2171.328690000005,2171.328690000005
3078,2230.5922200000036,2230.5922200000036
3079,2428.6496640000073,2428.6496640000073
3080,2766.4440600000084,2766.4440600000084
3081,2841.707658000009,2841.707658000009
3082,3025.1275620000056,3025.1275620000056
3083,3245.4594000000043,3245.4594000000043
3084,3400.343760000006,3400.343760000006
3085,3826.2276360000105,3826.2276360000105
3086,3922.5172380000117,3922.5172380000117
3087,3789.5506500000097,3789.5506500000097
3088,3503.344806000006,3503.344806000006
3089,3526.0679700000055,3526.0679700000055
3090,3583.67744400001,3583.67744400001
3091,3883.318326000014,3883.318326000014
3092,4436.311362000022,4436.311362000022
3093,4237.438200000019,4237.438200000019
3094,4012.28252400002,4012.28252400002
3095,3511.6371660000177,3511.6371660000177
3096,2715.725190000012,2715.725190000012
3097,2012.6149980000052,2012.6149980000052
3098,1966.8409680000027,1966.8409680000027
3099,2002.8520980000053,2002.8520980000053
3100,2046.5332620000036,2046.5332620000036
3101,2006.0707620000032,2006.0707620000032
3102,2014.123068000003,2014.123068000003
3103,2303.1449580000058,2303.1449580000058
3104,2595.507072000008,2595.507072000008
3105,2859.224532000006,2859.224532000006
3106,2996.1601680000053,2996.1601680000053
3107,3278.4118260000027,3278.4118260000027
3108,3482.8576140000064,3482.8576140000064
3109,3784.2015780000106,3784.2015780000106
3110,3935.130774000012,3935.130774000012
3111,3820.7663940000093,3820.7663940000093
3112,3590.800494000007,3590.800494000007
3113,3475.2563100000048,3475.2563100000048
3114,3665.2758660000104,3665.2758660000104
3115,4048.0001220000167,4048.0001220000167
3116,4329.709812000022,4329.709812000022
3117,4320.762864000023,4320.762864000023
3118,3877.612386000019,3877.612386000019
3119,3418.6917660000163,3418.6917660000163
3120,2619.6433200000124,2619.6433200000124
3121,2018.8136880000063,2018.8136880000063
3122,1966.3527000000036,1966.3527000000036
3123,2038.4122140000038,2038.4122140000038
3124,2015.1913740000025,2015.1913740000025
3125,2049.515946000004,2049.515946000004
3126,2125.5318060000036,2125.5318060000036
3127,2300.781534000006,2300.781534000006
3128,2683.7183460000083,2683.7183460000083
3129,2835.9450120000083,2835.9450120000083
3130,3087.900456000006,3087.900456000006
3131,3303.8225040000034,3303.8225040000034
3132,3428.6902140000075,3428.6902140000075
3133,3663.007014000013,3663.007014000013
3134,3937.017048000015,3937.017048000015
3135,3713.079498000012,3713.079498000012
3136,3643.5641880000057,3643.5641880000057
3137,3560.0929320000064,3560.0929320000064
3138,3580.9716300000114,3580.9716300000114
3139,4026.946992000019,4026.946992000019
3140,4397.206272000023,4397.206272000023
3141,3882.423456000025,3882.423456000025
3142,3988.016496000018,3988.016496000018
3143,3663.1370040000156,3663.1370040000156
3144,2849.0671440000124,2849.0671440000124
3145,2070.5514540000063,2070.5514540000063
3146,1951.987662000003,1951.987662000003
3147,2012.9699280000038,2012.9699280000038
3148,2048.356686000003,2048.356686000003
3149,2074.8054360000033,2074.8054360000033
3150,2177.196438000004,2177.196438000004
3151,2402.337504000006,2402.337504000006
3152,2720.0329140000076,2720.0329140000076
3153,2885.429142000008,2885.429142000008
3154,2985.4014480000046,2985.4014480000046
3155,3269.5608660000025,3269.5608660000025
3156,3318.090066000007,3318.090066000007
3157,3656.0586060000105,3656.0586060000105
3158,3879.5977140000114,3879.5977140000114
3159,3908.4215520000093,3908.4215520000093
3160,3583.9813680000047,3583.9813680000047
3161,3420.231150000006,3420.231150000006
3162,3612.406884000012,3612.406884000012
3163,3874.204116000014,3874.204116000014
3164,4058.462532000024,4058.462532000024
3165,4127.40417000002,4127.40417000002
3166,4125.335034000021,4125.335034000021
3167,3788.6382120000167,3788.6382120000167
3168,2763.957570000012,2763.957570000012
3169,2103.9783780000075,2103.9783780000075
3170,1972.8868680000044,1972.8868680000044
3171,2001.619656000003,2001.619656000003
3172,2041.3214820000055,2041.3214820000055
3173,2126.5267080000035,2126.5267080000035
3174,2272.9493760000037,2272.9493760000037
3175,2400.4623120000065,2400.4623120000065
3176,2686.588104000007,2686.588104000007
3177,2922.1071000000093,2922.1071000000093
3178,3000.803790000005,3000.803790000005
3179,3222.1016400000044,3222.1016400000044
3180,3431.5747560000063,3431.5747560000063
3181,3694.0050660000097,3694.0050660000097
3182,3985.8477960000096,3985.8477960000096
3183,3841.394280000008,3841.394280000008
3184,3549.918300000007,3549.918300000007
3185,3506.375004000005,3506.375004000005
3186,3624.709590000011,3624.709590000011
3187,3953.459322000018,3953.459322000018
3188,4381.082550000021,4381.082550000021
3189,4064.8330320000227,4064.8330320000227
3190,4126.584354000019,4126.584354000019
3191,3572.461122000016,3572.461122000016
3192,2705.4805020000126,2705.4805020000126
3193,1978.3975440000058,1978.3975440000058
3194,1816.2091080000037,1816.2091080000037
3195,1970.904990000004,1970.904990000004
3196,1990.583112000003,1990.583112000003
3197,2059.1506140000033,2059.1506140000033
3198,2155.4219460000045,2155.4219460000045
3199,2302.965666000006,2302.965666000006
3200,2772.6995280000074,2772.6995280000074
3201,2820.8157840000076,2820.8157840000076
3202,3008.5450260000052,3008.5450260000052
3203,3223.2889920000052,3223.2889920000052
3204,3419.1449760000082,3419.1449760000082
3205,3666.209706000007,3666.209706000007
3206,3903.436806000012,3903.436806000012
3207,3672.971124000012,3672.971124000012
3208,3361.1095560000076,3361.1095560000076
3209,3492.8550720000067,3492.8550720000067
3210,3631.146654000013,3631.146654000013
3211,4017.2308560000142,4017.2308560000142
3212,4198.6563240000205,4198.6563240000205
3213,4150.4472840000235,4150.4472840000235
3214,3935.176494000019,3935.176494000019
3215,3626.7181440000154,3626.7181440000154
3216,2596.3968840000125,2596.3968840000125
3217,1844.0892360000057,1844.0892360000057
3218,1893.062196000004,1893.062196000004
3219,1923.0469980000025,1923.0469980000025
3220,1922.8898400000032,1922.8898400000032
3221,1999.7878860000046,1999.7878860000046
3222,2094.4042920000034,2094.4042920000034
3223,2262.2121180000067,2262.2121180000067
3224,2620.1029140000087,2620.1029140000087
3225,2707.111350000008,2707.111350000008
3226,2867.2152480000054,2867.2152480000054
3227,3173.506980000004,3173.506980000004
3228,3394.499790000007,3394.499790000007
3229,3760.2497280000093,3760.2497280000093
3230,4025.4414660000107,4025.4414660000107
3231,3789.670464000011,3789.670464000011
3232,3529.644606000007,3529.644606000007
3233,3488.2081500000063,3488.2081500000063
3234,3643.908594000008,3643.908594000008
3235,3933.6764220000146,3933.6764220000146
3236,4408.961412000021,4408.961412000021
3237,4165.015398000022,4165.015398000022
3238,3973.9534620000195,3973.9534620000195
3239,3288.418668000017,3288.418668000017
3240,2511.7620120000133,2511.7620120000133
3241,1966.1708520000054,1966.1708520000054
3242,1920.3206520000037,1920.3206520000037
3243,1977.4922220000021,1977.4922220000021
3244,2010.8817840000038,2010.8817840000038
3245,2052.785802000003,2052.785802000003
3246,2197.920978000003,2197.920978000003
3247,2384.840964000006,2384.840964000006
3248,2823.061140000008,2823.061140000008
3249,2982.235182000008,2982.235182000008
3250,2944.986906000006,2944.986906000006
3251,3268.288644000004,3268.288644000004
3252,3350.101110000006,3350.101110000006
3253,3727.401414000008,3727.401414000008
3254,3932.355108000013,3932.355108000013
3255,3725.7716400000118,3725.7716400000118
3256,3517.254888000006,3517.254888000006
3257,3368.9812740000075,3368.9812740000075
3258,3660.8448180000096,3660.8448180000096
3259,3968.300898000018,3968.300898000018
3260,4253.949204000019,4253.949204000019
3261,4223.927688000019,4223.927688000019
3262,3870.9322080000193,3870.9322080000193
3263,3396.573486000018,3396.573486000018
3264,2692.192944000012,2692.192944000012
3265,1944.739698000006,1944.739698000006
3266,1881.187632000004,1881.187632000004
3267,1899.0007500000033,1899.0007500000033
3268,1926.4260600000046,1926.4260600000046
3269,2092.9086420000035,2092.9086420000035
3270,2165.9116920000038,2165.9116920000038
3271,2267.5072680000058,2267.5072680000058
3272,2814.142140000008,2814.142140000008
3273,2900.526360000009,2900.526360000009
3274,3009.169848000005,3009.169848000005
3275,3253.4265780000055,3253.4265780000055
3276,3430.646124000008,3430.646124000008
3277,3636.753546000013,3636.753546000013
3278,3876.022830000013,3876.022830000013
3279,3849.963114000009,3849.963114000009
3280,3539.403180000006,3539.403180000006
3281,3467.971446000004,3467.971446000004
3282,3566.4211560000117,3566.4211560000117
3283,3957.7721280000155,3957.7721280000155
3284,4528.74709200002,4528.74709200002
3285,4226.947302000024,4226.947302000024
3286,4099.834254000017,4099.834254000017
3287,3504.7639800000156,3504.7639800000156
3288,2545.0132140000114,2545.0132140000114
3289,2046.708990000006,2046.708990000006
3290,1886.3120340000025,1886.3120340000025
3291,1994.8987800000045,1994.8987800000045
3292,1996.589736000003,1996.589736000003
3293,2153.1361740000043,2153.1361740000043
3294,2142.661920000004,2142.661920000004
3295,2453.782098000006,2453.782098000006
3296,2774.9989860000096,2774.9989860000096
3297,2983.2044820000083,2983.2044820000083
3298,3000.4268700000043,3000.4268700000043
3299,3138.8890140000053,3138.8890140000053
3300,3351.8552640000084,3351.8552640000084
3301,3668.2276020000086,3668.2276020000086
3302,3862.029540000009,3862.029540000009
3303,3647.6085360000097,3647.6085360000097
3304,3465.9426480000066,3465.9426480000066
3305,3455.335644000006,3455.335644000006
3306,3563.7603900000117,3563.7603900000117
3307,4153.873536000018,4153.873536000018
3308,4180.438206000022,4180.438206000022
3309,4069.5287880000205,4069.5287880000205
3310,4384.993056000019,4384.993056000019
3311,3661.4171700000174,3661.4171700000174
3312,2691.1828860000123,2691.1828860000123
3313,1886.501766000005,1886.501766000005
3314,1815.2771820000044,1815.2771820000044
3315,1960.3252080000034,1960.3252080000034
3316,1993.3988580000034,1993.3988580000034
3317,2084.5927800000045,2084.5927800000045
3318,2170.958136000004,2170.958136000004
3319,2347.1256540000063,2347.1256540000063
3320,2731.7785140000083,2731.7785140000083
3321,2901.398436000007,2901.398436000007
3322,3006.877626000006,3006.877626000006
3323,3207.5473920000036,3207.5473920000036
3324,3276.6310560000056,3276.6310560000056
3325,3661.9130040000086,3661.9130040000086
3326,3965.2158780000104,3965.2158780000104
3327,3754.3309380000105,3754.3309380000105
3328,3559.5133020000058,3559.5133020000058
3329,3516.2386680000063,3516.2386680000063
3330,3695.4883260000106,3695.4883260000106
3331,4014.1730160000147,4014.1730160000147
3332,4192.832988000021,4192.832988000021
3333,4042.2562800000187,4042.2562800000187
3334,3822.738966000018,3822.738966000018
3335,3471.3918720000156,3471.3918720000156
3336,2645.60665800001,2645.60665800001
3337,1963.331826000005,1963.331826000005
3338,1913.678526000004,1913.678526000004
3339,1978.8730620000033,1978.8730620000033
3340,2024.5699740000032,2024.5699740000032
3341,2037.1141980000039,2037.1141980000039
3342,2062.0995000000044,2062.0995000000044
3343,2309.2395840000077,2309.2395840000077
3344,2735.1403020000084,2735.1403020000084
3345,2929.890006000008,2929.890006000008
3346,3057.8607240000056,3057.8607240000056
3347,3322.416474000004,3322.416474000004
3348,3436.8901860000065,3436.8901860000065
3349,3759.4132200000104,3759.4132200000104
3350,3982.5297420000115,3982.5297420000115
3351,3874.342860000007,3874.342860000007
3352,3546.843150000005,3546.843150000005
3353,3541.9313160000024,3541.9313160000024
3354,3692.4132300000088,3692.4132300000088
3355,3946.2878220000152,3946.2878220000152
3356,4341.165510000021,4341.165510000021
3357,3952.4765700000203,3952.4765700000203
3358,3974.882826000013,3974.882826000013
3359,3635.9943180000155,3635.9943180000155
3360,2492.4918360000115,2492.4918360000115
3361,2019.9239700000046,2019.9239700000046
3362,1994.167116000003,1994.167116000003
3363,2014.0796520000026,2014.0796520000026
3364,2068.7460780000038,2068.7460780000038
3365,2168.4833700000045,2168.4833700000045
3366,2324.975298000004,2324.975298000004
3367,2441.6005620000055,2441.6005620000055
3368,2789.7312780000075,2789.7312780000075
3369,2870.8858920000075,2870.8858920000075
3370,2943.6143340000044,2943.6143340000044
3371,3210.871254000003,3210.871254000003
3372,3401.7243000000067,3401.7243000000067
3373,3641.055714000011,3641.055714000011
3374,3994.4126700000106,3994.4126700000106
3375,3724.568064000007,3724.568064000007
3376,3521.433996000007,3521.433996000007
3377,3404.676024000006,3404.676024000006
3378,3631.1482080000105,3631.1482080000105
3379,3984.7380240000166,3984.7380240000166
3380,4228.236168000019,4228.236168000019
3381,4328.919624000024,4328.919624000024
3382,4279.159248000019,4279.159248000019
3383,3704.674434000016,3704.674434000016
3384,2721.8633820000127,2721.8633820000127
3385,1962.0970920000057,1962.0970920000057
3386,1959.3321600000045,1959.3321600000045
3387,1945.5556800000045,1945.5556800000045
3388,2044.4172840000035,2044.4172840000035
3389,2056.549218000004,2056.549218000004
3390,2107.832526000004,2107.832526000004
3391,2348.2398060000064,2348.2398060000064
3392,2700.505962000008,2700.505962000008
3393,2890.8292680000072,2890.8292680000072
3394,3010.7767200000044,3010.7767200000044
3395,3208.314756000004,3208.314756000004
3396,3398.7355740000066,3398.7355740000066
3397,3754.414176000008,3754.414176000008
3398,4119.725052000014,4119.725052000014
3399,3828.7689660000106,3828.7689660000106
3400,3455.2722840000065,3455.2722840000065
3401,3392.4364260000057,3392.4364260000057
3402,3554.752896000011,3554.752896000011
3403,3971.302620000015,3971.302620000015
3404,4351.82995200002,4351.82995200002
3405,4034.5979940000216,4034.5979940000216
3406,4035.6157980000203,4035.6157980000203
3407,3586.207974000018,3586.207974000018
3408,2727.017232000012,2727.017232000012
3409,2128.908792000007,2128.908792000007
3410,1953.8606040000045,1953.8606040000045
3411,2024.5334340000043,2024.5334340000043
3412,2047.9174980000034,2047.9174980000034
3413,2142.1942800000043,2142.1942800000043
3414,2234.245638000004,2234.245638000004
3415,2442.0886560000063,2442.0886560000063
3416,2852.059476000008,2852.059476000008
3417,2991.2790780000073,2991.2790780000073
3418,3200.7943440000045,3200.7943440000045
3419,3304.8230100000055,3304.8230100000055
3420,3455.542836000006,3455.542836000006
3421,3583.67215200001,3583.67215200001
3422,3914.635902000015,3914.635902000015
3423,3770.3071680000085,3770.3071680000085
3424,3514.2718140000065,3514.2718140000065
3425,3458.6963040000046,3458.6963040000046
3426,3688.0110120000095,3688.0110120000095
3427,3979.9431360000176,3979.9431360000176
3428,4339.1319840000215,4339.1319840000215
3429,4222.112076000021,4222.112076000021
3430,3952.279656000018,3952.279656000018
3431,3666.5026440000156,3666.5026440000156
3432,2803.359990000012,2803.359990000012
3433,2057.668962000006,2057.668962000006
3434,2001.883620000003,2001.883620000003
3435,2002.8075360000037,2002.8075360000037
3436,2067.2041260000046,2067.2041260000046
3437,2180.4943560000042,2180.4943560000042
3438,2274.8583780000035,2274.8583780000035
3439,2417.835522000005,2417.835522000005
3440,2754.8260320000077,2754.8260320000077
3441,2847.4883820000073,2847.4883820000073
3442,2994.574548000005,2994.574548000005
3443,3239.765880000004,3239.765880000004
3444,3454.866576000007,3454.866576000007
3445,3656.700636000008,3656.700636000008
3446,3989.8298400000153,3989.8298400000153
3447,3823.3674600000086,3823.3674600000086
3448,3555.681846000006,3555.681846000006
3449,3508.878150000006,3508.878150000006
3450,3702.3972000000117,3702.3972000000117
3451,4069.6859340000146,4069.6859340000146
3452,4393.319784000018,4393.319784000018
3453,4148.088024000024,4148.088024000024
3454,3932.9969160000205,3932.9969160000205
3455,3600.065436000016,3600.065436000016
3456,2616.3870060000113,2616.3870060000113
3457,2002.5601440000062,2002.5601440000062
3458,1988.7863160000043,1988.7863160000043
3459,1928.3175360000037,1928.3175360000037
3460,1989.2998380000045,1989.2998380000045
3461,2092.217580000003,2092.217580000003
3462,2191.1607180000037,2191.1607180000037
3463,2237.3193720000054,2237.3193720000054
3464,2669.1252300000074,2669.1252300000074
3465,2848.8052440000065,2848.8052440000065
3466,2961.021108000004,2961.021108000004
3467,3210.9893280000033,3210.9893280000033
3468,3360.3552240000067,3360.3552240000067
3469,3675.8951880000122,3675.8951880000122
3470,3930.4123020000106,3930.4123020000106
3471,3745.8175860000106,3745.8175860000106
3472,3531.8848560000074,3531.8848560000074
3473,3446.298174000006,3446.298174000006
3474,3597.32959800001,3597.32959800001
3475,3946.640634000014,3946.640634000014
3476,4268.26129800002,4268.26129800002
3477,4268.871126000022,4268.871126000022
3478,4243.300980000019,4243.300980000019
3479,3647.229012000018,3647.229012000018
3480,2795.610048000013,2795.610048000013
3481,1989.5221740000056,1989.5221740000056
3482,2019.3506160000031,2019.3506160000031
3483,1968.5653620000035,1968.5653620000035
3484,2019.3121620000034,2019.3121620000034
3485,2154.2936880000034,2154.2936880000034
3486,2126.9228040000044,2126.9228040000044
3487,2423.521728000005,2423.521728000005
3488,2784.6503340000077,2784.6503340000077
3489,2837.1000780000077,2837.1000780000077
3490,3003.480366000006,3003.480366000006
3491,3260.1948960000027,3260.1948960000027
3492,3395.846196000006,3395.846196000006
3493,3687.2494380000107,3687.2494380000107
3494,3920.465868000012,3920.465868000012
3495,3793.022052000008,3793.022052000008
3496,3523.2176160000067,3523.2176160000067
3497,3517.660476000007,3517.660476000007
3498,3703.4408460000095,3703.4408460000095
3499,4077.702372000013,4077.702372000013
3500,4402.249740000021,4402.249740000021
3501,4092.4122360000224,4092.4122360000224
3502,3932.13957600002,3932.13957600002
3503,3445.3687620000155,3445.3687620000155
3504,2779.024758000014,2779.024758000014
3505,2079.7322940000063,2079.7322940000063
3506,1891.063140000004,1891.063140000004
3507,1938.1928340000043,1938.1928340000043
3508,2051.4549060000036,2051.4549060000036
3509,2097.032064000004,2097.032064000004
3510,2189.6955360000047,2189.6955360000047
3511,2309.915694000006,2309.915694000006
3512,2657.9497560000073,2657.9497560000073
3513,2773.0827600000075,2773.0827600000075
3514,2970.1987920000056,2970.1987920000056
3515,3188.496756000003,3188.496756000003
3516,3354.1482720000063,3354.1482720000063
3517,3843.1319040000108,3843.1319040000108
3518,4028.205792000013,4028.205792000013
3519,3691.29210600001,3691.29210600001
3520,3584.4564540000065,3584.4564540000065
3521,3528.0608580000057,3528.0608580000057
3522,3645.522708000008,3645.522708000008
3523,3884.2747620000155,3884.2747620000155
3524,4298.988528000022,4298.988528000022
3525,4215.61399800002,4215.61399800002
3526,3959.133648000019,3959.133648000019
3527,3628.960596000014,3628.960596000014
3528,2688.7406280000127,2688.7406280000127
3529,2247.4737480000063,2247.4737480000063
3530,2039.048406000003,2039.048406000003
3531,1993.530000000002,1993.530000000002
3532,2087.201856000004,2087.201856000004
3533,2191.614924000004,2191.614924000004
3534,2196.542322000003,2196.542322000003
3535,2306.6104140000057,2306.6104140000057
3536,2685.7013640000087,2685.7013640000087
3537,2932.196670000008,2932.196670000008
3538,2982.976038000004,2982.976038000004
3539,3217.9849260000033,3217.9849260000033
3540,3348.097044000007,3348.097044000007
3541,3621.4771920000085,3621.4771920000085
3542,3978.505830000013,3978.505830000013
3543,3718.4896440000107,3718.4896440000107
3544,3479.625312000005,3479.625312000005
3545,3425.778780000008,3425.778780000008
3546,3586.3581960000106,3586.3581960000106
3547,3904.477194000017,3904.477194000017
3548,4333.9843680000195,4333.9843680000195
3549,4193.103018000021,4193.103018000021
3550,3884.463936000018,3884.463936000018
3551,3789.908820000018,3789.908820000018
3552,2747.4676440000126,2747.4676440000126
3553,2187.2881380000063,2187.2881380000063
3554,2014.391532000003,2014.391532000003
3555,2031.8683620000043,2031.8683620000043
3556,2082.323568000003,2082.323568000003
3557,2130.6251700000034,2130.6251700000034
3558,2182.525674000004,2182.525674000004
3559,2429.9913960000063,2429.9913960000063
3560,2737.557750000009,2737.557750000009
3561,2874.221124000007,2874.221124000007
3562,3008.0587440000045,3008.0587440000045
3563,3293.7422520000046,3293.7422520000046
3564,3319.930518000006,3319.930518000006
3565,3623.4102060000105,3623.4102060000105
3566,3933.868434000012,3933.868434000012
3567,3705.214686000008,3705.214686000008
3568,3428.5778340000074,3428.5778340000074
3569,3402.013794000006,3402.013794000006
3570,3534.04227000001,3534.04227000001
3571,3895.978674000017,3895.978674000017
3572,4273.239912000019,4273.239912000019
3573,4248.265302000022,4248.265302000022
3574,4163.74962000002,4163.74962000002
3575,3700.3378620000167,3700.3378620000167
3576,2761.437084000013,2761.437084000013
3577,2011.9795740000056,2011.9795740000056
3578,1950.2951640000042,1950.2951640000042
3579,1980.2946540000041,1980.2946540000041
3580,2059.074810000004,2059.074810000004
3581,2180.2268460000037,2180.2268460000037
3582,2312.7201540000037,2312.7201540000037
3583,2444.2056120000066,2444.2056120000066
3584,2670.7962120000075,2670.7962120000075
3585,2821.114764000008,2821.114764000008
3586,2996.593980000005,2996.593980000005
3587,3261.9719880000043,3261.9719880000043
3588,3367.3029180000053,3367.3029180000053
3589,3715.2607980000093,3715.2607980000093
3590,3904.1753280000116,3904.1753280000116
3591,3738.6655920000107,3738.6655920000107
3592,3482.0927340000067,3482.0927340000067
3593,3477.251502000005,3477.251502000005
3594,3745.619694000011,3745.619694000011
3595,4142.289864000017,4142.289864000017
3596,4416.851478000024,4416.851478000024
3597,4041.4193520000194,4041.4193520000194
3598,4096.346442000019,4096.346442000019
3599,3600.1856640000165,3600.1856640000165
3600,2705.5645740000155,2705.5645740000155
3601,1994.1299160000058,1994.1299160000058
3602,1955.9903100000045,1955.9903100000045
3603,2077.070094000004,2077.070094000004
3604,2036.7544740000023,2036.7544740000023
3605,2183.0161140000027,2183.0161140000027
3606,2240.791692000003,2240.791692000003
3607,2353.0376820000065,2353.0376820000065
3608,2710.896108000009,2710.896108000009
3609,2826.4872480000067,2826.4872480000067
3610,3139.0610940000056,3139.0610940000056
3611,3283.109166000004,3283.109166000004
3612,3477.0554940000065,3477.0554940000065
3613,3769.9934100000078,3769.9934100000078
3614,4016.0013720000115,4016.0013720000115
3615,3751.174644000008,3751.174644000008
3616,3635.720610000005,3635.720610000005
3617,3542.526630000006,3542.526630000006
3618,3660.989298000008,3660.989298000008
3619,3881.982414000017,3881.982414000017
3620,4365.031446000022,4365.031446000022
3621,3936.2821320000203,3936.2821320000203
3622,4064.41713000002,4064.41713000002
3623,3571.611936000016,3571.611936000016
3624,2739.7445940000134,2739.7445940000134
3625,1995.9362820000056,1995.9362820000056
3626,1973.0430480000055,1973.0430480000055
3627,1909.663470000003,1909.663470000003
3628,2013.2932620000029,2013.2932620000029
3629,2100.2709480000053,2100.2709480000053
3630,2138.4627360000045,2138.4627360000045
3631,2421.7627080000075,2421.7627080000075
3632,2761.607622000008,2761.607622000008
3633,2872.8903120000077,2872.8903120000077
3634,3071.2750680000063,3071.2750680000063
3635,3292.8113940000026,3292.8113940000026
3636,3394.1958960000075,3394.1958960000075
3637,3728.4544200000096,3728.4544200000096
3638,3994.503564000013,3994.503564000013
3639,3824.7152220000103,3824.7152220000103
3640,3561.3414600000065,3561.3414600000065
3641,3588.8451960000066,3588.8451960000066
3642,3814.5888240000118,3814.5888240000118
3643,4058.183610000018,4058.183610000018
3644,4474.199172000023,4474.199172000023
3645,4069.2897480000242,4069.2897480000242
3646,3967.01085000002,3967.01085000002
3647,3624.2872620000153,3624.2872620000153
3648,2664.662562000012,2664.662562000012
3649,2100.569988000005,2100.569988000005
3650,2034.9792600000033,2034.9792600000033
3651,2054.482734000003,2054.482734000003
3652,2204.531412000003,2204.531412000003
3653,2227.278138000003,2227.278138000003
3654,2287.7836380000044,2287.7836380000044
3655,2444.1858360000056,2444.1858360000056
3656,2812.8167640000083,2812.8167640000083
3657,2890.252644000007,2890.252644000007
3658,3099.486276000005,3099.486276000005
3659,3242.4416220000035,3242.4416220000035
3660,3372.774594000005,3372.774594000005
3661,3729.792048000012,3729.792048000012
3662,3911.471622000014,3911.471622000014
3663,3764.15182200001,3764.15182200001
3664,3497.4512160000068,3497.4512160000068
3665,3509.8707960000074,3509.8707960000074
3666,3670.4153940000115,3670.4153940000115
3667,4025.1164640000156,4025.1164640000156
3668,4168.462524000022,4168.462524000022
3669,4332.663222000022,4332.663222000022
3670,4303.184802000016,4303.184802000016
3671,3495.351540000018,3495.351540000018
3672,2790.201750000012,2790.201750000012
3673,2150.8144200000065,2150.8144200000065
3674,2007.9677220000028,2007.9677220000028
3675,2068.1596920000043,2068.1596920000043
3676,2008.2767400000039,2008.2767400000039
3677,2128.935702000005,2128.935702000005
3678,2274.2702580000037,2274.2702580000037
3679,2459.7378780000067,2459.7378780000067
3680,2734.108008000009,2734.108008000009
3681,2835.628710000008,2835.628710000008
3682,3088.764318000004,3088.764318000004
3683,3339.761418000004,3339.761418000004
3684,3388.652352000006,3388.652352000006
3685,3766.1782620000095,3766.1782620000095
3686,4080.634116000012,4080.634116000012
3687,3839.2012020000097,3839.2012020000097
3688,3625.706064000006,3625.706064000006
3689,3471.5776560000063,3471.5776560000063
3690,3607.414530000012,3607.414530000012
3691,3977.598774000017,3977.598774000017
3692,4320.808164000021,4320.808164000021
3693,4250.785092000019,4250.785092000019
3694,4151.290440000021,4151.290440000021
3695,3584.0376840000163,3584.0376840000163
3696,2819.2343820000124,2819.2343820000124
3697,1984.2113940000056,1984.2113940000056
3698,2021.599332000003,2021.599332000003
3699,1955.2333860000028,1955.2333860000028
3700,2066.3353200000042,2066.3353200000042
3701,2122.6216680000043,2122.6216680000043
3702,2293.050912000004,2293.050912000004
3703,2402.5338180000062,2402.5338180000062
3704,2751.735816000008,2751.735816000008
3705,2857.024470000008,2857.024470000008
3706,3037.8184800000063,3037.8184800000063
3707,3211.028058000003,3211.028058000003
3708,3360.3316560000058,3360.3316560000058
3709,3862.018248000008,3862.018248000008
3710,4024.2198000000135,4024.2198000000135
3711,3859.1852280000116,3859.1852280000116
3712,3556.120638000006,3556.120638000006
3713,3491.0420760000056,3491.0420760000056
3714,3558.0176280000087,3558.0176280000087
3715,3785.2630320000167,3785.2630320000167
3716,4124.411088000019,4124.411088000019
3717,4081.6874040000193,4081.6874040000193
3718,3883.3756440000193,3883.3756440000193
3719,3476.2175700000153,3476.2175700000153
3720,2867.584500000011,2867.584500000011
3721,2220.774240000007,2220.774240000007
3722,1941.4221300000038,1941.4221300000038
3723,2020.5253680000033,2020.5253680000033
3724,2001.2582880000032,2001.2582880000032
3725,2104.931424000002,2104.931424000002
3726,2240.5503180000032,2240.5503180000032
3727,2333.276976000006,2333.276976000006
3728,2768.528280000009,2768.528280000009
3729,2882.5711260000057,2882.5711260000057
3730,3010.183080000005,3010.183080000005
3731,3293.7715320000025,3293.7715320000025
3732,3412.349874000007,3412.349874000007
3733,3839.8534560000107,3839.8534560000107
3734,3985.389138000013,3985.389138000013
3735,3845.5101360000067,3845.5101360000067
3736,3491.7604080000074,3491.7604080000074
3737,3494.8838640000063,3494.8838640000063
3738,3656.858748000012,3656.858748000012
3739,4036.477020000019,4036.477020000019
3740,3971.011314000024,3971.011314000024
3741,4263.719808000021,4263.719808000021
3742,3851.141208000019,3851.141208000019
3743,3497.023542000016,3497.023542000016
3744,2744.8907880000124,2744.8907880000124
3745,2035.5831540000058,2035.5831540000058
3746,2011.3518600000034,2011.3518600000034
3747,2013.3071220000036,2013.3071220000036
3748,2148.1083300000037,2148.1083300000037
3749,2204.0463120000036,2204.0463120000036
3750,2264.9523900000027,2264.9523900000027
3751,2359.262526000007,2359.262526000007
3752,2772.4096140000083,2772.4096140000083
3753,2915.6334060000063,2915.6334060000063
3754,3071.8365780000036,3071.8365780000036
3755,3201.253194000004,3201.253194000004
3756,3454.919682000006,3454.919682000006
3757,3740.3176380000123,3740.3176380000123
3758,3869.7557820000084,3869.7557820000084
3759,3762.157938000008,3762.157938000008
3760,3541.942392000005,3541.942392000005
3761,3444.5631600000074,3444.5631600000074
3762,3624.451392000009,3624.451392000009
3763,3979.767306000017,3979.767306000017
3764,4377.93758400002,4377.93758400002
3765,4249.950534000021,4249.950534000021
3766,4131.173106000018,4131.173106000018
3767,3499.774212000016,3499.774212000016
3768,2669.9290020000117,2669.9290020000117
3769,2072.5985400000063,2072.5985400000063
3770,1927.573098000004,1927.573098000004
3771,1932.3779760000039,1932.3779760000039
3772,2045.013804000004,2045.013804000004
3773,2090.4702240000042,2090.4702240000042
3774,2113.818750000005,2113.818750000005
3775,2314.328502000006,2314.328502000006
3776,2559.2612940000085,2559.2612940000085
3777,2784.8628180000073,2784.8628180000073
3778,2965.5551880000053,2965.5551880000053
3779,3150.474606000004,3150.474606000004
3780,3380.9732640000075,3380.9732640000075
3781,3670.015680000011,3670.015680000011
3782,3919.0019700000134,3919.0019700000134
3783,3849.6015780000084,3849.6015780000084
3784,3391.175952000007,3391.175952000007
3785,3453.3371880000054,3453.3371880000054
3786,3556.6839720000116,3556.6839720000116
3787,3854.552436000014,3854.552436000014
3788,4141.114404000023,4141.114404000023
3789,4090.9802340000238,4090.9802340000238
3790,4115.601144000021,4115.601144000021
3791,3596.072484000017,3596.072484000017
3792,2758.0607280000136,2758.0607280000136
3793,2233.3386780000055,2233.3386780000055
3794,1941.3140400000034,1941.3140400000034
3795,2119.0401360000046,2119.0401360000046
3796,2141.4053520000048,2141.4053520000048
3797,2100.0236100000025,2100.0236100000025
3798,2316.684402000004,2316.684402000004
3799,2406.079374000005,2406.079374000005
3800,2650.894560000007,2650.894560000007
3801,2779.837386000008,2779.837386000008
3802,2993.2870920000064,2993.2870920000064
3803,3204.791868000004,3204.791868000004
3804,3351.5042760000065,3351.5042760000065
3805,3685.1026440000096,3685.1026440000096
3806,4157.476668000011,4157.476668000011
3807,3834.666630000011,3834.666630000011
3808,3553.9680180000073,3553.9680180000073
3809,3494.9577120000035,3494.9577120000035
3810,3600.3878040000095,3600.3878040000095
3811,3802.076052000016,3802.076052000016
3812,4071.6335460000205,4071.6335460000205
3813,3956.5119360000203,3956.5119360000203
3814,4053.561018000019,4053.561018000019
3815,3538.984746000015,3538.984746000015
3816,2923.7931180000114,2923.7931180000114
3817,2214.8092680000073,2214.8092680000073
3818,1982.2860060000037,1982.2860060000037
3819,2134.7443500000036,2134.7443500000036
3820,2113.3006800000026,2113.3006800000026
3821,2200.7866800000047,2200.7866800000047
3822,2331.2943240000036,2331.2943240000036
3823,2453.0984220000055,2453.0984220000055
3824,2710.3932360000085,2710.3932360000085
3825,2905.0654860000077,2905.0654860000077
3826,3041.147868000005,3041.147868000005
3827,3220.582608000003,3220.582608000003
3828,3336.8649660000065,3336.8649660000065
3829,3559.6912320000106,3559.6912320000106
3830,3865.9052940000156,3865.9052940000156
3831,3686.806896000012,3686.806896000012
3832,3532.012188000007,3532.012188000007
3833,3394.596540000007,3394.596540000007
3834,3671.873418000013,3671.873418000013
3835,3989.660802000019,3989.660802000019
3836,4187.579676000019,4187.579676000019
3837,4224.961956000024,4224.961956000024
3838,4083.42862200002,4083.42862200002
3839,3720.868620000015,3720.868620000015
3840,2949.6029160000144,2949.6029160000144
3841,1964.383266000006,1964.383266000006
3842,1968.7457700000043,1968.7457700000043
3843,2112.8806680000034,2112.8806680000034
3844,2085.2689020000025,2085.2689020000025
3845,2147.0463960000034,2147.0463960000034
3846,2256.7155420000045,2256.7155420000045
3847,2330.7124620000054,2330.7124620000054
3848,2655.4928820000096,2655.4928820000096
3849,2771.5254360000076,2771.5254360000076
3850,2927.915700000005,2927.915700000005
3851,3152.1426300000044,3152.1426300000044
3852,3383.4364140000057,3383.4364140000057
3853,3719.518866000011,3719.518866000011
3854,4035.9023220000095,4035.9023220000095
3855,3859.6158840000094,3859.6158840000094
3856,3543.6880680000068,3543.6880680000068
3857,3451.2608040000064,3451.2608040000064
3858,3559.1458500000085,3559.1458500000085
3859,3837.7824300000143,3837.7824300000143
3860,4269.652134000019,4269.652134000019
3861,4207.513128000022,4207.513128000022
3862,4024.6307820000175,4024.6307820000175
3863,3350.5669080000143,3350.5669080000143
3864,2787.8091540000128,2787.8091540000128
3865,2291.7538140000056,2291.7538140000056
3866,1989.3183720000034,1989.3183720000034
3867,2050.930656000003,2050.930656000003
3868,2060.975100000004,2060.975100000004
3869,2107.829970000002,2107.829970000002
3870,2282.876190000004,2282.876190000004
3871,2340.804270000005,2340.804270000005
3872,2697.768942000006,2697.768942000006
3873,2830.6196280000077,2830.6196280000077
3874,3017.369892000003,3017.369892000003
3875,3256.3438380000043,3256.3438380000043
3876,3441.928074000006,3441.928074000006
3877,3589.4601780000094,3589.4601780000094
3878,4031.4299340000134,4031.4299340000134
3879,3783.99387000001,3783.99387000001
3880,3511.067436000007,3511.067436000007
3881,3535.527204000006,3535.527204000006
3882,3634.637508000011,3634.637508000011
3883,4035.7676400000155,4035.7676400000155
3884,4251.1711920000225,4251.1711920000225
3885,4198.15052400002,4198.15052400002
3886,4124.910852000018,4124.910852000018
3887,3592.5593340000155,3592.5593340000155
3888,2833.7791140000136,2833.7791140000136
3889,1868.1901260000054,1868.1901260000054
3890,1852.2607380000034,1852.2607380000034
3891,2007.0217500000033,2007.0217500000033
3892,2004.0892920000035,2004.0892920000035
3893,2111.7236220000036,2111.7236220000036
3894,2176.5082800000046,2176.5082800000046
3895,2354.587164000005,2354.587164000005
3896,2635.7568840000067,2635.7568840000067
3897,2823.952854000008,2823.952854000008
3898,2976.803160000005,2976.803160000005
3899,3179.5672080000036,3179.5672080000036
3900,3383.011410000008,3383.011410000008
3901,3633.203994000012,3633.203994000012
3902,3817.767240000011,3817.767240000011
3903,3769.292202000008,3769.292202000008
3904,3422.2615860000064,3422.2615860000064
3905,3473.4607200000064,3473.4607200000064
3906,3576.4522860000106,3576.4522860000106
3907,3889.9145580000154,3889.9145580000154
3908,4048.0750740000203,4048.0750740000203
3909,4067.2307100000203,4067.2307100000203
3910,3976.7912640000177,3976.7912640000177
3911,3512.859612000017,3512.859612000017
3912,2700.439152000013,2700.439152000013
3913,2201.8021560000075,2201.8021560000075
3914,1949.3825220000024,1949.3825220000024
3915,2032.2541740000042,2032.2541740000042
3916,2035.7642220000032,2035.7642220000032
3917,2113.1992740000032,2113.1992740000032
3918,2184.599934000003,2184.599934000003
3919,2468.601072000006,2468.601072000006
3920,2869.032078000009,2869.032078000009
3921,3050.8923240000076,3050.8923240000076
3922,3083.636118000005,3083.636118000005
3923,3233.0110500000046,3233.0110500000046
3924,3429.9204840000057,3429.9204840000057
3925,3668.682144000009,3668.682144000009
3926,4130.451312000012,4130.451312000012
3927,3902.7046560000117,3902.7046560000117
3928,3572.609934000006,3572.609934000006
3929,3552.1955220000073,3552.1955220000073
3930,3577.9226640000115,3577.9226640000115
3931,3941.085864000013,3941.085864000013
3932,4166.269386000019,4166.269386000019
3933,4231.408236000023,4231.408236000023
3934,4173.242136000019,4173.242136000019
3935,3744.4577880000165,3744.4577880000165
3936,2779.6691820000124,2779.6691820000124
3937,2052.149388000007,2052.149388000007
3938,1937.8747860000033,1937.8747860000033
3939,1992.4429800000044,1992.4429800000044
3940,2098.895628000003,2098.895628000003
3941,2095.2531780000027,2095.2531780000027
3942,2199.7444200000036,2199.7444200000036
3943,2347.970724000006,2347.970724000006
3944,2729.781510000008,2729.781510000008
3945,2856.5156700000075,2856.5156700000075
3946,2965.9550280000053,2965.9550280000053
3947,3292.9786620000064,3292.9786620000064
3948,3451.625580000007,3451.625580000007
3949,3557.580012000009,3557.580012000009
3950,3888.8508720000095,3888.8508720000095
3951,3769.077006000011,3769.077006000011
3952,3538.1886780000063,3538.1886780000063
3953,3528.471846000005,3528.471846000005
3954,3620.4023640000096,3620.4023640000096
3955,4027.3342740000176,4027.3342740000176
3956,4104.663078000024,4104.663078000024
3957,4081.180314000024,4081.180314000024
3958,4172.151444000019,4172.151444000019
3959,3611.5078560000156,3611.5078560000156
3960,2830.3286340000136,2830.3286340000136
3961,2123.7556980000068,2123.7556980000068
3962,1977.8665740000033,1977.8665740000033
3963,2131.8070860000034,2131.8070860000034
3964,2144.5729560000027,2144.5729560000027
3965,2152.044450000003,2152.044450000003
3966,2231.401830000004,2231.401830000004
3967,2345.5203600000073,2345.5203600000073
3968,2745.8811600000085,2745.8811600000085
3969,2820.6832200000063,2820.6832200000063
3970,3035.0174700000057,3035.0174700000057
3971,3281.866992000002,3281.866992000002
3972,3442.3321200000064,3442.3321200000064
3973,3653.2056120000084,3653.2056120000084
3974,3885.076914000012,3885.076914000012
3975,3708.8661540000094,3708.8661540000094
3976,3580.261926000008,3580.261926000008
3977,3562.413474000007,3562.413474000007
3978,3731.0129820000143,3731.0129820000143
3979,3984.394782000016,3984.394782000016
3980,4286.729244000024,4286.729244000024
3981,4235.503002000022,4235.503002000022
3982,4023.272850000019,4023.272850000019
3983,3497.635962000015,3497.635962000015
3984,2851.665120000014,2851.665120000014
3985,2125.6731480000067,2125.6731480000067
3986,1934.3840520000047,1934.3840520000047
3987,2030.3030220000035,2030.3030220000035
3988,2075.140626000004,2075.140626000004
3989,2132.938296000004,2132.938296000004
3990,2209.4782260000043,2209.4782260000043
3991,2352.9399720000056,2352.9399720000056
3992,2662.2978000000076,2662.2978000000076
3993,2838.5137740000073,2838.5137740000073
3994,3052.1104080000055,3052.1104080000055
3995,3293.0892600000025,3293.0892600000025
3996,3350.143416000007,3350.143416000007
3997,3690.598164000012,3690.598164000012
3998,3930.2933700000094,3930.2933700000094
3999,3697.553130000012,3697.553130000012
4000,3508.6783800000057,3508.6783800000057
4001,3395.338008000008,3395.338008000008
4002,3741.1439100000116,3741.1439100000116
4003,4022.502618000017,4022.502618000017
4004,4162.546770000019,4162.546770000019
4005,4116.627150000023,4116.627150000023
4006,4067.9802840000166,4067.9802840000166
4007,3824.231868000018,3824.231868000018
4008,2798.845782000013,2798.845782000013
4009,1854.8879460000064,1854.8879460000064
4010,1846.0433280000038,1846.0433280000038
4011,1978.474578000004,1978.474578000004
4012,2030.8665660000038,2030.8665660000038
4013,2057.4940140000026,2057.4940140000026
4014,2216.207484000004,2216.207484000004
4015,2350.1478660000053,2350.1478660000053
4016,2673.220680000008,2673.220680000008
4017,2813.907396000007,2813.907396000007
4018,2910.2216940000058,2910.2216940000058
4019,3067.2961140000025,3067.2961140000025
4020,3280.0944060000065,3280.0944060000065
4021,3599.96474400001,3599.96474400001
4022,3826.1451180000095,3826.1451180000095
4023,3754.1674860000085,3754.1674860000085
4024,3498.059952000006,3498.059952000006
4025,3407.8867620000065,3407.8867620000065
4026,3508.6729260000106,3508.6729260000106
4027,3787.4194740000175,3787.4194740000175
4028,4180.730922000022,4180.730922000022
4029,4155.83538600002,4155.83538600002
4030,4076.0808840000177,4076.0808840000177
4031,3489.433416000015,3489.433416000015
4032,2542.1654040000117,2542.1654040000117
4033,2006.5749900000076,2006.5749900000076
4034,1913.2828140000038,1913.2828140000038
4035,1996.0208580000042,1996.0208580000042
4036,2038.7507880000014,2038.7507880000014
4037,2113.9802460000046,2113.9802460000046
4038,2193.522336000004,2193.522336000004
4039,2393.631996000007,2393.631996000007
4040,2817.2597700000088,2817.2597700000088
4041,2832.5986320000084,2832.5986320000084
4042,2996.5102920000063,2996.5102920000063
4043,3229.074552000004,3229.074552000004
4044,3389.5700700000075,3389.5700700000075
4045,3703.6021920000117,3703.6021920000117
4046,3986.4521280000095,3986.4521280000095
4047,3867.782850000011,3867.782850000011
4048,3618.940956000008,3618.940956000008
4049,3494.776770000004,3494.776770000004
4050,3666.990138000012,3666.990138000012
4051,3950.8662180000165,3950.8662180000165
4052,4246.319370000024,4246.319370000024
4053,4126.860690000022,4126.860690000022
4054,4101.765192000018,4101.765192000018
4055,3437.361384000016,3437.361384000016
4056,2717.9782080000136,2717.9782080000136
4057,1937.4363600000067,1937.4363600000067
4058,1995.1379340000033,1995.1379340000033
4059,1938.096030000004,1938.096030000004
4060,2015.971194000004,2015.971194000004
4061,2117.675538000005,2117.675538000005
4062,2258.8139880000035,2258.8139880000035
4063,2470.106736000006,2470.106736000006
4064,2762.061450000008,2762.061450000008
4065,3008.0873760000063,3008.0873760000063
4066,3072.8537040000065,3072.8537040000065
4067,3303.3114720000044,3303.3114720000044
4068,3406.043634000008,3406.043634000008
4069,3786.0492720000093,3786.0492720000093
4070,4147.910352000014,4147.910352000014
4071,3771.6223920000116,3771.6223920000116
4072,3585.0479340000084,3585.0479340000084
4073,3471.1392960000035,3471.1392960000035
4074,3657.1252740000086,3657.1252740000086
4075,3913.7550060000167,3913.7550060000167
4076,4136.792262000023,4136.792262000023
4077,4191.737262000022,4191.737262000022
4078,4096.02162000002,4096.02162000002
4079,3423.637650000017,3423.637650000017
4080,2799.481962000012,2799.481962000012
4081,2020.8311820000056,2020.8311820000056
4082,1993.2200880000044,1993.2200880000044
4083,2071.043760000004,2071.043760000004
4084,2049.455898000004,2049.455898000004
4085,2116.573074000003,2116.573074000003
4086,2192.401776000004,2192.401776000004
4087,2338.9118580000063,2338.9118580000063
4088,2693.7396180000073,2693.7396180000073
4089,2934.141222000006,2934.141222000006
4090,3101.6923980000047,3101.6923980000047
4091,3303.0865560000047,3303.0865560000047
4092,3487.855518000006,3487.855518000006
4093,3794.182914000009,3794.182914000009
4094,3975.310392000012,3975.310392000012
4095,3825.9649440000107,3825.9649440000107
4096,3531.439548000006,3531.439548000006
4097,3502.985160000007,3502.985160000007
4098,3561.9063360000087,3561.9063360000087
4099,3921.0410880000177,3921.0410880000177
4100,4267.29144000002,4267.29144000002
4101,4119.100572000024,4119.100572000024
4102,4169.846268000022,4169.846268000022
4103,3565.0796640000185,3565.0796640000185
4104,2845.995378000014,2845.995378000014
4105,1865.677542000006,1865.677542000006
4106,1842.6567060000043,1842.6567060000043
4107,1934.5945260000042,1934.5945260000042
4108,1986.3246780000043,1986.3246780000043
4109,2069.3514180000057,2069.3514180000057
4110,2108.6260620000035,2108.6260620000035
4111,2337.5102340000058,2337.5102340000058
4112,2773.0297860000087,2773.0297860000087
4113,2870.0762460000074,2870.0762460000074
4114,3079.2208860000055,3079.2208860000055
4115,3332.388216000003,3332.388216000003
4116,3483.965790000007,3483.965790000007
4117,3667.353612000012,3667.353612000012
4118,3974.4670320000105,3974.4670320000105
4119,3793.6690320000093,3793.6690320000093
4120,3473.266920000007,3473.266920000007
4121,3531.2602560000037,3531.2602560000037
4122,3610.584864000007,3610.584864000007
4123,3950.122662000018,3950.122662000018
4124,4211.195388000023,4211.195388000023
4125,4282.948308000021,4282.948308000021
4126,4317.132816000018,4317.132816000018
4127,3542.4364200000164,3542.4364200000164
4128,2568.1079400000126,2568.1079400000126
4129,2091.4450500000053,2091.4450500000053
4130,2008.8618780000043,2008.8618780000043
4131,2006.730888000003,2006.730888000003
4132,2073.929826000004,2073.929826000004
4133,2114.190378000004,2114.190378000004
4134,2243.2636740000044,2243.2636740000044
4135,2452.2572760000066,2452.2572760000066
4136,2732.3206380000092,2732.3206380000092
4137,2815.294752000008,2815.294752000008
4138,2879.3149020000037,2879.3149020000037
4139,3130.9303620000046,3130.9303620000046
4140,3299.5858260000064,3299.5858260000064
4141,3725.526492000011,3725.526492000011
4142,4020.116466000013,4020.116466000013
4143,3728.7958080000135,3728.7958080000135
4144,3597.1520460000056,3597.1520460000056
4145,3458.7583980000068,3458.7583980000068
4146,3656.239380000011,3656.239380000011
4147,3908.5269660000176,3908.5269660000176
4148,4463.80645800002,4463.80645800002
4149,4276.183662000021,4276.183662000021
4150,4235.639964000019,4235.639964000019
4151,3578.895828000017,3578.895828000017
4152,2868.457020000013,2868.457020000013
4153,2243.231004000006,2243.231004000006
4154,2069.388522000003,2069.388522000003
4155,2058.8326380000044,2058.8326380000044
4156,2193.3525960000034,2193.3525960000034
4157,2134.4519040000046,2134.4519040000046
4158,2203.938912000004,2203.938912000004
4159,2392.172178000005,2392.172178000005
4160,2662.0230360000082,2662.0230360000082
4161,2843.271912000007,2843.271912000007
4162,2941.752042000005,2941.752042000005
4163,3260.141892000003,3260.141892000003
4164,3390.3433800000075,3390.3433800000075
4165,3704.513640000012,3704.513640000012
4166,3832.049118000013,3832.049118000013
4167,3911.026914000011,3911.026914000011
4168,3630.290418000007,3630.290418000007
4169,3492.092934000006,3492.092934000006
4170,3640.703850000011,3640.703850000011
4171,3884.294034000014,3884.294034000014
4172,4317.8462880000225,4317.8462880000225
4173,4284.68786400002,4284.68786400002
4174,3947.74739400002,3947.74739400002
4175,3525.087600000016,3525.087600000016
4176,2888.1898320000123,2888.1898320000123
4177,2115.683694000005,2115.683694000005
4178,1948.5075480000044,1948.5075480000044
4179,2020.5652920000025,2020.5652920000025
4180,2130.7799580000033,2130.7799580000033
4181,2121.0917220000047,2121.0917220000047
4182,2165.600532000004,2165.600532000004
4183,2392.5869460000063,2392.5869460000063
4184,2688.8088840000096,2688.8088840000096
4185,2848.5622620000067,2848.5622620000067
4186,3005.0924940000054,3005.0924940000054
4187,3245.723790000003,3245.723790000003
4188,3348.2199900000046,3348.2199900000046
4189,3661.6143120000115,3661.6143120000115
4190,4061.833626000013,4061.833626000013
4191,3910.3030620000104,3910.3030620000104
4192,3595.103880000007,3595.103880000007
4193,3437.767416000006,3437.767416000006
4194,3647.035338000012,3647.035338000012
4195,3813.9664740000158,3813.9664740000158
4196,4162.318056000022,4162.318056000022
4197,4202.184714000019,4202.184714000019
4198,3998.71930800002,3998.71930800002
4199,3568.808442000016,3568.808442000016
4200,2883.4575000000136,2883.4575000000136
4201,2022.078810000007,2022.078810000007
4202,1889.653140000004,1889.653140000004
4203,1904.9767200000038,1904.9767200000038
4204,1975.5005580000036,1975.5005580000036
4205,1925.2907700000048,1925.2907700000048
4206,2107.626000000003,2107.626000000003
4207,2247.658104000006,2247.658104000006
4208,2628.0363120000084,2628.0363120000084
4209,2796.856476000007,2796.856476000007
4210,3028.739610000005,3028.739610000005
4211,3299.556126000003,3299.556126000003
4212,3402.9362280000073,3402.9362280000073
4213,3824.1194820000123,3824.1194820000123
4214,4089.956388000012,4089.956388000012
4215,3933.4960560000095,3933.4960560000095
4216,3645.552870000007,3645.552870000007
4217,3570.566868000006,3570.566868000006
4218,3606.03324000001,3606.03324000001
4219,3947.946858000018,3947.946858000018
4220,4256.8455540000205,4256.8455540000205
4221,3914.0303580000214,3914.0303580000214
4222,3847.2112260000217,3847.2112260000217
4223,3322.783494000016,3322.783494000016
4224,2878.4671380000123,2878.4671380000123
4225,2116.1703660000053,2116.1703660000053
4226,1908.8072760000043,1908.8072760000043
4227,2064.451344000003,2064.451344000003
4228,2195.269062000004,2195.269062000004
4229,2167.715562000003,2167.715562000003
4230,2264.161296000006,2264.161296000006
4231,2381.8242660000064,2381.8242660000064
4232,2674.9546440000076,2674.9546440000076
4233,2778.004404000007,2778.004404000007
4234,2999.555070000005,2999.555070000005
4235,3213.198156000003,3213.198156000003
4236,3425.250864000007,3425.250864000007
4237,3685.646298000013,3685.646298000013
4238,3932.4115860000115,3932.4115860000115
4239,3757.510848000009,3757.510848000009
4240,3674.130126000005,3674.130126000005
4241,3539.798802000006,3539.798802000006
4242,3715.0792020000104,3715.0792020000104
4243,3936.677694000019,3936.677694000019
4244,4161.19611000002,4161.19611000002
4245,3924.392910000019,3924.392910000019
4246,3976.884162000018,3976.884162000018
4247,3529.267200000017,3529.267200000017
4248,2769.512934000014,2769.512934000014
4249,2028.4026600000057,2028.4026600000057
4250,1948.860738000004,1948.860738000004
4251,1968.7964640000027,1968.7964640000027
4252,2107.486116000004,2107.486116000004
4253,2041.6445460000039,2041.6445460000039
4254,2064.4781280000047,2064.4781280000047
4255,2317.3155660000066,2317.3155660000066
4256,2697.304518000009,2697.304518000009
4257,2876.735562000008,2876.735562000008
4258,3092.4623460000053,3092.4623460000053
4259,3225.6057300000025,3225.6057300000025
4260,3492.610470000006,3492.610470000006
4261,3810.0288600000104,3810.0288600000104
4262,3965.0517120000127,3965.0517120000127
4263,3947.280330000009,3947.280330000009
4264,3575.388120000007,3575.388120000007
4265,3443.891526000006,3443.891526000006
4266,3589.5027960000116,3589.5027960000116
4267,3865.343166000018,3865.343166000018
4268,4277.071494000022,4277.071494000022
4269,3968.7447420000217,3968.7447420000217
4270,4021.424016000016,4021.424016000016
4271,3517.9485300000147,3517.9485300000147
4272,2729.284308000013,2729.284308000013
4273,2063.9813820000068,2063.9813820000068
4274,1917.3485460000036,1917.3485460000036
4275,2018.7796740000042,2018.7796740000042
4276,2016.7680780000035,2016.7680780000035
4277,2090.7894840000035,2090.7894840000035
4278,2146.6450920000043,2146.6450920000043
4279,2295.3580680000064,2295.3580680000064
4280,2736.512472000007,2736.512472000007
4281,2842.7968200000073,2842.7968200000073
4282,3084.281916000005,3084.281916000005
4283,3312.497352000006,3312.497352000006
4284,3440.059620000007,3440.059620000007
4285,3755.536746000012,3755.536746000012
4286,4000.7625480000106,4000.7625480000106
4287,3864.0835260000144,3864.0835260000144
4288,3597.1111920000067,3597.1111920000067
4289,3510.363876000009,3510.363876000009
4290,3590.086734000011,3590.086734000011
4291,3958.872900000019,3958.872900000019
4292,4277.787612000023,4277.787612000023
4293,4224.163134000024,4224.163134000024
4294,3958.4710080000177,3958.4710080000177
4295,3504.9160140000163,3504.9160140000163
4296,2774.6830500000124,2774.6830500000124
4297,1957.2190080000055,1957.2190080000055
4298,1917.8710440000032,1917.8710440000032
4299,2043.2746920000043,2043.2746920000043
4300,1987.3792080000019,1987.3792080000019
4301,2043.3349920000041,2043.3349920000041
4302,2189.8170420000047,2189.8170420000047
4303,2439.531240000006,2439.531240000006
4304,2665.570722000008,2665.570722000008
4305,2749.770876000008,2749.770876000008
4306,3079.282608000006,3079.282608000006
4307,3216.5740860000037,3216.5740860000037
4308,3363.7908420000053,3363.7908420000053
4309,3819.1290120000067,3819.1290120000067
4310,4074.6437040000133,4074.6437040000133
4311,3847.243686000012,3847.243686000012
4312,3538.314108000007,3538.314108000007
4313,3499.0541340000054,3499.0541340000054
4314,3633.5886000000123,3633.5886000000123
4315,3903.042774000017,3903.042774000017
4316,4192.004124000022,4192.004124000022
4317,3868.8619020000224,3868.8619020000224
4318,4026.694776000019,4026.694776000019
4319,3508.1200920000147,3508.1200920000147
4320,2619.355272000012,2619.355272000012
4321,1928.5863600000052,1928.5863600000052
4322,1988.6841960000029,1988.6841960000029
4323,1972.5620640000047,1972.5620640000047
4324,2032.182570000005,2032.182570000005
4325,2145.2460960000017,2145.2460960000017
4326,2343.095820000003,2343.095820000003
4327,2470.370028000005,2470.370028000005
4328,2833.790154000007,2833.790154000007
4329,2845.1461440000076,2845.1461440000076
4330,2966.9299260000043,2966.9299260000043
4331,3255.660504000004,3255.660504000004
4332,3446.4676320000067,3446.4676320000067
4333,3687.438912000012,3687.438912000012
4334,3969.6962040000103,3969.6962040000103
4335,3669.0491400000083,3669.0491400000083
4336,3424.7416260000077,3424.7416260000077
4337,3510.2631780000065,3510.2631780000065
4338,3708.101868000008,3708.101868000008
4339,3941.312076000014,3941.312076000014
4340,4342.835496000024,4342.835496000024
4341,4112.354274000018,4112.354274000018
4342,4081.978662000019,4081.978662000019
4343,3595.931334000015,3595.931334000015
4344,2755.788840000011,2755.788840000011
4345,1973.261874000006,1973.261874000006
4346,1885.639488000004,1885.639488000004
4347,1930.0746780000031,1930.0746780000031
4348,1979.1734100000028,1979.1734100000028
4349,2112.5222640000047,2112.5222640000047
4350,2128.382190000004,2128.382190000004
4351,2353.1621940000064,2353.1621940000064
4352,2749.996902000008,2749.996902000008
4353,2899.4253660000077,2899.4253660000077
4354,3089.7893700000054,3089.7893700000054
4355,3388.6952700000033,3388.6952700000033
4356,3533.6532600000055,3533.6532600000055
4357,3711.043314000011,3711.043314000011
4358,3988.9134540000105,3988.9134540000105
4359,3738.238194000013,3738.238194000013
4360,3571.5047640000066,3571.5047640000066
4361,3517.040292000006,3517.040292000006
4362,3590.688300000011,3590.688300000011
4363,3981.7348080000193,3981.7348080000193
4364,4186.24838400002,4186.24838400002
4365,4197.732402000024,4197.732402000024
4366,3939.568866000018,3939.568866000018
4367,3395.613498000018,3395.613498000018
4368,2715.821004000014,2715.821004000014
4369,1965.8446620000054,1965.8446620000054
4370,1950.3192780000038,1950.3192780000038
4371,1985.1853200000044,1985.1853200000044
4372,2182.9736820000035,2182.9736820000035
4373,2183.8981260000023,2183.8981260000023
4374,2173.460862000005,2173.460862000005
4375,2336.673744000006,2336.673744000006
4376,2721.538710000008,2721.538710000008
4377,2756.7778740000076,2756.7778740000076
4378,3113.549820000005,3113.549820000005
4379,3295.644894000005,3295.644894000005
4380,3406.515660000008,3406.515660000008
4381,3621.1391220000132,3621.1391220000132
4382,3885.1314120000106,3885.1314120000106
4383,3838.45471200001,3838.45471200001
4384,3549.2079540000072,3549.2079540000072
4385,3519.047028000007,3519.047028000007
4386,3747.9270720000095,3747.9270720000095
4387,4088.8550100000166,4088.8550100000166
4388,4453.860960000021,4453.860960000021
4389,4260.95387400002,4260.95387400002
4390,3905.5732740000176,3905.5732740000176
4391,3335.9816640000154,3335.9816640000154
4392,2705.3021940000135,2705.3021940000135
4393,1977.1813920000047,1977.1813920000047
4394,1902.356604000004,1902.356604000004
4395,1925.628678000003,1925.628678000003
4396,1994.1785700000044,1994.1785700000044
4397,2017.5244500000038,2017.5244500000038
4398,2232.708528000004,2232.708528000004
4399,2329.233906000006,2329.233906000006
4400,2717.775000000007,2717.775000000007
4401,2893.0903500000077,2893.0903500000077
4402,3114.6951540000045,3114.6951540000045
4403,3419.806428000005,3419.806428000005
4404,3397.309002000006,3397.309002000006
4405,3615.9245100000107,3615.9245100000107
4406,3905.4472080000123,3905.4472080000123
4407,3759.123762000011,3759.123762000011
4408,3659.7649800000063,3659.7649800000063
4409,3555.458568000007,3555.458568000007
4410,3667.6745760000094,3667.6745760000094
4411,4021.472064000017,4021.472064000017
4412,4210.215642000021,4210.215642000021
4413,4145.496552000021,4145.496552000021
4414,4136.39963400002,4136.39963400002
4415,3558.8686980000157,3558.8686980000157
4416,2763.493836000013,2763.493836000013
4417,1938.0546300000058,1938.0546300000058
4418,1928.7308880000037,1928.7308880000037
4419,1980.6187320000042,1980.6187320000042
4420,2087.6116080000056,2087.6116080000056
4421,2088.0082140000045,2088.0082140000045
4422,2306.252274000004,2306.252274000004
4423,2381.3070960000064,2381.3070960000064
4424,2716.9486200000088,2716.9486200000088
4425,2865.1115700000073,2865.1115700000073
4426,3009.816522000005,3009.816522000005
4427,3283.315290000004,3283.315290000004
4428,3382.7833140000075,3382.7833140000075
4429,3616.2530040000097,3616.2530040000097
4430,3970.8001740000095,3970.8001740000095
4431,3838.382178000008,3838.382178000008
4432,3433.9725480000056,3433.9725480000056
4433,3447.6985980000063,3447.6985980000063
4434,3638.7405360000107,3638.7405360000107
4435,3831.426324000018,3831.426324000018
4436,4221.942966000021,4221.942966000021
4437,4344.446700000018,4344.446700000018
4438,3961.0326840000153,3961.0326840000153
4439,3706.880274000018,3706.880274000018
4440,2743.102050000013,2743.102050000013
4441,1989.0589800000057,1989.0589800000057
4442,1927.9040820000046,1927.9040820000046
4443,1908.8416260000038,1908.8416260000038
4444,2064.4426200000034,2064.4426200000034
4445,2128.012524000003,2128.012524000003
4446,2265.768282000004,2265.768282000004
4447,2319.2789700000053,2319.2789700000053
4448,2763.291018000008,2763.291018000008
4449,2956.1150580000076,2956.1150580000076
4450,2988.5179200000057,2988.5179200000057
4451,3159.6597180000035,3159.6597180000035
4452,3353.2330560000064,3353.2330560000064
4453,3736.3599180000074,3736.3599180000074
4454,3936.7060740000143,3936.7060740000143
4455,3824.4872160000104,3824.4872160000104
4456,3540.390822000006,3540.390822000006
4457,3462.4246200000084,3462.4246200000084
4458,3696.1471380000094,3696.1471380000094
4459,3809.0458620000145,3809.0458620000145
4460,3991.0539960000215,3991.0539960000215
4461,4119.30386400002,4119.30386400002
4462,4061.7104100000192,4061.7104100000192
4463,3419.9684160000156,3419.9684160000156
4464,2552.9195280000117,2552.9195280000117
4465,2053.812528000005,2053.812528000005
4466,2061.908658000003,2061.908658000003
4467,2014.3329900000042,2014.3329900000042
4468,2059.5136320000042,2059.5136320000042
4469,2072.3701980000037,2072.3701980000037
4470,2242.8196500000045,2242.8196500000045
4471,2372.9354280000066,2372.9354280000066
4472,2632.6696680000077,2632.6696680000077
4473,2863.730586000008,2863.730586000008
4474,2953.7494140000053,2953.7494140000053
4475,3174.1968000000065,3174.1968000000065
4476,3350.702730000007,3350.702730000007
4477,3645.4270200000115,3645.4270200000115
4478,3932.6782080000094,3932.6782080000094
4479,3730.6092540000095,3730.6092540000095
4480,3517.976538000005,3517.976538000005
4481,3424.564188000006,3424.564188000006
4482,3728.506860000011,3728.506860000011
4483,4003.351758000018,4003.351758000018
4484,4289.47690800002,4289.47690800002
4485,4085.665056000025,4085.665056000025
4486,3863.16831000002,3863.16831000002
4487,3528.304278000017,3528.304278000017
4488,2770.901526000012,2770.901526000012
4489,2016.4867620000061,2016.4867620000061
4490,1880.7277260000037,1880.7277260000037
4491,1933.7063520000033,1933.7063520000033
4492,2054.3573700000043,2054.3573700000043
4493,2039.7181560000026,2039.7181560000026
4494,2156.468640000004,2156.468640000004
4495,2306.715492000006,2306.715492000006
4496,2775.258156000009,2775.258156000009
4497,2926.704414000007,2926.704414000007
4498,3076.522824000004,3076.522824000004
4499,3289.2235380000047,3289.2235380000047
4500,3463.3986600000057,3463.3986600000057
4501,3826.660800000013,3826.660800000013
4502,3992.993130000013,3992.993130000013
4503,3764.921568000012,3764.921568000012
4504,3594.0781500000053,3594.0781500000053
4505,3498.880554000006,3498.880554000006
4506,3710.509218000011,3710.509218000011
4507,4097.528496000018,4097.528496000018
4508,4322.68768200002,4322.68768200002
4509,4178.2529460000205,4178.2529460000205
4510,4161.96292800002,4161.96292800002
4511,3688.919844000015,3688.919844000015
4512,2609.6535180000133,2609.6535180000133
4513,2078.5864800000063,2078.5864800000063
4514,1925.9287560000041,1925.9287560000041
4515,2057.3010720000043,2057.3010720000043
4516,2135.6864280000054,2135.6864280000054
4517,2138.3999760000042,2138.3999760000042
4518,2276.750022000004,2276.750022000004
4519,2470.8925800000056,2470.8925800000056
4520,2770.503096000007,2770.503096000007
4521,2865.9952980000085,2865.9952980000085
4522,2997.951312000005,2997.951312000005
4523,3223.166136000004,3223.166136000004
4524,3372.9270240000073,3372.9270240000073
4525,3780.2293920000106,3780.2293920000106
4526,3794.9462100000105,3794.9462100000105
4527,3694.690638000011,3694.690638000011
4528,3496.301964000006,3496.301964000006
4529,3522.130098000005,3522.130098000005
4530,3622.6960800000084,3622.6960800000084
4531,3966.2588760000153,3966.2588760000153
4532,4294.2805560000215,4294.2805560000215
4533,3914.4851340000228,3914.4851340000228
4534,3870.0439680000204,3870.0439680000204
4535,3586.3508880000177,3586.3508880000177
4536,2876.0457960000117,2876.0457960000117
4537,2151.8044080000054,2151.8044080000054
4538,1912.0153440000036,1912.0153440000036
4539,2002.1030640000035,2002.1030640000035
4540,1996.632180000004,1996.632180000004
4541,2155.8577140000048,2155.8577140000048
4542,2186.8316700000037,2186.8316700000037
4543,2349.0855420000053,2349.0855420000053
4544,2614.4935680000094,2614.4935680000094
4545,2782.2952440000076,2782.2952440000076
4546,3106.221948000006,3106.221948000006
4547,3370.2172260000034,3370.2172260000034
4548,3390.7966920000063,3390.7966920000063
4549,3896.675568000011,3896.675568000011
4550,3936.8986800000116,3936.8986800000116
4551,3800.3084040000094,3800.3084040000094
4552,3603.372720000005,3603.372720000005
4553,3562.9829400000062,3562.9829400000062
4554,3717.9945540000103,3717.9945540000103
4555,3954.578418000018,3954.578418000018
4556,4218.601812000019,4218.601812000019
4557,4142.653206000023,4142.653206000023
4558,4034.29600200002,4034.29600200002
4559,3543.8870220000144,3543.8870220000144
4560,2829.701328000014,2829.701328000014
4561,2118.265104000007,2118.265104000007
4562,1985.710050000005,1985.710050000005
4563,2074.4407560000027,2074.4407560000027
4564,2069.357988000003,2069.357988000003
4565,2200.1338260000034,2200.1338260000034
4566,2277.8239500000045,2277.8239500000045
4567,2372.2129380000074,2372.2129380000074
4568,2616.237342000008,2616.237342000008
4569,2742.672864000008,2742.672864000008
4570,2923.9765260000054,2923.9765260000054
4571,3224.046714000004,3224.046714000004
4572,3463.779210000006,3463.779210000006
4573,3782.1161880000104,3782.1161880000104
4574,3918.762960000008,3918.762960000008
4575,3851.8635840000084,3851.8635840000084
4576,3590.661960000006,3590.661960000006
4577,3547.459578000004,3547.459578000004
4578,3664.4841240000083,3664.4841240000083
4579,3968.622420000015,3968.622420000015
4580,4139.650302000023,4139.650302000023
4581,4138.184808000022,4138.184808000022
4582,4159.9297200000165,4159.9297200000165
4583,3691.916652000013,3691.916652000013
4584,2754.496140000012,2754.496140000012
4585,1775.6164740000047,1775.6164740000047
4586,1704.9333660000034,1704.9333660000034
4587,1884.672714000003,1884.672714000003
4588,1923.3951480000028,1923.3951480000028
4589,2006.8755000000044,2006.8755000000044
4590,2115.6567600000044,2115.6567600000044
4591,2151.2322480000057,2151.2322480000057
4592,2616.4715280000078,2616.4715280000078
4593,2968.6768860000075,2968.6768860000075
4594,2983.3454100000054,2983.3454100000054
4595,3201.436776000004,3201.436776000004
4596,3426.4495260000062,3426.4495260000062
4597,3627.812400000012,3627.812400000012
4598,3845.706228000014,3845.706228000014
4599,3741.171552000007,3741.171552000007
4600,3540.9800460000065,3540.9800460000065
4601,3453.353352000005,3453.353352000005
4602,3654.877014000011,3654.877014000011
4603,3958.7849640000145,3958.7849640000145
4604,4262.239332000022,4262.239332000022
4605,3670.659690000019,3670.659690000019
4606,3741.9815700000213,3741.9815700000213
4607,3414.0417420000163,3414.0417420000163
4608,2691.161370000013,2691.161370000013
4609,2099.3300820000068,2099.3300820000068
4610,1985.0915940000045,1985.0915940000045
4611,1985.5386240000046,1985.5386240000046
4612,2041.979604000003,2041.979604000003
4613,2076.292476000004,2076.292476000004
4614,2135.8787880000036,2135.8787880000036
4615,2305.842768000006,2305.842768000006
4616,2699.7146160000075,2699.7146160000075
4617,2792.895138000008,2792.895138000008
4618,2978.382024000006,2978.382024000006
4619,3169.039488000004,3169.039488000004
4620,3385.285968000008,3385.285968000008
4621,3599.409948000009,3599.409948000009
4622,3891.479988000009,3891.479988000009
4623,3711.6920760000085,3711.6920760000085
4624,3511.3920960000064,3511.3920960000064
4625,3323.652180000006,3323.652180000006
4626,3594.6866280000104,3594.6866280000104
4627,4069.936494000018,4069.936494000018
4628,4297.663194000019,4297.663194000019
4629,4039.5752820000216,4039.5752820000216
4630,4040.371734000019,4040.371734000019
4631,3516.6299340000146,3516.6299340000146
4632,2614.9766460000114,2614.9766460000114
4633,2146.920936000006,2146.920936000006
4634,1853.6183340000039,1853.6183340000039
4635,2090.1907800000045,2090.1907800000045
4636,2103.2827560000037,2103.2827560000037
4637,2158.7466120000045,2158.7466120000045
4638,2174.5488420000042,2174.5488420000042
4639,2318.5359120000053,2318.5359120000053
4640,2624.666718000008,2624.666718000008
4641,2830.8171360000074,2830.8171360000074
4642,3043.589088000006,3043.589088000006
4643,3271.949958000003,3271.949958000003
4644,3390.8118900000068,3390.8118900000068
4645,3756.065388000012,3756.065388000012
4646,3895.336530000011,3895.336530000011
4647,3675.620610000011,3675.620610000011
4648,3521.304234000006,3521.304234000006
4649,3517.4022060000066,3517.4022060000066
4650,3724.4158260000086,3724.4158260000086
4651,3990.916818000018,3990.916818000018
4652,4440.184872000019,4440.184872000019
4653,4248.02248800002,4248.02248800002
4654,4163.952972000016,4163.952972000016
4655,3567.128106000018,3567.128106000018
4656,2712.9570840000133,2712.9570840000133
4657,2086.344888000006,2086.344888000006
4658,1942.543428000004,1942.543428000004
4659,1970.4368040000047,1970.4368040000047
4660,2080.625724000003,2080.625724000003
4661,2168.682456000003,2168.682456000003
4662,2318.250216000003,2318.250216000003
4663,2463.1107480000055,2463.1107480000055
4664,2788.6033440000083,2788.6033440000083
4665,2872.1418960000065,2872.1418960000065
4666,2982.4108980000033,2982.4108980000033
4667,3308.6396760000025,3308.6396760000025
4668,3460.179360000006,3460.179360000006
4669,3638.6947260000074,3638.6947260000074
4670,4096.56725400001,4096.56725400001
4671,3885.91215600001,3885.91215600001
4672,3534.764202000007,3534.764202000007
4673,3451.913460000006,3451.913460000006
4674,3608.463534000012,3608.463534000012
4675,4028.2044960000167,4028.2044960000167
4676,4248.434526000019,4248.434526000019
4677,4009.9655940000225,4009.9655940000225
4678,3839.3664060000206,3839.3664060000206
4679,3688.762710000013,3688.762710000013
4680,2792.038044000011,2792.038044000011
4681,2003.3225520000053,2003.3225520000053
4682,1978.5322980000044,1978.5322980000044
4683,1896.6906360000032,1896.6906360000032
4684,2005.6029480000034,2005.6029480000034
4685,1998.648750000003,1998.648750000003
4686,2265.775380000003,2265.775380000003
4687,2346.575886000007,2346.575886000007
4688,2781.9342240000087,2781.9342240000087
4689,2830.7385420000087,2830.7385420000087
4690,3037.0327860000057,3037.0327860000057
4691,3333.952410000003,3333.952410000003
4692,3479.8018500000067,3479.8018500000067
4693,3648.333294000011,3648.333294000011
4694,3946.9705080000085,3946.9705080000085
4695,3789.331236000007,3789.331236000007
4696,3566.0273640000073,3566.0273640000073
4697,3439.372776000006,3439.372776000006
4698,3645.1750020000086,3645.1750020000086
4699,3879.410058000018,3879.410058000018
4700,4501.889538000023,4501.889538000023
4701,4115.383470000022,4115.383470000022
4702,3865.8252180000204,3865.8252180000204
4703,3364.7983560000166,3364.7983560000166
4704,2787.342486000013,2787.342486000013
4705,1938.5165340000067,1938.5165340000067
4706,1935.7040220000033,1935.7040220000033
4707,1995.4543380000032,1995.4543380000032
4708,2071.199856000003,2071.199856000003
4709,2181.5516940000034,2181.5516940000034
4710,2239.8197400000035,2239.8197400000035
4711,2274.9110100000057,2274.9110100000057
4712,2710.0184040000076,2710.0184040000076
4713,2863.9003680000083,2863.9003680000083
4714,2985.487818000005,2985.487818000005
4715,3177.630456000003,3177.630456000003
4716,3354.4455780000067,3354.4455780000067
4717,3765.073650000008,3765.073650000008
4718,4002.016542000012,4002.016542000012
4719,3817.5722940000096,3817.5722940000096
4720,3557.126586000006,3557.126586000006
4721,3530.499768000007,3530.499768000007
4722,3551.05113000001,3551.05113000001
4723,3967.0718100000154,3967.0718100000154
4724,4424.80422000002,4424.80422000002
4725,4256.044092000021,4256.044092000021
4726,4045.658832000018,4045.658832000018
4727,3573.7143180000157,3573.7143180000157
4728,2781.455256000013,2781.455256000013
4729,2063.1188640000064,2063.1188640000064
4730,2002.9737120000032,2002.9737120000032
4731,2064.980244000002,2064.980244000002
4732,2121.9643260000034,2121.9643260000034
4733,2134.926276000003,2134.926276000003
4734,2204.9221680000046,2204.9221680000046
4735,2276.594304000006,2276.594304000006
4736,2639.3926920000076,2639.3926920000076
4737,2792.597940000008,2792.597940000008
4738,2929.519056000005,2929.519056000005
4739,3247.8676980000046,3247.8676980000046
4740,3392.539362000007,3392.539362000007
4741,3598.333056000011,3598.333056000011
4742,3825.7863900000157,3825.7863900000157
4743,3749.5659000000096,3749.5659000000096
4744,3485.4185580000058,3485.4185580000058
4745,3471.153372000006,3471.153372000006
4746,3681.4814220000135,3681.4814220000135
4747,3997.9468560000164,3997.9468560000164
4748,4391.650608000023,4391.650608000023
4749,4337.523186000022,4337.523186000022
4750,3919.6759320000183,3919.6759320000183
4751,3412.804110000014,3412.804110000014
4752,2813.338296000012,2813.338296000012
4753,2143.169892000006,2143.169892000006
4754,1939.8142860000034,1939.8142860000034
4755,2008.3687620000023,2008.3687620000023
4756,2019.9850260000028,2019.9850260000028
4757,2088.8350440000027,2088.8350440000027
4758,2189.6908680000042,2189.6908680000042
4759,2373.7060980000056,2373.7060980000056
4760,2675.3102100000074,2675.3102100000074
4761,2856.115512000008,2856.115512000008
4762,2972.5098780000044,2972.5098780000044
4763,3256.548300000006,3256.548300000006
4764,3440.5969080000054,3440.5969080000054
4765,3610.561944000013,3610.561944000013
4766,3858.319188000011,3858.319188000011
4767,3894.27402000001,3894.27402000001
4768,3694.6784640000055,3694.6784640000055
4769,3448.2112680000064,3448.2112680000064
4770,3609.083382000012,3609.083382000012
4771,4100.477106000013,4100.477106000013
4772,4174.6299780000245,4174.6299780000245
4773,4302.789096000024,4302.789096000024
4774,4257.697104000022,4257.697104000022
4775,3912.5133420000157,3912.5133420000157
4776,2969.3009040000134,2969.3009040000134
4777,2025.5782380000053,2025.5782380000053
4778,1957.6022040000037,1957.6022040000037
4779,1986.7429020000031,1986.7429020000031
4780,2082.288252000004,2082.288252000004
4781,2121.1628220000034,2121.1628220000034
4782,2213.7738360000035,2213.7738360000035
4783,2408.0075340000058,2408.0075340000058
4784,2794.354914000008,2794.354914000008
4785,2895.0400140000065,2895.0400140000065
4786,3001.5532980000057,3001.5532980000057
4787,3196.2662220000025,3196.2662220000025
4788,3364.2595980000065,3364.2595980000065
4789,3674.253846000009,3674.253846000009
4790,3999.5725680000105,3999.5725680000105
4791,3759.491040000008,3759.491040000008
4792,3535.842720000008,3535.842720000008
4793,3517.0663080000054,3517.0663080000054
4794,3591.718422000013,3591.718422000013
4795,3927.140880000016,3927.140880000016
4796,4301.852004000022,4301.852004000022
4797,3974.3509740000227,3974.3509740000227
4798,4076.566548000019,4076.566548000019
4799,3431.402496000015,3431.402496000015
4800,2746.8862680000125,2746.8862680000125
4801,2063.1134400000064,2063.1134400000064
4802,1994.3482380000044,1994.3482380000044
4803,1990.807506000003,1990.807506000003
4804,1974.7560000000028,1974.7560000000028
4805,2088.654282000004,2088.654282000004
4806,2155.6330980000034,2155.6330980000034
4807,2262.6748680000064,2262.6748680000064
4808,2643.681534000008,2643.681534000008
4809,2832.6379500000066,2832.6379500000066
4810,3040.0368780000053,3040.0368780000053
4811,3363.125658000003,3363.125658000003
4812,3456.803316000007,3456.803316000007
4813,3672.9176040000143,3672.9176040000143
4814,4067.435016000011,4067.435016000011
4815,3846.507972000008,3846.507972000008
4816,3524.7413640000063,3524.7413640000063
4817,3564.984312000007,3564.984312000007
4818,3642.890094000011,3642.890094000011
4819,4007.9410500000204,4007.9410500000204
4820,4165.297404000019,4165.297404000019
4821,4221.760704000018,4221.760704000018
4822,4156.098450000019,4156.098450000019
4823,3525.5215680000156,3525.5215680000156
4824,2831.1768780000125,2831.1768780000125
4825,2029.8545100000063,2029.8545100000063
4826,1981.263132000004,1981.263132000004
4827,2072.268732000004,2072.268732000004
4828,2058.7630860000036,2058.7630860000036
4829,2132.748588000004,2132.748588000004
4830,2160.907338000004,2160.907338000004
4831,2271.613404000006,2271.613404000006
4832,2697.9611280000086,2697.9611280000086
4833,2795.506266000009,2795.506266000009
4834,2961.445518000005,2961.445518000005
4835,3217.650264000004,3217.650264000004
4836,3433.0213260000073,3433.0213260000073
4837,3770.4507960000096,3770.4507960000096
4838,3930.6929160000127,3930.6929160000127
4839,3771.427776000008,3771.427776000008
4840,3631.45441800001,3631.45441800001
4841,3500.363706000008,3500.363706000008
4842,3650.500242000007,3650.500242000007
4843,3962.013180000016,3962.013180000016
4844,4149.945024000022,4149.945024000022
4845,4081.5634440000204,4081.5634440000204
4846,4174.065042000019,4174.065042000019
4847,3532.338504000016,3532.338504000016
4848,2852.520588000015,2852.520588000015
4849,2004.4569660000054,2004.4569660000054
4850,1944.5410260000035,1944.5410260000035
4851,1958.1298860000038,1958.1298860000038
4852,2064.762894000003,2064.762894000003
4853,2179.770186000004,2179.770186000004
4854,2282.3097780000044,2282.3097780000044
4855,2377.784406000006,2377.784406000006
4856,2723.6562360000075,2723.6562360000075
4857,2898.4256580000074,2898.4256580000074
4858,2962.4232660000057,2962.4232660000057
4859,3281.6344260000064,3281.6344260000064
4860,3375.0444060000063,3375.0444060000063
4861,3650.508942000012,3650.508942000012
4862,4025.6630700000114,4025.6630700000114
4863,3837.606450000008,3837.606450000008
4864,3540.139356000005,3540.139356000005
4865,3538.6413720000055,3538.6413720000055
4866,3769.6052640000094,3769.6052640000094
4867,4004.7820440000155,4004.7820440000155
4868,4123.167462000021,4123.167462000021
4869,4295.831070000024,4295.831070000024
4870,4105.383786000018,4105.383786000018
4871,3697.1581560000154,3697.1581560000154
4872,2926.278378000013,2926.278378000013
4873,2221.8524700000053,2221.8524700000053
4874,2020.3853700000031,2020.3853700000031
4875,2021.5720440000032,2021.5720440000032
4876,2031.0055320000033,2031.0055320000033
4877,2063.7738180000047,2063.7738180000047
4878,2128.1366820000035,2128.1366820000035
4879,2223.4073940000058,2223.4073940000058
4880,2634.845592000008,2634.845592000008
4881,2850.7551540000063,2850.7551540000063
4882,3024.987354000006,3024.987354000006
4883,3249.2472240000034,3249.2472240000034
4884,3388.235106000007,3388.235106000007
4885,3691.6873560000067,3691.6873560000067
4886,4101.009954000012,4101.009954000012
4887,3832.9686000000106,3832.9686000000106
4888,3594.706794000005,3594.706794000005
4889,3504.7117800000055,3504.7117800000055
4890,3699.536334000012,3699.536334000012
4891,3956.4093360000165,3956.4093360000165
4892,4386.13154400002,4386.13154400002
4893,3962.24382000002,3962.24382000002
4894,3815.3436660000216,3815.3436660000216
4895,3628.8682740000177,3628.8682740000177
4896,2763.651972000013,2763.651972000013
4897,2001.6342660000064,2001.6342660000064
4898,1994.3950260000036,1994.3950260000036
4899,2089.4934060000032,2089.4934060000032
4900,2089.8662640000034,2089.8662640000034
4901,2175.3341940000046,2175.3341940000046
4902,2250.2350200000037,2250.2350200000037
4903,2416.060524000006,2416.060524000006
4904,2704.602504000009,2704.602504000009
4905,2888.9569080000083,2888.9569080000083
4906,3111.9137880000058,3111.9137880000058
4907,3293.2088280000035,3293.2088280000035
4908,3421.3576800000073,3421.3576800000073
4909,3702.0279600000104,3702.0279600000104
4910,3912.795756000014,3912.795756000014
4911,3846.9868320000096,3846.9868320000096
4912,3553.7272800000064,3553.7272800000064
4913,3532.8653640000057,3532.8653640000057
4914,3687.6917280000125,3687.6917280000125
4915,3971.628126000018,3971.628126000018
4916,4278.241662000023,4278.241662000023
4917,4048.270602000019,4048.270602000019
4918,4321.76840400002,4321.76840400002
4919,3588.158832000016,3588.158832000016
4920,2802.920256000012,2802.920256000012
4921,2067.4375020000048,2067.4375020000048
4922,1959.0309840000034,1959.0309840000034
4923,2080.506348000003,2080.506348000003
4924,2011.5958680000042,2011.5958680000042
4925,2137.837008000005,2137.837008000005
4926,2192.066064000003,2192.066064000003
4927,2363.892738000005,2363.892738000005
4928,2694.2188800000085,2694.2188800000085
4929,2802.9601200000075,2802.9601200000075
4930,2922.151026000007,2922.151026000007
4931,3281.5680900000043,3281.5680900000043
4932,3487.333182000005,3487.333182000005
4933,3681.1339200000107,3681.1339200000107
4934,3982.879008000014,3982.879008000014
4935,3971.9863560000126,3971.9863560000126
4936,3594.6784500000063,3594.6784500000063
4937,3547.963272000005,3547.963272000005
4938,3727.663938000011,3727.663938000011
4939,3971.396964000017,3971.396964000017
4940,4274.289144000021,4274.289144000021
4941,4326.232392000022,4326.232392000022
4942,4074.942498000019,4074.942498000019
4943,3385.525386000016,3385.525386000016
4944,2650.760934000011,2650.760934000011
4945,2132.358144000006,2132.358144000006
4946,2038.7190300000043,2038.7190300000043
4947,1974.5125740000037,1974.5125740000037
4948,2020.5958440000024,2020.5958440000024
4949,2095.2206820000038,2095.2206820000038
4950,2219.3213520000036,2219.3213520000036
4951,2321.8026720000057,2321.8026720000057
4952,2656.3161060000084,2656.3161060000084
4953,2762.973216000008,2762.973216000008
4954,3007.355934000005,3007.355934000005
4955,3232.3071900000045,3232.3071900000045
4956,3373.1045400000053,3373.1045400000053
4957,3764.7592320000094,3764.7592320000094
4958,4055.356152000014,4055.356152000014
4959,3769.222488000012,3769.222488000012
4960,3460.655952000007,3460.655952000007
4961,3432.6294840000073,3432.6294840000073
4962,3576.37254600001,3576.37254600001
4963,3814.1683200000143,3814.1683200000143
4964,4093.657602000019,4093.657602000019
4965,3890.19585000002,3890.19585000002
4966,4132.41088800002,4132.41088800002
4967,3734.819568000014,3734.819568000014
4968,2878.952724000014,2878.952724000014
4969,2076.5527320000056,2076.5527320000056
4970,1945.381320000004,1945.381320000004
4971,2065.378914000003,2065.378914000003
4972,2059.1207280000035,2059.1207280000035
4973,2173.360782000003,2173.360782000003
4974,2264.220570000004,2264.220570000004
4975,2272.8148500000043,2272.8148500000043
4976,2719.2141780000075,2719.2141780000075
4977,2839.419738000007,2839.419738000007
4978,3021.1014720000035,3021.1014720000035
4979,3206.670162000004,3206.670162000004
4980,3423.185940000007,3423.185940000007
4981,3579.078540000012,3579.078540000012
4982,3816.5028360000115,3816.5028360000115
4983,3691.5907560000082,3691.5907560000082
4984,3507.190362000006,3507.190362000006
4985,3518.4503040000054,3518.4503040000054
4986,3557.36848200001,3557.36848200001
4987,3935.684898000014,3935.684898000014
4988,4326.700470000019,4326.700470000019
4989,4081.3945320000203,4081.3945320000203
4990,4178.457540000018,4178.457540000018
4991,3644.979330000017,3644.979330000017
4992,2747.3970840000134,2747.3970840000134
4993,1962.0251100000053,1962.0251100000053
4994,2044.1779440000048,2044.1779440000048
4995,2072.4968580000045,2072.4968580000045
4996,2134.8730980000037,2134.8730980000037
4997,2226.991134000003,2226.991134000003
4998,2283.7634220000036,2283.7634220000036
4999,2612.157588000007,2612.157588000007
5000,2863.436448000007,2863.436448000007
5001,2956.5602940000067,2956.5602940000067
5002,3152.0138820000047,3152.0138820000047
5003,3327.0869460000044,3327.0869460000044
5004,3413.0990640000055,3413.0990640000055
5005,3685.7146860000107,3685.7146860000107
5006,3922.5627660000127,3922.5627660000127
5007,3689.3177940000096,3689.3177940000096
5008,3543.908796000005,3543.908796000005
5009,3499.047726000007,3499.047726000007
5010,3750.1485960000095,3750.1485960000095
5011,3958.3317480000155,3958.3317480000155
5012,4329.90696000002,4329.90696000002
5013,4270.49306400002,4270.49306400002
5014,4208.34720000002,4208.34720000002
5015,3613.616124000015,3613.616124000015
5016,2605.488150000011,2605.488150000011
5017,2095.8613740000064,2095.8613740000064
5018,1926.0746820000038,1926.0746820000038
5019,1952.102664000004,1952.102664000004
5020,2086.8017220000033,2086.8017220000033
5021,2093.365056000003,2093.365056000003
5022,2164.1777820000043,2164.1777820000043
5023,2350.5041100000076,2350.5041100000076
5024,2735.458410000009,2735.458410000009
5025,2863.162764000007,2863.162764000007
5026,3022.440006000006,3022.440006000006
5027,3245.9396100000054,3245.9396100000054
5028,3383.828016000007,3383.828016000007
5029,3787.3896240000095,3787.3896240000095
5030,4008.883908000013,4008.883908000013
5031,3930.704334000011,3930.704334000011
5032,3546.0826980000056,3546.0826980000056
5033,3534.434988000007,3534.434988000007
5034,3677.4885660000123,3677.4885660000123
5035,3938.2117140000164,3938.2117140000164
5036,4315.368258000021,4315.368258000021
5037,3948.9504000000193,3948.9504000000193
5038,3856.4115060000204,3856.4115060000204
5039,3526.1605320000162,3526.1605320000162
5040,2879.118876000013,2879.118876000013
5041,1873.902060000005,1873.902060000005
5042,1888.9752780000051,1888.9752780000051
5043,1917.504006000003,1917.504006000003
5044,2006.6766000000039,2006.6766000000039
5045,2069.4785220000044,2069.4785220000044
5046,2104.7248440000035,2104.7248440000035
5047,2390.4407340000066,2390.4407340000066
5048,2717.404578000009,2717.404578000009
5049,2849.517048000007,2849.517048000007
5050,3078.603984000005,3078.603984000005
5051,3357.454698000004,3357.454698000004
5052,3442.956210000008,3442.956210000008
5053,3711.7395360000105,3711.7395360000105
5054,3837.376872000014,3837.376872000014
5055,3818.6255580000116,3818.6255580000116
5056,3575.402430000005,3575.402430000005
5057,3561.8713320000043,3561.8713320000043
5058,3761.805354000008,3761.805354000008
5059,3950.8843740000157,3950.8843740000157
5060,4396.1015640000205,4396.1015640000205
5061,4123.387920000024,4123.387920000024
5062,3852.995634000018,3852.995634000018
5063,3545.0809080000163,3545.0809080000163
5064,2628.6770280000123,2628.6770280000123
5065,1898.1615540000048,1898.1615540000048
5066,1840.7370240000039,1840.7370240000039
5067,1899.5477880000044,1899.5477880000044
5068,1982.533170000004,1982.533170000004
5069,1915.8971760000045,1915.8971760000045
5070,2048.779248000004,2048.779248000004
5071,2262.918198000005,2262.918198000005
5072,2816.466642000007,2816.466642000007
5073,2877.903258000008,2877.903258000008
5074,3123.2337480000047,3123.2337480000047
5075,3335.3412300000027,3335.3412300000027
5076,3357.352056000007,3357.352056000007
5077,3668.803800000012,3668.803800000012
5078,4060.9873800000105,4060.9873800000105
5079,3911.3483700000093,3911.3483700000093
5080,3572.6900280000054,3572.6900280000054
5081,3546.9319320000063,3546.9319320000063
5082,3780.1046340000107,3780.1046340000107
5083,4082.860728000018,4082.860728000018
5084,4021.1281680000193,4021.1281680000193
5085,4076.95670400002,4076.95670400002
5086,4210.028898000019,4210.028898000019
5087,3620.437902000014,3620.437902000014
5088,2596.727898000011,2596.727898000011
5089,2022.7143780000056,2022.7143780000056
5090,1983.7821240000042,1983.7821240000042
5091,2101.4756580000044,2101.4756580000044
5092,2188.768836000004,2188.768836000004
5093,2178.874368000003,2178.874368000003
5094,2396.8850640000046,2396.8850640000046
5095,2482.8188580000055,2482.8188580000055
5096,2813.533710000009,2813.533710000009
5097,3007.975572000009,3007.975572000009
5098,3065.796084000006,3065.796084000006
5099,3289.6479780000022,3289.6479780000022
5100,3378.539808000006,3378.539808000006
5101,3745.2543300000107,3745.2543300000107
5102,4059.687654000014,4059.687654000014
5103,3878.5498380000104,3878.5498380000104
5104,3481.832988000006,3481.832988000006
5105,3471.690900000005,3471.690900000005
5106,3691.7824980000128,3691.7824980000128
5107,3946.6541400000156,3946.6541400000156
5108,4361.87616600002,4361.87616600002
5109,4085.4861780000224,4085.4861780000224
5110,3822.3411240000205,3822.3411240000205
5111,3168.498138000016,3168.498138000016
5112,2675.6895960000134,2675.6895960000134
5113,2121.024606000006,2121.024606000006
5114,2047.698444000003,2047.698444000003
5115,1937.597778000004,1937.597778000004
5116,2075.4847680000034,2075.4847680000034
5117,2151.3014820000044,2151.3014820000044
5118,2201.864184000003,2201.864184000003
5119,2292.6658680000055,2292.6658680000055
5120,2697.221226000008,2697.221226000008
5121,2766.166974000006,2766.166974000006
5122,2980.607958000006,2980.607958000006
5123,3192.3843480000037,3192.3843480000037
5124,3379.667034000005,3379.667034000005
5125,3736.8759000000096,3736.8759000000096
5126,3991.9482060000155,3991.9482060000155
5127,3755.8062060000116,3755.8062060000116
5128,3529.745706000008,3529.745706000008
5129,3481.2166500000067,3481.2166500000067
5130,3593.7437760000107,3593.7437760000107
5131,3919.8246120000176,3919.8246120000176
5132,3993.030684000021,3993.030684000021
5133,3858.08476800002,3858.08476800002
5134,3871.6468620000155,3871.6468620000155
5135,3387.5331960000162,3387.5331960000162
5136,2670.015450000013,2670.015450000013
5137,2166.2351280000057,2166.2351280000057
5138,2020.0757760000035,2020.0757760000035
5139,2116.3966680000035,2116.3966680000035
5140,2225.9421900000034,2225.9421900000034
5141,2225.289618000003,2225.289618000003
5142,2344.313640000003,2344.313640000003
5143,2413.3054200000047,2413.3054200000047
5144,2695.029216000008,2695.029216000008
5145,2797.5933420000083,2797.5933420000083
5146,3000.0164400000035,3000.0164400000035
5147,3336.010716000005,3336.010716000005
5148,3421.279362000007,3421.279362000007
5149,3665.619618000012,3665.619618000012
5150,3951.066264000012,3951.066264000012
5151,3886.0401240000106,3886.0401240000106
5152,3438.638562000006,3438.638562000006
5153,3523.9107060000065,3523.9107060000065
5154,3589.92919800001,3589.92919800001
5155,3986.2814760000174,3986.2814760000174
5156,3987.7020240000224,3987.7020240000224
5157,4038.6216660000227,4038.6216660000227
5158,3770.640054000018,3770.640054000018
5159,3372.109200000015,3372.109200000015
5160,2646.775476000012,2646.775476000012
5161,2113.2546360000065,2113.2546360000065
5162,1861.7961480000026,1861.7961480000026
5163,1854.240774000003,1854.240774000003
5164,2069.872086000004,2069.872086000004
5165,2188.0056480000057,2188.0056480000057
5166,2269.2441060000033,2269.2441060000033
5167,2445.828228000007,2445.828228000007
5168,2737.9372140000087,2737.9372140000087
5169,2827.7503860000065,2827.7503860000065
5170,2913.426966000005,2913.426966000005
5171,3240.288642000004,3240.288642000004
5172,3377.3089320000076,3377.3089320000076
5173,3670.4306940000083,3670.4306940000083
5174,3840.5190060000145,3840.5190060000145
5175,3742.5654240000085,3742.5654240000085
5176,3543.151356000007,3543.151356000007
5177,3502.956132000005,3502.956132000005
5178,3642.984816000012,3642.984816000012
5179,3957.9737100000157,3957.9737100000157
5180,4187.321754000023,4187.321754000023
5181,4053.2039880000225,4053.2039880000225
5182,3685.0233840000187,3685.0233840000187
5183,3342.4026360000157,3342.4026360000157
5184,2649.325242000013,2649.325242000013
5185,2052.5336400000056,2052.5336400000056
5186,1885.777944000004,1885.777944000004
5187,1895.2564980000043,1895.2564980000043
5188,1994.4836100000036,1994.4836100000036
5189,2031.492672000004,2031.492672000004
5190,2192.9102880000028,2192.9102880000028
5191,2317.4133240000056,2317.4133240000056
5192,2691.521916000008,2691.521916000008
5193,2890.8588240000076,2890.8588240000076
5194,3062.4608700000067,3062.4608700000067
5195,3264.922818000005,3264.922818000005
5196,3428.8841880000064,3428.8841880000064
5197,3861.5904960000084,3861.5904960000084
5198,3771.7742280000093,3771.7742280000093
5199,3757.9772220000086,3757.9772220000086
5200,3472.193586000007,3472.193586000007
5201,3533.978874000007,3533.978874000007
5202,3624.426684000011,3624.426684000011
5203,3894.1217340000153,3894.1217340000153
5204,4155.502464000022,4155.502464000022
5205,3935.0653500000203,3935.0653500000203
5206,3726.9964800000175,3726.9964800000175
5207,3231.654600000016,3231.654600000016
5208,2799.0798780000123,2799.0798780000123
5209,2132.142660000006,2132.142660000006
5210,1935.2928960000024,1935.2928960000024
5211,2040.695778000004,2040.695778000004
5212,2042.075604000004,2042.075604000004
5213,2129.4009240000037,2129.4009240000037
5214,2106.181044000003,2106.181044000003
5215,2388.0254040000054,2388.0254040000054
5216,2726.630022000008,2726.630022000008
5217,2832.7219380000074,2832.7219380000074
5218,3049.5788160000066,3049.5788160000066
5219,3179.786418000006,3179.786418000006
5220,3389.8114380000065,3389.8114380000065
5221,3649.7359260000107,3649.7359260000107
5222,4009.2415020000144,4009.2415020000144
5223,3743.0756880000117,3743.0756880000117
5224,3635.1521760000055,3635.1521760000055
5225,3430.305564000006,3430.305564000006
5226,3640.1251500000108,3640.1251500000108
5227,3835.176546000013,3835.176546000013
5228,4045.4594880000227,4045.4594880000227
5229,3895.0853520000205,3895.0853520000205
5230,3692.038518000021,3692.038518000021
5231,3084.8545680000157,3084.8545680000157
5232,2619.9096240000135,2619.9096240000135
5233,1966.5436380000065,1966.5436380000065
5234,1870.3774980000035,1870.3774980000035
5235,1891.271724000003,1891.271724000003
5236,2030.741754000003,2030.741754000003
5237,2167.8583260000028,2167.8583260000028
5238,2197.618752000003,2197.618752000003
5239,2311.1316900000047,2311.1316900000047
5240,2657.5446960000095,2657.5446960000095
5241,2775.0404340000077,2775.0404340000077
5242,2922.222654000005,2922.222654000005
5243,3184.0452060000052,3184.0452060000052
5244,3393.930660000007,3393.930660000007
5245,3671.3765220000123,3671.3765220000123
5246,3885.0310920000134,3885.0310920000134
5247,3827.9230020000105,3827.9230020000105
5248,3486.154788000007,3486.154788000007
5249,3470.5083840000084,3470.5083840000084
5250,3605.147808000012,3605.147808000012
5251,3882.8992320000143,3882.8992320000143
5252,4221.479286000022,4221.479286000022
5253,4205.16058800002,4205.16058800002
5254,3883.1612460000156,3883.1612460000156
5255,3209.1348300000163,3209.1348300000163
5256,2540.364492000012,2540.364492000012
5257,2104.505244000005,2104.505244000005
5258,1942.3814280000033,1942.3814280000033
5259,2030.6108460000032,2030.6108460000032
5260,2037.7855140000029,2037.7855140000029
5261,2121.845418000004,2121.845418000004
5262,2255.762664000004,2255.762664000004
5263,2427.791364000006,2427.791364000006
5264,2812.9787700000084,2812.9787700000084
5265,2877.5824320000074,2877.5824320000074
5266,3034.1001120000055,3034.1001120000055
5267,3295.1873340000034,3295.1873340000034
5268,3446.395770000006,3446.395770000006
5269,3791.3544960000117,3791.3544960000117
5270,4108.1191320000125,4108.1191320000125
5271,3762.1889760000095,3762.1889760000095
5272,3457.3076100000058,3457.3076100000058
5273,3481.418688000007,3481.418688000007
5274,3635.729124000012,3635.729124000012
5275,3925.144320000016,3925.144320000016
5276,4273.624512000021,4273.624512000021
5277,4014.8235540000214,4014.8235540000214
5278,3746.0822580000176,3746.0822580000176
5279,3412.7201760000166,3412.7201760000166
5280,2781.1041120000123,2781.1041120000123
5281,1969.399020000005,1969.399020000005
5282,1946.570610000003,1946.570610000003
5283,1929.3963660000031,1929.3963660000031
5284,2069.392176000003,2069.392176000003
5285,2103.047196000004,2103.047196000004
5286,2102.2336500000038,2102.2336500000038
5287,2286.5421540000057,2286.5421540000057
5288,2667.7486140000083,2667.7486140000083
5289,2902.6181220000076,2902.6181220000076
5290,3042.5578500000056,3042.5578500000056
5291,3309.845826000004,3309.845826000004
5292,3503.309220000006,3503.309220000006
5293,3902.0672940000118,3902.0672940000118
5294,3997.8594660000135,3997.8594660000135
5295,3705.93048000001,3705.93048000001
5296,3476.6224140000063,3476.6224140000063
5297,3481.1547420000056,3481.1547420000056
5298,3694.4749980000106,3694.4749980000106
5299,3922.9543320000157,3922.9543320000157
5300,4379.415090000023,4379.415090000023
5301,4174.94614800002,4174.94614800002
5302,3728.508588000018,3728.508588000018
5303,3349.304802000014,3349.304802000014
5304,2594.1679020000106,2594.1679020000106
5305,1987.0203540000052,1987.0203540000052
5306,1950.3857400000036,1950.3857400000036
5307,1965.216306000003,1965.216306000003
5308,2062.1635320000037,2062.1635320000037
5309,2051.964612000004,2051.964612000004
5310,2083.340190000004,2083.340190000004
5311,2395.2361560000054,2395.2361560000054
5312,2645.183802000008,2645.183802000008
5313,2866.1770020000067,2866.1770020000067
5314,3036.4923360000053,3036.4923360000053
5315,3255.143388000003,3255.143388000003
5316,3392.598348000008,3392.598348000008
5317,3691.391250000009,3691.391250000009
5318,3969.814770000014,3969.814770000014
5319,3608.335572000008,3608.335572000008
5320,3541.783428000005,3541.783428000005
5321,3425.2571700000058,3425.2571700000058
5322,3573.32251800001,3573.32251800001
5323,3908.3438340000175,3908.3438340000175
5324,4407.020046000025,4407.020046000025
5325,4197.615336000022,4197.615336000022
5326,3971.34075000002,3971.34075000002
5327,3430.8964140000176,3430.8964140000176
5328,2678.4431460000123,2678.4431460000123
5329,2153.369370000006,2153.369370000006
5330,1954.5496080000032,1954.5496080000032
5331,2063.3993220000025,2063.3993220000025
5332,2001.5874180000042,2001.5874180000042
5333,2085.9342240000037,2085.9342240000037
5334,2140.612368000003,2140.612368000003
5335,2391.422688000006,2391.422688000006
5336,2647.534080000008,2647.534080000008
5337,2847.4745760000083,2847.4745760000083
5338,2992.5919740000063,2992.5919740000063
5339,3225.433032000004,3225.433032000004
5340,3377.3190240000063,3377.3190240000063
5341,3758.64632400001,3758.64632400001
5342,3922.976178000011,3922.976178000011
5343,3657.1650300000106,3657.1650300000106
5344,3549.9716280000075,3549.9716280000075
5345,3509.1197220000063,3509.1197220000063
5346,3521.413494000011,3521.413494000011
5347,3946.3265520000177,3946.3265520000177
5348,4319.338974000019,4319.338974000019
5349,3928.9246620000195,3928.9246620000195
5350,3814.52417400002,3814.52417400002
5351,3258.1476600000155,3258.1476600000155
5352,2604.733878000012,2604.733878000012
5353,2043.7812720000065,2043.7812720000065
5354,1977.5850240000045,1977.5850240000045
5355,2001.4454760000044,2001.4454760000044
5356,2044.747938000003,2044.747938000003
5357,2001.7701960000038,2001.7701960000038
5358,2207.0614020000044,2207.0614020000044
5359,2396.935212000005,2396.935212000005
5360,2758.317558000008,2758.317558000008
5361,2954.6674260000077,2954.6674260000077
5362,3002.1538560000054,3002.1538560000054
5363,3341.284074000006,3341.284074000006
5364,3429.9654120000073,3429.9654120000073
5365,3825.4602060000107,3825.4602060000107
5366,3844.2900360000094,3844.2900360000094
5367,3737.8178700000117,3737.8178700000117
5368,3569.7939780000056,3569.7939780000056
5369,3563.4221220000063,3563.4221220000063
5370,3675.3500340000105,3675.3500340000105
5371,3939.162870000017,3939.162870000017
5372,4155.680484000021,4155.680484000021
5373,3919.728234000024,3919.728234000024
5374,3817.050288000019,3817.050288000019
5375,3371.0061060000157,3371.0061060000157
5376,2644.5564420000132,2644.5564420000132
5377,2162.274024000006,2162.274024000006
5378,1993.1181660000043,1993.1181660000043
5379,2073.4574340000026,2073.4574340000026
5380,2190.805542000005,2190.805542000005
5381,2199.0433980000043,2199.0433980000043
5382,2278.736058000004,2278.736058000004
5383,2564.859018000008,2564.859018000008
5384,2847.2559120000074,2847.2559120000074
5385,2964.7671900000087,2964.7671900000087
5386,3047.904390000006,3047.904390000006
5387,3265.218642000004,3265.218642000004
5388,3375.2835420000083,3375.2835420000083
5389,3662.2287480000095,3662.2287480000095
5390,3885.841986000012,3885.841986000012
5391,3817.045224000007,3817.045224000007
5392,3635.254686000006,3635.254686000006
5393,3572.4376920000045,3572.4376920000045
5394,3569.1009000000104,3569.1009000000104
5395,3947.416500000017,3947.416500000017
5396,4171.704036000023,4171.704036000023
5397,4111.37697000002,4111.37697000002
5398,3854.716080000019,3854.716080000019
5399,3328.7177820000156,3328.7177820000156
5400,2744.2750680000127,2744.2750680000127
5401,2183.395218000006,2183.395218000006
5402,2006.3091600000052,2006.3091600000052
5403,1968.6447360000031,1968.6447360000031
5404,2038.4888820000037,2038.4888820000037
5405,2065.5896880000023,2065.5896880000023
5406,2198.1366120000034,2198.1366120000034
5407,2372.4521100000065,2372.4521100000065
5408,2639.6690580000077,2639.6690580000077
5409,2828.6693460000074,2828.6693460000074
5410,2950.135110000005,2950.135110000005
5411,3184.619802000002,3184.619802000002
5412,3372.1263360000053,3372.1263360000053
5413,3518.1876060000104,3518.1876060000104
5414,3891.9176460000144,3891.9176460000144
5415,3779.4589980000114,3779.4589980000114
5416,3520.470936000005,3520.470936000005
5417,3491.269476000007,3491.269476000007
5418,3749.843796000012,3749.843796000012
5419,4021.5809040000186,4021.5809040000186
5420,4402.395294000023,4402.395294000023
5421,4384.211760000025,4384.211760000025
5422,4052.4128940000205,4052.4128940000205
5423,3691.1161500000153,3691.1161500000153
5424,2747.367714000013,2747.367714000013
5425,1933.9566840000036,1933.9566840000036
5426,1880.2870260000036,1880.2870260000036
5427,2077.2695100000037,2077.2695100000037
5428,2040.002640000003,2040.002640000003
5429,2051.2679160000043,2051.2679160000043
5430,2232.418458000004,2232.418458000004
5431,2352.165738000007,2352.165738000007
5432,2805.8304180000086,2805.8304180000086
5433,3033.754818000007,3033.754818000007
5434,3142.9269360000053,3142.9269360000053
5435,3343.7826300000042,3343.7826300000042
5436,3457.695024000007,3457.695024000007
5437,3697.9629960000098,3697.9629960000098
5438,3858.9470880000117,3858.9470880000117
5439,3693.495354000012,3693.495354000012
5440,3506.7970800000053,3506.7970800000053
5441,3452.591508000007,3452.591508000007
5442,3648.680928000011,3648.680928000011
5443,3872.1275040000132,3872.1275040000132
5444,4282.288152000023,4282.288152000023
5445,4375.577490000023,4375.577490000023
5446,3753.0430140000162,3753.0430140000162
5447,3234.451512000015,3234.451512000015
5448,2550.6157140000128,2550.6157140000128
5449,1872.5984160000064,1872.5984160000064
5450,1764.355860000003,1764.355860000003
5451,1909.8665640000033,1909.8665640000033
5452,1960.2187740000043,1960.2187740000043
5453,2066.7006420000043,2066.7006420000043
5454,2193.7328700000025,2193.7328700000025
5455,2402.697090000006,2402.697090000006
5456,2717.053344000008,2717.053344000008
5457,2939.499474000007,2939.499474000007
5458,3047.6937060000055,3047.6937060000055
5459,3253.036428000004,3253.036428000004
5460,3390.124272000007,3390.124272000007
5461,3619.5086760000117,3619.5086760000117
5462,3808.4207400000105,3808.4207400000105
5463,3629.7328980000134,3629.7328980000134
5464,3497.4398580000056,3497.4398580000056
5465,3473.153040000006,3473.153040000006
5466,3611.5805100000093,3611.5805100000093
5467,4072.9150380000165,4072.9150380000165
5468,4167.885300000023,4167.885300000023
5469,3830.9175720000217,3830.9175720000217
5470,3782.687976000018,3782.687976000018
5471,3421.210344000015,3421.210344000015
5472,2533.0001220000127,2533.0001220000127
5473,2027.063988000006,2027.063988000006
5474,1842.4521120000036,1842.4521120000036
5475,1934.1070860000034,1934.1070860000034
5476,2048.8790940000035,2048.8790940000035
5477,2135.369670000004,2135.369670000004
5478,2182.806972000005,2182.806972000005
5479,2444.9825220000057,2444.9825220000057
5480,2727.2544540000085,2727.2544540000085
5481,2933.5479960000075,2933.5479960000075
5482,3007.801962000007,3007.801962000007
5483,3203.542692000005,3203.542692000005
5484,3437.019486000007,3437.019486000007
5485,3712.8016020000096,3712.8016020000096
5486,3878.546622000012,3878.546622000012
5487,3742.8345960000083,3742.8345960000083
5488,3579.0309720000055,3579.0309720000055
5489,3497.7977520000063,3497.7977520000063
5490,3658.323996000011,3658.323996000011
5491,3772.6716900000165,3772.6716900000165
5492,4376.38947600002,4376.38947600002
5493,4240.39861200002,4240.39861200002
5494,3853.8999060000187,3853.8999060000187
5495,3514.954758000015,3514.954758000015
5496,2563.8323820000105,2563.8323820000105
5497,1910.8926540000061,1910.8926540000061
5498,1855.605024000004,1855.605024000004
5499,1908.1628880000044,1908.1628880000044
5500,1957.4869740000047,1957.4869740000047
5501,2058.899532000004,2058.899532000004
5502,2109.6907140000035,2109.6907140000035
5503,2376.4474800000057,2376.4474800000057
5504,2737.280328000008,2737.280328000008
5505,2800.2104100000083,2800.2104100000083
5506,2990.084352000006,2990.084352000006
5507,3223.5050520000036,3223.5050520000036
5508,3431.077566000007,3431.077566000007
5509,3621.1320540000106,3621.1320540000106
5510,3772.2426480000145,3772.2426480000145
5511,3768.1588620000107,3768.1588620000107
5512,3505.5359340000064,3505.5359340000064
5513,3431.748720000005,3431.748720000005
5514,3502.9507620000095,3502.9507620000095
5515,3804.7822080000155,3804.7822080000155
5516,4214.846598000019,4214.846598000019
5517,4223.416698000017,4223.416698000017
5518,3780.0189360000177,3780.0189360000177
5519,3206.5314900000144,3206.5314900000144
5520,2472.5371200000122,2472.5371200000122
5521,1829.0230380000046,1829.0230380000046
5522,1894.7047980000038,1894.7047980000038
5523,1959.2393880000022,1959.2393880000022
5524,1922.5791360000044,1922.5791360000044
5525,1977.9768120000024,1977.9768120000024
5526,1998.6197400000037,1998.6197400000037
5527,2297.384490000006,2297.384490000006
5528,2738.9866440000083,2738.9866440000083
5529,2942.301882000008,2942.301882000008
5530,2987.959104000004,2987.959104000004
5531,3255.3471900000027,3255.3471900000027
5532,3381.517728000008,3381.517728000008
5533,3674.134008000011,3674.134008000011
5534,4030.902582000012,4030.902582000012
5535,3738.721830000008,3738.721830000008
5536,3432.2519100000054,3432.2519100000054
5537,3359.2749000000063,3359.2749000000063
5538,3524.28115200001,3524.28115200001
5539,3836.283858000018,3836.283858000018
5540,3971.658966000019,3971.658966000019
5541,4238.171832000021,4238.171832000021
5542,3888.392094000018,3888.392094000018
5543,3219.8669940000163,3219.8669940000163
5544,2513.632644000012,2513.632644000012
5545,2063.243274000005,2063.243274000005
5546,1973.216910000004,1973.216910000004
5547,2028.7275540000032,2028.7275540000032
5548,2053.6030920000035,2053.6030920000035
5549,2171.4725520000034,2171.4725520000034
5550,2250.805254000004,2250.805254000004
5551,2465.056806000006,2465.056806000006
5552,2779.1493180000075,2779.1493180000075
5553,2890.843272000008,2890.843272000008
5554,2996.5469700000053,2996.5469700000053
5555,3324.527598000004,3324.527598000004
5556,3454.070514000007,3454.070514000007
5557,3739.516638000012,3739.516638000012
5558,4064.1590460000098,4064.1590460000098
5559,3816.4926180000093,3816.4926180000093
5560,3593.871954000009,3593.871954000009
5561,3583.1084520000063,3583.1084520000063
5562,3619.7256240000106,3619.7256240000106
5563,4003.2902100000165,4003.2902100000165
5564,4319.060004000018,4319.060004000018
5565,4003.2358200000217,4003.2358200000217
5566,3855.771450000018,3855.771450000018
5567,3457.4502840000155,3457.4502840000155
5568,2681.379474000011,2681.379474000011
5569,2066.711688000005,2066.711688000005
5570,2041.9409280000032,2041.9409280000032
5571,2067.109434000003,2067.109434000003
5572,2078.088660000002,2078.088660000002
5573,2123.903682000003,2123.903682000003
5574,2250.665928000004,2250.665928000004
5575,2391.9326040000055,2391.9326040000055
5576,2811.7939620000075,2811.7939620000075
5577,2988.004050000007,2988.004050000007
5578,3070.5540300000052,3070.5540300000052
5579,3220.8473700000036,3220.8473700000036
5580,3439.6201200000073,3439.6201200000073
5581,3796.216164000007,3796.216164000007
5582,3983.0430480000123,3983.0430480000123
5583,3793.1730240000093,3793.1730240000093
5584,3562.5227100000075,3562.5227100000075
5585,3452.3920020000064,3452.3920020000064
5586,3731.544492000012,3731.544492000012
5587,3945.7556520000153,3945.7556520000153
5588,4377.658692000021,4377.658692000021
5589,4274.470800000022,4274.470800000022
5590,3818.538054000021,3818.538054000021
5591,3271.874388000017,3271.874388000017
5592,2455.870056000012,2455.870056000012
5593,1936.6926360000045,1936.6926360000045
5594,1850.928966000004,1850.928966000004
5595,1930.457034000003,1930.457034000003
5596,2021.194830000003,2021.194830000003
5597,2074.006368000004,2074.006368000004
5598,2224.0516020000046,2224.0516020000046
5599,2436.6935820000067,2436.6935820000067
5600,2775.487290000009,2775.487290000009
5601,2907.8848200000066,2907.8848200000066
5602,3010.9128300000043,3010.9128300000043
5603,3145.6212420000043,3145.6212420000043
5604,3341.9149260000045,3341.9149260000045
5605,3461.903046000009,3461.903046000009
5606,3858.2555280000115,3858.2555280000115
5607,3852.013212000007,3852.013212000007
5608,3457.860162000008,3457.860162000008
5609,3491.265174000006,3491.265174000006
5610,3586.570968000011,3586.570968000011
5611,3958.415868000017,3958.415868000017
5612,4442.042034000021,4442.042034000021
5613,4083.770418000019,4083.770418000019
5614,3931.3018800000214,3931.3018800000214
5615,3235.173378000016,3235.173378000016
5616,2518.5955020000138,2518.5955020000138
5617,1971.4927860000064,1971.4927860000064
5618,1843.8860880000034,1843.8860880000034
5619,1981.7528760000039,1981.7528760000039
5620,2057.178204000004,2057.178204000004
5621,2105.5309080000043,2105.5309080000043
5622,2306.535948000003,2306.535948000003
5623,2387.2325100000053,2387.2325100000053
5624,2741.2953300000086,2741.2953300000086
5625,2880.598512000008,2880.598512000008
5626,3031.986648000007,3031.986648000007
5627,3156.8407560000037,3156.8407560000037
5628,3297.9491100000073,3297.9491100000073
5629,3586.13727000001,3586.13727000001
5630,3926.002980000013,3926.002980000013
5631,3714.587712000011,3714.587712000011
5632,3527.177748000008,3527.177748000008
5633,3502.912524000006,3502.912524000006
5634,3626.6463720000106,3626.6463720000106
5635,4049.56047000002,4049.56047000002
5636,4242.522306000024,4242.522306000024
5637,4096.73044200002,4096.73044200002
5638,3871.2174480000212,3871.2174480000212
5639,3363.326940000016,3363.326940000016
5640,2706.2682360000135,2706.2682360000135
5641,1980.900426000006,1980.900426000006
5642,1887.0736680000048,1887.0736680000048
5643,1980.1752360000037,1980.1752360000037
5644,2047.5853620000053,2047.5853620000053
5645,2070.4742520000027,2070.4742520000027
5646,2185.0460400000047,2185.0460400000047
5647,2312.2305420000057,2312.2305420000057
5648,2737.070904000007,2737.070904000007
5649,2962.434624000007,2962.434624000007
5650,3105.3685440000045,3105.3685440000045
5651,3304.591302000003,3304.591302000003
5652,3573.293808000007,3573.293808000007
5653,3780.335232000011,3780.335232000011
5654,4032.045234000011,4032.045234000011
5655,3780.5820000000085,3780.5820000000085
5656,3538.7486820000067,3538.7486820000067
5657,3562.1538180000043,3562.1538180000043
5658,3752.3734560000107,3752.3734560000107
5659,4049.602746000015,4049.602746000015
5660,4409.287476000019,4409.287476000019
5661,4200.838212000021,4200.838212000021
5662,3618.356148000018,3618.356148000018
5663,3346.9559640000134,3346.9559640000134
5664,2637.1456620000117,2637.1456620000117
5665,1990.9686960000056,1990.9686960000056
5666,1883.9968260000041,1883.9968260000041
5667,1956.127290000003,1956.127290000003
5668,2017.5285000000058,2017.5285000000058
5669,2193.1001640000036,2193.1001640000036
5670,2236.806738000004,2236.806738000004
5671,2347.594728000006,2347.594728000006
5672,2649.9454740000074,2649.9454740000074
5673,2692.7929440000075,2692.7929440000075
5674,2975.7893280000058,2975.7893280000058
5675,3221.919288000004,3221.919288000004
5676,3349.5400680000057,3349.5400680000057
5677,3679.685514000011,3679.685514000011
5678,3993.750222000012,3993.750222000012
5679,3779.5296420000104,3779.5296420000104
5680,3546.8789580000075,3546.8789580000075
5681,3416.6401380000057,3416.6401380000057
5682,3517.4557080000113,3517.4557080000113
5683,3915.3128700000166,3915.3128700000166
5684,4252.263786000021,4252.263786000021
5685,4185.925656000022,4185.925656000022
5686,4027.884936000019,4027.884936000019
5687,3437.2819680000152,3437.2819680000152
5688,2653.2157440000115,2653.2157440000115
5689,2106.7127160000055,2106.7127160000055
5690,1981.0509240000047,1981.0509240000047
5691,1981.955952000005,1981.955952000005
5692,2049.450696000004,2049.450696000004
5693,2111.9341620000037,2111.9341620000037
5694,2224.495716000004,2224.495716000004
5695,2368.8153120000056,2368.8153120000056
5696,2635.697094000008,2635.697094000008
5697,2885.421312000008,2885.421312000008
5698,2986.251450000003,2986.251450000003
5699,3255.5127600000033,3255.5127600000033
5700,3325.962768000006,3325.962768000006
5701,3661.9122000000093,3661.9122000000093
5702,3771.1773000000144,3771.1773000000144
5703,3569.878818000009,3569.878818000009
5704,3472.8285960000067,3472.8285960000067
5705,3465.2336640000067,3465.2336640000067
5706,3565.70904000001,3565.70904000001
5707,4054.7602680000196,4054.7602680000196
5708,4188.447000000017,4188.447000000017
5709,3966.73008600002,3966.73008600002
5710,3823.5362340000206,3823.5362340000206
5711,3376.0818960000142,3376.0818960000142
5712,2581.5966540000104,2581.5966540000104
5713,2037.9427380000054,2037.9427380000054
5714,2000.7933060000043,2000.7933060000043
5715,1984.878096000004,1984.878096000004
5716,2125.012422000005,2125.012422000005
5717,2178.8145900000036,2178.8145900000036
5718,2216.4126780000033,2216.4126780000033
5719,2279.3074920000054,2279.3074920000054
5720,2670.6528900000076,2670.6528900000076
5721,2792.0677740000074,2792.0677740000074
5722,2957.437878000005,2957.437878000005
5723,3096.956376000005,3096.956376000005
5724,3345.980304000007,3345.980304000007
5725,3669.3415200000095,3669.3415200000095
5726,3903.132738000013,3903.132738000013
5727,3780.4068360000106,3780.4068360000106
5728,3510.9286560000073,3510.9286560000073
5729,3448.9786560000066,3448.9786560000066
5730,3665.0995440000083,3665.0995440000083
5731,4174.4821080000165,4174.4821080000165
5732,4214.04456000002,4214.04456000002
5733,4132.279146000024,4132.279146000024
5734,3767.4486660000202,3767.4486660000202
5735,3233.409492000016,3233.409492000016
5736,2644.4215680000125,2644.4215680000125
5737,2169.4615380000064,2169.4615380000064
5738,1930.0822140000028,1930.0822140000028
5739,2062.0021860000033,2062.0021860000033
5740,1997.049822000003,1997.049822000003
5741,2123.578758000003,2123.578758000003
5742,2150.2326360000043,2150.2326360000043
5743,2397.614286000005,2397.614286000005
5744,2652.5486040000073,2652.5486040000073
5745,2780.645160000007,2780.645160000007
5746,2892.620190000006,2892.620190000006
5747,3249.2034540000054,3249.2034540000054
5748,3365.9363280000066,3365.9363280000066
5749,3562.83106800001,3562.83106800001
5750,3956.9277840000123,3956.9277840000123
5751,3853.977972000012,3853.977972000012
5752,3519.132396000007,3519.132396000007
5753,3476.938290000007,3476.938290000007
5754,3642.037662000013,3642.037662000013
5755,3762.1871220000166,3762.1871220000166
5756,4362.399912000021,4362.399912000021
5757,4214.709018000021,4214.709018000021
5758,3702.168276000019,3702.168276000019
5759,3259.748376000014,3259.748376000014
5760,2632.4196660000102,2632.4196660000102
5761,2088.1072860000054,2088.1072860000054
5762,2023.837722000005,2023.837722000005
5763,2009.3156220000033,2009.3156220000033
5764,2079.971664000003,2079.971664000003
5765,2149.1461140000038,2149.1461140000038
5766,2297.545974000004,2297.545974000004
5767,2406.037752000006,2406.037752000006
5768,2755.4377980000086,2755.4377980000086
5769,2842.097154000009,2842.097154000009
5770,3025.951404000005,3025.951404000005
5771,3230.803506000004,3230.803506000004
5772,3405.0881100000074,3405.0881100000074
5773,3889.5471420000085,3889.5471420000085
5774,4000.017804000012,4000.017804000012
5775,3821.2119900000102,3821.2119900000102
5776,3536.4230340000067,3536.4230340000067
5777,3451.9906980000064,3451.9906980000064
5778,3626.015334000012,3626.015334000012
5779,3804.913878000019,3804.913878000019
5780,4002.3636300000217,4002.3636300000217
5781,3951.1848120000227,3951.1848120000227
5782,3970.08593400002,3970.08593400002
5783,3360.0390960000177,3360.0390960000177
5784,2764.1088780000127,2764.1088780000127
5785,2153.5136640000064,2153.5136640000064
5786,1961.4189720000036,1961.4189720000036
5787,2044.517100000004,2044.517100000004
5788,2248.9537080000046,2248.9537080000046
5789,2171.128782000002,2171.128782000002
5790,2294.479002000004,2294.479002000004
5791,2408.483628000006,2408.483628000006
5792,2793.294810000009,2793.294810000009
5793,2932.9432080000074,2932.9432080000074
5794,3015.2539800000063,3015.2539800000063
5795,3196.303332000005,3196.303332000005
5796,3477.1030440000063,3477.1030440000063
5797,3733.3374900000117,3733.3374900000117
5798,4000.342236000012,4000.342236000012
5799,3910.2577980000115,3910.2577980000115
5800,3604.3258680000067,3604.3258680000067
5801,3481.071756000006,3481.071756000006
5802,3678.727512000009,3678.727512000009
5803,4068.2811600000177,4068.2811600000177
5804,4406.569620000019,4406.569620000019
5805,4210.348746000021,4210.348746000021
5806,3981.6612120000204,3981.6612120000204
5807,3366.167700000016,3366.167700000016
5808,2607.8499300000126,2607.8499300000126
5809,2189.707308000005,2189.707308000005
5810,1909.263756000004,1909.263756000004
5811,1983.6370920000036,1983.6370920000036
5812,2054.543550000004,2054.543550000004
5813,2146.697592000004,2146.697592000004
5814,2280.5759280000034,2280.5759280000034
5815,2459.2054980000066,2459.2054980000066
5816,2673.3935220000085,2673.3935220000085
5817,2807.7494160000088,2807.7494160000088
5818,2968.0506900000037,2968.0506900000037
5819,3174.7061340000073,3174.7061340000073
5820,3357.4325400000075,3357.4325400000075
5821,3650.387052000009,3650.387052000009
5822,3892.194222000012,3892.194222000012
5823,3757.163064000008,3757.163064000008
5824,3571.0455900000065,3571.0455900000065
5825,3440.277054000005,3440.277054000005
5826,3624.683340000009,3624.683340000009
5827,3705.1737360000157,3705.1737360000157
5828,4049.7518100000234,4049.7518100000234
5829,4064.1248880000217,4064.1248880000217
5830,3624.43224000002,3624.43224000002
5831,3514.120440000017,3514.120440000017
5832,2878.9786260000137,2878.9786260000137
5833,1990.428096000006,1990.428096000006
5834,1901.835114000004,1901.835114000004
5835,1835.6189700000039,1835.6189700000039
5836,1974.2832660000042,1974.2832660000042
5837,2027.147088000004,2027.147088000004
5838,2210.245614000005,2210.245614000005
5839,2406.049764000006,2406.049764000006
5840,2767.985850000008,2767.985850000008
5841,2872.8238620000084,2872.8238620000084
5842,3122.255658000005,3122.255658000005
5843,3270.0663840000047,3270.0663840000047
5844,3454.4082600000056,3454.4082600000056
5845,3701.754150000008,3701.754150000008
5846,3889.2815640000103,3889.2815640000103
5847,3764.627340000012,3764.627340000012
5848,3582.3550980000077,3582.3550980000077
5849,3441.745788000006,3441.745788000006
5850,3547.0575300000105,3547.0575300000105
5851,3940.6691100000166,3940.6691100000166
5852,4181.032374000019,4181.032374000019
5853,4107.470166000018,4107.470166000018
5854,3702.0546240000194,3702.0546240000194
5855,3336.143730000015,3336.143730000015
5856,2664.5311380000135,2664.5311380000135
5857,1996.0987320000058,1996.0987320000058
5858,1873.118316000004,1873.118316000004
5859,1935.1935420000038,1935.1935420000038
5860,2094.7568520000045,2094.7568520000045
5861,2057.196564000003,2057.196564000003
5862,2107.561914000005,2107.561914000005
5863,2328.776850000006,2328.776850000006
5864,2734.8219840000074,2734.8219840000074
5865,2881.2200220000086,2881.2200220000086
5866,3010.024866000006,3010.024866000006
5867,3177.100644000005,3177.100644000005
5868,3392.2096380000066,3392.2096380000066
5869,3663.660840000012,3663.660840000012
5870,3939.532224000012,3939.532224000012
5871,3805.2862140000093,3805.2862140000093
5872,3543.412314000007,3543.412314000007
5873,3507.2259900000054,3507.2259900000054
5874,3644.4419700000085,3644.4419700000085
5875,3938.064660000018,3938.064660000018
5876,4105.8129180000205,4105.8129180000205
5877,4062.7272000000207,4062.7272000000207
5878,4073.925654000018,4073.925654000018
5879,3337.626852000016,3337.626852000016
5880,2587.952106000013,2587.952106000013
5881,2087.7532380000057,2087.7532380000057
5882,1996.9324440000044,1996.9324440000044
5883,2155.7854980000025,2155.7854980000025
5884,2160.7314720000036,2160.7314720000036
5885,2134.782318000003,2134.782318000003
5886,2238.913758000004,2238.913758000004
5887,2454.1914300000053,2454.1914300000053
5888,2738.7174600000076,2738.7174600000076
5889,2923.469946000007,2923.469946000007
5890,3039.6790260000057,3039.6790260000057
5891,3191.509362000005,3191.509362000005
5892,3356.754474000006,3356.754474000006
5893,3606.4602840000093,3606.4602840000093
5894,3878.6864820000155,3878.6864820000155
5895,3675.3944400000105,3675.3944400000105
5896,3413.136402000008,3413.136402000008
5897,3492.416928000006,3492.416928000006
5898,3625.049916000011,3625.049916000011
5899,3977.397486000018,3977.397486000018
5900,4252.711590000022,4252.711590000022
5901,4157.1693060000225,4157.1693060000225
5902,4064.8443420000203,4064.8443420000203
5903,3116.8974720000156,3116.8974720000156
5904,2622.0126000000114,2622.0126000000114
5905,1870.5905760000055,1870.5905760000055
5906,1899.301044000003,1899.301044000003
5907,1939.3806720000032,1939.3806720000032
5908,2070.6430980000046,2070.6430980000046
5909,2084.112390000003,2084.112390000003
5910,2193.9300780000044,2193.9300780000044
5911,2407.608960000006,2407.608960000006
5912,2715.832176000007,2715.832176000007
5913,2899.1692380000086,2899.1692380000086
5914,2911.8901680000045,2911.8901680000045
5915,3154.2347400000053,3154.2347400000053
5916,3289.350768000008,3289.350768000008
5917,3711.1495200000118,3711.1495200000118
5918,3847.991334000012,3847.991334000012
5919,3742.043754000013,3742.043754000013
5920,3544.0497840000066,3544.0497840000066
5921,3474.9562740000047,3474.9562740000047
5922,3668.4190080000108,3668.4190080000108
5923,4156.025694000015,4156.025694000015
5924,4250.56231200002,4250.56231200002
5925,3939.0764220000215,3939.0764220000215
5926,3955.127766000019,3955.127766000019
5927,3344.2472340000163,3344.2472340000163
5928,2561.746188000014,2561.746188000014
5929,1978.4034840000054,1978.4034840000054
5930,1918.7891880000045,1918.7891880000045
5931,1961.5456860000033,1961.5456860000033
5932,2012.9696280000035,2012.9696280000035
5933,2080.5790440000033,2080.5790440000033
5934,2232.8423880000037,2232.8423880000037
5935,2402.806608000006,2402.806608000006
5936,2691.723378000008,2691.723378000008
5937,2845.871934000007,2845.871934000007
5938,3056.516892000006,3056.516892000006
5939,3261.4487040000067,3261.4487040000067
5940,3446.975400000006,3446.975400000006
5941,3680.3257500000095,3680.3257500000095
5942,3987.6744660000118,3987.6744660000118
5943,3868.5271260000127,3868.5271260000127
5944,3553.8975540000083,3553.8975540000083
5945,3523.7444760000044,3523.7444760000044
5946,3657.7687680000104,3657.7687680000104
5947,3955.5543780000144,3955.5543780000144
5948,4416.36762000002,4416.36762000002
5949,4155.335832000023,4155.335832000023
5950,3945.710976000019,3945.710976000019
5951,3401.2356600000144,3401.2356600000144
5952,2568.497898000012,2568.497898000012
5953,1996.0862460000053,1996.0862460000053
5954,2063.741784000004,2063.741784000004
5955,2029.7388840000026,2029.7388840000026
5956,2072.279454000003,2072.279454000003
5957,2075.3522220000045,2075.3522220000045
5958,2117.8778280000047,2117.8778280000047
5959,2367.418134000007,2367.418134000007
5960,2784.6259740000073,2784.6259740000073
5961,2841.9522720000077,2841.9522720000077
5962,3017.310084000005,3017.310084000005
5963,3170.8321020000058,3170.8321020000058
5964,3405.8666880000064,3405.8666880000064
5965,3686.598798000012,3686.598798000012
5966,3966.912486000014,3966.912486000014
5967,3750.828540000012,3750.828540000012
5968,3543.270024000007,3543.270024000007
5969,3392.790660000008,3392.790660000008
5970,3636.8334720000107,3636.8334720000107
5971,3912.1730640000183,3912.1730640000183
5972,4323.502230000023,4323.502230000023
5973,4090.301130000024,4090.301130000024
5974,4083.9095580000226,4083.9095580000226
5975,3297.7860360000172,3297.7860360000172
5976,2630.0710560000116,2630.0710560000116
5977,2080.085574000005,2080.085574000005
5978,1950.1752540000039,1950.1752540000039
5979,2054.249544000003,2054.249544000003
5980,2091.199956000003,2091.199956000003
5981,2285.8581960000033,2285.8581960000033
5982,2351.6505660000043,2351.6505660000043
5983,2429.808972000005,2429.808972000005
5984,2767.0724640000085,2767.0724640000085
5985,2915.9411340000083,2915.9411340000083
5986,3134.985498000005,3134.985498000005
5987,3274.469478000003,3274.469478000003
5988,3367.8230040000053,3367.8230040000053
5989,3651.294438000011,3651.294438000011
5990,3867.1041240000145,3867.1041240000145
5991,3753.1621680000085,3753.1621680000085
5992,3528.5486340000066,3528.5486340000066
5993,3442.1703780000075,3442.1703780000075
5994,3631.0763100000095,3631.0763100000095
5995,3986.6230080000178,3986.6230080000178
5996,4202.532570000024,4202.532570000024
5997,4329.3998580000225,4329.3998580000225
5998,3968.6652720000175,3968.6652720000175
5999,3265.9781580000154,3265.9781580000154
6000,2505.106644000011,2505.106644000011
6001,1903.499724000006,1903.499724000006
6002,2018.3526060000045,2018.3526060000045
6003,1919.9043000000036,1919.9043000000036
6004,1898.8563480000043,1898.8563480000043
6005,2042.8857360000036,2042.8857360000036
6006,2074.063482000004,2074.063482000004
6007,2226.8630940000057,2226.8630940000057
6008,2585.512614000009,2585.512614000009
6009,2720.854308000008,2720.854308000008
6010,2904.7859160000044,2904.7859160000044
6011,3159.426798000004,3159.426798000004
6012,3359.270244000007,3359.270244000007
6013,3690.2153640000092,3690.2153640000092
6014,4057.9516980000103,4057.9516980000103
6015,3844.8084600000107,3844.8084600000107
6016,3475.117728000007,3475.117728000007
6017,3525.700956000005,3525.700956000005
6018,3629.907060000012,3629.907060000012
6019,3867.4836480000167,3867.4836480000167
6020,4396.885182000021,4396.885182000021
6021,4120.885422000021,4120.885422000021
6022,3994.3175340000166,3994.3175340000166
6023,3307.0132800000174,3307.0132800000174
6024,2436.7332660000116,2436.7332660000116
6025,2218.548216000006,2218.548216000006
6026,1957.3706340000035,1957.3706340000035
6027,2042.3944140000028,2042.3944140000028
6028,2086.7044020000026,2086.7044020000026
6029,2154.107982000004,2154.107982000004
6030,2180.8281960000045,2180.8281960000045
6031,2383.145172000007,2383.145172000007
6032,2635.2633420000075,2635.2633420000075
6033,2814.3132840000076,2814.3132840000076
6034,2984.582592000005,2984.582592000005
6035,3285.358734000005,3285.358734000005
6036,3364.534302000008,3364.534302000008
6037,3841.6744500000086,3841.6744500000086
6038,4073.194176000012,4073.194176000012
6039,3814.6597260000085,3814.6597260000085
6040,3483.4588800000083,3483.4588800000083
6041,3464.506602000004,3464.506602000004
6042,3555.8693760000083,3555.8693760000083
6043,3863.9282940000144,3863.9282940000144
6044,4055.0121780000227,4055.0121780000227
6045,4197.895380000022,4197.895380000022
6046,4122.122544000018,4122.122544000018
6047,3356.4714600000148,3356.4714600000148
6048,2705.5654260000115,2705.5654260000115
6049,1932.0131580000052,1932.0131580000052
6050,1983.482802000005,1983.482802000005
6051,1931.3488140000036,1931.3488140000036
6052,1964.814750000003,1964.814750000003
6053,2064.4687020000024,2064.4687020000024
6054,2069.5927500000034,2069.5927500000034
6055,2245.8603720000056,2245.8603720000056
6056,2674.9158060000073,2674.9158060000073
6057,2856.4829640000075,2856.4829640000075
6058,3017.363244000004,3017.363244000004
6059,3300.180924000005,3300.180924000005
6060,3399.992916000007,3399.992916000007
6061,3731.0206320000107,3731.0206320000107
6062,3986.708394000013,3986.708394000013
6063,3747.5720340000084,3747.5720340000084
6064,3490.4310240000054,3490.4310240000054
6065,3513.1666740000064,3513.1666740000064
6066,3646.413858000009,3646.413858000009
6067,3889.9921620000164,3889.9921620000164
6068,4270.62657000002,4270.62657000002
6069,4218.39496200002,4218.39496200002
6070,3906.741078000018,3906.741078000018
6071,3349.189128000015,3349.189128000015
6072,2551.4356440000124,2551.4356440000124
6073,2074.429314000006,2074.429314000006
6074,1987.3225680000041,1987.3225680000041
6075,2093.1178740000028,2093.1178740000028
6076,1999.2125640000036,1999.2125640000036
6077,2172.3004020000044,2172.3004020000044
6078,2223.955842000005,2223.955842000005
6079,2413.5865320000066,2413.5865320000066
6080,2791.234836000008,2791.234836000008
6081,2910.629280000008,2910.629280000008
6082,3013.2649320000046,3013.2649320000046
6083,3282.3455700000036,3282.3455700000036
6084,3343.469928000006,3343.469928000006
6085,3600.2740020000115,3600.2740020000115
6086,3977.858988000011,3977.858988000011
6087,3729.857664000009,3729.857664000009
6088,3603.9875640000046,3603.9875640000046
6089,3516.2103900000075,3516.2103900000075
6090,3624.6459240000104,3624.6459240000104
6091,3837.541980000017,3837.541980000017
6092,4359.372270000023,4359.372270000023
6093,4292.174538000021,4292.174538000021
6094,4275.872766000018,4275.872766000018
6095,3560.8749300000163,3560.8749300000163
6096,2763.214956000015,2763.214956000015
6097,1869.3547920000053,1869.3547920000053
6098,1849.9221180000043,1849.9221180000043
6099,1978.394598000003,1978.394598000003
6100,2057.480358000005,2057.480358000005
6101,2152.8656640000036,2152.8656640000036
6102,2240.255112000004,2240.255112000004
6103,2373.0927600000064,2373.0927600000064
6104,2795.6355000000076,2795.6355000000076
6105,2808.4090200000064,2808.4090200000064
6106,2910.960018000005,2910.960018000005
6107,3259.833552000005,3259.833552000005
6108,3397.3565760000056,3397.3565760000056
6109,3673.7741820000097,3673.7741820000097
6110,3877.1360940000095,3877.1360940000095
6111,3695.4770340000096,3695.4770340000096
6112,3442.2844560000062,3442.2844560000062
6113,3479.7472440000065,3479.7472440000065
6114,3629.440230000012,3629.440230000012
6115,3966.051366000018,3966.051366000018
6116,4456.75038600002,4456.75038600002
6117,4183.34161800002,4183.34161800002
6118,3868.914618000018,3868.914618000018
6119,3189.672048000016,3189.672048000016
6120,2436.3371580000126,2436.3371580000126
6121,2045.4729240000054,2045.4729240000054
6122,1836.170280000004,1836.170280000004
6123,2007.0423480000038,2007.0423480000038
6124,2037.4751220000035,2037.4751220000035
6125,2106.919104000004,2106.919104000004
6126,2167.0356900000043,2167.0356900000043
6127,2374.3262820000073,2374.3262820000073
6128,2778.747522000009,2778.747522000009
6129,2864.7228900000086,2864.7228900000086
6130,3054.6371340000055,3054.6371340000055
6131,3202.020438000006,3202.020438000006
6132,3375.3982680000067,3375.3982680000067
6133,3586.23479400001,3586.23479400001
6134,3976.542042000008,3976.542042000008
6135,3804.7454280000106,3804.7454280000106
6136,3480.976512000007,3480.976512000007
6137,3464.463306000005,3464.463306000005
6138,3687.1042980000093,3687.1042980000093
6139,3948.5694900000162,3948.5694900000162
6140,4255.732080000022,4255.732080000022
6141,4156.21320600002,4156.21320600002
6142,3978.029124000022,3978.029124000022
6143,3436.805940000016,3436.805940000016
6144,2502.0618900000136,2502.0618900000136
6145,1886.3143440000056,1886.3143440000056
6146,1974.5939400000027,1974.5939400000027
6147,1944.9761340000039,1944.9761340000039
6148,2077.3078380000043,2077.3078380000043
6149,2112.3735600000045,2112.3735600000045
6150,2197.189548000005,2197.189548000005
6151,2254.9497780000056,2254.9497780000056
6152,2663.411268000008,2663.411268000008
6153,2870.0814660000074,2870.0814660000074
6154,2977.9989300000057,2977.9989300000057
6155,3235.7559240000037,3235.7559240000037
6156,3471.573828000006,3471.573828000006
6157,3684.2932380000098,3684.2932380000098
6158,4138.14758400001,4138.14758400001
6159,3801.0946140000106,3801.0946140000106
6160,3552.855558000008,3552.855558000008
6161,3434.691666000007,3434.691666000007
6162,3498.4798680000104,3498.4798680000104
6163,3920.2532940000165,3920.2532940000165
6164,4034.0078940000203,4034.0078940000203
6165,4122.462390000022,4122.462390000022
6166,3991.1664720000203,3991.1664720000203
6167,3297.148950000017,3297.148950000017
6168,2533.6384140000123,2533.6384140000123
6169,1958.3235600000053,1958.3235600000053
6170,1872.2357580000044,1872.2357580000044
6171,2039.6699220000037,2039.6699220000037
6172,2055.0280620000044,2055.0280620000044
6173,2089.864050000004,2089.864050000004
6174,2313.5755560000034,2313.5755560000034
6175,2344.3421880000064,2344.3421880000064
6176,2765.0487000000085,2765.0487000000085
6177,2767.994724000006,2767.994724000006
6178,3020.551536000005,3020.551536000005
6179,3330.8570520000044,3330.8570520000044
6180,3449.1443040000067,3449.1443040000067
6181,3777.254226000011,3777.254226000011
6182,3875.973426000014,3875.973426000014
6183,3750.9221580000117,3750.9221580000117
6184,3493.748232000009,3493.748232000009
6185,3459.0660900000066,3459.0660900000066
6186,3614.0996460000097,3614.0996460000097
6187,3878.2596360000202,3878.2596360000202
6188,4242.580416000021,4242.580416000021
6189,4262.872254000023,4262.872254000023
6190,3786.0743160000216,3786.0743160000216
6191,3363.1359540000167,3363.1359540000167
6192,2740.6640220000113,2740.6640220000113
6193,2059.506060000007,2059.506060000007
6194,1979.089440000003,1979.089440000003
6195,2048.963388000003,2048.963388000003
6196,2073.317982000005,2073.317982000005
6197,2189.5611180000037,2189.5611180000037
6198,2208.655926000003,2208.655926000003
6199,2406.075708000006,2406.075708000006
6200,2772.968478000007,2772.968478000007
6201,2999.9016720000063,2999.9016720000063
6202,3042.1619280000045,3042.1619280000045
6203,3272.4421860000025,3272.4421860000025
6204,3376.303140000007,3376.303140000007
6205,3659.7304440000103,3659.7304440000103
6206,3883.895346000013,3883.895346000013
6207,3754.066632000008,3754.066632000008
6208,3432.211812000006,3432.211812000006
6209,3456.527676000007,3456.527676000007
6210,3636.8809500000093,3636.8809500000093
6211,3907.1010720000127,3907.1010720000127
6212,4140.546750000021,4140.546750000021
6213,4376.47942200002,4376.47942200002
6214,4075.380876000017,4075.380876000017
6215,3250.303050000018,3250.303050000018
6216,2590.9445040000123,2590.9445040000123
6217,2048.4066660000044,2048.4066660000044
6218,1899.901428000003,1899.901428000003
6219,1995.6300180000044,1995.6300180000044
6220,2007.5326380000035,2007.5326380000035
6221,2128.0416240000027,2128.0416240000027
6222,2210.1594240000045,2210.1594240000045
6223,2332.4686980000065,2332.4686980000065
6224,2702.1461700000073,2702.1461700000073
6225,2960.2677180000082,2960.2677180000082
6226,3043.3029300000057,3043.3029300000057
6227,3303.5592660000034,3303.5592660000034
6228,3405.4753860000064,3405.4753860000064
6229,3660.956190000011,3660.956190000011
6230,3998.308062000013,3998.308062000013
6231,3973.8380580000107,3973.8380580000107
6232,3507.920202000008,3507.920202000008
6233,3437.234058000005,3437.234058000005
6234,3630.0901140000105,3630.0901140000105
6235,3948.2691180000193,3948.2691180000193
6236,4392.484002000022,4392.484002000022
6237,4015.2436200000216,4015.2436200000216
6238,3894.41987400002,3894.41987400002
6239,3350.3963340000164,3350.3963340000164
6240,2585.2402560000132,2585.2402560000132
6241,1886.0279760000042,1886.0279760000042
6242,1957.2678660000036,1957.2678660000036
6243,1989.7624560000045,1989.7624560000045
6244,2100.271308000003,2100.271308000003
6245,2151.5714640000033,2151.5714640000033
6246,2280.375228000004,2280.375228000004
6247,2366.1164520000057,2366.1164520000057
6248,2814.0888360000085,2814.0888360000085
6249,2855.915322000008,2855.915322000008
6250,3106.427070000006,3106.427070000006
6251,3288.1790580000047,3288.1790580000047
6252,3336.827664000008,3336.827664000008
6253,3805.84201800001,3805.84201800001
6254,4048.78353600001,4048.78353600001
6255,3736.6915560000084,3736.6915560000084
6256,3513.258816000006,3513.258816000006
6257,3514.572738000007,3514.572738000007
6258,3732.709380000012,3732.709380000012
6259,4027.47783600002,4027.47783600002
6260,4347.007728000023,4347.007728000023
6261,4164.128952000023,4164.128952000023
6262,3866.3340240000166,3866.3340240000166
6263,3280.0426620000144,3280.0426620000144
6264,2549.495166000012,2549.495166000012
6265,2049.155988000007,2049.155988000007
6266,1960.9934520000043,1960.9934520000043
6267,2029.2701280000038,2029.2701280000038
6268,2063.337654000003,2063.337654000003
6269,2087.865348000004,2087.865348000004
6270,2123.3398380000053,2123.3398380000053
6271,2290.206894000006,2290.206894000006
6272,2589.395334000009,2589.395334000009
6273,2801.9454600000076,2801.9454600000076
6274,3011.1256740000053,3011.1256740000053
6275,3341.3276040000037,3341.3276040000037
6276,3436.0394400000077,3436.0394400000077
6277,3760.81858200001,3760.81858200001
6278,4019.938812000011,4019.938812000011
6279,3791.483010000011,3791.483010000011
6280,3534.072306000006,3534.072306000006
6281,3507.9021840000064,3507.9021840000064
6282,3593.8628160000117,3593.8628160000117
6283,3780.1553220000173,3780.1553220000173
6284,4296.59772600002,4296.59772600002
6285,4129.08916800002,4129.08916800002
6286,4131.989682000022,4131.989682000022
6287,3404.4977760000165,3404.4977760000165
6288,2749.5694860000117,2749.5694860000117
6289,2083.676412000006,2083.676412000006
6290,1915.413678000004,1915.413678000004
6291,1912.758702000004,1912.758702000004
6292,1892.4078240000042,1892.4078240000042
6293,2091.2420280000033,2091.2420280000033
6294,2156.4073560000033,2156.4073560000033
6295,2363.1073620000057,2363.1073620000057
6296,2644.4063520000072,2644.4063520000072
6297,2775.5037300000076,2775.5037300000076
6298,2933.394138000005,2933.394138000005
6299,3182.7114840000027,3182.7114840000027
6300,3325.889454000008,3325.889454000008
6301,3700.80312600001,3700.80312600001
6302,3776.9255160000116,3776.9255160000116
6303,3798.6078600000105,3798.6078600000105
6304,3561.4983300000067,3561.4983300000067
6305,3451.5471060000054,3451.5471060000054
6306,3623.5478940000116,3623.5478940000116
6307,3812.877048000013,3812.877048000013
6308,4187.93878200002,4187.93878200002
6309,4113.617418000022,4113.617418000022
6310,3877.6771620000177,3877.6771620000177
6311,3312.2666040000154,3312.2666040000154
6312,2670.5966880000115,2670.5966880000115
6313,1953.4512300000047,1953.4512300000047
6314,1917.2662320000038,1917.2662320000038
6315,2048.005116000005,2048.005116000005
6316,2068.8003060000033,2068.8003060000033
6317,2069.1559140000045,2069.1559140000045
6318,2189.0659560000045,2189.0659560000045
6319,2334.0937260000064,2334.0937260000064
6320,2686.3271040000077,2686.3271040000077
6321,2831.848428000008,2831.848428000008
6322,2919.275412000003,2919.275412000003
6323,3176.3465340000043,3176.3465340000043
6324,3484.447044000007,3484.447044000007
6325,3760.875924000008,3760.875924000008
6326,3876.8606280000104,3876.8606280000104
6327,3725.94874800001,3725.94874800001
6328,3526.9529400000047,3526.9529400000047
6329,3494.3860800000066,3494.3860800000066
6330,3618.2176380000105,3618.2176380000105
6331,3965.3095320000143,3965.3095320000143
6332,4356.46149600002,4356.46149600002
6333,3937.92573000002,3937.92573000002
6334,3694.080330000018,3694.080330000018
6335,3418.004814000017,3418.004814000017
6336,2591.4349020000122,2591.4349020000122
6337,1976.707038000005,1976.707038000005
6338,1880.3733960000043,1880.3733960000043
6339,2036.0473620000032,2036.0473620000032
6340,2082.696792000004,2082.696792000004
6341,2165.1432180000043,2165.1432180000043
6342,2218.0994160000037,2218.0994160000037
6343,2360.575338000005,2360.575338000005
6344,2749.5166800000084,2749.5166800000084
6345,2933.014290000008,2933.014290000008
6346,2990.2521540000057,2990.2521540000057
6347,3221.9524680000036,3221.9524680000036
6348,3344.949426000007,3344.949426000007
6349,3695.8453680000093,3695.8453680000093
6350,3842.5803240000128,3842.5803240000128
6351,3736.940400000011,3736.940400000011
6352,3537.871728000007,3537.871728000007
6353,3463.1201340000066,3463.1201340000066
6354,3729.897462000009,3729.897462000009
6355,4164.382344000017,4164.382344000017
6356,4177.090380000023,4177.090380000023
6357,4262.249376000022,4262.249376000022
6358,3813.259344000019,3813.259344000019
6359,3157.687260000016,3157.687260000016
6360,2644.785348000013,2644.785348000013
6361,2092.8072600000064,2092.8072600000064
6362,1913.4500340000038,1913.4500340000038
6363,1950.786648000003,1950.786648000003
6364,1987.5663600000032,1987.5663600000032
6365,2156.627682000004,2156.627682000004
6366,2216.071866000004,2216.071866000004
6367,2348.180760000006,2348.180760000006
6368,2722.407534000007,2722.407534000007
6369,2855.3032140000078,2855.3032140000078
6370,3077.095746000007,3077.095746000007
6371,3246.516906000002,3246.516906000002
6372,3352.302870000006,3352.302870000006
6373,3794.2856940000092,3794.2856940000092
6374,3927.3604200000104,3927.3604200000104
6375,3742.0258380000087,3742.0258380000087
6376,3629.2219320000063,3629.2219320000063
6377,3473.9377200000063,3473.9377200000063
6378,3510.6528660000104,3510.6528660000104
6379,3838.455252000018,3838.455252000018
6380,4137.148968000022,4137.148968000022
6381,4324.987518000026,4324.987518000026
6382,4110.948390000016,4110.948390000016
6383,3514.339560000017,3514.339560000017
6384,2768.603580000014,2768.603580000014
6385,1999.188936000006,1999.188936000006
6386,1981.2792960000033,1981.2792960000033
6387,1947.719166000004,1947.719166000004
6388,2009.8299720000032,2009.8299720000032
6389,2123.319048000003,2123.319048000003
6390,2204.297922000003,2204.297922000003
6391,2347.364286000005,2347.364286000005
6392,2738.203872000007,2738.203872000007
6393,2802.688656000008,2802.688656000008
6394,2917.2526740000044,2917.2526740000044
6395,3209.8136820000027,3209.8136820000027
6396,3486.0028020000077,3486.0028020000077
6397,3668.92451400001,3668.92451400001
6398,3933.2589300000145,3933.2589300000145
6399,3829.6741320000074,3829.6741320000074
6400,3587.7794940000063,3587.7794940000063
6401,3473.3865900000055,3473.3865900000055
6402,3667.69272600001,3667.69272600001
6403,3852.340386000019,3852.340386000019
6404,4285.13527200002,4285.13527200002
6405,4197.377088000022,4197.377088000022
6406,4110.12849000002,4110.12849000002
6407,3390.172476000017,3390.172476000017
6408,2653.748400000013,2653.748400000013
6409,2082.1076700000062,2082.1076700000062
6410,1928.101494000003,1928.101494000003
6411,1939.860402000003,1939.860402000003
6412,2008.9909680000023,2008.9909680000023
6413,2072.8673220000037,2072.8673220000037
6414,2208.251226000004,2208.251226000004
6415,2323.999284000005,2323.999284000005
6416,2734.3534140000083,2734.3534140000083
6417,2863.3545720000075,2863.3545720000075
6418,2943.661590000006,2943.661590000006
6419,3303.8982300000052,3303.8982300000052
6420,3434.0808000000056,3434.0808000000056
6421,3745.821120000012,3745.821120000012
6422,3911.5289400000115,3911.5289400000115
6423,3723.040464000012,3723.040464000012
6424,3477.2530380000067,3477.2530380000067
6425,3496.132974000006,3496.132974000006
6426,3691.542606000012,3691.542606000012
6427,3850.6841640000143,3850.6841640000143
6428,4319.655522000023,4319.655522000023
6429,3973.1833200000206,3973.1833200000206
6430,3781.04961000002,3781.04961000002
6431,3460.823640000016,3460.823640000016
6432,2763.2258340000126,2763.2258340000126
6433,1940.7375480000044,1940.7375480000044
6434,1837.8689940000038,1837.8689940000038
6435,1966.2295680000043,1966.2295680000043
6436,2191.499154000003,2191.499154000003
6437,2197.4043720000022,2197.4043720000022
6438,2203.549638000004,2203.549638000004
6439,2388.5927640000064,2388.5927640000064
6440,2755.3314600000085,2755.3314600000085
6441,2906.6070300000083,2906.6070300000083
6442,3041.6084100000057,3041.6084100000057
6443,3238.7456520000046,3238.7456520000046
6444,3390.0603060000067,3390.0603060000067
6445,3659.1335340000082,3659.1335340000082
6446,3932.3508120000106,3932.3508120000106
6447,3790.7261040000094,3790.7261040000094
6448,3540.084288000007,3540.084288000007
6449,3439.3406640000053,3439.3406640000053
6450,3590.5658520000106,3590.5658520000106
6451,3983.4123720000157,3983.4123720000157
6452,4357.736316000021,4357.736316000021
6453,4081.2969240000216,4081.2969240000216
6454,3938.6374380000175,3938.6374380000175
6455,3359.206782000013,3359.206782000013
6456,2649.826950000011,2649.826950000011
6457,1938.7492740000037,1938.7492740000037
6458,1880.1571860000038,1880.1571860000038
6459,1934.3988000000038,1934.3988000000038
6460,2052.292350000004,2052.292350000004
6461,2187.5910960000033,2187.5910960000033
6462,2211.2103840000036,2211.2103840000036
6463,2422.4685780000054,2422.4685780000054
6464,2751.875388000008,2751.875388000008
6465,2836.517244000007,2836.517244000007
6466,2922.5289180000063,2922.5289180000063
6467,3191.693832000002,3191.693832000002
6468,3396.409608000008,3396.409608000008
6469,3616.8533340000117,3616.8533340000117
6470,3998.031756000012,3998.031756000012
6471,3728.648046000013,3728.648046000013
6472,3545.492742000007,3545.492742000007
6473,3552.097896000007,3552.097896000007
6474,3605.690004000012,3605.690004000012
6475,3940.386150000013,3940.386150000013
6476,4404.08389800002,4404.08389800002
6477,4179.682404000021,4179.682404000021
6478,4042.4035980000203,4042.4035980000203
6479,3215.560014000017,3215.560014000017
6480,2536.5303780000113,2536.5303780000113
6481,2091.697206000006,2091.697206000006
6482,1976.4810720000035,1976.4810720000035
6483,1957.2500940000043,1957.2500940000043
6484,2051.929980000004,2051.929980000004
6485,2138.251152000005,2138.251152000005
6486,2137.5852780000037,2137.5852780000037
6487,2369.114124000007,2369.114124000007
6488,2703.6514140000086,2703.6514140000086
6489,2780.3740980000066,2780.3740980000066
6490,3031.7818380000053,3031.7818380000053
6491,3211.0135800000025,3211.0135800000025
6492,3321.8925960000065,3321.8925960000065
6493,3529.246680000011,3529.246680000011
6494,3881.9366940000095,3881.9366940000095
6495,3719.9333640000095,3719.9333640000095
6496,3581.2340760000084,3581.2340760000084
6497,3535.577592000006,3535.577592000006
6498,3650.7562740000108,3650.7562740000108
6499,4025.460258000018,4025.460258000018
6500,4366.798074000022,4366.798074000022
6501,4376.649468000024,4376.649468000024
6502,4187.532252000017,4187.532252000017
6503,3297.3807660000157,3297.3807660000157
6504,2705.083128000012,2705.083128000012
6505,2016.2868540000059,2016.2868540000059
6506,1763.9722860000043,1763.9722860000043
6507,1935.9838260000033,1935.9838260000033
6508,1970.9287560000046,1970.9287560000046
6509,2002.128234000003,2002.128234000003
6510,2170.513290000003,2170.513290000003
6511,2406.763308000005,2406.763308000005
6512,2701.370856000008,2701.370856000008
6513,2886.914628000008,2886.914628000008
6514,3067.401414000005,3067.401414000005
6515,3223.5009960000043,3223.5009960000043
6516,3327.2295060000065,3327.2295060000065
6517,3765.8417160000095,3765.8417160000095
6518,4081.192122000013,4081.192122000013
6519,3909.052878000012,3909.052878000012
6520,3516.7554120000063,3516.7554120000063
6521,3480.470970000005,3480.470970000005
6522,3640.0283580000096,3640.0283580000096
6523,3996.261234000014,3996.261234000014
6524,4138.28259600002,4138.28259600002
6525,4228.331238000022,4228.331238000022
6526,3948.9067020000202,3948.9067020000202
6527,3415.1786040000165,3415.1786040000165
6528,2759.2097220000132,2759.2097220000132
6529,2016.5221800000047,2016.5221800000047
6530,2030.7869460000054,2030.7869460000054
6531,2014.1118720000034,2014.1118720000034
6532,2069.969496000003,2069.969496000003
6533,2131.324338000003,2131.324338000003
6534,2082.140148000003,2082.140148000003
6535,2286.2085000000056,2286.2085000000056
6536,2717.017986000009,2717.017986000009
6537,2876.312316000007,2876.312316000007
6538,2970.5753040000054,2970.5753040000054
6539,3193.837050000005,3193.837050000005
6540,3444.1049340000072,3444.1049340000072
6541,3741.9977160000067,3741.9977160000067
6542,3830.0555280000135,3830.0555280000135
6543,3744.2393340000117,3744.2393340000117
6544,3546.503724000007,3546.503724000007
6545,3539.053362000007,3539.053362000007
6546,3591.7902240000094,3591.7902240000094
6547,3907.5936720000154,3907.5936720000154
6548,4337.555004000022,4337.555004000022
6549,4278.194256000021,4278.194256000021
6550,3888.2242140000194,3888.2242140000194
6551,3331.1882220000157,3331.1882220000157
6552,2505.028086000012,2505.028086000012
6553,1913.0766240000066,1913.0766240000066
6554,1841.6066640000033,1841.6066640000033
6555,1869.5038380000024,1869.5038380000024
6556,2044.3016760000048,2044.3016760000048
6557,2137.2842940000046,2137.2842940000046
6558,2249.623254000005,2249.623254000005
6559,2393.0082300000063,2393.0082300000063
6560,2804.631168000007,2804.631168000007
6561,2860.706382000007,2860.706382000007
6562,3070.567806000005,3070.567806000005
6563,3224.4552000000044,3224.4552000000044
6564,3354.6921000000057,3354.6921000000057
6565,3730.5108000000105,3730.5108000000105
6566,3975.42892800001,3975.42892800001
6567,3828.686874000008,3828.686874000008
6568,3468.7735500000053,3468.7735500000053
6569,3394.203942000006,3394.203942000006
6570,3588.0480960000104,3588.0480960000104
6571,3940.9485360000153,3940.9485360000153
6572,4442.098446000022,4442.098446000022
6573,4487.006664000025,4487.006664000025
6574,3895.53477600002,3895.53477600002
6575,3404.9666700000166,3404.9666700000166
6576,2699.208798000011,2699.208798000011
6577,2111.3154000000054,2111.3154000000054
6578,2015.1121800000037,2015.1121800000037
6579,2100.1074000000035,2100.1074000000035
6580,2084.9349840000036,2084.9349840000036
6581,2124.631260000002,2124.631260000002
6582,2190.596802000004,2190.596802000004
6583,2384.332446000006,2384.332446000006
6584,2732.159388000009,2732.159388000009
6585,2812.180854000008,2812.180854000008
6586,3034.469448000004,3034.469448000004
6587,3256.2591720000055,3256.2591720000055
6588,3432.515550000006,3432.515550000006
6589,3651.931656000007,3651.931656000007
6590,3953.998068000008,3953.998068000008
6591,3708.733380000012,3708.733380000012
6592,3555.7426080000064,3555.7426080000064
6593,3463.7930880000054,3463.7930880000054
6594,3681.344280000013,3681.344280000013
6595,3848.560800000019,3848.560800000019
6596,4384.012740000019,4384.012740000019
6597,4089.072252000024,4089.072252000024
6598,3864.485184000019,3864.485184000019
6599,3571.4884680000146,3571.4884680000146
6600,2774.8162380000113,2774.8162380000113
6601,2125.901862000007,2125.901862000007
6602,2005.9948320000044,2005.9948320000044
6603,1969.8318240000035,1969.8318240000035
6604,2083.9387380000035,2083.9387380000035
6605,2150.1589500000046,2150.1589500000046
6606,2418.191538000005,2418.191538000005
6607,2563.1013660000067,2563.1013660000067
6608,2743.3768020000084,2743.3768020000084
6609,2970.827280000008,2970.827280000008
6610,3007.7710500000053,3007.7710500000053
6611,3230.975604000003,3230.975604000003
6612,3434.604684000006,3434.604684000006
6613,3716.380572000008,3716.380572000008
6614,3883.4059620000094,3883.4059620000094
6615,3726.7884720000065,3726.7884720000065
6616,3476.778192000006,3476.778192000006
6617,3448.5528960000056,3448.5528960000056
6618,3622.7551140000105,3622.7551140000105
6619,3816.3515340000163,3816.3515340000163
6620,4350.068952000019,4350.068952000019
6621,4011.9810720000187,4011.9810720000187
6622,4177.951884000018,4177.951884000018
6623,3458.410764000015,3458.410764000015
6624,2686.777956000012,2686.777956000012
6625,2058.5023560000072,2058.5023560000072
6626,1848.246030000004,1848.246030000004
6627,1974.5514300000038,1974.5514300000038
6628,1994.8135980000045,1994.8135980000045
6629,2129.5216440000036,2129.5216440000036
6630,2195.988786000003,2195.988786000003
6631,2351.193486000006,2351.193486000006
6632,2804.6256600000083,2804.6256600000083
6633,2943.0364080000077,2943.0364080000077
6634,3053.2973220000054,3053.2973220000054
6635,3257.195430000002,3257.195430000002
6636,3494.211258000007,3494.211258000007
6637,3663.495990000011,3663.495990000011
6638,3974.251890000013,3974.251890000013
6639,3827.2380780000135,3827.2380780000135
6640,3446.7060000000074,3446.7060000000074
6641,3548.7571620000067,3548.7571620000067
6642,3655.5797280000093,3655.5797280000093
6643,3869.062386000015,3869.062386000015
6644,4349.15000400002,4349.15000400002
6645,4162.893822000022,4162.893822000022
6646,4181.01666600002,4181.01666600002
6647,3497.553018000016,3497.553018000016
6648,2758.113162000012,2758.113162000012
6649,2037.4987800000042,2037.4987800000042
6650,1971.9561180000028,1971.9561180000028
6651,1977.162606000003,1977.162606000003
6652,2027.6351280000024,2027.6351280000024
6653,2080.0695300000034,2080.0695300000034
6654,2174.7801240000035,2174.7801240000035
6655,2300.2561020000057,2300.2561020000057
6656,2691.0257160000074,2691.0257160000074
6657,2817.391098000007,2817.391098000007
6658,3031.3446840000056,3031.3446840000056
6659,3338.1247860000044,3338.1247860000044
6660,3451.0142460000056,3451.0142460000056
6661,3805.930176000012,3805.930176000012
6662,4197.126042000011,4197.126042000011
6663,3917.4190440000116,3917.4190440000116
6664,3433.757382000007,3433.757382000007
6665,3564.326820000006,3564.326820000006
6666,3696.7959240000123,3696.7959240000123
6667,4039.8993600000153,4039.8993600000153
6668,4256.82737400002,4256.82737400002
6669,3977.3204700000188,3977.3204700000188
6670,4033.255290000023,4033.255290000023
6671,3655.8936660000163,3655.8936660000163
6672,2729.8952040000117,2729.8952040000117
6673,2057.1009420000064,2057.1009420000064
6674,1948.268988000005,1948.268988000005
6675,2055.4086720000037,2055.4086720000037
6676,2045.7961440000022,2045.7961440000022
6677,2060.0393700000036,2060.0393700000036
6678,2129.5216920000034,2129.5216920000034
6679,2260.7499060000046,2260.7499060000046
6680,2703.5763960000086,2703.5763960000086
6681,2831.1193800000074,2831.1193800000074
6682,2967.5881860000045,2967.5881860000045
6683,3246.4858920000047,3246.4858920000047
6684,3377.7310860000075,3377.7310860000075
6685,3691.97617800001,3691.97617800001
6686,3933.3116400000117,3933.3116400000117
6687,3806.0342100000103,3806.0342100000103
6688,3645.428136000008,3645.428136000008
6689,3433.8002580000057,3433.8002580000057
6690,3652.36816800001,3652.36816800001
6691,3994.4310540000156,3994.4310540000156
6692,4385.275728000022,4385.275728000022
6693,4005.74604000002,4005.74604000002
6694,3956.6447160000193,3956.6447160000193
6695,3651.915078000014,3651.915078000014
6696,2692.298400000013,2692.298400000013
6697,1880.611344000005,1880.611344000005
6698,1805.8346460000034,1805.8346460000034
6699,1908.8937360000043,1908.8937360000043
6700,1914.4553160000041,1914.4553160000041
6701,2091.692862000002,2091.692862000002
6702,2090.0769300000043,2090.0769300000043
6703,2304.9924840000062,2304.9924840000062
6704,2680.017282000007,2680.017282000007
6705,2858.7181260000075,2858.7181260000075
6706,3058.3205940000066,3058.3205940000066
6707,3213.5513340000048,3213.5513340000048
6708,3425.2404300000057,3425.2404300000057
6709,3786.466554000011,3786.466554000011
6710,3956.8523580000106,3956.8523580000106
6711,3738.5446260000094,3738.5446260000094
6712,3466.9932960000065,3466.9932960000065
6713,3481.2891960000065,3481.2891960000065
6714,3627.124068000009,3627.124068000009
6715,3844.3910340000166,3844.3910340000166
6716,4281.16040400002,4281.16040400002
6717,4106.4450180000185,4106.4450180000185
6718,4057.0965840000163,4057.0965840000163
6719,3499.1105700000153,3499.1105700000153
6720,2672.494704000013,2672.494704000013
6721,2072.0880540000053,2072.0880540000053
6722,1944.1647960000041,1944.1647960000041
6723,1986.7272720000033,1986.7272720000033
6724,2037.4493340000035,2037.4493340000035
6725,2091.724728000002,2091.724728000002
6726,2243.970870000003,2243.970870000003
6727,2381.3987580000057,2381.3987580000057
6728,2890.539060000008,2890.539060000008
6729,2965.943286000008,2965.943286000008
6730,2989.9568100000047,2989.9568100000047
6731,3162.2046180000034,3162.2046180000034
6732,3383.864586000007,3383.864586000007
6733,3587.6928660000103,3587.6928660000103
6734,3874.6294080000116,3874.6294080000116
6735,3810.429690000008,3810.429690000008
6736,3494.1447480000065,3494.1447480000065
6737,3445.2738420000064,3445.2738420000064
6738,3614.5783560000095,3614.5783560000095
6739,4045.1524500000164,4045.1524500000164
6740,4008.0462420000204,4008.0462420000204
6741,4047.4715940000215,4047.4715940000215
6742,4210.028106000019,4210.028106000019
6743,3593.758944000018,3593.758944000018
6744,2884.1759700000116,2884.1759700000116
6745,2095.737876000005,2095.737876000005
6746,1982.3196660000033,1982.3196660000033
6747,2024.261142000002,2024.261142000002
6748,2050.121514000004,2050.121514000004
6749,2182.9305360000026,2182.9305360000026
6750,2229.629478000004,2229.629478000004
6751,2419.4712300000056,2419.4712300000056
6752,2867.478378000009,2867.478378000009
6753,2874.3084660000077,2874.3084660000077
6754,3013.3187520000038,3013.3187520000038
6755,3287.707026000004,3287.707026000004
6756,3398.798760000007,3398.798760000007
6757,3828.3140220000123,3828.3140220000123
6758,3958.0130580000155,3958.0130580000155
6759,3667.56980400001,3667.56980400001
6760,3546.1487580000075,3546.1487580000075
6761,3433.4495340000067,3433.4495340000067
6762,3579.8021640000115,3579.8021640000115
6763,3892.7286300000164,3892.7286300000164
6764,4325.389422000022,4325.389422000022
6765,4169.575980000021,4169.575980000021
6766,3941.5860840000205,3941.5860840000205
6767,3478.1019180000167,3478.1019180000167
6768,2805.7360620000118,2805.7360620000118
6769,1948.7648820000068,1948.7648820000068
6770,1966.0703640000047,1966.0703640000047
6771,2003.3222820000035,2003.3222820000035
6772,2114.5982640000043,2114.5982640000043
6773,2073.8294700000033,2073.8294700000033
6774,2241.9181740000035,2241.9181740000035
6775,2433.7861320000047,2433.7861320000047
6776,2751.8249040000073,2751.8249040000073
6777,2858.247978000007,2858.247978000007
6778,2952.803592000004,2952.803592000004
6779,3190.9812780000043,3190.9812780000043
6780,3328.1594220000056,3328.1594220000056
6781,3704.176974000013,3704.176974000013
6782,3986.9980980000123,3986.9980980000123
6783,3789.2334420000107,3789.2334420000107
6784,3554.910246000006,3554.910246000006
6785,3478.1257800000053,3478.1257800000053
6786,3628.6926300000105,3628.6926300000105
6787,4063.3825560000155,4063.3825560000155
6788,4282.849626000023,4282.849626000023
6789,4348.092762000021,4348.092762000021
6790,4047.996084000019,4047.996084000019
6791,3540.4082460000186,3540.4082460000186
6792,2739.638100000014,2739.638100000014
6793,2041.5848580000043,2041.5848580000043
6794,1915.1483520000036,1915.1483520000036
6795,1936.9453560000031,1936.9453560000031
6796,1878.4327500000034,1878.4327500000034
6797,2127.8103240000028,2127.8103240000028
6798,2276.2382040000043,2276.2382040000043
6799,2438.521716000006,2438.521716000006
6800,2730.9907680000074,2730.9907680000074
6801,2898.0729960000076,2898.0729960000076
6802,2985.041322000006,2985.041322000006
6803,3159.3598320000037,3159.3598320000037
6804,3310.8366840000076,3310.8366840000076
6805,3700.9799880000082,3700.9799880000082
6806,3844.1817180000107,3844.1817180000107
6807,3704.7548820000097,3704.7548820000097
6808,3577.075938000008,3577.075938000008
6809,3380.5335240000063,3380.5335240000063
6810,3657.5376360000087,3657.5376360000087
6811,3975.3952980000154,3975.3952980000154
6812,4276.912926000024,4276.912926000024
6813,4077.2652060000237,4077.2652060000237
6814,4032.782970000019,4032.782970000019
6815,3574.690638000017,3574.690638000017
6816,2743.0941780000126,2743.0941780000126
6817,2085.233856000006,2085.233856000006
6818,1951.0151940000037,1951.0151940000037
6819,2030.6460960000027,2030.6460960000027
6820,2004.5048640000036,2004.5048640000036
6821,2109.4998900000023,2109.4998900000023
6822,2160.074844000004,2160.074844000004
6823,2332.2954900000063,2332.2954900000063
6824,2530.0907100000095,2530.0907100000095
6825,2815.936776000007,2815.936776000007
6826,2978.1011340000055,2978.1011340000055
6827,3216.4248060000036,3216.4248060000036
6828,3250.487526000007,3250.487526000007
6829,3686.05637400001,3686.05637400001
6830,3949.76067600001,3949.76067600001
6831,3842.085300000008,3842.085300000008
6832,3531.307536000006,3531.307536000006
6833,3495.3720960000055,3495.3720960000055
6834,3636.8731080000107,3636.8731080000107
6835,3816.7286820000154,3816.7286820000154
6836,4293.729054000018,4293.729054000018
6837,4222.192806000022,4222.192806000022
6838,4218.179280000015,4218.179280000015
6839,3554.7259620000154,3554.7259620000154
6840,2568.779262000012,2568.779262000012
6841,2080.9317660000047,2080.9317660000047
6842,1895.107752000004,1895.107752000004
6843,2002.7220900000036,2002.7220900000036
6844,1978.194138000002,1978.194138000002
6845,2142.3830400000047,2142.3830400000047
6846,2188.696704000004,2188.696704000004
6847,2378.4438360000063,2378.4438360000063
6848,2671.841586000008,2671.841586000008
6849,2789.650626000008,2789.650626000008
6850,2961.8042580000047,2961.8042580000047
6851,3233.1247140000037,3233.1247140000037
6852,3378.5591340000074,3378.5591340000074
6853,3761.46359400001,3761.46359400001
6854,3942.663846000012,3942.663846000012
6855,3746.7694500000084,3746.7694500000084
6856,3647.5572120000083,3647.5572120000083
6857,3457.059840000006,3457.059840000006
6858,3707.164710000011,3707.164710000011
6859,4112.4595800000125,4112.4595800000125
6860,4308.746568000022,4308.746568000022
6861,4023.0939960000214,4023.0939960000214
6862,4072.7814300000177,4072.7814300000177
6863,3624.3041700000167,3624.3041700000167
6864,2793.908016000012,2793.908016000012
6865,2092.8422220000057,2092.8422220000057
6866,1872.188142000003,1872.188142000003
6867,1932.493146000004,1932.493146000004
6868,2023.9758720000032,2023.9758720000032
6869,2136.102282000004,2136.102282000004
6870,2232.7411020000045,2232.7411020000045
6871,2335.4876040000063,2335.4876040000063
6872,2790.856146000008,2790.856146000008
6873,2883.7245180000064,2883.7245180000064
6874,3069.660276000005,3069.660276000005
6875,3313.0249560000047,3313.0249560000047
6876,3475.5595560000083,3475.5595560000083
6877,3716.45423400001,3716.45423400001
6878,4009.4318580000117,4009.4318580000117
6879,3867.3103860000106,3867.3103860000106
6880,3527.706858000005,3527.706858000005
6881,3549.258768000007,3549.258768000007
6882,3741.5162880000103,3741.5162880000103
6883,3952.0804440000165,3952.0804440000165
6884,4253.830938000025,4253.830938000025
6885,3953.9404920000243,3953.9404920000243
6886,3918.189066000019,3918.189066000019
6887,3679.2606360000163,3679.2606360000163
6888,2910.629544000015,2910.629544000015
6889,1954.8659820000057,1954.8659820000057
6890,1900.6557180000038,1900.6557180000038
6891,1976.8680480000035,1976.8680480000035
6892,2064.091368000002,2064.091368000002
6893,2123.106516000002,2123.106516000002
6894,2169.8107440000035,2169.8107440000035
6895,2342.3440500000065,2342.3440500000065
6896,2772.3569160000084,2772.3569160000084
6897,2908.1208180000076,2908.1208180000076
6898,3006.2611680000036,3006.2611680000036
6899,3198.6609120000026,3198.6609120000026
6900,3326.8626660000073,3326.8626660000073
6901,3664.2703260000094,3664.2703260000094
6902,3902.7935520000105,3902.7935520000105
6903,3645.5094900000104,3645.5094900000104
6904,3547.5118380000067,3547.5118380000067
6905,3444.548724000006,3444.548724000006
6906,3618.4966440000117,3618.4966440000117
6907,3862.050408000018,3862.050408000018
6908,4389.42973200002,4389.42973200002
6909,4456.949106000024,4456.949106000024
6910,4144.882266000018,4144.882266000018
6911,3354.1881900000176,3354.1881900000176
6912,2618.4440520000126,2618.4440520000126
6913,2022.6785880000052,2022.6785880000052
6914,1906.1005740000041,1906.1005740000041
6915,1961.239218000003,1961.239218000003
6916,1991.5616100000038,1991.5616100000038
6917,2118.3949020000036,2118.3949020000036
6918,2200.3557240000036,2200.3557240000036
6919,2280.406272000006,2280.406272000006
6920,2681.5187880000085,2681.5187880000085
6921,2833.656912000009,2833.656912000009
6922,3066.2125080000055,3066.2125080000055
6923,3220.9197300000046,3220.9197300000046
6924,3342.0545460000053,3342.0545460000053
6925,3598.279662000011,3598.279662000011
6926,3874.401960000015,3874.401960000015
6927,3745.2375840000095,3745.2375840000095
6928,3463.0664520000073,3463.0664520000073
6929,3520.6831800000054,3520.6831800000054
6930,3582.6966060000104,3582.6966060000104
6931,3983.0378400000177,3983.0378400000177
6932,4222.14283200002,4222.14283200002
6933,4388.76687000002,4388.76687000002
6934,4120.563756000017,4120.563756000017
6935,3577.965798000018,3577.965798000018
6936,2846.3939340000143,2846.3939340000143
6937,1819.6009980000051,1819.6009980000051
6938,1830.5767200000041,1830.5767200000041
6939,1926.4203660000042,1926.4203660000042
6940,2059.8188040000023,2059.8188040000023
6941,2095.1285160000043,2095.1285160000043
6942,2135.894256000003,2135.894256000003
6943,2357.4569640000054,2357.4569640000054
6944,2749.1575980000084,2749.1575980000084
6945,2825.4055380000073,2825.4055380000073
6946,2992.7822040000046,2992.7822040000046
6947,3275.1407880000047,3275.1407880000047
6948,3421.287378000007,3421.287378000007
6949,3757.2427080000107,3757.2427080000107
6950,3934.7587500000122,3934.7587500000122
6951,3676.023816000012,3676.023816000012
6952,3529.208196000006,3529.208196000006
6953,3406.284240000005,3406.284240000005
6954,3560.6647080000103,3560.6647080000103
6955,3893.7598980000157,3893.7598980000157
6956,4204.308516000023,4204.308516000023
6957,4070.9263920000194,4070.9263920000194
6958,4043.987892000018,4043.987892000018
6959,3536.914626000014,3536.914626000014
6960,2560.4387820000134,2560.4387820000134
6961,2069.0046060000063,2069.0046060000063
6962,1936.4065080000034,1936.4065080000034
6963,1946.8139340000025,1946.8139340000025
6964,2033.1545220000046,2033.1545220000046
6965,2072.4009900000046,2072.4009900000046
6966,2300.310048000005,2300.310048000005
6967,2417.408406000006,2417.408406000006
6968,2697.819240000008,2697.819240000008
6969,2857.010622000008,2857.010622000008
6970,2888.433966000007,2888.433966000007
6971,3115.891308000004,3115.891308000004
6972,3362.535264000008,3362.535264000008
6973,3738.3760020000095,3738.3760020000095
6974,3903.3040860000146,3903.3040860000146
6975,3847.9559400000107,3847.9559400000107
6976,3553.6395000000057,3553.6395000000057
6977,3505.2145560000063,3505.2145560000063
6978,3518.566794000011,3518.566794000011
6979,3786.7724760000165,3786.7724760000165
6980,4234.900662000022,4234.900662000022
6981,4299.8962260000235,4299.8962260000235
6982,4088.76135600002,4088.76135600002
6983,3454.635588000016,3454.635588000016
6984,2665.7049600000128,2665.7049600000128
6985,2009.4052740000059,2009.4052740000059
6986,1955.4960600000045,1955.4960600000045
6987,2041.648482000004,2041.648482000004
6988,2204.085522000003,2204.085522000003
6989,2265.129966000003,2265.129966000003
6990,2286.0974760000026,2286.0974760000026
6991,2467.2941160000064,2467.2941160000064
6992,2708.2061700000086,2708.2061700000086
6993,2879.7997620000083,2879.7997620000083
6994,3075.545760000005,3075.545760000005
6995,3235.8790260000037,3235.8790260000037
6996,3401.349108000006,3401.349108000006
6997,3643.3346460000084,3643.3346460000084
6998,3914.7072840000146,3914.7072840000146
6999,3731.8329480000134,3731.8329480000134
7000,3562.4478120000085,3562.4478120000085
7001,3583.022976000006,3583.022976000006
7002,3669.5671200000106,3669.5671200000106
7003,4123.908858000016,4123.908858000016
7004,4272.541464000024,4272.541464000024
7005,4018.3604100000216,4018.3604100000216
7006,3724.0658040000208,3724.0658040000208
7007,3436.0786320000166,3436.0786320000166
7008,2987.421216000014,2987.421216000014
7009,2071.795320000006,2071.795320000006
7010,1959.9328980000043,1959.9328980000043
7011,1977.5410920000043,1977.5410920000043
7012,2034.9012420000042,2034.9012420000042
7013,2092.3019460000037,2092.3019460000037
7014,2291.555820000004,2291.555820000004
7015,2442.1830180000056,2442.1830180000056
7016,2687.462832000009,2687.462832000009
7017,2815.8224700000083,2815.8224700000083
7018,3028.7891280000063,3028.7891280000063
7019,3161.2322700000045,3161.2322700000045
7020,3406.8609300000057,3406.8609300000057
7021,3760.334778000009,3760.334778000009
7022,3948.001416000011,3948.001416000011
7023,3676.979244000009,3676.979244000009
7024,3548.823450000005,3548.823450000005
7025,3461.187300000005,3461.187300000005
7026,3623.9881260000097,3623.9881260000097
7027,4057.300776000017,4057.300776000017
7028,4285.067022000021,4285.067022000021
7029,4070.220900000019,4070.220900000019
7030,3898.277442000018,3898.277442000018
7031,3314.132544000016,3314.132544000016
7032,2735.663688000014,2735.663688000014
7033,1862.976564000006,1862.976564000006
7034,1878.9088920000042,1878.9088920000042
7035,1855.959156000005,1855.959156000005
7036,1904.642244000004,1904.642244000004
7037,1984.5959340000043,1984.5959340000043
7038,2144.7366240000033,2144.7366240000033
7039,2228.153316000007,2228.153316000007
7040,2745.027648000009,2745.027648000009
7041,2826.262386000008,2826.262386000008
7042,2985.882936000005,2985.882936000005
7043,3141.3839700000026,3141.3839700000026
7044,3310.722264000008,3310.722264000008
7045,3508.318782000009,3508.318782000009
7046,3887.1978780000127,3887.1978780000127
7047,3702.8895840000105,3702.8895840000105
7048,3469.528986000007,3469.528986000007
7049,3393.373704000007,3393.373704000007
7050,3549.4651860000117,3549.4651860000117
7051,3927.2427600000156,3927.2427600000156
7052,4277.348766000021,4277.348766000021
7053,4090.9115460000244,4090.9115460000244
7054,4003.7425560000215,4003.7425560000215
7055,3651.8668320000165,3651.8668320000165
7056,2747.7922260000137,2747.7922260000137
7057,2004.547158000006,2004.547158000006
7058,1993.9154520000036,1993.9154520000036
7059,1995.2764020000038,1995.2764020000038
7060,1992.101574000002,1992.101574000002
7061,2090.0160120000037,2090.0160120000037
7062,2159.0404800000038,2159.0404800000038
7063,2338.0399980000057,2338.0399980000057
7064,2633.689914000008,2633.689914000008
7065,2748.1294260000077,2748.1294260000077
7066,2914.2193860000048,2914.2193860000048
7067,3234.513168000003,3234.513168000003
7068,3292.219986000006,3292.219986000006
7069,3686.3179560000103,3686.3179560000103
7070,3954.265080000012,3954.265080000012
7071,3852.654624000007,3852.654624000007
7072,3536.0982900000085,3536.0982900000085
7073,3537.0661740000073,3537.0661740000073
7074,3585.6900240000114,3585.6900240000114
7075,4010.951292000015,4010.951292000015
7076,4285.22158200002,4285.22158200002
7077,4193.064318000021,4193.064318000021
7078,3974.027892000019,3974.027892000019
7079,3423.2722200000144,3423.2722200000144
7080,2741.358678000013,2741.358678000013
7081,2050.8053760000057,2050.8053760000057
7082,1966.4229300000025,1966.4229300000025
7083,2019.6794040000036,2019.6794040000036
7084,2006.8030980000033,2006.8030980000033
7085,2125.9259760000023,2125.9259760000023
7086,2097.9427800000044,2097.9427800000044
7087,2334.4480800000065,2334.4480800000065
7088,2667.4527000000094,2667.4527000000094
7089,2810.9114280000076,2810.9114280000076
7090,2955.680736000005,2955.680736000005
7091,3285.264366000004,3285.264366000004
7092,3379.160490000006,3379.160490000006
7093,3715.369656000008,3715.369656000008
7094,3974.440848000012,3974.440848000012
7095,3823.9611720000116,3823.9611720000116
7096,3496.058322000006,3496.058322000006
7097,3488.877168000007,3488.877168000007
7098,3585.9367920000095,3585.9367920000095
7099,3858.227472000017,3858.227472000017
7100,4349.341662000023,4349.341662000023
7101,3930.367776000019,3930.367776000019
7102,3758.51177400002,3758.51177400002
7103,3638.4403140000145,3638.4403140000145
7104,2938.673214000012,2938.673214000012
7105,2101.548474000007,2101.548474000007
7106,2002.0819680000043,2002.0819680000043
7107,2071.764708000003,2071.764708000003
7108,2118.179364000004,2118.179364000004
7109,2228.663514000004,2228.663514000004
7110,2317.8131640000042,2317.8131640000042
7111,2416.9179720000056,2416.9179720000056
7112,2727.7359300000085,2727.7359300000085
7113,2838.2387040000076,2838.2387040000076
7114,3049.0496700000044,3049.0496700000044
7115,3250.7830200000044,3250.7830200000044
7116,3331.8908520000073,3331.8908520000073
7117,3610.6415520000114,3610.6415520000114
7118,3718.3245180000117,3718.3245180000117
7119,3670.678086000008,3670.678086000008
7120,3595.444320000007,3595.444320000007
7121,3387.225642000007,3387.225642000007
7122,3599.6353020000106,3599.6353020000106
7123,4033.2747840000156,4033.2747840000156
7124,4315.69223400002,4315.69223400002
7125,4293.218112000023,4293.218112000023
7126,4299.145848000018,4299.145848000018
7127,3601.5567780000165,3601.5567780000165
7128,2870.7295980000126,2870.7295980000126
7129,2055.9166020000057,2055.9166020000057
7130,2005.2908880000036,2005.2908880000036
7131,2050.067652000002,2050.067652000002
7132,2072.898642000004,2072.898642000004
7133,2193.613434000004,2193.613434000004
7134,2246.390910000004,2246.390910000004
7135,2351.553378000007,2351.553378000007
7136,2864.4021600000083,2864.4021600000083
7137,2944.724712000009,2944.724712000009
7138,3041.0678640000046,3041.0678640000046
7139,3254.115774000004,3254.115774000004
7140,3385.734414000007,3385.734414000007
7141,3794.1610380000116,3794.1610380000116
7142,3829.2021720000107,3829.2021720000107
7143,3746.9481480000104,3746.9481480000104
7144,3508.2017220000052,3508.2017220000052
7145,3414.969168000006,3414.969168000006
7146,3653.403600000009,3653.403600000009
7147,3723.126876000018,3723.126876000018
7148,4044.9796560000214,4044.9796560000214
7149,3947.6141280000215,3947.6141280000215
7150,4229.456712000019,4229.456712000019
7151,3641.469156000018,3641.469156000018
7152,2603.814420000012,2603.814420000012
7153,2074.5908520000066,2074.5908520000066
7154,2018.0179320000038,2018.0179320000038
7155,2050.3252680000046,2050.3252680000046
7156,2023.410084000004,2023.410084000004
7157,2189.0770920000023,2189.0770920000023
7158,2275.681434000003,2275.681434000003
7159,2456.531556000007,2456.531556000007
7160,2798.115366000009,2798.115366000009
7161,2970.5771520000076,2970.5771520000076
7162,3150.418266000006,3150.418266000006
7163,3289.2835980000036,3289.2835980000036
7164,3332.5589340000065,3332.5589340000065
7165,3708.4082040000108,3708.4082040000108
7166,3851.9936880000114,3851.9936880000114
7167,3748.7572860000096,3748.7572860000096
7168,3520.4171580000066,3520.4171580000066
7169,3483.971934000008,3483.971934000008
7170,3665.595030000012,3665.595030000012
7171,3959.219724000019,3959.219724000019
7172,4414.234410000021,4414.234410000021
7173,4438.417530000023,4438.417530000023
7174,4237.720944000019,4237.720944000019
7175,3509.786226000015,3509.786226000015
7176,2900.9569860000133,2900.9569860000133
7177,2063.394396000006,2063.394396000006
7178,1922.8411320000048,1922.8411320000048
7179,1991.154384000004,1991.154384000004
7180,2032.7811240000033,2032.7811240000033
7181,2111.1418680000024,2111.1418680000024
7182,2144.0120760000036,2144.0120760000036
7183,2268.881124000006,2268.881124000006
7184,2610.6632820000073,2610.6632820000073
7185,2726.1201060000085,2726.1201060000085
7186,2939.461998000005,2939.461998000005
7187,3228.3651840000043,3228.3651840000043
7188,3423.442740000006,3423.442740000006
7189,3702.7246500000106,3702.7246500000106
7190,3841.8483420000143,3841.8483420000143
7191,3705.4068900000084,3705.4068900000084
7192,3402.414234000007,3402.414234000007
7193,3517.838604000006,3517.838604000006
7194,3738.213624000009,3738.213624000009
7195,3945.148452000014,3945.148452000014
7196,4148.844678000019,4148.844678000019
7197,4385.8732500000215,4385.8732500000215
7198,4101.688092000017,4101.688092000017
7199,3581.6742540000164,3581.6742540000164
7200,2668.3516020000125,2668.3516020000125
7201,2132.9043360000046,2132.9043360000046
7202,2065.477662000002,2065.477662000002
7203,2046.2631300000037,2046.2631300000037
7204,2106.761160000003,2106.761160000003
7205,2110.553526000003,2110.553526000003
7206,2222.0888100000043,2222.0888100000043
7207,2396.291484000006,2396.291484000006
7208,2662.3351500000076,2662.3351500000076
7209,2845.034214000006,2845.034214000006
7210,2910.0963540000057,2910.0963540000057
7211,3126.166950000005,3126.166950000005
7212,3312.2947980000076,3312.2947980000076
7213,3821.5855440000105,3821.5855440000105
7214,3794.532996000013,3794.532996000013
7215,3662.691156000011,3662.691156000011
7216,3442.2305580000066,3442.2305580000066
7217,3531.7960740000076,3531.7960740000076
7218,3706.7407140000096,3706.7407140000096
7219,4049.5344540000156,4049.5344540000156
7220,4030.5959880000187,4030.5959880000187
7221,3883.558248000021,3883.558248000021
7222,4240.982712000017,4240.982712000017
7223,3733.184664000018,3733.184664000018
7224,2781.5489100000127,2781.5489100000127
7225,2172.7024980000065,2172.7024980000065
7226,2016.4992540000044,2016.4992540000044
7227,2044.6256940000033,2044.6256940000033
7228,2092.8783060000032,2092.8783060000032
7229,2082.3897000000024,2082.3897000000024
7230,2182.9497900000033,2182.9497900000033
7231,2294.768178000007,2294.768178000007
7232,2623.5204840000074,2623.5204840000074
7233,2842.5579840000078,2842.5579840000078
7234,2955.791220000004,2955.791220000004
7235,3227.5555860000036,3227.5555860000036
7236,3357.5966100000073,3357.5966100000073
7237,3683.838732000012,3683.838732000012
7238,3880.996416000014,3880.996416000014
7239,3607.7313480000116,3607.7313480000116
7240,3545.0965560000054,3545.0965560000054
7241,3487.861224000007,3487.861224000007
7242,3691.935012000009,3691.935012000009
7243,4053.480006000013,4053.480006000013
7244,4382.479854000017,4382.479854000017
7245,4297.3763700000245,4297.3763700000245
7246,4029.635652000019,4029.635652000019
7247,3605.3283540000134,3605.3283540000134
7248,2810.199150000013,2810.199150000013
7249,2165.2513560000057,2165.2513560000057
7250,2001.1226100000044,2001.1226100000044
7251,2030.711808000003,2030.711808000003
7252,2034.7935660000032,2034.7935660000032
7253,2199.6746760000033,2199.6746760000033
7254,2164.574880000004,2164.574880000004
7255,2311.043802000006,2311.043802000006
7256,2673.2455140000106,2673.2455140000106
7257,2844.9936300000077,2844.9936300000077
7258,2991.5953440000053,2991.5953440000053
7259,3291.5164080000045,3291.5164080000045
7260,3411.4742040000065,3411.4742040000065
7261,3810.9572580000095,3810.9572580000095
7262,3897.612642000009,3897.612642000009
7263,3801.017610000007,3801.017610000007
7264,3510.359328000007,3510.359328000007
7265,3429.3212040000053,3429.3212040000053
7266,3587.4614580000107,3587.4614580000107
7267,3926.4803220000163,3926.4803220000163
7268,4356.58904400002,4356.58904400002
7269,4263.128718000019,4263.128718000019
7270,4032.7275300000188,4032.7275300000188
7271,3429.344658000017,3429.344658000017
7272,2848.1253000000115,2848.1253000000115
7273,1949.3232360000063,1949.3232360000063
7274,1911.7530060000026,1911.7530060000026
7275,1960.4775960000043,1960.4775960000043
7276,1982.430762000004,1982.430762000004
7277,2117.9292660000037,2117.9292660000037
7278,2236.070322000004,2236.070322000004
7279,2408.1497460000073,2408.1497460000073
7280,2758.220988000008,2758.220988000008
7281,2935.779480000007,2935.779480000007
7282,3091.290750000004,3091.290750000004
7283,3253.338168000003,3253.338168000003
7284,3402.443964000007,3402.443964000007
7285,3637.7431860000092,3637.7431860000092
7286,3965.852700000011,3965.852700000011
7287,3696.894762000012,3696.894762000012
7288,3484.7118120000064,3484.7118120000064
7289,3500.200890000005,3500.200890000005
7290,3737.418414000012,3737.418414000012
7291,4047.0892320000166,4047.0892320000166
7292,4360.09092000002,4360.09092000002
7293,3945.240714000024,3945.240714000024
7294,3811.930296000019,3811.930296000019
7295,3478.383414000016,3478.383414000016
7296,2600.6010480000127,2600.6010480000127
7297,2145.6847800000064,2145.6847800000064
7298,1998.3275820000042,1998.3275820000042
7299,2060.973222000004,2060.973222000004
7300,2054.773992000004,2054.773992000004
7301,2078.2925760000035,2078.2925760000035
7302,2128.7167620000037,2128.7167620000037
7303,2327.782650000007,2327.782650000007
7304,2615.843574000008,2615.843574000008
7305,2764.797888000008,2764.797888000008
7306,2960.6995080000042,2960.6995080000042
7307,3244.8709080000053,3244.8709080000053
7308,3449.3329500000073,3449.3329500000073
7309,3818.7236220000086,3818.7236220000086
7310,4093.289058000013,4093.289058000013
7311,3685.002738000012,3685.002738000012
7312,3515.1156060000067,3515.1156060000067
7313,3426.531474000007,3426.531474000007
7314,3549.095310000009,3549.095310000009
7315,3860.5090920000152,3860.5090920000152
7316,4209.978948000019,4209.978948000019
7317,4293.68512800002,4293.68512800002
7318,4041.9909240000193,4041.9909240000193
7319,3546.2467980000165,3546.2467980000165
7320,2851.477464000011,2851.477464000011
7321,1975.3448280000052,1975.3448280000052
7322,2101.134138000005,2101.134138000005
7323,1979.3213460000036,1979.3213460000036
7324,2067.7966920000035,2067.7966920000035
7325,2124.018036000004,2124.018036000004
7326,2248.9398840000044,2248.9398840000044
7327,2335.6053600000064,2335.6053600000064
7328,2650.5438900000077,2650.5438900000077
7329,2811.7833240000077,2811.7833240000077
7330,2928.3227820000043,2928.3227820000043
7331,3208.2241680000056,3208.2241680000056
7332,3419.181786000007,3419.181786000007
7333,3694.2240180000094,3694.2240180000094
7334,3850.0609500000105,3850.0609500000105
7335,3747.8367840000096,3747.8367840000096
7336,3559.7741700000056,3559.7741700000056
7337,3518.266350000007,3518.266350000007
7338,3669.500586000009,3669.500586000009
7339,3985.1859000000168,3985.1859000000168
7340,4280.858262000022,4280.858262000022
7341,3929.2445700000217,3929.2445700000217
7342,4001.21959800002,4001.21959800002
7343,3471.126936000016,3471.126936000016
7344,2704.6250580000124,2704.6250580000124
7345,2087.5493160000055,2087.5493160000055
7346,2016.1395060000025,2016.1395060000025
7347,1983.709320000003,1983.709320000003
7348,2170.430130000003,2170.430130000003
7349,2137.3374780000036,2137.3374780000036
7350,2278.2829620000048,2278.2829620000048
7351,2440.3671540000055,2440.3671540000055
7352,2771.2342140000073,2771.2342140000073
7353,2817.9209760000076,2817.9209760000076
7354,3020.3622000000046,3020.3622000000046
7355,3226.4926680000053,3226.4926680000053
7356,3413.045376000006,3413.045376000006
7357,3506.6756040000096,3506.6756040000096
7358,3746.1308160000135,3746.1308160000135
7359,3729.4890480000104,3729.4890480000104
7360,3632.0301000000036,3632.0301000000036
7361,3522.2899920000054,3522.2899920000054
7362,3674.9401260000122,3674.9401260000122
7363,3903.0173400000167,3903.0173400000167
7364,4164.34161000002,4164.34161000002
7365,4359.425154000022,4359.425154000022
7366,4221.931272000019,4221.931272000019
7367,3367.296150000016,3367.296150000016
7368,2704.143108000013,2704.143108000013
7369,1968.0783480000057,1968.0783480000057
7370,1951.2066000000036,1951.2066000000036
7371,1944.353502000004,1944.353502000004
7372,1982.7770640000022,1982.7770640000022
7373,2015.6796720000038,2015.6796720000038
7374,2119.367760000003,2119.367760000003
7375,2364.095742000006,2364.095742000006
7376,2613.3929460000077,2613.3929460000077
7377,2747.6909220000075,2747.6909220000075
7378,3104.2077060000047,3104.2077060000047
7379,3221.089434000004,3221.089434000004
7380,3326.6324580000082,3326.6324580000082
7381,3652.724640000013,3652.724640000013
7382,3998.723298000012,3998.723298000012
7383,3825.5573520000107,3825.5573520000107
7384,3529.5855780000074,3529.5855780000074
7385,3507.3377580000065,3507.3377580000065
7386,3710.1835080000105,3710.1835080000105
7387,4050.657186000019,4050.657186000019
7388,4479.659628000019,4479.659628000019
7389,4276.686966000018,4276.686966000018
7390,3853.104144000019,3853.104144000019
7391,3361.7124300000155,3361.7124300000155
7392,2532.2596140000123,2532.2596140000123
7393,2013.7935060000057,2013.7935060000057
7394,1959.7588200000037,1959.7588200000037
7395,2005.3631460000038,2005.3631460000038
7396,2103.7742640000033,2103.7742640000033
7397,2092.362702000004,2092.362702000004
7398,2213.048622000004,2213.048622000004
7399,2360.6256240000057,2360.6256240000057
7400,2679.0696780000067,2679.0696780000067
7401,2843.1312840000073,2843.1312840000073
7402,3040.851858000004,3040.851858000004
7403,3162.3074280000037,3162.3074280000037
7404,3372.7240140000063,3372.7240140000063
7405,3690.018846000011,3690.018846000011
7406,3951.490062000013,3951.490062000013
7407,3814.2826140000093,3814.2826140000093
7408,3587.3245560000064,3587.3245560000064
7409,3488.196696000007,3488.196696000007
7410,3588.5733000000105,3588.5733000000105
7411,3901.9053360000166,3901.9053360000166
7412,4255.61453400002,4255.61453400002
7413,4262.200584000019,4262.200584000019
7414,4093.476018000023,4093.476018000023
7415,3435.874596000016,3435.874596000016
7416,2583.3217920000116,2583.3217920000116
7417,2248.7145060000057,2248.7145060000057
7418,2050.734156000003,2050.734156000003
7419,2041.2662940000023,2041.2662940000023
7420,2112.4256880000034,2112.4256880000034
7421,2126.3812980000034,2126.3812980000034
7422,2170.2865020000036,2170.2865020000036
7423,2415.5490120000063,2415.5490120000063
7424,2613.838026000008,2613.838026000008
7425,2836.4268540000066,2836.4268540000066
7426,3066.3124500000054,3066.3124500000054
7427,3238.536996000004,3238.536996000004
7428,3457.0709040000056,3457.0709040000056
7429,3717.3130020000103,3717.3130020000103
7430,3929.4910680000116,3929.4910680000116
7431,3814.8297600000096,3814.8297600000096
7432,3572.689068000005,3572.689068000005
7433,3539.8224360000063,3539.8224360000063
7434,3644.1001680000118,3644.1001680000118
7435,3928.8171960000177,3928.8171960000177
7436,4329.60695400002,4329.60695400002
7437,4377.140988000023,4377.140988000023
7438,4132.056456000022,4132.056456000022
7439,3633.2004660000157,3633.2004660000157
7440,2834.3054640000128,2834.3054640000128
7441,2198.3629620000056,2198.3629620000056
7442,1914.8547780000042,1914.8547780000042
7443,1968.5130720000045,1968.5130720000045
7444,1993.5795240000034,1993.5795240000034
7445,2066.7009180000036,2066.7009180000036
7446,2188.5405300000043,2188.5405300000043
7447,2372.5321140000055,2372.5321140000055
7448,2703.841332000008,2703.841332000008
7449,2887.147782000006,2887.147782000006
7450,2948.5975860000053,2948.5975860000053
7451,3137.0516940000048,3137.0516940000048
7452,3389.234958000007,3389.234958000007
7453,3720.588738000008,3720.588738000008
7454,3926.8365600000134,3926.8365600000134
7455,3744.0136440000106,3744.0136440000106
7456,3612.530292000005,3612.530292000005
7457,3539.6214180000075,3539.6214180000075
7458,3615.232038000012,3615.232038000012
7459,3878.162946000014,3878.162946000014
7460,4184.473938000019,4184.473938000019
7461,4128.9678300000205,4128.9678300000205
7462,3782.274270000019,3782.274270000019
7463,3225.1468020000143,3225.1468020000143
7464,2747.3647320000114,2747.3647320000114
7465,1914.337176000005,1914.337176000005
7466,1890.1885560000035,1890.1885560000035
7467,1905.2308620000042,1905.2308620000042
7468,1969.3227420000048,1969.3227420000048
7469,2106.3246960000047,2106.3246960000047
7470,2252.4476700000037,2252.4476700000037
7471,2466.182622000006,2466.182622000006
7472,2738.210826000008,2738.210826000008
7473,2859.465024000008,2859.465024000008
7474,3078.356814000005,3078.356814000005
7475,3270.377154000003,3270.377154000003
7476,3340.7763780000064,3340.7763780000064
7477,3695.8519200000096,3695.8519200000096
7478,3931.895148000012,3931.895148000012
7479,3822.4023960000095,3822.4023960000095
7480,3583.159488000006,3583.159488000006
7481,3473.5052640000063,3473.5052640000063
7482,3639.4523340000114,3639.4523340000114
7483,3781.1297880000143,3781.1297880000143
7484,4180.91012400002,4180.91012400002
7485,4098.743160000023,4098.743160000023
7486,4093.412682000017,4093.412682000017
7487,3303.1202400000147,3303.1202400000147
7488,2647.4869260000114,2647.4869260000114
7489,1992.706566000004,1992.706566000004
7490,1871.7188940000035,1871.7188940000035
7491,1941.1451100000038,1941.1451100000038
7492,1964.399832000002,1964.399832000002
7493,2062.571826000003,2062.571826000003
7494,2249.8639380000027,2249.8639380000027
7495,2350.686600000005,2350.686600000005
7496,2660.2892820000084,2660.2892820000084
7497,2778.792834000009,2778.792834000009
7498,2868.5529780000043,2868.5529780000043
7499,3144.443418000005,3144.443418000005
7500,3420.8624100000056,3420.8624100000056
7501,3803.6220840000105,3803.6220840000105
7502,4009.77613200001,4009.77613200001
7503,3809.21761200001,3809.21761200001
7504,3542.7255540000065,3542.7255540000065
7505,3424.454400000005,3424.454400000005
7506,3606.5738820000097,3606.5738820000097
7507,3815.668716000015,3815.668716000015
7508,4191.511200000019,4191.511200000019
7509,3928.9450920000195,3928.9450920000195
7510,3817.3204020000203,3817.3204020000203
7511,3404.7446940000154,3404.7446940000154
7512,2432.088024000013,2432.088024000013
7513,1888.320870000006,1888.320870000006
7514,1896.860904000003,1896.860904000003
7515,1832.556780000003,1832.556780000003
7516,2006.5800120000033,2006.5800120000033
7517,2029.6974480000024,2029.6974480000024
7518,2155.901724000005,2155.901724000005
7519,2268.4324500000043,2268.4324500000043
7520,2552.5488360000077,2552.5488360000077
7521,2657.5568940000076,2657.5568940000076
7522,2779.6229580000045,2779.6229580000045
7523,3165.3027060000063,3165.3027060000063
7524,3412.6609500000045,3412.6609500000045
7525,3683.574636000008,3683.574636000008
7526,4084.300626000008,4084.300626000008
7527,3747.451602000009,3747.451602000009
7528,3540.1975380000063,3540.1975380000063
7529,3539.8548420000066,3539.8548420000066
7530,3687.4812900000097,3687.4812900000097
7531,3908.8089480000167,3908.8089480000167
7532,4319.64672600002,4319.64672600002
7533,4045.78399800002,4045.78399800002
7534,3925.660050000018,3925.660050000018
7535,3384.474768000016,3384.474768000016
7536,2504.996460000012,2504.996460000012
7537,1947.0181320000054,1947.0181320000054
7538,1927.3381020000036,1927.3381020000036
7539,1904.1430860000037,1904.1430860000037
7540,1975.680510000002,1975.680510000002
7541,2019.8394000000021,2019.8394000000021
7542,2101.603032000004,2101.603032000004
7543,2331.044478000007,2331.044478000007
7544,2760.6684780000087,2760.6684780000087
7545,2839.605636000007,2839.605636000007
7546,2984.536440000006,2984.536440000006
7547,3175.865196000003,3175.865196000003
7548,3390.6434940000076,3390.6434940000076
7549,3644.14976400001,3644.14976400001
7550,3899.8019160000104,3899.8019160000104
7551,3735.6184380000095,3735.6184380000095
7552,3561.806262000006,3561.806262000006
7553,3483.317142000006,3483.317142000006
7554,3578.2427580000094,3578.2427580000094
7555,3979.3605240000165,3979.3605240000165
7556,3926.4567180000195,3926.4567180000195
7557,4155.777672000023,4155.777672000023
7558,3755.92458000002,3755.92458000002
7559,3259.2174960000143,3259.2174960000143
7560,2640.3024000000128,2640.3024000000128
7561,2216.597040000006,2216.597040000006
7562,1962.7326540000029,1962.7326540000029
7563,2042.9684700000028,2042.9684700000028
7564,2123.4891720000046,2123.4891720000046
7565,2214.4134660000045,2214.4134660000045
7566,2272.1462760000045,2272.1462760000045
7567,2426.0307540000063,2426.0307540000063
7568,2688.422166000007,2688.422166000007
7569,2850.3637920000074,2850.3637920000074
7570,2993.383530000007,2993.383530000007
7571,3209.520774000004,3209.520774000004
7572,3318.6030900000064,3318.6030900000064
7573,3734.6101140000096,3734.6101140000096
7574,3941.311194000014,3941.311194000014
7575,3819.581994000009,3819.581994000009
7576,3494.009910000007,3494.009910000007
7577,3414.4647060000066,3414.4647060000066
7578,3593.203650000012,3593.203650000012
7579,3990.880020000017,3990.880020000017
7580,4238.7458580000175,4238.7458580000175
7581,4342.564422000021,4342.564422000021
7582,4258.304190000022,4258.304190000022
7583,3525.1571520000152,3525.1571520000152
7584,2748.0766140000133,2748.0766140000133
7585,2033.7600960000061,2033.7600960000061
7586,1918.3817040000044,1918.3817040000044
7587,1922.5941300000025,1922.5941300000025
7588,2016.6861480000052,2016.6861480000052
7589,2149.219596000003,2149.219596000003
7590,2188.471776000004,2188.471776000004
7591,2422.7118780000055,2422.7118780000055
7592,2784.885720000009,2784.885720000009
7593,3075.2505600000077,3075.2505600000077
7594,3090.6868200000054,3090.6868200000054
7595,3269.9678760000043,3269.9678760000043
7596,3388.3030380000064,3388.3030380000064
7597,3766.3891500000095,3766.3891500000095
7598,3994.657950000013,3994.657950000013
7599,4000.22122800001,4000.22122800001
7600,3547.724448000006,3547.724448000006
7601,3578.8231260000075,3578.8231260000075
7602,3635.595978000012,3635.595978000012
7603,4070.4800940000177,4070.4800940000177
7604,4216.855650000023,4216.855650000023
7605,4081.192758000021,4081.192758000021
7606,4100.345946000018,4100.345946000018
7607,3448.3056720000163,3448.3056720000163
7608,2706.947154000013,2706.947154000013
7609,1999.6021560000063,1999.6021560000063
7610,1866.9681540000042,1866.9681540000042
7611,1933.806780000004,1933.806780000004
7612,1956.2639100000029,1956.2639100000029
7613,2002.2845580000044,2002.2845580000044
7614,2195.460702000004,2195.460702000004
7615,2365.7960580000067,2365.7960580000067
7616,2645.2132860000092,2645.2132860000092
7617,2874.8394240000075,2874.8394240000075
7618,3025.0510440000053,3025.0510440000053
7619,3323.9397300000023,3323.9397300000023
7620,3416.205564000007,3416.205564000007
7621,3761.099748000011,3761.099748000011
7622,3963.110658000012,3963.110658000012
7623,3762.7112220000117,3762.7112220000117
7624,3534.479190000006,3534.479190000006
7625,3543.912528000006,3543.912528000006
7626,3764.0491020000104,3764.0491020000104
7627,3919.056846000016,3919.056846000016
7628,4230.3142980000175,4230.3142980000175
7629,4078.477674000021,4078.477674000021
7630,4011.42840600002,4011.42840600002
7631,3440.8047240000174,3440.8047240000174
7632,2636.6365860000133,2636.6365860000133
7633,2036.309310000006,2036.309310000006
7634,2025.469782000003,2025.469782000003
7635,1960.7586780000033,1960.7586780000033
7636,2025.8158620000029,2025.8158620000029
7637,2137.667586000003,2137.667586000003
7638,2197.637820000004,2197.637820000004
7639,2421.9440040000063,2421.9440040000063
7640,2642.002590000008,2642.002590000008
7641,2783.9696100000065,2783.9696100000065
7642,2961.0954300000053,2961.0954300000053
7643,3245.741862000004,3245.741862000004
7644,3477.330882000007,3477.330882000007
7645,3772.025706000009,3772.025706000009
7646,4100.082576000008,4100.082576000008
7647,3977.49617400001,3977.49617400001
7648,3547.054986000005,3547.054986000005
7649,3507.770202000007,3507.770202000007
7650,3616.1938140000116,3616.1938140000116
7651,3859.6164780000167,3859.6164780000167
7652,4143.309888000021,4143.309888000021
7653,3982.3914000000204,3982.3914000000204
7654,3796.395210000018,3796.395210000018
7655,3326.6582820000162,3326.6582820000162
7656,2523.603006000012,2523.603006000012
7657,2006.347284000006,2006.347284000006
7658,1953.170982000005,1953.170982000005
7659,1935.543450000004,1935.543450000004
7660,1965.301458000003,1965.301458000003
7661,2036.9589780000035,2036.9589780000035
7662,2132.167728000005,2132.167728000005
7663,2283.624762000006,2283.624762000006
7664,2778.595098000009,2778.595098000009
7665,2849.3936580000072,2849.3936580000072
7666,3078.1612380000056,3078.1612380000056
7667,3292.408692000004,3292.408692000004
7668,3391.608450000006,3391.608450000006
7669,3637.8508620000093,3637.8508620000093
7670,3876.5943120000097,3876.5943120000097
7671,3692.4803820000075,3692.4803820000075
7672,3634.499466000007,3634.499466000007
7673,3445.5830640000086,3445.5830640000086
7674,3644.310660000012,3644.310660000012
7675,3964.8639480000156,3964.8639480000156
7676,4231.132140000021,4231.132140000021
7677,3994.659600000019,3994.659600000019
7678,3964.795380000018,3964.795380000018
7679,3470.678892000015,3470.678892000015
7680,2656.9400760000117,2656.9400760000117
7681,1924.3689360000055,1924.3689360000055
7682,1973.8568760000041,1973.8568760000041
7683,2115.041556000003,2115.041556000003
7684,2083.3871640000025,2083.3871640000025
7685,2242.715418000004,2242.715418000004
7686,2386.4048520000038,2386.4048520000038
7687,2478.3232620000067,2478.3232620000067
7688,2776.329102000007,2776.329102000007
7689,2875.864002000008,2875.864002000008
7690,2887.0149660000056,2887.0149660000056
7691,3166.363470000004,3166.363470000004
7692,3375.6559440000055,3375.6559440000055
7693,3690.8685060000084,3690.8685060000084
7694,4092.952392000007,4092.952392000007
7695,3800.4114540000096,3800.4114540000096
7696,3498.892206000007,3498.892206000007
7697,3480.364914000007,3480.364914000007
7698,3551.61168600001,3551.61168600001
7699,3989.1372840000145,3989.1372840000145
7700,4223.87614200002,4223.87614200002
7701,4116.92905200002,4116.92905200002
7702,3807.2491140000166,3807.2491140000166
7703,3140.455416000017,3140.455416000017
7704,2593.2167280000135,2593.2167280000135
7705,1919.4669960000058,1919.4669960000058
7706,1861.028436000005,1861.028436000005
7707,1903.322136000003,1903.322136000003
7708,1971.3112500000027,1971.3112500000027
7709,2013.7390020000041,2013.7390020000041
7710,2127.289170000004,2127.289170000004
7711,2356.435896000006,2356.435896000006
7712,2635.192740000009,2635.192740000009
7713,2848.963068000007,2848.963068000007
7714,3006.6736500000065,3006.6736500000065
7715,3271.8482700000045,3271.8482700000045
7716,3372.506544000006,3372.506544000006
7717,3710.6894400000083,3710.6894400000083
7718,3966.76702800001,3966.76702800001
7719,3828.918786000012,3828.918786000012
7720,3544.6580220000073,3544.6580220000073
7721,3480.0682680000077,3480.0682680000077
7722,3756.858522000012,3756.858522000012
7723,4039.438176000018,4039.438176000018
7724,4408.421544000022,4408.421544000022
7725,4177.643904000021,4177.643904000021
7726,3944.479614000019,3944.479614000019
7727,3285.151422000014,3285.151422000014
7728,2537.024766000012,2537.024766000012
7729,2100.7031280000065,2100.7031280000065
7730,1987.819830000003,1987.819830000003
7731,1970.4792360000033,1970.4792360000033
7732,2123.177382000005,2123.177382000005
7733,2115.4085520000035,2115.4085520000035
7734,2136.4753320000036,2136.4753320000036
7735,2370.703770000006,2370.703770000006
7736,2784.5608800000086,2784.5608800000086
7737,2908.0407300000074,2908.0407300000074
7738,3022.5516540000053,3022.5516540000053
7739,3289.1732760000045,3289.1732760000045
7740,3415.7326800000055,3415.7326800000055
7741,3670.877400000008,3670.877400000008
7742,3838.001250000013,3838.001250000013
7743,3731.475438000011,3731.475438000011
7744,3563.8780920000045,3563.8780920000045
7745,3487.9026600000066,3487.9026600000066
7746,3741.164016000012,3741.164016000012
7747,3981.5297160000155,3981.5297160000155
7748,4347.367002000022,4347.367002000022
7749,4292.123154000019,4292.123154000019
7750,3924.9517020000194,3924.9517020000194
7751,3550.2271560000154,3550.2271560000154
7752,2591.8253520000135,2591.8253520000135
7753,2047.2527880000048,2047.2527880000048
7754,1959.054468000004,1959.054468000004
7755,1983.1057620000042,1983.1057620000042
7756,2073.1782540000036,2073.1782540000036
7757,2064.838650000004,2064.838650000004
7758,2082.912402000004,2082.912402000004
7759,2333.031402000006,2333.031402000006
7760,2697.1903500000085,2697.1903500000085
7761,2858.3706780000075,2858.3706780000075
7762,3071.7509340000056,3071.7509340000056
7763,3269.412462000004,3269.412462000004
7764,3439.573782000007,3439.573782000007
7765,3728.7422460000143,3728.7422460000143
7766,4064.250234000009,4064.250234000009
7767,3845.3053800000093,3845.3053800000093
7768,3553.925706000006,3553.925706000006
7769,3512.7410940000063,3512.7410940000063
7770,3708.293190000012,3708.293190000012
7771,4028.0312460000164,4028.0312460000164
7772,4254.065322000022,4254.065322000022
7773,3939.1251720000228,3939.1251720000228
7774,3815.6051580000226,3815.6051580000226
7775,3437.957544000015,3437.957544000015
7776,2588.0437020000113,2588.0437020000113
7777,1961.8915920000065,1961.8915920000065
7778,1990.1947560000044,1990.1947560000044
7779,1990.152810000004,1990.152810000004
7780,2079.8591460000043,2079.8591460000043
7781,2174.394006000003,2174.394006000003
7782,2275.5655440000032,2275.5655440000032
7783,2429.973600000006,2429.973600000006
7784,2723.9844780000076,2723.9844780000076
7785,2949.813348000006,2949.813348000006
7786,3025.780866000005,3025.780866000005
7787,3236.195154000003,3236.195154000003
7788,3409.548042000006,3409.548042000006
7789,3682.5645960000074,3682.5645960000074
7790,3943.187466000012,3943.187466000012
7791,3734.670258000007,3734.670258000007
7792,3533.7895200000066,3533.7895200000066
7793,3496.615506000005,3496.615506000005
7794,3626.8458300000107,3626.8458300000107
7795,3941.2433280000164,3941.2433280000164
7796,4262.429580000019,4262.429580000019
7797,3949.14163800002,3949.14163800002
7798,4069.7170560000213,4069.7170560000213
7799,3636.6035580000143,3636.6035580000143
7800,2598.681084000011,2598.681084000011
7801,1937.3334540000058,1937.3334540000058
7802,1930.6387380000028,1930.6387380000028
7803,1934.6995140000038,1934.6995140000038
7804,2003.380272000004,2003.380272000004
7805,1998.3841860000032,1998.3841860000032
7806,2151.7577280000037,2151.7577280000037
7807,2342.824500000006,2342.824500000006
7808,2699.3790540000077,2699.3790540000077
7809,2795.123688000008,2795.123688000008
7810,2990.2328340000054,2990.2328340000054
7811,3286.883976000004,3286.883976000004
7812,3419.873430000006,3419.873430000006
7813,3820.2077160000067,3820.2077160000067
7814,4058.9052600000095,4058.9052600000095
7815,3792.172224000013,3792.172224000013
7816,3575.8905480000058,3575.8905480000058
7817,3479.485578000007,3479.485578000007
7818,3638.3182260000085,3638.3182260000085
7819,3759.5232780000156,3759.5232780000156
7820,4191.584760000022,4191.584760000022
7821,4384.413306000021,4384.413306000021
7822,3939.223242000017,3939.223242000017
7823,3237.2773500000158,3237.2773500000158
7824,2650.599066000011,2650.599066000011
7825,2023.1936160000055,2023.1936160000055
7826,1889.7968940000044,1889.7968940000044
7827,1969.7518080000032,1969.7518080000032
7828,2147.488332000005,2147.488332000005
7829,2151.1909440000036,2151.1909440000036
7830,2267.5640160000044,2267.5640160000044
7831,2355.0023460000057,2355.0023460000057
7832,2660.7719460000085,2660.7719460000085
7833,2834.6556300000084,2834.6556300000084
7834,2984.249964000005,2984.249964000005
7835,3293.0346840000043,3293.0346840000043
7836,3375.276114000007,3375.276114000007
7837,3682.2965520000093,3682.2965520000093
7838,3929.84446800001,3929.84446800001
7839,3633.117570000011,3633.117570000011
7840,3548.2597740000065,3548.2597740000065
7841,3498.048792000005,3498.048792000005
7842,3697.7654580000085,3697.7654580000085
7843,3922.2862140000166,3922.2862140000166
7844,4157.883648000021,4157.883648000021
7845,4186.161666000021,4186.161666000021
7846,4116.469434000019,4116.469434000019
7847,3563.3460660000155,3563.3460660000155
7848,2723.2921860000133,2723.2921860000133
7849,2001.937812000007,2001.937812000007
7850,1945.850010000004,1945.850010000004
7851,2058.6490680000034,2058.6490680000034
7852,2019.5949540000033,2019.5949540000033
7853,2119.903722000003,2119.903722000003
7854,2238.3266640000047,2238.3266640000047
7855,2458.690926000006,2458.690926000006
7856,2710.064040000008,2710.064040000008
7857,2800.589802000008,2800.589802000008
7858,3014.251920000006,3014.251920000006
7859,3274.2287280000055,3274.2287280000055
7860,3403.6579380000067,3403.6579380000067
7861,3721.137900000008,3721.137900000008
7862,3990.3308580000134,3990.3308580000134
7863,3710.579748000008,3710.579748000008
7864,3576.151230000006,3576.151230000006
7865,3493.5742140000043,3493.5742140000043
7866,3612.8453160000095,3612.8453160000095
7867,3817.4404020000156,3817.4404020000156
7868,4238.887644000022,4238.887644000022
7869,4266.148758000022,4266.148758000022
7870,4074.0757200000176,4074.0757200000176
7871,3244.2615960000167,3244.2615960000167
7872,2642.9056320000122,2642.9056320000122
7873,2121.198600000007,2121.198600000007
7874,1961.0181480000035,1961.0181480000035
7875,1991.173080000003,1991.173080000003
7876,2029.9320900000034,2029.9320900000034
7877,2185.458978000002,2185.458978000002
7878,2231.6544300000046,2231.6544300000046
7879,2424.1476120000057,2424.1476120000057
7880,2731.790256000008,2731.790256000008
7881,2943.313884000007,2943.313884000007
7882,3108.725274000005,3108.725274000005
7883,3263.100924000004,3263.100924000004
7884,3401.559000000007,3401.559000000007
7885,3600.9818220000097,3600.9818220000097
7886,3918.2586300000107,3918.2586300000107
7887,3823.250460000012,3823.250460000012
7888,3657.7230780000064,3657.7230780000064
7889,3500.5286640000063,3500.5286640000063
7890,3749.1059760000117,3749.1059760000117
7891,4056.5773800000143,4056.5773800000143
7892,4259.13564000002,4259.13564000002
7893,4063.75557600002,4063.75557600002
7894,3973.6640580000153,3973.6640580000153
7895,3296.778402000016,3296.778402000016
7896,2637.6245880000124,2637.6245880000124
7897,2048.232588000005,2048.232588000005
7898,1930.4074560000045,1930.4074560000045
7899,2031.654996000003,2031.654996000003
7900,2133.4449240000035,2133.4449240000035
7901,2168.490816000003,2168.490816000003
7902,2307.2468820000036,2307.2468820000036
7903,2405.660970000007,2405.660970000007
7904,2702.788482000008,2702.788482000008
7905,2907.2870820000076,2907.2870820000076
7906,2964.136842000005,2964.136842000005
7907,3282.929202000004,3282.929202000004
7908,3451.549812000007,3451.549812000007
7909,3677.8392780000117,3677.8392780000117
7910,3969.2321040000134,3969.2321040000134
7911,3809.2552680000094,3809.2552680000094
7912,3572.468430000007,3572.468430000007
7913,3534.994146000005,3534.994146000005
7914,3771.413628000008,3771.413628000008
7915,3954.5964840000165,3954.5964840000165
7916,4357.509888000024,4357.509888000024
7917,4008.9901920000225,4008.9901920000225
7918,3908.458602000018,3908.458602000018
7919,3270.3446460000146,3270.3446460000146
7920,2805.751212000012,2805.751212000012
7921,2085.319086000007,2085.319086000007
7922,1945.1658540000042,1945.1658540000042
7923,2030.812350000003,2030.812350000003
7924,2014.6782660000022,2014.6782660000022
7925,2046.7305600000027,2046.7305600000027
7926,2219.387880000004,2219.387880000004
7927,2370.1462380000057,2370.1462380000057
7928,2774.774496000009,2774.774496000009
7929,2910.1098900000075,2910.1098900000075
7930,2979.690732000005,2979.690732000005
7931,3179.8930080000046,3179.8930080000046
7932,3435.1968720000073,3435.1968720000073
7933,3630.7890180000104,3630.7890180000104
7934,3892.3379040000127,3892.3379040000127
7935,3689.7767700000086,3689.7767700000086
7936,3515.175498000007,3515.175498000007
7937,3532.3186380000066,3532.3186380000066
7938,3720.2143080000096,3720.2143080000096
7939,3858.9192780000158,3858.9192780000158
7940,4230.293400000021,4230.293400000021
7941,4299.379236000022,4299.379236000022
7942,3883.126800000017,3883.126800000017
7943,3490.1777520000137,3490.1777520000137
7944,2718.9646560000133,2718.9646560000133
7945,2033.652234000005,2033.652234000005
7946,1945.2332340000037,1945.2332340000037
7947,1993.6336260000032,1993.6336260000032
7948,1950.8105940000028,1950.8105940000028
7949,2048.573922000003,2048.573922000003
7950,2241.7527840000043,2241.7527840000043
7951,2348.6619480000063,2348.6619480000063
7952,2667.3879720000077,2667.3879720000077
7953,2932.7479860000067,2932.7479860000067
7954,3056.2836900000048,3056.2836900000048
7955,3269.6097540000032,3269.6097540000032
7956,3343.5010740000066,3343.5010740000066
7957,3705.051642000008,3705.051642000008
7958,3960.485052000012,3960.485052000012
7959,3841.522086000009,3841.522086000009
7960,3525.4933620000065,3525.4933620000065
7961,3477.490140000005,3477.490140000005
7962,3701.833326000011,3701.833326000011
7963,3801.568548000017,3801.568548000017
7964,4388.667666000022,4388.667666000022
7965,4169.020230000017,4169.020230000017
7966,3767.7418560000215,3767.7418560000215
7967,3362.9412540000153,3362.9412540000153
7968,2560.246152000012,2560.246152000012
7969,1927.1466120000064,1927.1466120000064
7970,1848.5314200000046,1848.5314200000046
7971,2095.6616100000047,2095.6616100000047
7972,2021.1226980000026,2021.1226980000026
7973,2023.0558740000042,2023.0558740000042
7974,2225.935734000004,2225.935734000004
7975,2437.3665660000056,2437.3665660000056
7976,2799.4609200000086,2799.4609200000086
7977,2981.7759420000066,2981.7759420000066
7978,3014.2974660000054,3014.2974660000054
7979,3291.7443000000026,3291.7443000000026
7980,3464.8790280000067,3464.8790280000067
7981,3636.0052320000095,3636.0052320000095
7982,4084.688352000013,4084.688352000013
7983,3820.0842060000123,3820.0842060000123
7984,3571.031826000006,3571.031826000006
7985,3421.1021100000066,3421.1021100000066
7986,3601.781316000011,3601.781316000011
7987,4047.3538860000167,4047.3538860000167
7988,4357.511298000018,4357.511298000018
7989,4224.88723800002,4224.88723800002
7990,3938.488764000019,3938.488764000019
7991,3166.6115520000153,3166.6115520000153
7992,2421.3897180000117,2421.3897180000117
7993,2183.4246780000058,2183.4246780000058
7994,1942.347888000005,1942.347888000005
7995,2048.4079200000037,2048.4079200000037
7996,2136.6163860000042,2136.6163860000042
7997,2180.6613060000054,2180.6613060000054
7998,2252.4969720000045,2252.4969720000045
7999,2321.952060000007,2321.952060000007
8000,2704.5732840000087,2704.5732840000087
8001,2907.397554000009,2907.397554000009
8002,3082.6337280000066,3082.6337280000066
8003,3290.694366000004,3290.694366000004
8004,3531.3117780000057,3531.3117780000057
8005,3823.275780000011,3823.275780000011
8006,4117.7666820000095,4117.7666820000095
8007,3788.4657960000104,3788.4657960000104
8008,3550.565634000008,3550.565634000008
8009,3538.2286500000064,3538.2286500000064
8010,3664.937754000011,3664.937754000011
8011,3905.506044000018,3905.506044000018
8012,4408.714608000018,4408.714608000018
8013,4277.68050000002,4277.68050000002
8014,3894.4630740000166,3894.4630740000166
8015,3325.6608480000164,3325.6608480000164
8016,2625.503652000012,2625.503652000012
8017,1932.9003720000055,1932.9003720000055
8018,1977.2592060000045,1977.2592060000045
8019,2082.4029060000034,2082.4029060000034
8020,2026.2116520000027,2026.2116520000027
8021,2102.2863540000035,2102.2863540000035
8022,2100.8830440000047,2100.8830440000047
8023,2191.460832000006,2191.460832000006
8024,2631.0574500000075,2631.0574500000075
8025,2735.678538000007,2735.678538000007
8026,3009.895752000006,3009.895752000006
8027,3275.1962640000042,3275.1962640000042
8028,3433.062198000005,3433.062198000005
8029,3755.449824000012,3755.449824000012
8030,3962.229072000012,3962.229072000012
8031,3733.9309560000097,3733.9309560000097
8032,3533.0115720000067,3533.0115720000067
8033,3559.505202000007,3559.505202000007
8034,3586.8095640000106,3586.8095640000106
8035,3812.2133880000165,3812.2133880000165
8036,4273.464078000022,4273.464078000022
8037,3829.7935260000218,3829.7935260000218
8038,3749.476362000019,3749.476362000019
8039,3381.447954000017,3381.447954000017
8040,2500.804326000011,2500.804326000011
8041,1979.8749120000066,1979.8749120000066
8042,2015.0354400000037,2015.0354400000037
8043,1968.306576000003,1968.306576000003
8044,2033.866734000004,2033.866734000004
8045,2078.8615980000036,2078.8615980000036
8046,2266.295820000004,2266.295820000004
8047,2501.1306720000057,2501.1306720000057
8048,2819.175804000007,2819.175804000007
8049,2882.8668480000074,2882.8668480000074
8050,3020.850684000005,3020.850684000005
8051,3198.3135480000055,3198.3135480000055
8052,3413.840118000007,3413.840118000007
8053,3715.4446560000106,3715.4446560000106
8054,4126.340976000011,4126.340976000011
8055,3868.328544000008,3868.328544000008
8056,3559.413810000007,3559.413810000007
8057,3483.1000620000054,3483.1000620000054
8058,3508.405038000009,3508.405038000009
8059,3750.4048200000193,3750.4048200000193
8060,4185.487128000021,4185.487128000021
8061,4054.4900220000236,4054.4900220000236
8062,3852.7312260000203,3852.7312260000203
8063,3377.307390000015,3377.307390000015
8064,2730.120540000013,2730.120540000013
8065,1998.8578440000056,1998.8578440000056
8066,1931.5520580000039,1931.5520580000039
8067,2025.3011700000047,2025.3011700000047
8068,2003.928612000004,2003.928612000004
8069,2054.286906000004,2054.286906000004
8070,2049.415014000004,2049.415014000004
8071,2311.152636000006,2311.152636000006
8072,2699.9382480000077,2699.9382480000077
8073,2790.9893460000067,2790.9893460000067
8074,2968.3791300000053,2968.3791300000053
8075,3261.800172000005,3261.800172000005
8076,3330.032508000007,3330.032508000007
8077,3753.3666660000117,3753.3666660000117
8078,3945.8707200000104,3945.8707200000104
8079,3750.371064000011,3750.371064000011
8080,3555.024006000006,3555.024006000006
8081,3469.392258000005,3469.392258000005
8082,3757.3621860000094,3757.3621860000094
8083,3875.846106000017,3875.846106000017
8084,4283.66137800002,4283.66137800002
8085,4080.863994000023,4080.863994000023
8086,3819.87051600002,3819.87051600002
8087,3304.6196580000146,3304.6196580000146
8088,2517.514362000013,2517.514362000013
8089,2165.878002000007,2165.878002000007
8090,1985.749302000003,1985.749302000003
8091,2001.0023040000035,2001.0023040000035
8092,1977.2407800000033,1977.2407800000033
8093,2218.690314000004,2218.690314000004
8094,2251.6635660000034,2251.6635660000034
8095,2337.849276000006,2337.849276000006
8096,2618.372634000008,2618.372634000008
8097,2771.2754640000067,2771.2754640000067
8098,2974.708656000005,2974.708656000005
8099,3195.317862000003,3195.317862000003
8100,3408.055410000006,3408.055410000006
8101,3587.8582200000087,3587.8582200000087
8102,3939.484074000012,3939.484074000012
8103,3744.2805780000094,3744.2805780000094
8104,3561.159576000007,3561.159576000007
8105,3515.667810000006,3515.667810000006
8106,3784.105836000011,3784.105836000011
8107,3994.300764000018,3994.300764000018
8108,4144.345992000021,4144.345992000021
8109,3928.2984180000212,3928.2984180000212
8110,3955.7426580000215,3955.7426580000215
8111,3357.385050000016,3357.385050000016
8112,2777.5861200000118,2777.5861200000118
8113,1917.0766080000053,1917.0766080000053
8114,1872.8211900000026,1872.8211900000026
8115,1894.6190340000032,1894.6190340000032
8116,2032.4987160000028,2032.4987160000028
8117,2065.476126000003,2065.476126000003
8118,2156.7571500000045,2156.7571500000045
8119,2332.618194000008,2332.618194000008
8120,2705.037192000007,2705.037192000007
8121,2829.806124000008,2829.806124000008
8122,2957.215932000005,2957.215932000005
8123,3289.9192440000043,3289.9192440000043
8124,3394.429800000007,3394.429800000007
8125,3693.864426000012,3693.864426000012
8126,3867.375300000012,3867.375300000012
8127,3783.343410000011,3783.343410000011
8128,3578.2789860000066,3578.2789860000066
8129,3501.034806000007,3501.034806000007
8130,3589.910328000011,3589.910328000011
8131,3952.0949880000167,3952.0949880000167
8132,4232.678082000019,4232.678082000019
8133,3772.75198800002,3772.75198800002
8134,3695.730984000018,3695.730984000018
8135,3118.453218000014,3118.453218000014
8136,2551.4922780000124,2551.4922780000124
8137,2076.360888000005,2076.360888000005
8138,1917.7573260000033,1917.7573260000033
8139,2014.1869440000025,2014.1869440000025
8140,2055.028368000004,2055.028368000004
8141,2070.077568000003,2070.077568000003
8142,2180.2152420000034,2180.2152420000034
8143,2338.679058000005,2338.679058000005
8144,2613.1528680000088,2613.1528680000088
8145,2816.5725900000075,2816.5725900000075
8146,2944.049508000006,2944.049508000006
8147,3217.9808820000026,3217.9808820000026
8148,3402.361356000006,3402.361356000006
8149,3647.6068920000084,3647.6068920000084
8150,3961.507440000013,3961.507440000013
8151,3813.2155440000106,3813.2155440000106
8152,3551.671896000007,3551.671896000007
8153,3518.789484000009,3518.789484000009
8154,3735.7584420000094,3735.7584420000094
8155,4070.5256280000167,4070.5256280000167
8156,4115.39950200002,4115.39950200002
8157,4009.980528000022,4009.980528000022
8158,3743.336880000018,3743.336880000018
8159,3434.575716000016,3434.575716000016
8160,2710.695246000013,2710.695246000013
8161,1969.1888340000064,1969.1888340000064
8162,1982.3176020000037,1982.3176020000037
8163,1996.902738000004,1996.902738000004
8164,2078.1944220000046,2078.1944220000046
8165,2184.0875520000054,2184.0875520000054
8166,2200.501164000005,2200.501164000005
8167,2473.3169640000056,2473.3169640000056
8168,2768.122830000007,2768.122830000007
8169,2903.518080000007,2903.518080000007
8170,2997.794166000006,2997.794166000006
8171,3167.7907380000024,3167.7907380000024
8172,3393.6398940000076,3393.6398940000076
8173,3688.717098000009,3688.717098000009
8174,3829.441968000011,3829.441968000011
8175,3771.2340840000093,3771.2340840000093
8176,3620.237274000007,3620.237274000007
8177,3557.521092000007,3557.521092000007
8178,3700.9181280000093,3700.9181280000093
8179,3911.8967820000175,3911.8967820000175
8180,4236.11999400002,4236.11999400002
8181,4157.160774000023,4157.160774000023
8182,3976.40292600002,3976.40292600002
8183,3274.7609640000155,3274.7609640000155
8184,2662.3737420000143,2662.3737420000143
8185,2013.1188360000046,2013.1188360000046
8186,1931.7481380000033,1931.7481380000033
8187,2001.5594640000027,2001.5594640000027
8188,2083.482888000004,2083.482888000004
8189,2160.5169660000033,2160.5169660000033
8190,2259.3147480000043,2259.3147480000043
8191,2407.501986000005,2407.501986000005
8192,2655.1575420000077,2655.1575420000077
8193,2848.647384000007,2848.647384000007
8194,2946.7987500000045,2946.7987500000045
8195,3191.4480360000043,3191.4480360000043
8196,3269.475294000006,3269.475294000006
8197,3582.0095160000096,3582.0095160000096
8198,3906.915240000013,3906.915240000013
8199,3874.0039200000106,3874.0039200000106
8200,3507.0881880000084,3507.0881880000084
8201,3571.546596000006,3571.546596000006
8202,3557.467110000009,3557.467110000009
8203,3846.333828000017,3846.333828000017
8204,4311.706680000021,4311.706680000021
8205,3917.9509860000203,3917.9509860000203
8206,3723.8020920000176,3723.8020920000176
8207,3332.493906000016,3332.493906000016
8208,2596.5649080000126,2596.5649080000126
8209,1954.968834000007,1954.968834000007
8210,1917.9205740000043,1917.9205740000043
8211,2029.836948000004,2029.836948000004
8212,2067.438078000004,2067.438078000004
8213,2150.3757600000044,2150.3757600000044
8214,2200.0696140000036,2200.0696140000036
8215,2436.524202000007,2436.524202000007
8216,2708.060790000008,2708.060790000008
8217,2821.974642000008,2821.974642000008
8218,3049.149084000006,3049.149084000006
8219,3195.878292000007,3195.878292000007
8220,3366.3920280000057,3366.3920280000057
8221,3669.692784000012,3669.692784000012
8222,3816.391278000013,3816.391278000013
8223,3724.1695080000104,3724.1695080000104
8224,3515.0590080000075,3515.0590080000075
8225,3506.5528140000047,3506.5528140000047
8226,3599.33388000001,3599.33388000001
8227,3900.8332500000156,3900.8332500000156
8228,4329.726930000022,4329.726930000022
8229,3963.082842000021,3963.082842000021
8230,3869.54644800002,3869.54644800002
8231,3445.3286820000153,3445.3286820000153
8232,2634.437088000012,2634.437088000012
8233,2040.7196820000047,2040.7196820000047
8234,1925.6280360000042,1925.6280360000042
8235,1954.464582000003,1954.464582000003
8236,2010.1568640000032,2010.1568640000032
8237,2062.9256700000033,2062.9256700000033
8238,2114.3228460000037,2114.3228460000037
8239,2182.414338000007,2182.414338000007
8240,2696.1918240000073,2696.1918240000073
8241,2808.7210080000063,2808.7210080000063
8242,2971.6797480000046,2971.6797480000046
8243,3256.746594000004,3256.746594000004
8244,3431.653536000007,3431.653536000007
8245,3695.6046960000103,3695.6046960000103
8246,3885.041220000015,3885.041220000015
8247,3880.018566000011,3880.018566000011
8248,3598.2840120000064,3598.2840120000064
8249,3594.2007900000067,3594.2007900000067
8250,3779.569920000009,3779.569920000009
8251,4075.109790000019,4075.109790000019
8252,4281.80323800002,4281.80323800002
8253,4007.164062000024,4007.164062000024
8254,3842.9379240000158,3842.9379240000158
8255,3348.4332720000157,3348.4332720000157
8256,2512.5356520000128,2512.5356520000128
8257,2079.2190000000064,2079.2190000000064
8258,1991.2110180000043,1991.2110180000043
8259,1986.4866780000027,1986.4866780000027
8260,1960.4227500000038,1960.4227500000038
8261,1988.617464000003,1988.617464000003
8262,2212.3682760000033,2212.3682760000033
8263,2388.8611020000053,2388.8611020000053
8264,2703.8444760000093,2703.8444760000093
8265,2825.5690920000084,2825.5690920000084
8266,3069.1861680000056,3069.1861680000056
8267,3237.8398860000043,3237.8398860000043
8268,3431.8870800000077,3431.8870800000077
8269,3678.4198380000093,3678.4198380000093
8270,3999.8021340000128,3999.8021340000128
8271,3799.432284000008,3799.432284000008
8272,3578.2758420000073,3578.2758420000073
8273,3602.679426000007,3602.679426000007
8274,3880.173984000008,3880.173984000008
8275,3936.7128540000167,3936.7128540000167
8276,4405.994544000024,4405.994544000024
8277,4336.572552000023,4336.572552000023
8278,3868.7536800000216,3868.7536800000216
8279,3564.326694000018,3564.326694000018
8280,2733.809040000013,2733.809040000013
8281,1914.439872000006,1914.439872000006
8282,1818.255252000004,1818.255252000004
8283,1887.9549780000038,1887.9549780000038
8284,2053.380600000003,2053.380600000003
8285,2033.7180480000036,2033.7180480000036
8286,2073.2014800000043,2073.2014800000043
8287,2289.2923200000055,2289.2923200000055
8288,2659.7636940000084,2659.7636940000084
8289,2864.549064000007,2864.549064000007
8290,3041.837622000006,3041.837622000006
8291,3273.414174000007,3273.414174000007
8292,3428.5755300000073,3428.5755300000073
8293,3721.2242700000097,3721.2242700000097
8294,3954.5862180000117,3954.5862180000117
8295,3778.874820000011,3778.874820000011
8296,3526.6675440000076,3526.6675440000076
8297,3609.4481040000055,3609.4481040000055
8298,3541.6124940000095,3541.6124940000095
8299,4120.224162000016,4120.224162000016
8300,4140.48327600002,4140.48327600002
8301,3989.236920000019,3989.236920000019
8302,3805.460532000018,3805.460532000018
8303,3400.8656160000173,3400.8656160000173
8304,2525.808318000012,2525.808318000012
8305,1990.3990320000062,1990.3990320000062
8306,1849.681260000003,1849.681260000003
8307,1940.3395260000043,1940.3395260000043
8308,1982.4538920000027,1982.4538920000027
8309,2016.9057240000034,2016.9057240000034
8310,2228.671830000005,2228.671830000005
8311,2371.484886000006,2371.484886000006
8312,2709.7066560000094,2709.7066560000094
8313,2905.451472000008,2905.451472000008
8314,3090.323136000005,3090.323136000005
8315,3320.0768160000052,3320.0768160000052
8316,3349.6733340000083,3349.6733340000083
8317,3777.5820600000106,3777.5820600000106
8318,4077.452052000014,4077.452052000014
8319,3772.8213000000083,3772.8213000000083
8320,3551.760582000006,3551.760582000006
8321,3524.060538000007,3524.060538000007
8322,3669.4578420000107,3669.4578420000107
8323,3869.2519440000156,3869.2519440000156
8324,4477.379256000021,4477.379256000021
8325,3869.54830200002,3869.54830200002
8326,3702.794022000018,3702.794022000018
8327,3379.6514400000165,3379.6514400000165
8328,2664.388764000012,2664.388764000012
8329,2077.830996000007,2077.830996000007
8330,2045.0915340000035,2045.0915340000035
8331,1949.1384900000044,1949.1384900000044
8332,2071.6821000000045,2071.6821000000045
8333,2065.812888000003,2065.812888000003
8334,2155.4171700000034,2155.4171700000034
8335,2330.1995580000057,2330.1995580000057
8336,2727.175950000008,2727.175950000008
8337,2952.213822000006,2952.213822000006
8338,3157.582530000006,3157.582530000006
8339,3263.6149620000037,3263.6149620000037
8340,3398.7781560000067,3398.7781560000067
8341,3702.6976260000133,3702.6976260000133
8342,4040.941194000014,4040.941194000014
8343,3725.1100380000094,3725.1100380000094
8344,3431.0395980000044,3431.0395980000044
8345,3581.296530000006,3581.296530000006
8346,3723.0916320000106,3723.0916320000106
8347,3930.4772040000166,3930.4772040000166
8348,4412.882418000019,4412.882418000019
8349,3986.6945940000214,3986.6945940000214
8350,3743.8856940000205,3743.8856940000205
8351,3424.672584000016,3424.672584000016
8352,2678.5124580000124,2678.5124580000124
8353,1955.940102000005,1955.940102000005
8354,1930.177734000004,1930.177734000004
8355,1929.199782000004,1929.199782000004
8356,1974.2593800000038,1974.2593800000038
8357,2057.633418000003,2057.633418000003
8358,2198.868426000005,2198.868426000005
8359,2343.639036000006,2343.639036000006
8360,2706.8258340000084,2706.8258340000084
8361,2870.601066000006,2870.601066000006
8362,3047.251428000006,3047.251428000006
8363,3310.5701640000057,3310.5701640000057
8364,3450.5550180000077,3450.5550180000077
8365,3790.914714000011,3790.914714000011
8366,4141.52752800001,4141.52752800001
8367,3760.527252000013,3760.527252000013
8368,3475.201662000008,3475.201662000008
8369,3423.0116400000056,3423.0116400000056
8370,3616.935756000008,3616.935756000008
8371,3891.2240340000144,3891.2240340000144
8372,4147.780050000021,4147.780050000021
8373,4087.623714000023,4087.623714000023
8374,3838.3487460000174,3838.3487460000174
8375,3232.268580000016,3232.268580000016
8376,2638.687098000014,2638.687098000014
8377,2120.9041860000066,2120.9041860000066
8378,1970.6838480000024,1970.6838480000024
8379,1979.7418260000031,1979.7418260000031
8380,2025.204480000004,2025.204480000004
8381,2061.7088280000035,2061.7088280000035
8382,2140.0211280000044,2140.0211280000044
8383,2265.5715300000056,2265.5715300000056
8384,2676.5713020000094,2676.5713020000094
8385,2872.4070900000074,2872.4070900000074
8386,3036.256932000005,3036.256932000005
8387,3349.1391360000057,3349.1391360000057
8388,3380.2148940000075,3380.2148940000075
8389,3682.2774180000097,3682.2774180000097
8390,3919.7847840000118,3919.7847840000118
8391,3777.3034140000127,3777.3034140000127
8392,3522.676614000007,3522.676614000007
8393,3554.547000000005,3554.547000000005
8394,3666.508512000012,3666.508512000012
8395,4002.9740160000156,4002.9740160000156
8396,3988.126554000022,3988.126554000022
8397,3862.639656000021,3862.639656000021
8398,3953.287608000019,3953.287608000019
8399,3270.783660000015,3270.783660000015
8400,2678.6172900000115,2678.6172900000115
8401,2129.862282000006,2129.862282000006
8402,1903.233786000003,1903.233786000003
8403,2051.408544000003,2051.408544000003
8404,2199.6564360000043,2199.6564360000043
8405,2152.705308000003,2152.705308000003
8406,2266.0409160000036,2266.0409160000036
8407,2365.8475320000057,2365.8475320000057
8408,2722.1669940000083,2722.1669940000083
8409,2895.518874000007,2895.518874000007
8410,3003.504552000005,3003.504552000005
8411,3198.0658620000036,3198.0658620000036
8412,3395.821128000007,3395.821128000007
8413,3724.985394000007,3724.985394000007
8414,4155.104442000013,4155.104442000013
8415,3947.7854520000074,3947.7854520000074
8416,3591.913998000007,3591.913998000007
8417,3596.764368000008,3596.764368000008
8418,3688.0506420000083,3688.0506420000083
8419,3995.5234260000166,3995.5234260000166
8420,4360.087536000019,4360.087536000019
8421,4071.756522000024,4071.756522000024
8422,3708.826470000018,3708.826470000018
8423,3353.721336000014,3353.721336000014
8424,2692.319178000011,2692.319178000011
8425,1956.3726540000066,1956.3726540000066
8426,1910.7723360000032,1910.7723360000032
8427,1980.4263180000025,1980.4263180000025
8428,1972.5604860000033,1972.5604860000033
8429,2147.977356000003,2147.977356000003
8430,2236.861986000003,2236.861986000003
8431,2371.151922000006,2371.151922000006
8432,2707.6057440000086,2707.6057440000086
8433,2853.922056000008,2853.922056000008
8434,2950.8244200000054,2950.8244200000054
8435,3141.744198000005,3141.744198000005
8436,3442.433352000006,3442.433352000006
8437,3798.1658220000118,3798.1658220000118
8438,3973.109292000014,3973.109292000014
8439,3782.127582000007,3782.127582000007
8440,3568.866498000006,3568.866498000006
8441,3520.7028780000096,3520.7028780000096
8442,3598.2273840000116,3598.2273840000116
8443,4142.369334000017,4142.369334000017
8444,4246.048602000021,4246.048602000021
8445,4038.45223800002,4038.45223800002
8446,3829.289550000019,3829.289550000019
8447,3127.869048000016,3127.869048000016
8448,2592.9323160000113,2592.9323160000113
8449,2163.6836040000053,2163.6836040000053
8450,1880.5398360000036,1880.5398360000036
8451,2020.248336000004,2020.248336000004
8452,2051.9274480000017,2051.9274480000017
8453,2040.6650880000027,2040.6650880000027
8454,2171.034720000003,2171.034720000003
8455,2347.9877940000056,2347.9877940000056
8456,2674.4847180000083,2674.4847180000083
8457,2810.782704000008,2810.782704000008
8458,2985.406704000004,2985.406704000004
8459,3225.7670580000035,3225.7670580000035
8460,3395.482620000005,3395.482620000005
8461,3743.469204000012,3743.469204000012
8462,3942.869946000012,3942.869946000012
8463,3769.9613640000107,3769.9613640000107
8464,3481.4474700000073,3481.4474700000073
8465,3540.922122000006,3540.922122000006
8466,3615.331374000011,3615.331374000011
8467,3868.218438000016,3868.218438000016
8468,4284.053484000019,4284.053484000019
8469,3848.029944000019,3848.029944000019
8470,3644.2616100000155,3644.2616100000155
8471,3333.206016000017,3333.206016000017
8472,2674.440126000012,2674.440126000012
8473,1991.0527200000051,1991.0527200000051
8474,1955.966352000005,1955.966352000005
8475,2070.563418000004,2070.563418000004
8476,2053.343538000004,2053.343538000004
8477,2130.2564340000035,2130.2564340000035
8478,2208.186546000004,2208.186546000004
8479,2316.9147840000055,2316.9147840000055
8480,2780.0169420000075,2780.0169420000075
8481,2929.190736000008,2929.190736000008
8482,3006.242850000006,3006.242850000006
8483,3272.102658000005,3272.102658000005
8484,3402.5095800000067,3402.5095800000067
8485,3682.3566960000107,3682.3566960000107
8486,4056.3493680000097,4056.3493680000097
8487,3796.767834000012,3796.767834000012
8488,3606.182010000007,3606.182010000007
8489,3498.1831080000075,3498.1831080000075
8490,3629.670522000008,3629.670522000008
8491,3855.587556000017,3855.587556000017
8492,4315.932540000022,4315.932540000022
8493,4414.19089800002,4414.19089800002
8494,3923.675466000019,3923.675466000019
8495,3380.039886000017,3380.039886000017
8496,2523.5543940000143,2523.5543940000143
8497,2087.5798740000055,2087.5798740000055
8498,2001.6795360000037,2001.6795360000037
8499,1962.5770260000043,1962.5770260000043
8500,2051.7065460000026,2051.7065460000026
8501,2045.9102700000021,2045.9102700000021
8502,2156.328978000004,2156.328978000004
8503,2325.881178000005,2325.881178000005
8504,2776.2451260000084,2776.2451260000084
8505,2886.1668780000086,2886.1668780000086
8506,3031.662636000004,3031.662636000004
8507,3279.0052920000053,3279.0052920000053
8508,3398.3837160000066,3398.3837160000066
8509,3654.4677480000105,3654.4677480000105
8510,3988.4427600000117,3988.4427600000117
8511,3895.962420000009,3895.962420000009
8512,3649.6000320000085,3649.6000320000085
8513,3513.6495300000056,3513.6495300000056
8514,3525.6033060000095,3525.6033060000095
8515,3901.5853860000166,3901.5853860000166
8516,4294.96644000002,4294.96644000002
8517,4324.740156000022,4324.740156000022
8518,3657.862008000018,3657.862008000018
8519,3449.3143740000164,3449.3143740000164
8520,2726.2395660000125,2726.2395660000125
8521,2189.7238800000064,2189.7238800000064
8522,1931.1154680000036,1931.1154680000036
8523,1973.533590000003,1973.533590000003
8524,2045.9747520000037,2045.9747520000037
8525,2266.2534660000038,2266.2534660000038
8526,2262.637092000004,2262.637092000004
8527,2356.9071900000054,2356.9071900000054
8528,2726.637888000008,2726.637888000008
8529,2872.2869940000064,2872.2869940000064
8530,3092.817630000006,3092.817630000006
8531,3278.1352980000015,3278.1352980000015
8532,3441.6532260000054,3441.6532260000054
8533,3696.478368000012,3696.478368000012
8534,3874.5715980000095,3874.5715980000095
8535,3784.2655320000104,3784.2655320000104
8536,3564.7988100000066,3564.7988100000066
8537,3535.5531180000053,3535.5531180000053
8538,3787.591956000008,3787.591956000008
8539,4049.620830000014,4049.620830000014
8540,4181.496570000021,4181.496570000021
8541,4059.0859860000214,4059.0859860000214
8542,3807.9039300000195,3807.9039300000195
8543,3357.2476380000167,3357.2476380000167
8544,2650.525452000011,2650.525452000011
8545,2193.084258000007,2193.084258000007
8546,2125.3696140000043,2125.3696140000043
8547,2114.837538000004,2114.837538000004
8548,2171.2430460000037,2171.2430460000037
8549,2134.9144380000043,2134.9144380000043
8550,2289.2886060000033,2289.2886060000033
8551,2419.467168000007,2419.467168000007
8552,2610.1771740000077,2610.1771740000077
8553,2857.5844440000064,2857.5844440000064
8554,2995.1907780000056,2995.1907780000056
8555,3215.820180000002,3215.820180000002
8556,3410.9936460000085,3410.9936460000085
8557,3525.215238000011,3525.215238000011
8558,3915.5125680000106,3915.5125680000106
8559,3845.014608000013,3845.014608000013
8560,3638.410482000006,3638.410482000006
8561,3546.3387180000063,3546.3387180000063
8562,3685.5849840000114,3685.5849840000114
8563,3975.2452020000164,3975.2452020000164
8564,4152.900720000021,4152.900720000021
8565,4061.9671200000175,4061.9671200000175
8566,3773.28739800002,3773.28739800002
8567,3480.2161440000173,3480.2161440000173
8568,2669.6216880000134,2669.6216880000134
8569,2046.0300180000058,2046.0300180000058
8570,1949.0293500000034,1949.0293500000034
8571,1921.461978000004,1921.461978000004
8572,1996.2491220000043,1996.2491220000043
8573,2052.9916320000034,2052.9916320000034
8574,2188.0342500000033,2188.0342500000033
8575,2418.735792000006,2418.735792000006
8576,2795.601774000009,2795.601774000009
8577,2839.520730000009,2839.520730000009
8578,3040.284138000006,3040.284138000006
8579,3238.852560000004,3238.852560000004
8580,3351.4925100000046,3351.4925100000046
8581,3548.313294000012,3548.313294000012
8582,3952.1426520000095,3952.1426520000095
8583,3702.2926260000095,3702.2926260000095
8584,3542.8796100000054,3542.8796100000054
8585,3391.307574000008,3391.307574000008
8586,3754.032696000011,3754.032696000011
8587,3899.875932000018,3899.875932000018
8588,4248.035754000019,4248.035754000019
8589,4068.1846320000227,4068.1846320000227
8590,3884.062812000019,3884.062812000019
8591,3383.691636000016,3383.691636000016
8592,2639.009298000014,2639.009298000014
8593,2077.2126300000054,2077.2126300000054
8594,1873.5634320000029,1873.5634320000029
8595,2048.8992780000035,2048.8992780000035
8596,2021.6353080000044,2021.6353080000044
8597,2259.509538000003,2259.509538000003
8598,2280.246816000004,2280.246816000004
8599,2551.134744000007,2551.134744000007
8600,2738.9913480000087,2738.9913480000087
8601,2803.4713140000076,2803.4713140000076
8602,2998.4269500000055,2998.4269500000055
8603,3121.9862880000032,3121.9862880000032
8604,3274.5167220000044,3274.5167220000044
8605,3698.9524260000107,3698.9524260000107
8606,3921.575928000012,3921.575928000012
8607,3830.2911000000104,3830.2911000000104
8608,3595.792782000007,3595.792782000007
8609,3589.215138000006,3589.215138000006
8610,3705.0265560000094,3705.0265560000094
8611,3944.4676260000156,3944.4676260000156
8612,4254.26799000002,4254.26799000002
8613,3926.101398000023,3926.101398000023
8614,3767.7903960000203,3767.7903960000203
8615,3226.787220000015,3226.787220000015
8616,2703.5660640000115,2703.5660640000115
8617,1945.952034000005,1945.952034000005
8618,1951.9701540000035,1951.9701540000035
8619,1965.5841960000034,1965.5841960000034
8620,1956.5243940000037,1956.5243940000037
8621,2056.4176500000035,2056.4176500000035
8622,2214.8047860000047,2214.8047860000047
8623,2420.6176080000046,2420.6176080000046
8624,2734.5984240000084,2734.5984240000084
8625,2797.843854000007,2797.843854000007
8626,2981.4182940000046,2981.4182940000046
8627,3191.1064920000044,3191.1064920000044
8628,3441.9681420000074,3441.9681420000074
8629,3840.640728000008,3840.640728000008
8630,3907.947390000012,3907.947390000012
8631,3863.8734840000106,3863.8734840000106
8632,3651.979380000008,3651.979380000008
8633,3577.9122300000067,3577.9122300000067
8634,3707.635818000013,3707.635818000013
8635,4029.5890140000192,4029.5890140000192
8636,4434.425034000023,4434.425034000023
8637,4053.2632620000227,4053.2632620000227
8638,3677.92734000002,3677.92734000002
8639,3299.394294000015,3299.394294000015
8640,2667.6172200000115,2667.6172200000115
8641,2067.7924500000063,2067.7924500000063
8642,2018.1793980000048,2018.1793980000048
8643,1981.6267380000031,1981.6267380000031
8644,2059.2890460000035,2059.2890460000035
8645,2117.1831180000027,2117.1831180000027
8646,2069.2850880000033,2069.2850880000033
8647,2300.262906000006,2300.262906000006
8648,2593.3992840000087,2593.3992840000087
8649,2780.5187100000066,2780.5187100000066
8650,3014.1070380000046,3014.1070380000046
8651,3398.0685060000037,3398.0685060000037
8652,3389.9019300000054,3389.9019300000054
8653,3667.014204000012,3667.014204000012
8654,3929.7108240000102,3929.7108240000102
8655,3804.9462480000097,3804.9462480000097
8656,3556.332888000007,3556.332888000007
8657,3513.057120000006,3513.057120000006
8658,3560.382990000009,3560.382990000009
8659,3952.467180000018,3952.467180000018
8660,4210.019124000023,4210.019124000023
8661,4124.63717400002,4124.63717400002
8662,3955.3762140000217,3955.3762140000217
8663,3541.9867740000172,3541.9867740000172
8664,2846.954598000015,2846.954598000015
8665,1945.9744200000064,1945.9744200000064
8666,1880.8588800000032,1880.8588800000032
8667,2006.8816980000036,2006.8816980000036
8668,2014.2679320000043,2014.2679320000043
8669,2043.4272420000036,2043.4272420000036
8670,2120.1164280000044,2120.1164280000044
8671,2314.468956000006,2314.468956000006
8672,2681.0641620000083,2681.0641620000083
8673,2736.147474000008,2736.147474000008
8674,2958.573762000005,2958.573762000005
8675,3242.255994000004,3242.255994000004
8676,3395.6988840000076,3395.6988840000076
8677,3769.448856000012,3769.448856000012
8678,3895.513494000008,3895.513494000008
8679,3756.257304000012,3756.257304000012
8680,3545.6065140000055,3545.6065140000055
8681,3497.480592000006,3497.480592000006
8682,3651.0207000000087,3651.0207000000087
8683,4146.261972000015,4146.261972000015
8684,4207.09971000002,4207.09971000002
8685,4116.608046000021,4116.608046000021
8686,3886.770546000018,3886.770546000018
8687,3368.0974860000165,3368.0974860000165
8688,2523.217470000012,2523.217470000012
8689,1990.752708000006,1990.752708000006
8690,2006.559018000004,2006.559018000004
8691,1975.1477220000036,1975.1477220000036
8692,2057.7240420000035,2057.7240420000035
8693,2047.3204020000044,2047.3204020000044
8694,2259.829608000004,2259.829608000004
8695,2395.5576120000064,2395.5576120000064
8696,2814.392286000008,2814.392286000008
8697,2905.340958000007,2905.340958000007
8698,3067.1350080000043,3067.1350080000043
8699,3345.773718000002,3345.773718000002
8700,3362.2227780000085,3362.2227780000085
8701,3787.115010000012,3787.115010000012
8702,3966.9503160000095,3966.9503160000095
8703,3865.7309220000107,3865.7309220000107
8704,3620.165346000004,3620.165346000004
8705,3500.302554000006,3500.302554000006
8706,3749.407134000012,3749.407134000012
8707,4029.448164000019,4029.448164000019
8708,4306.59541200002,4306.59541200002
8709,4167.49724400002,4167.49724400002
8710,4074.695262000018,4074.695262000018
8711,3480.0959460000145,3480.0959460000145
8712,2641.586814000013,2641.586814000013
8713,1980.0364320000065,1980.0364320000065
8714,1896.9016860000045,1896.9016860000045
8715,1977.316416000003,1977.316416000003
8716,1935.8382720000036,1935.8382720000036
8717,2062.0601760000027,2062.0601760000027
8718,2159.4779520000034,2159.4779520000034
8719,2340.5319720000066,2340.5319720000066
8720,2730.3270540000094,2730.3270540000094
8721,2764.405080000007,2764.405080000007
8722,2944.082268000004,2944.082268000004
8723,3125.1004020000046,3125.1004020000046
8724,3203.0602860000063,3203.0602860000063
8725,3586.00804200001,3586.00804200001
8726,3987.1711140000116,3987.1711140000116
8727,3788.6172000000115,3788.6172000000115
8728,3510.5410860000065,3510.5410860000065
8729,3503.0553360000063,3503.0553360000063
8730,3504.130542000011,3504.130542000011
8731,4095.216078000019,4095.216078000019
8732,4435.283796000022,4435.283796000022
8733,4039.47759000002,4039.47759000002
8734,3653.670696000019,3653.670696000019
8735,3119.376564000017,3119.376564000017
8736,2614.655856000011,2614.655856000011
8737,2008.975392000006,2008.975392000006
8738,1906.0355040000034,1906.0355040000034
8739,1997.9119800000046,1997.9119800000046
8740,2028.0720900000044,2028.0720900000044
8741,2075.968962000004,2075.968962000004
8742,2233.811226000004,2233.811226000004
8743,2398.165854000006,2398.165854000006
8744,2666.5237380000076,2666.5237380000076
8745,2830.447512000006,2830.447512000006
8746,3067.536162000005,3067.536162000005
8747,3288.7208820000033,3288.7208820000033
8748,3431.9467200000063,3431.9467200000063
8749,3708.2033160000115,3708.2033160000115
8750,3982.884126000012,3982.884126000012
8751,3795.981714000011,3795.981714000011
8752,3537.7812600000057,3537.7812600000057
8753,3530.9816520000063,3530.9816520000063
8754,3717.340182000011,3717.340182000011
8755,3944.540634000016,3944.540634000016
8756,4290.293436000019,4290.293436000019
8757,4058.9998200000214,4058.9998200000214
8758,3686.6177460000213,3686.6177460000213
8759,3161.919108000017,3161.919108000017
8760,2721.660102000012,2721.660102000012
