Periods,Solar PV,Wind
1,0.0,26204.016162419477
2,0.0,25940.32316782384
3,0.0,25808.476670526026
4,0.0,25544.783675930397
5,0.0,25281.09068133476
6,0.0,25149.24418403694
7,0.0,24885.551189441303
8,41.19262339490442,24753.704692143492
9,162.7531699697041,24490.011697547856
10,247.0281025456316,24226.31870295222
11,310.93706684902986,24094.472205654405
12,342.6588656265718,34556.87418244063
13,360.00799193176954,36615.70794793733
14,344.4145287388305,36615.70794793733
15,290.68181917621325,35586.29106518898
16,64.71037267781148,37585.71277335322
17,57.419767509079946,43487.11128221227
18,39.5354547172575,48039.61870333207
19,9.732356137281418,49198.851884496136
20,0.0,49198.851884496136
21,0.0,51417.42275248823
22,0.0,50308.13731849218
23,0.0,48039.61870333207
24,0.0,41126.55187866863
25,0.0,35586.29106518898
26,0.0,29409.78976869893
27,0.0,27350.95600320225
28,0.0,28380.372885950583
29,0.0,30439.206651447275
30,0.0,31468.6235341956
31,0.0,32498.04041694395
32,43.28478290121627,35586.29106518898
33,157.34973220976164,45847.67068575586
34,246.0118682486132,47027.95038752768
35,302.27290652389865,45847.67068575586
36,342.36137945661983,44667.39098398404
37,362.0964165786186,47027.95038752768
38,346.7344915516885,44667.39098398404
39,293.5226934451195,44667.39098398404
40,60.33404418433246,48039.61870333207
41,51.67984903407451,53635.99362048036
42,38.20371577194841,59023.951442746926
43,9.731937556371015,63033.43325185356
44,0.0,63033.43325185356
45,0.0,61098.839454964436
46,0.0,55854.564488472475
47,0.0,47027.95038752768
48,0.0,42306.83158044045
49,0.0,42306.83158044045
50,0.0,44667.39098398404
51,0.0,41126.55187866863
52,0.0,36615.70794793733
53,0.0,37585.71277335322
54,0.0,41126.55187866863
55,0.0,42306.83158044045
56,42.3902631206613,38765.99247512504
57,151.40859762236494,43487.11128221227
58,207.71736335054624,39946.272176896855
59,308.38380794426155,36615.70794793733
60,348.9697207214629,32498.04041694395
61,364.0041539869409,32498.04041694395
62,343.07457372792805,35586.29106518898
63,294.6139781330928,42306.83158044045
64,60.32780206023162,51417.42275248823
65,52.14577353925749,60131.54255651987
66,38.25047064839786,65935.32394718725
67,10.179199485311663,67869.91774407637
68,0.0,68699.02937131457
69,0.0,69666.32626975914
70,0.0,68699.02937131457
71,0.0,66902.62084563181
72,0.0,64000.73015029813
73,0.0,61098.839454964436
74,0.0,58073.13535646457
75,0.0,51417.42275248823
76,0.0,45847.67068575586
77,0.0,43487.11128221227
78,0.0,43487.11128221227
79,0.0,44667.39098398404
80,46.416714075005615,42306.83158044045
81,162.57092076992942,43487.11128221227
82,248.82259959470065,39946.272176896855
83,314.6152333290085,37585.71277335322
84,348.8331020859621,35586.29106518898
85,364.02339008117343,34556.87418244063
86,349.8153952986904,32498.04041694395
87,297.2288800951317,33527.45729969231
88,59.11131698784908,39946.272176896855
89,50.88278261523485,49198.851884496136
90,37.39627023331781,55854.564488472475
91,10.620153759550211,56963.849922468544
92,0.0,54745.2790544764
93,0.0,54745.2790544764
94,0.0,54745.2790544764
95,0.0,53635.99362048036
96,0.0,52526.708186484306
97,0.0,50308.13731849218
98,0.0,49198.851884496136
99,0.0,45847.67068575586
100,0.0,42306.83158044045
101,0.0,42306.83158044045
102,0.0,41126.55187866863
103,0.0,36615.70794793733
104,27.71233731550938,32498.04041694395
105,144.96922264235226,35586.29106518898
106,238.2991629995951,31468.6235341956
107,315.61139854355395,29409.78976869893
108,351.34856547698735,29409.78976869893
109,366.6442321073191,33527.45729969231
110,350.01708347820806,34556.87418244063
111,298.21492707802685,38765.99247512504
112,57.03026150327968,42306.83158044045
113,50.896948216050106,48039.61870333207
114,37.82121944281599,50308.13731849218
115,10.621104403128172,50308.13731849218
116,0.0,51417.42275248823
117,0.0,52526.708186484306
118,0.0,52526.708186484306
119,0.0,51417.42275248823
120,0.0,49198.851884496136
121,0.0,44667.39098398404
122,0.0,39946.272176896855
123,0.0,37585.71277335322
124,0.0,38765.99247512504
125,0.0,41126.55187866863
126,0.0,38765.99247512504
127,0.0,33527.45729969231
128,31.161958484275985,28380.372885950583
129,126.5571592463407,32498.04041694395
130,243.6997175680008,29409.78976869893
131,311.6543778979267,30439.206651447275
132,355.0701713910867,29409.78976869893
133,368.6264720153676,29409.78976869893
134,352.27553906759414,34556.87418244063
135,299.2240342347488,39946.272176896855
136,60.38950016416026,44667.39098398404
137,52.58288918216926,48039.61870333207
138,38.25866436863712,53635.99362048036
139,11.07170258839303,54745.2790544764
140,0.0,56963.849922468544
141,0.0,58073.13535646457
142,0.0,58073.13535646457
143,0.0,56963.849922468544
144,0.0,54745.2790544764
145,0.0,50308.13731849218
146,0.0,43487.11128221227
147,0.0,39946.272176896855
148,0.0,38765.99247512504
149,0.0,37585.71277335322
150,0.0,34556.87418244063
151,0.0,30439.206651447275
152,37.96385692277187,26468.598675132238
153,117.09242271360542,33527.45729969231
154,218.4542103667264,33527.45729969231
155,296.23530894587435,31468.6235341956
156,350.541575955168,29409.78976869893
157,362.7363383030573,31468.6235341956
158,346.79811757805925,36615.70794793733
159,289.5048227667836,44667.39098398404
160,101.56656289247294,52526.708186484306
161,92.34687571691347,64000.73015029813
162,42.97281665996712,75123.98345524572
163,11.5083298703797,77329.87677542074
164,0.0,72807.79546906195
165,0.0,67869.91774407637
166,0.0,64968.02704874271
167,0.0,63033.43325185356
168,0.0,58073.13535646457
169,0.0,49198.851884496136
170,0.0,44667.39098398404
171,0.0,41126.55187866863
172,0.0,36615.70794793733
173,0.0,34556.87418244063
174,0.0,33527.45729969231
175,0.0,34556.87418244063
176,59.1630411630669,31468.6235341956
177,137.78171985120005,37585.71277335322
178,179.5121963912104,35586.29106518898
179,303.3041204127534,33527.45729969231
180,348.75882260138974,29409.78976869893
181,358.72815069830136,28380.372885950583
182,348.465120313463,33527.45729969231
183,297.6619226434322,50308.13731849218
184,145.8827521778651,64000.73015029813
185,59.86641973286747,73579.85813112323
186,43.89836649713404,80283.3582239831
187,11.51274896450524,80283.3582239831
188,0.0,76557.81411335949
189,0.0,72035.7328070007
190,0.0,66902.62084563181
191,0.0,59023.951442746926
192,0.0,51417.42275248823
193,0.0,43487.11128221227
194,0.0,38765.99247512504
195,0.0,39946.272176896855
196,0.0,42306.83158044045
197,0.0,43487.11128221227
198,0.0,39946.272176896855
199,0.0,36615.70794793733
200,28.21491471840738,30439.206651447275
201,142.40357678095882,39946.272176896855
202,208.4719239834669,45847.67068575586
203,297.03676746721635,49198.851884496136
204,346.07092552179665,50308.13731849218
205,360.6598900507449,49198.851884496136
206,348.0747300093625,41126.55187866863
207,298.9023207270332,51417.42275248823
208,148.20751185059868,60131.54255651987
209,59.91781039596857,75123.98345524572
210,45.21711267464723,83041.99262898357
211,11.968828924918148,84921.41343578711
212,0.0,83041.99262898357
213,0.0,81906.0843445716
214,0.0,80283.3582239831
215,0.0,75785.75145129822
216,0.0,67869.91774407637
217,0.0,61098.839454964436
218,0.0,60131.54255651987
219,0.0,58073.13535646457
220,0.0,54745.2790544764
221,0.0,51417.42275248823
222,0.0,48039.61870333207
223,0.0,45847.67068575586
224,32.472925491382256,43487.11128221227
225,115.8274067407646,51417.42275248823
226,228.7823247109139,49198.851884496136
227,299.315238456093,48039.61870333207
228,346.1964077090282,44667.39098398404
229,363.979405212803,39946.272176896855
230,350.5533854322475,45847.67068575586
231,301.4387797265611,54745.2790544764
232,154.6036736693504,70491.6074828782
233,61.64844779601891,79147.44993957113
234,43.94281432797175,84033.98508859027
235,12.41498959964839,85808.84178298395
236,0.0,84921.41343578711
237,0.0,83041.99262898357
238,0.0,81906.0843445716
239,0.0,79715.4040817771
240,0.0,75123.98345524572
241,0.0,69666.32626975914
242,0.0,68699.02937131457
243,0.0,65935.32394718725
244,0.0,66902.62084563181
245,0.0,64968.02704874271
246,0.0,61098.839454964436
247,0.0,59023.951442746926
248,38.74293961994977,55854.564488472475
249,144.97452545612515,64968.02704874271
250,241.9633617811214,64968.02704874271
251,309.1365936466776,65935.32394718725
252,347.10987803740034,69666.32626975914
253,365.9240547844858,67869.91774407637
254,354.11041811907694,59023.951442746926
255,303.2875322212016,55854.564488472475
256,155.49840440448187,71263.67014493943
257,54.31494040995861,84033.98508859027
258,40.02922458605499,89138.88577433408
259,12.839000638913149,88971.54214314838
260,0.0,85365.12760938554
261,0.0,83590.27091499184
262,0.0,82474.0384867776
263,0.0,80851.31236618907
264,0.0,77329.87677542074
265,0.0,69666.32626975914
266,0.0,64000.73015029813
267,0.0,56963.849922468544
268,0.0,50308.13731849218
269,0.0,42306.83158044045
270,0.0,33527.45729969231
271,0.0,30439.206651447275
272,48.016258721310216,30439.206651447275
273,158.5914912952884,42306.83158044045
274,246.2580964432914,42306.83158044045
275,313.66871343475447,41126.55187866863
276,351.56887283725706,43487.11128221227
277,368.6072873999343,42306.83158044045
278,355.4844477126681,34556.87418244063
279,306.1101950486216,44667.39098398404
280,158.71311070637995,54745.2790544764
281,53.4948456741388,64968.02704874271
282,39.64415261850648,72807.79546906195
283,12.415623431352566,75123.98345524572
284,0.0,73579.85813112323
285,0.0,72035.7328070007
286,0.0,71263.67014493943
287,0.0,70491.6074828782
288,0.0,65935.32394718725
289,0.0,59023.951442746926
290,0.0,51417.42275248823
291,0.0,45847.67068575586
292,0.0,42306.83158044045
293,0.0,37585.71277335322
294,0.0,31468.6235341956
295,0.0,24621.858194845674
296,44.47480952374754,20930.156270506784
297,161.19829088615376,22776.007232676242
298,242.62590313142647,20007.23078942208
299,312.2590382333793,19084.305308337352
300,355.04431530087857,17370.300843465728
301,370.4522607794301,20007.23078942208
302,358.88549101572187,25544.783675930397
303,309.4685076733483,32498.04041694395
304,162.07568262959788,37585.71277335322
305,51.028509424772544,41126.55187866863
306,39.22925271102148,41126.55187866863
307,12.85927556973609,41126.55187866863
308,0.0,38765.99247512504
309,0.0,39946.272176896855
310,0.0,44667.39098398404
311,0.0,48039.61870333207
312,0.0,48039.61870333207
313,0.0,42306.83158044045
314,0.0,37585.71277335322
315,0.0,27350.95600320225
316,0.0,21853.08175159152
317,0.0,19084.305308337352
318,0.0,19084.305308337352
319,0.0,15812.290768367156
320,39.568742080381206,12040.720292780567
321,150.54005127032644,13549.348483015208
322,243.95660872354944,11286.406197663246
323,315.3040705970712,9885.537163873942
324,354.4037367365765,8642.025580151947
325,370.229601126186,10639.851258991263
326,355.30748730325223,15812.290768367156
327,307.4156506716094,28380.372885950583
328,164.84244108579747,43487.11128221227
329,64.24086709328749,51417.42275248823
330,41.32423680806801,59023.951442746926
331,12.844865196157055,64000.73015029813
332,0.0,63033.43325185356
333,0.0,64968.02704874271
334,0.0,64000.73015029813
335,0.0,59023.951442746926
336,0.0,51417.42275248823
337,0.0,44667.39098398404
338,0.0,44667.39098398404
339,0.0,36615.70794793733
340,0.0,26468.598675132238
341,0.0,19084.305308337352
342,0.0,15812.290768367156
343,0.0,14303.662578132522
344,35.82723246676425,14303.662578132522
345,153.6093580744111,21853.08175159152
346,240.8193722864117,24621.858194845674
347,309.14864434304303,25544.783675930397
348,352.4330390912867,29409.78976869893
349,367.9200975209996,34556.87418244063
350,354.2098242166176,38765.99247512504
351,306.39681181247266,50308.13731849218
352,167.87781386850352,62066.13635340902
353,53.896055819036,65935.32394718725
354,41.3153024397204,68699.02937131457
355,13.72487438268296,67869.91774407637
356,0.0,66902.62084563181
357,0.0,65935.32394718725
358,0.0,64968.02704874271
359,0.0,62066.13635340902
360,0.0,55854.564488472475
361,0.0,47027.95038752768
362,0.0,42306.83158044045
363,0.0,39946.272176896855
364,0.0,36615.70794793733
365,0.0,34556.87418244063
366,0.0,32498.04041694395
367,0.0,32498.04041694395
368,37.00985183037728,32498.04041694395
369,145.96857659823107,43487.11128221227
370,236.33227175705483,43487.11128221227
371,294.3681281097938,42306.83158044045
372,343.60273172959285,42306.83158044045
373,364.3495501876538,43487.11128221227
374,349.6016175947136,49198.851884496136
375,303.37533055012847,55854.564488472475
376,174.58601227202328,63033.43325185356
377,60.82998192357508,66902.62084563181
378,43.053678986266526,71263.67014493943
379,13.73408432339852,74351.92079318449
380,0.0,75785.75145129822
381,0.0,76557.81411335949
382,0.0,75785.75145129822
383,0.0,73579.85813112323
384,0.0,69666.32626975914
385,0.0,63033.43325185356
386,0.0,64000.73015029813
387,0.0,52526.708186484306
388,0.0,43487.11128221227
389,0.0,34556.87418244063
390,0.0,26468.598675132238
391,0.0,21853.08175159152
392,37.04444308850321,20007.23078942208
393,149.75623612788053,29409.78976869893
394,229.6746925989997,29409.78976869893
395,285.3615644592202,24621.858194845674
396,328.387490829878,23698.932713760954
397,363.4792239335332,23698.932713760954
398,350.44768506516607,22776.007232676242
399,302.67921880090006,27350.95600320225
400,180.02376945499435,36615.70794793733
401,69.38690746877218,42306.83158044045
402,49.96963169484295,58073.13535646457
403,14.168046309937369,64968.02704874271
404,0.0,65935.32394718725
405,0.0,64968.02704874271
406,0.0,62066.13635340902
407,0.0,62066.13635340902
408,0.0,60131.54255651987
409,0.0,56963.849922468544
410,0.0,49198.851884496136
411,0.0,44667.39098398404
412,0.0,41126.55187866863
413,0.0,39946.272176896855
414,0.0,38765.99247512504
415,0.0,37585.71277335322
416,26.05154310647709,36615.70794793733
417,131.23281890335178,41126.55187866863
418,220.2083867134332,38765.99247512504
419,298.9277703105831,36615.70794793733
420,330.8670803683426,36615.70794793733
421,364.55307906153854,38765.99247512504
422,358.4681092851291,35586.29106518898
423,305.4624829927037,42306.83158044045
424,178.60088761286414,48039.61870333207
425,62.9505195724663,54745.2790544764
426,46.07758745604969,59023.951442746926
427,13.726669554524731,59023.951442746926
428,0.0,56963.849922468544
429,0.0,53635.99362048036
430,0.0,51417.42275248823
431,0.0,49198.851884496136
432,0.0,44667.39098398404
433,0.0,42306.83158044045
434,0.0,43487.11128221227
435,0.0,43487.11128221227
436,0.0,42306.83158044045
437,0.0,39946.272176896855
438,0.0,33527.45729969231
439,0.0,28380.372885950583
440,39.01320633414876,25544.783675930397
441,144.85461760300163,29409.78976869893
442,233.5949051837456,25544.783675930397
443,311.15326345767284,20930.156270506784
444,357.46541249956863,20007.23078942208
445,372.74440528975066,22776.007232676242
446,360.428603743781,25544.783675930397
447,312.1559632603829,38765.99247512504
448,180.09934925582843,53635.99362048036
449,54.44721862710996,64000.73015029813
450,43.49785061220018,68699.02937131457
451,14.178306281366796,69666.32626975914
452,0.0,70491.6074828782
453,0.0,71263.67014493943
454,0.0,71263.67014493943
455,0.0,70491.6074828782
456,0.0,69666.32626975914
457,0.0,65935.32394718725
458,0.0,58073.13535646457
459,0.0,48039.61870333207
460,0.0,36615.70794793733
461,0.0,30439.206651447275
462,0.0,31468.6235341956
463,0.0,35586.29106518898
464,31.57939190401908,36615.70794793733
465,137.6600721558354,45847.67068575586
466,228.70478245684276,48039.61870333207
467,313.7964953584688,51417.42275248823
468,353.9104625526272,43487.11128221227
469,372.3525921756784,34556.87418244063
470,359.9013446094937,30439.206651447275
471,312.7511511582064,36615.70794793733
472,192.8469180260286,51417.42275248823
473,66.80774036469545,64000.73015029813
474,64.58081903021973,74351.92079318449
475,15.06634980810924,79147.44993957113
476,0.0,78579.49579736515
477,0.0,78011.54165515918
478,0.0,74351.92079318449
479,0.0,72807.79546906195
480,0.0,69666.32626975914
481,0.0,65935.32394718725
482,0.0,64968.02704874271
483,0.0,61098.839454964436
484,0.0,59023.951442746926
485,0.0,59023.951442746926
486,0.0,59023.951442746926
487,0.0,56963.849922468544
488,19.955088774808168,54745.2790544764
489,87.95115853928834,55854.564488472475
490,180.78106212488063,52526.708186484306
491,245.6995270355065,51417.42275248823
492,351.6919038234134,45847.67068575586
493,368.3898918575098,41126.55187866863
494,362.0199565110111,38765.99247512504
495,314.855369323877,50308.13731849218
496,186.6259358527096,63033.43325185356
497,68.64989417414134,71263.67014493943
498,49.64768774289862,74351.92079318449
499,14.64764199525366,75123.98345524572
500,0.0,72807.79546906195
501,0.0,74351.92079318449
502,0.0,75123.98345524572
503,0.0,72807.79546906195
504,0.0,68699.02937131457
505,0.0,63033.43325185356
506,0.0,58073.13535646457
507,0.0,51417.42275248823
508,0.0,41126.55187866863
509,0.0,32498.04041694395
510,0.0,30439.206651447275
511,0.0,27350.95600320225
512,34.04996098661357,26468.598675132238
513,146.69975868416935,29409.78976869893
514,233.2755357240311,26468.598675132238
515,312.6000197636982,26468.598675132238
516,356.5199391083132,25544.783675930397
517,373.8271554569073,26468.598675132238
518,362.7212780892542,27350.95600320225
519,316.6815287285938,34556.87418244063
520,189.25245071553144,52526.708186484306
521,54.41741837067232,64968.02704874271
522,40.52840014334672,68699.02937131457
523,14.637511258160036,67869.91774407637
524,0.0,65935.32394718725
525,0.0,66902.62084563181
526,0.0,65935.32394718725
527,0.0,65935.32394718725
528,0.0,64968.02704874271
529,0.0,64000.73015029813
530,0.0,59023.951442746926
531,0.0,59023.951442746926
532,0.0,56963.849922468544
533,0.0,51417.42275248823
534,0.0,44667.39098398404
535,0.0,39946.272176896855
536,19.518272880917145,34556.87418244063
537,47.904934683050165,36615.70794793733
538,215.6893832583825,35586.29106518898
539,311.35307740259145,33527.45729969231
540,356.98723798139304,32498.04041694395
541,377.9514398998196,33527.45729969231
542,365.1073930438095,41126.55187866863
543,319.3779212011401,51417.42275248823
544,192.35355915312564,61098.839454964436
545,53.16247754796753,65935.32394718725
546,40.08981217670556,66902.62084563181
547,14.63873264184782,65935.32394718725
548,0.0,63033.43325185356
549,0.0,61098.839454964436
550,0.0,58073.13535646457
551,0.0,54745.2790544764
552,0.0,48039.61870333207
553,0.0,38765.99247512504
554,0.0,21853.08175159152
555,0.0,14303.662578132522
556,0.0,9209.979722357926
557,0.0,7506.117295739982
558,0.0,6370.2090113280165
559,0.0,6370.2090113280165
560,30.75722966890793,8074.07143794596
561,157.02449409855657,12040.720292780567
562,241.18100823943183,12040.720292780567
563,319.1550993833346,12040.720292780567
564,363.92540155248673,12795.034387897882
565,380.74211233651977,15057.976673249845
566,369.4702385959672,23698.932713760954
567,323.28537829482104,35586.29106518898
568,195.4173869799867,44667.39098398404
569,50.66189995752983,51417.42275248823
570,39.70360455400492,52526.708186484306
571,15.093247148559438,52526.708186484306
572,0.0,53635.99362048036
573,0.0,53635.99362048036
574,0.0,51417.42275248823
575,0.0,51417.42275248823
576,0.0,50308.13731849218
577,0.0,45847.67068575586
578,0.0,39946.272176896855
579,0.0,33527.45729969231
580,0.0,29409.78976869893
581,0.0,24621.858194845674
582,0.0,21853.08175159152
583,0.0,20930.156270506784
584,29.435743018022823,19084.305308337352
585,110.5826968315418,20007.23078942208
586,224.86055841795152,16566.604863484477
587,306.0738478764729,11286.406197663246
588,340.9570123842625,10639.851258991263
589,367.9994630830386,15057.976673249845
590,353.6900282602326,26468.598675132238
591,313.88822169825767,39946.272176896855
592,197.39606702372132,54745.2790544764
593,53.544467236359246,64968.02704874271
594,50.82568709385507,66902.62084563181
595,15.492701567240976,64968.02704874271
596,0.0,64968.02704874271
597,0.0,64968.02704874271
598,0.0,65935.32394718725
599,0.0,64000.73015029813
600,0.0,56963.849922468544
601,0.0,43487.11128221227
602,0.0,38765.99247512504
603,0.0,32498.04041694395
604,0.0,28380.372885950583
605,0.0,29409.78976869893
606,0.0,34556.87418244063
607,0.0,31468.6235341956
608,24.7403074154206,28380.372885950583
609,94.43661308845256,30439.206651447275
610,228.2687351205908,28380.372885950583
611,301.30670058551976,27350.95600320225
612,310.96537141179124,28380.372885950583
613,371.1883277981548,30439.206651447275
614,360.5677755555061,29409.78976869893
615,314.99151822442457,36615.70794793733
616,199.9801962425416,48039.61870333207
617,59.625512321262455,53635.99362048036
618,44.81062724004823,62066.13635340902
619,13.714575858306723,65935.32394718725
620,0.0,64968.02704874271
621,0.0,65935.32394718725
622,0.0,62066.13635340902
623,0.0,60131.54255651987
624,0.0,54745.2790544764
625,0.0,48039.61870333207
626,0.0,43487.11128221227
627,0.0,32498.04041694395
628,0.0,25544.783675930397
629,0.0,19084.305308337352
630,0.0,13549.348483015208
631,0.0,9209.979722357926
632,32.34579735904082,8642.025580151947
633,113.66718598248887,13549.348483015208
634,232.9986051821353,18161.37982725263
635,306.4410790776656,18161.37982725263
636,335.9428108733168,20007.23078942208
637,372.106696870163,24621.858194845674
638,365.44165228755776,25544.783675930397
639,321.4417032293827,32498.04041694395
640,201.9861162554488,39946.272176896855
641,54.006753103067005,41126.55187866863
642,40.88411963847581,41126.55187866863
643,15.476257791840435,45847.67068575586
644,0.0,48039.61870333207
645,0.0,51417.42275248823
646,0.0,51417.42275248823
647,0.0,50308.13731849218
648,0.0,44667.39098398404
649,0.0,39946.272176896855
650,0.0,35586.29106518898
651,0.0,33527.45729969231
652,0.0,32498.04041694395
653,0.0,29409.78976869893
654,0.0,24621.858194845674
655,0.0,20007.23078942208
656,6.662166768623044,16566.604863484477
657,74.19185182499035,21853.08175159152
658,159.15593451640564,20930.156270506784
659,305.88781333631107,20930.156270506784
660,341.8699352055746,20930.156270506784
661,373.9064550479727,22776.007232676242
662,364.80047055700805,24621.858194845674
663,322.1461556773116,27350.95600320225
664,204.02661317072383,36615.70794793733
665,54.81211254622465,44667.39098398404
666,41.770902668499424,52526.708186484306
667,15.949463926435923,58073.13535646457
668,0.0,60131.54255651987
669,0.0,61098.839454964436
670,0.0,62066.13635340902
671,0.0,61098.839454964436
672,0.0,55854.564488472475
673,0.0,48039.61870333207
674,0.0,38765.99247512504
675,0.0,27350.95600320225
676,0.0,20007.23078942208
677,0.0,20007.23078942208
678,0.0,20007.23078942208
679,0.0,19084.305308337352
680,28.130857305243023,19084.305308337352
681,143.412411177302,22776.007232676242
682,226.4401020712462,25544.783675930397
683,306.5511664088277,25544.783675930397
684,355.6400109805526,24621.858194845674
685,376.00495248641136,25544.783675930397
686,364.471479460858,27350.95600320225
687,321.55806654857486,34556.87418244063
688,207.9498798176299,41126.55187866863
689,52.61048238943991,47027.95038752768
690,40.85301291214249,54745.2790544764
691,15.471710866254998,59023.951442746926
692,0.0,59023.951442746926
693,0.0,58073.13535646457
694,0.0,52526.708186484306
695,0.0,47027.95038752768
696,0.0,45847.67068575586
697,0.0,43487.11128221227
698,0.0,35586.29106518898
699,0.0,29409.78976869893
700,0.0,24621.858194845674
701,0.0,23698.932713760954
702,0.0,22776.007232676242
703,0.0,20007.23078942208
704,29.01041627728714,18161.37982725263
705,116.81303118862796,23698.932713760954
706,218.21390507621672,30439.206651447275
707,301.4827954872628,37585.71277335322
708,351.3421069422754,42306.83158044045
709,373.1491028855563,42306.83158044045
710,365.3569889192676,39946.272176896855
711,322.44355045400243,44667.39098398404
712,207.9886516541825,55854.564488472475
713,56.4062295530355,67869.91774407637
714,42.09715568703607,72807.79546906195
715,15.889298004309524,72807.79546906195
716,0.0,66902.62084563181
717,0.0,62066.13635340902
718,0.0,61098.839454964436
719,0.0,56963.849922468544
720,0.0,53635.99362048036
721,0.0,51417.42275248823
722,0.0,49198.851884496136
723,0.0,41126.55187866863
724,0.0,35586.29106518898
725,0.0,32498.04041694395
726,0.0,30439.206651447275
727,0.0,33527.45729969231
728,10.20814836953852,36615.70794793733
729,120.09175690726823,44667.39098398404
730,226.62781346852876,45847.67068575586
731,297.86756326736645,45847.67068575586
732,343.12512854297205,39946.272176896855
733,372.3314530173143,34556.87418244063
734,363.34992104972304,21853.08175159152
735,322.224051840313,22776.007232676242
736,210.87639031338915,29409.78976869893
737,60.352142722218616,44667.39098398404
738,45.27852788106731,54745.2790544764
739,15.924337317493023,62066.13635340902
740,0.0,61513.39526858353
741,0.0,62342.50689582175
742,0.0,63171.618523059944
743,0.0,64000.73015029813
744,0.0,64829.84177753632
745,0.0,65658.95340477451
746,0.0,66488.06503201272
747,0.0,67317.17665925092
748,0.0,68146.28828648911
749,0.0,68975.3999137273
750,0.0,69804.51154096548
751,0.0,70491.6074828782
752,46.2774599839413,71153.3754789307
753,151.25633501847926,71815.1434749832
754,245.78815951544357,72587.20613704446
755,317.3108388646047,73248.97413309694
756,356.7185541840206,69666.32626975914
757,373.186648421648,72807.79546906195
758,364.2187075149959,73579.85813112323
759,320.5660056978272,79147.44993957113
760,214.16901226638183,83041.99262898357
761,67.49210301401268,85365.12760938554
762,49.43707368203584,86252.55595658238
763,16.788859451572783,85808.84178298395
764,0.0,81906.0843445716
765,0.0,78579.49579736515
766,0.0,75785.75145129822
767,0.0,67869.91774407637
768,0.0,61098.839454964436
769,0.0,58073.13535646457
770,0.0,66902.62084563181
771,0.0,64000.73015029813
772,0.0,62066.13635340902
773,0.0,65935.32394718725
774,0.0,68699.02937131457
775,0.0,67869.91774407637
776,37.576790110565554,59023.951442746926
777,153.9051392013937,61098.839454964436
778,231.9757129601689,54745.2790544764
779,312.18956424664407,52526.708186484306
780,356.10822159417546,43487.11128221227
781,374.19564379800687,44667.39098398404
782,366.4921056123782,43487.11128221227
783,323.11345241738985,50308.13731849218
784,217.1390944920772,60131.54255651987
785,69.26586265064336,71263.67014493943
786,47.76671076332203,76557.81411335949
787,16.366186744315957,75785.75145129822
788,0.0,71263.67014493943
789,0.0,68699.02937131457
790,0.0,69666.32626975914
791,0.0,63033.43325185356
792,0.0,53635.99362048036
793,0.0,43487.11128221227
794,0.0,45847.67068575586
795,0.0,38765.99247512504
796,0.0,33527.45729969231
797,0.0,30439.206651447275
798,0.0,33527.45729969231
799,0.0,36615.70794793733
800,33.940604520485365,35586.29106518898
801,153.72287724416302,53635.99362048036
802,240.1128149272074,59023.951442746926
803,313.55521010327664,52526.708186484306
804,353.7130028890354,45847.67068575586
805,374.9094911544837,38765.99247512504
806,366.1681035392027,37585.71277335322
807,325.0559008878717,42306.83158044045
808,217.918029419561,55854.564488472475
809,65.31345462920963,68699.02937131457
810,46.43887827726732,72807.79546906195
811,16.78646822905011,72807.79546906195
812,0.0,65935.32394718725
813,0.0,59023.951442746926
814,0.0,60131.54255651987
815,0.0,56963.849922468544
816,0.0,55854.564488472475
817,0.0,51417.42275248823
818,0.0,55854.564488472475
819,0.0,47027.95038752768
820,0.0,37585.71277335322
821,0.0,31468.6235341956
822,0.0,29409.78976869893
823,0.0,31468.6235341956
824,26.768779755792675,34556.87418244063
825,80.36745789960597,59023.951442746926
826,240.6186213411853,59023.951442746926
827,321.54545541090044,54745.2790544764
828,360.5424145750727,50308.13731849218
829,378.4263459189722,47027.95038752768
830,368.5116191536274,45847.67068575586
831,327.24140757621586,47027.95038752768
832,219.58178216784515,55854.564488472475
833,58.09329962938871,64968.02704874271
834,43.81359259679061,72807.79546906195
835,16.775766941152085,77329.87677542074
836,0.0,77329.87677542074
837,0.0,75123.98345524572
838,0.0,72807.79546906195
839,0.0,72035.7328070007
840,0.0,68699.02937131457
841,0.0,62066.13635340902
842,0.0,64000.73015029813
843,0.0,59023.951442746926
844,0.0,56963.849922468544
845,0.0,55854.564488472475
846,0.0,52526.708186484306
847,0.0,54745.2790544764
848,38.400990603403976,50308.13731849218
849,153.40404151976563,62066.13635340902
850,243.5634003899364,58073.13535646457
851,321.2541498120511,48039.61870333207
852,361.71792059411473,36615.70794793733
853,378.2079985919553,37585.71277335322
854,368.6218220061555,53635.99362048036
855,327.0652522067894,64968.02704874271
856,222.43145028395907,75123.98345524572
857,56.42565196099525,80851.31236618907
858,42.13657648806223,84033.98508859027
859,16.3631810994936,85365.12760938554
860,0.0,84477.6992621887
861,0.0,82474.0384867776
862,0.0,81419.26650839507
863,0.0,78011.54165515918
864,0.0,72807.79546906195
865,0.0,66902.62084563181
866,0.0,62066.13635340902
867,0.0,58073.13535646457
868,0.0,55854.564488472475
869,0.0,52526.708186484306
870,0.0,48039.61870333207
871,0.0,50308.13731849218
872,27.20268550053425,53635.99362048036
873,153.2298533969509,68699.02937131457
874,243.22383322158947,65935.32394718725
875,320.8653586254863,58073.13535646457
876,363.1203514421369,53635.99362048036
877,379.4075309315998,47027.95038752768
878,373.0942247964566,43487.11128221227
879,332.1718033713716,55854.564488472475
880,225.90311637528563,70491.6074828782
881,55.65111890990808,80283.3582239831
882,42.62888693648797,83041.99262898357
883,16.816813239223702,83041.99262898357
884,0.0,81419.26650839507
885,0.0,80283.3582239831
886,0.0,78011.54165515918
887,0.0,74351.92079318449
888,0.0,68699.02937131457
889,0.0,60131.54255651987
890,0.0,54745.2790544764
891,0.0,43487.11128221227
892,0.0,34556.87418244063
893,0.0,27350.95600320225
894,0.0,20930.156270506784
895,0.0,15812.290768367156
896,37.72614577358494,12795.034387897882
897,148.51165365472733,20007.23078942208
898,232.86031100885745,22776.007232676242
899,312.3241114909308,21853.08175159152
900,359.4293383897878,17370.300843465728
901,379.23269539278766,15812.290768367156
902,370.2359747731027,27350.95600320225
903,330.05937426262125,37585.71277335322
904,218.7721868075679,54745.2790544764
905,65.6026722207059,66902.62084563181
906,47.41197176325056,70491.6074828782
907,17.265821274018947,72035.7328070007
908,0.0,72807.79546906195
909,0.0,70491.6074828782
910,0.0,67869.91774407637
911,0.0,67869.91774407637
912,0.0,61098.839454964436
913,0.0,45847.67068575586
914,0.0,36615.70794793733
915,0.0,30439.206651447275
916,0.0,32498.04041694395
917,0.0,32498.04041694395
918,0.0,29409.78976869893
919,0.0,27350.95600320225
920,37.26740083720684,27350.95600320225
921,140.52395869020592,32498.04041694395
922,216.60852097048524,25544.783675930397
923,301.04344458734494,18161.37982725263
924,355.581078724688,15812.290768367156
925,375.5306857957455,21853.08175159152
926,359.435266993462,31468.6235341956
927,323.5454085220764,39946.272176896855
928,226.5179296782346,60131.54255651987
929,63.83525898007497,70491.6074828782
930,46.95060695222627,70491.6074828782
931,16.80971624098509,63033.43325185356
932,0.0,58073.13535646457
933,0.0,53635.99362048036
934,0.0,51417.42275248823
935,0.0,48039.61870333207
936,0.0,41126.55187866863
937,0.0,38765.99247512504
938,0.0,48039.61870333207
939,0.0,42306.83158044045
940,0.0,37585.71277335322
941,0.0,31468.6235341956
942,0.0,31468.6235341956
943,0.0,28380.372885950583
944,4.884027821264481,22776.007232676242
945,120.2910905786364,20007.23078942208
946,179.22116657570777,9885.537163873942
947,152.04761019608176,4179.528748533515
948,197.68789891850196,6370.2090113280165
949,180.1284954252695,17370.300843465728
950,312.8422026155285,24621.858194845674
951,258.8083529334942,34556.87418244063
952,226.90934559694364,38765.99247512504
953,76.62573711648601,42306.83158044045
954,59.0331986225141,45847.67068575586
955,16.83435324293902,45847.67068575586
956,0.0,42306.83158044045
957,0.0,47027.95038752768
958,0.0,42306.83158044045
959,0.0,39946.272176896855
960,0.0,36615.70794793733
961,0.0,28380.372885950583
962,0.0,25544.783675930397
963,0.0,23698.932713760954
964,0.0,25544.783675930397
965,0.0,30439.206651447275
966,0.0,33527.45729969231
967,0.0,32498.04041694395
968,45.655044304059054,26468.598675132238
969,140.93769302256132,25544.783675930397
970,231.0210443265276,20930.156270506784
971,311.1231582830298,16566.604863484477
972,354.3558698253423,18161.37982725263
973,373.2635069917228,20007.23078942208
974,364.7723898845276,29409.78976869893
975,326.5354370273028,47027.95038752768
976,230.17593718760176,61098.839454964436
977,66.36897561202332,64968.02704874271
978,49.5145882171078,64968.02704874271
979,17.259307459949213,63033.43325185356
980,0.0,56963.849922468544
981,0.0,51417.42275248823
982,0.0,48039.61870333207
983,0.0,44667.39098398404
984,0.0,42306.83158044045
985,0.0,36615.70794793733
986,0.0,36615.70794793733
987,0.0,33527.45729969231
988,0.0,32498.04041694395
989,0.0,32498.04041694395
990,0.0,36615.70794793733
991,0.0,41126.55187866863
992,34.80326691210794,43487.11128221227
993,142.14207574239617,51417.42275248823
994,204.74768872652743,45847.67068575586
995,305.3127769886156,34556.87418244063
996,357.4263343787228,25544.783675930397
997,377.8438347618693,21853.08175159152
998,369.9228430814457,26468.598675132238
999,331.03535522852087,39946.272176896855
1000,233.23567704779228,55854.564488472475
1001,58.2051883772756,64000.73015029813
1002,44.76504975859752,64000.73015029813
1003,17.261272243827893,62066.13635340902
1004,0.0,55854.564488472475
1005,0.0,48039.61870333207
1006,0.0,39946.272176896855
1007,0.0,35586.29106518898
1008,0.0,33527.45729969231
1009,0.0,31468.6235341956
1010,0.0,33527.45729969231
1011,0.0,36615.70794793733
1012,0.0,37585.71277335322
1013,0.0,36615.70794793733
1014,0.0,0.0
1015,0.0,0.0
1016,32.71258777554146,28380.372885950583
1017,142.59874988420484,27350.95600320225
1018,229.84626864187,25544.783675930397
1019,315.815495656839,25544.783675930397
1020,364.2345877670183,25544.783675930397
1021,381.31667124511466,26468.598675132238
1022,373.450211338045,25544.783675930397
1023,335.6174264602686,27350.95600320225
1024,236.74866057967097,38765.99247512504
1025,58.117128790871305,53635.99362048036
1026,43.84777381368428,65935.32394718725
1027,16.790959024380058,70491.6074828782
1028,0.0,70491.6074828782
1029,0.0,67869.91774407637
1030,0.0,61098.839454964436
1031,0.0,55854.564488472475
1032,0.0,49198.851884496136
1033,0.0,43487.11128221227
1034,0.0,39946.272176896855
1035,0.0,34556.87418244063
1036,0.0,35586.29106518898
1037,0.0,37585.71277335322
1038,0.0,41126.55187866863
1039,0.0,45847.67068575586
1040,40.9151565248682,44667.39098398404
1041,150.30481178109918,53635.99362048036
1042,243.72282321680197,54745.2790544764
1043,325.23175375861456,55854.564488472475
1044,366.9314021660399,52526.708186484306
1045,386.3996227767937,48039.61870333207
1046,378.2797203784269,38765.99247512504
1047,337.4093918832354,51417.42275248823
1048,238.46419683592865,62066.13635340902
1049,58.03946673519683,68699.02937131457
1050,43.38128089480024,75123.98345524572
1051,17.216697481518857,78011.54165515918
1052,0.0,78011.54165515918
1053,0.0,78011.54165515918
1054,0.0,76557.81411335949
1055,0.0,75123.98345524572
1056,0.0,72035.7328070007
1057,0.0,68699.02937131457
1058,0.0,66902.62084563181
1059,0.0,66902.62084563181
1060,0.0,63033.43325185356
1061,0.0,56963.849922468544
1062,0.0,50308.13731849218
1063,0.0,47027.95038752768
1064,35.21015477945706,38765.99247512504
1065,113.1659228481594,37585.71277335322
1066,243.3763317433605,35586.29106518898
1067,320.2077290438225,35586.29106518898
1068,346.9136552681908,31468.6235341956
1069,385.0682534639992,33527.45729969231
1070,379.923169662019,42306.83158044045
1071,340.2459560155652,58073.13535646457
1072,241.2906179961848,67869.91774407637
1073,58.22279986190292,72807.79546906195
1074,44.7994922616242,74351.92079318449
1075,17.707347815458217,75123.98345524572
1076,0.0,76557.81411335949
1077,0.0,78011.54165515918
1078,0.0,77329.87677542074
1079,0.0,74351.92079318449
1080,0.0,71263.67014493943
1081,0.0,65935.32394718725
1082,0.0,55854.564488472475
1083,0.0,54745.2790544764
1084,0.0,53635.99362048036
1085,0.0,53635.99362048036
1086,0.0,48039.61870333207
1087,0.0,39946.272176896855
1088,28.950131420681124,32498.04041694395
1089,152.29384664923938,34556.87418244063
1090,232.02344452074516,35586.29106518898
1091,321.8979537684436,35586.29106518898
1092,373.0202999347863,31468.6235341956
1093,392.298680281569,29409.78976869893
1094,385.0919999143883,31468.6235341956
1095,345.27725017000535,43487.11128221227
1096,246.18257400158956,52526.708186484306
1097,56.54063034582647,61098.839454964436
1098,41.79112426255413,62066.13635340902
1099,16.826300171136236,62066.13635340902
1100,0.0,61098.839454964436
1101,0.0,62066.13635340902
1102,0.0,62066.13635340902
1103,0.0,62066.13635340902
1104,0.0,59023.951442746926
1105,0.0,52526.708186484306
1106,0.0,48039.61870333207
1107,0.0,41126.55187866863
1108,0.0,34556.87418244063
1109,0.0,31468.6235341956
1110,0.0,26468.598675132238
1111,0.0,22776.007232676242
1112,37.76624361638275,20007.23078942208
1113,152.8482346007435,23698.932713760954
1114,214.26924809415996,21853.08175159152
1115,320.1447574873566,19084.305308337352
1116,376.2224882312008,17370.300843465728
1117,395.368737137877,21853.08175159152
1118,386.66532030259526,29409.78976869893
1119,347.2994624197466,36615.70794793733
1120,248.70465159363383,45847.67068575586
1121,54.405353738700086,51417.42275248823
1122,42.61257985571032,50308.13731849218
1123,17.23933378395397,50308.13731849218
1124,0.0,50308.13731849218
1125,0.0,52526.708186484306
1126,0.0,54745.2790544764
1127,0.0,54745.2790544764
1128,0.0,52526.708186484306
1129,0.0,47027.95038752768
1130,0.0,35586.29106518898
1131,0.0,26468.598675132238
1132,0.0,20007.23078942208
1133,0.0,16566.604863484477
1134,0.0,12040.720292780567
1135,0.0,9209.979722357926
1136,31.50696822152146,8642.025580151947
1137,123.7091726725871,9885.537163873942
1138,198.06171114229568,9885.537163873942
1139,302.31258415937515,9885.537163873942
1140,359.2546637509802,12040.720292780567
1141,391.7146002688845,16566.604863484477
1142,384.3050431323365,20930.156270506784
1143,345.2513461269667,34556.87418244063
1144,248.8455218353105,47027.95038752768
1145,55.25067657726439,59023.951442746926
1146,43.06774411346621,64968.02704874271
1147,16.824954082514225,66902.62084563181
1148,0.0,64968.02704874271
1149,0.0,64000.73015029813
1150,0.0,62066.13635340902
1151,0.0,59023.951442746926
1152,0.0,53635.99362048036
1153,0.0,47027.95038752768
1154,0.0,39946.272176896855
1155,0.0,31468.6235341956
1156,0.0,26468.598675132238
1157,0.0,24621.858194845674
1158,0.0,23698.932713760954
1159,0.0,27350.95600320225
1160,39.09192958175201,31468.6235341956
1161,140.3988711945055,37585.71277335322
1162,215.7630905228013,35586.29106518898
1163,315.9929819424051,33527.45729969231
1164,368.0486044020152,32498.04041694395
1165,389.0631927888606,32498.04041694395
1166,382.4431394841853,30439.206651447275
1167,342.2923941679211,49198.851884496136
1168,247.6938744931944,68699.02937131457
1169,59.8500235111159,78011.54165515918
1170,45.60461062548739,80851.31236618907
1171,17.238635915857508,80283.3582239831
1172,0.0,79715.4040817771
1173,0.0,78579.49579736515
1174,0.0,75785.75145129822
1175,0.0,72807.79546906195
1176,0.0,67869.91774407637
1177,0.0,59023.951442746926
1178,0.0,47027.95038752768
1179,0.0,39946.272176896855
1180,0.0,38765.99247512504
1181,0.0,43487.11128221227
1182,0.0,50308.13731849218
1183,0.0,52526.708186484306
1184,37.36435844844917,47027.95038752768
1185,142.75448081562286,51417.42275248823
1186,217.30773550161985,50308.13731849218
1187,319.52258428501125,51417.42275248823
1188,364.0440304990653,51417.42275248823
1189,383.8950367966551,56963.849922468544
1190,375.81612842047366,51417.42275248823
1191,339.6944011714047,58073.13535646457
1192,247.29526990900183,68699.02937131457
1193,68.06818763070747,75123.98345524572
1194,50.41645723276528,78579.49579736515
1195,16.833635805661327,79715.4040817771
1196,0.0,79147.44993957113
1197,0.0,80283.3582239831
1198,0.0,80851.31236618907
1199,0.0,77329.87677542074
1200,0.0,72807.79546906195
1201,0.0,69666.32626975914
1202,0.0,64000.73015029813
1203,0.0,61098.839454964436
1204,0.0,60131.54255651987
1205,0.0,59023.951442746926
1206,0.0,60131.54255651987
1207,0.0,61098.839454964436
1208,32.38346120622488,63033.43325185356
1209,132.33459615376572,69666.32626975914
1210,218.4516081525404,71263.67014493943
1211,309.59321032065395,72035.7328070007
1212,362.7891613438981,72035.7328070007
1213,383.8518622777705,71263.67014493943
1214,377.1222487853496,64968.02704874271
1215,341.5196943307712,60131.54255651987
1216,250.04464405001784,56963.849922468544
1217,65.8668551798895,61098.839454964436
1218,48.68047574723863,73579.85813112323
1219,16.845595587999444,78011.54165515918
1220,0.0,75785.75145129822
1221,0.0,70491.6074828782
1222,0.0,66902.62084563181
1223,0.0,64968.02704874271
1224,0.0,61098.839454964436
1225,0.0,54745.2790544764
1226,0.0,49198.851884496136
1227,0.0,43487.11128221227
1228,0.0,39946.272176896855
1229,0.0,37585.71277335322
1230,0.0,36615.70794793733
1231,0.0,35586.29106518898
1232,37.04134588822839,35586.29106518898
1233,149.90015870608698,42306.83158044045
1234,234.9094768367065,37585.71277335322
1235,320.9129708039683,36615.70794793733
1236,370.5248602261556,38765.99247512504
1237,390.1959512938874,42306.83158044045
1238,385.5051825083347,44667.39098398404
1239,347.5294485406494,44667.39098398404
1240,255.1465817875213,54745.2790544764
1241,59.49594801457445,69666.32626975914
1242,44.37320042324352,75785.75145129822
1243,16.847617454603668,73579.85813112323
1244,0.0,67869.91774407637
1245,0.0,64000.73015029813
1246,0.0,62066.13635340902
1247,0.0,59023.951442746926
1248,0.0,52526.708186484306
1249,0.0,47027.95038752768
1250,0.0,50308.13731849218
1251,0.0,50308.13731849218
1252,0.0,47027.95038752768
1253,0.0,42306.83158044045
1254,0.0,39946.272176896855
1255,0.0,35586.29106518898
1256,30.699868373195983,33527.45729969231
1257,110.09704839856916,39946.272176896855
1258,229.8595287370686,36615.70794793733
1259,313.66095915750105,31468.6235341956
1260,368.37379558247073,25544.783675930397
1261,389.5442833147164,20930.156270506784
1262,382.5690923235181,0.0
1263,346.8184676144025,0.0
1264,255.52871463080405,55854.564488472475
1265,67.63511671717619,72035.7328070007
1266,48.21967149221048,75123.98345524572
1267,17.245043232409472,73579.85813112323
1268,0.0,68699.02937131457
1269,0.0,65935.32394718725
1270,0.0,62066.13635340902
1271,0.0,60131.54255651987
1272,0.0,54745.2790544764
1273,0.0,54745.2790544764
1274,0.0,47027.95038752768
1275,0.0,39946.272176896855
1276,0.0,31468.6235341956
1277,0.0,22776.007232676242
1278,0.0,20007.23078942208
1279,0.0,20930.156270506784
1280,43.61883123074964,23698.932713760954
1281,145.80870207531714,28380.372885950583
1282,216.53186137555295,26468.598675132238
1283,313.37628095871946,22776.007232676242
1284,374.0964713313627,16566.604863484477
1285,397.1399863335954,18161.37982725263
1286,388.50934437507385,22776.007232676242
1287,352.0276838077727,34556.87418244063
1288,260.0502822023484,44667.39098398404
1289,53.98774592258346,48039.61870333207
1290,42.21414814519309,48039.61870333207
1291,16.377220551607248,47027.95038752768
1292,0.0,47027.95038752768
1293,0.0,47027.95038752768
1294,0.0,44667.39098398404
1295,0.0,42306.83158044045
1296,0.0,37585.71277335322
1297,0.0,31468.6235341956
1298,0.0,23698.932713760954
1299,0.0,16566.604863484477
1300,0.0,10639.851258991263
1301,0.0,8642.025580151947
1302,0.0,11286.406197663246
1303,0.0,14303.662578132522
1304,36.66824088725348,15812.290768367156
1305,149.8216138802975,15812.290768367156
1306,208.7260671104169,8074.07143794596
1307,309.89692556554,3006.937306077509
1308,379.7157789931777,4179.528748533515
1309,399.74557348430136,11286.406197663246
1310,390.75558612024537,13549.348483015208
1311,353.9753375633284,26468.598675132238
1312,262.8523273538269,35586.29106518898
1313,50.05401678566528,38765.99247512504
1314,40.87287027803621,42306.83158044045
1315,15.932243539707532,44667.39098398404
1316,0.0,44667.39098398404
1317,0.0,42306.83158044045
1318,0.0,38765.99247512504
1319,0.0,37585.71277335322
1320,0.0,33527.45729969231
1321,0.0,26468.598675132238
1322,0.0,19084.305308337352
1323,0.0,13549.348483015208
1324,0.0,9885.537163873942
1325,0.0,8642.025580151947
1326,0.0,7506.117295739982
1327,0.0,5234.300726916051
1328,34.50981976389356,4179.528748533515
1329,148.16420920994304,5234.300726916051
1330,199.4321202016524,4179.528748533515
1331,305.65082239758067,4179.528748533515
1332,376.47847993089096,6370.2090113280165
1333,396.5623735668162,10639.851258991263
1334,388.0644787649725,20930.156270506784
1335,353.40169459432235,34556.87418244063
1336,262.867582390667,48039.61870333207
1337,52.18385598774466,54745.2790544764
1338,40.403278273313305,49198.851884496136
1339,16.345227819650603,42306.83158044045
1340,0.0,38765.99247512504
1341,0.0,37585.71277335322
1342,0.0,33527.45729969231
1343,0.0,29409.78976869893
1344,0.0,31468.6235341956
1345,0.0,31468.6235341956
1346,0.0,30439.206651447275
1347,0.0,26468.598675132238
1348,0.0,21853.08175159152
1349,0.0,17370.300843465728
1350,0.0,15057.976673249845
1351,0.0,11286.406197663246
1352,46.39250474429142,8074.07143794596
1353,142.93006051412374,9885.537163873942
1354,190.2387830308668,8074.07143794596
1355,299.0197630217526,5234.300726916051
1356,365.3554674064261,6370.2090113280165
1357,384.1097679884981,12795.034387897882
1358,382.0631979545428,15812.290768367156
1359,349.22100665536703,21853.08175159152
1360,263.1222763651827,30439.206651447275
1361,52.02080967652565,35586.29106518898
1362,42.86654590571269,39946.272176896855
1363,16.306859626925185,38765.99247512504
1364,0.0,39946.272176896855
1365,0.0,31468.6235341956
1366,0.0,27350.95600320225
1367,0.0,29409.78976869893
1368,0.0,28380.372885950583
1369,0.0,20930.156270506784
1370,0.0,15812.290768367156
1371,0.0,12795.034387897882
1372,0.0,10639.851258991263
1373,0.0,8074.07143794596
1374,0.0,6370.2090113280165
1375,0.0,5234.300726916051
1376,4.424321456757915,8074.07143794596
1377,134.16265984273338,15057.976673249845
1378,194.8873315656368,16566.604863484477
1379,306.76871161040214,17370.300843465728
1380,371.7577474679845,16566.604863484477
1381,393.4326002544079,18161.37982725263
1382,386.9128083610704,25544.783675930397
1383,349.45783712053503,34556.87418244063
1384,0.0,31468.6235341956
1385,35.369819670517,34556.87418244063
1386,21.507967925872887,36615.70794793733
1387,15.8663424756976,36615.70794793733
1388,0.0,33527.45729969231
1389,0.0,37585.71277335322
1390,0.0,43487.11128221227
1391,0.0,39946.272176896855
1392,0.0,34556.87418244063
1393,0.0,28380.372885950583
1394,0.0,20007.23078942208
1395,0.0,18161.37982725263
1396,0.0,18161.37982725263
1397,0.0,17370.300843465728
1398,0.0,18161.37982725263
1399,0.0,19084.305308337352
1400,44.03357870388894,19084.305308337352
1401,143.57550588479074,25544.783675930397
1402,212.95002944175036,27350.95600320225
1403,311.452058473555,28380.372885950583
1404,360.0188803410338,28380.372885950583
1405,397.0446316420523,29409.78976869893
1406,388.88326174568857,32498.04041694395
1407,353.3562622257376,38765.99247512504
1408,0.0,45847.67068575586
1409,50.28318781734838,45847.67068575586
1410,39.83911825024476,44667.39098398404
1411,15.439633750342502,37585.71277335322
1412,0.0,39271.826633027245
1413,0.0,34998.052846475635
1414,0.0,31174.504424838946
1415,0.0,27203.896448523912
1416,0.0,23698.932713760954
1417,0.0,20139.077286719898
1418,0.0,16782.123176375142
1419,0.0,13872.625952351198
1420,0.0,11070.887884772586
1421,0.0,8479.752968093093
1422,0.0,6370.2090113280165
1423,0.0,4260.6650545629445
1424,40.33198603374499,2778.7414453697493
1425,142.2884936095602,1592.1229696893954
1426,225.2798915291653,437.48129470381787
1427,338.1022881903685,272.6731730815467
1428,348.2384833535279,1729.0404861140526
1429,376.3796526834179,7506.117295739982
1430,384.7832190912064,12795.034387897882
1431,346.82465512602664,20007.23078942208
1432,252.10629524459952,33527.45729969231
1433,95.77295418392627,47027.95038752768
1434,48.459741621498885,49198.851884496136
1435,14.965368325001858,45847.67068575586
1436,0.0,42306.83158044045
1437,0.0,37585.71277335322
1438,0.0,34556.87418244063
1439,0.0,32498.04041694395
1440,0.0,25544.783675930397
1441,0.0,19084.305308337352
1442,0.0,20007.23078942208
1443,0.0,14303.662578132522
1444,0.0,16566.604863484477
1445,0.0,15057.976673249845
1446,0.0,7506.117295739982
1447,0.0,2687.4631010866456
1448,37.80294718455288,2367.98889609578
1449,41.947445080407775,3326.411511068373
1450,160.04420520286044,2048.5146911049164
1451,309.9348993918772,2048.5146911049164
1452,291.807295036401,3645.8857160592397
1453,373.4519491456412,10639.851258991263
1454,384.96722702360654,9885.537163873942
1455,347.2552897374282,13549.348483015208
1456,264.351048689723,19084.305308337352
1457,78.76233378536433,20007.23078942208
1458,55.29598848910828,22776.007232676242
1459,11.44681156843472,33527.45729969231
1460,0.0,28380.372885950583
1461,0.0,22776.007232676242
1462,0.0,21853.08175159152
1463,0.0,20007.23078942208
1464,0.0,16566.604863484477
1465,0.0,13549.348483015208
1466,0.0,11286.406197663246
1467,0.0,7506.117295739982
1468,0.0,4747.482890739503
1469,0.0,4747.482890739503
1470,0.0,3645.8857160592397
1471,0.0,2048.5146911049164
1472,7.505945894167493,1135.7312482738735
1473,65.12401241557052,2687.4631010866456
1474,130.5830656046072,4179.528748533515
1475,249.2785888146701,7506.117295739982
1476,262.2308157452768,9209.979722357926
1477,360.7231029936021,14303.662578132522
1478,344.3370163750936,17370.300843465728
1479,333.8420700593573,20930.156270506784
1480,261.4668954998765,30439.206651447275
1481,83.38193772029712,36615.70794793733
1482,56.95933410705602,39946.272176896855
1483,14.948504644195264,42306.83158044045
1484,0.0,39946.272176896855
1485,0.0,38765.99247512504
1486,0.0,39946.272176896855
1487,0.0,38765.99247512504
1488,0.0,35586.29106518898
1489,0.0,28380.372885950583
1490,0.0,18161.37982725263
1491,0.0,12795.034387897882
1492,0.0,8642.025580151947
1493,0.0,8074.07143794596
1494,0.0,7506.117295739982
1495,0.0,5234.300726916051
1496,9.261130164697905,4747.482890739503
1497,121.29653751826766,6938.163153533998
1498,132.6552373734102,6938.163153533998
1499,307.3266833060097,5802.254869122039
1500,369.1633744115684,4179.528748533515
1501,391.2754102886446,4747.482890739503
1502,386.2556527360429,9885.537163873942
1503,351.96425395834353,15812.290768367156
1504,268.55792367294333,20007.23078942208
1505,54.42488527017596,29409.78976869893
1506,42.39389310268825,33527.45729969231
1507,14.94435143256081,34556.87418244063
1508,0.0,30439.206651447275
1509,0.0,30439.206651447275
1510,0.0,26468.598675132238
1511,0.0,24621.858194845674
1512,0.0,23698.932713760954
1513,0.0,31468.6235341956
1514,0.0,35586.29106518898
1515,0.0,32498.04041694395
1516,0.0,28380.372885950583
1517,0.0,28380.372885950583
1518,0.0,27350.95600320225
1519,0.0,27350.95600320225
1520,21.50744791978633,32498.04041694395
1521,22.359501541705665,33527.45729969231
1522,101.13950531650896,28380.372885950583
1523,154.75282619919935,20930.156270506784
1524,96.39961414910135,18161.37982725263
1525,183.9119784428459,9885.537163873942
1526,82.21667484767273,5802.254869122039
1527,219.095635062013,11286.406197663246
1528,185.20229383565456,25544.783675930397
1529,115.08390787374252,38765.99247512504
1530,66.2335647180261,48039.61870333207
1531,12.295880416057456,43487.11128221227
1532,0.0,37585.71277335322
1533,0.0,28380.372885950583
1534,0.0,22776.007232676242
1535,0.0,20007.23078942208
1536,0.0,18161.37982725263
1537,0.0,19084.305308337352
1538,0.0,18161.37982725263
1539,0.0,19084.305308337352
1540,0.0,15057.976673249845
1541,0.0,12795.034387897882
1542,0.0,14303.662578132522
1543,0.0,15812.290768367156
1544,7.474999601449928,15812.290768367156
1545,21.442285660741327,18161.37982725263
1546,133.9032937825975,17370.300843465728
1547,317.8339173560404,20007.23078942208
1548,363.7890844190652,23698.932713760954
1549,388.0395122395589,27350.95600320225
1550,386.3672526358814,30439.206651447275
1551,352.32609407011483,36615.70794793733
1552,267.97404646301914,38765.99247512504
1553,50.879890975696846,27350.95600320225
1554,41.40050787524372,30439.206651447275
1555,14.459721241224328,32498.04041694395
1556,0.0,30439.206651447275
1557,0.0,20930.156270506784
1558,0.0,20007.23078942208
1559,0.0,21853.08175159152
1560,0.0,20007.23078942208
1561,0.0,17370.300843465728
1562,0.0,10639.851258991263
1563,0.0,9209.979722357926
1564,0.0,11286.406197663246
1565,0.0,15057.976673249845
1566,0.0,18161.37982725263
1567,0.0,20007.23078942208
1568,50.97450452696713,20007.23078942208
1569,125.03925823255815,25544.783675930397
1570,201.55240873063295,27350.95600320225
1571,320.2345356182113,26468.598675132238
1572,370.113706749432,21853.08175159152
1573,391.64798665650585,18161.37982725263
1574,388.1843788512544,23698.932713760954
1575,351.627610642118,28380.372885950583
1576,272.5078438265149,32498.04041694395
1577,53.08502195503016,35586.29106518898
1578,43.139355762132354,34556.87418244063
1579,14.448978835177492,35586.29106518898
1580,0.0,34556.87418244063
1581,0.0,32498.04041694395
1582,0.0,32498.04041694395
1583,0.0,33527.45729969231
1584,0.0,29409.78976869893
1585,0.0,20007.23078942208
1586,0.0,20007.23078942208
1587,0.0,15057.976673249845
1588,0.0,11286.406197663246
1589,0.0,8074.07143794596
1590,0.0,5802.254869122039
1591,0.0,3645.8857160592397
1592,23.669906259713112,4179.528748533515
1593,65.77713013189509,9209.979722357926
1594,154.73146995324907,12795.034387897882
1595,312.4898143767288,12795.034387897882
1596,371.5122144314023,15812.290768367156
1597,390.716883039687,21853.08175159152
1598,386.590775488812,25544.783675930397
1599,352.4975557352993,31468.6235341956
1600,273.2177094380907,28380.372885950583
1601,65.8416688307722,33527.45729969231
1602,54.73641839044723,33527.45729969231
1603,13.589851467265577,31468.6235341956
1604,0.0,32498.04041694395
1605,0.0,29409.78976869893
1606,0.0,23698.932713760954
1607,0.0,20930.156270506784
1608,0.0,14303.662578132522
1609,0.0,8074.07143794596
1610,0.0,5802.254869122039
1611,0.0,3006.937306077509
1612,0.0,2367.98889609578
1613,0.0,1409.5662811231873
1614,0.0,496.78283829214564
1615,0.0,1135.7312482738735
1616,24.583618021292736,1729.0404861140526
1617,85.2705695305169,3006.937306077509
1618,147.39932987818605,2687.4631010866456
1619,246.83028803908323,2687.4631010866456
1620,246.04381703595504,4747.482890739503
1621,328.21991279179656,9209.979722357926
1622,362.05545136112215,11286.406197663246
1623,319.1176697964296,16566.604863484477
1624,259.6673546706694,18161.37982725263
1625,114.0687089242344,23698.932713760954
1626,64.0068165829421,25544.783675930397
1627,6.587945312559794,31468.6235341956
1628,0.0,32498.04041694395
1629,0.0,30439.206651447275
1630,0.0,28380.372885950583
1631,0.0,25544.783675930397
1632,0.0,28380.372885950583
1633,0.0,25544.783675930397
1634,0.0,33527.45729969231
1635,0.0,27350.95600320225
1636,0.0,19084.305308337352
1637,0.0,12040.720292780567
1638,0.0,9209.979722357926
1639,0.0,8074.07143794596
1640,25.39344962369774,9209.979722357926
1641,68.68738953656819,15057.976673249845
1642,184.3356865164732,16566.604863484477
1643,293.85628902864937,17370.300843465728
1644,348.6527693848776,20007.23078942208
1645,373.4309397964074,24621.858194845674
1646,379.379697084722,30439.206651447275
1647,345.4870550040503,38765.99247512504
1648,275.0549178900328,47027.95038752768
1649,61.611178973750576,52526.708186484306
1650,56.418513182262615,55854.564488472475
1651,14.039099688515924,53635.99362048036
1652,0.0,49198.851884496136
1653,0.0,43487.11128221227
1654,0.0,37585.71277335322
1655,0.0,33527.45729969231
1656,0.0,30439.206651447275
1657,0.0,29409.78976869893
1658,0.0,31468.6235341956
1659,0.0,29409.78976869893
1660,0.0,29409.78976869893
1661,0.0,28380.372885950583
1662,0.0,30439.206651447275
1663,0.0,29409.78976869893
1664,23.68280149942501,25544.783675930397
1665,129.26990138553643,26468.598675132238
1666,198.80257614433205,26468.598675132238
1667,297.64521440216095,24621.858194845674
1668,363.9677489413861,26468.598675132238
1669,380.647336650102,31468.6235341956
1670,380.359192115684,34556.87418244063
1671,350.93455658631086,35586.29106518898
1672,275.6234205220214,38765.99247512504
1673,63.71613833172697,37585.71277335322
1674,54.36783077539334,38765.99247512504
1675,13.18954363498324,38765.99247512504
1676,0.0,39946.272176896855
1677,0.0,44667.39098398404
1678,0.0,43487.11128221227
1679,0.0,41126.55187866863
1680,0.0,36615.70794793733
1681,0.0,33527.45729969231
1682,0.0,31468.6235341956
1683,0.0,27350.95600320225
1684,0.0,20930.156270506784
1685,0.0,16566.604863484477
1686,0.0,15812.290768367156
1687,0.0,18161.37982725263
1688,21.088864718682,22776.007232676242
1689,133.01400118397692,32498.04041694395
1690,77.21979075418211,35586.29106518898
1691,315.4637239392208,34556.87418244063
1692,355.80556608644764,36615.70794793733
1693,374.303161262481,41126.55187866863
1694,364.0304939185965,43487.11128221227
1695,334.4871912549667,47027.95038752768
1696,260.1694421987002,54745.2790544764
1697,65.29686736017499,62066.13635340902
1698,52.10492866016834,69666.32626975914
1699,12.715032503424256,68699.02937131457
1700,0.0,63033.43325185356
1701,0.0,61098.839454964436
1702,0.0,60131.54255651987
1703,0.0,59023.951442746926
1704,0.0,60131.54255651987
1705,0.0,56963.849922468544
1706,0.0,44667.39098398404
1707,0.0,41126.55187866863
1708,0.0,39946.272176896855
1709,0.0,36615.70794793733
1710,0.0,29409.78976869893
1711,0.0,25544.783675930397
1712,25.37255218384449,20930.156270506784
1713,138.04357334075775,25544.783675930397
1714,163.65468321476703,31468.6235341956
1715,282.5404184172163,29409.78976869893
1716,316.56256306703136,28380.372885950583
1717,341.7649929371227,36615.70794793733
1718,93.5999896006982,32498.04041694395
1719,347.271139536399,41126.55187866863
1720,275.1765719815877,42306.83158044045
1721,67.7843829929261,44667.39098398404
1722,53.46256594065335,44667.39098398404
1723,13.15316645483974,48039.61870333207
1724,0.0,49198.851884496136
1725,0.0,49198.851884496136
1726,0.0,44667.39098398404
1727,0.0,39946.272176896855
1728,0.0,41126.55187866863
1729,0.0,39946.272176896855
1730,0.0,39946.272176896855
1731,0.0,38765.99247512504
1732,0.0,33527.45729969231
1733,0.0,24621.858194845674
1734,0.0,21853.08175159152
1735,0.0,20930.156270506784
1736,27.984187491091976,18161.37982725263
1737,102.19661581104764,20930.156270506784
1738,148.0868194240424,20007.23078942208
1739,295.2961036937872,20007.23078942208
1740,369.9796984108247,21853.08175159152
1741,381.41856714706944,20007.23078942208
1742,385.7147224343456,25544.783675930397
1743,351.0240828363866,29409.78976869893
1744,277.2554732340783,35586.29106518898
1745,59.497308962397526,34556.87418244063
1746,51.33178983810305,33527.45729969231
1747,12.722901580542905,31468.6235341956
1748,0.0,29409.78976869893
1749,0.0,29409.78976869893
1750,0.0,28380.372885950583
1751,0.0,31468.6235341956
1752,0.0,33527.45729969231
1753,0.0,31468.6235341956
1754,0.0,31468.6235341956
1755,0.0,26468.598675132238
1756,0.0,23698.932713760954
1757,0.0,19084.305308337352
1758,0.0,18161.37982725263
1759,0.0,20930.156270506784
1760,5.727884662632,21853.08175159152
1761,124.96552475067412,26468.598675132238
1762,185.18639137396505,23698.932713760954
1763,315.63541597775486,20930.156270506784
1764,373.1205019502255,22776.007232676242
1765,395.2120691606949,29409.78976869893
1766,389.1159617089322,31468.6235341956
1767,348.2013697712516,36615.70794793733
1768,284.43587862913205,39946.272176896855
1769,61.09775149011957,44667.39098398404
1770,42.6458085579859,44667.39098398404
1771,12.711168013755218,42306.83158044045
1772,0.0,39946.272176896855
1773,0.0,41126.55187866863
1774,0.0,41126.55187866863
1775,0.0,39946.272176896855
1776,0.0,39946.272176896855
1777,0.0,35586.29106518898
1778,0.0,31468.6235341956
1779,0.0,24621.858194845674
1780,0.0,22776.007232676242
1781,0.0,16566.604863484477
1782,0.0,14303.662578132522
1783,0.0,14303.662578132522
1784,21.470141983986423,16566.604863484477
1785,112.27510453661546,22776.007232676242
1786,170.01812977510363,22776.007232676242
1787,310.8269859388035,22776.007232676242
1788,365.2683602679074,25544.783675930397
1789,395.5061611470007,30439.206651447275
1790,393.3631959531239,34556.87418244063
1791,360.8440481080679,37585.71277335322
1792,289.4770222252216,42306.83158044045
1793,63.33107648193979,50308.13731849218
1794,44.44700113047976,53635.99362048036
1795,12.293199119810932,56963.849922468544
1796,0.0,63033.43325185356
1797,0.0,63033.43325185356
1798,0.0,62066.13635340902
1799,0.0,56963.849922468544
1800,0.0,52526.708186484306
1801,0.0,49198.851884496136
1802,0.0,47027.95038752768
1803,0.0,39946.272176896855
1804,0.0,39946.272176896855
1805,0.0,39946.272176896855
1806,0.0,43487.11128221227
1807,0.0,41126.55187866863
1808,22.34799162708403,38765.99247512504
1809,118.11504594792076,44667.39098398404
1810,200.60947982648472,38765.99247512504
1811,308.85899160969427,34556.87418244063
1812,274.504383169728,29409.78976869893
1813,336.5048656914776,31468.6235341956
1814,331.0988721931,32498.04041694395
1815,355.6801666267904,44667.39098398404
1816,280.91145034932026,52526.708186484306
1817,68.29955876344735,59023.951442746926
1818,39.27986224452284,58073.13535646457
1819,12.287677630422252,54745.2790544764
1820,0.0,47027.95038752768
1821,0.0,39946.272176896855
1822,0.0,34556.87418244063
1823,0.0,31468.6235341956
1824,0.0,27350.95600320225
1825,0.0,23698.932713760954
1826,0.0,23698.932713760954
1827,0.0,20930.156270506784
1828,0.0,22776.007232676242
1829,0.0,20930.156270506784
1830,0.0,19084.305308337352
1831,0.0,17370.300843465728
1832,34.03118998586968,18161.37982725263
1833,141.07657514236053,24621.858194845674
1834,200.5495771638296,26468.598675132238
1835,322.1262565850082,26468.598675132238
1836,382.0426228328159,26468.598675132238
1837,396.66950987924696,27350.95600320225
1838,386.6075474606004,24621.858194845674
1839,361.912307870334,27350.95600320225
1840,287.62719303289026,33527.45729969231
1841,52.63099726640453,35586.29106518898
1842,57.72438456606032,36615.70794793733
1843,11.867781242415944,33527.45729969231
1844,0.0,29409.78976869893
1845,0.0,28380.372885950583
1846,0.0,28380.372885950583
1847,0.0,24621.858194845674
1848,0.0,22776.007232676242
1849,0.0,20930.156270506784
1850,0.0,20930.156270506784
1851,0.0,18161.37982725263
1852,0.0,12040.720292780567
1853,0.0,5234.300726916051
1854,0.0,1729.0404861140526
1855,0.0,412.12619906962226
1856,31.475383867944014,816.2570432830095
1857,113.2361529431382,2048.5146911049164
1858,175.42696579188106,3645.8857160592397
1859,313.1948334576817,7506.117295739982
1860,380.7688115149684,12040.720292780567
1861,404.6778000388175,16566.604863484477
1862,400.0981342451875,18161.37982725263
1863,366.0547903511486,22776.007232676242
1864,300.0733857970571,29409.78976869893
1865,50.54348973717017,34556.87418244063
1866,40.1863716823394,34556.87418244063
1867,11.421182690287877,33527.45729969231
1868,0.0,31468.6235341956
1869,0.0,30439.206651447275
1870,0.0,27350.95600320225
1871,0.0,23698.932713760954
1872,0.0,18161.37982725263
1873,0.0,15057.976673249845
1874,0.0,11286.406197663246
1875,0.0,13549.348483015208
1876,0.0,16566.604863484477
1877,0.0,16566.604863484477
1878,0.0,18161.37982725263
1879,0.0,20007.23078942208
1880,19.31584771914108,19084.305308337352
1881,124.97159332814992,23698.932713760954
1882,179.444339304285,25544.783675930397
1883,322.8325300268278,26468.598675132238
1884,384.2351832876371,27350.95600320225
1885,402.5236763424722,30439.206651447275
1886,399.938735647777,26468.598675132238
1887,365.7049133930152,30439.206651447275
1888,303.171480592836,33527.45729969231
1889,51.39654380287907,37585.71277335322
1890,40.149930051086535,37585.71277335322
1891,10.978202109075973,36615.70794793733
1892,0.0,33527.45729969231
1893,0.0,34556.87418244063
1894,0.0,36615.70794793733
1895,0.0,35586.29106518898
1896,0.0,33527.45729969231
1897,0.0,30439.206651447275
1898,0.0,25544.783675930397
1899,0.0,19084.305308337352
1900,0.0,18161.37982725263
1901,0.0,16566.604863484477
1902,0.0,15812.290768367156
1903,0.0,13549.348483015208
1904,31.52161868918281,12795.034387897882
1905,137.77014607309252,14303.662578132522
1906,185.98225183238864,12795.034387897882
1907,323.5581886563132,12040.720292780567
1908,383.7406013455358,13549.348483015208
1909,405.1796558079666,16566.604863484477
1910,400.69563184024327,19084.305308337352
1911,370.36206796865,26468.598675132238
1912,308.91155984664675,31468.6235341956
1913,51.36381095205973,33527.45729969231
1914,38.85914387937332,32498.04041694395
1915,10.970178117724355,27350.95600320225
1916,0.0,22776.007232676242
1917,0.0,20930.156270506784
1918,0.0,21853.08175159152
1919,0.0,22776.007232676242
1920,0.0,22776.007232676242
1921,0.0,17370.300843465728
1922,0.0,13549.348483015208
1923,0.0,9209.979722357926
1924,0.0,8074.07143794596
1925,0.0,6370.2090113280165
1926,0.0,2687.4631010866456
1927,0.0,323.38336434993766
1928,26.782243971722377,63.49363409943286
1929,125.67041733689388,152.23646881911748
1930,115.17615645663687,2367.98889609578
1931,314.99377358217674,6370.2090113280165
1932,388.621755764106,8074.07143794596
1933,404.8544627568461,10639.851258991263
1934,397.710330956492,15812.290768367156
1935,367.2880873728219,26468.598675132238
1936,304.6410357884575,37585.71277335322
1937,50.64891240495024,43487.11128221227
1938,39.85371252175487,41126.55187866863
1939,10.123487459709292,35586.29106518898
1940,0.0,27350.95600320225
1941,0.0,26468.598675132238
1942,0.0,23698.932713760954
1943,0.0,20930.156270506784
1944,0.0,19084.305308337352
1945,0.0,15812.290768367156
1946,0.0,12040.720292780567
1947,0.0,12795.034387897882
1948,0.0,14303.662578132522
1949,0.0,15057.976673249845
1950,0.0,12040.720292780567
1951,0.0,8642.025580151947
1952,22.023007657929767,8642.025580151947
1953,122.45254260010816,11286.406197663246
1954,183.09989251821,16566.604863484477
1955,324.22186606612127,18161.37982725263
1956,379.2287543761276,15812.290768367156
1957,400.32450448004926,15812.290768367156
1958,358.2691404157601,16566.604863484477
1959,329.4144255359336,24621.858194845674
1960,85.33266078449927,33527.45729969231
1961,112.12629794299237,47027.95038752768
1962,47.93863276095225,48039.61870333207
1963,10.107402964942386,48039.61870333207
1964,0.0,47027.95038752768
1965,0.0,49198.851884496136
1966,0.0,42306.83158044045
1967,0.0,39946.272176896855
1968,0.0,35586.29106518898
1969,0.0,30439.206651447275
1970,0.0,21853.08175159152
1971,0.0,18161.37982725263
1972,0.0,19084.305308337352
1973,0.0,15812.290768367156
1974,0.0,11286.406197663246
1975,0.0,7506.117295739982
1976,53.97934377472162,12795.034387897882
1977,125.92455461926843,20007.23078942208
1978,170.44122018729445,18161.37982725263
1979,326.8931028000146,12795.034387897882
1980,374.7944505595816,13549.348483015208
1981,381.4455385975669,20007.23078942208
1982,363.1001554040214,29409.78976869893
1983,353.7493935234489,33527.45729969231
1984,57.90267423380293,42306.83158044045
1985,50.74083335741911,54745.2790544764
1986,46.7765006151431,58073.13535646457
1987,9.686290830919551,56963.849922468544
1988,0.0,51417.42275248823
1989,0.0,50308.13731849218
1990,0.0,47027.95038752768
1991,0.0,37585.71277335322
1992,0.0,24621.858194845674
1993,0.0,20930.156270506784
1994,0.0,26468.598675132238
1995,0.0,27350.95600320225
1996,0.0,23698.932713760954
1997,0.0,16566.604863484477
1998,0.0,12040.720292780567
1999,0.0,8074.07143794596
2000,18.968722919001568,8642.025580151947
2001,140.22653877245355,8642.025580151947
2002,185.6109817965984,10639.851258991263
2003,324.48490840953747,12040.720292780567
2004,330.03784409417386,15812.290768367156
2005,395.5090351081658,12040.720292780567
2006,385.7932202842265,27350.95600320225
2007,363.1480931483114,30439.206651447275
2008,60.21932775479813,35586.29106518898
2009,54.1934721411199,44667.39098398404
2010,39.92177359626831,47027.95038752768
2011,9.254086359562248,38765.99247512504
2012,0.0,32498.04041694395
2013,0.0,28380.372885950583
2014,0.0,24621.858194845674
2015,0.0,19084.305308337352
2016,0.0,15057.976673249845
2017,0.0,12795.034387897882
2018,0.0,20930.156270506784
2019,0.0,20930.156270506784
2020,0.0,15812.290768367156
2021,0.0,11286.406197663246
2022,0.0,8074.07143794596
2023,0.0,6370.2090113280165
2024,23.78645072670377,4179.528748533515
2025,144.25670057299124,5234.300726916051
2026,76.54508585954295,8074.07143794596
2027,124.16967384600962,6938.163153533998
2028,340.4971268000796,5802.254869122039
2029,360.1972970931386,5802.254869122039
2030,355.16694067565305,17370.300843465728
2031,348.4633569101039,26468.598675132238
2032,89.68195469047794,22776.007232676242
2033,104.45226207207484,16566.604863484477
2034,39.429219979291766,14303.662578132522
2035,8.3670495654198,12795.034387897882
2036,0.0,10639.851258991263
2037,0.0,8642.025580151947
2038,0.0,9885.537163873942
2039,0.0,9885.537163873942
2040,0.0,9209.979722357926
2041,0.0,6938.163153533998
2042,0.0,4179.528748533515
2043,0.0,816.2570432830095
2044,0.0,496.78283829214564
2045,0.0,2687.4631010866456
2046,0.0,2048.5146911049164
2047,0.0,367.75478170978005
2048,5.323044652556701,107.86505145927525
2049,33.9116848035595,0.0
2050,108.54752848712792,0.0
2051,189.74912825547517,0.0
2052,44.70143713337328,367.75478170978005
2053,52.58216495838799,234.64052963025327
2054,52.39549427290449,107.86505145927525
2055,38.07239589365015,0.0
2056,38.48072933549355,0.0
2057,44.90087184136441,367.75478170978005
2058,40.573096718303646,6938.163153533998
2059,5.730036009184557,9885.537163873942
2060,0.0,12040.720292780567
2061,0.0,8074.07143794596
2062,0.0,3645.8857160592397
2063,0.0,1729.0404861140526
2064,0.0,367.75478170978005
2065,0.0,190.26911227041086
2066,0.0,107.86505145927525
2067,0.0,63.49363409943286
2068,0.0,279.01194699009545
2069,0.0,234.64052963025327
2070,0.0,107.86505145927525
2071,0.0,0.0
2072,59.68570749932341,0.0
2073,116.54276305791234,0.0
2074,255.73807846222076,0.0
2075,343.197788568662,0.0
2076,331.8551085771935,0.0
2077,335.7852717122315,107.86505145927525
2078,335.7473972872774,4747.482890739503
2079,138.5192867210331,9885.537163873942
2080,151.1321247153805,12040.720292780567
2081,109.01751916429656,9209.979722357926
2082,47.49629318601666,12795.034387897882
2083,2.204178409237461,12040.720292780567
2084,0.0,3006.937306077509
2085,0.0,2048.5146911049164
2086,0.0,496.78283829214564
2087,0.0,279.01194699009545
2088,0.0,107.86505145927525
2089,0.0,107.86505145927525
2090,0.0,279.01194699009545
2091,0.0,19.12221673959045
2092,0.0,107.86505145927525
2093,0.0,152.23646881911748
2094,0.0,0.0
2095,0.0,0.0
2096,58.627879349481255,0.0
2097,165.82164561483953,0.0
2098,186.284091853254,0.0
2099,335.02233658683684,0.0
2100,136.57572585561763,0.0
2101,376.57304049752514,19.12221673959045
2102,376.7053752045418,63.49363409943286
2103,361.07544336126745,323.38336434993766
2104,62.77155588438112,3006.937306077509
2105,52.67731150212948,10639.851258991263
2106,39.22446102051844,12795.034387897882
2107,8.32061871774956,9885.537163873942
2108,0.0,5802.254869122039
2109,0.0,4747.482890739503
2110,0.0,4747.482890739503
2111,0.0,4179.528748533515
2112,0.0,3006.937306077509
2113,0.0,1729.0404861140526
2114,0.0,4179.528748533515
2115,0.0,2048.5146911049164
2116,0.0,1729.0404861140526
2117,0.0,2048.5146911049164
2118,0.0,2367.98889609578
2119,0.0,412.12619906962226
2120,6.6368470745814,1729.0404861140526
2121,158.47027556132878,6370.2090113280165
2122,176.88213216583762,8642.025580151947
2123,332.81318476197214,8074.07143794596
2124,374.28747016897705,4179.528748533515
2125,398.8679018874861,4179.528748533515
2126,396.918126025516,9209.979722357926
2127,187.79443858444375,13549.348483015208
2128,84.217048261328,18161.37982725263
2129,98.5904703487022,17370.300843465728
2130,45.8407354652546,16566.604863484477
2131,7.928679835399337,15057.976673249845
2132,0.0,13549.348483015208
2133,0.0,9885.537163873942
2134,0.0,6370.2090113280165
2135,0.0,4747.482890739503
2136,0.0,4747.482890739503
2137,0.0,6370.2090113280165
2138,0.0,10639.851258991263
2139,0.0,13549.348483015208
2140,0.0,16566.604863484477
2141,0.0,16566.604863484477
2142,0.0,14303.662578132522
2143,0.0,11286.406197663246
2144,56.82328045096162,9209.979722357926
2145,163.5958796989007,8642.025580151947
2146,206.06190589654707,5802.254869122039
2147,343.78863550410057,2687.4631010866456
2148,382.9459135549916,1729.0404861140526
2149,394.0519254674933,4179.528748533515
2150,368.9629427075848,6938.163153533998
2151,341.83959894754173,7506.117295739982
2152,106.14191441576102,18161.37982725263
2153,57.80693109689897,18161.37982725263
2154,45.77109585290198,20007.23078942208
2155,6.59896862253358,17370.300843465728
2156,0.0,16351.086550593822
2157,0.0,14842.458360359178
2158,0.0,13441.58932656987
2159,0.0,11932.96113633523
2160,0.0,10424.332946100596
2161,0.0,9128.843416328496
2162,0.0,7992.935131916534
2163,0.0,6857.026847504574
2164,0.0,5802.254869122039
2165,0.0,4666.346584710073
2166,0.0,3600.2465439176854
2167,0.0,3006.937306077509
2168,41.3879264888849,2367.98889609578
2169,85.1932132906733,1729.0404861140526
2170,223.18480291049917,1135.7312482738735
2171,316.9643002228468,496.78283829214564
2172,383.2886647252682,9885.537163873942
2173,407.65663471377246,9885.537163873942
2174,398.3603682380517,17370.300843465728
2175,368.1906763914262,31468.6235341956
2176,49.11645964992234,31468.6235341956
2177,43.43837324663184,28380.372885950583
2178,38.16863775131645,20930.156270506784
2179,7.507232909021153,12795.034387897882
2180,0.0,4179.528748533515
2181,0.0,1409.5662811231873
2182,0.0,367.75478170978005
2183,0.0,107.86505145927525
2184,0.0,152.23646881911748
2185,0.0,816.2570432830095
2186,0.0,5802.254869122039
2187,0.0,6938.163153533998
2188,0.0,7506.117295739982
2189,0.0,3645.8857160592397
2190,0.0,4179.528748533515
2191,0.0,1409.5662811231873
2192,5.786401288861576,412.12619906962226
2193,167.74378751614344,1135.7312482738735
2194,226.2334503312929,2367.98889609578
2195,336.0394423672317,4747.482890739503
2196,374.7133498903616,9885.537163873942
2197,400.8330580487616,6938.163153533998
2198,389.8700201532248,12040.720292780567
2199,354.32712163870434,19084.305308337352
2200,90.52631428897392,20007.23078942208
2201,41.01166514766715,20007.23078942208
2202,46.873973351064,18161.37982725263
2203,7.5251293136053,13549.348483015208
2204,0.0,9885.537163873942
2205,0.0,6938.163153533998
2206,0.0,3645.8857160592397
2207,0.0,3645.8857160592397
2208,0.0,2687.4631010866456
2209,0.0,496.78283829214564
2210,0.0,2687.4631010866456
2211,0.0,2687.4631010866456
2212,0.0,2367.98889609578
2213,0.0,2687.4631010866456
2214,0.0,1135.7312482738735
2215,0.0,367.75478170978005
2216,33.55021545339501,279.01194699009545
2217,145.32785207845757,367.75478170978005
2218,205.92147368048003,367.75478170978005
2219,333.4446610708654,496.78283829214564
2220,387.13993267010056,816.2570432830095
2221,406.6910520492503,2048.5146911049164
2222,398.6611718710226,10639.851258991263
2223,368.17962010378136,18161.37982725263
2224,91.9379582499537,28380.372885950583
2225,105.5434962027688,17370.300843465728
2226,48.88759507854966,20007.23078942208
2227,7.070079073456784,18161.37982725263
2228,0.0,15057.976673249845
2229,0.0,12040.720292780567
2230,0.0,8642.025580151947
2231,0.0,6938.163153533998
2232,0.0,5802.254869122039
2233,0.0,3006.937306077509
2234,0.0,2367.98889609578
2235,0.0,2048.5146911049164
2236,0.0,2687.4631010866456
2237,0.0,1409.5662811231873
2238,0.0,496.78283829214564
2239,0.0,323.38336434993766
2240,49.36707240950478,234.64052963025327
2241,115.4341529570268,367.75478170978005
2242,235.6766779110758,496.78283829214564
2243,322.88102645092744,1135.7312482738735
2244,366.1007330061489,2367.98889609578
2245,64.03337324041071,9885.537163873942
2246,88.14764878544543,9209.979722357926
2247,220.9173248084086,14303.662578132522
2248,115.1818927564488,16566.604863484477
2249,80.39927337627405,16566.604863484477
2250,57.59756805161021,14303.662578132522
2251,6.633409659869697,8074.07143794596
2252,0.0,8074.07143794596
2253,0.0,9209.979722357926
2254,0.0,9209.979722357926
2255,0.0,10639.851258991263
2256,0.0,11286.406197663246
2257,0.0,9209.979722357926
2258,0.0,12040.720292780567
2259,0.0,12040.720292780567
2260,0.0,10639.851258991263
2261,0.0,7506.117295739982
2262,0.0,4747.482890739503
2263,0.0,3006.937306077509
2264,65.16914817117316,3006.937306077509
2265,152.86391677979717,5802.254869122039
2266,235.00748202235965,9885.537163873942
2267,332.3905533210174,10639.851258991263
2268,370.14005996110166,10639.851258991263
2269,401.88992376392025,12795.034387897882
2270,382.2505290582493,12795.034387897882
2271,371.9170978658505,16566.604863484477
2272,47.70078197907923,20007.23078942208
2273,84.6200207629818,26468.598675132238
2274,50.79393486922823,27350.95600320225
2275,6.160773726042965,24621.858194845674
2276,0.0,18161.37982725263
2277,0.0,12795.034387897882
2278,0.0,9885.537163873942
2279,0.0,9209.979722357926
2280,0.0,10639.851258991263
2281,0.0,12040.720292780567
2282,0.0,15812.290768367156
2283,0.0,13549.348483015208
2284,0.0,10639.851258991263
2285,0.0,9885.537163873942
2286,0.0,8642.025580151947
2287,0.0,4747.482890739503
2288,64.6597745077926,3645.8857160592397
2289,158.23573001602077,3326.411511068373
2290,231.6645206205224,3006.937306077509
2291,332.6995132083135,2367.98889609578
2292,387.4049277226763,3006.937306077509
2293,410.2694298367867,5234.300726916051
2294,402.2849793359608,12040.720292780567
2295,370.7670793475719,20930.156270506784
2296,91.63253472279648,34556.87418244063
2297,52.390146379035286,39946.272176896855
2298,32.93074138171558,36615.70794793733
2299,6.626171543124404,31468.6235341956
2300,0.0,24621.858194845674
2301,0.0,18161.37982725263
2302,0.0,17370.300843465728
2303,0.0,15057.976673249845
2304,0.0,12795.034387897882
2305,0.0,9209.979722357926
2306,0.0,10639.851258991263
2307,0.0,9885.537163873942
2308,0.0,8074.07143794596
2309,0.0,5802.254869122039
2310,0.0,4179.528748533515
2311,0.0,3326.411511068373
2312,23.763840157544973,2687.4631010866456
2313,164.29440424259832,3645.8857160592397
2314,243.40138529411607,6938.163153533998
2315,339.0858451034568,8074.07143794596
2316,368.4741948618369,12040.720292780567
2317,382.6723518225576,18161.37982725263
2318,395.5591430625122,28380.372885950583
2319,365.6291412517313,31468.6235341956
2320,105.05257348566516,30439.206651447275
2321,40.18810053284852,24621.858194845674
2322,34.60920065533522,26468.598675132238
2323,3.0895321478370543,25544.783675930397
2324,0.0,22776.007232676242
2325,0.0,18161.37982725263
2326,0.0,18161.37982725263
2327,0.0,15057.976673249845
2328,0.0,12795.034387897882
2329,0.0,11286.406197663246
2330,0.0,9209.979722357926
2331,0.0,6938.163153533998
2332,0.0,5802.254869122039
2333,0.0,3326.411511068373
2334,0.0,2687.4631010866456
2335,0.0,2687.4631010866456
2336,54.44882036260493,3645.8857160592397
2337,136.33294529151155,7506.117295739982
2338,250.92496053666312,9209.979722357926
2339,327.89392997486607,9209.979722357926
2340,380.4608926921733,12040.720292780567
2341,392.9121432103268,16566.604863484477
2342,398.7343736978684,20007.23078942208
2343,365.7450095719633,27350.95600320225
2344,112.89994764748508,42306.83158044045
2345,77.21691481976298,32498.04041694395
2346,54.750823949835166,33527.45729969231
2347,4.402818126544284,29409.78976869893
2348,0.0,23698.932713760954
2349,0.0,22776.007232676242
2350,0.0,22776.007232676242
2351,0.0,20930.156270506784
2352,0.0,19084.305308337352
2353,0.0,15057.976673249845
2354,0.0,9885.537163873942
2355,0.0,8074.07143794596
2356,0.0,7506.117295739982
2357,0.0,8642.025580151947
2358,0.0,8642.025580151947
2359,0.0,8074.07143794596
2360,48.67892646775746,7506.117295739982
2361,156.81007232551946,12040.720292780567
2362,257.64013397771333,9885.537163873942
2363,334.8797182523884,8642.025580151947
2364,384.3479918253126,9885.537163873942
2365,408.6092009121435,14303.662578132522
2366,399.3161709421728,14303.662578132522
2367,370.77207160996295,16566.604863484477
2368,50.240232428794265,20007.23078942208
2369,44.540593305099904,24621.858194845674
2370,33.245406113173075,28380.372885950583
2371,5.725004344612404,22776.007232676242
2372,0.0,15812.290768367156
2373,0.0,15812.290768367156
2374,0.0,17370.300843465728
2375,0.0,20007.23078942208
2376,0.0,21853.08175159152
2377,0.0,20930.156270506784
2378,0.0,19084.305308337352
2379,0.0,20007.23078942208
2380,0.0,17370.300843465728
2381,0.0,15812.290768367156
2382,0.0,15812.290768367156
2383,0.0,15812.290768367156
2384,57.16672987934093,17370.300843465728
2385,156.13567596474925,24621.858194845674
2386,255.80094044047385,23698.932713760954
2387,324.1928703328095,20930.156270506784
2388,381.8759028172205,20930.156270506784
2389,404.0571227273836,23698.932713760954
2390,397.9337210595602,28380.372885950583
2391,369.1707102846318,35586.29106518898
2392,51.93116303726487,36615.70794793733
2393,41.17371748343496,41126.55187866863
2394,32.37134564941923,44667.39098398404
2395,5.2798562936201945,44667.39098398404
2396,0.0,42306.83158044045
2397,0.0,36615.70794793733
2398,0.0,34556.87418244063
2399,0.0,28380.372885950583
2400,0.0,24621.858194845674
2401,0.0,22776.007232676242
2402,0.0,20930.156270506784
2403,0.0,19084.305308337352
2404,0.0,18161.37982725263
2405,0.0,16566.604863484477
2406,0.0,16566.604863484477
2407,0.0,19084.305308337352
2408,58.9518084085359,20007.23078942208
2409,158.58091404470207,24621.858194845674
2410,254.81698088404087,25544.783675930397
2411,337.1099935080522,25544.783675930397
2412,382.86346465075775,26468.598675132238
2413,407.5258372125309,29409.78976869893
2414,401.5664761515499,27350.95600320225
2415,373.2429307751976,31468.6235341956
2416,44.73760194200887,36615.70794793733
2417,41.0781908354146,41126.55187866863
2418,31.503098319338037,43487.11128221227
2419,5.278116536703009,48039.61870333207
2420,0.0,50308.13731849218
2421,0.0,49198.851884496136
2422,0.0,48039.61870333207
2423,0.0,48039.61870333207
2424,0.0,49198.851884496136
2425,0.0,51417.42275248823
2426,0.0,49198.851884496136
2427,0.0,45847.67068575586
2428,0.0,41126.55187866863
2429,0.0,32498.04041694395
2430,0.0,26468.598675132238
2431,0.0,22776.007232676242
2432,52.83629384921345,25544.783675930397
2433,158.94898299595394,27350.95600320225
2434,258.614491460694,23698.932713760954
2435,339.1836880410844,22776.007232676242
2436,377.7319428280303,27350.95600320225
2437,406.4732176284642,32498.04041694395
2438,392.9783082697693,33527.45729969231
2439,345.6806262150912,43487.11128221227
2440,81.32389528933028,60131.54255651987
2441,50.48167361506959,55854.564488472475
2442,46.81846170183998,56963.849922468544
2443,1.3253970661705388,53635.99362048036
2444,0.0,51417.42275248823
2445,0.0,59023.951442746926
2446,0.0,54745.2790544764
2447,0.0,42306.83158044045
2448,0.0,34556.87418244063
2449,0.0,28380.372885950583
2450,0.0,38765.99247512504
2451,0.0,34556.87418244063
2452,0.0,35586.29106518898
2453,0.0,29409.78976869893
2454,0.0,17370.300843465728
2455,0.0,17370.300843465728
2456,49.9364181387144,15812.290768367156
2457,152.65826748955132,20007.23078942208
2458,259.010354623541,17370.300843465728
2459,334.7816983300937,15057.976673249845
2460,378.833647226241,19084.305308337352
2461,400.7484238818429,19084.305308337352
2462,390.5264128987705,35586.29106518898
2463,372.5598767296734,36615.70794793733
2464,68.30792121583595,37585.71277335322
2465,55.89964607082786,52526.708186484306
2466,41.181371413237386,48039.61870333207
2467,3.531806582459828,39946.272176896855
2468,0.0,33527.45729969231
2469,0.0,31468.6235341956
2470,0.0,28380.372885950583
2471,0.0,26468.598675132238
2472,0.0,20930.156270506784
2473,0.0,14303.662578132522
2474,0.0,17370.300843465728
2475,0.0,21853.08175159152
2476,0.0,20930.156270506784
2477,0.0,22776.007232676242
2478,0.0,21853.08175159152
2479,0.0,12795.034387897882
2480,69.04375344290295,6938.163153533998
2481,156.5882807827525,2367.98889609578
2482,259.8623305979123,496.78283829214564
2483,337.5228283923494,2367.98889609578
2484,364.3744208140608,6370.2090113280165
2485,267.7743399812967,5234.300726916051
2486,334.9365248471963,7506.117295739982
2487,311.1263865200837,24621.858194845674
2488,37.340944905072334,34556.87418244063
2489,19.395944006174773,26468.598675132238
2490,15.891361251126826,31468.6235341956
2491,0.4434739615105081,31468.6235341956
2492,0.0,23698.932713760954
2493,0.0,19084.305308337352
2494,0.0,17370.300843465728
2495,0.0,13549.348483015208
2496,0.0,10639.851258991263
2497,0.0,14303.662578132522
2498,0.0,19084.305308337352
2499,0.0,14303.662578132522
2500,0.0,18161.37982725263
2501,0.0,12795.034387897882
2502,0.0,4747.482890739503
2503,0.0,5234.300726916051
2504,50.953123947504,3326.411511068373
2505,102.89961279097692,1135.7312482738735
2506,136.68218537508514,63.49363409943286
2507,98.0504086308926,0.0
2508,37.71178573896373,190.26911227041086
2509,39.88546188787669,4747.482890739503
2510,38.5651945109109,25544.783675930397
2511,44.69637319456495,13549.348483015208
2512,43.380656687388544,13549.348483015208
2513,47.600088876552704,17370.300843465728
2514,42.87392551681113,17370.300843465728
2515,3.534466993263337,17370.300843465728
2516,0.0,17370.300843465728
2517,0.0,16566.604863484477
2518,0.0,15057.976673249845
2519,0.0,12795.034387897882
2520,0.0,12040.720292780567
2521,0.0,9885.537163873942
2522,0.0,7506.117295739982
2523,0.0,6938.163153533998
2524,0.0,5802.254869122039
2525,0.0,3645.8857160592397
2526,0.0,3006.937306077509
2527,0.0,3326.411511068373
2528,59.55068975771261,3326.411511068373
2529,171.5682169225105,2367.98889609578
2530,258.71421425034026,2367.98889609578
2531,329.07220817171697,1729.0404861140526
2532,371.9797663736299,1135.7312482738735
2533,370.7180124168501,3006.937306077509
2534,357.7313607746256,1409.5662811231873
2535,322.8138576771059,8074.07143794596
2536,143.58136265449855,19084.305308337352
2537,102.30860818007824,23698.932713760954
2538,36.45728208739619,26468.598675132238
2539,3.5356587359328824,24621.858194845674
2540,0.0,23698.932713760954
2541,0.0,21853.08175159152
2542,0.0,19084.305308337352
2543,0.0,18161.37982725263
2544,0.0,19084.305308337352
2545,0.0,16566.604863484477
2546,0.0,12040.720292780567
2547,0.0,10639.851258991263
2548,0.0,13549.348483015208
2549,0.0,15057.976673249845
2550,0.0,14303.662578132522
2551,0.0,14303.662578132522
2552,65.21518443539759,15812.290768367156
2553,158.45646976831634,20930.156270506784
2554,263.28440904165257,21853.08175159152
2555,322.66252763176186,20007.23078942208
2556,369.5966800415253,20930.156270506784
2557,395.7141479685952,20930.156270506784
2558,385.2839097513646,24621.858194845674
2559,362.43835608959296,27350.95600320225
2560,58.86774371831316,35586.29106518898
2561,70.92980803574186,33527.45729969231
2562,51.712862096498334,32498.04041694395
2563,2.2003721807213963,33527.45729969231
2564,0.0,28380.372885950583
2565,0.0,24621.858194845674
2566,0.0,20930.156270506784
2567,0.0,20930.156270506784
2568,0.0,20007.23078942208
2569,0.0,20007.23078942208
2570,0.0,21853.08175159152
2571,0.0,22776.007232676242
2572,0.0,19084.305308337352
2573,0.0,15057.976673249845
2574,0.0,12040.720292780567
2575,0.0,7506.117295739982
2576,46.671264562488496,4179.528748533515
2577,133.2575438621962,6938.163153533998
2578,256.44184706060844,7506.117295739982
2579,336.0081957594374,8074.07143794596
2580,377.4013491865724,8074.07143794596
2581,391.0274354413595,9885.537163873942
2582,391.47144889291167,8642.025580151947
2583,330.2990466641896,10639.851258991263
2584,143.97531932805975,18161.37982725263
2585,100.13675176725968,20007.23078942208
2586,49.55601274818052,28380.372885950583
2587,3.086035011869352,25544.783675930397
2588,0.0,20007.23078942208
2589,0.0,18161.37982725263
2590,0.0,17370.300843465728
2591,0.0,17370.300843465728
2592,0.0,15812.290768367156
2593,0.0,15057.976673249845
2594,0.0,12040.720292780567
2595,0.0,12040.720292780567
2596,0.0,12795.034387897882
2597,0.0,10639.851258991263
2598,0.0,9209.979722357926
2599,0.0,7506.117295739982
2600,61.53490673787509,6938.163153533998
2601,169.6768118080235,11286.406197663246
2602,273.0174796173956,15812.290768367156
2603,335.6324351416091,16566.604863484477
2604,379.269273528286,14303.662578132522
2605,407.3125371871419,12040.720292780567
2606,397.11800660586,14303.662578132522
2607,371.4964139769063,23698.932713760954
2608,48.2694101898546,31468.6235341956
2609,40.774532283933866,39946.272176896855
2610,35.040458204037975,41126.55187866863
2611,3.5302296859938416,37585.71277335322
2612,0.0,32498.04041694395
2613,0.0,30439.206651447275
2614,0.0,28380.372885950583
2615,0.0,23698.932713760954
2616,0.0,19084.305308337352
2617,0.0,18161.37982725263
2618,0.0,17370.300843465728
2619,0.0,18161.37982725263
2620,0.0,16566.604863484477
2621,0.0,15057.976673249845
2622,0.0,14303.662578132522
2623,0.0,15057.976673249845
2624,63.47016740527357,16566.604863484477
2625,168.56140074438923,22776.007232676242
2626,271.01724148282653,25544.783675930397
2627,344.77481096616555,27350.95600320225
2628,382.2578054290868,29409.78976869893
2629,387.9301430794414,31468.6235341956
2630,382.4706897220801,33527.45729969231
2631,352.7424100022533,35586.29106518898
2632,60.78474788777476,37585.71277335322
2633,57.73696115569824,41126.55187866863
2634,31.94847274238656,43487.11128221227
2635,2.202451527090075,41126.55187866863
2636,0.0,41126.55187866863
2637,0.0,39946.272176896855
2638,0.0,36615.70794793733
2639,0.0,33527.45729969231
2640,0.0,31468.6235341956
2641,0.0,28380.372885950583
2642,0.0,25544.783675930397
2643,0.0,27350.95600320225
2644,0.0,34556.87418244063
2645,0.0,37585.71277335322
2646,0.0,39946.272176896855
2647,0.0,38765.99247512504
2648,65.17975482897329,35586.29106518898
2649,171.47987561154062,38765.99247512504
2650,273.53291328850344,39946.272176896855
2651,346.3828331082957,45847.67068575586
2652,386.7899476149403,50308.13731849218
2653,410.07531515594303,59023.951442746926
2654,394.2089613253005,58073.13535646457
2655,328.34069448148824,63033.43325185356
2656,116.2310336399249,49198.851884496136
2657,41.704398017161054,34556.87418244063
2658,30.758968282960996,37585.71277335322
2659,2.206258919180336,48039.61870333207
2660,0.0,33527.45729969231
2661,0.0,27350.95600320225
2662,0.0,21853.08175159152
2663,0.0,14303.662578132522
2664,0.0,9885.537163873942
2665,0.0,8074.07143794596
2666,0.0,9209.979722357926
2667,0.0,10639.851258991263
2668,0.0,13549.348483015208
2669,0.0,14303.662578132522
2670,0.0,16566.604863484477
2671,0.0,18161.37982725263
2672,27.701747315381365,20930.156270506784
2673,105.37013240430758,28380.372885950583
2674,187.9762776462068,37585.71277335322
2675,336.07058854154604,37585.71277335322
2676,326.059297650858,43487.11128221227
2677,400.7869466869415,47027.95038752768
2678,362.7327655861647,47027.95038752768
2679,335.1917645124344,44667.39098398404
2680,69.34130102122054,41126.55187866863
2681,52.26355581361051,38765.99247512504
2682,36.28058561915861,34556.87418244063
2683,2.203941376168873,31468.6235341956
2684,0.0,30439.206651447275
2685,0.0,33527.45729969231
2686,0.0,35586.29106518898
2687,0.0,37585.71277335322
2688,0.0,36615.70794793733
2689,0.0,35586.29106518898
2690,0.0,39946.272176896855
2691,0.0,39946.272176896855
2692,0.0,38765.99247512504
2693,0.0,34556.87418244063
2694,0.0,30439.206651447275
2695,0.0,25544.783675930397
2696,59.784627029592905,24621.858194845674
2697,76.86173211627808,31468.6235341956
2698,243.0126665655497,32498.04041694395
2699,308.30597489330904,33527.45729969231
2700,355.0750172546979,37585.71277335322
2701,383.1818344967352,42306.83158044045
2702,347.5585236102131,49198.851884496136
2703,335.178839143549,56963.849922468544
2704,89.47588054477887,60131.54255651987
2705,90.31759120624469,62066.13635340902
2706,44.93936323952339,64968.02704874271
2707,1.7644088691876534,63033.43325185356
2708,0.0,64000.73015029813
2709,0.0,66902.62084563181
2710,0.0,65935.32394718725
2711,0.0,67869.91774407637
2712,0.0,64968.02704874271
2713,0.0,62066.13635340902
2714,0.0,55854.564488472475
2715,0.0,54745.2790544764
2716,0.0,51417.42275248823
2717,0.0,49198.851884496136
2718,0.0,47027.95038752768
2719,0.0,38765.99247512504
2720,56.46914872184722,30439.206651447275
2721,160.86472799721753,30439.206651447275
2722,268.6156125448785,34556.87418244063
2723,331.4524426405962,42306.83158044045
2724,359.52960627315656,37585.71277335322
2725,370.2136433651016,35586.29106518898
2726,385.8521638126943,64000.73015029813
2727,118.65292634529912,64000.73015029813
2728,53.49650145341075,62066.13635340902
2729,55.79610286557118,66902.62084563181
2730,31.59550108570904,70491.6074828782
2731,1.323311914896521,67869.91774407637
2732,0.0,58073.13535646457
2733,0.0,52526.708186484306
2734,0.0,38765.99247512504
2735,0.0,35586.29106518898
2736,0.0,35586.29106518898
2737,0.0,36615.70794793733
2738,0.0,41126.55187866863
2739,0.0,36615.70794793733
2740,0.0,38765.99247512504
2741,0.0,37585.71277335322
2742,0.0,32498.04041694395
2743,0.0,30439.206651447275
2744,61.06643736497931,28380.372885950583
2745,170.3292339486328,27350.95600320225
2746,269.4632457362707,21853.08175159152
2747,287.65828677324714,20930.156270506784
2748,380.609471301473,22776.007232676242
2749,384.5389838904415,22776.007232676242
2750,377.5547127822639,30439.206651447275
2751,362.43693318543455,34556.87418244063
2752,58.59403615491229,34556.87418244063
2753,50.72823889264348,37585.71277335322
2754,32.47481988031594,45847.67068575586
2755,0.0,44667.39098398404
2756,0.0,45847.67068575586
2757,0.0,48039.61870333207
2758,0.0,48039.61870333207
2759,0.0,44667.39098398404
2760,0.0,41126.55187866863
2761,0.0,41126.55187866863
2762,0.0,52526.708186484306
2763,0.0,54745.2790544764
2764,0.0,43487.11128221227
2765,0.0,39946.272176896855
2766,0.0,38765.99247512504
2767,0.0,35586.29106518898
2768,68.09327992801711,34556.87418244063
2769,161.42443200915642,38765.99247512504
2770,274.9139953384781,51417.42275248823
2771,310.2703366803828,44667.39098398404
2772,380.1732381742239,51417.42275248823
2773,333.14688385433755,54745.2790544764
2774,396.2492891637448,60131.54255651987
2775,367.5319406322882,66902.62084563181
2776,0.0,77329.87677542074
2777,96.87852230208256,79715.4040817771
2778,15.921149126469937,73579.85813112323
2779,0.0,67869.91774407637
2780,0.0,60131.54255651987
2781,0.0,50308.13731849218
2782,0.0,32498.04041694395
2783,0.0,24621.858194845674
2784,0.0,27350.95600320225
2785,0.0,29409.78976869893
2786,0.0,20007.23078942208
2787,0.0,8642.025580151947
2788,0.0,7506.117295739982
2789,0.0,7506.117295739982
2790,0.0,8642.025580151947
2791,0.0,5234.300726916051
2792,68.04956066079195,2687.4631010866456
2793,151.31338180243276,6938.163153533998
2794,177.95738088803645,7506.117295739982
2795,216.93403035008944,12795.034387897882
2796,81.03659098456083,17370.300843465728
2797,164.79267034151195,24621.858194845674
2798,135.49044280255146,16566.604863484477
2799,154.44322096962483,28380.372885950583
2800,26.791102329658067,27350.95600320225
2801,25.938298432845265,26468.598675132238
2802,14.578177047016172,23698.932713760954
2803,0.0,18161.37982725263
2804,0.0,22776.007232676242
2805,0.0,26468.598675132238
2806,0.0,23698.932713760954
2807,0.0,18161.37982725263
2808,0.0,10639.851258991263
2809,0.0,8074.07143794596
2810,0.0,7506.117295739982
2811,0.0,6370.2090113280165
2812,0.0,2048.5146911049164
2813,0.0,152.23646881911748
2814,0.0,0.0
2815,0.0,63.49363409943286
2816,6.222912231047861,107.86505145927525
2817,15.940213366689528,190.26911227041086
2818,24.722564093536885,19.12221673959045
2819,66.71184256888645,190.26911227041086
2820,184.44488075731635,1135.7312482738735
2821,333.6274513856535,4179.528748533515
2822,375.87972831377465,6938.163153533998
2823,354.75817393547044,15057.976673249845
2824,68.8051866935234,20930.156270506784
2825,62.25617910078008,20930.156270506784
2826,47.98235098781684,17370.300843465728
2827,0.0,16566.604863484477
2828,0.0,17370.300843465728
2829,0.0,13549.348483015208
2830,0.0,9209.979722357926
2831,0.0,5234.300726916051
2832,0.0,1409.5662811231873
2833,0.0,816.2570432830095
2834,0.0,412.12619906962226
2835,0.0,496.78283829214564
2836,0.0,1729.0404861140526
2837,0.0,1729.0404861140526
2838,0.0,412.12619906962226
2839,0.0,1135.7312482738735
2840,28.221295904153827,2048.5146911049164
2841,153.2031209979971,3006.937306077509
2842,255.05253763548453,1135.7312482738735
2843,299.6449307981697,412.12619906962226
2844,295.3610166673691,1409.5662811231873
2845,277.53668458950955,4747.482890739503
2846,390.8495828899138,8642.025580151947
2847,373.7580106459123,29409.78976869893
2848,49.63188014176578,55854.564488472475
2849,60.72093540479376,42306.83158044045
2850,47.70810525006615,35586.29106518898
2851,0.0,27350.95600320225
2852,0.0,30439.206651447275
2853,0.0,29409.78976869893
2854,0.0,25544.783675930397
2855,0.0,19084.305308337352
2856,0.0,16566.604863484477
2857,0.0,15812.290768367156
2858,0.0,16566.604863484477
2859,0.0,17370.300843465728
2860,0.0,14303.662578132522
2861,0.0,9209.979722357926
2862,0.0,5234.300726916051
2863,0.0,2048.5146911049164
2864,61.97449431414642,1729.0404861140526
2865,178.52492552507178,1729.0404861140526
2866,253.3551846608985,816.2570432830095
2867,344.9511561485142,2048.5146911049164
2868,376.9876496293159,5802.254869122039
2869,396.128122073844,5802.254869122039
2870,388.4302467838461,11286.406197663246
2871,368.2486442023023,12040.720292780567
2872,53.12739844853449,24621.858194845674
2873,46.958329170165655,32498.04041694395
2874,31.66454732136869,33527.45729969231
2875,0.0,33527.45729969231
2876,0.0,41295.16326463605
2877,0.0,35145.11240115397
2878,0.0,29556.84932337726
2879,0.0,24226.31870295222
2880,0.0,19084.305308337352
2881,0.0,14626.940047468517
2882,0.0,10532.092102545927
2883,0.0,7100.435765592849
2884,0.0,4017.2561364746653
2885,0.0,2139.7930353880206
2886,0.0,443.82006861236687
2887,0.0,196.60788617895966
2888,29.179837467942388,0.0
2889,130.1362401784524,0.0
2890,210.41959921641595,0.0
2891,276.8384855513993,0.0
2892,203.61021351915025,0.0
2893,293.3769991274149,1409.5662811231873
2894,381.8600486890485,8074.07143794596
2895,364.8507723561218,8642.025580151947
2896,69.98218567745022,5802.254869122039
2897,65.06928469683834,9885.537163873942
2898,43.57367013502955,18161.37982725263
2899,0.0,26468.598675132238
2900,0.0,35586.29106518898
2901,0.0,38765.99247512504
2902,0.0,38765.99247512504
2903,0.0,34556.87418244063
2904,0.0,27350.95600320225
2905,0.0,19084.305308337352
2906,0.0,11286.406197663246
2907,0.0,10639.851258991263
2908,0.0,9209.979722357926
2909,0.0,3645.8857160592397
2910,0.0,1729.0404861140526
2911,0.0,816.2570432830095
2912,6.242373642938693,2367.98889609578
2913,55.42888781262244,4179.528748533515
2914,102.57757932397072,6370.2090113280165
2915,240.17541653801032,9885.537163873942
2916,246.83356139427403,14303.662578132522
2917,196.22218389862792,20007.23078942208
2918,238.50873761649825,25544.783675930397
2919,201.21047284307343,36615.70794793733
2920,131.6463875096476,25544.783675930397
2921,95.2277774331791,28380.372885950583
2922,32.72009414648173,23698.932713760954
2923,0.0,25544.783675930397
2924,0.0,28380.372885950583
2925,0.0,28380.372885950583
2926,0.0,31468.6235341956
2927,0.0,34556.87418244063
2928,0.0,35586.29106518898
2929,0.0,34556.87418244063
2930,0.0,33527.45729969231
2931,0.0,29409.78976869893
2932,0.0,28380.372885950583
2933,0.0,20930.156270506784
2934,0.0,12795.034387897882
2935,0.0,12795.034387897882
2936,6.23634987259153,14303.662578132522
2937,15.551357471705504,20930.156270506784
2938,99.82525112240712,16566.604863484477
2939,100.05561087512724,10639.851258991263
2940,233.88411937444988,16566.604863484477
2941,164.50203747953324,18161.37982725263
2942,129.27961990555576,33527.45729969231
2943,79.63457144751942,37585.71277335322
2944,123.75213220852996,37585.71277335322
2945,65.53181112862387,36615.70794793733
2946,43.98882087768456,33527.45729969231
2947,0.0,35586.29106518898
2948,0.0,41126.55187866863
2949,0.0,50308.13731849218
2950,0.0,48039.61870333207
2951,0.0,49198.851884496136
2952,0.0,47027.95038752768
2953,0.0,43487.11128221227
2954,0.0,37585.71277335322
2955,0.0,35586.29106518898
2956,0.0,33527.45729969231
2957,0.0,31468.6235341956
2958,0.0,28380.372885950583
2959,0.0,27350.95600320225
2960,13.793771522041537,31468.6235341956
2961,73.86219511294759,22776.007232676242
2962,250.27193809459797,20930.156270506784
2963,235.81470866853067,20007.23078942208
2964,338.1249782571469,19084.305308337352
2965,226.1600306702072,20007.23078942208
2966,369.02772698174095,18161.37982725263
2967,352.1368271475658,24621.858194845674
2968,58.3291788542856,32498.04041694395
2969,71.3138682450011,35586.29106518898
2970,41.18830986285462,38765.99247512504
2971,0.0,39946.272176896855
2972,0.0,38765.99247512504
2973,0.0,41126.55187866863
2974,0.0,41126.55187866863
2975,0.0,39946.272176896855
2976,0.0,36615.70794793733
2977,0.0,30439.206651447275
2978,0.0,24621.858194845674
2979,0.0,24621.858194845674
2980,0.0,26468.598675132238
2981,0.0,28380.372885950583
2982,0.0,28380.372885950583
2983,0.0,24621.858194845674
2984,57.15251894468194,20930.156270506784
2985,146.11434127724482,18161.37982725263
2986,252.5304585396437,18161.37982725263
2987,327.80847601788764,16566.604863484477
2988,373.82295427010354,15057.976673249845
2989,395.2933353164581,13549.348483015208
2990,390.23978811512376,15057.976673249845
2991,370.3225910055679,14303.662578132522
2992,59.533491238343686,20007.23078942208
2993,58.92458330111207,28380.372885950583
2994,33.85322863975959,42306.83158044045
2995,0.0,38765.99247512504
2996,0.0,32498.04041694395
2997,0.0,26468.598675132238
2998,0.0,23698.932713760954
2999,0.0,18161.37982725263
3000,0.0,14303.662578132522
3001,0.0,10639.851258991263
3002,0.0,6370.2090113280165
3003,0.0,5234.300726916051
3004,0.0,3326.411511068373
3005,0.0,2048.5146911049164
3006,0.0,2687.4631010866456
3007,0.0,4179.528748533515
3008,60.68769816282408,6938.163153533998
3009,130.817380183413,11286.406197663246
3010,263.63525157733864,9885.537163873942
3011,335.5407741520707,8642.025580151947
3012,376.1129073204903,8642.025580151947
3013,396.6648817701045,9209.979722357926
3014,389.96568216487975,13549.348483015208
3015,374.9502829144676,20007.23078942208
3016,61.69889041772332,21853.08175159152
3017,51.72209231601207,24621.858194845674
3018,33.47337387322461,28380.372885950583
3019,0.0,25544.783675930397
3020,0.0,20930.156270506784
3021,0.0,15057.976673249845
3022,0.0,12040.720292780567
3023,0.0,8642.025580151947
3024,0.0,6938.163153533998
3025,0.0,5234.300726916051
3026,0.0,3645.8857160592397
3027,0.0,2367.98889609578
3028,0.0,1135.7312482738735
3029,0.0,367.75478170978005
3030,0.0,279.01194699009545
3031,0.0,152.23646881911748
3032,65.7688549643961,19.12221673959045
3033,166.5520474648003,152.23646881911748
3034,261.6805446497676,190.26911227041086
3035,336.5019159281947,279.01194699009545
3036,376.3725013170289,412.12619906962226
3037,400.2208809463303,2367.98889609578
3038,395.3875733308059,4179.528748533515
3039,376.6402645267381,6938.163153533998
3040,55.66693269940109,8074.07143794596
3041,68.66227056286029,11286.406197663246
3042,31.627639708446026,15057.976673249845
3043,0.0,15057.976673249845
3044,0.0,14303.662578132522
3045,0.0,15057.976673249845
3046,0.0,12795.034387897882
3047,0.0,10639.851258991263
3048,0.0,8642.025580151947
3049,0.0,6370.2090113280165
3050,0.0,3006.937306077509
3051,0.0,3006.937306077509
3052,0.0,2367.98889609578
3053,0.0,1729.0404861140526
3054,0.0,1135.7312482738735
3055,0.0,412.12619906962226
3056,62.369301067921576,496.78283829214564
3057,165.06261124978624,1729.0404861140526
3058,226.98268913765364,2367.98889609578
3059,329.62179595601253,2367.98889609578
3060,376.20256258858257,3006.937306077509
3061,398.10218718492337,5234.300726916051
3062,391.83695180922126,7506.117295739982
3063,377.6201509953801,13549.348483015208
3064,55.53987522026255,20007.23078942208
3065,45.14165419718703,25544.783675930397
3066,30.780715252586575,28380.372885950583
3067,0.0,31468.6235341956
3068,0.0,28380.372885950583
3069,0.0,28380.372885950583
3070,0.0,29409.78976869893
3071,0.0,25544.783675930397
3072,0.0,22776.007232676242
3073,0.0,20007.23078942208
3074,0.0,20930.156270506784
3075,0.0,20007.23078942208
3076,0.0,20007.23078942208
3077,0.0,14303.662578132522
3078,0.0,12795.034387897882
3079,0.0,9885.537163873942
3080,33.75047238117233,8074.07143794596
3081,165.36019364041837,8074.07143794596
3082,250.77582723754068,12795.034387897882
3083,328.88545309842743,20930.156270506784
3084,374.55919212442006,18161.37982725263
3085,389.9549268791954,12795.034387897882
3086,387.2314947693562,13549.348483015208
3087,366.34180345802827,20007.23078942208
3088,73.66634107755468,32498.04041694395
3089,58.63329759948608,41126.55187866863
3090,41.2331771941943,39946.272176896855
3091,0.0,42306.83158044045
3092,0.0,45847.67068575586
3093,0.0,48039.61870333207
3094,0.0,48039.61870333207
3095,0.0,51417.42275248823
3096,0.0,51417.42275248823
3097,0.0,45847.67068575586
3098,0.0,45847.67068575586
3099,0.0,42306.83158044045
3100,0.0,31468.6235341956
3101,0.0,26468.598675132238
3102,0.0,27350.95600320225
3103,0.0,20930.156270506784
3104,46.8646836618317,19084.305308337352
3105,141.82292650155168,10639.851258991263
3106,250.23641824882105,6938.163153533998
3107,320.9488618117182,6938.163153533998
3108,370.9570487723242,10639.851258991263
3109,386.305344772747,15057.976673249845
3110,389.7825468982488,25544.783675930397
3111,365.1365899794319,34556.87418244063
3112,63.61638282069584,37585.71277335322
3113,49.24803033526897,36615.70794793733
3114,36.18505352419241,39946.272176896855
3115,0.0,42306.83158044045
3116,0.0,39946.272176896855
3117,0.0,39946.272176896855
3118,0.0,39946.272176896855
3119,0.0,36615.70794793733
3120,0.0,30439.206651447275
3121,0.0,27350.95600320225
3122,0.0,35586.29106518898
3123,0.0,36615.70794793733
3124,0.0,32498.04041694395
3125,0.0,26468.598675132238
3126,0.0,22776.007232676242
3127,0.0,27350.95600320225
3128,46.032033447254975,28380.372885950583
3129,129.13375928679744,33527.45729969231
3130,238.793077934549,33527.45729969231
3131,311.7234534240836,32498.04041694395
3132,341.9260126191455,32498.04041694395
3133,381.6436320914852,34556.87418244063
3134,371.6975122331727,43487.11128221227
3135,321.40708120515,44667.39098398404
3136,77.4137117371906,49198.851884496136
3137,48.2628499401824,53635.99362048036
3138,34.71692111492448,53635.99362048036
3139,0.0,54745.2790544764
3140,0.0,53635.99362048036
3141,0.0,55854.564488472475
3142,0.0,56963.849922468544
3143,0.0,54745.2790544764
3144,0.0,50308.13731849218
3145,0.0,43487.11128221227
3146,0.0,35586.29106518898
3147,0.0,34556.87418244063
3148,0.0,34556.87418244063
3149,0.0,31468.6235341956
3150,0.0,24621.858194845674
3151,0.0,19084.305308337352
3152,23.3984199564038,17370.300843465728
3153,123.55338781548151,16566.604863484477
3154,126.9416261938146,15812.290768367156
3155,286.16250991483514,15812.290768367156
3156,351.0642836350565,18161.37982725263
3157,363.1953960503735,21853.08175159152
3158,382.0998283778292,22776.007232676242
3159,364.2153606373791,30439.206651447275
3160,72.99375281037514,43487.11128221227
3161,49.36836327304587,47027.95038752768
3162,34.418905025137285,51417.42275248823
3163,0.0,51417.42275248823
3164,0.0,50308.13731849218
3165,0.0,50308.13731849218
3166,0.0,49198.851884496136
3167,0.0,38765.99247512504
3168,0.0,35586.29106518898
3169,0.0,31468.6235341956
3170,0.0,31468.6235341956
3171,0.0,28380.372885950583
3172,0.0,29409.78976869893
3173,0.0,30439.206651447275
3174,0.0,32498.04041694395
3175,0.0,34556.87418244063
3176,58.18135607058864,30439.206651447275
3177,145.06732138005185,31468.6235341956
3178,227.4720226116385,29409.78976869893
3179,188.331152033403,24621.858194845674
3180,301.64548007037735,27350.95600320225
3181,373.2205717134528,32498.04041694395
3182,389.34050604393815,45847.67068575586
3183,370.0202921278408,54745.2790544764
3184,58.86999369156078,61098.839454964436
3185,50.999574319211085,64000.73015029813
3186,40.03463646212823,64000.73015029813
3187,0.0,62066.13635340902
3188,0.0,61098.839454964436
3189,0.0,59023.951442746926
3190,0.0,54745.2790544764
3191,0.0,48039.61870333207
3192,0.0,39946.272176896855
3193,0.0,33527.45729969231
3194,0.0,27350.95600320225
3195,0.0,37585.71277335322
3196,0.0,38765.99247512504
3197,0.0,33527.45729969231
3198,0.0,36615.70794793733
3199,0.0,35586.29106518898
3200,62.57036101045008,31468.6235341956
3201,96.38073214865986,33527.45729969231
3202,202.41635296739383,38765.99247512504
3203,314.70697522164943,34556.87418244063
3204,354.2920255389864,35586.29106518898
3205,362.676865785279,29409.78976869893
3206,366.4737511343056,23698.932713760954
3207,341.603265469971,28380.372885950583
3208,78.95343785993799,41126.55187866863
3209,52.77362931657904,52526.708186484306
3210,38.743796381022825,53635.99362048036
3211,0.0,50308.13731849218
3212,0.0,47027.95038752768
3213,0.0,45847.67068575586
3214,0.0,42306.83158044045
3215,0.0,42306.83158044045
3216,0.0,39946.272176896855
3217,0.0,39946.272176896855
3218,0.0,35586.29106518898
3219,0.0,35586.29106518898
3220,0.0,36615.70794793733
3221,0.0,37585.71277335322
3222,0.0,36615.70794793733
3223,0.0,32498.04041694395
3224,52.28799724628894,31468.6235341956
3225,139.02683391848203,41126.55187866863
3226,244.40875411359,45847.67068575586
3227,316.0151608927956,51417.42275248823
3228,266.48831449781994,59023.951442746926
3229,385.7264584115987,64000.73015029813
3230,364.43005226535337,64968.02704874271
3231,310.8502044600155,63033.43325185356
3232,92.44768510303834,64000.73015029813
3233,56.573534004674144,63033.43325185356
3234,39.99645161936021,64000.73015029813
3235,0.0,62066.13635340902
3236,0.0,59023.951442746926
3237,0.0,59023.951442746926
3238,0.0,56963.849922468544
3239,0.0,56963.849922468544
3240,0.0,56963.849922468544
3241,0.0,55854.564488472475
3242,0.0,53635.99362048036
3243,0.0,54745.2790544764
3244,0.0,52526.708186484306
3245,0.0,51417.42275248823
3246,0.0,51417.42275248823
3247,0.0,49198.851884496136
3248,45.82301848303925,49198.851884496136
3249,151.17837251257396,53635.99362048036
3250,240.3716716921392,58073.13535646457
3251,315.4860424858333,56963.849922468544
3252,364.2295801980974,56963.849922468544
3253,384.7764730548512,58073.13535646457
3254,368.1772063466457,53635.99362048036
3255,353.0943428273747,54745.2790544764
3256,76.54615112145673,55854.564488472475
3257,64.96423116520458,55854.564488472475
3258,41.66275266443122,54745.2790544764
3259,0.0,49198.851884496136
3260,0.0,43487.11128221227
3261,0.0,44667.39098398404
3262,0.0,47027.95038752768
3263,0.0,48039.61870333207
3264,0.0,49198.851884496136
3265,0.0,51417.42275248823
3266,0.0,41126.55187866863
3267,0.0,38765.99247512504
3268,0.0,38765.99247512504
3269,0.0,37585.71277335322
3270,0.0,38765.99247512504
3271,0.0,39946.272176896855
3272,29.16906962543882,42306.83158044045
3273,145.2439667724549,49198.851884496136
3274,222.1660934034656,52526.708186484306
3275,275.5686167720958,54745.2790544764
3276,365.6187738627954,53635.99362048036
3277,385.9389328102018,54745.2790544764
3278,382.6865847513891,53635.99362048036
3279,354.396215183968,55854.564488472475
3280,70.24905784049012,54745.2790544764
3281,54.71293741380436,53635.99362048036
3282,36.03827081635329,52526.708186484306
3283,0.0,52526.708186484306
3284,0.0,50308.13731849218
3285,0.0,50308.13731849218
3286,0.0,49198.851884496136
3287,0.0,48039.61870333207
3288,0.0,48039.61870333207
3289,0.0,43487.11128221227
3290,0.0,37585.71277335322
3291,0.0,35586.29106518898
3292,0.0,32498.04041694395
3293,0.0,29409.78976869893
3294,0.0,27350.95600320225
3295,0.0,22776.007232676242
3296,40.57530399410069,19084.305308337352
3297,106.49591541880294,20007.23078942208
3298,77.18070947290602,24621.858194845674
3299,147.6253107262366,28380.372885950583
3300,370.8004926515042,32498.04041694395
3301,255.44264736956828,36615.70794793733
3302,278.5101217674617,37585.71277335322
3303,351.82416334553784,36615.70794793733
3304,86.36267198472649,37585.71277335322
3305,0.0,39946.272176896855
3306,0.0,43487.11128221227
3307,0.0,44667.39098398404
3308,0.0,44667.39098398404
3309,0.0,47027.95038752768
3310,0.0,49198.851884496136
3311,0.0,45847.67068575586
3312,0.0,42306.83158044045
3313,0.0,37585.71277335322
3314,0.0,38765.99247512504
3315,0.0,37585.71277335322
3316,0.0,33527.45729969231
3317,0.0,26468.598675132238
3318,0.0,20007.23078942208
3319,0.0,17370.300843465728
3320,54.80742281627169,19084.305308337352
3321,164.97043248651582,26468.598675132238
3322,256.37689298596183,27350.95600320225
3323,325.5530296956732,26468.598675132238
3324,367.7933954854715,30439.206651447275
3325,390.2935616945852,33527.45729969231
3326,386.3063123569871,31468.6235341956
3327,373.5698135339753,28380.372885950583
3328,53.556918573978,27350.95600320225
3329,45.65187605344448,33527.45729969231
3330,32.962969529972135,32498.04041694395
3331,0.0,31468.6235341956
3332,0.0,29409.78976869893
3333,0.0,29409.78976869893
3334,0.0,31468.6235341956
3335,0.0,34556.87418244063
3336,0.0,33527.45729969231
3337,0.0,29409.78976869893
3338,0.0,25544.783675930397
3339,0.0,21853.08175159152
3340,0.0,20007.23078942208
3341,0.0,20007.23078942208
3342,0.0,18161.37982725263
3343,0.0,15057.976673249845
3344,68.34762379187967,12795.034387897882
3345,170.07209332450137,15057.976673249845
3346,262.3941470196847,15057.976673249845
3347,329.24829811794626,15057.976673249845
3348,373.2526137680517,18161.37982725263
3349,392.2035979668534,20007.23078942208
3350,382.178715395425,22776.007232676242
3351,364.5108935234323,22776.007232676242
3352,53.487046953412126,23698.932713760954
3353,43.483516030747296,25544.783675930397
3354,34.69985375347,26468.598675132238
3355,0.0,22776.007232676242
3356,0.0,19084.305308337352
3357,0.0,20007.23078942208
3358,0.0,21853.08175159152
3359,0.0,23698.932713760954
3360,0.0,22776.007232676242
3361,0.0,21853.08175159152
3362,0.0,14303.662578132522
3363,0.0,9885.537163873942
3364,0.0,6938.163153533998
3365,0.0,4179.528748533515
3366,0.0,3645.8857160592397
3367,0.0,3645.8857160592397
3368,66.84879711125967,5234.300726916051
3369,173.92619016520817,9209.979722357926
3370,267.6962979590154,18161.37982725263
3371,334.17109788268823,23698.932713760954
3372,374.6024066140656,23698.932713760954
3373,395.1744597696744,24621.858194845674
3374,319.2318265775467,24621.858194845674
3375,291.954613763595,29409.78976869893
3376,53.07113858622931,35586.29106518898
3377,43.51381999384073,37585.71277335322
3378,31.66639788992076,34556.87418244063
3379,0.0,29409.78976869893
3380,0.0,28380.372885950583
3381,0.0,31468.6235341956
3382,0.0,33527.45729969231
3383,0.0,33527.45729969231
3384,0.0,30439.206651447275
3385,0.0,24621.858194845674
3386,0.0,20007.23078942208
3387,0.0,17370.300843465728
3388,0.0,15812.290768367156
3389,0.0,13549.348483015208
3390,0.0,10639.851258991263
3391,0.0,5802.254869122039
3392,69.14157582120014,4747.482890739503
3393,174.20670850494668,8074.07143794596
3394,266.5849484840809,12795.034387897882
3395,332.1112634343856,15057.976673249845
3396,375.0180286320935,16566.604863484477
3397,395.7180264498838,18161.37982725263
3398,393.2775330882243,16566.604863484477
3399,380.9355981624991,18161.37982725263
3400,51.61254684781872,20930.156270506784
3401,42.51964611127715,24621.858194845674
3402,31.63520322333694,36615.70794793733
3403,0.0,49198.851884496136
3404,0.0,53635.99362048036
3405,0.0,53635.99362048036
3406,0.0,50308.13731849218
3407,0.0,50308.13731849218
3408,0.0,47027.95038752768
3409,0.0,37585.71277335322
3410,0.0,36615.70794793733
3411,0.0,33527.45729969231
3412,0.0,25544.783675930397
3413,0.0,26468.598675132238
3414,0.0,27350.95600320225
3415,0.0,26468.598675132238
3416,40.664917582463,17370.300843465728
3417,121.14143089573902,16566.604863484477
3418,238.5465129027409,16566.604863484477
3419,233.79290397268176,25544.783675930397
3420,334.7533709592739,34556.87418244063
3421,389.83811593001246,54745.2790544764
3422,388.7084321128528,60131.54255651987
3423,369.0910696497903,66902.62084563181
3424,56.01963792344589,65935.32394718725
3425,48.61339468000549,62066.13635340902
3426,35.117464160364214,61098.839454964436
3427,0.0,58073.13535646457
3428,0.0,61098.839454964436
3429,0.0,64968.02704874271
3430,0.0,65935.32394718725
3431,0.0,67869.91774407637
3432,0.0,67869.91774407637
3433,0.0,62066.13635340902
3434,0.0,53635.99362048036
3435,0.0,44667.39098398404
3436,0.0,35586.29106518898
3437,0.0,32498.04041694395
3438,0.0,29409.78976869893
3439,0.0,26468.598675132238
3440,36.14122497096743,26468.598675132238
3441,160.08442068089855,28380.372885950583
3442,183.16552978742453,31468.6235341956
3443,316.5609306133206,29409.78976869893
3444,295.31431889475107,34556.87418244063
3445,327.8037749605012,36615.70794793733
3446,280.6216473844263,36615.70794793733
3447,309.34300793836786,39946.272176896855
3448,84.05300337382054,44667.39098398404
3449,89.58711138163882,43487.11128221227
3450,43.96835922749099,42306.83158044045
3451,0.0,43487.11128221227
3452,0.0,39946.272176896855
3453,0.0,44667.39098398404
3454,0.0,47027.95038752768
3455,0.0,50308.13731849218
3456,0.0,47027.95038752768
3457,0.0,43487.11128221227
3458,0.0,44667.39098398404
3459,0.0,47027.95038752768
3460,0.0,48039.61870333207
3461,0.0,56963.849922468544
3462,0.0,50308.13731849218
3463,0.0,37585.71277335322
3464,16.49314729968467,38765.99247512504
3465,72.1825752293814,32498.04041694395
3466,117.75873571812032,28380.372885950583
3467,129.0824226920021,35586.29106518898
3468,187.81922891012223,39946.272176896855
3469,176.4288933194098,51417.42275248823
3470,270.45988418206474,52526.708186484306
3471,206.72625207379335,54745.2790544764
3472,127.72398568519854,62066.13635340902
3473,51.57966722099949,64968.02704874271
3474,37.01566274340115,64000.73015029813
3475,0.0,64000.73015029813
3476,0.0,64968.02704874271
3477,0.0,64000.73015029813
3478,0.0,59023.951442746926
3479,0.0,55854.564488472475
3480,0.0,51417.42275248823
3481,0.0,47027.95038752768
3482,0.0,47027.95038752768
3483,0.0,43487.11128221227
3484,0.0,36615.70794793733
3485,0.0,31468.6235341956
3486,0.0,30439.206651447275
3487,0.0,33527.45729969231
3488,31.573486720432,34556.87418244063
3489,73.71811718651963,38765.99247512504
3490,96.55737665790646,39946.272176896855
3491,144.9243526368961,42306.83158044045
3492,328.9298055583393,45847.67068575586
3493,65.82283004612216,49198.851884496136
3494,262.1738516653976,51417.42275248823
3495,281.03184798518,61098.839454964436
3496,128.83853304386776,62066.13635340902
3497,84.85613459852526,59023.951442746926
3498,44.86339170193501,54745.2790544764
3499,0.0,51417.42275248823
3500,0.0,51417.42275248823
3501,0.0,54745.2790544764
3502,0.0,54745.2790544764
3503,0.0,54745.2790544764
3504,0.0,54745.2790544764
3505,0.0,56963.849922468544
3506,0.0,56963.849922468544
3507,0.0,62066.13635340902
3508,0.0,58073.13535646457
3509,0.0,58073.13535646457
3510,0.0,56963.849922468544
3511,0.0,54745.2790544764
3512,57.219626459213806,47027.95038752768
3513,148.64290570831366,39946.272176896855
3514,243.8210885629779,38765.99247512504
3515,305.4660991221201,41126.55187866863
3516,352.1220965267419,43487.11128221227
3517,382.7876763403751,49198.851884496136
3518,195.9305035819733,50308.13731849218
3519,264.7637581238452,54745.2790544764
3520,123.02135697498854,59023.951442746926
3521,79.72375000540188,60131.54255651987
3522,36.65305169176986,60131.54255651987
3523,0.0,61098.839454964436
3524,0.0,62066.13635340902
3525,0.0,65935.32394718725
3526,0.0,68699.02937131457
3527,0.0,71263.67014493943
3528,0.0,71263.67014493943
3529,0.0,64968.02704874271
3530,0.0,60131.54255651987
3531,0.0,63033.43325185356
3532,0.0,55854.564488472475
3533,0.0,52526.708186484306
3534,0.0,48039.61870333207
3535,0.0,48039.61870333207
3536,62.15748241760494,43487.11128221227
3537,37.84414319840496,51417.42275248823
3538,216.8201220635819,54745.2790544764
3539,287.1566450971266,59023.951442746926
3540,354.40137893690314,62066.13635340902
3541,380.8084075358336,64968.02704874271
3542,369.75308060019887,67869.91774407637
3543,362.7580648687255,73579.85813112323
3544,103.77758052277444,75785.75145129822
3545,55.74418962679108,77329.87677542074
3546,44.384615946209706,75785.75145129822
3547,0.0,74351.92079318449
3548,0.0,71263.67014493943
3549,0.0,71263.67014493943
3550,0.0,71263.67014493943
3551,0.0,67869.91774407637
3552,0.0,64968.02704874271
3553,0.0,61098.839454964436
3554,0.0,56963.849922468544
3555,0.0,61098.839454964436
3556,0.0,58073.13535646457
3557,0.0,52526.708186484306
3558,0.0,49198.851884496136
3559,0.0,36615.70794793733
3560,5.798448829555901,36615.70794793733
3561,61.526447561189,36615.70794793733
3562,169.4133028327807,44667.39098398404
3563,297.3948745788169,59023.951442746926
3564,251.88338921820068,72807.79546906195
3565,367.7961327495176,72035.7328070007
3566,178.73720310754925,76557.81411335949
3567,274.63403634861504,79147.44993957113
3568,123.7834490161286,80283.3582239831
3569,61.78184128507558,79715.4040817771
3570,22.13216510995874,72035.7328070007
3571,0.0,68699.02937131457
3572,0.0,70491.6074828782
3573,0.0,72807.79546906195
3574,0.0,72807.79546906195
3575,0.0,75785.75145129822
3576,0.0,75785.75145129822
3577,0.0,74351.92079318449
3578,0.0,72035.7328070007
3579,0.0,70491.6074828782
3580,0.0,67869.91774407637
3581,0.0,64000.73015029813
3582,0.0,64968.02704874271
3583,0.0,64968.02704874271
3584,48.674126791324525,64000.73015029813
3585,111.02161050625293,64968.02704874271
3586,140.28649393343335,66902.62084563181
3587,155.0888111374817,68699.02937131457
3588,175.34256658891255,72807.79546906195
3589,231.087649621087,76557.81411335949
3590,181.00342272569063,84033.98508859027
3591,92.53016328303262,84921.41343578711
3592,127.44216209763016,85808.84178298395
3593,77.59580581463618,86252.55595658238
3594,44.91948617717616,84477.6992621887
3595,0.0,80851.31236618907
3596,0.0,81419.26650839507
3597,0.0,82474.0384867776
3598,0.0,85365.12760938554
3599,0.0,84477.6992621887
3600,0.0,84921.41343578711
3601,0.0,81419.26650839507
3602,0.0,75785.75145129822
3603,0.0,76557.81411335949
3604,0.0,75123.98345524572
3605,0.0,76557.81411335949
3606,0.0,75785.75145129822
3607,0.0,75785.75145129822
3608,23.48453503716142,81419.26650839507
3609,120.21690942094511,85808.84178298395
3610,153.0851972974462,88776.30790676508
3611,83.47491470216572,89994.77013835225
3612,218.90077361224303,89942.79219230213
3613,337.4547792274373,89916.16934188624
3614,255.7488637802437,89985.89585488028
3615,299.404636030173,89919.8227198673
3616,125.8636547315287,89985.89585488028
3617,91.18286690836962,89977.02157140832
3618,41.35192245774286,89334.1200107174
3619,0.0,88190.60519761516
3620,0.0,89557.24485229832
3621,0.0,88636.85488077701
3622,0.0,87330.14752103567
3623,0.0,85174.96439212907
3624,0.0,82960.85632295415
3625,0.0,80283.3582239831
3626,0.0,77440.1714414295
3627,0.0,73800.44746314072
3628,0.0,70050.4288188432
3629,0.0,65520.768133568155
3630,0.0,60960.65418375809
3631,0.0,55696.09514075874
3632,56.56144543080237,50466.60666620592
3633,169.57894955940512,45004.61375591886
3634,262.69379632401177,39271.826633027245
3635,334.52024082727974,34115.69551840564
3636,368.5448766175273,47027.95038752768
3637,341.20152320980856,52526.708186484306
3638,394.4541524999925,49198.851884496136
3639,377.1336563249387,49198.851884496136
3640,55.71842350394742,50308.13731849218
3641,49.60170682010237,50308.13731849218
3642,33.45757903758284,50308.13731849218
3643,0.0,50308.13731849218
3644,0.0,51417.42275248823
3645,0.0,55854.564488472475
3646,0.0,58073.13535646457
3647,0.0,59023.951442746926
3648,0.0,59023.951442746926
3649,0.0,59023.951442746926
3650,0.0,53635.99362048036
3651,0.0,56963.849922468544
3652,0.0,60131.54255651987
3653,0.0,60131.54255651987
3654,0.0,60131.54255651987
3655,0.0,59023.951442746926
3656,61.995959816798674,58073.13535646457
3657,162.75964323242152,62066.13635340902
3658,260.3086487548259,62066.13635340902
3659,332.4877068986571,62066.13635340902
3660,372.3215299449032,63033.43325185356
3661,387.4249878893542,64968.02704874271
3662,386.9594060932723,66902.62084563181
3663,379.79961877959386,66902.62084563181
3664,56.22274712710245,65935.32394718725
3665,46.62351429461774,64968.02704874271
3666,33.48146288478268,64000.73015029813
3667,0.0,62066.13635340902
3668,0.0,60131.54255651987
3669,0.0,59023.951442746926
3670,0.0,56963.849922468544
3671,0.0,56963.849922468544
3672,0.0,55854.564488472475
3673,0.0,54745.2790544764
3674,0.0,50308.13731849218
3675,0.0,48039.61870333207
3676,0.0,45847.67068575586
3677,0.0,43487.11128221227
3678,0.0,42306.83158044045
3679,0.0,42306.83158044045
3680,62.205980187768056,45847.67068575586
3681,167.41076397248457,58073.13535646457
3682,256.3205701855896,61098.839454964436
3683,326.00096765583027,62066.13635340902
3684,370.4379486768013,62066.13635340902
3685,393.63208552131306,61098.839454964436
3686,390.3005608765101,59023.951442746926
3687,372.98841228906207,63033.43325185356
3688,59.1698344072126,63033.43325185356
3689,51.33747487668393,61098.839454964436
3690,41.72364214354447,60131.54255651987
3691,0.0,59023.951442746926
3692,0.0,60131.54255651987
3693,0.0,62066.13635340902
3694,0.0,64000.73015029813
3695,0.0,65935.32394718725
3696,0.0,66902.62084563181
3697,0.0,65935.32394718725
3698,0.0,54745.2790544764
3699,0.0,49198.851884496136
3700,0.0,44667.39098398404
3701,0.0,47027.95038752768
3702,0.0,50308.13731849218
3703,0.0,48039.61870333207
3704,48.10721176609932,44667.39098398404
3705,159.75146435028424,52526.708186484306
3706,248.21002076587408,56963.849922468544
3707,311.64305120835235,61098.839454964436
3708,366.3746928086626,64000.73015029813
3709,387.4661783711925,66902.62084563181
3710,378.32753065493233,70491.6074828782
3711,334.0043974483766,72807.79546906195
3712,78.32646805610504,75123.98345524572
3713,59.126998276189184,75785.75145129822
3714,36.58474190007519,76557.81411335949
3715,0.0,72035.7328070007
3716,0.0,66902.62084563181
3717,0.0,64000.73015029813
3718,0.0,61098.839454964436
3719,0.0,61098.839454964436
3720,0.0,60131.54255651987
3721,0.0,63033.43325185356
3722,0.0,49198.851884496136
3723,0.0,51417.42275248823
3724,0.0,52526.708186484306
3725,0.0,51417.42275248823
3726,0.0,49198.851884496136
3727,0.0,43487.11128221227
3728,48.731918781196896,49198.851884496136
3729,151.30568856369968,54745.2790544764
3730,240.5387583117797,63033.43325185356
3731,316.4877737497389,68699.02937131457
3732,362.4900429258939,72807.79546906195
3733,362.2519310024775,73579.85813112323
3734,285.64085966333266,70491.6074828782
3735,367.7298013153989,66902.62084563181
3736,91.23398806344905,62066.13635340902
3737,59.526263556332594,59023.951442746926
3738,36.52698763677636,59023.951442746926
3739,0.0,63033.43325185356
3740,0.0,65935.32394718725
3741,0.0,65935.32394718725
3742,0.0,65935.32394718725
3743,0.0,65935.32394718725
3744,0.0,66902.62084563181
3745,0.0,64968.02704874271
3746,0.0,58073.13535646457
3747,0.0,55854.564488472475
3748,0.0,53635.99362048036
3749,0.0,53635.99362048036
3750,0.0,55854.564488472475
3751,0.0,56963.849922468544
3752,39.38694526584397,47027.95038752768
3753,145.0415698663406,47027.95038752768
3754,250.1117720415023,45847.67068575586
3755,321.64397157429363,47027.95038752768
3756,365.9924613764834,49198.851884496136
3757,388.5119435490813,54745.2790544764
3758,385.4149294391244,55854.564488472475
3759,365.8690593994735,59023.951442746926
3760,108.3139653695996,64000.73015029813
3761,54.36759917226472,65935.32394718725
3762,36.01188512538673,68699.02937131457
3763,0.0,69666.32626975914
3764,0.0,69666.32626975914
3765,0.0,70491.6074828782
3766,0.0,69666.32626975914
3767,0.0,66902.62084563181
3768,0.0,64968.02704874271
3769,0.0,61098.839454964436
3770,0.0,58073.13535646457
3771,0.0,49198.851884496136
3772,0.0,48039.61870333207
3773,0.0,54745.2790544764
3774,0.0,56963.849922468544
3775,0.0,56963.849922468544
3776,57.985496092464594,62066.13635340902
3777,159.07057466835644,68699.02937131457
3778,249.63565265788412,73579.85813112323
3779,309.0103479876249,75785.75145129822
3780,232.2206487681225,76557.81411335949
3781,291.3032332988166,78011.54165515918
3782,297.2420755064109,75123.98345524572
3783,356.8423747874743,75123.98345524572
3784,60.07977915730021,75785.75145129822
3785,51.37895509865872,76557.81411335949
3786,34.35363234277326,78579.49579736515
3787,0.0,79147.44993957113
3788,0.0,80283.3582239831
3789,0.0,80851.31236618907
3790,0.0,79147.44993957113
3791,0.0,77329.87677542074
3792,0.0,78011.54165515918
3793,0.0,78011.54165515918
3794,0.0,74351.92079318449
3795,0.0,76557.81411335949
3796,0.0,76557.81411335949
3797,0.0,78579.49579736515
3798,0.0,78579.49579736515
3799,0.0,78011.54165515918
3800,53.96137376349501,77329.87677542074
3801,150.20380775881867,83041.99262898357
3802,237.54033395701424,85808.84178298395
3803,313.060943724043,87076.59656469373
3804,358.56792407902645,88581.07367038177
3805,384.0335423031883,89334.1200107174
3806,376.91437623491777,88581.07367038177
3807,364.4081362443962,87520.31073829216
3808,131.1500087311357,86632.88239109532
3809,20.771037400150465,85808.84178298395
3810,0.0,87076.59656469373
3811,0.0,86252.55595658238
3812,0.0,84921.41343578711
3813,0.0,83590.27091499184
3814,0.0,83590.27091499184
3815,0.0,78011.54165515918
3816,0.0,78579.49579736515
3817,0.0,76557.81411335949
3818,0.0,75123.98345524572
3819,0.0,74351.92079318449
3820,0.0,72807.79546906195
3821,0.0,71263.67014493943
3822,0.0,72807.79546906195
3823,0.0,69666.32626975914
3824,42.30041327451138,69666.32626975914
3825,96.12954697423844,63033.43325185356
3826,235.59994066163944,59023.951442746926
3827,311.08416504236834,60131.54255651987
3828,292.2749580311637,64000.73015029813
3829,366.5442528976087,70491.6074828782
3830,378.583688924326,72807.79546906195
3831,301.28423530626355,76557.81411335949
3832,122.29380914148082,80283.3582239831
3833,52.29779516015003,80851.31236618907
3834,34.99075607008867,78011.54165515918
3835,0.0,72807.79546906195
3836,0.0,74351.92079318449
3837,0.0,71263.67014493943
3838,0.0,64968.02704874271
3839,0.0,59023.951442746926
3840,0.0,58073.13535646457
3841,0.0,55854.564488472475
3842,0.0,42306.83158044045
3843,0.0,44667.39098398404
3844,0.0,47027.95038752768
3845,0.0,48039.61870333207
3846,0.0,50308.13731849218
3847,0.0,55854.564488472475
3848,60.96022663058936,53635.99362048036
3849,63.06234116531592,42306.83158044045
3850,177.3522657860665,38765.99247512504
3851,242.35242893741895,45847.67068575586
3852,321.4159437048189,59023.951442746926
3853,0.0,67869.91774407637
3854,350.74365540956563,61098.839454964436
3855,78.8453642541676,64000.73015029813
3856,27.93200714163521,68699.02937131457
3857,16.441101261932403,67869.91774407637
3858,45.023000576289206,63033.43325185356
3859,0.0,61098.839454964436
3860,0.0,61098.839454964436
3861,0.0,56963.849922468544
3862,0.0,51417.42275248823
3863,0.0,42306.83158044045
3864,0.0,44667.39098398404
3865,0.0,44667.39098398404
3866,0.0,34556.87418244063
3867,0.0,41126.55187866863
3868,0.0,44667.39098398404
3869,0.0,48039.61870333207
3870,0.0,49198.851884496136
3871,0.0,49198.851884496136
3872,11.60878250379865,47027.95038752768
3873,15.620283305485533,43487.11128221227
3874,97.050287624979,41126.55187866863
3875,152.32551682726347,45847.67068575586
3876,156.69335188844315,45847.67068575586
3877,206.40342392235783,44667.39098398404
3878,179.8650975257728,48039.61870333207
3879,98.11628940512482,45847.67068575586
3880,106.75107503538624,39946.272176896855
3881,88.63361681065003,41126.55187866863
3882,33.08516329051297,41126.55187866863
3883,0.0,39946.272176896855
3884,0.0,43487.11128221227
3885,0.0,49198.851884496136
3886,0.0,50308.13731849218
3887,0.0,49198.851884496136
3888,0.0,47027.95038752768
3889,0.0,44667.39098398404
3890,0.0,41126.55187866863
3891,0.0,42306.83158044045
3892,0.0,44667.39098398404
3893,0.0,49198.851884496136
3894,0.0,52526.708186484306
3895,0.0,53635.99362048036
3896,51.341444736956014,55854.564488472475
3897,152.4613336378535,60131.54255651987
3898,244.62378741293324,64000.73015029813
3899,300.16575088997234,67869.91774407637
3900,358.8551499170397,71263.67014493943
3901,384.5182160448263,73579.85813112323
3902,384.3404422775481,75785.75145129822
3903,367.5594270172549,78579.49579736515
3904,60.33245200057974,79715.4040817771
3905,54.56051659822777,79715.4040817771
3906,37.94703794390696,79715.4040817771
3907,0.0,78011.54165515918
3908,0.0,78011.54165515918
3909,0.0,78011.54165515918
3910,0.0,78579.49579736515
3911,0.0,80283.3582239831
3912,0.0,81419.26650839507
3913,0.0,78579.49579736515
3914,0.0,72035.7328070007
3915,0.0,67869.91774407637
3916,0.0,72035.7328070007
3917,0.0,75785.75145129822
3918,0.0,76557.81411335949
3919,0.0,75785.75145129822
3920,51.823697563458666,79147.44993957113
3921,149.43354868911118,82474.0384867776
3922,243.1817268089189,83590.27091499184
3923,315.73784862788773,84477.6992621887
3924,352.03789422280767,85808.84178298395
3925,384.3282756911502,87964.02491189058
3926,385.9759938390973,86252.55595658238
3927,364.8734567141392,87076.59656469373
3928,63.25261840339509,88190.60519761516
3929,54.08063895464147,88190.60519761516
3930,35.72728261559521,87520.31073829216
3931,0.0,86632.88239109532
3932,0.0,86252.55595658238
3933,0.0,84033.98508859027
3934,0.0,81906.0843445716
3935,0.0,80851.31236618907
3936,0.0,80851.31236618907
3937,0.0,80283.3582239831
3938,0.0,77329.87677542074
3939,0.0,77329.87677542074
3940,0.0,74351.92079318449
3941,0.0,68699.02937131457
3942,0.0,64968.02704874271
3943,0.0,63033.43325185356
3944,49.38118162187968,66902.62084563181
3945,143.69113595589064,73579.85813112323
3946,152.9676917716638,77329.87677542074
3947,265.1926318345688,79715.4040817771
3948,361.11822615620935,84033.98508859027
3949,381.3140798179,85808.84178298395
3950,382.7956444457067,83590.27091499184
3951,354.2388319729537,86252.55595658238
3952,71.62418872254096,86632.88239109532
3953,82.16044812079258,86632.88239109532
3954,46.945694626454646,85808.84178298395
3955,0.0,83590.27091499184
3956,0.0,85808.84178298395
3957,0.0,87520.31073829216
3958,0.0,88190.60519761516
3959,0.0,88190.60519761516
3960,0.0,85808.84178298395
3961,0.0,85365.12760938554
3962,0.0,83590.27091499184
3963,0.0,83041.99262898357
3964,0.0,83590.27091499184
3965,0.0,79147.44993957113
3966,0.0,78011.54165515918
3967,0.0,78011.54165515918
3968,4.922437631637458,72807.79546906195
3969,65.75744691123761,80283.3582239831
3970,165.7165009657938,83041.99262898357
3971,248.2389386183123,84921.41343578711
3972,157.8204673863102,80851.31236618907
3973,265.8688571996352,75785.75145129822
3974,101.4661031396768,72807.79546906195
3975,263.92484335028377,73579.85813112323
3976,98.09396411282968,75123.98345524572
3977,34.54558064609473,78011.54165515918
3978,27.52055754903557,73579.85813112323
3979,0.8952519218072964,70491.6074828782
3980,0.0,69666.32626975914
3981,0.0,68699.02937131457
3982,0.0,66902.62084563181
3983,0.0,66902.62084563181
3984,0.0,68699.02937131457
3985,0.0,66902.62084563181
3986,0.0,63033.43325185356
3987,0.0,61098.839454964436
3988,0.0,56963.849922468544
3989,0.0,58073.13535646457
3990,0.0,55854.564488472475
3991,0.0,60131.54255651987
3992,52.735334212827546,58073.13535646457
3993,101.78040280880874,50308.13731849218
3994,230.37666928652476,48039.61870333207
3995,315.7132906703412,53635.99362048036
3996,360.93741703117365,56963.849922468544
3997,381.0491994533229,58073.13535646457
3998,308.5897564038328,62066.13635340902
3999,367.8085075460692,63033.43325185356
4000,56.78270078615853,62066.13635340902
4001,51.97818232678022,60131.54255651987
4002,35.34700638168444,59023.951442746926
4003,2.226684803941144,56963.849922468544
4004,0.0,53635.99362048036
4005,0.0,53635.99362048036
4006,0.0,52526.708186484306
4007,0.0,49198.851884496136
4008,0.0,49198.851884496136
4009,0.0,50308.13731849218
4010,0.0,48039.61870333207
4011,0.0,51417.42275248823
4012,0.0,52526.708186484306
4013,0.0,51417.42275248823
4014,0.0,50308.13731849218
4015,0.0,51417.42275248823
4016,34.85713950026457,51417.42275248823
4017,152.51035536446346,60131.54255651987
4018,233.07245600163876,62066.13635340902
4019,254.9047842407053,65935.32394718725
4020,266.6816699807499,65935.32394718725
4021,302.9017158689908,67869.91774407637
4022,248.53493754317185,67869.91774407637
4023,341.7316103675308,65935.32394718725
4024,81.94011025070942,64968.02704874271
4025,54.95034498648448,64000.73015029813
4026,41.40105870018832,61098.839454964436
4027,2.225278154272164,61098.839454964436
4028,0.0,63033.43325185356
4029,0.0,63033.43325185356
4030,0.0,64968.02704874271
4031,0.0,68699.02937131457
4032,0.0,70491.6074828782
4033,0.0,70491.6074828782
4034,0.0,63033.43325185356
4035,0.0,64968.02704874271
4036,0.0,64968.02704874271
4037,0.0,58073.13535646457
4038,0.0,55854.564488472475
4039,0.0,50308.13731849218
4040,47.81544701368996,38765.99247512504
4041,120.693592033304,37585.71277335322
4042,233.8817634169228,42306.83158044045
4043,310.4802622895743,48039.61870333207
4044,355.6735723353091,52526.708186484306
4045,313.6167683672834,55854.564488472475
4046,356.47417772102926,59023.951442746926
4047,242.17669077024055,64968.02704874271
4048,62.42534168258366,69666.32626975914
4049,59.05916662108023,72807.79546906195
4050,37.281409458266,76557.81411335949
4051,2.236696839820356,73579.85813112323
4052,0.0,70491.6074828782
4053,0.0,72035.7328070007
4054,0.0,71263.67014493943
4055,0.0,72035.7328070007
4056,0.0,71263.67014493943
4057,0.0,66902.62084563181
4058,0.0,55854.564488472475
4059,0.0,52526.708186484306
4060,0.0,49198.851884496136
4061,0.0,48039.61870333207
4062,0.0,41126.55187866863
4063,0.0,38765.99247512504
4064,34.52868958279136,44667.39098398404
4065,46.750146384807486,48039.61870333207
4066,189.9876299412551,50308.13731849218
4067,308.52192337193253,54745.2790544764
4068,330.3629630419417,55854.564488472475
4069,312.08275320527025,58073.13535646457
4070,336.26662365565846,55854.564488472475
4071,342.0180723625622,51417.42275248823
4072,78.8992106867138,54745.2790544764
4073,56.41016143878966,54745.2790544764
4074,37.60100444531629,51417.42275248823
4075,2.675982955430225,48039.61870333207
4076,0.0,49198.851884496136
4077,0.0,53635.99362048036
4078,0.0,56963.849922468544
4079,0.0,59023.951442746926
4080,0.0,0.0
4081,0.0,0.0
4082,0.0,54745.2790544764
4083,0.0,53635.99362048036
4084,0.0,48039.61870333207
4085,0.0,41126.55187866863
4086,0.0,35586.29106518898
4087,0.0,33527.45729969231
4088,53.35232502423098,32498.04041694395
4089,147.7478606328131,33527.45729969231
4090,248.60182448587625,35586.29106518898
4091,277.0029935246507,33527.45729969231
4092,363.5928091029367,34556.87418244063
4093,378.5535790657356,38765.99247512504
4094,358.9152790953223,41126.55187866863
4095,357.34528143678443,42306.83158044045
4096,61.15548572031189,41126.55187866863
4097,54.2018895214781,42306.83158044045
4098,40.614819027128384,42306.83158044045
4099,2.677670935033001,42306.83158044045
4100,0.0,42306.83158044045
4101,0.0,45847.67068575586
4102,0.0,49198.851884496136
4103,0.0,52526.708186484306
4104,0.0,55854.564488472475
4105,0.0,56963.849922468544
4106,0.0,0.0
4107,0.0,0.0
4108,0.0,51417.42275248823
4109,0.0,47027.95038752768
4110,0.0,43487.11128221227
4111,0.0,39946.272176896855
4112,35.94196434706209,36615.70794793733
4113,151.65373019182132,45847.67068575586
4114,244.60742119931496,52526.708186484306
4115,304.8050839062957,54745.2790544764
4116,358.61282225986736,55854.564488472475
4117,378.715661142301,56963.849922468544
4118,375.20562171414514,55854.564488472475
4119,129.90014067184163,64000.73015029813
4120,104.16023946477458,71263.67014493943
4121,86.53274757860274,75123.98345524572
4122,35.346371241233776,75123.98345524572
4123,2.6729894226303528,72035.7328070007
4124,0.0,71263.67014493943
4125,0.0,71263.67014493943
4126,0.0,72035.7328070007
4127,0.0,72035.7328070007
4128,0.0,70491.6074828782
4129,0.0,68699.02937131457
4130,0.0,66902.62084563181
4131,0.0,65935.32394718725
4132,0.0,64968.02704874271
4133,0.0,64968.02704874271
4134,0.0,65935.32394718725
4135,0.0,68699.02937131457
4136,21.352102335721025,71263.67014493943
4137,141.62780243199148,71263.67014493943
4138,232.44429420956476,75785.75145129822
4139,297.3523267504248,75123.98345524572
4140,352.1206935615815,75123.98345524572
4141,362.06055695175,72807.79546906195
4142,315.70908003916225,72035.7328070007
4143,336.0357760668739,70491.6074828782
4144,96.68674874651398,72035.7328070007
4145,71.97170293883633,74351.92079318449
4146,43.77347554240977,73579.85813112323
4147,2.681444065909796,72807.79546906195
4148,0.0,72035.7328070007
4149,0.0,68699.02937131457
4150,0.0,64968.02704874271
4151,0.0,62066.13635340902
4152,0.0,61098.839454964436
4153,0.0,59023.951442746926
4154,0.0,52526.708186484306
4155,0.0,50308.13731849218
4156,0.0,50308.13731849218
4157,0.0,52526.708186484306
4158,0.0,51417.42275248823
4159,0.0,52526.708186484306
4160,38.68620661030199,55854.564488472475
4161,138.5265638100001,64000.73015029813
4162,214.1680703850949,65935.32394718725
4163,129.34676961439823,64000.73015029813
4164,190.51077628538405,63033.43325185356
4165,299.74969046577587,65935.32394718725
4166,278.4852368921183,68699.02937131457
4167,360.5292335361133,68699.02937131457
4168,72.34267223361871,68699.02937131457
4169,67.53009934585234,68699.02937131457
4170,42.34216233976918,72807.79546906195
4171,3.1203460499975386,73579.85813112323
4172,0.0,74351.92079318449
4173,0.0,75785.75145129822
4174,0.0,78579.49579736515
4175,0.0,79147.44993957113
4176,0.0,79715.4040817771
4177,0.0,79147.44993957113
4178,0.0,76557.81411335949
4179,0.0,75785.75145129822
4180,0.0,75123.98345524572
4181,0.0,75785.75145129822
4182,0.0,72807.79546906195
4183,0.0,70491.6074828782
4184,25.375317588272523,73579.85813112323
4185,138.66739851902062,79147.44993957113
4186,220.2590280299822,79715.4040817771
4187,290.55613393374284,81419.26650839507
4188,345.3753539249327,82474.0384867776
4189,371.4196672458244,82474.0384867776
4190,364.6063286999392,80851.31236618907
4191,342.6102147235188,80283.3582239831
4192,107.9236041012654,79147.44993957113
4193,92.79042942557034,78579.49579736515
4194,40.683056640789104,78011.54165515918
4195,3.1308755534610406,78011.54165515918
4196,0.0,74351.92079318449
4197,0.0,72035.7328070007
4198,0.0,67869.91774407637
4199,0.0,64968.02704874271
4200,0.0,65935.32394718725
4201,0.0,63033.43325185356
4202,0.0,0.0
4203,0.0,0.0
4204,0.0,77329.87677542074
4205,0.0,75785.75145129822
4206,0.0,74351.92079318449
4207,0.0,72807.79546906195
4208,19.160143115720324,72807.79546906195
4209,42.90271853079455,75785.75145129822
4210,111.60324382196488,75785.75145129822
4211,186.3585151435049,75785.75145129822
4212,202.0445126370862,79147.44993957113
4213,357.4894480618232,83041.99262898357
4214,297.4880619873871,83590.27091499184
4215,66.20015968262119,83590.27091499184
4216,24.868061315768344,82474.0384867776
4217,76.25462835675349,78011.54165515918
4218,43.80628166562951,75123.98345524572
4219,0.4477270081567189,71263.67014493943
4220,0.0,72035.7328070007
4221,0.0,72807.79546906195
4222,0.0,68699.02937131457
4223,0.0,66902.62084563181
4224,0.0,64968.02704874271
4225,0.0,64000.73015029813
4226,0.0,58073.13535646457
4227,0.0,54745.2790544764
4228,0.0,56963.849922468544
4229,0.0,60131.54255651987
4230,0.0,59023.951442746926
4231,0.0,69666.32626975914
4232,6.716281408829695,63033.43325185356
4233,53.98769995055273,59023.951442746926
4234,191.37407416576056,0.0
4235,302.372812738929,0.0
4236,343.1703896965996,52526.708186484306
4237,336.1891496289357,50308.13731849218
4238,356.6495344562467,52526.708186484306
4239,310.08757143563184,61098.839454964436
4240,84.63033350805964,70491.6074828782
4241,86.44580947590329,72807.79546906195
4242,38.06987766363231,73579.85813112323
4243,3.129716883135674,73579.85813112323
4244,0.0,75123.98345524572
4245,0.0,69666.32626975914
4246,0.0,71263.67014493943
4247,0.0,69666.32626975914
4248,0.0,64968.02704874271
4249,0.0,60131.54255651987
4250,0.0,56963.849922468544
4251,0.0,53635.99362048036
4252,0.0,50308.13731849218
4253,0.0,51417.42275248823
4254,0.0,48039.61870333207
4255,0.0,43487.11128221227
4256,38.03170782268885,41126.55187866863
4257,66.76249837351571,35586.29106518898
4258,231.9581372067903,39946.272176896855
4259,168.8908378745946,48039.61870333207
4260,362.57405522809125,59023.951442746926
4261,347.18583913543944,63033.43325185356
4262,233.83831995691727,61098.839454964436
4263,269.98188017696526,65935.32394718725
4264,51.66902246884621,72035.7328070007
4265,95.16335337363796,76557.81411335949
4266,39.89142374931684,76557.81411335949
4267,4.024526438465838,73579.85813112323
4268,0.0,72035.7328070007
4269,0.0,72035.7328070007
4270,0.0,72807.79546906195
4271,0.0,72035.7328070007
4272,0.0,0.0
4273,0.0,0.0
4274,0.0,60131.54255651987
4275,0.0,60131.54255651987
4276,0.0,56963.849922468544
4277,0.0,55854.564488472475
4278,0.0,51417.42275248823
4279,0.0,52526.708186484306
4280,48.10879936479092,51417.42275248823
4281,131.29798196698584,53635.99362048036
4282,234.2715991988694,54745.2790544764
4283,308.801562938099,53635.99362048036
4284,348.4271927983431,58073.13535646457
4285,356.53273274417967,62066.13635340902
4286,375.8908283875076,62066.13635340902
4287,369.7020872220425,64968.02704874271
4288,70.34343519644433,64000.73015029813
4289,64.62120641197258,64000.73015029813
4290,38.54170777852364,67869.91774407637
4291,3.131814382004636,72035.7328070007
4292,0.0,71263.67014493943
4293,0.0,64000.73015029813
4294,0.0,64968.02704874271
4295,0.0,59023.951442746926
4296,0.0,55854.564488472475
4297,0.0,61098.839454964436
4298,0.0,58073.13535646457
4299,0.0,53635.99362048036
4300,0.0,47027.95038752768
4301,0.0,41126.55187866863
4302,0.0,41126.55187866863
4303,0.0,44667.39098398404
4304,41.72253606194696,48039.61870333207
4305,150.9404117616765,55854.564488472475
4306,202.56604074139867,61098.839454964436
4307,303.9683285125771,64000.73015029813
4308,356.7753412380512,64968.02704874271
4309,370.4014281820741,65935.32394718725
4310,344.6826291588706,61098.839454964436
4311,232.27356209546656,63033.43325185356
4312,65.53185573804353,65935.32394718725
4313,83.80868769081737,65935.32394718725
4314,41.96812612673996,65935.32394718725
4315,4.019077003580029,66902.62084563181
4316,0.0,64968.02704874271
4317,0.0,66902.62084563181
4318,0.0,65935.32394718725
4319,0.0,65935.32394718725
4320,0.0,64968.02704874271
4321,0.0,63033.43325185356
4322,0.0,54745.2790544764
4323,0.0,54745.2790544764
4324,0.0,56963.849922468544
4325,0.0,56963.849922468544
4326,0.0,55854.564488472475
4327,0.0,55854.564488472475
4328,49.625322898138414,51417.42275248823
4329,149.89351915318986,53635.99362048036
4330,90.1946084682088,55854.564488472475
4331,230.19959278476708,59023.951442746926
4332,283.61902538899886,58073.13535646457
4333,378.2460319557795,62066.13635340902
4334,371.2773263046839,64000.73015029813
4335,363.4110523369236,65935.32394718725
4336,74.67419168053175,67869.91774407637
4337,55.15889568152662,72035.7328070007
4338,38.51563471141994,76557.81411335949
4339,4.021013544313518,72807.79546906195
4340,0.0,72587.20613704446
4341,0.0,72918.09013507071
4342,0.0,73138.67946708821
4343,0.0,73469.56346511446
4344,0.0,73800.44746314072
4345,0.0,74021.0367951582
4346,0.0,74351.92079318449
4347,0.0,74572.51012520198
4348,0.0,74903.39412322821
4349,0.0,75123.98345524572
4350,0.0,75454.86745327199
4351,0.0,75785.75145129822
4352,6.680535958417962,76006.34078331573
4353,17.759390044903316,76337.224781342
4354,113.02971564012988,76557.81411335949
4355,183.30016599034903,76888.69811138573
4356,309.93836764739314,71263.67014493943
4357,121.76498906178216,71263.67014493943
4358,164.84713337020497,72807.79546906195
4359,181.5473673022664,72807.79546906195
4360,52.641740709074206,68699.02937131457
4361,63.45909338028682,70491.6074828782
4362,42.734013008478655,75123.98345524572
4363,4.46157541600614,79715.4040817771
4364,0.0,82474.0384867776
4365,0.0,85365.12760938554
4366,0.0,83590.27091499184
4367,0.0,81419.26650839507
4368,0.0,78579.49579736515
4369,0.0,75785.75145129822
4370,0.0,71263.67014493943
4371,0.0,64968.02704874271
4372,0.0,62066.13635340902
4373,0.0,63033.43325185356
4374,0.0,62066.13635340902
4375,0.0,60131.54255651987
4376,31.46866001692529,67869.91774407637
4377,76.39319214898607,66902.62084563181
4378,160.47108355413948,65935.32394718725
4379,175.48868867689555,71263.67014493943
4380,320.1301827884933,78011.54165515918
4381,281.12868192823936,81419.26650839507
4382,369.5251687810763,84921.41343578711
4383,340.01372219014337,84921.41343578711
4384,83.29711075946464,85365.12760938554
4385,57.537375891324366,85808.84178298395
4386,48.7974920310835,87076.59656469373
4387,4.003882607055737,87520.31073829216
4388,0.0,87076.59656469373
4389,0.0,87076.59656469373
4390,0.0,87964.02491189058
4391,0.0,88190.60519761516
4392,0.0,87964.02491189058
4393,0.0,87076.59656469373
4394,0.0,84477.6992621887
4395,0.0,81906.0843445716
4396,0.0,80283.3582239831
4397,0.0,79147.44993957113
4398,0.0,76557.81411335949
4399,0.0,74351.92079318449
4400,50.54494745800517,72807.79546906195
4401,86.25065670266837,75785.75145129822
4402,210.06389455581277,84033.98508859027
4403,294.10354259637813,87520.31073829216
4404,306.70241998463854,87076.59656469373
4405,384.8093788254623,88385.83943399847
4406,378.90497774541296,87076.59656469373
4407,338.12985435200824,87964.02491189058
4408,129.39814319704516,88581.07367038177
4409,66.33174255929657,88190.60519761516
4410,38.12933534908496,85365.12760938554
4411,3.5712589684698144,83590.27091499184
4412,0.0,83590.27091499184
4413,0.0,84033.98508859027
4414,0.0,83041.99262898357
4415,0.0,80851.31236618907
4416,0.0,80851.31236618907
4417,0.0,81419.26650839507
4418,0.0,76557.81411335949
4419,0.0,77329.87677542074
4420,0.0,75785.75145129822
4421,0.0,75123.98345524572
4422,0.0,75785.75145129822
4423,0.0,75785.75145129822
4424,42.305793170904174,75123.98345524572
4425,120.67458129513405,78579.49579736515
4426,151.13296973526758,80283.3582239831
4427,307.1883910941459,78579.49579736515
4428,342.0345949673899,77329.87677542074
4429,387.6923589881463,77329.87677542074
4430,389.5629511308224,78011.54165515918
4431,371.141525975427,80283.3582239831
4432,66.79036847585459,81419.26650839507
4433,59.33671817073936,80851.31236618907
4434,40.19958936693812,81419.26650839507
4435,4.895811421665093,79715.4040817771
4436,0.0,79147.44993957113
4437,0.0,79147.44993957113
4438,0.0,78579.49579736515
4439,0.0,78579.49579736515
4440,0.0,78011.54165515918
4441,0.0,75123.98345524572
4442,0.0,68699.02937131457
4443,0.0,66902.62084563181
4444,0.0,63033.43325185356
4445,0.0,58073.13535646457
4446,0.0,59023.951442746926
4447,0.0,64000.73015029813
4448,42.85324951200771,66902.62084563181
4449,126.69475366647669,66902.62084563181
4450,235.2830316007508,70491.6074828782
4451,285.2814265789514,71263.67014493943
4452,172.3355280020671,72807.79546906195
4453,210.4777829875611,72035.7328070007
4454,288.9257146421638,67869.91774407637
4455,338.0425112791398,65935.32394718725
4456,129.29532988873757,64968.02704874271
4457,61.41508569135551,67869.91774407637
4458,49.37237437016481,69666.32626975914
4459,4.908872721069834,65935.32394718725
4460,0.0,66902.62084563181
4461,0.0,67869.91774407637
4462,0.0,64000.73015029813
4463,0.0,66902.62084563181
4464,0.0,64968.02704874271
4465,0.0,62066.13635340902
4466,0.0,63033.43325185356
4467,0.0,64000.73015029813
4468,0.0,54745.2790544764
4469,0.0,44667.39098398404
4470,0.0,45847.67068575586
4471,0.0,49198.851884496136
4472,26.95755213302928,50308.13731849218
4473,149.79714716423263,55854.564488472475
4474,239.45923982456355,63033.43325185356
4475,308.47527523815427,66902.62084563181
4476,358.3854491845748,64000.73015029813
4477,286.3150465173942,61098.839454964436
4478,377.8914889183261,54745.2790544764
4479,341.3294100841107,56963.849922468544
4480,71.69776469183728,62066.13635340902
4481,66.8509784676729,66902.62084563181
4482,40.74407397264338,71263.67014493943
4483,4.01952389759545,71263.67014493943
4484,0.0,67869.91774407637
4485,0.0,67869.91774407637
4486,0.0,66902.62084563181
4487,0.0,67869.91774407637
4488,0.0,64968.02704874271
4489,0.0,60131.54255651987
4490,0.0,59023.951442746926
4491,0.0,59023.951442746926
4492,0.0,60131.54255651987
4493,0.0,60131.54255651987
4494,0.0,63033.43325185356
4495,0.0,66902.62084563181
4496,36.656347358300806,67869.91774407637
4497,145.95991975887983,65935.32394718725
4498,228.20286749488287,71263.67014493943
4499,235.5346694954767,72035.7328070007
4500,164.93966178743975,72807.79546906195
4501,183.2097075474028,72035.7328070007
4502,104.80748410477644,67869.91774407637
4503,282.5242051702294,68699.02937131457
4504,43.69193998472405,69666.32626975914
4505,83.47710119554442,69666.32626975914
4506,48.98842597948993,70491.6074828782
4507,4.907780195432825,66902.62084563181
4508,0.0,65935.32394718725
4509,0.0,67869.91774407637
4510,0.0,70491.6074828782
4511,0.0,72807.79546906195
4512,0.0,75785.75145129822
4513,0.0,76557.81411335949
4514,0.0,72807.79546906195
4515,0.0,72807.79546906195
4516,0.0,68699.02937131457
4517,0.0,64000.73015029813
4518,0.0,61098.839454964436
4519,0.0,61098.839454964436
4520,32.926770703968714,61098.839454964436
4521,135.33853308223183,64968.02704874271
4522,216.87404321525048,68699.02937131457
4523,299.1181697591265,71263.67014493943
4524,342.9444908161299,75123.98345524572
4525,367.9973206477998,78011.54165515918
4526,302.1378046476791,79715.4040817771
4527,219.2480702791376,78579.49579736515
4528,78.54510552319903,76557.81411335949
4529,69.38892107113512,74351.92079318449
4530,47.224531173864335,72807.79546906195
4531,4.91032942191918,72807.79546906195
4532,0.0,75785.75145129822
4533,0.0,77329.87677542074
4534,0.0,78011.54165515918
4535,0.0,75123.98345524572
4536,0.0,70491.6074828782
4537,0.0,68699.02937131457
4538,0.0,72035.7328070007
4539,0.0,69666.32626975914
4540,0.0,64000.73015029813
4541,0.0,59023.951442746926
4542,0.0,62066.13635340902
4543,0.0,64968.02704874271
4544,43.84442209075898,66902.62084563181
4545,142.69414679071295,66902.62084563181
4546,239.3858718465585,68699.02937131457
4547,305.7405424674563,68699.02937131457
4548,339.9725771679456,72035.7328070007
4549,372.6737276098812,75123.98345524572
4550,384.19908937092765,72807.79546906195
4551,369.3910179069906,74351.92079318449
4552,69.43960341209072,77329.87677542074
4553,63.83965583528919,78579.49579736515
4554,39.02539068221724,78011.54165515918
4555,4.91815918898441,74351.92079318449
4556,0.0,72807.79546906195
4557,0.0,70491.6074828782
4558,0.0,72807.79546906195
4559,0.0,71263.67014493943
4560,0.0,64968.02704874271
4561,0.0,66902.62084563181
4562,0.0,55854.564488472475
4563,0.0,55854.564488472475
4564,0.0,53635.99362048036
4565,0.0,51417.42275248823
4566,0.0,49198.851884496136
4567,0.0,47027.95038752768
4568,39.48692339591008,41126.55187866863
4569,150.18541365891232,44667.39098398404
4570,241.95856739287265,44667.39098398404
4571,312.94513024776523,44667.39098398404
4572,363.1070798949318,47027.95038752768
4573,381.52710519345584,48039.61870333207
4574,373.4468501949724,44667.39098398404
4575,346.1352629950543,43487.11128221227
4576,74.1001057599023,44667.39098398404
4577,71.8752774391717,48039.61870333207
4578,43.29318541235117,52526.708186484306
4579,5.797443288064892,55854.564488472475
4580,0.0,56963.849922468544
4581,0.0,58073.13535646457
4582,0.0,61098.839454964436
4583,0.0,60131.54255651987
4584,0.0,60131.54255651987
4585,0.0,61098.839454964436
4586,0.0,53635.99362048036
4587,0.0,51417.42275248823
4588,0.0,50308.13731849218
4589,0.0,50308.13731849218
4590,0.0,50308.13731849218
4591,0.0,50308.13731849218
4592,27.31666475893125,51417.42275248823
4593,138.56842169114196,52526.708186484306
4594,209.41450678011037,47027.95038752768
4595,279.23506926631774,41126.55187866863
4596,358.4076652498993,41126.55187866863
4597,373.93535053528825,37585.71277335322
4598,269.9315507179912,43487.11128221227
4599,360.84866703618354,48039.61870333207
4600,76.71531923982766,52526.708186484306
4601,62.47617944915726,54745.2790544764
4602,48.08668151799145,55854.564488472475
4603,5.353201105656621,55854.564488472475
4604,0.0,53635.99362048036
4605,0.0,55854.564488472475
4606,0.0,58073.13535646457
4607,0.0,59023.951442746926
4608,0.0,58073.13535646457
4609,0.0,56963.849922468544
4610,0.0,44667.39098398404
4611,0.0,39946.272176896855
4612,0.0,33527.45729969231
4613,0.0,30439.206651447275
4614,0.0,28380.372885950583
4615,0.0,26468.598675132238
4616,35.64352656971182,27350.95600320225
4617,146.25312554952825,33527.45729969231
4618,229.14716410860376,41126.55187866863
4619,290.2784333798269,43487.11128221227
4620,343.8567143449706,44667.39098398404
4621,379.5187116567918,45847.67068575586
4622,378.1886677844104,43487.11128221227
4623,364.45534433146247,44667.39098398404
4624,65.1259589000848,45847.67068575586
4625,69.7884959273287,45847.67068575586
4626,43.7553892122762,43487.11128221227
4627,5.800886251991904,41126.55187866863
4628,0.0,39946.272176896855
4629,0.0,44667.39098398404
4630,0.0,49198.851884496136
4631,0.0,53635.99362048036
4632,0.0,55854.564488472475
4633,0.0,55854.564488472475
4634,0.0,47027.95038752768
4635,0.0,42306.83158044045
4636,0.0,42306.83158044045
4637,0.0,44667.39098398404
4638,0.0,44667.39098398404
4639,0.0,42306.83158044045
4640,37.58490823271533,42306.83158044045
4641,157.5500584326904,48039.61870333207
4642,242.70078694877705,53635.99362048036
4643,317.28903138481706,59023.951442746926
4644,339.1538535178752,62066.13635340902
4645,380.86764754559545,60131.54255651987
4646,361.35075620865376,54745.2790544764
4647,367.23192347551856,54745.2790544764
4648,71.95373826335822,56963.849922468544
4649,53.85638285367417,60131.54255651987
4650,35.91661955179867,61098.839454964436
4651,6.242792644658056,59023.951442746926
4652,0.0,59023.951442746926
4653,0.0,61098.839454964436
4654,0.0,64000.73015029813
4655,0.0,64968.02704874271
4656,0.0,66902.62084563181
4657,0.0,68699.02937131457
4658,0.0,64000.73015029813
4659,0.0,69666.32626975914
4660,0.0,72035.7328070007
4661,0.0,67869.91774407637
4662,0.0,72035.7328070007
4663,0.0,69666.32626975914
4664,35.17027390679316,71263.67014493943
4665,155.2305478540937,73579.85813112323
4666,183.4812170454329,71263.67014493943
4667,306.68301487308287,67869.91774407637
4668,321.80289606505914,66902.62084563181
4669,65.76201117938295,67869.91774407637
4670,369.5295959529286,69666.32626975914
4671,371.2078563980992,69666.32626975914
4672,67.03342857078364,67869.91774407637
4673,50.47410395739524,65935.32394718725
4674,41.58486798051923,67869.91774407637
4675,6.686234254372371,66902.62084563181
4676,0.0,67869.91774407637
4677,0.0,69666.32626975914
4678,0.0,66902.62084563181
4679,0.0,66902.62084563181
4680,0.0,66902.62084563181
4681,0.0,64000.73015029813
4682,0.0,58073.13535646457
4683,0.0,54745.2790544764
4684,0.0,54745.2790544764
4685,0.0,50308.13731849218
4686,0.0,43487.11128221227
4687,0.0,42306.83158044045
4688,33.84354406658076,37585.71277335322
4689,104.80596549686388,37585.71277335322
4690,248.6728524069244,37585.71277335322
4691,320.2385704568298,42306.83158044045
4692,318.7474769999349,45847.67068575586
4693,383.3399557725844,50308.13731849218
4694,382.0173930209819,52526.708186484306
4695,373.0422951615223,52526.708186484306
4696,79.56472207409554,50308.13731849218
4697,52.69569153977031,52526.708186484306
4698,39.46533143970718,54745.2790544764
4699,5.804293416588727,55854.564488472475
4700,0.0,54745.2790544764
4701,0.0,55854.564488472475
4702,0.0,56963.849922468544
4703,0.0,58073.13535646457
4704,0.0,59023.951442746926
4705,0.0,58073.13535646457
4706,0.0,47027.95038752768
4707,0.0,43487.11128221227
4708,0.0,42306.83158044045
4709,0.0,39946.272176896855
4710,0.0,38765.99247512504
4711,0.0,42306.83158044045
4712,42.26664461971026,45847.67068575586
4713,142.4719531918917,50308.13731849218
4714,207.45445700944936,47027.95038752768
4715,323.4678766014853,45847.67068575586
4716,372.5520223457506,48039.61870333207
4717,378.3575478422872,53635.99362048036
4718,389.3720845279095,59023.951442746926
4719,323.3973376075299,61098.839454964436
4720,65.68378361889411,62066.13635340902
4721,98.59459062431714,60131.54255651987
4722,51.46038290246408,55854.564488472475
4723,4.908420781406561,55854.564488472475
4724,0.0,53635.99362048036
4725,0.0,56963.849922468544
4726,0.0,58073.13535646457
4727,0.0,58073.13535646457
4728,0.0,59023.951442746926
4729,0.0,58073.13535646457
4730,0.0,45847.67068575586
4731,0.0,45847.67068575586
4732,0.0,48039.61870333207
4733,0.0,49198.851884496136
4734,0.0,49198.851884496136
4735,0.0,48039.61870333207
4736,36.65499976786791,47027.95038752768
4737,143.26521585233638,43487.11128221227
4738,231.13288960522067,39946.272176896855
4739,307.93750156209785,41126.55187866863
4740,367.735401850408,45847.67068575586
4741,398.7950021254018,50308.13731849218
4742,387.7366568564542,55854.564488472475
4743,380.2226300303488,62066.13635340902
4744,52.79496185401991,65935.32394718725
4745,51.995218151643,64968.02704874271
4746,38.9942555154477,65935.32394718725
4747,6.264809783873688,67869.91774407637
4748,0.0,65935.32394718725
4749,0.0,68699.02937131457
4750,0.0,70491.6074828782
4751,0.0,71263.67014493943
4752,0.0,71263.67014493943
4753,0.0,70491.6074828782
4754,0.0,62066.13635340902
4755,0.0,56963.849922468544
4756,0.0,52526.708186484306
4757,0.0,51417.42275248823
4758,0.0,52526.708186484306
4759,0.0,50308.13731849218
4760,21.94201781749032,44667.39098398404
4761,36.8705706091948,41126.55187866863
4762,177.92170904745947,49198.851884496136
4763,281.5458882796663,43487.11128221227
4764,224.67387932391847,48039.61870333207
4765,190.41715055852808,55854.564488472475
4766,171.4308747858404,53635.99362048036
4767,148.08981897330983,56963.849922468544
4768,92.03634863083352,60131.54255651987
4769,63.00724893337208,60131.54255651987
4770,48.60113880089339,60131.54255651987
4771,3.584762805292024,56963.849922468544
4772,0.0,61098.839454964436
4773,0.0,64000.73015029813
4774,0.0,64000.73015029813
4775,0.0,72807.79546906195
4776,0.0,73579.85813112323
4777,0.0,71263.67014493943
4778,0.0,67869.91774407637
4779,0.0,64968.02704874271
4780,0.0,64000.73015029813
4781,0.0,64968.02704874271
4782,0.0,61098.839454964436
4783,0.0,58073.13535646457
4784,5.830503893189014,53635.99362048036
4785,13.410921854052068,45847.67068575586
4786,69.8630971357069,47027.95038752768
4787,175.91516669348542,52526.708186484306
4788,235.0381505128269,58073.13535646457
4789,379.9595000147241,64000.73015029813
4790,285.1544967798735,72807.79546906195
4791,136.86280894171674,72807.79546906195
4792,65.23830732611313,72035.7328070007
4793,55.06226296200437,69666.32626975914
4794,51.73535944455544,69666.32626975914
4795,6.2650415432338535,64000.73015029813
4796,0.0,60131.54255651987
4797,0.0,60131.54255651987
4798,0.0,59023.951442746926
4799,0.0,59023.951442746926
4800,0.0,56963.849922468544
4801,0.0,58073.13535646457
4802,0.0,55854.564488472475
4803,0.0,58073.13535646457
4804,0.0,52526.708186484306
4805,0.0,48039.61870333207
4806,0.0,49198.851884496136
4807,0.0,49198.851884496136
4808,37.61624274728967,49198.851884496136
4809,60.46366636049289,47027.95038752768
4810,202.72162694523428,48039.61870333207
4811,254.07849098632985,51417.42275248823
4812,317.21822054654467,44667.39098398404
4813,400.0569301752852,52526.708186484306
4814,386.501614198848,61098.839454964436
4815,378.23742320996047,69666.32626975914
4816,64.31237401936869,75123.98345524572
4817,76.61352116112053,78011.54165515918
4818,52.46037273514032,76557.81411335949
4819,5.796582547083139,71263.67014493943
4820,0.0,68699.02937131457
4821,0.0,69666.32626975914
4822,0.0,72807.79546906195
4823,0.0,73579.85813112323
4824,0.0,74351.92079318449
4825,0.0,74351.92079318449
4826,0.0,69666.32626975914
4827,0.0,67869.91774407637
4828,0.0,66902.62084563181
4829,0.0,65935.32394718725
4830,0.0,65935.32394718725
4831,0.0,63033.43325185356
4832,49.51572962769946,62066.13635340902
4833,140.28576741393047,66902.62084563181
4834,243.42747569468264,71263.67014493943
4835,310.2832418767567,72807.79546906195
4836,359.14072033463896,74351.92079318449
4837,383.3852033120467,73579.85813112323
4838,383.6251511983325,71263.67014493943
4839,359.64008549269,72807.79546906195
4840,72.43807114328925,74351.92079318449
4841,66.33011259096696,77329.87677542074
4842,42.04059577151786,78011.54165515918
4843,7.139605809920975,76557.81411335949
4844,0.0,72035.7328070007
4845,0.0,68699.02937131457
4846,0.0,64968.02704874271
4847,0.0,65935.32394718725
4848,0.0,66902.62084563181
4849,0.0,68699.02937131457
4850,0.0,64968.02704874271
4851,0.0,66902.62084563181
4852,0.0,65935.32394718725
4853,0.0,67869.91774407637
4854,0.0,69666.32626975914
4855,0.0,69666.32626975914
4856,39.82244003293767,66902.62084563181
4857,155.18287872290645,70491.6074828782
4858,246.037272396352,73579.85813112323
4859,297.23911408523463,76557.81411335949
4860,345.818254605148,76557.81411335949
4861,272.1631888209613,77329.87677542074
4862,377.013267963952,77329.87677542074
4863,256.11316410531816,80851.31236618907
4864,116.37010521906636,81419.26650839507
4865,88.910754229901,81419.26650839507
4866,48.48709460359018,79715.4040817771
4867,6.689279000324612,75123.98345524572
4868,0.0,69666.32626975914
4869,0.0,67869.91774407637
4870,0.0,66902.62084563181
4871,0.0,68699.02937131457
4872,0.0,69666.32626975914
4873,0.0,66902.62084563181
4874,0.0,54745.2790544764
4875,0.0,49198.851884496136
4876,0.0,47027.95038752768
4877,0.0,42306.83158044045
4878,0.0,34556.87418244063
4879,0.0,31468.6235341956
4880,25.46436757459136,34556.87418244063
4881,107.9356161554495,39946.272176896855
4882,194.5896627268475,47027.95038752768
4883,249.6031055130631,51417.42275248823
4884,318.78402644480946,53635.99362048036
4885,321.3613740463215,56963.849922468544
4886,386.9797643389192,56963.849922468544
4887,370.12442352215726,58073.13535646457
4888,94.18396079036536,61098.839454964436
4889,79.28542713395123,63033.43325185356
4890,40.336514713315125,66902.62084563181
4891,7.596565093465808,67869.91774407637
4892,0.0,64968.02704874271
4893,0.0,64000.73015029813
4894,0.0,64968.02704874271
4895,0.0,64000.73015029813
4896,0.0,62066.13635340902
4897,0.0,62066.13635340902
4898,0.0,56963.849922468544
4899,0.0,54745.2790544764
4900,0.0,54745.2790544764
4901,0.0,59023.951442746926
4902,0.0,59023.951442746926
4903,0.0,60131.54255651987
4904,25.47222503288161,60131.54255651987
4905,149.65987953296596,67869.91774407637
4906,239.08349336850335,75123.98345524572
4907,316.8260643343472,77329.87677542074
4908,366.5198630827166,78011.54165515918
4909,396.68191494456784,78579.49579736515
4910,397.6450902234285,77329.87677542074
4911,376.3990588207857,78579.49579736515
4912,58.71256045439762,79147.44993957113
4913,53.39543811783752,79715.4040817771
4914,38.55966361093153,80283.3582239831
4915,6.247442266380389,78579.49579736515
4916,0.0,75785.75145129822
4917,0.0,72807.79546906195
4918,0.0,72035.7328070007
4919,0.0,72035.7328070007
4920,0.0,69666.32626975914
4921,0.0,65935.32394718725
4922,0.0,64000.73015029813
4923,0.0,61098.839454964436
4924,0.0,58073.13535646457
4925,0.0,53635.99362048036
4926,0.0,50308.13731849218
4927,0.0,50308.13731849218
4928,32.83586553239481,53635.99362048036
4929,139.14077004258215,63033.43325185356
4930,227.59490529524695,71263.67014493943
4931,297.3043176763983,72807.79546906195
4932,349.4128231187792,73579.85813112323
4933,370.1326911593833,71263.67014493943
4934,376.03711688983344,66902.62084563181
4935,364.89731599068085,65935.32394718725
4936,77.50832991958434,66902.62084563181
4937,63.68478643618101,66902.62084563181
4938,53.71478967951753,66902.62084563181
4939,7.129884255103336,60131.54255651987
4940,0.0,56963.849922468544
4941,0.0,59023.951442746926
4942,0.0,62066.13635340902
4943,0.0,66902.62084563181
4944,0.0,69666.32626975914
4945,0.0,72035.7328070007
4946,0.0,68699.02937131457
4947,0.0,72807.79546906195
4948,0.0,70491.6074828782
4949,0.0,70491.6074828782
4950,0.0,70491.6074828782
4951,0.0,69666.32626975914
4952,37.38872596014809,71263.67014493943
4953,140.03929331975385,75123.98345524572
4954,232.34827789166843,74351.92079318449
4955,293.5444871672425,74351.92079318449
4956,352.70368478559675,73579.85813112323
4957,377.3885966216529,71263.67014493943
4958,351.99265574361806,69666.32626975914
4959,357.0694671641205,69666.32626975914
4960,131.4708553122687,70491.6074828782
4961,97.19724301950406,69666.32626975914
4962,48.43643708044559,67869.91774407637
4963,4.905824848774324,66902.62084563181
4964,0.0,70491.6074828782
4965,0.0,72035.7328070007
4966,0.0,72035.7328070007
4967,0.0,69666.32626975914
4968,0.0,65935.32394718725
4969,0.0,66902.62084563181
4970,0.0,60131.54255651987
4971,0.0,56963.849922468544
4972,0.0,52526.708186484306
4973,0.0,51417.42275248823
4974,0.0,50308.13731849218
4975,0.0,50308.13731849218
4976,8.928719309890164,49198.851884496136
4977,145.68670608668992,53635.99362048036
4978,234.51353869414555,52526.708186484306
4979,317.7557915126817,49198.851884496136
4980,369.2463923985866,52526.708186484306
4981,395.72314131849856,56963.849922468544
4982,394.2593858181423,53635.99362048036
4983,378.8289118973112,53635.99362048036
4984,53.532268091630826,53635.99362048036
4985,52.974187367958656,51417.42275248823
4986,37.65920875705589,50308.13731849218
4987,7.580404998703008,50308.13731849218
4988,0.0,52526.708186484306
4989,0.0,58073.13535646457
4990,0.0,61098.839454964436
4991,0.0,63033.43325185356
4992,0.0,64968.02704874271
4993,0.0,64968.02704874271
4994,0.0,61098.839454964436
4995,0.0,62066.13635340902
4996,0.0,60131.54255651987
4997,0.0,55854.564488472475
4998,0.0,51417.42275248823
4999,0.0,49198.851884496136
5000,40.249084469543206,45847.67068575586
5001,147.89748830590204,50308.13731849218
5002,244.81056840660492,48039.61870333207
5003,317.52065968921875,50308.13731849218
5004,368.9084138472396,53635.99362048036
5005,396.1332449670026,61098.839454964436
5006,392.2318683093206,64000.73015029813
5007,361.0823995631776,73579.85813112323
5008,68.4086203858461,80283.3582239831
5009,81.1475168453308,81906.0843445716
5010,53.00005962663644,79147.44993957113
5011,7.1476664474166185,76557.81411335949
5012,0.0,76557.81411335949
5013,0.0,75785.75145129822
5014,0.0,77329.87677542074
5015,0.0,78011.54165515918
5016,0.0,78579.49579736515
5017,0.0,74351.92079318449
5018,0.0,64000.73015029813
5019,0.0,59023.951442746926
5020,0.0,60131.54255651987
5021,0.0,62066.13635340902
5022,0.0,58073.13535646457
5023,0.0,54745.2790544764
5024,27.30836118222815,53635.99362048036
5025,144.79866855121526,53635.99362048036
5026,243.8507808100528,53635.99362048036
5027,305.5520777168049,53635.99362048036
5028,362.4630200086448,54745.2790544764
5029,396.8254620902448,58073.13535646457
5030,393.3559590167575,59023.951442746926
5031,366.6557893829894,63033.43325185356
5032,59.17020938665304,64968.02704874271
5033,56.44454848660379,64968.02704874271
5034,39.41859807345718,62066.13635340902
5035,7.132568156628641,60131.54255651987
5036,0.0,59023.951442746926
5037,0.0,61098.839454964436
5038,0.0,63033.43325185356
5039,0.0,64968.02704874271
5040,0.0,63033.43325185356
5041,0.0,65935.32394718725
5042,0.0,64000.73015029813
5043,0.0,60131.54255651987
5044,0.0,51417.42275248823
5045,0.0,44667.39098398404
5046,0.0,45847.67068575586
5047,0.0,45847.67068575586
5048,35.584405478343285,39946.272176896855
5049,132.05156684853716,38765.99247512504
5050,229.69910106799287,44667.39098398404
5051,311.48223624927186,54745.2790544764
5052,366.0349848751776,63033.43325185356
5053,392.5400441815088,64968.02704874271
5054,394.3939633316124,61098.839454964436
5055,373.92692903736094,62066.13635340902
5056,64.73550730692216,62066.13635340902
5057,56.4607577576468,63033.43325185356
5058,39.86259307130917,61098.839454964436
5059,7.584907896529583,61098.839454964436
5060,0.0,61098.839454964436
5061,0.0,60131.54255651987
5062,0.0,58073.13535646457
5063,0.0,63033.43325185356
5064,0.0,67869.91774407637
5065,0.0,70491.6074828782
5066,0.0,60131.54255651987
5067,0.0,59023.951442746926
5068,0.0,55854.564488472475
5069,0.0,52526.708186484306
5070,0.0,50308.13731849218
5071,0.0,44667.39098398404
5072,37.86730338156293,38765.99247512504
5073,127.71051838569294,42306.83158044045
5074,217.72147886106143,44667.39098398404
5075,311.6686429358328,50308.13731849218
5076,368.9457464826968,55854.564488472475
5077,379.1330866904037,60131.54255651987
5078,389.7203355053714,64968.02704874271
5079,368.730574049975,66902.62084563181
5080,60.04062720000019,65935.32394718725
5081,56.8970785555478,63033.43325185356
5082,40.31637600159581,61098.839454964436
5083,7.13782920623364,58073.13535646457
5084,0.0,61651.58053978992
5085,0.0,61375.209997377184
5086,0.0,61098.839454964436
5087,0.0,60822.46891255171
5088,0.0,60407.9130989326
5089,0.0,60131.54255651987
5090,0.0,59816.29818131555
5091,0.0,59499.35948588808
5092,0.0,59182.420790460645
5093,0.0,58707.01274731948
5094,0.0,58390.07405189203
5095,0.0,58073.13535646457
5096,4.469665222557983,57756.19666103715
5097,107.4228572265291,57439.25796560969
5098,245.899372361712,56963.849922468544
5099,297.88801184079824,56646.91122704109
5100,329.78862550482324,59023.951442746926
5101,379.4206511717011,60131.54255651987
5102,369.9587373318894,62066.13635340902
5103,328.3902717832777,63033.43325185356
5104,141.0550739237537,61098.839454964436
5105,55.092757087735045,61098.839454964436
5106,53.623683046257895,61098.839454964436
5107,7.578668684222907,54745.2790544764
5108,0.0,51417.42275248823
5109,0.0,58073.13535646457
5110,0.0,60131.54255651987
5111,0.0,62066.13635340902
5112,0.0,62066.13635340902
5113,0.0,61098.839454964436
5114,0.0,58073.13535646457
5115,0.0,58073.13535646457
5116,0.0,59023.951442746926
5117,0.0,56963.849922468544
5118,0.0,51417.42275248823
5119,0.0,49198.851884496136
5120,40.01328200682968,45847.67068575586
5121,157.11118337119737,52526.708186484306
5122,255.4264841360664,52526.708186484306
5123,322.9520792936829,54745.2790544764
5124,338.43655213510425,53635.99362048036
5125,401.33096108416015,53635.99362048036
5126,403.1546962364062,52526.708186484306
5127,376.00156960679,53635.99362048036
5128,63.813269532597936,56963.849922468544
5129,51.20368297001535,58073.13535646457
5130,37.16097204849093,56963.849922468544
5131,8.029565309189524,55854.564488472475
5132,0.0,51417.42275248823
5133,0.0,50308.13731849218
5134,0.0,49198.851884496136
5135,0.0,50308.13731849218
5136,0.0,53635.99362048036
5137,0.0,55854.564488472475
5138,0.0,48039.61870333207
5139,0.0,50308.13731849218
5140,0.0,58073.13535646457
5141,0.0,52526.708186484306
5142,0.0,36615.70794793733
5143,0.0,32498.04041694395
5144,39.6851033210442,28380.372885950583
5145,158.83408063979678,33527.45729969231
5146,254.8531810786073,39946.272176896855
5147,324.43603579612983,43487.11128221227
5148,347.8533191119833,43487.11128221227
5149,391.8071465925054,47027.95038752768
5150,397.8560217645438,48039.61870333207
5151,368.12467821900447,50308.13731849218
5152,58.22791810824821,51417.42275248823
5153,54.25329928494167,52526.708186484306
5154,41.12354054840417,51417.42275248823
5155,7.138925331697263,50308.13731849218
5156,0.0,45847.67068575586
5157,0.0,48039.61870333207
5158,0.0,51417.42275248823
5159,0.0,53635.99362048036
5160,0.0,55854.564488472475
5161,0.0,54745.2790544764
5162,0.0,52526.708186484306
5163,0.0,48039.61870333207
5164,0.0,45847.67068575586
5165,0.0,43487.11128221227
5166,0.0,41126.55187866863
5167,0.0,37585.71277335322
5168,42.12823687838157,36615.70794793733
5169,129.474629657535,36615.70794793733
5170,248.25480728123225,33527.45729969231
5171,317.0942447763331,32498.04041694395
5172,354.64470049299604,34556.87418244063
5173,386.7760123174995,41126.55187866863
5174,397.9754607532154,44667.39098398404
5175,370.4688233253944,47027.95038752768
5176,61.30074539199602,47027.95038752768
5177,54.693691598410496,45847.67068575586
5178,42.4203968894818,45847.67068575586
5179,7.14471483054657,47027.95038752768
5180,0.0,48039.61870333207
5181,0.0,49198.851884496136
5182,0.0,51417.42275248823
5183,0.0,54745.2790544764
5184,0.0,55854.564488472475
5185,0.0,56963.849922468544
5186,0.0,56963.849922468544
5187,0.0,55854.564488472475
5188,0.0,53635.99362048036
5189,0.0,50308.13731849218
5190,0.0,49198.851884496136
5191,0.0,51417.42275248823
5192,44.26817119320482,56963.849922468544
5193,158.69148135045626,64968.02704874271
5194,186.313989640998,60131.54255651987
5195,319.9083483390225,59023.951442746926
5196,374.3832623129428,59023.951442746926
5197,385.84295638499606,61098.839454964436
5198,395.5059918240776,62066.13635340902
5199,366.6663885961853,64000.73015029813
5200,81.46027385798395,64968.02704874271
5201,52.992787214429846,66902.62084563181
5202,38.06589115423218,67869.91774407637
5203,7.593868696257453,64000.73015029813
5204,0.0,63033.43325185356
5205,0.0,64000.73015029813
5206,0.0,65935.32394718725
5207,0.0,69666.32626975914
5208,0.0,69666.32626975914
5209,0.0,68699.02937131457
5210,0.0,63033.43325185356
5211,0.0,63033.43325185356
5212,0.0,64968.02704874271
5213,0.0,61098.839454964436
5214,0.0,54745.2790544764
5215,0.0,49198.851884496136
5216,26.71462718129775,48039.61870333207
5217,131.9319702880475,52526.708186484306
5218,217.72936901734585,54745.2790544764
5219,293.84371093663043,58073.13535646457
5220,371.2971784478853,61098.839454964436
5221,392.20303299520873,65935.32394718725
5222,399.71142505472056,68699.02937131457
5223,369.0383249627723,69666.32626975914
5224,81.37506198115165,69666.32626975914
5225,59.40950877486503,67869.91774407637
5226,43.25067797753844,64968.02704874271
5227,7.1390759947417415,62066.13635340902
5228,0.0,59023.951442746926
5229,0.0,62066.13635340902
5230,0.0,63033.43325185356
5231,0.0,63033.43325185356
5232,0.0,63033.43325185356
5233,0.0,63033.43325185356
5234,0.0,55854.564488472475
5235,0.0,52526.708186484306
5236,0.0,52526.708186484306
5237,0.0,54745.2790544764
5238,0.0,53635.99362048036
5239,0.0,50308.13731849218
5240,36.73375543060269,43487.11128221227
5241,147.8734605969267,44667.39098398404
5242,228.3622455055448,47027.95038752768
5243,322.17575260952333,54745.2790544764
5244,371.6217840365643,62066.13635340902
5245,398.9224073214626,66902.62084563181
5246,374.9461887021771,68699.02937131457
5247,367.4209335534687,68699.02937131457
5248,68.99927970146013,67869.91774407637
5249,54.26743163311371,66902.62084563181
5250,38.06303701695703,64968.02704874271
5251,4.464369600274763,62066.13635340902
5252,0.0,58073.13535646457
5253,0.0,60131.54255651987
5254,0.0,61098.839454964436
5255,0.0,61098.839454964436
5256,0.0,62066.13635340902
5257,0.0,66902.62084563181
5258,0.0,62066.13635340902
5259,0.0,58073.13535646457
5260,0.0,53635.99362048036
5261,0.0,51417.42275248823
5262,0.0,49198.851884496136
5263,0.0,47027.95038752768
5264,39.94310840986102,47027.95038752768
5265,153.70719825790428,52526.708186484306
5266,249.46130255826475,50308.13731849218
5267,318.1900766917128,50308.13731849218
5268,303.31560002701065,51417.42275248823
5269,367.1729359686096,54745.2790544764
5270,374.2196203849522,59023.951442746926
5271,353.4462406339971,62066.13635340902
5272,76.7369564252443,63033.43325185356
5273,66.31121369752455,64000.73015029813
5274,39.79725379621527,67869.91774407637
5275,7.591217421690017,66902.62084563181
5276,0.0,66902.62084563181
5277,0.0,64968.02704874271
5278,0.0,64000.73015029813
5279,0.0,63033.43325185356
5280,0.0,67869.91774407637
5281,0.0,67869.91774407637
5282,0.0,65935.32394718725
5283,0.0,61098.839454964436
5284,0.0,58073.13535646457
5285,0.0,51417.42275248823
5286,0.0,48039.61870333207
5287,0.0,43487.11128221227
5288,6.2400568081897845,43487.11128221227
5289,51.0989929688759,52526.708186484306
5290,215.6875475380416,56963.849922468544
5291,321.46033632151773,62066.13635340902
5292,370.5925157154088,64000.73015029813
5293,388.9600541216439,65935.32394718725
5294,394.3249228999371,64968.02704874271
5295,373.6699780764216,66902.62084563181
5296,56.10275315495156,66902.62084563181
5297,72.69441486965164,64968.02704874271
5298,38.04448512466857,62066.13635340902
5299,7.139984860875367,59023.951442746926
5300,0.0,59023.951442746926
5301,0.0,63033.43325185356
5302,0.0,66902.62084563181
5303,0.0,68699.02937131457
5304,0.0,68699.02937131457
5305,0.0,65935.32394718725
5306,0.0,55854.564488472475
5307,0.0,52526.708186484306
5308,0.0,50308.13731849218
5309,0.0,48039.61870333207
5310,0.0,48039.61870333207
5311,0.0,47027.95038752768
5312,28.949911222895192,47027.95038752768
5313,133.48682952957185,51417.42275248823
5314,256.0721881773716,55854.564488472475
5315,332.8973240570708,63033.43325185356
5316,375.92633918600296,65935.32394718725
5317,398.7280287110812,64000.73015029813
5318,388.7446666420307,63033.43325185356
5319,367.59204013542,65935.32394718725
5320,59.060663644094085,72035.7328070007
5321,53.35235724173409,75123.98345524572
5322,39.33468114647555,77329.87677542074
5323,7.1405146254644185,76557.81411335949
5324,0.0,76557.81411335949
5325,0.0,79147.44993957113
5326,0.0,80851.31236618907
5327,0.0,79715.4040817771
5328,0.0,79147.44993957113
5329,0.0,75123.98345524572
5330,0.0,69666.32626975914
5331,0.0,65935.32394718725
5332,0.0,69666.32626975914
5333,0.0,72807.79546906195
5334,0.0,74351.92079318449
5335,0.0,70491.6074828782
5336,33.59493509903018,69666.32626975914
5337,146.68745545486172,68699.02937131457
5338,240.28285614231925,73579.85813112323
5339,277.0499198194186,72807.79546906195
5340,281.7214489774183,73579.85813112323
5341,394.8662722247187,73579.85813112323
5342,387.8391963850116,78011.54165515918
5343,315.35721861011695,76557.81411335949
5344,115.44104835328152,75123.98345524572
5345,99.77129522685227,70491.6074828782
5346,42.79298556336278,61098.839454964436
5347,6.683136520449724,52526.708186484306
5348,0.0,55854.564488472475
5349,0.0,64000.73015029813
5350,0.0,68699.02937131457
5351,0.0,69666.32626975914
5352,0.0,67869.91774407637
5353,0.0,62066.13635340902
5354,0.0,56963.849922468544
5355,0.0,53635.99362048036
5356,0.0,49198.851884496136
5357,0.0,50308.13731849218
5358,0.0,48039.61870333207
5359,0.0,48039.61870333207
5360,47.260003184193664,49198.851884496136
5361,162.58083339545942,54745.2790544764
5362,256.2758686450266,51417.42275248823
5363,326.6663235771538,56963.849922468544
5364,376.84251062949215,64000.73015029813
5365,387.7506133827488,65935.32394718725
5366,393.05453629754027,63033.43325185356
5367,375.5669376823973,63033.43325185356
5368,64.61441489052318,65935.32394718725
5369,71.77642749597922,66902.62084563181
5370,38.00167306554134,66902.62084563181
5371,7.57815354978972,65935.32394718725
5372,0.0,66902.62084563181
5373,0.0,69666.32626975914
5374,0.0,71263.67014493943
5375,0.0,70491.6074828782
5376,0.0,72035.7328070007
5377,0.0,74351.92079318449
5378,0.0,73579.85813112323
5379,0.0,76557.81411335949
5380,0.0,80283.3582239831
5381,0.0,84477.6992621887
5382,0.0,79715.4040817771
5383,0.0,76557.81411335949
5384,20.98180668360987,73579.85813112323
5385,67.09737279512682,71263.67014493943
5386,145.4488530012528,64000.73015029813
5387,227.7137794369192,61098.839454964436
5388,133.9481389813509,59023.951442746926
5389,255.53686755246952,60131.54255651987
5390,247.812149574631,63033.43325185356
5391,300.8732390721576,70491.6074828782
5392,80.41404375891757,69666.32626975914
5393,70.82363988357594,65935.32394718725
5394,43.75783835029596,58073.13535646457
5395,0.8960462651497794,58073.13535646457
5396,0.0,56963.849922468544
5397,0.0,59023.951442746926
5398,0.0,62066.13635340902
5399,0.0,64000.73015029813
5400,0.0,63033.43325185356
5401,0.0,65935.32394718725
5402,0.0,56963.849922468544
5403,0.0,54745.2790544764
5404,0.0,52526.708186484306
5405,0.0,53635.99362048036
5406,0.0,44667.39098398404
5407,0.0,36615.70794793733
5408,31.27705368058982,33527.45729969231
5409,92.39426034131417,32498.04041694395
5410,114.8190092707141,29409.78976869893
5411,153.4223501400349,35586.29106518898
5412,213.23994329149045,42306.83158044045
5413,264.3042833754013,49198.851884496136
5414,324.3724306232755,49198.851884496136
5415,338.17912654495086,48039.61870333207
5416,61.92132167228929,53635.99362048036
5417,57.405122199584696,56963.849922468544
5418,45.49154735924357,64000.73015029813
5419,6.6910815727603925,65935.32394718725
5420,0.0,68699.02937131457
5421,0.0,71263.67014493943
5422,0.0,69666.32626975914
5423,0.0,67869.91774407637
5424,0.0,66902.62084563181
5425,0.0,66902.62084563181
5426,0.0,54745.2790544764
5427,0.0,51417.42275248823
5428,0.0,49198.851884496136
5429,0.0,45847.67068575586
5430,0.0,50308.13731849218
5431,0.0,49198.851884496136
5432,20.476101554331866,42306.83158044045
5433,162.56466559494558,43487.11128221227
5434,251.78810344060744,44667.39098398404
5435,318.52547979954943,51417.42275248823
5436,372.5528277949693,59023.951442746926
5437,359.9323905393174,62066.13635340902
5438,381.4894312324794,60131.54255651987
5439,370.55287578425424,60131.54255651987
5440,56.507785916994855,63033.43325185356
5441,54.65636623396897,63033.43325185356
5442,38.01090244153283,64000.73015029813
5443,6.239810159479295,62066.13635340902
5444,0.0,61098.839454964436
5445,0.0,61098.839454964436
5446,0.0,60131.54255651987
5447,0.0,55854.564488472475
5448,0.0,54745.2790544764
5449,0.0,53635.99362048036
5450,0.0,51417.42275248823
5451,0.0,52526.708186484306
5452,0.0,58073.13535646457
5453,0.0,62066.13635340902
5454,0.0,56963.849922468544
5455,0.0,50308.13731849218
5456,16.02778972019827,39946.272176896855
5457,146.5331392796351,38765.99247512504
5458,252.27591660352684,36615.70794793733
5459,329.8003038600222,31468.6235341956
5460,382.5734431364954,30439.206651447275
5461,404.85052520690186,30439.206651447275
5462,389.6371503759896,35586.29106518898
5463,376.9453018400103,41126.55187866863
5464,141.00160262700848,43487.11128221227
5465,50.80184654632281,41126.55187866863
5466,38.48206409877517,38765.99247512504
5467,6.245139461188884,34556.87418244063
5468,0.0,32498.04041694395
5469,0.0,33527.45729969231
5470,0.0,34556.87418244063
5471,0.0,37585.71277335322
5472,0.0,38765.99247512504
5473,0.0,37585.71277335322
5474,0.0,34556.87418244063
5475,0.0,33527.45729969231
5476,0.0,30439.206651447275
5477,0.0,29409.78976869893
5478,0.0,29409.78976869893
5479,0.0,26468.598675132238
5480,49.34603702933394,25544.783675930397
5481,144.73479544054786,27350.95600320225
5482,253.39833423903556,34556.87418244063
5483,330.193986878996,36615.70794793733
5484,369.8010070509215,37585.71277335322
5485,401.8890646444439,39946.272176896855
5486,398.8602023126411,38765.99247512504
5487,375.58323521811616,39946.272176896855
5488,59.91793179013384,37585.71277335322
5489,52.01400766643081,35586.29106518898
5490,40.163740349168606,36615.70794793733
5491,6.683319604009421,36615.70794793733
5492,0.0,37585.71277335322
5493,0.0,41126.55187866863
5494,0.0,44667.39098398404
5495,0.0,49198.851884496136
5496,0.0,54745.2790544764
5497,0.0,59023.951442746926
5498,0.0,51417.42275248823
5499,0.0,51417.42275248823
5500,0.0,45847.67068575586
5501,0.0,39946.272176896855
5502,0.0,36615.70794793733
5503,0.0,35586.29106518898
5504,40.9712640175127,38765.99247512504
5505,133.82506339187788,48039.61870333207
5506,89.6787281013122,53635.99362048036
5507,172.85997694488967,53635.99362048036
5508,345.9179980928621,55854.564488472475
5509,387.90234813071953,54745.2790544764
5510,271.1898045155333,52526.708186484306
5511,299.1738737584592,52526.708186484306
5512,77.35926126812423,50308.13731849218
5513,72.14279727176459,47027.95038752768
5514,50.95750314918863,47027.95038752768
5515,6.235175984079653,45847.67068575586
5516,0.0,51417.42275248823
5517,0.0,53635.99362048036
5518,0.0,58073.13535646457
5519,0.0,60131.54255651987
5520,0.0,62066.13635340902
5521,0.0,63033.43325185356
5522,0.0,49198.851884496136
5523,0.0,44667.39098398404
5524,0.0,45847.67068575586
5525,0.0,52526.708186484306
5526,0.0,53635.99362048036
5527,0.0,49198.851884496136
5528,58.26061553862348,47027.95038752768
5529,75.14838090105746,42306.83158044045
5530,227.1616925720471,39946.272176896855
5531,302.2582794440248,47027.95038752768
5532,330.2598861478411,56963.849922468544
5533,401.6717018507536,69666.32626975914
5534,382.9786309345783,64000.73015029813
5535,222.42319298210757,62066.13635340902
5536,77.47790731169235,59023.951442746926
5537,57.22069740444488,58073.13535646457
5538,39.31067655882321,53635.99362048036
5539,6.2409385697767386,51417.42275248823
5540,0.0,50308.13731849218
5541,0.0,54745.2790544764
5542,0.0,61098.839454964436
5543,0.0,64000.73015029813
5544,0.0,66902.62084563181
5545,0.0,68699.02937131457
5546,0.0,59023.951442746926
5547,0.0,60131.54255651987
5548,0.0,56963.849922468544
5549,0.0,59023.951442746926
5550,0.0,55854.564488472475
5551,0.0,54745.2790544764
5552,35.138743165284374,55854.564488472475
5553,141.42265276524225,59023.951442746926
5554,250.92702163279452,54745.2790544764
5555,321.7148612297317,54745.2790544764
5556,381.6355426088997,59023.951442746926
5557,401.62538812303904,60131.54255651987
5558,370.00939307132,55854.564488472475
5559,340.68788649275075,59023.951442746926
5560,115.67166702556216,59023.951442746926
5561,40.19116823299518,60131.54255651987
5562,49.82354770705298,61098.839454964436
5563,1.3404895896777145,64000.73015029813
5564,0.0,64968.02704874271
5565,0.0,69666.32626975914
5566,0.0,72035.7328070007
5567,0.0,72807.79546906195
5568,0.0,72035.7328070007
5569,0.0,71263.67014493943
5570,0.0,67869.91774407637
5571,0.0,67869.91774407637
5572,0.0,66902.62084563181
5573,0.0,64000.73015029813
5574,0.0,55854.564488472475
5575,0.0,48039.61870333207
5576,55.66650681124823,47027.95038752768
5577,153.66729974412044,39946.272176896855
5578,250.30559051408983,37585.71277335322
5579,331.36180913221784,43487.11128221227
5580,383.3851266406389,45847.67068575586
5581,405.6051912660272,45847.67068575586
5582,400.0055902625569,45847.67068575586
5583,168.13249082212948,58073.13535646457
5584,58.87216688445145,62066.13635340902
5585,56.14986168443231,66902.62084563181
5586,47.72725386623733,72035.7328070007
5587,5.812291070000132,70491.6074828782
5588,0.0,69666.32626975914
5589,0.0,70491.6074828782
5590,0.0,68699.02937131457
5591,0.0,74351.92079318449
5592,0.0,77329.87677542074
5593,0.0,74351.92079318449
5594,0.0,62066.13635340902
5595,0.0,56963.849922468544
5596,0.0,53635.99362048036
5597,0.0,48039.61870333207
5598,0.0,45847.67068575586
5599,0.0,43487.11128221227
5600,47.82738636556714,41126.55187866863
5601,82.82715013858325,45847.67068575586
5602,183.1734557318092,41126.55187866863
5603,330.58593985343606,50308.13731849218
5604,334.71568597403825,60131.54255651987
5605,401.52022730276366,63033.43325185356
5606,400.7904372648644,63033.43325185356
5607,373.0377564211348,66902.62084563181
5608,103.5712724838086,71263.67014493943
5609,74.73598804793191,74351.92079318449
5610,38.85682647990007,75785.75145129822
5611,5.796547658376233,74351.92079318449
5612,0.0,72807.79546906195
5613,0.0,73579.85813112323
5614,0.0,75123.98345524572
5615,0.0,78011.54165515918
5616,0.0,78579.49579736515
5617,0.0,76557.81411335949
5618,0.0,68699.02937131457
5619,0.0,70491.6074828782
5620,0.0,69666.32626975914
5621,0.0,64000.73015029813
5622,0.0,60131.54255651987
5623,0.0,55854.564488472475
5624,43.60849721327573,52526.708186484306
5625,162.00168192649917,55854.564488472475
5626,253.2122171420207,50308.13731849218
5627,318.70219192918387,50308.13731849218
5628,371.13465202054783,51417.42275248823
5629,399.6682119194393,53635.99362048036
5630,370.6626648001693,53635.99362048036
5631,338.7001581801357,58073.13535646457
5632,117.9370092403858,52526.708186484306
5633,63.29256924692954,48039.61870333207
5634,51.92719382444373,49198.851884496136
5635,4.45975476760028,52526.708186484306
5636,0.0,53635.99362048036
5637,0.0,54745.2790544764
5638,0.0,55854.564488472475
5639,0.0,59023.951442746926
5640,0.0,60131.54255651987
5641,0.0,59023.951442746926
5642,0.0,51417.42275248823
5643,0.0,49198.851884496136
5644,0.0,42306.83158044045
5645,0.0,38765.99247512504
5646,0.0,32498.04041694395
5647,0.0,30439.206651447275
5648,12.003842686541242,29409.78976869893
5649,65.33563912767008,36615.70794793733
5650,194.45875937718947,38765.99247512504
5651,254.7431165369217,42306.83158044045
5652,381.8369797408481,45847.67068575586
5653,394.9688627259132,48039.61870333207
5654,282.7335038690381,43487.11128221227
5655,368.884657173008,45847.67068575586
5656,56.85092455420602,47027.95038752768
5657,54.15756696953919,48039.61870333207
5658,38.84660637835599,50308.13731849218
5659,5.794861065119633,50308.13731849218
5660,0.0,51417.42275248823
5661,0.0,55854.564488472475
5662,0.0,60131.54255651987
5663,0.0,62066.13635340902
5664,0.0,62066.13635340902
5665,0.0,60131.54255651987
5666,0.0,50308.13731849218
5667,0.0,45847.67068575586
5668,0.0,42306.83158044045
5669,0.0,38765.99247512504
5670,0.0,35586.29106518898
5671,0.0,36615.70794793733
5672,55.88317110793769,36615.70794793733
5673,168.36592310635217,43487.11128221227
5674,251.41273005902283,44667.39098398404
5675,322.2489945907587,43487.11128221227
5676,376.7982481338764,44667.39098398404
5677,405.6032645622282,45847.67068575586
5678,392.9740239301045,43487.11128221227
5679,345.66617702076775,43487.11128221227
5680,58.25957980175446,44667.39098398404
5681,63.72421700291592,45847.67068575586
5682,53.24739366267941,48039.61870333207
5683,4.912197029662015,51417.42275248823
5684,0.0,50308.13731849218
5685,0.0,51417.42275248823
5686,0.0,52526.708186484306
5687,0.0,53635.99362048036
5688,0.0,54745.2790544764
5689,0.0,55854.564488472475
5690,0.0,50308.13731849218
5691,0.0,50308.13731849218
5692,0.0,48039.61870333207
5693,0.0,42306.83158044045
5694,0.0,42306.83158044045
5695,0.0,43487.11128221227
5696,46.719147157569566,44667.39098398404
5697,155.29083650723632,58073.13535646457
5698,248.0747379427264,62066.13635340902
5699,325.8192657198584,65935.32394718725
5700,369.3355286918015,72035.7328070007
5701,377.79547543791824,71263.67014493943
5702,345.94823639845805,73579.85813112323
5703,295.32677061393133,75123.98345524572
5704,63.08776890735102,78579.49579736515
5705,98.20480052631558,78579.49579736515
5706,48.48244333527133,76557.81411335949
5707,0.4478097522548941,75123.98345524572
5708,0.0,72807.79546906195
5709,0.0,74351.92079318449
5710,0.0,69666.32626975914
5711,0.0,68699.02937131457
5712,0.0,70491.6074828782
5713,0.0,68699.02937131457
5714,0.0,62066.13635340902
5715,0.0,66902.62084563181
5716,0.0,67869.91774407637
5717,0.0,67869.91774407637
5718,0.0,64000.73015029813
5719,0.0,58073.13535646457
5720,53.99640395225301,54745.2790544764
5721,91.8407541110458,59023.951442746926
5722,192.67869822258095,66902.62084563181
5723,299.4069004651173,70491.6074828782
5724,326.10601208629214,72807.79546906195
5725,337.1875942936188,68699.02937131457
5726,382.1817333794307,70491.6074828782
5727,344.7391263620814,75123.98345524572
5728,143.44276626845496,73579.85813112323
5729,60.85115231988504,72807.79546906195
5730,9.35704712330272,72035.7328070007
5731,4.025097519346975,67869.91774407637
5732,0.0,66902.62084563181
5733,0.0,67869.91774407637
5734,0.0,67869.91774407637
5735,0.0,69666.32626975914
5736,0.0,71263.67014493943
5737,0.0,75123.98345524572
5738,0.0,71263.67014493943
5739,0.0,66902.62084563181
5740,0.0,63033.43325185356
5741,0.0,58073.13535646457
5742,0.0,53635.99362048036
5743,0.0,50308.13731849218
5744,53.390926130573625,48039.61870333207
5745,159.87056843235226,54745.2790544764
5746,248.30194282625484,59023.951442746926
5747,326.0957337376248,63033.43325185356
5748,370.86370219474185,64000.73015029813
5749,354.73809098510924,63033.43325185356
5750,394.6528558394437,54745.2790544764
5751,369.1036832125207,56963.849922468544
5752,78.20761712592693,61098.839454964436
5753,102.5099857483469,64968.02704874271
5754,47.59605890080864,65935.32394718725
5755,4.467202874715163,64968.02704874271
5756,0.0,65935.32394718725
5757,0.0,68699.02937131457
5758,0.0,69666.32626975914
5759,0.0,74351.92079318449
5760,0.0,74351.92079318449
5761,0.0,72807.79546906195
5762,0.0,67869.91774407637
5763,0.0,64000.73015029813
5764,0.0,59023.951442746926
5765,0.0,54745.2790544764
5766,0.0,48039.61870333207
5767,0.0,43487.11128221227
5768,48.44427470117122,41126.55187866863
5769,162.00391462166405,49198.851884496136
5770,252.71485413700807,52526.708186484306
5771,335.41454807985906,56963.849922468544
5772,389.0681641603949,58073.13535646457
5773,397.2202550096888,58073.13535646457
5774,390.8489802503029,58073.13535646457
5775,310.9709565602561,61098.839454964436
5776,135.04627972775876,64968.02704874271
5777,104.1470757186192,70491.6074828782
5778,52.82317516973908,75785.75145129822
5779,4.47086450052042,78011.54165515918
5780,0.0,77329.87677542074
5781,0.0,72807.79546906195
5782,0.0,67869.91774407637
5783,0.0,66902.62084563181
5784,0.0,63033.43325185356
5785,0.0,61098.839454964436
5786,0.0,58073.13535646457
5787,0.0,56963.849922468544
5788,0.0,55854.564488472475
5789,0.0,49198.851884496136
5790,0.0,44667.39098398404
5791,0.0,42306.83158044045
5792,21.31536044919891,43487.11128221227
5793,146.37682795424,51417.42275248823
5794,238.35050392043647,51417.42275248823
5795,316.51037001037935,52526.708186484306
5796,365.30616018507567,52526.708186484306
5797,381.97278422896176,54745.2790544764
5798,364.02104173290434,54745.2790544764
5799,292.2539280836817,58073.13535646457
5800,148.45557345741625,60131.54255651987
5801,74.85731442324409,59023.951442746926
5802,47.5959286265901,55854.564488472475
5803,2.234297260973272,49198.851884496136
5804,0.0,45847.67068575586
5805,0.0,44667.39098398404
5806,0.0,45847.67068575586
5807,0.0,48039.61870333207
5808,0.0,50308.13731849218
5809,0.0,51417.42275248823
5810,0.0,48039.61870333207
5811,0.0,48039.61870333207
5812,0.0,49198.851884496136
5813,0.0,48039.61870333207
5814,0.0,47027.95038752768
5815,0.0,45847.67068575586
5816,41.25238957588871,45847.67068575586
5817,141.92084838730227,53635.99362048036
5818,246.96048141177891,49198.851884496136
5819,305.527612803766,47027.95038752768
5820,362.41139961352405,45847.67068575586
5821,388.7029556425031,50308.13731849218
5822,379.12882766971353,56963.849922468544
5823,334.132243890016,63033.43325185356
5824,102.49948043408352,65935.32394718725
5825,74.42806522966347,64968.02704874271
5826,47.59685151965372,64000.73015029813
5827,4.4627340104462325,61098.839454964436
5828,0.0,50149.66797077846
5829,0.0,49357.32123220984
5830,0.0,48376.84147526689
5831,0.0,47533.784545429866
5832,0.0,46522.11622962548
5833,0.0,45679.059299788474
5834,0.0,44836.00236995148
5835,0.0,43824.33405414707
5836,0.0,42981.277124310065
5837,0.0,41969.608808505654
5838,0.0,41126.55187866863
5839,0.0,40283.49494883163
5840,46.1590608976546,39271.826633027245
5841,179.17970359726394,38428.76970319022
5842,270.0152846500215,37417.101387385825
5843,340.2740755551154,36615.70794793733
5844,385.4262657405636,47027.95038752768
5845,406.20264214673614,51417.42275248823
5846,392.97069968362695,50308.13731849218
5847,302.5118863915424,56963.849922468544
5848,79.9738178946522,60131.54255651987
5849,29.72162931441616,62066.13635340902
5850,43.77816735269341,63033.43325185356
5851,1.7900264419827283,61098.839454964436
5852,0.0,62066.13635340902
5853,0.0,66902.62084563181
5854,0.0,65935.32394718725
5855,0.0,64000.73015029813
5856,0.0,59023.951442746926
5857,0.0,55854.564488472475
5858,0.0,51417.42275248823
5859,0.0,52526.708186484306
5860,0.0,48039.61870333207
5861,0.0,43487.11128221227
5862,0.0,39946.272176896855
5863,0.0,39946.272176896855
5864,70.90721320244292,37585.71277335322
5865,171.3678437112179,50308.13731849218
5866,273.8104549552338,51417.42275248823
5867,347.22644924427,53635.99362048036
5868,382.8304513213102,56963.849922468544
5869,394.9398355111433,58073.13535646457
5870,402.5272726941236,52526.708186484306
5871,350.920588927956,53635.99362048036
5872,60.852482900981386,52526.708186484306
5873,53.82824156996574,53635.99362048036
5874,38.51491931123633,55854.564488472475
5875,3.5707294062414925,53635.99362048036
5876,0.0,52526.708186484306
5877,0.0,55854.564488472475
5878,0.0,61098.839454964436
5879,0.0,65935.32394718725
5880,0.0,66902.62084563181
5881,0.0,66902.62084563181
5882,0.0,60131.54255651987
5883,0.0,61098.839454964436
5884,0.0,61098.839454964436
5885,0.0,60131.54255651987
5886,0.0,54745.2790544764
5887,0.0,55854.564488472475
5888,70.9556959496326,58073.13535646457
5889,166.45319227794312,59023.951442746926
5890,273.85489938041474,52526.708186484306
5891,346.4371635536709,51417.42275248823
5892,382.4209359790237,61098.839454964436
5893,411.1526722753344,66902.62084563181
5894,357.98201959781244,64968.02704874271
5895,360.3443383360805,65935.32394718725
5896,66.42067652891811,66902.62084563181
5897,79.14203280221494,67869.91774407637
5898,41.08473439567173,68699.02937131457
5899,2.2346282373659734,66902.62084563181
5900,0.0,66902.62084563181
5901,0.0,66902.62084563181
5902,0.0,67869.91774407637
5903,0.0,68699.02937131457
5904,0.0,64968.02704874271
5905,0.0,61098.839454964436
5906,0.0,56963.849922468544
5907,0.0,56963.849922468544
5908,0.0,59023.951442746926
5909,0.0,56963.849922468544
5910,0.0,52526.708186484306
5911,0.0,50308.13731849218
5912,0.0,50308.13731849218
5913,0.0,56963.849922468544
5914,269.0017708447655,59023.951442746926
5915,340.1242327410164,59023.951442746926
5916,380.4058147973285,61098.839454964436
5917,402.67870811886337,62066.13635340902
5918,179.60152215415874,60131.54255651987
5919,361.0388556395184,61098.839454964436
5920,97.8617434268272,59023.951442746926
5921,59.42401884741545,59023.951442746926
5922,41.55302103776882,58073.13535646457
5923,2.6763801271014667,56963.849922468544
5924,0.0,56963.849922468544
5925,0.0,60131.54255651987
5926,0.0,61098.839454964436
5927,0.0,63033.43325185356
5928,0.0,66902.62084563181
5929,0.0,68699.02937131457
5930,0.0,60131.54255651987
5931,0.0,59023.951442746926
5932,0.0,58073.13535646457
5933,0.0,56963.849922468544
5934,0.0,55854.564488472475
5935,0.0,55854.564488472475
5936,63.474064347564976,58073.13535646457
5937,152.97588928692358,65935.32394718725
5938,272.4513660549002,66902.62084563181
5939,342.1704188655896,66902.62084563181
5940,387.6163562472956,69666.32626975914
5941,397.0210840873565,72807.79546906195
5942,389.84250673626303,76557.81411335949
5943,311.7893570202111,75123.98345524572
5944,142.48582900565026,67869.91774407637
5945,62.90096139000627,65935.32394718725
5946,45.90188745183189,67869.91774407637
5947,3.124979719495356,72807.79546906195
5948,0.0,71263.67014493943
5949,0.0,68699.02937131457
5950,0.0,68699.02937131457
5951,0.0,66902.62084563181
5952,0.0,67869.91774407637
5953,0.0,66902.62084563181
5954,0.0,67869.91774407637
5955,0.0,70491.6074828782
5956,0.0,67869.91774407637
5957,0.0,63033.43325185356
5958,0.0,59023.951442746926
5959,0.0,52526.708186484306
5960,67.03483569371825,51417.42275248823
5961,117.2062977240678,56963.849922468544
5962,240.23524797898128,59023.951442746926
5963,345.48295968564287,60131.54255651987
5964,379.6549366583578,63033.43325185356
5965,406.1386301968945,65935.32394718725
5966,400.4740690729312,64968.02704874271
5967,362.8534079865082,67869.91774407637
5968,62.0579734006545,68699.02937131457
5969,58.94070971732327,65935.32394718725
5970,38.06710442330909,64000.73015029813
5971,2.677670935033001,61098.839454964436
5972,0.0,63033.43325185356
5973,0.0,66902.62084563181
5974,0.0,71263.67014493943
5975,0.0,73579.85813112323
5976,0.0,75123.98345524572
5977,0.0,76557.81411335949
5978,0.0,73579.85813112323
5979,0.0,72035.7328070007
5980,0.0,69666.32626975914
5981,0.0,64000.73015029813
5982,0.0,61098.839454964436
5983,0.0,60131.54255651987
5984,74.82156867980908,60131.54255651987
5985,178.55718344769872,64968.02704874271
5986,269.372724858105,64000.73015029813
5987,330.63492154497135,65935.32394718725
5988,363.2647432011179,68699.02937131457
5989,359.2682919915986,71263.67014493943
5990,374.006523278347,69666.32626975914
5991,321.0239620664911,68699.02937131457
5992,56.67749598380031,67869.91774407637
5993,96.5755147815713,66902.62084563181
5994,52.8801328844965,64968.02704874271
5995,1.7874448261196587,59023.951442746926
5996,0.0,55854.564488472475
5997,0.0,52526.708186484306
5998,0.0,51417.42275248823
5999,0.0,51417.42275248823
6000,0.0,51417.42275248823
6001,0.0,50308.13731849218
6002,0.0,48039.61870333207
6003,0.0,48039.61870333207
6004,0.0,48039.61870333207
6005,0.0,42306.83158044045
6006,0.0,37585.71277335322
6007,0.0,35586.29106518898
6008,74.91542072131433,38765.99247512504
6009,161.06057164065453,48039.61870333207
6010,259.0458537558485,42306.83158044045
6011,336.05322628370067,41126.55187866863
6012,384.0869971504943,44667.39098398404
6013,406.5531252520282,48039.61870333207
6014,227.24448070018863,45847.67068575586
6015,274.6669587968965,44667.39098398404
6016,65.25974904020795,43487.11128221227
6017,102.2807892295996,42306.83158044045
6018,45.902280181742185,39946.272176896855
6019,1.7854589677634516,36615.70794793733
6020,0.0,35586.29106518898
6021,0.0,35586.29106518898
6022,0.0,37585.71277335322
6023,0.0,37585.71277335322
6024,0.0,36615.70794793733
6025,0.0,35586.29106518898
6026,0.0,33527.45729969231
6027,0.0,33527.45729969231
6028,0.0,31468.6235341956
6029,0.0,30439.206651447275
6030,0.0,26468.598675132238
6031,0.0,24621.858194845674
6032,21.796645535586894,24621.858194845674
6033,105.51930974024113,41126.55187866863
6034,259.7502195577958,51417.42275248823
6035,345.0825815032942,53635.99362048036
6036,116.49259098715918,53635.99362048036
6037,184.31349516294432,52526.708186484306
6038,376.9465184449066,52526.708186484306
6039,311.9282447205843,52526.708186484306
6040,69.42772217870247,52526.708186484306
6041,54.70104513918183,50308.13731849218
6042,0.0,48039.61870333207
6043,1.7873786308411186,45847.67068575586
6044,0.0,44667.39098398404
6045,0.0,49198.851884496136
6046,0.0,50308.13731849218
6047,0.0,49198.851884496136
6048,0.0,48039.61870333207
6049,0.0,47027.95038752768
6050,0.0,43487.11128221227
6051,0.0,44667.39098398404
6052,0.0,48039.61870333207
6053,0.0,55854.564488472475
6054,0.0,62066.13635340902
6055,0.0,58073.13535646457
6056,70.87294718271782,60131.54255651987
6057,160.9273464717355,67869.91774407637
6058,270.04397947652967,70491.6074828782
6059,348.3348989275022,72035.7328070007
6060,365.8916094292373,72035.7328070007
6061,394.6787783798079,71263.67014493943
6062,246.74790929369308,72035.7328070007
6063,353.9783847527477,70491.6074828782
6064,80.02379042039688,68699.02937131457
6065,59.36927467018307,64968.02704874271
6066,50.22599308375414,61098.839454964436
6067,1.785260381927831,59023.951442746926
6068,0.0,56963.849922468544
6069,0.0,54745.2790544764
6070,0.0,52526.708186484306
6071,0.0,52526.708186484306
6072,0.0,51417.42275248823
6073,0.0,51417.42275248823
6074,0.0,45847.67068575586
6075,0.0,44667.39098398404
6076,0.0,42306.83158044045
6077,0.0,39946.272176896855
6078,0.0,34556.87418244063
6079,0.0,30439.206651447275
6080,15.583213949502996,26468.598675132238
6081,180.35723930434756,29409.78976869893
6082,258.8364354626251,28380.372885950583
6083,346.894375560291,32498.04041694395
6084,391.6094781884469,37585.71277335322
6085,413.42697172658063,44667.39098398404
6086,402.0334904568937,42306.83158044045
6087,365.2647765628996,44667.39098398404
6088,63.38495203383651,45847.67068575586
6089,52.49801154585027,44667.39098398404
6090,36.74154546147461,42306.83158044045
6091,1.7880405836265212,39946.272176896855
6092,0.0,41126.55187866863
6093,0.0,41126.55187866863
6094,0.0,41126.55187866863
6095,0.0,38765.99247512504
6096,0.0,37585.71277335322
6097,0.0,38765.99247512504
6098,0.0,38765.99247512504
6099,0.0,45847.67068575586
6100,0.0,47027.95038752768
6101,0.0,43487.11128221227
6102,0.0,37585.71277335322
6103,0.0,30439.206651447275
6104,75.53889700887106,29409.78976869893
6105,169.44244359330347,41126.55187866863
6106,245.79557985062647,45847.67068575586
6107,346.6613252626749,47027.95038752768
6108,389.5723430883504,44667.39098398404
6109,412.7267121795132,45847.67068575586
6110,401.6890278822809,42306.83158044045
6111,365.6803732361815,45847.67068575586
6112,60.86299381681688,48039.61870333207
6113,50.81207200202172,51417.42275248823
6114,36.35664717080556,51417.42275248823
6115,0.0,49198.851884496136
6116,0.0,48039.61870333207
6117,0.0,45847.67068575586
6118,0.0,43487.11128221227
6119,0.0,42306.83158044045
6120,0.0,43487.11128221227
6121,0.0,44667.39098398404
6122,0.0,43487.11128221227
6123,0.0,44667.39098398404
6124,0.0,48039.61870333207
6125,0.0,51417.42275248823
6126,0.0,53635.99362048036
6127,0.0,49198.851884496136
6128,77.97365749736065,43487.11128221227
6129,161.54065458038815,45847.67068575586
6130,255.49494302413035,43487.11128221227
6131,347.26978217459424,42306.83158044045
6132,391.542829830609,47027.95038752768
6133,357.9615185837177,52526.708186484306
6134,395.35250549064295,50308.13731849218
6135,366.8661293254364,54745.2790544764
6136,69.40208834832877,59023.951442746926
6137,51.65461246499813,64000.73015029813
6138,37.20051567152527,67869.91774407637
6139,0.0,70491.6074828782
6140,0.0,68699.02937131457
6141,0.0,67869.91774407637
6142,0.0,66902.62084563181
6143,0.0,64968.02704874271
6144,0.0,63033.43325185356
6145,0.0,62066.13635340902
6146,0.0,56963.849922468544
6147,0.0,53635.99362048036
6148,0.0,49198.851884496136
6149,0.0,47027.95038752768
6150,0.0,45847.67068575586
6151,0.0,45847.67068575586
6152,64.83521989129747,43487.11128221227
6153,161.54243733403518,47027.95038752768
6154,250.09282860180784,45847.67068575586
6155,347.1394830328579,45847.67068575586
6156,330.387462710723,45847.67068575586
6157,400.17848521428726,47027.95038752768
6158,365.2783459078238,44667.39098398404
6159,355.6532089716471,50308.13731849218
6160,54.85887334186719,53635.99362048036
6161,62.48708329376331,52526.708186484306
6162,48.5102744565305,50308.13731849218
6163,0.0,42306.83158044045
6164,0.0,37585.71277335322
6165,0.0,34556.87418244063
6166,0.0,33527.45729969231
6167,0.0,33527.45729969231
6168,0.0,33527.45729969231
6169,0.0,33527.45729969231
6170,0.0,34556.87418244063
6171,0.0,32498.04041694395
6172,0.0,31468.6235341956
6173,0.0,28380.372885950583
6174,0.0,29409.78976869893
6175,0.0,31468.6235341956
6176,67.23512986797003,34556.87418244063
6177,73.56380413523213,49198.851884496136
6178,257.23268278987393,54745.2790544764
6179,349.0442516283926,59023.951442746926
6180,391.1544759491081,61098.839454964436
6181,412.01156244807686,58073.13535646457
6182,401.8223097233244,52526.708186484306
6183,362.4287667902767,49198.851884496136
6184,60.797324745173306,48039.61870333207
6185,50.77183415232371,49198.851884496136
6186,37.19154234937844,48039.61870333207
6187,0.0,45847.67068575586
6188,0.0,43487.11128221227
6189,0.0,43487.11128221227
6190,0.0,45847.67068575586
6191,0.0,47027.95038752768
6192,0.0,47027.95038752768
6193,0.0,48039.61870333207
6194,0.0,29409.78976869893
6195,0.0,29409.78976869893
6196,0.0,27350.95600320225
6197,0.0,25544.783675930397
6198,0.0,21853.08175159152
6199,0.0,17370.300843465728
6200,28.433695509171063,16566.604863484477
6201,139.57956788838754,18161.37982725263
6202,210.16342275269488,19084.305308337352
6203,279.7366405293712,21853.08175159152
6204,391.5481493885311,27350.95600320225
6205,409.376166839966,33527.45729969231
6206,388.429057117465,31468.6235341956
6207,349.36462142062265,38765.99247512504
6208,122.86856625184528,43487.11128221227
6209,64.03024135063663,45847.67068575586
6210,26.5565526016162,44667.39098398404
6211,0.0,43487.11128221227
6212,0.0,41126.55187866863
6213,0.0,39946.272176896855
6214,0.0,39946.272176896855
6215,0.0,37585.71277335322
6216,0.0,36615.70794793733
6217,0.0,33527.45729969231
6218,0.0,28380.372885950583
6219,0.0,30439.206651447275
6220,0.0,32498.04041694395
6221,0.0,36615.70794793733
6222,0.0,35586.29106518898
6223,0.0,29409.78976869893
6224,18.23044293248172,28380.372885950583
6225,158.2940006068252,37585.71277335322
6226,185.3088885042509,38765.99247512504
6227,315.06352010427645,38765.99247512504
6228,386.43917105525713,38765.99247512504
6229,406.0512226563536,39946.272176896855
6230,388.47469656074105,37585.71277335322
6231,352.7552065399803,41126.55187866863
6232,61.14495095596836,44667.39098398404
6233,51.15871726229632,47027.95038752768
6234,42.37257479337416,48039.61870333207
6235,0.0,50308.13731849218
6236,0.0,51417.42275248823
6237,0.0,52526.708186484306
6238,0.0,54745.2790544764
6239,0.0,56963.849922468544
6240,0.0,54745.2790544764
6241,0.0,48039.61870333207
6242,0.0,33527.45729969231
6243,0.0,24621.858194845674
6244,0.0,22776.007232676242
6245,0.0,23698.932713760954
6246,0.0,24621.858194845674
6247,0.0,23698.932713760954
6248,66.25574995489302,24621.858194845674
6249,155.64417356387875,30439.206651447275
6250,248.54910459903545,31468.6235341956
6251,345.4153175683606,31468.6235341956
6252,388.1656613230695,34556.87418244063
6253,391.19001554281226,37585.71277335322
6254,384.8475402931034,38765.99247512504
6255,357.4926274855404,37585.71277335322
6256,61.16212526319088,36615.70794793733
6257,55.89687133537064,33527.45729969231
6258,44.97125995427285,32498.04041694395
6259,0.0,27350.95600320225
6260,0.0,22776.007232676242
6261,0.0,23698.932713760954
6262,0.0,27350.95600320225
6263,0.0,29409.78976869893
6264,0.0,29409.78976869893
6265,0.0,32498.04041694395
6266,0.0,26468.598675132238
6267,0.0,23698.932713760954
6268,0.0,18161.37982725263
6269,0.0,14303.662578132522
6270,0.0,14303.662578132522
6271,0.0,15812.290768367156
6272,76.11272317842015,18161.37982725263
6273,144.99351228973134,28380.372885950583
6274,254.03915020101311,29409.78976869893
6275,343.6160994719091,28380.372885950583
6276,384.2583175311408,27350.95600320225
6277,399.6313166031968,29409.78976869893
6278,370.6170942683327,27350.95600320225
6279,352.0694466052068,30439.206651447275
6280,60.66468145498039,32498.04041694395
6281,51.53127421247553,34556.87418244063
6282,35.83063969398469,34556.87418244063
6283,0.0,32498.04041694395
6284,0.0,33527.45729969231
6285,0.0,33527.45729969231
6286,0.0,34556.87418244063
6287,0.0,34556.87418244063
6288,0.0,32498.04041694395
6289,0.0,27350.95600320225
6290,0.0,20930.156270506784
6291,0.0,20007.23078942208
6292,0.0,20007.23078942208
6293,0.0,20930.156270506784
6294,0.0,22776.007232676242
6295,0.0,25544.783675930397
6296,76.97890623309421,31468.6235341956
6297,153.113617283146,41126.55187866863
6298,254.7825734452332,45847.67068575586
6299,347.2827420421269,49198.851884496136
6300,389.9885247969199,51417.42275248823
6301,407.1343225021337,54745.2790544764
6302,384.9720018638709,52526.708186484306
6303,327.6202197720058,54745.2790544764
6304,147.58088278746789,58073.13535646457
6305,51.538394224876114,60131.54255651987
6306,37.09351086968859,60131.54255651987
6307,0.0,61098.839454964436
6308,0.0,59023.951442746926
6309,0.0,56963.849922468544
6310,0.0,52526.708186484306
6311,0.0,50308.13731849218
6312,0.0,48039.61870333207
6313,0.0,45847.67068575586
6314,0.0,36615.70794793733
6315,0.0,34556.87418244063
6316,0.0,34556.87418244063
6317,0.0,34556.87418244063
6318,0.0,34556.87418244063
6319,0.0,32498.04041694395
6320,79.13598454032807,35586.29106518898
6321,157.22200181792584,42306.83158044045
6322,274.3774879704431,44667.39098398404
6323,338.38527103847065,47027.95038752768
6324,389.3615725402509,47027.95038752768
6325,410.1946248797992,48039.61870333207
6326,366.5522087840202,51417.42275248823
6327,350.4126234161585,53635.99362048036
6328,74.88327541074754,54745.2790544764
6329,55.45037400607988,54745.2790544764
6330,41.03219124657127,54745.2790544764
6331,0.0,51417.42275248823
6332,0.0,49198.851884496136
6333,0.0,45847.67068575586
6334,0.0,47027.95038752768
6335,0.0,45847.67068575586
6336,0.0,43487.11128221227
6337,0.0,43487.11128221227
6338,0.0,41126.55187866863
6339,0.0,37585.71277335322
6340,0.0,34556.87418244063
6341,0.0,32498.04041694395
6342,0.0,31468.6235341956
6343,0.0,32498.04041694395
6344,76.29886154839124,32498.04041694395
6345,136.56946592779678,38765.99247512504
6346,244.3371210284747,36615.70794793733
6347,347.40551652384585,35586.29106518898
6348,332.3959203132476,35586.29106518898
6349,307.4243591220811,34556.87418244063
6350,263.15208070609555,29409.78976869893
6351,234.41468741324763,30439.206651447275
6352,133.14787546080754,30439.206651447275
6353,58.76965974128744,29409.78976869893
6354,34.89406531927983,29409.78976869893
6355,0.0,28380.372885950583
6356,0.0,29409.78976869893
6357,0.0,33527.45729969231
6358,0.0,36615.70794793733
6359,0.0,42306.83158044045
6360,0.0,44667.39098398404
6361,0.0,44667.39098398404
6362,0.0,41126.55187866863
6363,0.0,36615.70794793733
6364,0.0,30439.206651447275
6365,0.0,26468.598675132238
6366,0.0,24621.858194845674
6367,0.0,24621.858194845674
6368,76.31981136387643,25544.783675930397
6369,133.72447635390262,27350.95600320225
6370,252.36850096084865,27350.95600320225
6371,348.4106872486332,28380.372885950583
6372,389.9375149654934,32498.04041694395
6373,403.1436560705778,35586.29106518898
6374,388.1707153728183,34556.87418244063
6375,350.4905720098,38765.99247512504
6376,83.90614615697785,42306.83158044045
6377,101.41851739412444,43487.11128221227
6378,34.85145427984982,45847.67068575586
6379,0.0,47027.95038752768
6380,0.0,53635.99362048036
6381,0.0,52526.708186484306
6382,0.0,49198.851884496136
6383,0.0,47027.95038752768
6384,0.0,44667.39098398404
6385,0.0,42306.83158044045
6386,0.0,31468.6235341956
6387,0.0,30439.206651447275
6388,0.0,28380.372885950583
6389,0.0,25544.783675930397
6390,0.0,22776.007232676242
6391,0.0,19084.305308337352
6392,81.79674392306298,20930.156270506784
6393,132.44092312428018,27350.95600320225
6394,235.41959304712577,31468.6235341956
6395,343.2121621628648,36615.70794793733
6396,354.6013183509709,41126.55187866863
6397,410.86329261517415,43487.11128221227
6398,393.5260018484478,38765.99247512504
6399,329.87461535749776,41126.55187866863
6400,66.67632883652139,43487.11128221227
6401,51.55068847551495,43487.11128221227
6402,37.57163083324697,43487.11128221227
6403,0.0,41126.55187866863
6404,0.0,42306.83158044045
6405,0.0,45847.67068575586
6406,0.0,47027.95038752768
6407,0.0,45847.67068575586
6408,0.0,45847.67068575586
6409,0.0,45847.67068575586
6410,0.0,36615.70794793733
6411,0.0,38765.99247512504
6412,0.0,41126.55187866863
6413,0.0,42306.83158044045
6414,0.0,39946.272176896855
6415,0.0,36615.70794793733
6416,84.15357319095656,33527.45729969231
6417,142.8914519031554,35586.29106518898
6418,240.37060545633184,34556.87418244063
6419,319.1905495930065,36615.70794793733
6420,389.3827572096405,33527.45729969231
6421,412.5202823346899,30439.206651447275
6422,383.5265583607467,26468.598675132238
6423,346.2437213592382,27350.95600320225
6424,62.33897956813002,27350.95600320225
6425,51.4877828270856,25544.783675930397
6426,34.4717753230562,28380.372885950583
6427,0.0,30439.206651447275
6428,0.0,30439.206651447275
6429,0.0,30439.206651447275
6430,0.0,32498.04041694395
6431,0.0,32498.04041694395
6432,0.0,33527.45729969231
6433,0.0,32498.04041694395
6434,0.0,24621.858194845674
6435,0.0,22776.007232676242
6436,0.0,20007.23078942208
6437,0.0,17370.300843465728
6438,0.0,15812.290768367156
6439,0.0,15057.976673249845
6440,85.46863480982397,12040.720292780567
6441,123.9463950451316,16566.604863484477
6442,209.3849819703832,19084.305308337352
6443,346.9179181315367,22776.007232676242
6444,395.10983116057713,27350.95600320225
6445,409.2590568425244,37585.71277335322
6446,383.4017903649239,44667.39098398404
6447,347.11953835583176,53635.99362048036
6448,145.2106138555253,56963.849922468544
6449,69.5820233634315,59023.951442746926
6450,43.643271511503706,58073.13535646457
6451,0.0,54745.2790544764
6452,0.0,52526.708186484306
6453,0.0,54745.2790544764
6454,0.0,51417.42275248823
6455,0.0,52526.708186484306
6456,0.0,53635.99362048036
6457,0.0,48039.61870333207
6458,0.0,39946.272176896855
6459,0.0,39946.272176896855
6460,0.0,39946.272176896855
6461,0.0,43487.11128221227
6462,0.0,38765.99247512504
6463,0.0,34556.87418244063
6464,42.42915107461919,34556.87418244063
6465,20.423575600810175,37585.71277335322
6466,254.95627674045647,38765.99247512504
6467,340.89787099537494,42306.83158044045
6468,392.1564684796168,52526.708186484306
6469,405.7521487347325,61098.839454964436
6470,387.9528563396466,63033.43325185356
6471,340.84557988310604,63033.43325185356
6472,93.03288476354363,64000.73015029813
6473,74.7246835438245,62066.13635340902
6474,41.02441038877097,63033.43325185356
6475,0.0,60131.54255651987
6476,0.0,54745.2790544764
6477,0.0,58073.13535646457
6478,0.0,54745.2790544764
6479,0.0,53635.99362048036
6480,0.0,51417.42275248823
6481,0.0,47027.95038752768
6482,0.0,42306.83158044045
6483,0.0,39946.272176896855
6484,0.0,37585.71277335322
6485,0.0,37585.71277335322
6486,0.0,36615.70794793733
6487,0.0,37585.71277335322
6488,47.57170263878922,39946.272176896855
6489,139.31902053846548,45847.67068575586
6490,265.2787163310032,52526.708186484306
6491,241.46777194917635,56963.849922468544
6492,383.9253601144383,61098.839454964436
6493,394.616293252489,61098.839454964436
6494,395.2178694633109,58073.13535646457
6495,284.3847913449602,56963.849922468544
6496,61.22795665795448,55854.564488472475
6497,99.72342634492288,56963.849922468544
6498,47.55158199509162,56963.849922468544
6499,0.0,58073.13535646457
6500,0.0,59023.951442746926
6501,0.0,61098.839454964436
6502,0.0,64968.02704874271
6503,0.0,64968.02704874271
6504,0.0,61098.839454964436
6505,0.0,55854.564488472475
6506,0.0,44667.39098398404
6507,0.0,41126.55187866863
6508,0.0,37585.71277335322
6509,0.0,35586.29106518898
6510,0.0,35586.29106518898
6511,0.0,35586.29106518898
6512,83.58147980841173,36615.70794793733
6513,154.97623099624516,43487.11128221227
6514,238.36906479583985,44667.39098398404
6515,347.23596345899034,47027.95038752768
6516,338.5798652699757,47027.95038752768
6517,319.18345612543715,51417.42275248823
6518,394.90903497840105,50308.13731849218
6519,345.89098733823727,54745.2790544764
6520,137.1667346325833,56963.849922468544
6521,59.7791029119508,54745.2790544764
6522,34.48129491497731,50308.13731849218
6523,0.0,45847.67068575586
6524,0.0,48039.61870333207
6525,0.0,55854.564488472475
6526,0.0,56963.849922468544
6527,0.0,55854.564488472475
6528,0.0,54745.2790544764
6529,0.0,54745.2790544764
6530,0.0,49198.851884496136
6531,0.0,48039.61870333207
6532,0.0,49198.851884496136
6533,0.0,51417.42275248823
6534,0.0,51417.42275248823
6535,0.0,53635.99362048036
6536,82.3433380761353,56963.849922468544
6537,161.99125144544382,60131.54255651987
6538,258.40652762927203,61098.839454964436
6539,355.31983586863134,60131.54255651987
6540,393.77619426244286,60131.54255651987
6541,395.5117472471015,62066.13635340902
6542,385.1177842473905,55854.564488472475
6543,326.1689214207929,58073.13535646457
6544,60.67945418976456,55854.564488472475
6545,51.077548193137865,53635.99362048036
6546,37.07091255000906,48039.61870333207
6547,0.0,44667.39098398404
6548,0.0,51575.89210020196
6549,0.0,50308.13731849218
6550,0.0,49040.3825367824
6551,0.0,47702.39593139727
6552,0.0,46353.50484365806
6553,0.0,45004.61375591886
6554,0.0,43487.11128221227
6555,0.0,42138.22019447306
6556,0.0,40789.329106733836
6557,0.0,39440.43801899463
6558,0.0,38091.54693125543
6559,0.0,36762.76750261566
6560,61.7877311283253,35586.29106518898
6561,193.20502592836263,34409.814627762295
6562,259.65073978888256,33086.27863565729
6563,350.2253784681494,31909.802198230613
6564,390.430397027195,38765.99247512504
6565,393.4713957708301,42306.83158044045
6566,382.8365654926682,38765.99247512504
6567,326.59155543910936,42306.83158044045
6568,77.44978181407821,42306.83158044045
6569,76.45202333483927,42306.83158044045
6570,41.04090878119238,44667.39098398404
6571,0.0,42306.83158044045
6572,0.0,41126.55187866863
6573,0.0,41126.55187866863
6574,0.0,41126.55187866863
6575,0.0,42306.83158044045
6576,0.0,42306.83158044045
6577,0.0,44667.39098398404
6578,0.0,39946.272176896855
6579,0.0,38765.99247512504
6580,0.0,39946.272176896855
6581,0.0,41126.55187866863
6582,0.0,44667.39098398404
6583,0.0,44667.39098398404
6584,33.58811639292836,47027.95038752768
6585,184.35394613827373,52526.708186484306
6586,270.165609175973,51417.42275248823
6587,342.3468594817282,50308.13731849218
6588,390.3192624389181,50308.13731849218
6589,402.7653235816147,52526.708186484306
6590,381.7175298881348,50308.13731849218
6591,302.10627889944897,49198.851884496136
6592,86.32207693995366,49198.851884496136
6593,58.000784614129024,50308.13731849218
6594,35.81191291153817,49198.851884496136
6595,0.0,44667.39098398404
6596,0.0,43487.11128221227
6597,0.0,43487.11128221227
6598,0.0,44667.39098398404
6599,0.0,45847.67068575586
6600,0.0,44667.39098398404
6601,0.0,39946.272176896855
6602,0.0,32498.04041694395
6603,0.0,28380.372885950583
6604,0.0,25544.783675930397
6605,0.0,20930.156270506784
6606,0.0,21853.08175159152
6607,0.0,22776.007232676242
6608,67.95980901283195,23698.932713760954
6609,170.1503928014915,36615.70794793733
6610,252.52929403120632,34556.87418244063
6611,293.1513363334205,30439.206651447275
6612,381.0719992651501,32498.04041694395
6613,402.0146362405077,38765.99247512504
6614,385.0552810255011,41126.55187866863
6615,329.8248976183706,43487.11128221227
6616,71.92756986523553,41126.55187866863
6617,56.78792848494989,38765.99247512504
6618,35.80923370025336,37585.71277335322
6619,0.0,37585.71277335322
6620,0.0,35586.29106518898
6621,0.0,32498.04041694395
6622,0.0,30439.206651447275
6623,0.0,29409.78976869893
6624,0.0,26468.598675132238
6625,0.0,23698.932713760954
6626,0.0,20930.156270506784
6627,0.0,23698.932713760954
6628,0.0,24621.858194845674
6629,0.0,23698.932713760954
6630,0.0,23698.932713760954
6631,0.0,17370.300843465728
6632,64.95786329414524,11286.406197663246
6633,142.67024919743125,8642.025580151947
6634,221.2315223221771,7506.117295739982
6635,346.373735624866,12040.720292780567
6636,398.8351876711481,20007.23078942208
6637,409.0313908561061,26468.598675132238
6638,391.4088846103862,28380.372885950583
6639,347.36016923929583,33527.45729969231
6640,49.49801142690235,36615.70794793733
6641,49.81001600812598,39946.272176896855
6642,31.8920949306737,39946.272176896855
6643,0.0,38765.99247512504
6644,0.0,38765.99247512504
6645,0.0,37585.71277335322
6646,0.0,38765.99247512504
6647,0.0,38765.99247512504
6648,0.0,34556.87418244063
6649,0.0,32498.04041694395
6650,0.0,28380.372885950583
6651,0.0,24621.858194845674
6652,0.0,20930.156270506784
6653,0.0,17370.300843465728
6654,0.0,18161.37982725263
6655,0.0,18161.37982725263
6656,72.17326198003478,20007.23078942208
6657,181.8351894320433,25544.783675930397
6658,245.16540233783283,29409.78976869893
6659,324.97200162900407,36615.70794793733
6660,386.4761803558104,41126.55187866863
6661,403.47168630970646,42306.83158044045
6662,374.3724439590472,41126.55187866863
6663,333.6596076680214,48039.61870333207
6664,77.33312471491277,54745.2790544764
6665,59.247308102632125,60131.54255651987
6666,39.27226076058545,59023.951442746926
6667,0.0,58073.13535646457
6668,0.0,53635.99362048036
6669,0.0,51417.42275248823
6670,0.0,49198.851884496136
6671,0.0,43487.11128221227
6672,0.0,42306.83158044045
6673,0.0,41126.55187866863
6674,0.0,39946.272176896855
6675,0.0,42306.83158044045
6676,0.0,42306.83158044045
6677,0.0,39946.272176896855
6678,0.0,37585.71277335322
6679,0.0,38765.99247512504
6680,70.72790424673833,39946.272176896855
6681,180.14750061042716,48039.61870333207
6682,274.8433350434972,50308.13731849218
6683,353.0815584083977,53635.99362048036
6684,384.9895075995458,59023.951442746926
6685,387.44136831373766,65935.32394718725
6686,378.5370077380597,64000.73015029813
6687,326.05902671657964,62066.13635340902
6688,69.37256366938715,56963.849922468544
6689,68.76231823711433,54745.2790544764
6690,38.8683157228929,49198.851884496136
6691,0.0,43487.11128221227
6692,0.0,41126.55187866863
6693,0.0,39946.272176896855
6694,0.0,38765.99247512504
6695,0.0,37585.71277335322
6696,0.0,36615.70794793733
6697,0.0,34556.87418244063
6698,0.0,29409.78976869893
6699,0.0,30439.206651447275
6700,0.0,31468.6235341956
6701,0.0,33527.45729969231
6702,0.0,34556.87418244063
6703,0.0,34556.87418244063
6704,64.11637857813615,35586.29106518898
6705,172.94085599836632,44667.39098398404
6706,265.0441383205336,45847.67068575586
6707,317.5362374482661,47027.95038752768
6708,340.1119228596324,49198.851884496136
6709,354.1700864920313,52526.708186484306
6710,342.1198612987621,52526.708186484306
6711,296.63604488252963,56963.849922468544
6712,90.47459155861648,54745.2790544764
6713,78.86711985533871,51417.42275248823
6714,45.75794616612474,48039.61870333207
6715,0.0,42306.83158044045
6716,0.0,38765.99247512504
6717,0.0,41126.55187866863
6718,0.0,42306.83158044045
6719,0.0,42306.83158044045
6720,0.0,38765.99247512504
6721,0.0,36615.70794793733
6722,0.0,29409.78976869893
6723,0.0,30439.206651447275
6724,0.0,32498.04041694395
6725,0.0,33527.45729969231
6726,0.0,32498.04041694395
6727,0.0,32498.04041694395
6728,62.24115099186513,33527.45729969231
6729,184.1308791297308,38765.99247512504
6730,267.820070032251,38765.99247512504
6731,344.4097474753904,37585.71277335322
6732,373.15002000356594,37585.71277335322
6733,385.3245562987213,42306.83158044045
6734,340.74480681096594,48039.61870333207
6735,300.08107481807303,51417.42275248823
6736,109.32264929730508,50308.13731849218
6737,63.56881148812942,49198.851884496136
6738,39.24746906950676,50308.13731849218
6739,0.0,54745.2790544764
6740,0.0,58073.13535646457
6741,0.0,59023.951442746926
6742,0.0,51417.42275248823
6743,0.0,45847.67068575586
6744,0.0,44667.39098398404
6745,0.0,43487.11128221227
6746,0.0,41126.55187866863
6747,0.0,39946.272176896855
6748,0.0,41126.55187866863
6749,0.0,38765.99247512504
6750,0.0,41126.55187866863
6751,0.0,44667.39098398404
6752,66.15982204565823,48039.61870333207
6753,188.70330215221767,54745.2790544764
6754,270.67449126513105,53635.99362048036
6755,346.52912076306023,51417.42275248823
6756,381.71093258294366,50308.13731849218
6757,353.1636431017824,50308.13731849218
6758,335.0791938189845,48039.61870333207
6759,328.64055789436617,50308.13731849218
6760,74.42331088198372,52526.708186484306
6761,95.82875363902636,52526.708186484306
6762,39.27630395390547,51417.42275248823
6763,0.0,48039.61870333207
6764,0.0,49198.851884496136
6765,0.0,51417.42275248823
6766,0.0,54745.2790544764
6767,0.0,55854.564488472475
6768,0.0,56963.849922468544
6769,0.0,54745.2790544764
6770,0.0,49198.851884496136
6771,0.0,44667.39098398404
6772,0.0,41126.55187866863
6773,0.0,41126.55187866863
6774,0.0,35586.29106518898
6775,0.0,27350.95600320225
6776,63.15469205466128,28380.372885950583
6777,187.87332006118973,37585.71277335322
6778,277.7923679641706,41126.55187866863
6779,352.644343029966,41126.55187866863
6780,387.0514052207068,42306.83158044045
6781,369.5672606538992,42306.83158044045
6782,363.7390766244048,37585.71277335322
6783,260.3981175011558,42306.83158044045
6784,74.386574887842,50308.13731849218
6785,50.22299744428165,52526.708186484306
6786,36.67565354600049,54745.2790544764
6787,0.0,50308.13731849218
6788,0.0,48039.61870333207
6789,0.0,45847.67068575586
6790,0.0,43487.11128221227
6791,0.0,38765.99247512504
6792,0.0,34556.87418244063
6793,0.0,32498.04041694395
6794,0.0,30439.206651447275
6795,0.0,35586.29106518898
6796,0.0,35586.29106518898
6797,0.0,29409.78976869893
6798,0.0,22776.007232676242
6799,0.0,15812.290768367156
6800,68.20738820117452,17370.300843465728
6801,180.47577780022831,26468.598675132238
6802,259.56797058589694,30439.206651447275
6803,351.92061996473484,31468.6235341956
6804,358.22121213262113,32498.04041694395
6805,359.0536493577987,35586.29106518898
6806,359.56071768175656,34556.87418244063
6807,324.9417814320456,37585.71277335322
6808,58.51933159561854,42306.83158044045
6809,49.340763506688056,48039.61870333207
6810,32.2996760548348,53635.99362048036
6811,0.0,52526.708186484306
6812,0.0,49198.851884496136
6813,0.0,47027.95038752768
6814,0.0,48039.61870333207
6815,0.0,49198.851884496136
6816,0.0,47027.95038752768
6817,0.0,44667.39098398404
6818,0.0,37585.71277335322
6819,0.0,32498.04041694395
6820,0.0,28380.372885950583
6821,0.0,24621.858194845674
6822,0.0,22776.007232676242
6823,0.0,22776.007232676242
6824,81.02759313555357,25544.783675930397
6825,168.07783820695693,29409.78976869893
6826,272.9970772217122,33527.45729969231
6827,345.2013773569404,41126.55187866863
6828,365.9691078655691,45847.67068575586
6829,361.3798812178019,49198.851884496136
6830,363.1919353789917,47027.95038752768
6831,314.05000061234057,48039.61870333207
6832,62.03796646394264,52526.708186484306
6833,75.96358607270056,52526.708186484306
6834,37.10910312247138,56963.849922468544
6835,0.0,52526.708186484306
6836,0.0,52526.708186484306
6837,0.0,50308.13731849218
6838,0.0,50308.13731849218
6839,0.0,50308.13731849218
6840,0.0,48039.61870333207
6841,0.0,44667.39098398404
6842,0.0,37585.71277335322
6843,0.0,35586.29106518898
6844,0.0,33527.45729969231
6845,0.0,31468.6235341956
6846,0.0,29409.78976869893
6847,0.0,29409.78976869893
6848,57.150656068475065,30439.206651447275
6849,183.4178025428133,36615.70794793733
6850,276.5851200067991,34556.87418244063
6851,342.7923817086242,33527.45729969231
6852,370.689972095408,35586.29106518898
6853,378.6033717681898,39946.272176896855
6854,368.0114538993581,41126.55187866863
6855,298.1434526844135,45847.67068575586
6856,81.09827231991044,50308.13731849218
6857,65.21611178705842,52526.708186484306
6858,39.70600460842862,54745.2790544764
6859,0.0,54745.2790544764
6860,0.0,53635.99362048036
6861,0.0,50308.13731849218
6862,0.0,47027.95038752768
6863,0.0,44667.39098398404
6864,0.0,42306.83158044045
6865,0.0,37585.71277335322
6866,0.0,30439.206651447275
6867,0.0,21853.08175159152
6868,0.0,15812.290768367156
6869,0.0,20007.23078942208
6870,0.0,24621.858194845674
6871,0.0,26468.598675132238
6872,67.7729907740471,27350.95600320225
6873,175.8274883600154,34556.87418244063
6874,268.44168143515617,33527.45729969231
6875,355.58711786767014,32498.04041694395
6876,393.3802148073891,33527.45729969231
6877,401.078624128702,34556.87418244063
6878,374.8119252277491,34556.87418244063
6879,310.92271185547736,39946.272176896855
6880,103.81781286372345,50308.13731849218
6881,90.66152744385867,55854.564488472475
6882,37.06811336046226,55854.564488472475
6883,0.0,54745.2790544764
6884,0.0,47027.95038752768
6885,0.0,37585.71277335322
6886,0.0,33527.45729969231
6887,0.0,28380.372885950583
6888,0.0,24621.858194845674
6889,0.0,19084.305308337352
6890,0.0,11286.406197663246
6891,0.0,9209.979722357926
6892,0.0,10639.851258991263
6893,0.0,11286.406197663246
6894,0.0,12040.720292780567
6895,0.0,11286.406197663246
6896,75.04096846114446,12795.034387897882
6897,189.22160894984347,15812.290768367156
6898,261.4410666803592,18161.37982725263
6899,338.4091589672268,20007.23078942208
6900,374.2413437623292,20930.156270506784
6901,390.3184538788913,22776.007232676242
6902,373.6147478196358,23698.932713760954
6903,318.57136645357326,30439.206651447275
6904,61.86833098358186,36615.70794793733
6905,52.74496281409812,43487.11128221227
6906,30.978664767360872,48039.61870333207
6907,0.0,50308.13731849218
6908,0.0,59023.951442746926
6909,0.0,62066.13635340902
6910,0.0,54745.2790544764
6911,0.0,43487.11128221227
6912,0.0,29409.78976869893
6913,0.0,20930.156270506784
6914,0.0,12795.034387897882
6915,0.0,9885.537163873942
6916,0.0,6938.163153533998
6917,0.0,5234.300726916051
6918,0.0,3326.411511068373
6919,0.0,2367.98889609578
6920,73.8431682704573,3645.8857160592397
6921,189.12870218988664,9209.979722357926
6922,262.314637610056,15057.976673249845
6923,355.0024628170797,20930.156270506784
6924,383.7255226546549,28380.372885950583
6925,396.6215588600565,31468.6235341956
6926,366.301410943484,30439.206651447275
6927,321.0557471782903,33527.45729969231
6928,56.778756831958994,38765.99247512504
6929,52.762247565305024,38765.99247512504
6930,34.44394514782579,37585.71277335322
6931,0.0,36615.70794793733
6932,0.0,39946.272176896855
6933,0.0,34556.87418244063
6934,0.0,31468.6235341956
6935,0.0,26468.598675132238
6936,0.0,17370.300843465728
6937,0.0,10639.851258991263
6938,0.0,4747.482890739503
6939,0.0,2687.4631010866456
6940,0.0,1729.0404861140526
6941,0.0,2048.5146911049164
6942,0.0,2367.98889609578
6943,0.0,2367.98889609578
6944,73.01288312745484,2687.4631010866456
6945,177.87528712588414,4179.528748533515
6946,238.2148329295923,4179.528748533515
6947,348.66406353830166,6370.2090113280165
6948,390.34883205294017,10639.851258991263
6949,391.1766256183508,18161.37982725263
6950,352.9108216552154,16566.604863484477
6951,311.0078762795655,24621.858194845674
6952,60.15525066720696,20007.23078942208
6953,47.956740772467874,26468.598675132238
6954,34.86742775654619,26468.598675132238
6955,0.0,26468.598675132238
6956,0.0,27350.95600320225
6957,0.0,32498.04041694395
6958,0.0,33527.45729969231
6959,0.0,29409.78976869893
6960,0.0,23698.932713760954
6961,0.0,17370.300843465728
6962,0.0,15057.976673249845
6963,0.0,15057.976673249845
6964,0.0,12795.034387897882
6965,0.0,9885.537163873942
6966,0.0,10639.851258991263
6967,0.0,12795.034387897882
6968,59.99619841215765,18161.37982725263
6969,204.39792372294943,27350.95600320225
6970,281.68408500438983,29409.78976869893
6971,307.49287503917657,27350.95600320225
6972,382.0940111785746,27350.95600320225
6973,392.5991760110223,29409.78976869893
6974,370.9282207723828,32498.04041694395
6975,314.8911203275177,39946.272176896855
6976,63.65029632772962,43487.11128221227
6977,57.4897787193879,41126.55187866863
6978,40.06134282921496,38765.99247512504
6979,0.0,33527.45729969231
6980,0.0,30439.206651447275
6981,0.0,30439.206651447275
6982,0.0,31468.6235341956
6983,0.0,29409.78976869893
6984,0.0,22776.007232676242
6985,0.0,15057.976673249845
6986,0.0,10639.851258991263
6987,0.0,6938.163153533998
6988,0.0,4179.528748533515
6989,0.0,2048.5146911049164
6990,0.0,1135.7312482738735
6991,0.0,496.78283829214564
6992,63.87267598091837,2367.98889609578
6993,175.8064597098614,8074.07143794596
6994,285.1413540824369,13549.348483015208
6995,352.0056713462087,19084.305308337352
6996,392.4751360218413,21853.08175159152
6997,397.5724384831019,23698.932713760954
6998,377.514277796652,20930.156270506784
6999,317.3699020628149,25544.783675930397
7000,59.77927083028812,30439.206651447275
7001,51.02114970451997,32498.04041694395
7002,31.85615645560398,31468.6235341956
7003,0.0,29409.78976869893
7004,0.0,29409.78976869893
7005,0.0,31468.6235341956
7006,0.0,32498.04041694395
7007,0.0,27350.95600320225
7008,0.0,17370.300843465728
7009,0.0,9885.537163873942
7010,0.0,10639.851258991263
7011,0.0,12040.720292780567
7012,0.0,14303.662578132522
7013,0.0,13549.348483015208
7014,0.0,14303.662578132522
7015,0.0,14303.662578132522
7016,68.71116231842645,14303.662578132522
7017,196.679938509502,14303.662578132522
7018,279.18030007395885,10639.851258991263
7019,352.49073739806795,6370.2090113280165
7020,384.0707578045786,6370.2090113280165
7021,397.2055611896962,12040.720292780567
7022,374.7076288426698,18161.37982725263
7023,318.50180390767053,34556.87418244063
7024,51.073539809746094,43487.11128221227
7025,47.90797663620624,39946.272176896855
7026,31.76963435043083,35586.29106518898
7027,0.0,31468.6235341956
7028,0.0,27350.95600320225
7029,0.0,25544.783675930397
7030,0.0,24621.858194845674
7031,0.0,23698.932713760954
7032,0.0,24621.858194845674
7033,0.0,22776.007232676242
7034,0.0,13549.348483015208
7035,0.0,12795.034387897882
7036,0.0,14303.662578132522
7037,0.0,14303.662578132522
7038,0.0,17370.300843465728
7039,0.0,21853.08175159152
7040,64.96087818569075,30439.206651447275
7041,202.43101635025576,33527.45729969231
7042,288.6265166106704,34556.87418244063
7043,327.9047371956313,37585.71277335322
7044,390.3533405051949,41126.55187866863
7045,393.4834905423565,42306.83158044045
7046,372.479898165614,34556.87418244063
7047,310.6295807379716,38765.99247512504
7048,93.59077001557492,43487.11128221227
7049,56.97409838487992,44667.39098398404
7050,32.2276017111993,49198.851884496136
7051,0.0,49198.851884496136
7052,0.0,48039.61870333207
7053,0.0,45847.67068575586
7054,0.0,47027.95038752768
7055,0.0,47027.95038752768
7056,0.0,44667.39098398404
7057,0.0,44667.39098398404
7058,0.0,45847.67068575586
7059,0.0,44667.39098398404
7060,0.0,43487.11128221227
7061,0.0,38765.99247512504
7062,0.0,34556.87418244063
7063,0.0,28380.372885950583
7064,30.493271307469204,29409.78976869893
7065,135.756071014263,37585.71277335322
7066,57.96430035030048,48039.61870333207
7067,232.43230965614688,48039.61870333207
7068,132.28020658846407,42306.83158044045
7069,95.36266562376696,41126.55187866863
7070,268.04264050491435,39946.272176896855
7071,172.685200143109,39946.272176896855
7072,132.19035291119323,35586.29106518898
7073,62.66476773373467,36615.70794793733
7074,39.28765569069482,43487.11128221227
7075,0.0,49198.851884496136
7076,0.0,55854.564488472475
7077,0.0,61098.839454964436
7078,0.0,71263.67014493943
7079,0.0,69666.32626975914
7080,0.0,64000.73015029813
7081,0.0,65935.32394718725
7082,0.0,60131.54255651987
7083,0.0,60131.54255651987
7084,0.0,60131.54255651987
7085,0.0,62066.13635340902
7086,0.0,56963.849922468544
7087,0.0,49198.851884496136
7088,9.370600606583832,50308.13731849218
7089,56.29131632756287,60131.54255651987
7090,142.01642712834266,60131.54255651987
7091,219.845453596689,64968.02704874271
7092,228.88666074643703,67869.91774407637
7093,131.8614249544226,70491.6074828782
7094,247.4142468608531,69666.32626975914
7095,144.06217538372965,66902.62084563181
7096,66.70622103297121,71263.67014493943
7097,69.2788753898581,69666.32626975914
7098,35.868469563803764,68699.02937131457
7099,0.0,69666.32626975914
7100,0.0,73579.85813112323
7101,0.0,77329.87677542074
7102,0.0,79147.44993957113
7103,0.0,78011.54165515918
7104,0.0,76557.81411335949
7105,0.0,75123.98345524572
7106,0.0,73579.85813112323
7107,0.0,75123.98345524572
7108,0.0,75123.98345524572
7109,0.0,69666.32626975914
7110,0.0,58073.13535646457
7111,0.0,43487.11128221227
7112,12.495180393250102,38765.99247512504
7113,134.1693193236273,33527.45729969231
7114,107.65224070981674,35586.29106518898
7115,236.4458924048162,36615.70794793733
7116,149.83489807313126,43487.11128221227
7117,231.21642346304645,48039.61870333207
7118,68.44248188601601,72807.79546906195
7119,42.84814052363812,84477.6992621887
7120,40.76055730166456,89334.1200107174
7121,17.372269261843417,84921.41343578711
7122,31.503951752806845,80851.31236618907
7123,0.0,79147.44993957113
7124,0.0,78011.54165515918
7125,0.0,73579.85813112323
7126,0.0,72035.7328070007
7127,0.0,47027.95038752768
7128,0.0,11286.406197663246
7129,0.0,5802.254869122039
7130,0.0,496.78283829214564
7131,0.0,1409.5662811231873
7132,0.0,1409.5662811231873
7133,0.0,3326.411511068373
7134,0.0,5234.300726916051
7135,0.0,6938.163153533998
7136,13.797362615902346,13549.348483015208
7137,126.29507774475036,20930.156270506784
7138,91.92396085898348,19084.305308337352
7139,263.68440517572776,25544.783675930397
7140,281.7058030749426,31468.6235341956
7141,347.40427500093006,31468.6235341956
7142,346.7621033620624,26468.598675132238
7143,295.4319980168437,21853.08175159152
7144,62.52751680451626,34556.87418244063
7145,54.67495415820075,48039.61870333207
7146,34.574298183375824,47027.95038752768
7147,0.0,35586.29106518898
7148,0.0,32498.04041694395
7149,0.0,29409.78976869893
7150,0.0,32498.04041694395
7151,0.0,35586.29106518898
7152,0.0,36615.70794793733
7153,0.0,31468.6235341956
7154,0.0,19084.305308337352
7155,0.0,19084.305308337352
7156,0.0,20007.23078942208
7157,0.0,20930.156270506784
7158,0.0,20930.156270506784
7159,0.0,18161.37982725263
7160,70.98373770732948,15057.976673249845
7161,187.9164776118974,14303.662578132522
7162,278.5023584359518,12795.034387897882
7163,345.4238500824962,12795.034387897882
7164,355.2184620017024,16566.604863484477
7165,369.3229665929497,29409.78976869893
7166,343.25711391782846,44667.39098398404
7167,294.500697158936,42306.83158044045
7168,93.71318744642964,53635.99362048036
7169,91.00691089752551,48039.61870333207
7170,41.07540771054727,47027.95038752768
7171,0.0,44667.39098398404
7172,0.0,37585.71277335322
7173,0.0,36615.70794793733
7174,0.0,33527.45729969231
7175,0.0,29409.78976869893
7176,0.0,24621.858194845674
7177,0.0,21853.08175159152
7178,0.0,16566.604863484477
7179,0.0,12795.034387897882
7180,0.0,18161.37982725263
7181,0.0,16566.604863484477
7182,0.0,17370.300843465728
7183,0.0,15812.290768367156
7184,80.35323382645203,17370.300843465728
7185,182.99587503774552,20007.23078942208
7186,256.51967509505863,15057.976673249845
7187,243.9682781970618,12795.034387897882
7188,340.9358774265029,14303.662578132522
7189,285.9648038281646,13549.348483015208
7190,140.59195635491662,12040.720292780567
7191,211.47769946620093,12040.720292780567
7192,85.07156631278342,15812.290768367156
7193,85.25995578063456,16566.604863484477
7194,41.87233941110596,20007.23078942208
7195,0.0,20007.23078942208
7196,0.0,20930.156270506784
7197,0.0,20007.23078942208
7198,0.0,23698.932713760954
7199,0.0,26468.598675132238
7200,0.0,27350.95600320225
7201,0.0,30439.206651447275
7202,0.0,22776.007232676242
7203,0.0,25544.783675930397
7204,0.0,25544.783675930397
7205,0.0,20930.156270506784
7206,0.0,20007.23078942208
7207,0.0,17370.300843465728
7208,60.84387401739678,15057.976673249845
7209,202.71260484833303,16566.604863484477
7210,291.9086375137148,14303.662578132522
7211,334.01786601745425,15057.976673249845
7212,366.1217526256015,15812.290768367156
7213,378.34786511772063,20007.23078942208
7214,358.2167041264956,17370.300843465728
7215,301.1037213906769,21853.08175159152
7216,55.39848266774869,28380.372885950583
7217,46.66405311770492,31468.6235341956
7218,31.809818581302505,33527.45729969231
7219,0.0,30439.206651447275
7220,0.0,29409.78976869893
7221,0.0,30439.206651447275
7222,0.0,29409.78976869893
7223,0.0,27350.95600320225
7224,0.0,24621.858194845674
7225,0.0,21853.08175159152
7226,0.0,15057.976673249845
7227,0.0,12795.034387897882
7228,0.0,9885.537163873942
7229,0.0,7506.117295739982
7230,0.0,6370.2090113280165
7231,0.0,6370.2090113280165
7232,96.80776524713364,8074.07143794596
7233,158.2102085560999,12040.720292780567
7234,290.9702950758579,12795.034387897882
7235,330.72815888537,15057.976673249845
7236,354.9860284654836,18161.37982725263
7237,363.8524799134527,20007.23078942208
7238,340.4694739774955,22776.007232676242
7239,292.76961588546163,28380.372885950583
7240,61.45008726723023,35586.29106518898
7241,50.108124963304085,34556.87418244063
7242,32.657682981959795,34556.87418244063
7243,0.0,32498.04041694395
7244,0.0,32498.04041694395
7245,0.0,29409.78976869893
7246,0.0,28380.372885950583
7247,0.0,25544.783675930397
7248,0.0,22776.007232676242
7249,0.0,17370.300843465728
7250,0.0,12040.720292780567
7251,0.0,9885.537163873942
7252,0.0,9885.537163873942
7253,0.0,9209.979722357926
7254,0.0,8074.07143794596
7255,0.0,7506.117295739982
7256,82.64329612538499,6938.163153533998
7257,203.844224883261,8642.025580151947
7258,259.3240393703136,9209.979722357926
7259,350.55110326645223,11286.406197663246
7260,367.7605131363031,13549.348483015208
7261,381.0906507944306,15057.976673249845
7262,362.8642821678591,15057.976673249845
7263,301.76888618497213,15812.290768367156
7264,55.43495107081717,21853.08175159152
7265,48.83782462918046,29409.78976869893
7266,31.775852775276714,36615.70794793733
7267,0.0,35586.29106518898
7268,0.0,31468.6235341956
7269,0.0,28380.372885950583
7270,0.0,25544.783675930397
7271,0.0,22776.007232676242
7272,0.0,19084.305308337352
7273,0.0,17370.300843465728
7274,0.0,15812.290768367156
7275,0.0,14303.662578132522
7276,0.0,13549.348483015208
7277,0.0,12040.720292780567
7278,0.0,13549.348483015208
7279,0.0,13549.348483015208
7280,44.32540599908668,15057.976673249845
7281,79.11535276597569,19084.305308337352
7282,203.0057087104412,15812.290768367156
7283,345.4685482655216,12795.034387897882
7284,346.9420814524646,12795.034387897882
7285,353.1819826202399,12795.034387897882
7286,340.66021488953385,15812.290768367156
7287,296.82898921434906,13549.348483015208
7288,66.4693318414297,18161.37982725263
7289,52.33044776498054,23698.932713760954
7290,36.1445622209335,15057.976673249845
7291,0.0,12795.034387897882
7292,0.0,8317.480356034239
7293,0.0,9209.979722357926
7294,0.0,10316.573789655267
7295,0.0,11501.924510553912
7296,0.0,12687.275231452551
7297,0.0,13872.625952351198
7298,0.0,15057.976673249845
7299,0.0,16243.327394148484
7300,0.0,17502.147340763546
7301,0.0,18952.45881103954
7302,0.0,20402.770281315516
7303,0.0,21853.08175159152
7304,44.30056804236378,23303.393221867507
7305,162.09743103652613,24753.704692143492
7306,261.4162293568098,26204.016162419477
7307,295.8379105043553,27792.13466723725
7308,354.5091919544506,22776.007232676242
7309,370.6032744734222,23698.932713760954
7310,341.9918710977234,26468.598675132238
7311,289.70493416112873,35586.29106518898
7312,61.8008687931122,44667.39098398404
7313,50.45124479318002,48039.61870333207
7314,37.8399285959206,48039.61870333207
7315,0.0,45847.67068575586
7316,0.0,42306.83158044045
7317,0.0,43487.11128221227
7318,0.0,44667.39098398404
7319,0.0,44667.39098398404
7320,0.0,47027.95038752768
7321,0.0,43487.11128221227
7322,0.0,37585.71277335322
7323,0.0,30439.206651447275
7324,0.0,26468.598675132238
7325,0.0,23698.932713760954
7326,0.0,22776.007232676242
7327,0.0,22776.007232676242
7328,80.73379332850328,25544.783675930397
7329,161.30041809783597,30439.206651447275
7330,258.44209677715713,29409.78976869893
7331,321.9341382622209,30439.206651447275
7332,365.3145651111385,29409.78976869893
7333,381.381503286891,31468.6235341956
7334,344.13093806701534,33527.45729969231
7335,280.5638166694731,38765.99247512504
7336,64.87830106132333,45847.67068575586
7337,59.617957171787154,49198.851884496136
7338,37.40823979987125,44667.39098398404
7339,0.0,36615.70794793733
7340,0.0,32498.04041694395
7341,0.0,31468.6235341956
7342,0.0,32498.04041694395
7343,0.0,33527.45729969231
7344,0.0,31468.6235341956
7345,0.0,29409.78976869893
7346,0.0,29409.78976869893
7347,0.0,26468.598675132238
7348,0.0,23698.932713760954
7349,0.0,22776.007232676242
7350,0.0,23698.932713760954
7351,0.0,25544.783675930397
7352,10.236695083409,29409.78976869893
7353,103.54307591292503,34556.87418244063
7354,172.17904032992885,28380.372885950583
7355,208.5600760104749,25544.783675930397
7356,298.8893995761344,25544.783675930397
7357,309.6217720579467,22776.007232676242
7358,240.11795052512807,17370.300843465728
7359,242.56683462229333,17370.300843465728
7360,132.53370134303722,33527.45729969231
7361,83.03628399592307,30439.206651447275
7362,42.23506253464693,31468.6235341956
7363,0.0,30439.206651447275
7364,0.0,28380.372885950583
7365,0.0,27350.95600320225
7366,0.0,27350.95600320225
7367,0.0,29409.78976869893
7368,0.0,28380.372885950583
7369,0.0,26468.598675132238
7370,0.0,22776.007232676242
7371,0.0,19084.305308337352
7372,0.0,15057.976673249845
7373,0.0,12795.034387897882
7374,0.0,12040.720292780567
7375,0.0,12040.720292780567
7376,96.88631409281317,10639.851258991263
7377,167.096272632171,14303.662578132522
7378,256.1858998265642,15812.290768367156
7379,321.4768058951575,17370.300843465728
7380,335.4540159094587,20007.23078942208
7381,352.0593608556369,26468.598675132238
7382,328.4834313545168,31468.6235341956
7383,269.82817042427297,31468.6235341956
7384,62.560601685775445,34556.87418244063
7385,64.12372846429008,38765.99247512504
7386,39.535716217736734,35586.29106518898
7387,0.0,32498.04041694395
7388,0.0,31468.6235341956
7389,0.0,30439.206651447275
7390,0.0,27350.95600320225
7391,0.0,26468.598675132238
7392,0.0,26468.598675132238
7393,0.0,26468.598675132238
7394,0.0,30439.206651447275
7395,0.0,27350.95600320225
7396,0.0,20930.156270506784
7397,0.0,17370.300843465728
7398,0.0,15812.290768367156
7399,0.0,12795.034387897882
7400,17.673336182801,11286.406197663246
7401,101.81348406349515,17370.300843465728
7402,259.10084296079964,20007.23078942208
7403,315.24901711001246,23698.932713760954
7404,315.4035504045981,26468.598675132238
7405,337.3251465267293,30439.206651447275
7406,345.0955644694532,29409.78976869893
7407,282.51170521355306,39946.272176896855
7408,64.70451108233237,48039.61870333207
7409,55.184575278446665,53635.99362048036
7410,35.21890627525091,48039.61870333207
7411,0.0,42306.83158044045
7412,0.0,35586.29106518898
7413,0.0,32498.04041694395
7414,0.0,33527.45729969231
7415,0.0,31468.6235341956
7416,0.0,30439.206651447275
7417,0.0,28380.372885950583
7418,0.0,29409.78976869893
7419,0.0,27350.95600320225
7420,0.0,17370.300843465728
7421,0.0,13549.348483015208
7422,0.0,13549.348483015208
7423,0.0,13549.348483015208
7424,64.00667631098592,13549.348483015208
7425,167.43495869244978,15057.976673249845
7426,205.7297898953369,15057.976673249845
7427,295.5875986089735,14303.662578132522
7428,307.1766894393721,20007.23078942208
7429,369.3979423787416,27350.95600320225
7430,347.7942311062159,30439.206651447275
7431,275.4827145607093,41126.55187866863
7432,131.87778348404638,45847.67068575586
7433,52.15581913395041,53635.99362048036
7434,33.48757208547626,47027.95038752768
7435,0.0,39946.272176896855
7436,0.0,32498.04041694395
7437,0.0,23698.932713760954
7438,0.0,20007.23078942208
7439,0.0,16566.604863484477
7440,0.0,11286.406197663246
7441,0.0,9885.537163873942
7442,0.0,2687.4631010866456
7443,0.0,1409.5662811231873
7444,0.0,816.2570432830095
7445,0.0,323.38336434993766
7446,0.0,1409.5662811231873
7447,0.0,2367.98889609578
7448,83.51024785793422,8642.025580151947
7449,183.609313309592,18161.37982725263
7450,259.49041701831874,12040.720292780567
7451,338.067337389455,2367.98889609578
7452,371.85487979698894,1729.0404861140526
7453,377.9295016344542,4179.528748533515
7454,352.0293391386214,11286.406197663246
7455,286.17301791825844,18161.37982725263
7456,53.57125035160509,29409.78976869893
7457,46.99508986318304,44667.39098398404
7458,29.983445584591717,42306.83158044045
7459,0.0,29409.78976869893
7460,0.0,26468.598675132238
7461,0.0,25544.783675930397
7462,0.0,20930.156270506784
7463,0.0,15057.976673249845
7464,0.0,16566.604863484477
7465,0.0,21853.08175159152
7466,0.0,19084.305308337352
7467,0.0,15057.976673249845
7468,0.0,11286.406197663246
7469,0.0,9885.537163873942
7470,0.0,11286.406197663246
7471,0.0,12040.720292780567
7472,97.3628665241144,12795.034387897882
7473,180.937776910341,15057.976673249845
7474,263.0455196934768,15057.976673249845
7475,309.5213006030098,15812.290768367156
7476,366.35149781136096,19084.305308337352
7477,373.5905187935789,26468.598675132238
7478,348.5052358247557,35586.29106518898
7479,284.2021793242469,37585.71277335322
7480,69.98549843555462,47027.95038752768
7481,55.220803041824425,47027.95038752768
7482,38.27375888603939,41126.55187866863
7483,0.0,38765.99247512504
7484,0.0,32498.04041694395
7485,0.0,31468.6235341956
7486,0.0,31468.6235341956
7487,0.0,28380.372885950583
7488,0.0,23698.932713760954
7489,0.0,15812.290768367156
7490,0.0,7506.117295739982
7491,0.0,3006.937306077509
7492,0.0,367.75478170978005
7493,0.0,19.12221673959045
7494,0.0,0.0
7495,0.0,0.0
7496,94.47479221472938,0.0
7497,175.15354566659272,0.0
7498,275.3719822067996,0.0
7499,342.0864717405887,0.0
7500,364.74291960619786,0.0
7501,295.5707372453875,19.12221673959045
7502,316.5927460873938,4179.528748533515
7503,39.9005213137446,15812.290768367156
7504,116.28903561406534,22776.007232676242
7505,58.50722834695943,8074.07143794596
7506,40.02295264392372,6370.2090113280165
7507,0.0,4747.482890739503
7508,0.0,3006.937306077509
7509,0.0,1135.7312482738735
7510,0.0,496.78283829214564
7511,0.0,1409.5662811231873
7512,0.0,2048.5146911049164
7513,0.0,1135.7312482738735
7514,0.0,107.86505145927525
7515,0.0,0.0
7516,0.0,107.86505145927525
7517,0.0,279.01194699009545
7518,0.0,107.86505145927525
7519,0.0,0.0
7520,80.639854555501,0.0
7521,192.1889948187583,19.12221673959045
7522,268.56468732139246,0.0
7523,319.5668374350548,19.12221673959045
7524,368.4555424640997,1135.7312482738735
7525,375.8437048012702,6370.2090113280165
7526,351.25583333860936,9885.537163873942
7527,281.4542352485643,16566.604863484477
7528,136.3357140759359,19084.305308337352
7529,93.35606087728718,21853.08175159152
7530,37.3139841034229,20930.156270506784
7531,0.0,12795.034387897882
7532,0.0,8074.07143794596
7533,0.0,9885.537163873942
7534,0.0,9209.979722357926
7535,0.0,9209.979722357926
7536,0.0,6938.163153533998
7537,0.0,4179.528748533515
7538,0.0,3326.411511068373
7539,0.0,2048.5146911049164
7540,0.0,3006.937306077509
7541,0.0,3645.8857160592397
7542,0.0,4179.528748533515
7543,0.0,3326.411511068373
7544,82.65666167586583,2367.98889609578
7545,168.78819133121877,1729.0404861140526
7546,260.5268915706393,2048.5146911049164
7547,329.79805041501896,3326.411511068373
7548,361.6461102329248,3326.411511068373
7549,375.9582073466573,367.75478170978005
7550,349.6867488685414,5802.254869122039
7551,280.47549941020986,12795.034387897882
7552,67.3605988324559,19084.305308337352
7553,71.03528090482484,20007.23078942208
7554,41.66855090053491,18161.37982725263
7555,0.0,15057.976673249845
7556,0.0,12040.720292780567
7557,0.0,11286.406197663246
7558,0.0,10639.851258991263
7559,0.0,9885.537163873942
7560,0.0,8074.07143794596
7561,0.0,6938.163153533998
7562,0.0,9885.537163873942
7563,0.0,10639.851258991263
7564,0.0,10639.851258991263
7565,0.0,8642.025580151947
7566,0.0,6370.2090113280165
7567,0.0,4747.482890739503
7568,90.35845641855192,3326.411511068373
7569,187.09667748498683,4747.482890739503
7570,263.72806161776623,5802.254869122039
7571,314.9496311521809,5802.254869122039
7572,366.7183614068188,8074.07143794596
7573,374.2884405797618,12795.034387897882
7574,349.182556788702,13549.348483015208
7575,283.4122470776515,15057.976673249845
7576,58.995207086434775,25544.783675930397
7577,46.02486381706571,29409.78976869893
7578,30.34414234532588,24621.858194845674
7579,0.0,22776.007232676242
7580,0.0,18161.37982725263
7581,0.0,17370.300843465728
7582,0.0,16566.604863484477
7583,0.0,17370.300843465728
7584,0.0,19084.305308337352
7585,0.0,18161.37982725263
7586,0.0,21853.08175159152
7587,0.0,20930.156270506784
7588,0.0,17370.300843465728
7589,0.0,15812.290768367156
7590,0.0,13549.348483015208
7591,0.0,12040.720292780567
7592,82.4164193321066,13549.348483015208
7593,180.8895550844554,14303.662578132522
7594,267.68094778026693,12795.034387897882
7595,332.4963861500127,9209.979722357926
7596,347.5792562403336,10639.851258991263
7597,368.7392455321007,12795.034387897882
7598,333.9571680758386,9209.979722357926
7599,283.04615167884907,13549.348483015208
7600,51.74429925924771,20007.23078942208
7601,48.60270986213542,26468.598675132238
7602,33.86670359773709,27350.95600320225
7603,0.0,24621.858194845674
7604,0.0,23698.932713760954
7605,0.0,23698.932713760954
7606,0.0,20930.156270506784
7607,0.0,17370.300843465728
7608,0.0,12795.034387897882
7609,0.0,8642.025580151947
7610,0.0,12795.034387897882
7611,0.0,10639.851258991263
7612,0.0,8074.07143794596
7613,0.0,6938.163153533998
7614,0.0,6370.2090113280165
7615,0.0,5234.300726916051
7616,85.76546476144904,5802.254869122039
7617,192.3406426602673,8074.07143794596
7618,267.38317094809616,8074.07143794596
7619,331.8222012305912,7506.117295739982
7620,368.7569159910784,7506.117295739982
7621,371.3420736508263,8642.025580151947
7622,349.12717993120964,6370.2090113280165
7623,283.77351516696564,7506.117295739982
7624,49.62968948026572,8074.07143794596
7625,43.90061938517875,8642.025580151947
7626,29.08840026782176,8642.025580151947
7627,0.0,8074.07143794596
7628,0.0,8642.025580151947
7629,0.0,8074.07143794596
7630,0.0,6938.163153533998
7631,0.0,5234.300726916051
7632,0.0,5802.254869122039
7633,0.0,4747.482890739503
7634,0.0,3326.411511068373
7635,0.0,2367.98889609578
7636,0.0,2687.4631010866456
7637,0.0,3326.411511068373
7638,0.0,5802.254869122039
7639,0.0,8074.07143794596
7640,70.83713929477386,12040.720292780567
7641,183.4523253287492,18161.37982725263
7642,268.39385431569497,18161.37982725263
7643,334.01213668518824,18161.37982725263
7644,365.56129442253,20007.23078942208
7645,369.3161720625913,20930.156270506784
7646,344.9131632973037,14303.662578132522
7647,278.79363866203306,18161.37982725263
7648,61.61653665268035,27350.95600320225
7649,48.64514517053522,30439.206651447275
7650,36.03298975008396,31468.6235341956
7651,0.0,28380.372885950583
7652,0.0,25544.783675930397
7653,0.0,25544.783675930397
7654,0.0,21853.08175159152
7655,0.0,20930.156270506784
7656,0.0,21853.08175159152
7657,0.0,20007.23078942208
7658,0.0,22776.007232676242
7659,0.0,19084.305308337352
7660,0.0,16566.604863484477
7661,0.0,16566.604863484477
7662,0.0,16566.604863484477
7663,0.0,15057.976673249845
7664,14.118994691391205,15812.290768367156
7665,185.1689262681612,17370.300843465728
7666,265.5969483518683,13549.348483015208
7667,312.025120963978,9885.537163873942
7668,348.9152320407677,8642.025580151947
7669,362.6319498588777,9885.537163873942
7670,337.0515862804881,8074.07143794596
7671,275.08993572489953,14303.662578132522
7672,61.95307260928432,22776.007232676242
7673,67.76206947299659,27350.95600320225
7674,32.486076518151656,27350.95600320225
7675,0.0,24621.858194845674
7676,0.0,21853.08175159152
7677,0.0,19084.305308337352
7678,0.0,16566.604863484477
7679,0.0,16566.604863484477
7680,0.0,15812.290768367156
7681,0.0,12795.034387897882
7682,0.0,11286.406197663246
7683,0.0,12795.034387897882
7684,0.0,17370.300843465728
7685,0.0,15812.290768367156
7686,0.0,16566.604863484477
7687,0.0,15057.976673249845
7688,23.32211334906653,13549.348483015208
7689,170.12435016547764,14303.662578132522
7690,241.03588188270516,12795.034387897882
7691,314.26773014279104,10639.851258991263
7692,346.56825214463333,11286.406197663246
7693,358.5138235256818,16566.604863484477
7694,328.9928863892848,11286.406197663246
7695,258.0178578510535,12795.034387897882
7696,108.60456520005604,15812.290768367156
7697,75.10249529216696,15812.290768367156
7698,43.37426106431984,18161.37982725263
7699,0.0,19084.305308337352
7700,0.0,19084.305308337352
7701,0.0,19084.305308337352
7702,0.0,17370.300843465728
7703,0.0,17370.300843465728
7704,0.0,17370.300843465728
7705,0.0,20930.156270506784
7706,0.0,28380.372885950583
7707,0.0,30439.206651447275
7708,0.0,30439.206651447275
7709,0.0,25544.783675930397
7710,0.0,21853.08175159152
7711,0.0,17370.300843465728
7712,72.93661364806569,13549.348483015208
7713,180.58810679078755,15057.976673249845
7714,254.22126254948407,13549.348483015208
7715,318.1337272030104,12040.720292780567
7716,351.0985822053388,13549.348483015208
7717,359.6766624475462,16566.604863484477
7718,336.7082443571643,11286.406197663246
7719,274.6752239255047,13549.348483015208
7720,72.24120129379048,15812.290768367156
7721,65.7140165710641,24621.858194845674
7722,36.86283328141676,26468.598675132238
7723,0.0,25544.783675930397
7724,0.0,26468.598675132238
7725,0.0,29409.78976869893
7726,0.0,28380.372885950583
7727,0.0,21853.08175159152
7728,0.0,19084.305308337352
7729,0.0,15812.290768367156
7730,0.0,15057.976673249845
7731,0.0,14303.662578132522
7732,0.0,9885.537163873942
7733,0.0,6938.163153533998
7734,0.0,6938.163153533998
7735,0.0,5234.300726916051
7736,68.19767453020872,5802.254869122039
7737,102.21257013325608,8074.07143794596
7738,263.4252805613097,6938.163153533998
7739,319.4625545525469,6370.2090113280165
7740,355.6376128950565,9885.537163873942
7741,362.75953448302806,15812.290768367156
7742,338.5135069051147,15057.976673249845
7743,274.5498908559861,19084.305308337352
7744,121.64367537889127,20930.156270506784
7745,53.85037755859306,26468.598675132238
7746,36.04114573223477,29409.78976869893
7747,0.0,32498.04041694395
7748,0.0,37585.71277335322
7749,0.0,41126.55187866863
7750,0.0,43487.11128221227
7751,0.0,44667.39098398404
7752,0.0,38765.99247512504
7753,0.0,31468.6235341956
7754,0.0,30439.206651447275
7755,0.0,22776.007232676242
7756,0.0,18161.37982725263
7757,0.0,15057.976673249845
7758,0.0,13549.348483015208
7759,0.0,11286.406197663246
7760,74.80808166565183,10639.851258991263
7761,173.556866969178,12795.034387897882
7762,264.7109508459505,11286.406197663246
7763,322.3402757585873,9885.537163873942
7764,357.8708103075554,8642.025580151947
7765,366.8568242234094,10639.851258991263
7766,339.7847526185737,12795.034387897882
7767,275.085152900108,17370.300843465728
7768,69.77330486639737,24621.858194845674
7769,73.43011269368792,36615.70794793733
7770,39.064493617598856,39946.272176896855
7771,0.0,38765.99247512504
7772,0.0,38765.99247512504
7773,0.0,43487.11128221227
7774,0.0,43487.11128221227
7775,0.0,42306.83158044045
7776,0.0,38765.99247512504
7777,0.0,34556.87418244063
7778,0.0,42306.83158044045
7779,0.0,35586.29106518898
7780,0.0,34556.87418244063
7781,0.0,32498.04041694395
7782,0.0,30439.206651447275
7783,0.0,25544.783675930397
7784,84.31062187141681,22776.007232676242
7785,183.00396023970023,22776.007232676242
7786,262.3606555829214,20930.156270506784
7787,325.3379539913812,18161.37982725263
7788,360.19997328968896,15812.290768367156
7789,368.11580374728896,15812.290768367156
7790,340.5872841121316,13549.348483015208
7791,276.484918405584,20007.23078942208
7792,56.90709479193164,31468.6235341956
7793,48.21530723017756,34556.87418244063
7794,32.560585530191815,34556.87418244063
7795,0.0,35586.29106518898
7796,0.0,32498.04041694395
7797,0.0,30439.206651447275
7798,0.0,26468.598675132238
7799,0.0,24621.858194845674
7800,0.0,25544.783675930397
7801,0.0,23698.932713760954
7802,0.0,28380.372885950583
7803,0.0,22776.007232676242
7804,0.0,17370.300843465728
7805,0.0,14303.662578132522
7806,0.0,13549.348483015208
7807,0.0,12795.034387897882
7808,62.64253942291132,14303.662578132522
7809,181.8328597539588,16566.604863484477
7810,261.5022456914967,14303.662578132522
7811,302.5281706915395,13549.348483015208
7812,352.1232424037675,15057.976673249845
7813,364.8638917128874,17370.300843465728
7814,343.933003346005,20007.23078942208
7815,278.2200725909158,28380.372885950583
7816,53.56437108002744,30439.206651447275
7817,47.810111510077526,28380.372885950583
7818,31.667851885606627,27350.95600320225
7819,0.0,26468.598675132238
7820,0.0,27350.95600320225
7821,0.0,30439.206651447275
7822,0.0,30439.206651447275
7823,0.0,27350.95600320225
7824,0.0,23698.932713760954
7825,0.0,20930.156270506784
7826,0.0,17370.300843465728
7827,0.0,17370.300843465728
7828,0.0,17370.300843465728
7829,0.0,18161.37982725263
7830,0.0,20930.156270506784
7831,0.0,22776.007232676242
7832,72.2549314778172,23698.932713760954
7833,171.8481254208071,26468.598675132238
7834,264.19659369539795,22776.007232676242
7835,293.27692093660454,20007.23078942208
7836,349.33390068266425,20930.156270506784
7837,357.7853700962148,23698.932713760954
7838,335.79676093361275,26468.598675132238
7839,277.3023041841638,36615.70794793733
7840,50.47852804818206,47027.95038752768
7841,47.75393663219081,49198.851884496136
7842,31.23934284564758,44667.39098398404
7843,0.0,34556.87418244063
7844,0.0,27350.95600320225
7845,0.0,24621.858194845674
7846,0.0,25544.783675930397
7847,0.0,25544.783675930397
7848,0.0,22776.007232676242
7849,0.0,15057.976673249845
7850,0.0,12795.034387897882
7851,0.0,8642.025580151947
7852,0.0,6938.163153533998
7853,0.0,3645.8857160592397
7854,0.0,2367.98889609578
7855,0.0,190.26911227041086
7856,80.07793840268552,0.0
7857,183.886913823301,323.38336434993766
7858,275.7599728234836,1729.0404861140526
7859,334.9795971253875,4747.482890739503
7860,365.1313028174886,10639.851258991263
7861,373.02897047591534,19084.305308337352
7862,346.30986839490794,21853.08175159152
7863,278.3700518920703,29409.78976869893
7864,48.69567058227752,35586.29106518898
7865,43.821736030460826,31468.6235341956
7866,30.777386860235545,27350.95600320225
7867,0.0,22776.007232676242
7868,0.0,19084.305308337352
7869,0.0,19084.305308337352
7870,0.0,20930.156270506784
7871,0.0,18161.37982725263
7872,0.0,14303.662578132522
7873,0.0,11286.406197663246
7874,0.0,9885.537163873942
7875,0.0,7506.117295739982
7876,0.0,6370.2090113280165
7877,0.0,5234.300726916051
7878,0.0,5802.254869122039
7879,0.0,5802.254869122039
7880,61.38373857199599,5802.254869122039
7881,190.0654574889626,5802.254869122039
7882,262.8062062717954,5802.254869122039
7883,314.57246144654647,6370.2090113280165
7884,361.6701563930578,9885.537163873942
7885,369.5372929739917,17370.300843465728
7886,341.8996645247147,21853.08175159152
7887,277.4020098413735,31468.6235341956
7888,50.53155644564448,36615.70794793733
7889,46.51554842295204,33527.45729969231
7890,39.91031266285141,33527.45729969231
7891,0.0,30439.206651447275
7892,0.0,25544.783675930397
7893,0.0,20007.23078942208
7894,0.0,17370.300843465728
7895,0.0,18161.37982725263
7896,0.0,15812.290768367156
7897,0.0,11286.406197663246
7898,0.0,8074.07143794596
7899,0.0,3645.8857160592397
7900,0.0,1729.0404861140526
7901,0.0,816.2570432830095
7902,0.0,323.38336434993766
7903,0.0,323.38336434993766
7904,14.985558088512876,323.38336434993766
7905,133.5630391452289,279.01194699009545
7906,196.2031921509719,412.12619906962226
7907,319.40749976337617,2367.98889609578
7908,359.47493199659607,5802.254869122039
7909,367.6707954666891,9209.979722357926
7910,341.17555302140323,10639.851258991263
7911,275.2099325961578,15812.290768367156
7912,50.46187591887192,19084.305308337352
7913,46.55961527375132,32498.04041694395
7914,39.51924063512991,31468.6235341956
7915,0.0,27350.95600320225
7916,0.0,27350.95600320225
7917,0.0,27350.95600320225
7918,0.0,26468.598675132238
7919,0.0,26468.598675132238
7920,0.0,26468.598675132238
7921,0.0,22776.007232676242
7922,0.0,16566.604863484477
7923,0.0,8642.025580151947
7924,0.0,5234.300726916051
7925,0.0,2048.5146911049164
7926,0.0,816.2570432830095
7927,0.0,496.78283829214564
7928,73.4411439602734,323.38336434993766
7929,184.50001350386765,323.38336434993766
7930,268.33468601500795,152.23646881911748
7931,323.663214839973,190.26911227041086
7932,356.38736556221386,1729.0404861140526
7933,362.55262267619537,8074.07143794596
7934,339.0663725256887,16566.604863484477
7935,274.723551941535,24621.858194845674
7936,54.34185956850928,30439.206651447275
7937,49.811408787030736,39946.272176896855
7938,44.135480594608815,41126.55187866863
7939,0.0,34556.87418244063
7940,0.0,31468.6235341956
7941,0.0,29409.78976869893
7942,0.0,30439.206651447275
7943,0.0,30439.206651447275
7944,0.0,28380.372885950583
7945,0.0,24621.858194845674
7946,0.0,31468.6235341956
7947,0.0,26468.598675132238
7948,0.0,24621.858194845674
7949,0.0,22776.007232676242
7950,0.0,20007.23078942208
7951,0.0,13549.348483015208
7952,84.05930712983309,15057.976673249845
7953,181.57193553904693,17370.300843465728
7954,268.42346109906856,11286.406197663246
7955,314.8782960484162,12040.720292780567
7956,349.3047965423367,18161.37982725263
7957,363.4736092837575,23698.932713760954
7958,341.0088878523724,26468.598675132238
7959,224.2323242154004,23698.932713760954
7960,121.584191395449,21853.08175159152
7961,95.0936225649146,27350.95600320225
7962,45.43274407687768,28380.372885950583
7963,0.0,22776.007232676242
7964,0.0,18161.37982725263
7965,0.0,18161.37982725263
7966,0.0,15812.290768367156
7967,0.0,15812.290768367156
7968,0.0,12795.034387897882
7969,0.0,9209.979722357926
7970,0.0,6370.2090113280165
7971,0.0,4179.528748533515
7972,0.0,3326.411511068373
7973,0.0,3006.937306077509
7974,0.0,1409.5662811231873
7975,0.0,816.2570432830095
7976,75.42743970004086,1729.0404861140526
7977,178.4373744807872,1409.5662811231873
7978,269.68344435388065,1135.7312482738735
7979,323.68260194923266,2048.5146911049164
7980,355.5965689530526,4179.528748533515
7981,364.0872683516394,7506.117295739982
7982,335.949010842828,6938.163153533998
7983,273.9371334328722,11286.406197663246
7984,55.34945689694884,16566.604863484477
7985,23.272996452389663,21853.08175159152
7986,45.51248189043277,21853.08175159152
7987,0.0,20930.156270506784
7988,0.0,20007.23078942208
7989,0.0,19084.305308337352
7990,0.0,18161.37982725263
7991,0.0,15057.976673249845
7992,0.0,11286.406197663246
7993,0.0,8074.07143794596
7994,0.0,10639.851258991263
7995,0.0,8074.07143794596
7996,0.0,6370.2090113280165
7997,0.0,5234.300726916051
7998,0.0,3645.8857160592397
7999,0.0,3326.411511068373
8000,85.16030787163395,3006.937306077509
8001,184.9260380397276,3006.937306077509
8002,262.72216974979364,2367.98889609578
8003,324.38165911651134,2687.4631010866456
8004,353.7827270788528,3645.8857160592397
8005,364.31146191473374,7506.117295739982
8006,337.9015622374196,9885.537163873942
8007,274.6508026739077,15057.976673249845
8008,54.24184047016315,20007.23078942208
8009,46.81769815063633,20007.23078942208
8010,31.6106466390145,23698.932713760954
8011,0.0,25544.783675930397
8012,0.0,38091.54693125543
8013,0.0,34115.69551840564
8014,0.0,30292.147096768942
8015,0.0,26468.598675132238
8016,0.0,23039.70022727187
8017,0.0,19611.69129752863
8018,0.0,16351.086550593822
8019,0.0,13549.348483015208
8020,0.0,10747.61041543659
8021,0.0,8317.480356034239
8022,0.0,6207.936399269168
8023,0.0,4098.392442504091
8024,8.464079877527764,2733.1022732281967
8025,182.04890297557225,1546.4837975478442
8026,196.2289335567861,437.48129470381787
8027,327.6281846481004,272.6731730815467
8028,359.7825029696976,8642.025580151947
8029,366.70465802576734,9885.537163873942
8030,340.57230688113265,8074.07143794596
8031,276.5021597124004,9885.537163873942
8032,55.26715488247363,17370.300843465728
8033,49.17667438730011,15812.290768367156
8034,34.794244577498404,17370.300843465728
8035,0.0,14303.662578132522
8036,0.0,13549.348483015208
8037,0.0,12795.034387897882
8038,0.0,12040.720292780567
8039,0.0,11286.406197663246
8040,0.0,9885.537163873942
8041,0.0,9885.537163873942
8042,0.0,6370.2090113280165
8043,0.0,5802.254869122039
8044,0.0,7506.117295739982
8045,0.0,10639.851258991263
8046,0.0,12040.720292780567
8047,0.0,7506.117295739982
8048,82.14863455024876,3006.937306077509
8049,181.1749379846121,1135.7312482738735
8050,261.8386132826386,367.75478170978005
8051,322.41277433028176,152.23646881911748
8052,354.84047367004604,0.0
8053,362.1902965367198,367.75478170978005
8054,335.7450822846658,9885.537163873942
8055,270.9003967112384,13549.348483015208
8056,68.69375516232797,9209.979722357926
8057,54.78902339873614,3326.411511068373
8058,37.345174407883945,2687.4631010866456
8059,0.0,2367.98889609578
8060,0.0,3326.411511068373
8061,0.0,6370.2090113280165
8062,0.0,8642.025580151947
8063,0.0,7506.117295739982
8064,0.0,4747.482890739503
8065,0.0,2367.98889609578
8066,0.0,2687.4631010866456
8067,0.0,2687.4631010866456
8068,0.0,2048.5146911049164
8069,0.0,1409.5662811231873
8070,0.0,816.2570432830095
8071,0.0,496.78283829214564
8072,67.80443117496641,816.2570432830095
8073,178.09391018472652,1409.5662811231873
8074,252.00286666697792,816.2570432830095
8075,318.9118313410311,496.78283829214564
8076,353.7241112102813,2048.5146911049164
8077,362.0028490139069,3645.8857160592397
8078,336.157123848339,7506.117295739982
8079,276.30181049708165,9885.537163873942
8080,56.52938238932389,12795.034387897882
8081,47.856242637294805,12040.720292780567
8082,33.42440755146795,11286.406197663246
8083,0.0,12795.034387897882
8084,0.0,12795.034387897882
8085,0.0,13549.348483015208
8086,0.0,17370.300843465728
8087,0.0,18161.37982725263
8088,0.0,15812.290768367156
8089,0.0,12795.034387897882
8090,0.0,10639.851258991263
8091,0.0,9209.979722357926
8092,0.0,6938.163153533998
8093,0.0,5802.254869122039
8094,0.0,7506.117295739982
8095,0.0,6370.2090113280165
8096,81.94603695470754,4747.482890739503
8097,178.3176125730598,6938.163153533998
8098,261.8662754692008,4747.482890739503
8099,319.94535554840866,3006.937306077509
8100,356.06712445528643,2687.4631010866456
8101,362.176587093597,4179.528748533515
8102,340.3659270521852,8074.07143794596
8103,277.49693622628814,14303.662578132522
8104,55.18358128825025,20007.23078942208
8105,49.92102883578792,21853.08175159152
8106,34.2463857558895,19084.305308337352
8107,0.0,15057.976673249845
8108,0.0,16566.604863484477
8109,0.0,15812.290768367156
8110,0.0,18161.37982725263
8111,0.0,20930.156270506784
8112,0.0,19084.305308337352
8113,0.0,14303.662578132522
8114,0.0,9885.537163873942
8115,0.0,8074.07143794596
8116,0.0,7506.117295739982
8117,0.0,3006.937306077509
8118,0.0,2367.98889609578
8119,0.0,2367.98889609578
8120,59.58562847286885,2367.98889609578
8121,173.89538850166286,5802.254869122039
8122,259.51919452276616,5234.300726916051
8123,317.48379236842544,3645.8857160592397
8124,353.39018556268854,3006.937306077509
8125,359.5835393559186,2687.4631010866456
8126,337.45033118501306,9209.979722357926
8127,276.9856164561139,15812.290768367156
8128,55.23055151098889,18161.37982725263
8129,48.66516144053244,15812.290768367156
8130,33.421953594439444,12795.034387897882
8131,0.0,9885.537163873942
8132,0.0,8074.07143794596
8133,0.0,8642.025580151947
8134,0.0,9885.537163873942
8135,0.0,12795.034387897882
8136,0.0,13549.348483015208
8137,0.0,11286.406197663246
8138,0.0,9209.979722357926
8139,0.0,5802.254869122039
8140,0.0,4179.528748533515
8141,0.0,3006.937306077509
8142,0.0,4747.482890739503
8143,0.0,7506.117295739982
8144,57.2579517710893,9885.537163873942
8145,167.1447338672448,10639.851258991263
8146,260.9896166096705,8074.07143794596
8147,316.8111801821658,5802.254869122039
8148,346.9554126647232,2048.5146911049164
8149,359.36105136261625,412.12619906962226
8150,336.402758265267,2367.98889609578
8151,275.3456280743426,6938.163153533998
8152,55.217956674232056,14303.662578132522
8153,47.874039838686194,12040.720292780567
8154,34.34609067100806,9209.979722357926
8155,0.0,12040.720292780567
8156,0.0,13549.348483015208
8157,0.0,15812.290768367156
8158,0.0,20007.23078942208
8159,0.0,21853.08175159152
8160,0.0,20007.23078942208
8161,0.0,15812.290768367156
8162,0.0,16566.604863484477
8163,0.0,14303.662578132522
8164,0.0,10639.851258991263
8165,0.0,9209.979722357926
8166,0.0,9885.537163873942
8167,0.0,12040.720292780567
8168,81.62460702059886,15057.976673249845
8169,179.86480759536573,20930.156270506784
8170,258.16164264212915,21853.08175159152
8171,310.44525233089223,20930.156270506784
8172,333.6442273924449,13549.348483015208
8173,335.20468382791563,8074.07143794596
8174,335.35675485096533,8642.025580151947
8175,274.6295214806254,12795.034387897882
8176,56.79133571409512,21853.08175159152
8177,52.16106121602535,23698.932713760954
8178,33.89692283700492,16566.604863484477
8179,0.0,12795.034387897882
8180,0.0,15057.976673249845
8181,0.0,15057.976673249845
8182,0.0,12795.034387897882
8183,0.0,10639.851258991263
8184,0.0,12040.720292780567
8185,0.0,9885.537163873942
8186,0.0,10639.851258991263
8187,0.0,9885.537163873942
8188,0.0,6370.2090113280165
8189,0.0,3326.411511068373
8190,0.0,2048.5146911049164
8191,0.0,367.75478170978005
8192,72.05164202415642,19.12221673959045
8193,173.7022905208684,19.12221673959045
8194,255.34214602625568,234.64052963025327
8195,316.2418214746164,816.2570432830095
8196,348.6393058114903,1409.5662811231873
8197,352.2585126316815,2367.98889609578
8198,336.1291434699002,4747.482890739503
8199,273.1325602145438,8642.025580151947
8200,66.20468181254414,12040.720292780567
8201,56.41180388941656,15057.976673249845
8202,37.39973616241458,17370.300843465728
8203,0.0,20930.156270506784
8204,0.0,27350.95600320225
8205,0.0,31468.6235341956
8206,0.0,31468.6235341956
8207,0.0,28380.372885950583
8208,0.0,23698.932713760954
8209,0.0,24621.858194845674
8210,0.0,23698.932713760954
8211,0.0,19084.305308337352
8212,0.0,17370.300843465728
8213,0.0,15812.290768367156
8214,0.0,16566.604863484477
8215,0.0,15812.290768367156
8216,65.63714507683461,15057.976673249845
8217,168.48531540762622,19084.305308337352
8218,251.3680942020849,16566.604863484477
8219,312.5915575782927,14303.662578132522
8220,346.9391305253527,13549.348483015208
8221,356.63740643950496,15057.976673249845
8222,333.8631598822485,20007.23078942208
8223,274.53400148085893,32498.04041694395
8224,60.04836966996133,38765.99247512504
8225,50.37404258988669,42306.83158044045
8226,35.577409545676126,36615.70794793733
8227,0.0,37585.71277335322
8228,0.0,42306.83158044045
8229,0.0,42306.83158044045
8230,0.0,42306.83158044045
8231,0.0,41126.55187866863
8232,0.0,39946.272176896855
8233,0.0,35586.29106518898
8234,0.0,25544.783675930397
8235,0.0,24621.858194845674
8236,0.0,21853.08175159152
8237,0.0,21853.08175159152
8238,0.0,21853.08175159152
8239,0.0,22776.007232676242
8240,61.016083154799546,24621.858194845674
8241,169.86775816030277,24621.858194845674
8242,250.79210206792752,17370.300843465728
8243,313.62626270578346,12795.034387897882
8244,348.943314442495,11286.406197663246
8245,357.4959821094974,13549.348483015208
8246,337.2513863609992,17370.300843465728
8247,275.95948630525925,24621.858194845674
8248,57.40385797283113,26468.598675132238
8249,49.52876734652068,19084.305308337352
8250,34.698096963522566,20007.23078942208
8251,0.0,17370.300843465728
8252,0.0,15812.290768367156
8253,0.0,19084.305308337352
8254,0.0,21853.08175159152
8255,0.0,21853.08175159152
8256,0.0,21853.08175159152
8257,0.0,20007.23078942208
8258,0.0,15812.290768367156
8259,0.0,12040.720292780567
8260,0.0,9885.537163873942
8261,0.0,8642.025580151947
8262,0.0,8642.025580151947
8263,0.0,5802.254869122039
8264,69.18019642866999,3326.411511068373
8265,163.16629739924838,5802.254869122039
8266,243.5357848021066,6938.163153533998
8267,310.9594514223278,5802.254869122039
8268,346.0569215965275,5802.254869122039
8269,331.6400892378596,9209.979722357926
8270,321.15236020777985,20930.156270506784
8271,272.3902481568435,22776.007232676242
8272,110.99580067578886,20007.23078942208
8273,65.02156640179528,25544.783675930397
8274,37.388961300795856,33527.45729969231
8275,2.215183374294776,27350.95600320225
8276,0.0,27350.95600320225
8277,0.0,30439.206651447275
8278,0.0,30439.206651447275
8279,0.0,23698.932713760954
8280,0.0,18161.37982725263
8281,0.0,14303.662578132522
8282,0.0,9209.979722357926
8283,0.0,6938.163153533998
8284,0.0,1729.0404861140526
8285,0.0,1409.5662811231873
8286,0.0,1409.5662811231873
8287,0.0,2048.5146911049164
8288,55.027905830890845,412.12619906962226
8289,146.700923282257,496.78283829214564
8290,248.1551512048777,496.78283829214564
8291,288.4046291867944,1135.7312482738735
8292,347.95215454648763,2048.5146911049164
8293,356.722143462005,5802.254869122039
8294,332.61140451569474,15057.976673249845
8295,273.9539429959336,20930.156270506784
8296,72.10737392704247,31468.6235341956
8297,83.82354576069633,24621.858194845674
8298,48.672512178252994,20930.156270506784
8299,2.217598326057852,11286.406197663246
8300,0.0,4747.482890739503
8301,0.0,4747.482890739503
8302,0.0,5802.254869122039
8303,0.0,5802.254869122039
8304,0.0,4179.528748533515
8305,0.0,2048.5146911049164
8306,0.0,1729.0404861140526
8307,0.0,816.2570432830095
8308,0.0,496.78283829214564
8309,0.0,412.12619906962226
8310,0.0,107.86505145927525
8311,0.0,234.64052963025327
8312,37.7872256265151,0.0
8313,156.72039126924676,0.0
8314,250.48730568068495,0.0
8315,313.191351615783,0.0
8316,347.361193098875,19.12221673959045
8317,341.57310080104145,152.23646881911748
8318,319.9983765999867,3645.8857160592397
8319,83.17306423202218,9209.979722357926
8320,134.5246351430702,10639.851258991263
8321,83.78741969732201,9885.537163873942
8322,49.56392210065734,6370.2090113280165
8323,1.7762578240463576,6370.2090113280165
8324,0.0,3006.937306077509
8325,0.0,1729.0404861140526
8326,0.0,1729.0404861140526
8327,0.0,2048.5146911049164
8328,0.0,816.2570432830095
8329,0.0,190.26911227041086
8330,0.0,0.0
8331,0.0,0.0
8332,0.0,0.0
8333,0.0,0.0
8334,0.0,0.0
8335,0.0,0.0
8336,55.19034235707695,0.0
8337,167.5140834126735,0.0
8338,250.37958063618856,0.0
8339,306.60138958132944,0.0
8340,339.44301846396286,190.26911227041086
8341,351.5222408626324,2048.5146911049164
8342,296.44914541173983,8074.07143794596
8343,42.69885362171024,21853.08175159152
8344,137.12132661270155,21853.08175159152
8345,51.71792612983791,14303.662578132522
8346,33.46889122149943,12040.720292780567
8347,2.6612876035942903,8642.025580151947
8348,0.0,2687.4631010866456
8349,0.0,1135.7312482738735
8350,0.0,496.78283829214564
8351,0.0,412.12619906962226
8352,0.0,234.64052963025327
8353,0.0,234.64052963025327
8354,0.0,234.64052963025327
8355,0.0,19.12221673959045
8356,0.0,0.0
8357,0.0,0.0
8358,0.0,0.0
8359,0.0,0.0
8360,7.11025486721283,0.0
8361,154.17889200275633,0.0
8362,246.03516908540536,279.01194699009545
8363,309.89455439916,412.12619906962226
8364,344.9882540769772,1135.7312482738735
8365,357.3939504968553,2687.4631010866456
8366,319.56761406728504,6370.2090113280165
8367,274.22210647572217,11286.406197663246
8368,62.18434265496018,18161.37982725263
8369,54.81134795206528,17370.300843465728
8370,36.55035230000969,13549.348483015208
8371,3.5443981821762165,11286.406197663246
8372,0.0,15812.290768367156
8373,0.0,24621.858194845674
8374,0.0,30439.206651447275
8375,0.0,28380.372885950583
8376,0.0,23698.932713760954
8377,0.0,19084.305308337352
8378,0.0,19084.305308337352
8379,0.0,15057.976673249845
8380,0.0,11286.406197663246
8381,0.0,6370.2090113280165
8382,0.0,4179.528748533515
8383,0.0,3326.411511068373
8384,56.84217945003482,4179.528748533515
8385,156.96949978953,8074.07143794596
8386,230.31030574742,10639.851258991263
8387,305.8042543263115,9209.979722357926
8388,341.4230053309112,6938.163153533998
8389,354.2018410147553,6370.2090113280165
8390,333.92321946780686,6370.2090113280165
8391,265.17492054920893,9885.537163873942
8392,126.3780684981984,15812.290768367156
8393,18.06828104887776,22776.007232676242
8394,50.74555010104724,20930.156270506784
8395,3.980793082925685,20007.23078942208
8396,0.0,20007.23078942208
8397,0.0,22776.007232676242
8398,0.0,21853.08175159152
8399,0.0,19084.305308337352
8400,0.0,16566.604863484477
8401,0.0,13549.348483015208
8402,0.0,12795.034387897882
8403,0.0,11286.406197663246
8404,0.0,9209.979722357926
8405,0.0,11286.406197663246
8406,0.0,12040.720292780567
8407,0.0,12795.034387897882
8408,44.30616299938954,12040.720292780567
8409,131.06529672209874,12795.034387897882
8410,217.6883485594168,12040.720292780567
8411,278.64887219253126,13549.348483015208
8412,290.36519574121064,12040.720292780567
8413,169.31123745549365,16566.604863484477
8414,170.48932010491777,30439.206651447275
8415,205.0683535151455,29409.78976869893
8416,142.84733859238656,23698.932713760954
8417,94.31613376535208,22776.007232676242
8418,43.50529603104613,25544.783675930397
8419,4.438102938751432,18161.37982725263
8420,0.0,20007.23078942208
8421,0.0,21853.08175159152
8422,0.0,22776.007232676242
8423,0.0,22776.007232676242
8424,0.0,20930.156270506784
8425,0.0,15812.290768367156
8426,0.0,12040.720292780567
8427,0.0,9209.979722357926
8428,0.0,5802.254869122039
8429,0.0,2048.5146911049164
8430,0.0,1135.7312482738735
8431,0.0,816.2570432830095
8432,58.83328922073454,496.78283829214564
8433,158.5194791921802,1729.0404861140526
8434,247.6951024143469,3006.937306077509
8435,282.6137480427413,4747.482890739503
8436,290.1630455734397,5802.254869122039
8437,350.74036612583467,10639.851258991263
8438,335.94657148290315,9209.979722357926
8439,236.26280319284336,5234.300726916051
8440,59.56471273617765,2367.98889609578
8441,61.87130792967695,4747.482890739503
8442,47.33104772483231,8074.07143794596
8443,4.431977067731332,9209.979722357926
8444,0.0,10639.851258991263
8445,0.0,15812.290768367156
8446,0.0,18161.37982725263
8447,0.0,18161.37982725263
8448,0.0,17370.300843465728
8449,0.0,14303.662578132522
8450,0.0,10639.851258991263
8451,0.0,6938.163153533998
8452,0.0,6938.163153533998
8453,0.0,6370.2090113280165
8454,0.0,3645.8857160592397
8455,0.0,3326.411511068373
8456,46.54173643951825,3326.411511068373
8457,143.89311558415187,5802.254869122039
8458,240.25295168353247,6370.2090113280165
8459,305.20159288952925,6370.2090113280165
8460,341.6668135411647,5802.254869122039
8461,352.8337881180956,9885.537163873942
8462,293.4153992395194,20930.156270506784
8463,276.58749336332977,28380.372885950583
8464,121.0275416521391,28380.372885950583
8465,54.81103647386869,26468.598675132238
8466,46.02628389594081,33527.45729969231
8467,4.86967105770536,30439.206651447275
8468,0.0,30439.206651447275
8469,0.0,37585.71277335322
8470,0.0,41126.55187866863
8471,0.0,36615.70794793733
8472,0.0,29409.78976869893
8473,0.0,22776.007232676242
8474,0.0,12795.034387897882
8475,0.0,9885.537163873942
8476,0.0,7506.117295739982
8477,0.0,3326.411511068373
8478,0.0,2048.5146911049164
8479,0.0,816.2570432830095
8480,21.71717810369933,279.01194699009545
8481,133.7860025873195,412.12619906962226
8482,226.2072157056092,2367.98889609578
8483,268.61681723750297,5802.254869122039
8484,325.93388628068584,12795.034387897882
8485,350.8871311064655,17370.300843465728
8486,328.92014727192776,15812.290768367156
8487,123.76702636338617,18161.37982725263
8488,122.49671814149092,31468.6235341956
8489,66.83110049105242,30439.206651447275
8490,41.711196998245256,30439.206651447275
8491,4.870399509310397,30439.206651447275
8492,0.0,29409.78976869893
8493,0.0,28380.372885950583
8494,0.0,26468.598675132238
8495,0.0,18161.37982725263
8496,0.0,12795.034387897882
8497,0.0,10639.851258991263
8498,0.0,6938.163153533998
8499,0.0,4747.482890739503
8500,0.0,3326.411511068373
8501,0.0,3006.937306077509
8502,0.0,2687.4631010866456
8503,0.0,4179.528748533515
8504,6.6671314145135625,5802.254869122039
8505,92.8547478223014,9209.979722357926
8506,174.7954462544554,7506.117295739982
8507,286.46324733878134,4747.482890739503
8508,331.892197773201,2687.4631010866456
8509,317.5642260546761,2687.4631010866456
8510,311.7338045188594,8074.07143794596
8511,247.24949716286932,11286.406197663246
8512,142.23563809062867,16566.604863484477
8513,102.10505557540888,21853.08175159152
8514,51.64426318446687,24621.858194845674
8515,5.311050155129946,26468.598675132238
8516,0.0,22776.007232676242
8517,0.0,19084.305308337352
8518,0.0,19084.305308337352
8519,0.0,18161.37982725263
8520,0.0,15812.290768367156
8521,0.0,9209.979722357926
8522,0.0,6938.163153533998
8523,0.0,2048.5146911049164
8524,0.0,496.78283829214564
8525,0.0,496.78283829214564
8526,0.0,1135.7312482738735
8527,0.0,496.78283829214564
8528,43.53747782377329,1135.7312482738735
8529,140.66378593458884,2367.98889609578
8530,219.35934537401675,3006.937306077509
8531,296.51576922537504,2048.5146911049164
8532,339.68683799145384,279.01194699009545
8533,352.6496096056799,19.12221673959045
8534,328.63511052435337,367.75478170978005
8535,278.41239588734044,3326.411511068373
8536,72.34120210734362,9885.537163873942
8537,62.89213921332649,21853.08175159152
8538,42.57934642078646,30439.206651447275
8539,6.198254797317506,28380.372885950583
8540,0.0,24621.858194845674
8541,0.0,26468.598675132238
8542,0.0,30439.206651447275
8543,0.0,26468.598675132238
8544,0.0,16566.604863484477
8545,0.0,8642.025580151947
8546,0.0,8642.025580151947
8547,0.0,6938.163153533998
8548,0.0,4179.528748533515
8549,0.0,3645.8857160592397
8550,0.0,4179.528748533515
8551,0.0,3326.411511068373
8552,53.44888845241364,2687.4631010866456
8553,156.8681006117626,2048.5146911049164
8554,240.2929635385725,1729.0404861140526
8555,304.52108448203063,2687.4631010866456
8556,341.0610137953911,1729.0404861140526
8557,345.0700197008766,323.38336434993766
8558,321.61474100764,816.2570432830095
8559,266.70101766005826,2687.4631010866456
8560,137.00434521993998,9885.537163873942
8561,76.30488163515926,19084.305308337352
8562,48.14789506754551,24621.858194845674
8563,6.63979589456778,23698.932713760954
8564,0.0,21853.08175159152
8565,0.0,20007.23078942208
8566,0.0,23698.932713760954
8567,0.0,23698.932713760954
8568,0.0,20930.156270506784
8569,0.0,18161.37982725263
8570,0.0,17370.300843465728
8571,0.0,15812.290768367156
8572,0.0,17370.300843465728
8573,0.0,20007.23078942208
8574,0.0,19084.305308337352
8575,0.0,18161.37982725263
8576,6.652485709136533,23698.932713760954
8577,26.43640817106565,30439.206651447275
8578,147.27571052927027,21853.08175159152
8579,120.23820664292012,16566.604863484477
8580,240.18931055622997,12795.034387897882
8581,302.8296667372841,12040.720292780567
8582,205.97034900966003,152.23646881911748
8583,179.0996034166647,190.26911227041086
8584,137.57305182657277,3326.411511068373
8585,42.91020447437157,12795.034387897882
8586,47.78634607915709,17370.300843465728
8587,6.641852137982884,20930.156270506784
8588,0.0,19084.305308337352
8589,0.0,21853.08175159152
8590,0.0,25544.783675930397
8591,0.0,27350.95600320225
8592,0.0,26468.598675132238
8593,0.0,22776.007232676242
8594,0.0,22776.007232676242
8595,0.0,18161.37982725263
8596,0.0,16566.604863484477
8597,0.0,12795.034387897882
8598,0.0,15812.290768367156
8599,0.0,20007.23078942208
8600,28.618523763360457,20930.156270506784
8601,103.3878787315572,25544.783675930397
8602,219.54658759004735,22776.007232676242
8603,211.2714312579289,15812.290768367156
8604,313.5256901175116,12040.720292780567
8605,343.7486932947028,11286.406197663246
8606,287.22458587249884,12795.034387897882
8607,221.64113308172628,20930.156270506784
8608,80.44928467108848,26468.598675132238
8609,96.25474526305034,15057.976673249845
8610,52.0675629436408,15057.976673249845
8611,7.079736694667498,20007.23078942208
8612,0.0,20007.23078942208
8613,0.0,15812.290768367156
8614,0.0,13549.348483015208
8615,0.0,12040.720292780567
8616,0.0,9209.979722357926
8617,0.0,7506.117295739982
8618,0.0,4747.482890739503
8619,0.0,5234.300726916051
8620,0.0,6370.2090113280165
8621,0.0,8074.07143794596
8622,0.0,8642.025580151947
8623,0.0,9209.979722357926
8624,6.651741012252955,10639.851258991263
8625,30.779852044048297,18161.37982725263
8626,228.7203705425133,17370.300843465728
8627,299.49281990782845,13549.348483015208
8628,297.07109101849886,8074.07143794596
8629,292.0417508423333,6938.163153533998
8630,226.55508079001015,8074.07143794596
8631,235.4860707933992,16566.604863484477
8632,70.76744694546468,23698.932713760954
8633,93.4867424789064,23698.932713760954
8634,41.37817870075577,31468.6235341956
8635,7.085948872792079,26468.598675132238
8636,0.0,29409.78976869893
8637,0.0,31468.6235341956
8638,0.0,32498.04041694395
8639,0.0,30439.206651447275
8640,0.0,25544.783675930397
8641,0.0,21853.08175159152
8642,0.0,21853.08175159152
8643,0.0,17370.300843465728
8644,0.0,13549.348483015208
8645,0.0,11286.406197663246
8646,0.0,12040.720292780567
8647,0.0,12795.034387897882
8648,24.304851035241175,12040.720292780567
8649,142.4887892778668,15057.976673249845
8650,204.78575977976803,16566.604863484477
8651,300.58171002479605,20007.23078942208
8652,342.3880755748989,19084.305308337352
8653,356.023575544972,16566.604863484477
8654,336.7912117426994,15812.290768367156
8655,281.9647010021284,18161.37982725263
8656,0.0,23698.932713760954
8657,63.71860188463983,26468.598675132238
8658,39.98694101410459,28380.372885950583
8659,7.514550117989338,37585.71277335322
8660,0.0,33527.45729969231
8661,0.0,29409.78976869893
8662,0.0,27350.95600320225
8663,0.0,26468.598675132238
8664,0.0,27350.95600320225
8665,0.0,26468.598675132238
8666,0.0,17370.300843465728
8667,0.0,14303.662578132522
8668,0.0,6938.163153533998
8669,0.0,1135.7312482738735
8670,0.0,152.23646881911748
8671,0.0,234.64052963025327
8672,6.218046878075152,496.78283829214564
8673,104.20077899493006,3645.8857160592397
8674,212.83004245383688,3326.411511068373
8675,293.58845436641184,816.2570432830095
8676,340.357746384771,496.78283829214564
8677,357.0092279762246,2687.4631010866456
8678,334.9631059778322,5802.254869122039
8679,269.52868289616805,9885.537163873942
8680,70.67111695589723,13549.348483015208
8681,60.70687834274381,9209.979722357926
8682,37.79388325714864,12795.034387897882
8683,7.0744143163696105,18161.37982725263
8684,0.0,19084.305308337352
8685,0.0,15057.976673249845
8686,0.0,14303.662578132522
8687,0.0,12795.034387897882
8688,0.0,14303.662578132522
8689,0.0,13549.348483015208
8690,0.0,7506.117295739982
8691,0.0,5234.300726916051
8692,0.0,4179.528748533515
8693,0.0,3645.8857160592397
8694,0.0,6938.163153533998
8695,0.0,12040.720292780567
8696,38.38502503177845,16566.604863484477
8697,139.08342111553313,22776.007232676242
8698,228.34997633413207,20007.23078942208
8699,298.49780630980405,15812.290768367156
8700,338.0149909296957,12040.720292780567
8701,353.6789247983425,11286.406197663246
8702,330.767778645925,15812.290768367156
8703,278.6036591579776,19084.305308337352
8704,78.17275833422383,20007.23078942208
8705,55.61854999777783,30439.206651447275
8706,39.518376990964654,30439.206651447275
8707,8.395174022185978,30439.206651447275
8708,0.0,30439.206651447275
8709,0.0,31468.6235341956
8710,0.0,25544.783675930397
8711,0.0,16566.604863484477
8712,0.0,9885.537163873942
8713,0.0,4179.528748533515
8714,0.0,2687.4631010866456
8715,0.0,3006.937306077509
8716,0.0,3645.8857160592397
8717,0.0,3645.8857160592397
8718,0.0,2687.4631010866456
8719,0.0,279.01194699009545
8720,28.219152545825352,496.78283829214564
8721,118.1379592625064,6938.163153533998
8722,212.6530841362461,13549.348483015208
8723,284.54092084265966,12040.720292780567
8724,306.7045716354401,7506.117295739982
8725,334.0856147317076,5802.254869122039
8726,305.6533861487733,7506.117295739982
8727,264.54190672224337,11286.406197663246
8728,120.84045709344277,22776.007232676242
8729,103.4723597331333,37585.71277335322
8730,55.44101923435616,33527.45729969231
8731,7.070417486862735,25544.783675930397
8732,0.0,20007.23078942208
8733,0.0,19084.305308337352
8734,0.0,15057.976673249845
8735,0.0,12040.720292780567
8736,0.0,14303.662578132522
8737,0.0,11286.406197663246
8738,0.0,9209.979722357926
8739,0.0,2687.4631010866456
8740,0.0,2048.5146911049164
8741,0.0,496.78283829214564
8742,0.0,323.38336434993766
8743,0.0,367.75478170978005
8744,6.6706066666369255,1135.7312482738735
8745,91.23393925444164,2048.5146911049164
8746,187.59291362792052,1409.5662811231873
8747,223.14283897201057,1729.0404861140526
8748,323.0529058715174,2048.5146911049164
8749,265.46377534245136,3326.411511068373
8750,289.31011370076163,4179.528748533515
8751,285.1901354210785,6370.2090113280165
8752,139.83041594753666,12040.720292780567
8753,104.51045151347552,19084.305308337352
8754,48.14766216833858,26468.598675132238
8755,9.272443539712492,29409.78976869893
8756,0.0,27350.95600320225
8757,0.0,27203.896448523912
8758,0.0,26909.77733916724
8759,0.0,26615.65822981058
8760,0.0,26468.598675132238
