Periods,2022,2023
1,189.56662200000017,189.56662200000017
2,330.0824940000004,330.0824940000004
3,379.17936000000077,379.17936000000077
4,484.12988400000097,484.12988400000097
5,582.6089220000009,582.6089220000009
6,564.9685440000009,564.9685440000009
7,334.7885520000005,334.7885520000005
8,296.28207000000026,296.28207000000026
9,439.73941200000036,439.73941200000036
10,486.47923800000035,486.47923800000035
11,573.4960140000002,573.4960140000002
12,360.6562260000005,360.6562260000005
13,337.1367300000006,337.1367300000006
14,323.6173080000009,323.6173080000009
15,328.02651000000054,328.02651000000054
16,342.14019000000036,342.14019000000036
17,512.6504460000006,512.6504460000006
18,771.4166039999994,771.4166039999994
19,1702.3665539999956,1702.3665539999956
20,3308.018405999994,3308.018405999994
21,4932.884375999997,4932.884375999997
22,5106.952157999991,5106.952157999991
23,4389.792623999995,4389.792623999995
24,1995.0354059999968,1995.0354059999968
25,132.24380400000004,132.24380400000004
26,321.2635020000006,321.2635020000006
27,487.9425180000009,487.9425180000009
28,544.3859400000008,544.3859400000008
29,489.1183080000008,489.1183080000008
30,581.7265860000001,581.7265860000001
31,507.0597000000006,507.0597000000006
32,418.27812600000044,418.27812600000044
33,413.2765560000009,413.2765560000009
34,485.0071380000002,485.0071380000002
35,468.8361720000005,468.8361720000005
36,343.3106460000002,343.3106460000002
37,426.2117580000007,426.2117580000007
38,445.0289340000009,445.0289340000009
39,411.5136060000008,411.5136060000008
40,404.1633120000008,404.1633120000008
41,251.88874200000032,251.88874200000032
42,404.50305000000037,404.50305000000037
43,1697.3260919999968,1697.3260919999968
44,3012.378977999994,3012.378977999994
45,4808.491589999994,4808.491589999994
46,5262.310535999998,5262.310535999998
47,4279.440815999992,4279.440815999992
48,2297.989217999995,2297.989217999995
49,107.25430799999984,107.25430799999984
50,266.88089400000086,266.88089400000086
51,376.23604200000057,376.23604200000057
52,346.8368820000004,346.8368820000004
53,340.6677120000003,340.6677120000003
54,547.3357680000003,547.3357680000003
55,579.9612419999997,579.9612419999997
56,485.5935000000004,485.5935000000004
57,419.7462780000007,419.7462780000007
58,542.331132000001,542.331132000001
59,488.8285500000009,488.8285500000009
60,348.3120060000002,348.3120060000002
61,481.7762040000012,481.7762040000012
62,552.621006,552.621006
63,491.76901200000015,491.76901200000015
64,509.7038940000002,509.7038940000002
65,568.2040140000004,568.2040140000004
66,500.838786,500.838786
67,1669.8643499999966,1669.8643499999966
68,2667.277073999994,2667.277073999994
69,4351.878131999995,4351.878131999995
70,5388.388739999998,5388.388739999998
71,4347.221129999993,4347.221129999993
72,2318.031365999995,2318.031365999995
73,150.17360400000013,150.17360400000013
74,298.919124,298.919124
75,349.47998399999994,349.47998399999994
76,485.8807380000006,485.8807380000006
77,427.38633000000027,427.38633000000027
78,436.5004980000007,436.5004980000007
79,329.7896280000005,329.7896280000005
80,409.7488920000003,409.7488920000003
81,387.9913800000006,387.9913800000006
82,355.953150000001,355.953150000001
83,333.90071400000073,333.90071400000073
84,342.1342680000006,342.1342680000006
85,351.2482260000008,351.2482260000008
86,323.03048400000074,323.03048400000074
87,507.0610020000004,507.0610020000004
88,457.97026800000043,457.97026800000043
89,486.4843620000002,486.4843620000002
90,589.0946040000005,589.0946040000005
91,1312.0069619999986,1312.0069619999986
92,2677.042997999995,2677.042997999995
93,4370.188745999993,4370.188745999993
94,5480.816501999996,5480.816501999996
95,4833.933131999999,4833.933131999999
96,2216.286659999996,2216.286659999996
97,90.79370999999982,90.79370999999982
98,160.75646999999992,160.75646999999992
99,336.8444100000003,336.8444100000003
100,310.97463600000043,310.97463600000043
101,393.8747820000006,393.8747820000006
102,391.51807800000057,391.51807800000057
103,404.16310200000015,404.16310200000015
104,498.8229540000001,498.8229540000001
105,502.0566600000002,502.0566600000002
106,537.0361920000005,537.0361920000005
107,373.58693400000067,373.58693400000067
108,287.16042600000026,287.16042600000026
109,336.25363800000036,336.25363800000036
110,438.55497000000105,438.55497000000105
111,533.2133520000002,533.2133520000002
112,502.34839200000107,502.34839200000107
113,320.0913240000003,320.0913240000003
114,531.1834500000004,531.1834500000004
115,1506.671543999997,1506.671543999997
116,2823.3698639999934,2823.3698639999934
117,4964.251025999997,4964.251025999997
118,5298.214739999995,5298.214739999995
119,4719.409253999997,4719.409253999997
120,2735.4118259999914,2735.4118259999914
121,89.91212999999999,89.91212999999999
122,201.91458000000006,201.91458000000006
123,308.625912,308.625912
124,432.38685000000015,432.38685000000015
125,539.6814780000009,539.6814780000009
126,437.0877000000005,437.0877000000005
127,415.33388400000064,415.33388400000064
128,462.3671640000007,462.3671640000007
129,366.53458800000044,366.53458800000044
130,395.6370600000007,395.6370600000007
131,458.8368960000005,458.8368960000005
132,436.1988960000005,436.1988960000005
133,456.48750000000047,456.48750000000047
134,368.00085000000064,368.00085000000064
135,469.1304240000006,469.1304240000006
136,461.78491800000063,461.78491800000063
137,455.90458200000086,455.90458200000086
138,451.7260020000005,451.7260020000005
139,798.4131539999996,798.4131539999996
140,2438.5733399999963,2438.5733399999963
141,4324.273001999993,4324.273001999993
142,5964.647765999999,5964.647765999999
143,5053.476287999994,5053.476287999994
144,2651.998817999997,2651.998817999997
145,153.11545200000006,153.11545200000006
146,503.523846000001,503.523846000001
147,508.2278880000002,508.2278880000002
148,416.8047240000005,416.8047240000005
149,413.2769760000005,413.2769760000005
150,390.0477840000006,390.0477840000006
151,488.23719000000114,488.23719000000114
152,478.2413160000005,478.2413160000005
153,338.0181840000005,338.0181840000005
154,380.3519160000007,380.3519160000007
155,389.4675120000002,389.4675120000002
156,454.7273640000011,454.7273640000011
157,412.1032440000007,412.1032440000007
158,503.23593600000027,503.23593600000027
159,372.12449400000025,372.12449400000025
160,288.6375660000001,288.6375660000001
161,330.9672660000003,330.9672660000003
162,520.6488840000005,520.6488840000005
163,1706.9845379999977,1706.9845379999977
164,3132.406787999996,3132.406787999996
165,4099.585433999996,4099.585433999996
166,5771.623662000005,5771.623662000005
167,4485.5961359999965,4485.5961359999965
168,2106.711977999996,2106.711977999996
169,140.1795779999999,140.1795779999999
170,346.5472920000009,346.5472920000009
171,370.95244200000053,370.95244200000053
172,493.24233000000066,493.24233000000066
173,483.2439780000004,483.2439780000004
174,529.9813680000001,529.9813680000001
175,578.782260000001,578.782260000001
176,471.1869960000006,471.1869960000006
177,360.94871400000034,360.94871400000034
178,313.6206780000003,313.6206780000003
179,470.30848200000025,470.30848200000025
180,414.45369000000056,414.45369000000056
181,320.0866620000001,320.0866620000001
182,383.879664000001,383.879664000001
183,370.07094600000073,370.07094600000073
184,444.7368240000006,444.7368240000006
185,427.6856220000006,427.6856220000006
186,511.19577600000036,511.19577600000036
187,1343.9224259999983,1343.9224259999983
188,2818.0559819999967,2818.0559819999967
189,4835.231603999998,4835.231603999998
190,5403.044724000001,5403.044724000001
191,4825.203725999994,4825.203725999994
192,2426.368895999996,2426.368895999996
193,74.62471799999994,74.62471799999994
194,291.28365000000025,291.28365000000025
195,410.63706600000035,410.63706600000035
196,490.002786,490.002786
197,471.7741140000005,471.7741140000005
198,468.8364240000005,468.8364240000005
199,534.3966600000006,534.3966600000006
200,426.51058800000067,426.51058800000067
201,338.0233920000004,338.0233920000004
202,397.4009760000005,397.4009760000005
203,455.3138520000005,455.3138520000005
204,425.62636200000077,425.62636200000077
205,560.2609740000009,560.2609740000009
206,465.8969700000005,465.8969700000005
207,371.23648800000035,371.23648800000035
208,350.95821600000045,350.95821600000045
209,416.2233180000007,416.2233180000007
210,369.4580400000007,369.4580400000007
211,1163.7236519999985,1163.7236519999985
212,2460.2106899999935,2460.2106899999935
213,4736.076911999995,4736.076911999995
214,5418.701357999998,5418.701357999998
215,5097.767555999996,5097.767555999996
216,2666.0771759999943,2666.0771759999943
217,123.1308539999999,123.1308539999999
218,200.74042799999984,200.74042799999984
219,272.465298,272.465298
220,437.0901360000008,437.0901360000008
221,396.5261160000004,396.5261160000004
222,410.33676600000024,410.33676600000024
223,464.1330960000008,464.1330960000008
224,396.8155380000007,396.8155380000007
225,409.4636700000009,409.4636700000009
226,374.4740580000008,374.4740580000008
227,497.6453580000006,497.6453580000006
228,514.6929060000006,514.6929060000006
229,497.3481660000004,497.3481660000004
230,439.1460360000008,439.1460360000008
231,274.52472599999993,274.52472599999993
232,330.67263600000024,330.67263600000024
233,457.67505000000045,457.67505000000045
234,557.5251780000003,557.5251780000003
235,1620.5056559999975,1620.5056559999975
236,2873.9378219999935,2873.9378219999935
237,4335.227357999994,4335.227357999994
238,5712.314748000002,5712.314748000002
239,5130.824789999997,5130.824789999997
240,2933.792819999995,2933.792819999995
241,76.97923799999995,76.97923799999995
242,208.08618599999994,208.08618599999994
243,385.34416200000027,385.34416200000027
244,370.3565040000003,370.3565040000003
245,471.7770540000003,471.7770540000003
246,654.3322800000003,654.3322800000003
247,492.3568020000009,492.3568020000009
248,437.3862780000004,437.3862780000004
249,590.2488900000012,590.2488900000012
250,450.02231400000096,450.02231400000096
251,412.3932120000003,412.3932120000003
252,366.2418060000005,366.2418060000005
253,376.5310920000002,376.5310920000002
254,304.2188520000003,304.2188520000003
255,364.4844420000002,364.4844420000002
256,333.61419000000046,333.61419000000046
257,387.7036800000003,387.7036800000003
258,612.2064900000001,612.2064900000001
259,1444.1934779999967,1444.1934779999967
260,2802.8873039999958,2802.8873039999958
261,5061.788213999996,5061.788213999996
262,5717.190737999999,5717.190737999999
263,4461.271709999996,4461.271709999996
264,2151.0714539999967,2151.0714539999967
265,113.7270119999997,113.7270119999997
266,376.2401580000005,376.2401580000005
267,452.96655600000065,452.96655600000065
268,465.9000780000007,465.9000780000007
269,400.93103400000086,400.93103400000086
270,353.30958600000065,353.30958600000065
271,487.36338000000035,487.36338000000035
272,563.5003080000005,563.5003080000005
273,519.9919620000006,519.9919620000006
274,523.8148440000001,523.8148440000001
275,488.24042399999996,488.24042399999996
276,402.98983200000026,402.98983200000026
277,348.0146880000006,348.0146880000006
278,452.66907000000015,452.66907000000015
279,436.5071760000009,436.5071760000009
280,522.932256,522.932256
281,484.42233000000067,484.42233000000067
282,526.4954940000005,526.4954940000005
283,1606.6218839999956,1606.6218839999956
284,3086.1030479999954,3086.1030479999954
285,4620.591317999992,4620.591317999992
286,5192.418923999997,5192.418923999997
287,4376.654939999994,4376.654939999994
288,2198.2364459999962,2198.2364459999962
289,216.02418600000019,216.02418600000019
290,393.87940200000054,393.87940200000054
291,488.2450440000002,488.2450440000002
292,532.0483980000004,532.0483980000004
293,445.3207920000005,445.3207920000005
294,404.4590760000009,404.4590760000009
295,381.5300160000002,381.5300160000002
296,429.15873000000096,429.15873000000096
297,574.6749540000013,574.6749540000013
298,593.7776040000005,593.7776040000005
299,491.4740039999998,491.4740039999998
300,415.3369500000003,415.3369500000003
301,363.01141800000056,363.01141800000056
302,426.80484000000024,426.80484000000024
303,436.49886000000043,436.49886000000043
304,456.1933320000005,456.1933320000005
305,450.6115740000006,450.6115740000006
306,579.7082760000001,579.7082760000001
307,1762.265903999996,1762.265903999996
308,2488.109651999994,2488.109651999994
309,4005.386783999995,4005.386783999995
310,5822.570754,5822.570754
311,4691.4882839999955,4691.4882839999955
312,2623.091561999995,2623.091561999995
313,77.56488599999996,77.56488599999996
314,232.19460600000016,232.19460600000016
315,433.8572280000006,433.8572280000006
316,368.01030000000014,368.01030000000014
317,398.58025200000054,398.58025200000054
318,423.2770920000005,423.2770920000005
319,297.1600380000007,297.1600380000007
320,463.5444660000006,463.5444660000006
321,417.3949080000005,417.3949080000005
322,516.7590540000009,516.7590540000009
323,676.3820700000002,676.3820700000002
324,686.3782380000009,686.3782380000009
325,431.5062360000007,431.5062360000007
326,411.2225040000002,411.2225040000002
327,402.1071600000009,402.1071600000009
328,347.13394800000054,347.13394800000054
329,305.0960220000005,305.0960220000005
330,382.27581000000055,382.27581000000055
331,1734.4520759999987,1734.4520759999987
332,2897.923265999995,2897.923265999995
333,4092.859595999994,4092.859595999994
334,5754.1538040000005,5754.1538040000005
335,4475.346539999996,4475.346539999996
336,3123.5911139999944,3123.5911139999944
337,132.53940000000006,132.53940000000006
338,309.79964400000034,309.79964400000034
339,375.0577740000005,375.0577740000005
340,432.9724560000008,432.9724560000008
341,382.11919200000074,382.11919200000074
342,408.8652540000006,408.8652540000006
343,432.3842040000009,432.3842040000009
344,366.53349600000024,366.53349600000024
345,370.3514220000005,370.3514220000005
346,409.1590440000008,409.1590440000008
347,354.77605800000055,354.77605800000055
348,503.23513800000063,503.23513800000063
349,465.60855600000076,465.60855600000076
350,500.58947399999954,500.58947399999954
351,433.2659940000005,433.2659940000005
352,344.19126000000045,344.19126000000045
353,325.67623200000054,325.67623200000054
354,530.3947739999998,530.3947739999998
355,1148.8878239999979,1148.8878239999979
356,2679.378071999996,2679.378071999996
357,4349.755535999999,4349.755535999999
358,5781.322344000002,5781.322344000002
359,5015.912915999997,5015.912915999997
360,2300.543573999994,2300.543573999994
361,169.28562000000022,169.28562000000022
362,343.60880400000076,343.60880400000076
363,419.45664600000055,419.45664600000055
364,485.0070960000007,485.0070960000007
365,427.38683400000076,427.38683400000076
366,331.84263000000044,331.84263000000044
367,360.0679740000004,360.0679740000004
368,488.24231400000076,488.24231400000076
369,525.2808120000009,525.2808120000009
370,450.90914400000077,450.90914400000077
371,423.5690340000003,423.5690340000003
372,337.7277540000003,337.7277540000003
373,418.56876600000055,418.56876600000055
374,273.054222,273.054222
375,301.56621600000017,301.56621600000017
376,484.42216200000007,484.42216200000007
377,581.7246540000008,581.7246540000008
378,580.2475980000004,580.2475980000004
379,1524.9203339999963,1524.9203339999963
380,2792.442491999995,2792.442491999995
381,4687.539527999994,4687.539527999994
382,5632.641168000001,5632.641168000001
383,4520.241935999995,4520.241935999995
384,2387.8050419999954,2387.8050419999954
385,82.27085999999997,82.27085999999997
386,216.02330400000005,216.02330400000005
387,473.54004600000064,473.54004600000064
388,570.2584020000006,570.2584020000006
389,538.2192900000005,538.2192900000005
390,446.20598400000057,446.20598400000057
391,374.183208,374.183208
392,340.08114000000063,340.08114000000063
393,455.9033639999999,455.9033639999999
394,393.58174799999995,393.58174799999995
395,392.9931180000005,392.9931180000005
396,466.48669200000086,466.48669200000086
397,294.80614800000086,294.80614800000086
398,311.26704000000086,311.26704000000086
399,397.10718600000064,397.10718600000064
400,492.3565080000008,492.3565080000008
401,397.9955280000007,397.9955280000007
402,597.7569780000002,597.7569780000002
403,1595.7133919999972,1595.7133919999972
404,2724.678095999996,2724.678095999996
405,4598.196749999997,4598.196749999997
406,5461.0839359999945,5461.0839359999945
407,5168.583251999998,5168.583251999998
408,2202.866651999995,2202.866651999995
409,128.12998800000008,128.12998800000008
410,365.94965400000007,365.94965400000007
411,450.0244980000005,450.0244980000005
412,350.0743680000005,350.0743680000005
413,296.8647780000002,296.8647780000002
414,384.7616640000003,384.7616640000003
415,434.1502200000007,434.1502200000007
416,410.9260260000002,410.9260260000002
417,529.691778,529.691778
418,540.2774160000005,540.2774160000005
419,495.29764199999994,495.29764199999994
420,448.8438360000002,448.8438360000002
421,420.3280200000002,420.3280200000002
422,440.3196840000002,440.3196840000002
423,468.5442720000003,468.5442720000003
424,506.7631380000004,506.7631380000004
425,444.43896000000086,444.43896000000086
426,642.8674560000002,642.8674560000002
427,1468.6796039999954,1468.6796039999954
428,2768.1536399999954,2768.1536399999954
429,4140.033239999994,4140.033239999994
430,5833.824024000007,5833.824024000007
431,4241.428841999994,4241.428841999994
432,2528.483285999994,2528.483285999994
433,101.37682799999992,101.37682799999992
434,307.15183800000074,307.15183800000074
435,328.0253340000004,328.0253340000004
436,350.07189000000034,350.07189000000034
437,318.3249720000002,318.3249720000002
438,338.0267520000003,338.0267520000003
439,366.24852600000037,366.24852600000037
440,367.1303160000006,367.1303160000006
441,564.6759720000008,564.6759720000008
442,648.4577400000007,648.4577400000007
443,486.47424000000063,486.47424000000063
444,460.01323200000087,460.01323200000087
445,482.9487180000003,482.9487180000003
446,429.4433220000001,429.4433220000001
447,448.2573900000001,448.2573900000001
448,485.8884240000003,485.8884240000003
449,296.8670880000005,296.8670880000005
450,537.3259500000004,537.3259500000004
451,1575.873935999997,1575.873935999997
452,3296.5400159999954,3296.5400159999954
453,4856.402963999994,4856.402963999994
454,5432.31675,5432.31675
455,4549.180649999996,4549.180649999996
456,1724.8521359999959,1724.8521359999959
457,50.519616000000056,50.519616000000056
458,295.9889520000002,295.9889520000002
459,499.7129340000004,499.7129340000004
460,488.535768,488.535768
461,492.06087000000025,492.06087000000025
462,485.88985200000064,485.88985200000064
463,421.508808000001,421.508808000001
464,360.07209,360.07209
465,292.16342400000036,292.16342400000036
466,292.45713000000035,292.45713000000035
467,460.02041400000064,460.02041400000064
468,553.5011580000014,553.5011580000014
469,543.5058299999996,543.5058299999996
470,428.5640940000011,428.5640940000011
471,431.20938000000064,431.20938000000064
472,490.5900300000001,490.5900300000001
473,390.0562260000003,390.0562260000003
474,450.3505020000003,450.3505020000003
475,1496.572223999997,1496.572223999997
476,2793.9352979999967,2793.9352979999967
477,4370.1856379999945,4370.1856379999945
478,5912.814389999999,5912.814389999999
479,4701.507005999999,4701.507005999999
480,2029.5173639999966,2029.5173639999966
481,128.71634999999986,128.71634999999986
482,308.62578600000023,308.62578600000023
483,432.3860940000004,432.3860940000004
484,567.6202980000003,567.6202980000003
485,502.3566240000008,502.3566240000008
486,349.78162800000064,349.78162800000064
487,303.62820600000043,303.62820600000043
488,258.0576180000001,258.0576180000001
489,351.8368980000001,351.8368980000001
490,534.98466,534.98466
491,554.973468000001,554.973468000001
492,559.3813680000012,559.3813680000012
493,491.7680880000003,491.7680880000003
494,585.8388900000012,585.8388900000012
495,471.7792380000007,471.7792380000007
496,352.42666200000076,352.42666200000076
497,510.0055380000005,510.0055380000005
498,762.6390239999994,762.6390239999994
499,1565.403083999995,1565.403083999995
500,3176.0525579999935,3176.0525579999935
501,4521.719915999995,4521.719915999995
502,5420.105207999997,5420.105207999997
503,4391.530331999993,4391.530331999993
504,2323.529081999996,2323.529081999996
505,139.88478000000003,139.88478000000003
506,191.329194,191.329194
507,301.5702480000007,301.5702480000007
508,442.3827240000005,442.3827240000005
509,427.68553800000046,427.68553800000046
510,454.7294220000009,454.7294220000009
511,381.2323200000006,381.2323200000006
512,335.6692920000005,335.6692920000005
513,341.5513080000007,341.5513080000007
514,319.79787000000084,319.79787000000084
515,364.1846460000003,364.1846460000003
516,524.9845020000009,524.9845020000009
517,463.2484500000003,463.2484500000003
518,434.1453059999999,434.1453059999999
519,385.3481100000008,385.3481100000008
520,501.17298000000113,501.17298000000113
521,578.1962340000002,578.1962340000002
522,746.4727199999999,746.4727199999999
523,1604.5120559999957,1604.5120559999957
524,3052.894781999994,3052.894781999994
525,5003.168183999993,5003.168183999993
526,5164.282703999994,5164.282703999994
527,4376.734529999995,4376.734529999995
528,2387.4053699999963,2387.4053699999963
529,100.49369399999982,100.49369399999982
530,257.4763380000003,257.4763380000003
531,393.8756640000003,393.8756640000003
532,403.8717480000011,403.8717480000011
533,380.35452000000066,380.35452000000066
534,333.01934400000073,333.01934400000073
535,389.4600360000002,389.4600360000002
536,468.83474400000046,468.83474400000046
537,432.6777420000006,432.6777420000006
538,466.78006200000044,466.78006200000044
539,376.2410400000005,376.2410400000005
540,403.2833280000006,403.2833280000006
541,382.4120160000005,382.4120160000005
542,424.7452020000009,424.7452020000009
543,315.38946600000025,315.38946600000025
544,259.5376560000004,259.5376560000004
545,404.46777000000066,404.46777000000066
546,592.2592200000003,592.2592200000003
547,1521.3876299999954,1521.3876299999954
548,2676.076325999995,2676.076325999995
549,4823.964557999995,4823.964557999995
550,5611.430958000001,5611.430958000001
551,4501.605191999995,4501.605191999995
552,3332.864723999996,3332.864723999996
553,143.7105179999998,143.7105179999998
554,273.34755,273.34755
555,389.7542880000002,389.7542880000002
556,428.5563240000007,428.5563240000007
557,485.29811400000034,485.29811400000034
558,650.21754,650.21754
559,517.9303919999999,517.9303919999999
560,495.0053220000004,495.0053220000004
561,452.6743200000006,452.6743200000006
562,324.7942740000009,324.7942740000009
563,352.7153700000003,352.7153700000003
564,438.55694400000067,438.55694400000067
565,315.09340800000035,315.09340800000035
566,281.58076800000026,281.58076800000026
567,400.9343940000002,400.9343940000002
568,425.62329600000066,425.62329600000066
569,449.1459420000004,449.1459420000004
570,617.1182640000011,617.1182640000011
571,1177.0627259999997,1177.0627259999997
572,2109.7476959999967,2109.7476959999967
573,4203.573611999994,4203.573611999994
574,5665.828770000003,5665.828770000003
575,5246.409840000001,5246.409840000001
576,2907.770165999995,2907.770165999995
577,61.691447999999994,61.691447999999994
578,298.04439000000065,298.04439000000065
579,252.47468400000008,252.47468400000008
580,217.49116200000003,217.49116200000003
581,332.4331920000004,332.4331920000004
582,445.3184820000004,445.3184820000004
583,444.4431180000003,444.4431180000003
584,436.80184800000035,436.80184800000035
585,313.03784400000035,313.03784400000035
586,270.40742399999993,270.40742399999993
587,336.5473440000001,336.5473440000001
588,378.00256200000035,378.00256200000035
589,387.4080000000004,387.4080000000004
590,505.5851640000007,505.5851640000007
591,675.7970100000007,675.7970100000007
592,626.1153780000014,626.1153780000014
593,816.0237959999994,816.0237959999994
594,900.6831539999985,900.6831539999985
595,1540.8162419999974,1540.8162419999974
596,2811.523511999994,2811.523511999994
597,4508.353751999994,4508.353751999994
598,5064.536609999993,5064.536609999993
599,5179.048476000001,5179.048476000001
600,2601.179321999996,2601.179321999996
601,143.11878000000013,143.11878000000013
602,397.9911180000004,397.9911180000004
603,354.1865880000007,354.1865880000007
604,381.2344620000001,381.2344620000001
605,427.68348000000054,427.68348000000054
606,579.663630000001,579.663630000001
607,459.43018800000107,459.43018800000107
608,380.6472600000003,380.6472600000003
609,318.32278800000006,318.32278800000006
610,232.48650600000016,232.48650600000016
611,323.0286360000003,323.0286360000003
612,445.61407800000046,445.61407800000046
613,415.92322800000073,415.92322800000073
614,358.5947400000005,358.5947400000005
615,427.3847340000001,427.3847340000001
616,449.4357000000005,449.4357000000005
617,439.1501519999999,439.1501519999999
618,642.1915499999998,642.1915499999998
619,1638.2196179999985,1638.2196179999985
620,2670.083093999997,2670.083093999997
621,4584.084329999994,4584.084329999994
622,5933.107236000003,5933.107236000003
623,4402.819637999993,4402.819637999993
624,2501.7498239999964,2501.7498239999964
625,116.07632400000008,116.07632400000008
626,330.67318200000005,330.67318200000005
627,376.5348300000004,376.5348300000004
628,322.14886200000075,322.14886200000075
629,237.77791800000008,237.77791800000008
630,178.68908399999992,178.68908399999992
631,256.8862800000003,256.8862800000003
632,365.36001600000066,365.36001600000066
633,455.3138520000005,455.3138520000005
634,454.43235600000025,454.43235600000025
635,607.5927060000008,607.5927060000008
636,523.5129900000007,523.5129900000007
637,355.65541200000075,355.65541200000075
638,271.8759120000006,271.8759120000006
639,441.5000940000005,441.5000940000005
640,407.9890500000006,407.9890500000006
641,466.4896740000008,466.4896740000008
642,489.86443800000046,489.86443800000046
643,1335.7166759999973,1335.7166759999973
644,2755.476905999996,2755.476905999996
645,4544.6476739999935,4544.6476739999935
646,5541.627588000001,5541.627588000001
647,5255.6395079999975,5255.6395079999975
648,3076.190123999996,3076.190123999996
649,169.87269600000027,169.87269600000027
650,369.18323400000014,369.18323400000014
651,432.6762300000001,432.6762300000001
652,333.0223680000004,333.0223680000004
653,337.1390400000005,337.1390400000005
654,440.61494400000055,440.61494400000055
655,284.5160220000002,284.5160220000002
656,202.204002,202.204002
657,233.65822199999974,233.65822199999974
658,463.83649200000053,463.83649200000053
659,618.4642380000004,618.4642380000004
660,512.0462340000008,512.0462340000008
661,488.5307280000005,488.5307280000005
662,339.19594800000084,339.19594800000084
663,241.59916200000055,241.59916200000055
664,406.80901800000055,406.80901800000055
665,454.72833000000054,454.72833000000054
666,562.2290520000006,562.2290520000006
667,1564.8717419999969,1564.8717419999969
668,2855.015309999994,2855.015309999994
669,4553.393081999993,4553.393081999993
670,5531.604959999993,5531.604959999993
671,4769.179463999994,4769.179463999994
672,2563.884791999995,2563.884791999995
673,88.43940000000005,88.43940000000005
674,253.06339800000043,253.06339800000043
675,433.85458200000033,433.85458200000033
676,365.94436200000035,365.94436200000035
677,346.24518600000016,346.24518600000016
678,410.3305920000003,410.3305920000003
679,468.8312580000005,468.8312580000005
680,496.7579820000004,496.7579820000004
681,383.2911180000005,383.2911180000005
682,460.6103040000009,460.6103040000009
683,400.9322520000003,400.9322520000003
684,478.5416580000002,478.5416580000002
685,480.00771000000026,480.00771000000026
686,460.6103040000006,460.6103040000006
687,339.49402200000105,339.49402200000105
688,399.1693440000007,399.1693440000007
689,475.0148760000008,475.0148760000008
690,574.8179220000007,574.8179220000007
691,1102.7280179999975,1102.7280179999975
692,2472.7991399999955,2472.7991399999955
693,5231.498916000001,5231.498916000001
694,5800.647888000002,5800.647888000002
695,4894.034459999998,4894.034459999998
696,1968.8442479999953,1968.8442479999953
697,104.02001399999993,104.02001399999993
698,369.1823100000003,369.1823100000003
699,592.8951840000009,592.8951840000009
700,661.6838760000009,661.6838760000009
701,644.0485800000007,644.0485800000007
702,539.3970540000005,539.3970540000005
703,460.31378400000125,460.31378400000125
704,298.9226940000006,298.9226940000006
705,337.13820000000027,337.13820000000027
706,380.06228400000055,380.06228400000055
707,311.5636860000004,311.5636860000004
708,312.15336600000046,312.15336600000046
709,440.6191020000005,440.6191020000005
710,471.78066600000074,471.78066600000074
711,455.0219940000007,455.0219940000007
712,426.80383200000125,426.80383200000125
713,505.299942000001,505.299942000001
714,690.4871820000011,690.4871820000011
715,1614.1907879999976,1614.1907879999976
716,3133.112513999993,3133.112513999993
717,4847.678975999994,4847.678975999994
718,4932.245513999997,4932.245513999997
719,4552.6424159999915,4552.6424159999915
720,2506.4780579999942,2506.4780579999942
721,91.96899600000005,91.96899600000005
722,265.7068259999998,265.7068259999998
723,266.00191800000033,266.00191800000033
724,281.8741800000004,281.8741800000004
725,419.7474960000008,419.7474960000008
726,351.8384100000006,351.8384100000006
727,315.68056800000033,315.68056800000033
728,336.8420160000006,336.8420160000006
729,439.1409120000003,439.1409120000003
730,363.0052020000004,363.0052020000004
731,385.05696600000044,385.05696600000044
732,408.86806800000045,408.86806800000045
733,358.3039319999997,358.3039319999997
734,397.10491800000034,397.10491800000034
735,421.5054480000006,421.5054480000006
736,447.3761460000006,447.3761460000006
737,431.5049340000006,431.5049340000006
738,728.6181419999997,728.6181419999997
739,1930.563305999995,1930.563305999995
740,2861.259827999996,2861.259827999996
741,4601.384339999996,4601.384339999996
742,5665.061135999999,5665.061135999999
743,4683.826475999995,4683.826475999995
744,2629.4374679999955,2629.4374679999955
745,141.9481140000001,141.9481140000001
746,375.95065200000056,375.95065200000056
747,388.8792180000008,388.8792180000008
748,378.29374800000056,378.29374800000056
749,438.8490960000004,438.8490960000004
750,473.8369440000007,473.8369440000007
751,369.18189,369.18189
752,366.8269080000002,366.8269080000002
753,265.4106840000003,265.4106840000003
754,283.04963400000065,283.04963400000065
755,309.80107200000066,309.80107200000066
756,417.0989760000004,417.0989760000004
757,654.9223380000005,654.9223380000005
758,572.0263080000003,572.0263080000003
759,641.1168959999999,641.1168959999999
760,579.6828660000009,579.6828660000009
761,670.2274319999997,670.2274319999997
762,868.0558319999992,868.0558319999992
763,1607.216561999997,1607.216561999997
764,2308.7529359999953,2308.7529359999953
765,3529.296035999995,3529.296035999995
766,3506.086415999994,3506.086415999994
767,3270.200933999994,3270.200933999994
768,1863.5150519999959,1863.5150519999959
769,196.03424400000046,196.03424400000046
770,506.764188000001,506.764188000001
771,417.6874800000008,417.6874800000008
772,479.42311200000006,479.42311200000006
773,502.0585080000001,502.0585080000001
774,502.3507860000002,502.3507860000002
775,541.4533740000003,541.4533740000003
776,480.88681200000025,480.88681200000025
777,380.0572440000006,380.0572440000006
778,427.9716840000004,427.9716840000004
779,502.64046000000076,502.64046000000076
780,395.0510340000004,395.0510340000004
781,420.9233280000006,420.9233280000006
782,409.1678220000007,409.1678220000007
783,467.0864520000006,467.0864520000006
784,629.0719260000006,629.0719260000006
785,433.8693240000006,433.8693240000006
786,581.5600560000005,581.5600560000005
787,1508.8478159999952,1508.8478159999952
788,2178.227561999996,2178.227561999996
789,3420.0996059999943,3420.0996059999943
790,3836.581433999995,3836.581433999995
791,3592.046513999994,3592.046513999994
792,1585.973003999997,1585.973003999997
793,78.15086999999983,78.15086999999983
794,205.14383400000014,205.14383400000014
795,338.607108,338.607108
796,494.7050640000012,494.7050640000012
797,522.0426540000007,522.0426540000007
798,463.54543200000074,463.54543200000074
799,356.24836800000077,356.24836800000077
800,387.11526000000055,387.11526000000055
801,330.67209000000037,330.67209000000037
802,375.06247800000057,375.06247800000057
803,460.60917000000006,460.60917000000006
804,428.8556160000002,428.8556160000002
805,514.1091480000008,514.1091480000008
806,515.5855740000005,515.5855740000005
807,323.3262900000002,323.3262900000002
808,367.7234400000005,367.7234400000005
809,714.9105180000008,714.9105180000008
810,707.1502200000008,707.1502200000008
811,1295.3642519999976,1295.3642519999976
812,2200.255973999996,2200.255973999996
813,3513.2520359999917,3513.2520359999917
814,4426.360679999994,4426.360679999994
815,3365.0230739999956,3365.0230739999956
816,1527.1211759999958,1527.1211759999958
817,105.4908539999999,105.4908539999999
818,175.15847999999966,175.15847999999966
819,207.79306800000003,207.79306800000003
820,456.78431400000085,456.78431400000085
821,566.1405960000006,566.1405960000006
822,508.8155100000006,508.8155100000006
823,340.36909200000025,340.36909200000025
824,401.5209240000005,401.5209240000005
825,414.45755400000047,414.45755400000047
826,460.9042200000005,460.9042200000005
827,445.9145460000001,445.9145460000001
828,318.91419000000053,318.91419000000053
829,512.3463240000007,512.3463240000007
830,648.755226,648.755226
831,586.7337420000008,586.7337420000008
832,621.1316580000001,621.1316580000001
833,585.2652540000006,585.2652540000006
834,617.7539760000009,617.7539760000009
835,1480.4036519999966,1480.4036519999966
836,2607.718763999994,2607.718763999994
837,3673.784435999993,3673.784435999993
838,4027.793699999994,4027.793699999994
839,3274.1936219999916,3274.1936219999916
840,1653.4414679999975,1653.4414679999975
841,111.95893800000002,111.95893800000002
842,316.5642060000003,316.5642060000003
843,345.9607620000006,345.9607620000006
844,389.1714540000006,389.1714540000006
845,490.59133200000053,490.59133200000053
846,545.2695360000002,545.2695360000002
847,508.81878600000056,508.81878600000056
848,435.0302460000008,435.0302460000008
849,444.7339680000004,444.7339680000004
850,422.97876600000006,422.97876600000006
851,438.8538840000008,438.8538840000008
852,491.47681800000095,491.47681800000095
853,400.3442520000006,400.3442520000006
854,511.4720100000007,511.4720100000007
855,593.7893640000003,593.7893640000003
856,674.34423,674.34423
857,745.7798039999999,745.7798039999999
858,642.4521600000004,642.4521600000004
859,1572.1684859999962,1572.1684859999962
860,2394.1052099999956,2394.1052099999956
861,3361.6802099999945,3361.6802099999945
862,3810.8314439999926,3810.8314439999926
863,3146.528909999994,3146.528909999994
864,1583.5267139999976,1583.5267139999976
865,145.76200799999992,145.76200799999992
866,312.14748600000024,312.14748600000024
867,465.89096400000005,465.89096400000005
868,627.2831880000005,627.2831880000005
869,531.4517040000012,531.4517040000012
870,564.3773940000015,564.3773940000015
871,503.52552600000035,503.52552600000035
872,365.94709200000045,365.94709200000045
873,279.226962,279.226962
874,262.7672040000003,262.7672040000003
875,338.31487200000043,338.31487200000043
876,435.91363200000023,435.91363200000023
877,449.7347400000006,449.7347400000006
878,422.9818320000009,422.9818320000009
879,401.2307040000007,401.2307040000007
880,424.45695600000073,424.45695600000073
881,444.74182200000047,444.74182200000047
882,503.399232,503.399232
883,1313.190689999997,1313.190689999997
884,1985.4833039999958,1985.4833039999958
885,3955.0329419999957,3955.0329419999957
886,4147.815545999995,4147.815545999995
887,3162.091421999994,3162.091421999994
888,1614.0410159999963,1614.0410159999963
889,101.37783599999997,101.37783599999997
890,169.28146199999995,169.28146199999995
891,234.83896800000005,234.83896800000005
892,447.9636000000002,447.9636000000002
893,488.8247700000001,488.8247700000001
894,493.23309000000086,493.23309000000086
895,470.59857600000083,470.59857600000083
896,445.9077840000004,445.9077840000004
897,489.70954200000045,489.70954200000045
898,577.9076520000004,577.9076520000004
899,597.8999040000001,597.8999040000001
900,454.7316480000008,454.7316480000008
901,406.515942000001,406.515942000001
902,330.9676860000002,330.9676860000002
903,397.1143260000005,397.1143260000005
904,442.10086200000075,442.10086200000075
905,654.9421619999999,654.9421619999999
906,889.5202260000002,889.5202260000002
907,1617.762803999998,1617.762803999998
908,2377.7593559999964,2377.7593559999964
909,3389.446577999994,3389.446577999994
910,3891.5918579999916,3891.5918579999916
911,3277.1751179999933,3277.1751179999933
912,1566.2303579999966,1566.2303579999966
913,89.61905399999998,89.61905399999998
914,323.91240000000033,323.91240000000033
915,393.2867819999999,393.2867819999999
916,380.0543880000005,380.0543880000005
917,446.7851220000007,446.7851220000007
918,453.26026200000064,453.26026200000064
919,318.9128880000002,318.9128880000002
920,320.6815080000001,320.6815080000001
921,252.77103600000035,252.77103600000035
922,392.69727000000023,392.69727000000023
923,469.7185080000002,469.7185080000002
924,489.11994600000054,489.11994600000054
925,475.01084400000053,475.01084400000053
926,429.7446720000007,429.7446720000007
927,557.3347920000002,557.3347920000002
928,650.2352639999998,650.2352639999998
929,628.7721719999998,628.7721719999998
930,680.788206,680.788206
931,1293.0744119999983,1293.0744119999983
932,2384.382797999996,2384.382797999996
933,3530.846927999994,3530.846927999994
934,4167.533495999992,4167.533495999992
935,3567.9306599999923,3567.9306599999923
936,1504.0528439999969,1504.0528439999969
937,199.85708400000004,199.85708400000004
938,311.56784400000043,311.56784400000043
939,291.5743740000004,291.5743740000004
940,332.1391080000002,332.1391080000002
941,457.37382600000046,457.37382600000046
942,433.26838800000104,433.26838800000104
943,372.1231920000004,372.1231920000004
944,430.0308600000001,430.0308600000001
945,505.2880980000003,505.2880980000003
946,454.7274900000004,454.7274900000004
947,510.28567800000036,510.28567800000036
948,397.39883400000025,397.39883400000025
949,322.1460480000004,322.1460480000004
950,420.9252600000009,420.9252600000009
951,514.1218320000003,514.1218320000003
952,588.7966980000007,588.7966980000007
953,517.6537800000008,517.6537800000008
954,853.5292920000009,853.5292920000009
955,1583.757797999996,1583.757797999996
956,2164.371173999995,2164.371173999995
957,3476.4187079999942,3476.4187079999942
958,3766.258439999995,3766.258439999995
959,3540.130733999994,3540.130733999994
960,1953.1357439999952,1953.1357439999952
961,141.35654400000024,141.35654400000024
962,248.94983400000052,248.94983400000052
963,269.22982799999994,269.22982799999994
964,451.4915160000003,451.4915160000003
965,551.7369900000008,551.7369900000008
966,442.66761000000054,442.66761000000054
967,434.7296940000007,434.7296940000007
968,395.63214600000043,395.63214600000043
969,350.35757400000017,350.35757400000017
970,278.9282999999999,278.9282999999999
971,398.5794120000007,398.5794120000007
972,485.0087340000002,485.0087340000002
973,526.1644080000002,526.1644080000002
974,511.7589960000001,511.7589960000001
975,583.1995260000001,583.1995260000001
976,633.1836,633.1836
977,505.8884460000009,505.8884460000009
978,544.2546060000002,544.2546060000002
979,1566.8848439999967,1566.8848439999967
980,2407.2471779999955,2407.2471779999955
981,3480.6738119999936,3480.6738119999936
982,3462.704405999995,3462.704405999995
983,3469.569263999995,3469.569263999995
984,1662.7388819999967,1662.7388819999967
985,172.51772999999994,172.51772999999994
986,296.8648200000005,296.8648200000005
987,318.6194340000002,318.6194340000002
988,414.1540200000002,414.1540200000002
989,445.901148,445.901148
990,380.0562780000002,380.0562780000002
991,395.9320260000004,395.9320260000004
992,390.9310440000003,390.9310440000003
993,343.6051080000004,343.6051080000004
994,403.5762360000005,403.5762360000005
995,448.2580200000004,448.2580200000004
996,546.7439040000002,546.7439040000002
997,446.20371600000107,446.20371600000107
998,460.02679800000084,460.02679800000084
999,484.7235960000002,484.7235960000002
1000,486.78390599999955,486.78390599999955
1001,365.9589360000002,365.9589360000002
1002,667.116198,667.116198
1003,1761.6712259999956,1761.6712259999956
1004,2552.5026659999944,2552.5026659999944
1005,3624.9504899999934,3624.9504899999934
1006,3749.583011999996,3749.583011999996
1007,3116.6587199999917,3116.6587199999917
1008,1662.8531219999948,1662.8531219999948
1009,132.83159400000002,132.83159400000002
1010,330.3824580000002,330.3824580000002
1011,409.75489800000025,409.75489800000025
1012,302.7478020000001,302.7478020000001
1013,318.32766,318.32766
1014,308.3321640000002,308.3321640000002
1015,379.1811660000006,379.1811660000006
1016,339.4928460000007,339.4928460000007
1017,391.5230340000007,391.5230340000007
1018,507.05436600000075,507.05436600000075
1019,624.6402960000007,624.6402960000007
1020,533.5088640000001,533.5088640000001
1021,456.48926400000045,456.48926400000045
1022,412.10345400000085,412.10345400000085
1023,355.0724100000003,355.0724100000003
1024,415.0524000000002,415.0524000000002
1025,431.5159380000007,431.5159380000007
1026,639.0849780000005,639.0849780000005
1027,1362.7927739999975,1362.7927739999975
1028,2204.381927999996,2204.381927999996
1029,3541.294007999995,3541.294007999995
1030,4453.907387999996,4453.907387999996
1031,3555.9290339999925,3555.9290339999925
1032,1661.8200059999967,1661.8200059999967
1033,155.46745199999995,155.46745199999995
1034,392.7005040000004,392.7005040000004
1035,369.4781160000005,369.4781160000005
1036,355.3650240000006,355.3650240000006
1037,488.5318200000012,488.5318200000012
1038,362.1223620000005,362.1223620000005
1039,365.0645460000001,365.0645460000001
1040,409.1639580000008,409.1639580000008
1041,428.27101800000054,428.27101800000054
1042,379.1774280000004,379.1774280000004
1043,548.2126860000005,548.2126860000005
1044,523.226424000001,523.226424000001
1045,445.0322100000007,445.0322100000007
1046,521.4632640000003,521.4632640000003
1047,569.9755740000007,569.9755740000007
1048,496.4860320000008,496.4860320000008
1049,573.2142360000008,573.2142360000008
1050,479.205468000001,479.205468000001
1051,1133.276129999998,1133.276129999998
1052,1766.880695999996,1766.880695999996
1053,3433.688159999993,3433.688159999993
1054,4226.741693999993,4226.741693999993
1055,3604.5475199999946,3604.5475199999946
1056,1635.4861319999964,1635.4861319999964
1057,119.30977800000002,119.30977800000002
1058,363.8889240000003,363.8889240000003
1059,405.33922800000056,405.33922800000056
1060,582.0196200000012,582.0196200000012
1061,586.1370060000011,586.1370060000011
1062,463.845312,463.845312
1063,299.51161800000057,299.51161800000057
1064,238.9536660000005,238.9536660000005
1065,328.61732400000056,328.61732400000056
1066,432.0931860000005,432.0931860000005
1067,565.5536460000012,565.5536460000012
1068,462.9572640000003,462.9572640000003
1069,432.0926820000008,432.0926820000008
1070,401.22772200000054,401.22772200000054
1071,517.0563300000001,517.0563300000001
1072,692.8620299999995,692.8620299999995
1073,582.0334380000005,582.0334380000005
1074,622.2909420000005,622.2909420000005
1075,1192.654889999998,1192.654889999998
1076,1659.363467999995,1659.363467999995
1077,2862.773717999996,2862.773717999996
1078,3826.4753939999932,3826.4753939999932
1079,3680.7718499999924,3680.7718499999924
1080,2166.9051599999957,2166.9051599999957
1081,144.00195599999998,144.00195599999998
1082,369.18378000000047,369.18378000000047
1083,407.98506000000043,407.98506000000043
1084,529.100712000001,529.100712000001
1085,498.82429800000074,498.82429800000074
1086,505.5828960000009,505.5828960000009
1087,508.5239460000003,508.5239460000003
1088,560.5602660000003,560.5602660000003
1089,506.1757680000005,506.1757680000005
1090,417.9828660000008,417.9828660000008
1091,322.1469720000005,322.1469720000005
1092,360.36491400000097,360.36491400000097
1093,391.52551200000084,391.52551200000084
1094,451.2059160000011,451.2059160000011
1095,570.857112,570.857112
1096,712.8552059999993,712.8552059999993
1097,449.74318200000005,449.74318200000005
1098,513.0213060000007,513.0213060000007
1099,1113.6696059999972,1113.6696059999972
1100,1890.3580499999948,1890.3580499999948
1101,3510.930485999994,3510.930485999994
1102,4061.271773999994,4061.271773999994
1103,3761.471153999997,3761.471153999997
1104,2024.9351219999958,2024.9351219999958
1105,101.37817199999995,101.37817199999995
1106,295.9855920000002,295.9855920000002
1107,361.83554400000014,361.83554400000014
1108,363.0119640000009,363.0119640000009
1109,475.30963200000093,475.30963200000093
1110,425.3332020000006,425.3332020000006
1111,342.42906600000026,342.42906600000026
1112,462.6659520000005,462.6659520000005
1113,350.9536800000005,350.9536800000005
1114,335.37508200000053,335.37508200000053
1115,437.09261400000054,437.09261400000054
1116,485.3045400000001,485.3045400000001
1117,272.46613800000017,272.46613800000017
1118,411.8098740000006,411.8098740000006
1119,613.4817780000005,613.4817780000005
1120,499.72091400000073,499.72091400000073
1121,532.0587720000007,532.0587720000007
1122,813.0310020000003,813.0310020000003
1123,1433.9213279999974,1433.9213279999974
1124,1900.8716579999943,1900.8716579999943
1125,3493.537949999994,3493.537949999994
1126,4634.702435999994,4634.702435999994
1127,3472.8775619999938,3472.8775619999938
1128,2187.3038459999952,2187.3038459999952
1129,126.95146800000003,126.95146800000003
1130,248.35990200000046,248.35990200000046
1131,296.56872000000027,296.56872000000027
1132,313.3259640000005,313.3259640000005
1133,381.5274960000008,381.5274960000008
1134,401.2291920000004,401.2291920000004
1135,591.4309799999999,591.4309799999999
1136,392.1118320000007,392.1118320000007
1137,404.75072400000056,404.75072400000056
1138,414.44760000000093,414.44760000000093
1139,397.1092440000007,397.1092440000007
1140,302.45250000000044,302.45250000000044
1141,399.1644720000003,399.1644720000003
1142,524.1075000000006,524.1075000000006
1143,640.5272159999998,640.5272159999998
1144,704.9129640000007,704.9129640000007
1145,889.2389519999999,889.2389519999999
1146,730.5574499999994,730.5574499999994
1147,1292.1041699999976,1292.1041699999976
1148,2079.4766159999963,2079.4766159999963
1149,3388.6828499999933,3388.6828499999933
1150,4340.469629999994,4340.469629999994
1151,3210.4011659999933,3210.4011659999933
1152,1334.7302219999963,1334.7302219999963
1153,88.73843999999991,88.73843999999991
1154,304.2185580000005,304.2185580000005
1155,394.4695020000004,394.4695020000004
1156,432.6850500000006,432.6850500000006
1157,489.41604600000056,489.41604600000056
1158,321.2650560000002,321.2650560000002
1159,344.4896700000003,344.4896700000003
1160,412.39422000000025,412.39422000000025
1161,391.5212700000007,391.5212700000007
1162,440.6172960000002,440.6172960000002
1163,372.70623600000056,372.70623600000056
1164,472.0705920000005,472.0705920000005
1165,391.52202600000095,391.52202600000095
1166,444.14983200000063,444.14983200000063
1167,462.08610000000124,462.08610000000124
1168,514.7113860000012,514.7113860000012
1169,641.7114060000002,641.7114060000002
1170,868.9870979999998,868.9870979999998
1171,1302.951887999998,1302.951887999998
1172,2213.4299459999947,2213.4299459999947
1173,3360.9623879999967,3360.9623879999967
1174,4317.8226839999925,4317.8226839999925
1175,3185.8601039999926,3185.8601039999926
1176,2136.8982179999957,2136.8982179999957
1177,79.62065999999993,79.62065999999993
1178,213.9617340000004,213.9617340000004
1179,230.71960800000005,230.71960800000005
1180,361.24342800000034,361.24342800000034
1181,497.94351600000044,497.94351600000044
1182,492.94896000000057,492.94896000000057
1183,507.6428280000011,507.6428280000011
1184,387.7027560000007,387.7027560000007
1185,425.3303040000006,425.3303040000006
1186,564.6734520000008,564.6734520000008
1187,561.1440240000003,561.1440240000003
1188,409.16215200000016,409.16215200000016
1189,443.26556400000095,443.26556400000095
1190,508.53306000000066,508.53306000000066
1191,537.9351180000009,537.9351180000009
1192,675.8136000000001,675.8136000000001
1193,604.6700520000012,604.6700520000012
1194,714.0045779999997,714.0045779999997
1195,1315.4074079999968,1315.4074079999968
1196,1756.5139619999945,1756.5139619999945
1197,3212.039795999993,3212.039795999993
1198,3815.919365999996,3815.919365999996
1199,3999.0428519999937,3999.0428519999937
1200,2123.4649799999956,2123.4649799999956
1201,119.30746800000011,119.30746800000011
1202,359.1859320000005,359.1859320000005
1203,396.2266140000004,396.2266140000004
1204,393.87692400000054,393.87692400000054
1205,392.40726000000035,392.40726000000035
1206,267.1750200000004,267.1750200000004
1207,396.2300160000004,396.2300160000004
1208,547.6274580000007,547.6274580000007
1209,612.8893680000011,612.8893680000011
1210,621.7088220000005,621.7088220000005
1211,510.29155800000046,510.29155800000046
1212,436.79895000000084,436.79895000000084
1213,369.1831080000012,369.1831080000012
1214,432.3882360000009,432.3882360000009
1215,569.6798100000007,569.6798100000007
1216,686.1020040000008,686.1020040000008
1217,690.5121299999998,690.5121299999998
1218,747.5653079999995,747.5653079999995
1219,1338.3045899999984,1338.3045899999984
1220,1796.9498819999963,1796.9498819999963
1221,3279.1102679999944,3279.1102679999944
1222,3944.2097519999925,3944.2097519999925
1223,3581.5757039999926,3581.5757039999926
1224,1693.4814539999948,1693.4814539999948
1225,165.75896400000008,165.75896400000008
1226,340.66943400000014,340.66943400000014
1227,494.4165660000003,494.4165660000003
1228,556.1527440000007,556.1527440000007
1229,411.80777400000045,411.80777400000045
1230,495.8837100000015,495.8837100000015
1231,403.28202600000054,403.28202600000054
1232,302.4487620000005,302.4487620000005
1233,376.24070400000033,376.24070400000033
1234,437.6764140000006,437.6764140000006
1235,456.2012280000004,456.2012280000004
1236,633.4664280000013,633.4664280000013
1237,530.8692060000004,530.8692060000004
1238,433.56642000000085,433.56642000000085
1239,548.2197000000006,548.2197000000006
1240,390.06399600000026,390.06399600000026
1241,256.8933780000003,256.8933780000003
1242,719.7655079999995,719.7655079999995
1243,1590.5192099999956,1590.5192099999956
1244,2446.055093999996,2446.055093999996
1245,2944.765613999994,2944.765613999994
1246,4082.845367999994,4082.845367999994
1247,3221.3921879999943,3221.3921879999943
1248,1425.6398939999979,1425.6398939999979
1249,136.94788799999986,136.94788799999986
1250,261.2916600000001,261.2916600000001
1251,477.65491200000054,477.65491200000054
1252,529.9848540000007,529.9848540000007
1253,538.2166860000004,538.2166860000004
1254,458.84676600000074,458.84676600000074
1255,324.2054760000006,324.2054760000006
1256,308.61915000000056,308.61915000000056
1257,550.8549900000015,550.8549900000015
1258,485.8830060000006,485.8830060000006
1259,423.5617680000006,423.5617680000006
1260,290.9851140000007,290.9851140000007
1261,420.6301260000003,420.6301260000003
1262,558.8018520000006,558.8018520000006
1263,550.5738840000009,550.5738840000009
1264,572.6269080000005,572.6269080000005
1265,513.2413860000008,513.2413860000008
1266,515.1067740000005,515.1067740000005
1267,1278.6649259999976,1278.6649259999976
1268,1932.6166019999946,1932.6166019999946
1269,3610.8265199999933,3610.8265199999933
1270,4145.847467999995,4145.847467999995
1271,3557.7572519999917,3557.7572519999917
1272,1844.418827999996,1844.418827999996
1273,117.25064400000004,117.25064400000004
1274,328.6152660000004,328.6152660000004
1275,363.0136860000005,363.0136860000005
1276,370.9456380000005,370.9456380000005
1277,363.29622000000035,363.29622000000035
1278,503.22951000000074,503.22951000000074
1279,583.7802600000007,583.7802600000007
1280,399.7568820000007,399.7568820000007
1281,446.4952800000004,446.4952800000004
1282,404.45672400000007,404.45672400000007
1283,479.42353200000065,479.42353200000065
1284,417.39524400000016,417.39524400000016
1285,461.4923460000007,461.4923460000007
1286,437.3890920000005,437.3890920000005
1287,460.3217640000006,460.3217640000006
1288,438.2775600000004,438.2775600000004
1289,350.966322,350.966322
1290,559.9310640000007,559.9310640000007
1291,1132.735841999997,1132.735841999997
1292,1970.7352979999953,1970.7352979999953
1293,3658.3470419999935,3658.3470419999935
1294,4547.1002219999955,4547.1002219999955
1295,3543.782717999994,3543.782717999994
1296,1662.4773059999948,1662.4773059999948
1297,143.9991840000001,143.9991840000001
1298,238.06872600000017,238.06872600000017
1299,283.0495080000002,283.0495080000002
1300,384.17757000000034,384.17757000000034
1301,358.60078799999997,358.60078799999997
1302,401.2271340000001,401.2271340000001
1303,505.2958260000004,505.2958260000004
1304,547.3349280000002,547.3349280000002
1305,531.1623240000002,531.1623240000002
1306,435.62118600000053,435.62118600000053
1307,448.25848200000047,448.25848200000047
1308,503.5278780000013,503.5278780000013
1309,467.0780100000008,467.0780100000008
1310,443.5615379999999,443.5615379999999
1311,676.9827120000007,676.9827120000007
1312,667.5812639999995,667.5812639999995
1313,548.519832000001,548.519832000001
1314,550.3825740000002,550.3825740000002
1315,1086.301733999998,1086.301733999998
1316,2106.3130619999965,2106.3130619999965
1317,3324.9688499999943,3324.9688499999943
1318,3883.943531999994,3883.943531999994
1319,3381.995315999994,3381.995315999994
1320,2027.6149739999962,2027.6149739999962
1321,119.89819799999988,119.89819799999988
1322,281.874852,281.874852
1323,498.8236680000008,498.8236680000008
1324,441.79510200000084,441.79510200000084
1325,437.0857260000003,437.0857260000003
1326,417.6829860000006,417.6829860000006
1327,323.02741800000047,323.02741800000047
1328,486.4764240000003,486.4764240000003
1329,500.29702800000035,500.29702800000035
1330,497.06218800000073,497.06218800000073
1331,487.946718000001,487.946718000001
1332,677.5550879999998,677.5550879999998
1333,498.5302560000006,498.5302560000006
1334,460.0260000000005,460.0260000000005
1335,517.6436580000002,517.6436580000002
1336,455.033880000001,455.033880000001
1337,440.6305680000005,440.6305680000005
1338,609.1941660000001,609.1941660000001
1339,1144.4863079999973,1144.4863079999973
1340,2035.7653259999952,2035.7653259999952
1341,3388.5514739999944,3388.5514739999944
1342,3728.8478219999934,3728.8478219999934
1343,3463.185473999992,3463.185473999992
1344,2032.3261139999963,2032.3261139999963
1345,101.96613000000012,101.96613000000012
1346,204.2678820000003,204.2678820000003
1347,320.9755500000005,320.9755500000005
1348,290.6971200000002,290.6971200000002
1349,435.62366400000064,435.62366400000064
1350,541.4476200000008,541.4476200000008
1351,572.9043600000005,572.9043600000005
1352,500.2926600000007,500.2926600000007
1353,447.67157399999996,447.67157399999996
1354,472.95221400000054,472.95221400000054
1355,409.4570760000009,409.4570760000009
1356,378.8869980000002,378.8869980000002
1357,333.0256860000005,333.0256860000005
1358,516.4692960000002,516.4692960000002
1359,675.2203079999999,675.2203079999999
1360,643.4708280000003,643.4708280000003
1361,493.54296600000123,493.54296600000123
1362,570.543036000001,570.543036000001
1363,1275.4469279999976,1275.4469279999976
1364,2090.296487999996,2090.296487999996
1365,3573.178475999996,3573.178475999996
1366,3909.644717999993,3909.644717999993
1367,3438.4786799999956,3438.4786799999956
1368,1551.8008799999966,1551.8008799999966
1369,98.43602999999993,98.43602999999993
1370,257.1757440000001,257.1757440000001
1371,315.6807360000004,315.6807360000004
1372,239.24821200000034,239.24821200000034
1373,346.2559800000006,346.2559800000006
1374,375.0627720000004,375.0627720000004
1375,353.0159640000002,353.0159640000002
1376,430.0338420000008,430.0338420000008
1377,303.62606400000016,303.62606400000016
1378,496.76709600000027,496.76709600000027
1379,518.2258200000001,518.2258200000001
1380,564.3810060000006,564.3810060000006
1381,391.23462000000046,391.23462000000046
1382,486.7788660000006,486.7788660000006
1383,761.9429580000009,761.9429580000009
1384,787.5236040000003,787.5236040000003
1385,652.8826920000007,652.8826920000007
1386,773.8483200000006,773.8483200000006
1387,1011.6233399999986,1011.6233399999986
1388,1882.4489879999965,1882.4489879999965
1389,3360.590309999994,3360.590309999994
1390,4426.871357999994,4426.871357999994
1391,4019.6198279999917,4019.6198279999917
1392,1842.7286219999953,1842.7286219999953
1393,257.7703380000001,257.7703380000001
1394,389.7621420000004,389.7621420000004
1395,549.6831900000012,549.6831900000012
1396,605.2448640000009,605.2448640000009
1397,513.230214000001,513.230214000001
1398,303.333282000001,303.333282000001
1399,315.97259400000075,315.97259400000075
1400,389.4663360000004,389.4663360000004
1401,288.6361800000003,288.6361800000003
1402,368.5940160000008,368.5940160000008
1403,318.91301400000043,318.91301400000043
1404,337.4309400000003,337.4309400000003
1405,370.3592760000003,370.3592760000003
1406,466.7855640000006,466.7855640000006
1407,622.0094159999996,622.0094159999996
1408,802.2225539999998,802.2225539999998
1409,567.0382200000008,567.0382200000008
1410,665.124642,665.124642
1411,1279.8917879999974,1279.8917879999974
1412,2459.7959399999936,2459.7959399999936
1413,3555.176813999992,3555.176813999992
1414,3896.5501259999924,3896.5501259999924
1415,3187.1427419999914,3187.1427419999914
1416,1754.1327299999962,1754.1327299999962
1417,111.66225000000004,111.66225000000004
1418,306.85670400000066,306.85670400000066
1419,440.9123460000006,440.9123460000006
1420,422.09407800000025,422.09407800000025
1421,404.7517740000007,404.7517740000007
1422,387.4094280000005,387.4094280000005
1423,431.21122800000086,431.21122800000086
1424,468.54641400000037,468.54641400000037
1425,577.3151580000011,577.3151580000011
1426,593.4856200000004,593.4856200000004
1427,395.05032000000045,395.05032000000045
1428,415.03740600000043,415.03740600000043
1429,475.5928800000002,475.5928800000002
1430,445.31197200000025,445.31197200000025
1431,511.46209800000054,511.46209800000054
1432,465.0157680000001,465.0157680000001
1433,365.65279800000064,365.65279800000064
1434,350.4847920000001,350.4847920000001
1435,1052.9939699999989,1052.9939699999989
1436,3059.8425059999936,3059.8425059999936
1437,4572.590735999994,4572.590735999994
1438,5273.898713999997,5273.898713999997
1439,3450.6009299999937,3450.6009299999937
1440,1680.0645959999968,1680.0645959999968
1441,118.13197200000005,118.13197200000005
1442,316.8553920000006,316.8553920000006
1443,441.20731200000057,441.20731200000057
1444,479.72072400000087,479.72072400000087
1445,495.88471799999974,495.88471799999974
1446,495.5864759999997,495.5864759999997
1447,447.95940000000013,447.95940000000013
1448,436.7932380000005,436.7932380000005
1449,424.74175800000086,424.74175800000086
1450,361.53700800000064,361.53700800000064
1451,351.5420580000006,351.5420580000006
1452,403.87116000000066,403.87116000000066
1453,386.82260400000047,386.82260400000047
1454,328.32214800000037,328.32214800000037
1455,294.2191560000004,294.2191560000004
1456,367.71730800000034,367.71730800000034
1457,412.1077380000001,412.1077380000001
1458,604.8536760000005,604.8536760000005
1459,1606.844651999998,1606.844651999998
1460,2796.077465999995,2796.077465999995
1461,4340.278697999994,4340.278697999994
1462,5179.008029999998,5179.008029999998
1463,3478.1804819999975,3478.1804819999975
1464,2076.3354779999963,2076.3354779999963
1465,57.869447999999984,57.869447999999984
1466,262.472742,262.472742
1467,285.69412200000045,285.69412200000045
1468,463.2542040000007,463.2542040000007
1469,567.3186540000007,567.3186540000007
1470,635.8124220000009,635.8124220000009
1471,404.45924399999996,404.45924399999996
1472,350.6608560000004,350.6608560000004
1473,347.1300000000005,347.1300000000005
1474,371.82902400000097,371.82902400000097
1475,326.8542060000008,326.8542060000008
1476,363.3017220000008,363.3017220000008
1477,442.3775159999999,442.3775159999999
1478,494.4112740000002,494.4112740000002
1479,467.07343199999997,467.07343199999997
1480,410.62971600000026,410.62971600000026
1481,427.09724400000044,427.09724400000044
1482,399.91450800000047,399.91450800000047
1483,1477.3892279999977,1477.3892279999977
1484,3017.891603999994,3017.891603999994
1485,4545.410939999995,4545.410939999995
1486,5360.779830000002,5360.779830000002
1487,3837.8179979999945,3837.8179979999945
1488,1632.795905999996,1632.795905999996
1489,178.10486400000008,178.10486400000008
1490,314.7955860000002,314.7955860000002
1491,457.07508000000047,457.07508000000047
1492,450.6092640000008,450.6092640000008
1493,379.17415200000045,379.17415200000045
1494,429.7369860000005,429.7369860000005
1495,441.5019000000006,441.5019000000006
1496,536.75286,536.75286
1497,518.524104,518.524104
1498,463.5492960000009,463.5492960000009
1499,428.8562460000003,428.8562460000003
1500,454.72518000000076,454.72518000000076
1501,448.85206800000054,448.85206800000054
1502,487.06728000000004,487.06728000000004
1503,539.396004000001,539.396004000001
1504,617.2958400000008,617.2958400000008
1505,469.72237200000086,469.72237200000086
1506,614.3018700000003,614.3018700000003
1507,1409.4375959999961,1409.4375959999961
1508,2790.944351999995,2790.944351999995
1509,4219.425671999993,4219.425671999993
1510,4624.980779999997,4624.980779999997
1511,3532.542089999993,3532.542089999993
1512,1774.8394019999962,1774.8394019999962
1513,126.36334200000002,126.36334200000002
1514,253.06247400000032,253.06247400000032
1515,395.3459160000008,395.3459160000008
1516,443.84680200000014,443.84680200000014
1517,433.5615060000006,433.5615060000006
1518,369.4759740000003,369.4759740000003
1519,274.2253080000001,274.2253080000001
1520,265.9964160000004,265.9964160000004
1521,360.95270400000027,360.95270400000027
1522,351.5424780000004,351.5424780000004
1523,415.3318260000003,415.3318260000003
1524,424.4441880000004,424.4441880000004
1525,322.43542800000034,322.43542800000034
1526,458.2505340000005,458.2505340000005
1527,486.76622400000076,486.76622400000076
1528,521.165148,521.165148
1529,590.2522500000009,590.2522500000009
1530,556.2551820000004,556.2551820000004
1531,1126.6287899999975,1126.6287899999975
1532,3114.8067299999957,3114.8067299999957
1533,4404.459737999994,4404.459737999994
1534,4754.236325999994,4754.236325999994
1535,3686.5475639999927,3686.5475639999927
1536,1874.4621419999953,1874.4621419999953
1537,175.4577720000002,175.4577720000002
1538,348.02094600000055,348.02094600000055
1539,511.4683980000005,511.4683980000005
1540,552.9142920000007,552.9142920000007
1541,465.89684400000107,465.89684400000107
1542,508.22877000000017,508.22877000000017
1543,518.2241820000008,518.2241820000008
1544,443.84953200000086,443.84953200000086
1545,417.9810180000004,417.9810180000004
1546,415.6273800000008,415.6273800000008
1547,418.86398400000036,418.86398400000036
1548,404.7494640000004,404.7494640000004
1549,355.9499580000004,355.9499580000004
1550,300.0972660000006,300.0972660000006
1551,367.71369600000094,367.71369600000094
1552,337.1429040000004,337.1429040000004
1553,313.62689400000085,313.62689400000085
1554,449.5884120000003,449.5884120000003
1555,1176.3284819999965,1176.3284819999965
1556,2587.141283999996,2587.141283999996
1557,4488.122771999992,4488.122771999992
1558,5433.990155999998,5433.990155999998
1559,3785.536313999995,3785.536313999995
1560,1982.8276439999954,1982.8276439999954
1561,101.37510599999995,101.37510599999995
1562,236.6066220000001,236.6066220000001
1563,323.03535600000043,323.03535600000043
1564,320.6793660000001,320.6793660000001
1565,318.91368600000027,318.91368600000027
1566,434.1476160000005,434.1476160000005
1567,460.31273400000094,460.31273400000094
1568,458.5515900000006,458.5515900000006
1569,446.7916740000001,446.7916740000001
1570,564.0875940000006,564.0875940000006
1571,509.11182000000053,509.11182000000053
1572,467.36718000000036,467.36718000000036
1573,397.4020260000006,397.4020260000006
1574,467.07717000000014,467.07717000000014
1575,555.5662560000007,555.5662560000007
1576,455.91113400000137,455.91113400000137
1577,448.2676800000008,448.2676800000008
1578,453.8722860000005,453.8722860000005
1579,1302.4088699999975,1302.4088699999975
1580,3160.8959339999965,3160.8959339999965
1581,4821.5958419999915,4821.5958419999915
1582,5235.537761999995,5235.537761999995
1583,3780.699383999994,3780.699383999994
1584,1859.8040579999974,1859.8040579999974
1585,233.66448000000017,233.66448000000017
1586,422.3926980000005,422.3926980000005
1587,443.855034000001,443.855034000001
1588,360.06986400000085,360.06986400000085
1589,303.33588600000064,303.33588600000064
1590,328.0278120000003,328.0278120000003
1591,327.73083000000037,327.73083000000037
1592,221.31551400000018,221.31551400000018
1593,337.13547000000057,337.13547000000057
1594,328.0214280000002,328.0214280000002
1595,338.3131500000003,338.3131500000003
1596,395.6421000000004,395.6421000000004
1597,435.6185400000003,435.6185400000003
1598,646.4031420000011,646.4031420000011
1599,676.3889580000014,676.3889580000014
1600,544.9795260000001,544.9795260000001
1601,468.8381040000003,468.8381040000003
1602,460.08509400000054,460.08509400000054
1603,1490.933093999997,1490.933093999997
1604,2669.939789999996,2669.939789999996
1605,4561.936553999997,4561.936553999997
1606,5750.310720000001,5750.310720000001
1607,3593.8521779999933,3593.8521779999933
1608,1853.1248819999964,1853.1248819999964
1609,205.73704200000026,205.73704200000026
1610,387.7041420000002,387.7041420000002
1611,374.7649080000004,374.7649080000004
1612,421.5072120000003,421.5072120000003
1613,271.8755340000006,271.8755340000006
1614,231.0150780000003,231.0150780000003
1615,404.75496600000105,404.75496600000105
1616,549.3907020000009,549.3907020000009
1617,518.8145760000008,518.8145760000008
1618,446.206698000001,446.206698000001
1619,452.6773440000006,452.6773440000006
1620,397.40803200000073,397.40803200000073
1621,412.4003520000007,412.4003520000007
1622,444.43917000000056,444.43917000000056
1623,609.0645960000005,609.0645960000005
1624,514.1120460000003,514.1120460000003
1625,418.57284000000044,418.57284000000044
1626,463.45349400000083,463.45349400000083
1627,980.3601779999981,980.3601779999981
1628,2042.592047999994,2042.592047999994
1629,4726.429889999996,4726.429889999996
1630,6104.412468000005,6104.412468000005
1631,4064.066495999995,4064.066495999995
1632,2136.2827079999965,2136.2827079999965
1633,106.08011399999997,106.08011399999997
1634,278.05054200000006,278.05054200000006
1635,363.5968140000003,363.5968140000003
1636,384.46884000000074,384.46884000000074
1637,517.638618000001,517.638618000001
1638,559.0896780000006,559.0896780000006
1639,465.6049860000007,465.6049860000007
1640,426.8008080000005,426.8008080000005
1641,356.83397400000047,356.83397400000047
1642,437.6778000000004,437.6778000000004
1643,548.7982920000007,548.7982920000007
1644,406.80746400000066,406.80746400000066
1645,299.80381200000033,299.80381200000033
1646,249.82843200000025,249.82843200000025
1647,246.58989600000032,246.58989600000032
1648,407.3929020000003,407.3929020000003
1649,367.1236379999999,367.1236379999999
1650,534.8076720000006,534.8076720000006
1651,1352.5403639999981,1352.5403639999981
1652,2870.0748719999947,2870.0748719999947
1653,4718.9020619999965,4718.9020619999965
1654,5259.856181999999,5259.856181999999
1655,3850.829849999994,3850.829849999994
1656,1689.5348399999964,1689.5348399999964
1657,123.716628,123.716628
1658,458.25876600000004,458.25876600000004
1659,546.4512060000001,546.4512060000001
1660,467.95803600000045,467.95803600000045
1661,322.14693000000045,322.14693000000045
1662,356.8346040000004,356.8346040000004
1663,430.32448200000067,430.32448200000067
1664,364.4780160000004,364.4780160000004
1665,378.5907300000008,378.5907300000008
1666,326.2589400000004,326.2589400000004
1667,445.9098000000009,445.9098000000009
1668,396.5245200000008,396.5245200000008
1669,421.50964800000094,421.50964800000094
1670,379.46903400000105,379.46903400000105
1671,461.78256600000003,461.78256600000003
1672,462.66120600000033,462.66120600000033
1673,400.9326720000011,400.9326720000011
1674,521.6597820000005,521.6597820000005
1675,944.823599999999,944.823599999999
1676,2352.775403999996,2352.775403999996
1677,4199.704445999994,4199.704445999994
1678,5409.7003799999975,5409.7003799999975
1679,4133.523029999993,4133.523029999993
1680,2144.584511999997,2144.584511999997
1681,111.66464400000007,111.66464400000007
1682,271.2916920000002,271.2916920000002
1683,284.52009600000025,284.52009600000025
1684,386.8177740000006,386.8177740000006
1685,504.9976260000004,504.9976260000004
1686,486.77042400000033,486.77042400000033
1687,348.6050820000005,348.6050820000005
1688,599.0691840000011,599.0691840000011
1689,540.8631900000005,540.8631900000005
1690,525.2805180000013,525.2805180000013
1691,550.5612000000001,550.5612000000001
1692,430.03623600000077,430.03623600000077
1693,324.20505600000024,324.20505600000024
1694,214.55271600000006,214.55271600000006
1695,401.22360600000013,401.22360600000013
1696,448.54924800000015,448.54924800000015
1697,414.15809400000074,414.15809400000074
1698,534.4403400000008,534.4403400000008
1699,1227.7043939999985,1227.7043939999985
1700,3109.8262859999973,3109.8262859999973
1701,4328.354729999994,4328.354729999994
1702,5356.877273999998,5356.877273999998
1703,3646.0614959999925,3646.0614959999925
1704,1623.5074799999963,1623.5074799999963
1705,96.67341600000007,96.67341600000007
1706,279.52075200000013,279.52075200000013
1707,453.8447340000006,453.8447340000006
1708,572.6099400000011,572.6099400000011
1709,579.3668160000009,579.3668160000009
1710,445.0232640000009,445.0232640000009
1711,397.6934640000006,397.6934640000006
1712,306.5663580000003,306.5663580000003
1713,253.94682600000024,253.94682600000024
1714,401.5189500000008,401.5189500000008
1715,319.49723400000084,319.49723400000084
1716,302.73835200000036,302.73835200000036
1717,395.3403300000007,395.3403300000007
1718,527.335074000001,527.335074000001
1719,422.09269200000045,422.09269200000045
1720,288.0442740000004,288.0442740000004
1721,353.89901400000036,353.89901400000036
1722,575.6252880000004,575.6252880000004
1723,1397.480321999997,1397.480321999997
1724,3075.998519999997,3075.998519999997
1725,4651.153331999995,4651.153331999995
1726,5080.773263999996,5080.773263999996
1727,3266.587883999997,3266.587883999997
1728,1524.7990799999973,1524.7990799999973
1729,49.05049800000006,49.05049800000006
1730,300.6905580000003,300.6905580000003
1731,414.74865600000027,414.74865600000027
1732,306.56064600000025,306.56064600000025
1733,305.68330800000024,305.68330800000024
1734,390.6425880000005,390.6425880000005
1735,472.0710540000007,472.0710540000007
1736,356.8360320000005,356.8360320000005
1737,314.7979800000007,314.7979800000007
1738,340.66326000000043,340.66326000000043
1739,485.2959300000005,485.2959300000005
1740,410.04474000000084,410.04474000000084
1741,372.41803200000044,372.41803200000044
1742,325.6722840000004,325.6722840000004
1743,336.5479740000004,336.5479740000004
1744,427.08661800000004,427.08661800000004
1745,380.35057200000114,380.35057200000114
1746,474.4520760000007,474.4520760000007
1747,1271.3328599999975,1271.3328599999975
1748,3157.661513999994,3157.661513999994
1749,4822.295855999996,4822.295855999996
1750,4940.110181999994,4940.110181999994
1751,3809.0550119999934,3809.0550119999934
1752,1902.0230039999954,1902.0230039999954
1753,118.42635000000004,118.42635000000004
1754,346.5498540000004,346.5498540000004
1755,577.6125600000007,577.6125600000007
1756,516.1708020000007,516.1708020000007
1757,357.4256700000007,357.4256700000007
1758,359.4816120000007,359.4816120000007
1759,487.6565400000013,487.6565400000013
1760,480.6038580000006,480.6038580000006
1761,575.2619880000003,575.2619880000003
1762,472.3731180000008,472.3731180000008
1763,341.84484600000036,341.84484600000036
1764,294.2217600000003,294.2217600000003
1765,322.44143400000024,322.44143400000024
1766,380.0590500000007,380.0590500000007
1767,327.7323840000005,327.7323840000005
1768,445.906818,445.906818
1769,602.2991940000006,602.2991940000006
1770,536.6502120000007,536.6502120000007
1771,1215.3863399999973,1215.3863399999973
1772,2354.773343999995,2354.773343999995
1773,4642.927799999996,4642.927799999996
1774,5497.985009999999,5497.985009999999
1775,3666.0349739999942,3666.0349739999942
1776,1836.1087499999967,1836.1087499999967
1777,156.34861199999997,156.34861199999997
1778,262.17756600000007,262.17756600000007
1779,260.413524,260.413524
1780,342.1369560000002,342.1369560000002
1781,358.8953760000005,358.8953760000005
1782,421.2177900000006,421.2177900000006
1783,461.1964140000005,461.1964140000005
1784,488.5345500000006,488.5345500000006
1785,598.4812680000014,598.4812680000014
1786,473.8353060000009,473.8353060000009
1787,319.7910240000003,319.7910240000003
1788,244.24407,244.24407
1789,470.8964400000003,470.8964400000003
1790,570.5511420000015,570.5511420000015
1791,532.3358040000008,532.3358040000008
1792,455.0212800000005,455.0212800000005
1793,410.3382360000007,410.3382360000007
1794,608.2114920000002,608.2114920000002
1795,1308.1854659999976,1308.1854659999976
1796,2833.6691459999965,2833.6691459999965
1797,4727.256911999995,4727.256911999995
1798,5618.038104000003,5618.038104000003
1799,3424.3345919999942,3424.3345919999942
1800,1718.0789639999948,1718.0789639999948
1801,109.60765199999997,109.60765199999997
1802,191.03536200000008,191.03536200000008
1803,355.0708140000004,355.0708140000004
1804,395.0465820000006,395.0465820000006
1805,327.7277640000002,327.7277640000002
1806,349.1867820000004,349.1867820000004
1807,477.65130000000033,477.65130000000033
1808,548.5034100000004,548.5034100000004
1809,624.051918,624.051918
1810,509.40561000000065,509.40561000000065
1811,339.48663000000056,339.48663000000056
1812,348.30478200000044,348.30478200000044
1813,336.8453760000005,336.8453760000005
1814,340.0789140000002,340.0789140000002
1815,332.72836800000056,332.72836800000056
1816,300.09457800000024,300.09457800000024
1817,367.4174280000009,367.4174280000009
1818,656.887854,656.887854
1819,1365.7444079999977,1365.7444079999977
1820,2789.5872059999924,2789.5872059999924
1821,4485.557201999995,4485.557201999995
1822,5848.389035999998,5848.389035999998
1823,3602.5924199999936,3602.5924199999936
1824,1584.2469719999972,1584.2469719999972
1825,128.71404000000007,128.71404000000007
1826,188.391504,188.391504
1827,393.57977400000027,393.57977400000027
1828,484.7149020000007,484.7149020000007
1829,366.5362680000003,366.5362680000003
1830,453.5535060000003,453.5535060000003
1831,468.5439360000004,468.5439360000004
1832,545.5669380000011,545.5669380000011
1833,472.6588020000004,472.6588020000004
1834,465.01933800000046,465.01933800000046
1835,415.3415280000003,415.3415280000003
1836,422.6868660000004,422.6868660000004
1837,465.9022200000006,465.9022200000006
1838,347.7228300000002,347.7228300000002
1839,401.2276380000006,401.2276380000006
1840,409.7529660000002,409.7529660000002
1841,555.8609700000007,555.8609700000007
1842,602.4168360000006,602.4168360000006
1843,1440.2888219999966,1440.2888219999966
1844,2311.105901999996,2311.105901999996
1845,4305.747347999993,4305.747347999993
1846,5350.990973999998,5350.990973999998
1847,3908.9672579999915,3908.9672579999915
1848,1989.573011999996,1989.573011999996
1849,139.88519999999997,139.88519999999997
1850,268.9409940000001,268.9409940000001
1851,482.3621879999999,482.3621879999999
1852,473.83501200000006,473.83501200000006
1853,480.5989020000005,480.5989020000005
1854,574.3773420000001,574.3773420000001
1855,509.11140000000046,509.11140000000046
1856,331.2610560000003,331.2610560000003
1857,338.3210460000007,338.3210460000007
1858,432.0973020000002,432.0973020000002
1859,344.7833340000004,344.7833340000004
1860,373.8853860000003,373.8853860000003
1861,414.7484880000007,414.7484880000007
1862,458.2575900000005,458.2575900000005
1863,387.4129140000007,387.4129140000007
1864,481.7762880000003,481.7762880000003
1865,403.86914400000063,403.86914400000063
1866,341.43761400000056,341.43761400000056
1867,1155.008315999998,1155.008315999998
1868,2744.359127999995,2744.359127999995
1869,5048.755067999997,5048.755067999997
1870,5443.136118,5443.136118
1871,3599.438723999993,3599.438723999993
1872,1878.7829759999966,1878.7829759999966
1873,181.92522599999998,181.92522599999998
1874,389.46684000000073,389.46684000000073
1875,505.8750900000009,505.8750900000009
1876,540.2732160000005,540.2732160000005
1877,472.6646820000005,472.6646820000005
1878,390.93629400000077,390.93629400000077
1879,384.46375800000067,384.46375800000067
1880,432.67140000000046,432.67140000000046
1881,522.0393780000004,522.0393780000004
1882,552.9139140000004,552.9139140000004
1883,422.98187400000074,422.98187400000074
1884,351.83769600000016,351.83769600000016
1885,395.34654600000056,395.34654600000056
1886,412.3958580000005,412.3958580000005
1887,309.8000640000002,309.8000640000002
1888,273.9340800000002,273.9340800000002
1889,220.43637000000027,220.43637000000027
1890,575.1783239999993,575.1783239999993
1891,1587.379625999996,1587.379625999996
1892,2874.758291999995,2874.758291999995
1893,5212.930925999999,5212.930925999999
1894,4781.111117999993,4781.111117999993
1895,2809.307717999995,2809.307717999995
1896,1908.9722399999955,1908.9722399999955
1897,183.3974520000001,183.3974520000001
1898,393.5862420000003,393.5862420000003
1899,491.1819360000006,491.1819360000006
1900,482.3633220000001,482.3633220000001
1901,529.1010480000007,529.1010480000007
1902,435.6205980000009,435.6205980000009
1903,372.7103940000008,372.7103940000008
1904,462.66582600000055,462.66582600000055
1905,426.5058420000005,426.5058420000005
1906,467.3665920000002,467.3665920000002
1907,454.14049800000066,454.14049800000066
1908,467.3658360000002,467.3658360000002
1909,503.52548400000074,503.52548400000074
1910,465.01526400000034,465.01526400000034
1911,467.9557260000008,467.9557260000008
1912,396.2268240000001,396.2268240000001
1913,316.26667800000024,316.26667800000024
1914,472.98526800000036,472.98526800000036
1915,1586.6493719999974,1586.6493719999974
1916,2568.3884519999956,2568.3884519999956
1917,4486.2693539999955,4486.2693539999955
1918,5016.649805999998,5016.649805999998
1919,2925.7481819999944,2925.7481819999944
1920,1913.101931999995,1913.101931999995
1921,110.78566799999986,110.78566799999986
1922,333.9112980000004,333.9112980000004
1923,316.5618120000006,316.5618120000006
1924,335.37462000000033,335.37462000000033
1925,319.5026940000002,319.5026940000002
1926,412.1034960000007,412.1034960000007
1927,402.6965460000006,402.6965460000006
1928,438.8587980000006,438.8587980000006
1929,484.7120460000005,484.7120460000005
1930,512.9319720000009,512.9319720000009
1931,485.0038620000005,485.0038620000005
1932,432.38634600000046,432.38634600000046
1933,436.79235600000027,436.79235600000027
1934,396.8110860000006,396.8110860000006
1935,436.4981040000004,436.4981040000004
1936,468.5400300000002,468.5400300000002
1937,458.2546080000006,458.2546080000006
1938,490.5696600000005,490.5696600000005
1939,1109.1888359999996,1109.1888359999996
1940,2733.4495019999945,2733.4495019999945
1941,4834.5628379999935,4834.5628379999935
1942,5789.226030000001,5789.226030000001
1943,3448.996613999995,3448.996613999995
1944,1580.1004799999955,1580.1004799999955
1945,122.24721600000005,122.24721600000005
1946,231.30639000000022,231.30639000000022
1947,343.6013700000003,343.6013700000003
1948,425.03139,425.03139
1949,383.2862040000002,383.2862040000002
1950,361.23948000000024,361.23948000000024
1951,458.2528020000005,458.2528020000005
1952,373.29457200000036,373.29457200000036
1953,363.30092400000063,363.30092400000063
1954,314.210484,314.210484
1955,369.7729980000006,369.7729980000006
1956,368.59372200000047,368.59372200000047
1957,385.0529760000008,385.0529760000008
1958,416.2117680000008,416.2117680000008
1959,462.95785200000097,462.95785200000097
1960,338.6102580000003,338.6102580000003
1961,454.43500200000057,454.43500200000057
1962,700.0623,700.0623
1963,1602.8197499999962,1602.8197499999962
1964,3252.5428739999934,3252.5428739999934
1965,5055.861803999996,5055.861803999996
1966,4830.463805999996,4830.463805999996
1967,3070.837391999993,3070.837391999993
1968,1884.4408379999975,1884.4408379999975
1969,163.69848600000012,163.69848600000012
1970,416.5101780000001,416.5101780000001
1971,423.2730180000012,423.2730180000012
1972,371.5339320000008,371.5339320000008
1973,350.66367000000025,350.66367000000025
1974,333.0276600000004,333.0276600000004
1975,366.5390820000008,366.5390820000008
1976,420.6280680000008,420.6280680000008
1977,430.6239420000003,430.6239420000003
1978,475.89183600000007,475.89183600000007
1979,438.8492220000006,438.8492220000006
1980,496.468476,496.468476
1981,517.930728,517.930728
1982,465.6033060000009,465.6033060000009
1983,424.44687600000077,424.44687600000077
1984,361.53868800000095,361.53868800000095
1985,476.48542200000054,476.48542200000054
1986,543.5774400000007,543.5774400000007
1987,1153.3434359999978,1153.3434359999978
1988,2869.3705739999955,2869.3705739999955
1989,4384.471307999996,4384.471307999996
1990,5499.588107999999,5499.588107999999
1991,3456.1790759999944,3456.1790759999944
1992,1663.6584719999962,1663.6584719999962
1993,121.072938,121.072938
1994,283.931424,283.931424
1995,320.0918280000008,320.0918280000008
1996,404.16881400000045,404.16881400000045
1997,505.5865920000002,505.5865920000002
1998,517.9300140000001,517.9300140000001
1999,537.0405180000006,537.0405180000006
2000,497.64905400000066,497.64905400000066
2001,430.0361520000006,430.0361520000006
2002,531.4525860000014,531.4525860000014
2003,520.8689640000005,520.8689640000005
2004,309.7983000000002,309.7983000000002
2005,254.23901999999998,254.23901999999998
2006,233.0717760000001,233.0717760000001
2007,293.04013200000037,293.04013200000037
2008,431.7970440000007,431.7970440000007
2009,447.38181600000087,447.38181600000087
2010,615.4674540000011,615.4674540000011
2011,1437.1273559999975,1437.1273559999975
2012,2415.5769539999933,2415.5769539999933
2013,4750.482491999997,4750.482491999997
2014,5484.220307999998,5484.220307999998
2015,3612.4150859999954,3612.4150859999954
2016,1626.6946919999962,1626.6946919999962
2017,116.95660199999995,116.95660199999995
2018,294.21848400000005,294.21848400000005
2019,414.7466400000003,414.7466400000003
2020,385.9353120000004,385.9353120000004
2021,392.98870800000054,392.98870800000054
2022,348.3062940000007,348.3062940000007
2023,325.08575400000063,325.08575400000063
2024,297.7474500000005,297.7474500000005
2025,423.26970000000057,423.26970000000057
2026,472.95007200000026,472.95007200000026
2027,512.6388540000002,512.6388540000002
2028,546.4479720000002,546.4479720000002
2029,540.8571420000007,540.8571420000007
2030,548.7999720000004,548.7999720000004
2031,410.04667200000017,410.04667200000017
2032,370.6536960000005,370.6536960000005
2033,261.8856240000001,261.8856240000001
2034,317.51143200000024,317.51143200000024
2035,1349.1840599999973,1349.1840599999973
2036,2457.1015979999966,2457.1015979999966
2037,4383.076655999994,4383.076655999994
2038,5607.778386,5607.778386
2039,3568.265105999993,3568.265105999993
2040,1803.170375999994,1803.170375999994
2041,99.61215600000001,99.61215600000001
2042,214.84772400000017,214.84772400000017
2043,347.7236700000004,347.7236700000004
2044,460.6114800000004,460.6114800000004
2045,432.9790920000007,432.9790920000007
2046,308.03829000000036,308.03829000000036
2047,261.8844900000001,261.8844900000001
2048,402.6959160000008,402.6959160000008
2049,432.68660400000044,432.68660400000044
2050,476.7787500000006,476.7787500000006
2051,504.1170540000005,504.1170540000005
2052,537.6301140000002,537.6301140000002
2053,541.4542140000011,541.4542140000011
2054,660.5104380000008,660.5104380000008
2055,437.67549000000076,437.67549000000076
2056,428.2740840000007,428.2740840000007
2057,478.54363200000057,478.54363200000057
2058,574.0762860000002,574.0762860000002
2059,1205.881991999999,1205.881991999999
2060,2932.116389999995,2932.116389999995
2061,5355.815387999998,5355.815387999998
2062,5431.720308000001,5431.720308000001
2063,3408.0867239999957,3408.0867239999957
2064,1827.2840879999967,1827.2840879999967
2065,122.83668600000007,122.83668600000007
2066,261.29619600000086,261.29619600000086
2067,405.3394800000005,405.3394800000005
2068,523.5145020000016,523.5145020000016
2069,432.0891120000007,432.0891120000007
2070,545.8581240000005,545.8581240000005
2071,697.5482220000006,697.5482220000006
2072,536.4546600000002,536.4546600000002
2073,390.3518220000008,390.3518220000008
2074,454.44176400000043,454.44176400000043
2075,460.61715000000044,460.61715000000044
2076,485.60152200000056,485.60152200000056
2077,439.44297600000044,439.44297600000044
2078,272.17365000000035,272.17365000000035
2079,448.8466080000004,448.8466080000004
2080,554.091216000001,554.091216000001
2081,557.6234580000003,557.6234580000003
2082,698.2271939999999,698.2271939999999
2083,1202.139875999997,1202.139875999997
2084,2823.1927919999953,2823.1927919999953
2085,4588.132163999993,4588.132163999993
2086,5117.531957999997,5117.531957999997
2087,3727.6283099999914,3727.6283099999914
2088,1461.9597299999978,1461.9597299999978
2089,114.30984599999982,114.30984599999982
2090,332.1395280000005,332.1395280000005
2091,382.7011440000006,382.7011440000006
2092,434.1499260000006,434.1499260000006
2093,498.52752600000014,498.52752600000014
2094,461.7830280000009,461.7830280000009
2095,271.8791460000005,271.8791460000005
2096,323.61886200000095,323.61886200000095
2097,354.7721520000005,354.7721520000005
2098,482.6544240000002,482.6544240000002
2099,565.555788,565.555788
2100,480.01157400000045,480.01157400000045
2101,431.80145400000066,431.80145400000066
2102,437.0951760000009,437.0951760000009
2103,324.50363400000043,324.50363400000043
2104,401.5270140000006,401.5270140000006
2105,460.90556400000065,460.90556400000065
2106,587.9270880000005,587.9270880000005
2107,1472.207813999997,1472.207813999997
2108,3419.515385999995,3419.515385999995
2109,5034.860627999993,5034.860627999993
2110,4643.524997999993,4643.524997999993
2111,3401.1035939999942,3401.1035939999942
2112,1603.7864219999972,1603.7864219999972
2113,99.31912199999987,99.31912199999987
2114,248.0667840000002,248.0667840000002
2115,328.9069140000006,328.9069140000006
2116,438.26370000000003,438.26370000000003
2117,436.5007920000005,436.5007920000005
2118,279.225324,279.225324
2119,440.03005200000104,440.03005200000104
2120,371.2419480000002,371.2419480000002
2121,372.7102680000002,372.7102680000002
2122,495.88749000000075,495.88749000000075
2123,590.8456260000003,590.8456260000003
2124,674.0388480000007,674.0388480000007
2125,562.3235520000003,562.3235520000003
2126,378.88615800000053,378.88615800000053
2127,445.033260000001,445.033260000001
2128,451.5031080000005,451.5031080000005
2129,599.0808600000003,599.0808600000003
2130,516.0049020000005,516.0049020000005
2131,1464.5363459999974,1464.5363459999974
2132,2873.505809999994,2873.505809999994
2133,4331.966603999994,4331.966603999994
2134,5206.806233999994,5206.806233999994
2135,3667.933835999995,3667.933835999995
2136,1809.350969999995,1809.350969999995
2137,142.82524199999997,142.82524199999997
2138,366.8308560000005,366.8308560000005
2139,444.14563200000055,444.14563200000055
2140,597.604350000001,597.604350000001
2141,460.9080420000001,460.9080420000001
2142,303.3352140000006,303.3352140000006
2143,277.75662600000044,277.75662600000044
2144,337.1390400000005,337.1390400000005
2145,343.9015860000002,343.9015860000002
2146,360.36709800000057,360.36709800000057
2147,481.77645600000017,481.77645600000017
2148,443.2614900000003,443.2614900000003
2149,601.4169420000006,601.4169420000006
2150,521.7500820000007,521.7500820000007
2151,523.8091320000011,523.8091320000011
2152,577.3149480000006,577.3149480000006
2153,650.2229580000012,650.2229580000012
2154,521.5641900000008,521.5641900000008
2155,1091.850017999998,1091.850017999998
2156,2556.563897999994,2556.563897999994
2157,4594.964933999994,4594.964933999994
2158,5519.332769999998,5519.332769999998
2159,3334.5619439999937,3334.5619439999937
2160,1791.2542619999952,1791.2542619999952
2161,106.96106399999988,106.96106399999988
2162,308.3259480000006,308.3259480000006
2163,365.9455800000008,365.9455800000008
2164,467.3671380000005,467.3671380000005
2165,488.5328280000007,488.5328280000007
2166,361.8339060000002,361.8339060000002
2167,475.604640000001,475.604640000001
2168,467.37784800000026,467.37784800000026
2169,427.68503400000066,427.68503400000066
2170,389.4643200000004,389.4643200000004
2171,431.2086240000002,431.2086240000002
2172,359.7766200000005,359.7766200000005
2173,286.87138200000027,286.87138200000027
2174,332.4359640000007,332.4359640000007
2175,339.19464600000026,339.19464600000026
2176,364.18300800000037,364.18300800000037
2177,367.1242680000004,367.1242680000004
2178,452.0733000000006,452.0733000000006
2179,1257.5053259999968,1257.5053259999968
2180,2308.1749319999954,2308.1749319999954
2181,3783.470585999996,3783.470585999996
2182,3654.9214379999926,3654.9214379999926
2183,3629.4668339999935,3629.4668339999935
2184,2323.004543999996,2323.004543999996
2185,134.30138399999996,134.30138399999996
2186,338.02179600000017,338.02179600000017
2187,361.24704000000025,361.24704000000025
2188,460.6059780000003,460.6059780000003
2189,421.8012540000005,421.8012540000005
2190,330.9642000000005,330.9642000000005
2191,365.0661420000006,365.0661420000006
2192,456.1941300000008,456.1941300000008
2193,417.393396000001,417.393396000001
2194,415.04311800000096,415.04311800000096
2195,478.5438420000008,478.5438420000008
2196,526.4623140000007,526.4623140000007
2197,513.2275680000001,513.2275680000001
2198,631.7052420000007,631.7052420000007
2199,457.6699680000003,457.6699680000003
2200,317.1486360000002,317.1486360000002
2201,377.70566400000024,377.70566400000024
2202,560.3766840000008,560.3766840000008
2203,1115.4268859999984,1115.4268859999984
2204,1791.024689999997,1791.024689999997
2205,3174.1932179999917,3174.1932179999917
2206,3627.2526359999933,3627.2526359999933
2207,3667.3016099999936,3667.3016099999936
2208,2511.645611999994,2511.645611999994
2209,76.09631400000005,76.09631400000005
2210,300.10419600000034,300.10419600000034
2211,328.61694600000027,328.61694600000027
2212,472.6627080000006,472.6627080000006
2213,405.3455280000005,405.3455280000005
2214,281.8731720000002,281.8731720000002
2215,350.6599320000001,350.6599320000001
2216,359.4801420000003,359.4801420000003
2217,586.7206380000013,586.7206380000013
2218,551.4464340000003,551.4464340000003
2219,552.3251580000008,552.3251580000008
2220,544.680948000001,544.680948000001
2221,500.58141000000006,500.58141000000006
2222,305.97390600000006,305.97390600000006
2223,376.82358000000085,376.82358000000085
2224,443.55460800000066,443.55460800000066
2225,448.5527340000006,448.5527340000006
2226,578.1120240000001,578.1120240000001
2227,1233.3567119999957,1233.3567119999957
2228,2031.467843999996,2031.467843999996
2229,3333.076529999993,3333.076529999993
2230,3684.7118279999913,3684.7118279999913
2231,3401.042315999993,3401.042315999993
2232,2372.7391379999963,2372.7391379999963
2233,93.14600400000003,93.14600400000003
2234,216.60924599999993,216.60924599999993
2235,376.8194220000003,376.8194220000003
2236,362.71263000000044,362.71263000000044
2237,357.4220580000005,357.4220580000005
2238,408.8717640000005,408.8717640000005
2239,389.1725460000005,389.1725460000005
2240,315.38648400000056,315.38648400000056
2241,440.9119680000001,440.9119680000001
2242,521.4583920000002,521.4583920000002
2243,459.7238100000002,459.7238100000002
2244,405.92395200000067,405.92395200000067
2245,607.5945120000009,607.5945120000009
2246,578.4931320000006,578.4931320000006
2247,542.0382240000004,542.0382240000004
2248,369.17676600000084,369.17676600000084
2249,312.73317600000087,312.73317600000087
2250,391.2891360000006,391.2891360000006
2251,1140.7244099999978,1140.7244099999978
2252,2163.0481739999955,2163.0481739999955
2253,3323.923385999993,3323.923385999993
2254,3698.2758539999945,3698.2758539999945
2255,3963.7464299999924,3963.7464299999924
2256,2806.475993999995,2806.475993999995
2257,134.88946799999994,134.88946799999994
2258,297.15575400000023,297.15575400000023
2259,379.17360600000063,379.17360600000063
2260,339.48843600000043,339.48843600000043
2261,380.3504880000004,380.3504880000004
2262,435.3222719999999,435.3222719999999
2263,539.9808960000001,539.9808960000001
2264,627.5899559999999,627.5899559999999
2265,507.64879200000064,507.64879200000064
2266,414.16557000000086,414.16557000000086
2267,428.2752180000007,428.2752180000007
2268,524.6938200000004,524.6938200000004
2269,428.56510200000037,428.56510200000037
2270,388.2894540000006,388.2894540000006
2271,366.2405040000004,366.2405040000004
2272,340.6663680000004,340.6663680000004
2273,480.30292800000046,480.30292800000046
2274,558.307176,558.307176
2275,1029.927023999997,1029.927023999997
2276,1942.0368239999955,1942.0368239999955
2277,3460.788029999997,3460.788029999997
2278,4371.476675999996,4371.476675999996
2279,3534.2661899999944,3534.2661899999944
2280,2156.992823999995,2156.992823999995
2281,93.14613000000001,93.14613000000001
2282,328.320594,328.320594
2283,332.43651,332.43651
2284,337.1439120000006,337.1439120000006
2285,409.7558220000009,409.7558220000009
2286,411.21948000000043,411.21948000000043
2287,344.4900900000006,344.4900900000006
2288,264.5267100000003,264.5267100000003
2289,447.6678780000004,447.6678780000004
2290,610.5290100000003,610.5290100000003
2291,636.110370000001,636.110370000001
2292,458.25990000000087,458.25990000000087
2293,315.97620600000045,315.97620600000045
2294,362.1284520000003,362.1284520000003
2295,378.5877480000002,378.5877480000002
2296,475.5952320000001,475.5952320000001
2297,430.0311960000008,430.0311960000008
2298,472.5536760000005,472.5536760000005
2299,1161.2390999999964,1161.2390999999964
2300,2084.879243999996,2084.879243999996
2301,3002.8210799999933,3002.8210799999933
2302,4179.911651999995,4179.911651999995
2303,3701.1989279999943,3701.1989279999943
2304,2357.8635779999954,2357.8635779999954
2305,137.82753599999998,137.82753599999998
2306,330.96058800000014,330.96058800000014
2307,410.62736400000034,410.62736400000034
2308,516.7541400000003,516.7541400000003
2309,397.69695000000047,397.69695000000047
2310,448.5530280000007,448.5530280000007
2311,424.74058200000076,424.74058200000076
2312,275.11092000000025,275.11092000000025
2313,272.1715500000002,272.1715500000002
2314,457.3729860000008,457.3729860000008
2315,556.7319660000006,556.7319660000006
2316,330.0835860000005,330.0835860000005
2317,370.0659480000001,370.0659480000001
2318,410.92325400000067,410.92325400000067
2319,344.7826200000008,344.7826200000008
2320,387.4098480000006,387.4098480000006
2321,451.7874060000001,451.7874060000001
2322,514.685094,514.685094
2323,1201.8560819999973,1201.8560819999973
2324,2231.7084299999938,2231.7084299999938
2325,3011.002091999995,3011.002091999995
2326,3832.4473739999953,3832.4473739999953
2327,3560.364023999996,3560.364023999996
2328,2429.7813539999947,2429.7813539999947
2329,77.85766799999992,77.85766799999992
2330,284.2186200000003,284.2186200000003
2331,443.5547340000004,443.5547340000004
2332,400.0457160000005,400.0457160000005
2333,353.60047800000075,353.60047800000075
2334,314.50360200000006,314.50360200000006
2335,289.2206520000005,289.2206520000005
2336,355.65726000000046,355.65726000000046
2337,397.4045040000005,397.4045040000005
2338,517.6338300000008,517.6338300000008
2339,611.4152940000012,611.4152940000012
2340,595.2499980000009,595.2499980000009
2341,580.2548220000008,580.2548220000008
2342,513.2269380000001,513.2269380000001
2343,346.54179000000045,346.54179000000045
2344,263.34886200000005,263.34886200000005
2345,257.17427400000014,257.17427400000014
2346,438.36949800000076,438.36949800000076
2347,974.4927779999969,974.4927779999969
2348,1771.8792419999954,1771.8792419999954
2349,3519.335399999993,3519.335399999993
2350,3674.4594179999935,3674.4594179999935
2351,4005.5342039999923,4005.5342039999923
2352,2511.349385999993,2511.349385999993
2353,158.40560399999998,158.40560399999998
2354,231.60228000000012,231.60228000000012
2355,258.06198599999976,258.06198599999976
2356,348.3128460000002,348.3128460000002
2357,316.5608880000005,316.5608880000005
2358,348.0136380000007,348.0136380000007
2359,510.880482,510.880482
2360,454.14327000000094,454.14327000000094
2361,404.16293400000086,404.16293400000086
2362,465.3103140000005,465.3103140000005
2363,450.9075900000004,450.9075900000004
2364,512.9311320000011,512.9311320000011
2365,560.8477560000009,560.8477560000009
2366,608.4742020000011,608.4742020000011
2367,522.9286860000002,522.9286860000002
2368,425.62468200000046,425.62468200000046
2369,474.42557400000055,474.42557400000055
2370,553.9902060000007,553.9902060000007
2371,1006.2302459999988,1006.2302459999988
2372,2121.0542639999953,2121.0542639999953
2373,3075.670121999993,3075.670121999993
2374,3624.484079999994,3624.484079999994
2375,3417.9557999999934,3417.9557999999934
2376,2752.313171999996,2752.313171999996
2377,130.773636,130.773636
2378,400.9338480000007,400.9338480000007
2379,495.59554800000046,495.59554800000046
2380,506.17501200000004,506.17501200000004
2381,542.9222400000009,542.9222400000009
2382,566.1423180000013,566.1423180000013
2383,481.1852640000004,481.1852640000004
2384,405.0502260000006,405.0502260000006
2385,334.2012240000004,334.2012240000004
2386,480.59873400000066,480.59873400000066
2387,440.3263620000005,440.3263620000005
2388,454.141044000001,454.141044000001
2389,402.6944880000008,402.6944880000008
2390,417.1041420000006,417.1041420000006
2391,342.1404840000004,342.1404840000004
2392,308.9220960000002,308.9220960000002
2393,425.04121800000075,425.04121800000075
2394,516.5316240000003,516.5316240000003
2395,1306.9677599999966,1306.9677599999966
2396,2249.953901999995,2249.953901999995
2397,3574.064927999991,3574.064927999991
2398,3770.5997279999915,3770.5997279999915
2399,3343.7034539999927,3343.7034539999927
2400,2077.5273119999965,2077.5273119999965
2401,153.7002179999999,153.7002179999999
2402,300.38874600000014,300.38874600000014
2403,406.21677600000015,406.21677600000015
2404,402.09985200000045,402.09985200000045
2405,347.13306600000055,347.13306600000055
2406,272.7577440000005,272.7577440000005
2407,385.35088200000064,385.35088200000064
2408,406.5148500000006,406.5148500000006
2409,456.4955220000006,456.4955220000006
2410,481.48119600000035,481.48119600000035
2411,433.2680100000005,433.2680100000005
2412,408.86958000000044,408.86958000000044
2413,417.98345400000056,417.98345400000056
2414,569.9658720000009,569.9658720000009
2415,552.6188220000006,552.6188220000006
2416,479.1264660000008,479.1264660000008
2417,397.10613600000073,397.10613600000073
2418,457.31036400000005,457.31036400000005
2419,922.6855679999991,922.6855679999991
2420,2163.0945839999954,2163.0945839999954
2421,3277.0525619999944,3277.0525619999944
2422,3801.497069999994,3801.497069999994
2423,3269.8343159999927,3269.8343159999927
2424,2363.0249159999953,2363.0249159999953
2425,153.99980399999995,153.99980399999995
2426,379.47991200000035,379.47991200000035
2427,479.4252120000003,479.4252120000003
2428,561.7375260000006,561.7375260000006
2429,407.99253600000003,407.99253600000003
2430,218.37505200000004,218.37505200000004
2431,311.2683840000005,311.2683840000005
2432,343.8967140000005,343.8967140000005
2433,315.9729720000005,315.9729720000005
2434,377.41544400000066,377.41544400000066
2435,463.8408600000007,463.8408600000007
2436,402.10665600000067,402.10665600000067
2437,382.9959420000006,382.9959420000006
2438,396.81587400000063,396.81587400000063
2439,350.0745360000008,350.0745360000008
2440,430.0348080000007,430.0348080000007
2441,408.28204200000044,408.28204200000044
2442,556.635828,556.635828
2443,1183.8583679999979,1183.8583679999979
2444,2172.192875999994,2172.192875999994
2445,3142.134617999996,3142.134617999996
2446,4444.569947999994,4444.569947999994
2447,3254.7937379999958,3254.7937379999958
2448,2160.426953999995,2160.426953999995
2449,34.351590000000016,34.351590000000016
2450,122.83538400000008,122.83538400000008
2451,195.44557199999994,195.44557199999994
2452,251.00657400000014,251.00657400000014
2453,385.64433600000035,385.64433600000035
2454,456.7845240000005,456.7845240000005
2455,512.6426760000004,512.6426760000004
2456,413.86674000000113,413.86674000000113
2457,465.308046,465.308046
2458,441.78892800000034,441.78892800000034
2459,432.9704400000006,432.9704400000006
2460,453.2529540000009,453.2529540000009
2461,489.1201140000007,489.1201140000007
2462,373.00036200000056,373.00036200000056
2463,428.56111200000043,428.56111200000043
2464,446.7912540000006,446.7912540000006
2465,553.7982660000001,553.7982660000001
2466,494.6404680000005,494.6404680000005
2467,927.1972499999994,927.1972499999994
2468,1945.930601999995,1945.930601999995
2469,3166.539809999993,3166.539809999993
2470,4033.8391799999945,4033.8391799999945
2471,4119.980927999994,4119.980927999994
2472,2353.882775999997,2353.882775999997
2473,203.6783700000003,203.6783700000003
2474,444.1494960000003,444.1494960000003
2475,561.4386540000008,561.4386540000008
2476,492.3527700000004,492.3527700000004
2477,440.3191800000004,440.3191800000004
2478,438.2663880000001,438.2663880000001
2479,478.8349440000006,478.8349440000006
2480,438.8519520000007,438.8519520000007
2481,374.1792180000006,374.1792180000006
2482,447.08815200000123,447.08815200000123
2483,403.28551200000067,403.28551200000067
2484,360.3631500000008,360.3631500000008
2485,398.8698840000008,398.8698840000008
2486,328.0190760000005,328.0190760000005
2487,340.95579000000004,340.95579000000004
2488,297.45147600000047,297.45147600000047
2489,272.17167600000016,272.17167600000016
2490,379.4049000000002,379.4049000000002
2491,954.7235879999988,954.7235879999988
2492,2442.729239999996,2442.729239999996
2493,3959.366879999994,3959.366879999994
2494,4164.077147999996,4164.077147999996
2495,3274.820681999996,3274.820681999996
2496,1984.8228119999947,1984.8228119999947
2497,65.21734799999996,65.21734799999996
2498,345.6622260000007,345.6622260000007
2499,435.03411000000096,435.03411000000096
2500,389.1759480000008,389.1759480000008
2501,403.28269800000055,403.28269800000055
2502,440.3209860000008,440.3209860000008
2503,510.58240800000056,510.58240800000056
2504,415.04290800000007,415.04290800000007
2505,397.10916000000077,397.10916000000077
2506,360.6591660000001,360.6591660000001
2507,276.5844480000002,276.5844480000002
2508,367.12473000000034,367.12473000000034
2509,406.51472400000034,406.51472400000034
2510,422.68224600000076,422.68224600000076
2511,430.9202100000004,430.9202100000004
2512,572.3231220000013,572.3231220000013
2513,615.2427120000002,615.2427120000002
2514,604.4348940000006,604.4348940000006
2515,1091.093429999998,1091.093429999998
2516,1852.9578059999972,1852.9578059999972
2517,3370.0978919999943,3370.0978919999943
2518,4209.437105999995,4209.437105999995
2519,3694.8541559999935,3694.8541559999935
2520,2280.414905999996,2280.414905999996
2521,186.92183999999992,186.92183999999992
2522,359.77515000000034,359.77515000000034
2523,408.57469800000064,408.57469800000064
2524,396.5172120000005,396.5172120000005
2525,415.33249800000044,415.33249800000044
2526,441.7901880000003,441.7901880000003
2527,423.8563980000002,423.8563980000002
2528,492.0615839999997,492.0615839999997
2529,473.83593600000046,473.83593600000046
2530,540.859284,540.859284
2531,490.59431400000017,490.59431400000017
2532,385.9404360000006,385.9404360000006
2533,291.8732880000002,291.8732880000002
2534,237.48723600000028,237.48723600000028
2535,346.55023200000045,346.55023200000045
2536,485.8937580000004,485.8937580000004
2537,395.93349600000084,395.93349600000084
2538,503.68327800000066,503.68327800000066
2539,1212.5989679999973,1212.5989679999973
2540,2105.6022539999963,2105.6022539999963
2541,3478.6888919999924,3478.6888919999924
2542,4222.378607999994,4222.378607999994
2543,3153.1655819999937,3153.1655819999937
2544,2595.474419999993,2595.474419999993
2545,125.18864399999997,125.18864399999997
2546,283.34787600000016,283.34787600000016
2547,418.2758160000008,418.2758160000008
2548,463.8415320000005,463.8415320000005
2549,371.53174800000045,371.53174800000045
2550,262.1758020000004,262.1758020000004
2551,405.0498900000004,405.0498900000004
2552,337.7288040000003,337.7288040000003
2553,396.5218320000007,396.5218320000007
2554,485.8847700000008,485.8847700000008
2555,362.1236220000008,362.1236220000008
2556,166.9290839999999,166.9290839999999
2557,243.0642900000004,243.0642900000004
2558,354.48000000000064,354.48000000000064
2559,396.2242200000007,396.2242200000007
2560,364.4785620000005,364.4785620000005
2561,446.78860800000007,446.78860800000007
2562,721.256424,721.256424
2563,1498.9807979999962,1498.9807979999962
2564,1948.2749159999948,1948.2749159999948
2565,3314.0047499999946,3314.0047499999946
2566,4337.862983999995,4337.862983999995
2567,3534.420245999996,3534.420245999996
2568,2058.1638419999954,2058.1638419999954
2569,124.89342599999992,124.89342599999992
2570,465.60910200000063,465.60910200000063
2571,508.237254,508.237254
2572,379.17709199999996,379.17709199999996
2573,291.5729040000004,291.5729040000004
2574,515.2897680000001,515.2897680000001
2575,482.66185800000017,482.66185800000017
2576,357.1309980000005,357.1309980000005
2577,353.30920800000035,353.30920800000035
2578,450.3185399999999,450.3185399999999
2579,448.8495060000007,448.8495060000007
2580,427.97210400000046,427.97210400000046
2581,430.6189860000008,430.6189860000008
2582,353.01222600000034,353.01222600000034
2583,363.8927040000006,363.8927040000006
2584,527.6360460000004,527.6360460000004
2585,432.08776800000004,432.08776800000004
2586,563.9462220000001,563.9462220000001
2587,1110.3788639999966,1110.3788639999966
2588,2225.7329639999934,2225.7329639999934
2589,3503.048177999994,3503.048177999994
2590,4029.3513539999926,4029.3513539999926
2591,3228.428279999994,3228.428279999994
2592,2906.672075999995,2906.672075999995
2593,35.822597999999985,35.822597999999985
2594,140.47215000000003,140.47215000000003
2595,363.00713400000103,363.00713400000103
2596,526.1670540000002,526.1670540000002
2597,562.0314420000003,562.0314420000003
2598,499.7052900000008,499.7052900000008
2599,412.3968660000005,412.3968660000005
2600,421.21380000000045,421.21380000000045
2601,548.7989220000005,548.7989220000005
2602,483.83273400000087,483.83273400000087
2603,411.8113020000007,411.8113020000007
2604,513.526650000001,513.526650000001
2605,390.9401160000006,390.9401160000006
2606,354.19364400000063,354.19364400000063
2607,320.38608000000045,320.38608000000045
2608,456.1969440000004,456.1969440000004
2609,522.048534,522.048534
2610,557.0973660000006,557.0973660000006
2611,1334.946899999997,1334.946899999997
2612,2568.993587999995,2568.993587999995
2613,3464.4873479999933,3464.4873479999933
2614,3822.4285259999933,3822.4285259999933
2615,2816.4458699999927,2816.4458699999927
2616,1911.249269999997,1911.249269999997
2617,144.59134199999988,144.59134199999988
2618,365.36089800000036,365.36089800000036
2619,462.956886000001,462.956886000001
2620,325.6725780000007,325.6725780000007
2621,400.9306980000007,400.9306980000007
2622,506.4656100000008,506.4656100000008
2623,539.0950740000003,539.0950740000003
2624,434.44695000000047,434.44695000000047
2625,402.11085600000024,402.11085600000024
2626,309.5102640000002,309.5102640000002
2627,293.6318280000003,293.6318280000003
2628,222.19612800000002,222.19612800000002
2629,353.30463000000054,353.30463000000054
2630,503.23014000000074,503.23014000000074
2631,401.8134960000007,401.8134960000007
2632,367.1247720000004,367.1247720000004
2633,404.1674700000001,404.1674700000001
2634,590.9091299999998,590.9091299999998
2635,1034.8099439999978,1034.8099439999978
2636,2320.0842419999954,2320.0842419999954
2637,3606.689393999995,3606.689393999995
2638,4040.475935999993,4040.475935999993
2639,3450.763889999995,3450.763889999995
2640,2014.0154579999958,2014.0154579999958
2641,137.5345019999998,137.5345019999998
2642,340.9568400000004,340.9568400000004
2643,394.46206800000056,394.46206800000056
2644,394.1729399999999,394.1729399999999
2645,320.682474,320.682474
2646,422.0989080000006,422.0989080000006
2647,496.47271800000067,496.47271800000067
2648,488.82850800000057,488.82850800000057
2649,554.3879880000004,554.3879880000004
2650,519.402996000001,519.402996000001
2651,364.7731080000004,364.7731080000004
2652,518.8140300000009,518.8140300000009
2653,353.30639400000075,353.30639400000075
2654,261.8822640000004,261.8822640000004
2655,383.2909500000004,383.2909500000004
2656,364.7690340000009,364.7690340000009
2657,387.40522800000065,387.40522800000065
2658,433.83891600000027,433.83891600000027
2659,1244.976431999999,1244.976431999999
2660,1972.4944679999971,1972.4944679999971
2661,3040.411919999993,3040.411919999993
2662,4017.2017619999965,4017.2017619999965
2663,4016.1083759999947,4016.1083759999947
2664,2381.427551999995,2381.427551999995
2665,124.59959400000014,124.59959400000014
2666,250.12524600000054,250.12524600000054
2667,370.0654020000005,370.0654020000005
2668,375.3534540000007,375.3534540000007
2669,298.9199220000003,298.9199220000003
2670,444.1452960000002,444.1452960000002
2671,519.4039620000002,519.4039620000002
2672,495.3036060000008,495.3036060000008
2673,499.70692800000126,499.70692800000126
2674,625.2292620000007,625.2292620000007
2675,510.2868540000004,510.2868540000004
2676,468.2512380000007,468.2512380000007
2677,352.4253600000002,352.4253600000002
2678,279.5199540000001,279.5199540000001
2679,366.24126000000064,366.24126000000064
2680,438.5612700000002,438.5612700000002
2681,460.6080780000002,460.6080780000002
2682,512.7486420000004,512.7486420000004
2683,1078.8835259999987,1078.8835259999987
2684,2015.1319859999974,2015.1319859999974
2685,3281.084981999995,3281.084981999995
2686,3896.585447999993,3896.585447999993
2687,3383.518739999996,3383.518739999996
2688,2589.708617999995,2589.708617999995
2689,201.3275460000003,201.3275460000003
2690,402.6956640000003,402.6956640000003
2691,572.3126640000007,572.3126640000007
2692,418.85550000000023,418.85550000000023
2693,459.7219200000004,459.7219200000004
2694,427.6835220000009,427.6835220000009
2695,308.0369880000003,308.0369880000003
2696,357.42155400000024,357.42155400000024
2697,381.5277060000004,381.5277060000004
2698,338.01927600000045,338.01927600000045
2699,353.5986300000001,353.5986300000001
2700,381.82158000000004,381.82158000000004
2701,378.0033600000004,378.0033600000004
2702,416.51467200000053,416.51467200000053
2703,484.7136840000003,484.7136840000003
2704,556.441956000001,556.441956000001
2705,453.84880800000093,453.84880800000093
2706,430.3997040000009,430.3997040000009
2707,963.7176359999982,963.7176359999982
2708,2099.2563479999967,2099.2563479999967
2709,3001.4555759999926,3001.4555759999926
2710,4112.753273999995,4112.753273999995
2711,3364.107011999995,3364.107011999995
2712,2021.4214019999965,2021.4214019999965
2713,111.079038,111.079038
2714,174.86742000000018,174.86742000000018
2715,312.1531560000005,312.1531560000005
2716,423.5714280000003,423.5714280000003
2717,489.71836200000064,489.71836200000064
2718,363.59962800000034,363.59962800000034
2719,367.71470400000044,367.71470400000044
2720,438.56110200000063,438.56110200000063
2721,439.7374800000003,439.7374800000003
2722,472.0716000000003,472.0716000000003
2723,356.8315380000006,356.8315380000006
2724,410.62744800000104,410.62744800000104
2725,457.37134800000035,457.37134800000035
2726,513.2266440000003,513.2266440000003
2727,482.9481300000007,482.9481300000007
2728,579.3755940000002,579.3755940000002
2729,628.175520000001,628.175520000001
2730,579.4885320000001,579.4885320000001
2731,928.8091679999981,928.8091679999981
2732,1677.0870899999943,1677.0870899999943
2733,3313.9542659999934,3313.9542659999934
2734,4325.427077999993,4325.427077999993
2735,3522.1864019999957,3522.1864019999957
2736,2203.316513999995,2203.316513999995
2737,113.72390399999964,113.72390399999964
2738,224.8417500000001,224.8417500000001
2739,268.0543320000001,268.0543320000001
2740,361.8326460000001,361.8326460000001
2741,463.25050800000037,463.25050800000037
2742,386.817354,386.817354
2743,457.3696680000005,457.3696680000005
2744,500.5868700000002,500.5868700000002
2745,444.1459680000007,444.1459680000007
2746,340.66649400000057,340.66649400000057
2747,329.2024260000007,329.2024260000007
2748,393.5838900000007,393.5838900000007
2749,460.6053900000008,460.6053900000008
2750,512.6359560000009,512.6359560000009
2751,547.9162920000002,547.9162920000002
2752,504.1147860000005,504.1147860000005
2753,381.2337060000006,381.2337060000006
2754,408.1397880000007,408.1397880000007
2755,1019.2524299999988,1019.2524299999988
2756,2529.961181999995,2529.961181999995
2757,3416.1090179999937,3416.1090179999937
2758,4519.012553999995,4519.012553999995
2759,3430.939259999994,3430.939259999994
2760,2094.5242499999963,2094.5242499999963
2761,158.11118399999992,158.11118399999992
2762,339.7870560000004,339.7870560000004
2763,454.7270279999999,454.7270279999999
2764,575.5471260000011,575.5471260000011
2765,575.5513680000007,575.5513680000007
2766,511.76273400000105,511.76273400000105
2767,420.04204200000027,420.04204200000027
2768,560.5582920000011,560.5582920000011
2769,622.5843120000005,622.5843120000005
2770,374.7723420000004,374.7723420000004
2771,355.0706460000008,355.0706460000008
2772,466.1931120000003,466.1931120000003
2773,392.70025200000066,392.70025200000066
2774,291.28428000000076,291.28428000000076
2775,403.5796380000007,403.5796380000007
2776,386.52990600000066,386.52990600000066
2777,347.7220740000003,347.7220740000003
2778,528.0833459999997,528.0833459999997
2779,1028.6320379999988,1028.6320379999988
2780,1655.6509199999957,1655.6509199999957
2781,2615.2699019999936,2615.2699019999936
2782,4050.645101999995,4050.645101999995
2783,4072.6432319999935,4072.6432319999935
2784,2382.6962879999965,2382.6962879999965
2785,236.89860600000026,236.89860600000026
2786,406.80994200000083,406.80994200000083
2787,460.3115160000005,460.3115160000005
2788,344.19151200000044,344.19151200000044
2789,320.08372200000053,320.08372200000053
2790,424.1521620000005,424.1521620000005
2791,436.21023600000103,436.21023600000103
2792,512.0535840000006,512.0535840000006
2793,467.9551379999999,467.9551379999999
2794,446.49683400000043,446.49683400000043
2795,497.3577420000004,497.3577420000004
2796,373.59592200000054,373.59592200000054
2797,260.41835400000036,260.41835400000036
2798,205.1483280000003,205.1483280000003
2799,249.53271000000044,249.53271000000044
2800,397.98981600000036,397.98981600000036
2801,412.97692800000067,412.97692800000067
2802,547.6436700000006,547.6436700000006
2803,964.2506579999979,964.2506579999979
2804,1685.9068799999964,1685.9068799999964
2805,3696.113987999995,3696.113987999995
2806,3957.388091999993,3957.388091999993
2807,3372.729527999991,3372.729527999991
2808,2236.8407039999943,2236.8407039999943
2809,133.41925800000016,133.41925800000016
2810,280.1124060000006,280.1124060000006
2811,533.222424,533.222424
2812,647.2833360000009,647.2833360000009
2813,467.37310200000087,467.37310200000087
2814,396.2287140000003,396.2287140000003
2815,412.98537000000044,412.98537000000044
2816,530.8680719999996,530.8680719999996
2817,440.3221620000006,440.3221620000006
2818,431.7966660000004,431.7966660000004
2819,374.7687300000008,374.7687300000008
2820,336.25901400000055,336.25901400000055
2821,405.04884000000055,405.04884000000055
2822,416.51429400000103,416.51429400000103
2823,335.9576640000004,335.9576640000004
2824,264.82264200000054,264.82264200000054
2825,282.7537860000004,282.7537860000004
2826,444.89264400000076,444.89264400000076
2827,1158.967067999997,1158.967067999997
2828,1965.4341839999963,1965.4341839999963
2829,3595.3454039999933,3595.3454039999933
2830,4492.593041999996,4492.593041999996
2831,3755.9291279999957,3755.9291279999957
2832,2640.7280339999948,2640.7280339999948
2833,141.65340000000015,141.65340000000015
2834,298.3409940000004,298.3409940000004
2835,331.26462600000036,331.26462600000036
2836,406.5127499999999,406.5127499999999
2837,408.8582400000007,408.8582400000007
2838,382.4037840000004,382.4037840000004
2839,446.1995580000006,446.1995580000006
2840,283.0443000000001,283.0443000000001
2841,283.9298280000001,283.9298280000001
2842,327.1443840000005,327.1443840000005
2843,567.3171000000007,567.3171000000007
2844,537.9226020000002,537.9226020000002
2845,462.37493400000034,462.37493400000034
2846,448.2635220000013,448.2635220000013
2847,542.6290800000005,542.6290800000005
2848,487.947978,487.947978
2849,389.465748,389.465748
2850,436.94658000000055,436.94658000000055
2851,1110.001493999997,1110.001493999997
2852,2205.220835999995,2205.220835999995
2853,3358.6572179999916,3358.6572179999916
2854,3773.7418739999935,3773.7418739999935
2855,3994.308905999996,3994.308905999996
2856,2215.2642539999943,2215.2642539999943
2857,136.35627599999984,136.35627599999984
2858,303.6219900000003,303.6219900000003
2859,350.3683680000004,350.3683680000004
2860,470.311506,470.311506
2861,498.82765800000044,498.82765800000044
2862,396.5254860000006,396.5254860000006
2863,449.728776000001,449.728776000001
2864,422.6807340000005,422.6807340000005
2865,402.39754800000037,402.39754800000037
2866,492.94534799999997,492.94534799999997
2867,496.473768,496.473768
2868,372.4150079999999,372.4150079999999
2869,379.46974800000015,379.46974800000015
2870,479.12436600000035,479.12436600000035
2871,392.9926980000004,392.9926980000004
2872,423.86341200000084,423.86341200000084
2873,496.4767080000006,496.4767080000006
2874,538.0836300000008,538.0836300000008
2875,909.764015999998,909.764015999998
2876,2171.5879919999948,2171.5879919999948
2877,3793.6774679999935,3793.6774679999935
2878,4288.521257999994,4288.521257999994
2879,3224.178173999994,3224.178173999994
2880,2205.7675919999942,2205.7675919999942
2881,196.03760399999996,196.03760399999996
2882,350.6608560000007,350.6608560000007
2883,440.0263560000007,440.0263560000007
2884,438.26105400000057,438.26105400000057
2885,268.3490880000004,268.3490880000004
2886,303.0345360000005,303.0345360000005
2887,298.6241160000004,298.6241160000004
2888,237.48051600000002,237.48051600000002
2889,360.06654600000024,360.06654600000024
2890,405.92882400000036,405.92882400000036
2891,612.2977140000007,612.2977140000007
2892,575.5531740000004,575.5531740000004
2893,473.25230400000044,473.25230400000044
2894,391.22563200000087,391.22563200000087
2895,292.4511240000004,292.4511240000004
2896,300.6860220000005,300.6860220000005
2897,330.0879960000007,330.0879960000007
2898,626.6082479999999,626.6082479999999
2899,1137.5495039999973,1137.5495039999973
2900,3003.1809779999967,3003.1809779999967
2901,4986.053015999995,4986.053015999995
2902,5136.845867999995,5136.845867999995
2903,4699.716839999992,4699.716839999992
2904,2473.0991459999955,2473.0991459999955
2905,208.67884800000024,208.67884800000024
2906,517.3457520000012,517.3457520000012
2907,528.2200140000006,528.2200140000006
2908,458.5461300000005,458.5461300000005
2909,401.51731200000086,401.51731200000086
2910,440.3207760000006,440.3207760000006
2911,479.7136259999998,479.7136259999998
2912,402.6956640000008,402.6956640000008
2913,336.25993800000043,336.25993800000043
2914,382.4138640000002,382.4138640000002
2915,372.1219320000002,372.1219320000002
2916,385.352352,385.352352
2917,374.18627400000037,374.18627400000037
2918,261.29619600000035,261.29619600000035
2919,342.1317060000003,342.1317060000003
2920,447.6659879999999,447.6659879999999
2921,537.6320880000003,537.6320880000003
2922,691.0257480000002,691.0257480000002
2923,1162.1539019999975,1162.1539019999975
2924,1948.038749999996,1948.038749999996
2925,4677.953742000001,4677.953742000001
2926,6029.578380000007,6029.578380000007
2927,4589.4693599999955,4589.4693599999955
2928,2790.699281999995,2790.699281999995
2929,125.18876999999995,125.18876999999995
2930,246.8922960000002,246.8922960000002
2931,394.4645460000005,394.4645460000005
2932,379.1774700000007,379.1774700000007
2933,421.2124980000006,421.2124980000006
2934,484.7111640000008,484.7111640000008
2935,381.5264040000003,381.5264040000003
2936,473.8374060000006,473.8374060000006
2937,451.49920200000076,451.49920200000076
2938,437.97415200000063,437.97415200000063
2939,495.29625600000065,495.29625600000065
2940,653.7447420000007,653.7447420000007
2941,584.6622600000017,584.6622600000017
2942,516.7556520000009,516.7556520000009
2943,392.1092700000006,392.1092700000006
2944,317.4405780000004,317.4405780000004
2945,377.4076740000005,377.4076740000005
2946,570.9308219999996,570.9308219999996
2947,1586.587421999996,1586.587421999996
2948,2278.122797999995,2278.122797999995
2949,3825.928805999996,3825.928805999996
2950,5599.471542000001,5599.471542000001
2951,5225.500013999997,5225.500013999997
2952,2416.8201119999944,2416.8201119999944
2953,92.85271800000004,92.85271800000004
2954,357.42604800000043,357.42604800000043
2955,389.1755280000007,389.1755280000007
2956,503.82145800000126,503.82145800000126
2957,513.2243760000008,513.2243760000008
2958,429.14579400000025,429.14579400000025
2959,374.46885000000077,374.46885000000077
2960,382.11742800000053,382.11742800000053
2961,412.40035200000017,412.40035200000017
2962,390.94267800000017,390.94267800000017
2963,393.8815020000004,393.8815020000004
2964,398.2878900000005,398.2878900000005
2965,437.974614000001,437.974614000001
2966,413.57341200000013,413.57341200000013
2967,431.50497600000114,431.50497600000114
2968,368.8870500000003,368.8870500000003
2969,368.0058900000005,368.0058900000005
2970,523.8795660000006,523.8795660000006
2971,1168.0501979999979,1168.0501979999979
2972,2619.732821999996,2619.732821999996
2973,4542.462791999992,4542.462791999992
2974,5339.452397999996,5339.452397999996
2975,4662.325374000001,4662.325374000001
2976,2943.966521999994,2943.966521999994
2977,191.62541999999996,191.62541999999996
2978,461.19767400000103,461.19767400000103
2979,529.3967700000004,529.3967700000004
2980,442.9675740000004,442.9675740000004
2981,333.021528000001,333.021528000001
2982,302.7430140000003,302.7430140000003
2983,363.00663000000026,363.00663000000026
2984,310.9732500000004,310.9732500000004
2985,263.3554560000002,263.3554560000002
2986,362.1289560000006,362.1289560000006
2987,492.64903800000104,492.64903800000104
2988,619.6472940000011,619.6472940000011
2989,506.1745080000003,506.1745080000003
2990,476.77442400000024,476.77442400000024
2991,373.5910920000007,373.5910920000007
2992,331.2603840000004,331.2603840000004
2993,542.334492000001,542.334492000001
2994,745.4165880000004,745.4165880000004
2995,1596.5590619999978,1596.5590619999978
2996,2725.6145279999937,2725.6145279999937
2997,4526.549705999992,4526.549705999992
2998,5182.634897999996,5182.634897999996
2999,4823.439809999996,4823.439809999996
3000,2104.036031999996,2104.036031999996
3001,200.15263800000022,200.15263800000022
3002,337.43841599999996,337.43841599999996
3003,438.5645040000007,438.5645040000007
3004,433.2705720000003,433.2705720000003
3005,334.2005520000003,334.2005520000003
3006,377.7086880000005,377.7086880000005
3007,335.3765520000007,335.3765520000007
3008,394.4645460000008,394.4645460000008
3009,296.27908800000006,296.27908800000006
3010,314.5083060000002,314.5083060000002
3011,377.11993200000035,377.11993200000035
3012,426.2123880000007,426.2123880000007
3013,436.496382,436.496382
3014,426.50386800000086,426.50386800000086
3015,421.21413600000034,421.21413600000034
3016,462.9579780000007,462.9579780000007
3017,354.18759600000044,354.18759600000044
3018,659.4588419999999,659.4588419999999
3019,1566.032369999998,1566.032369999998
3020,3049.6402439999924,3049.6402439999924
3021,4732.006439999995,4732.006439999995
3022,5458.431047999999,5458.431047999999
3023,4900.211231999996,4900.211231999996
3024,2344.3150499999942,2344.3150499999942
3025,162.817914,162.817914
3026,335.96749200000045,335.96749200000045
3027,344.19688800000034,344.19688800000034
3028,377.99958000000044,377.99958000000044
3029,376.5292440000006,376.5292440000006
3030,352.7127240000003,352.7127240000003
3031,335.0737740000004,335.0737740000004
3032,462.66196200000036,462.66196200000036
3033,503.23572600000057,503.23572600000057
3034,446.50120200000083,446.50120200000083
3035,399.4640160000003,399.4640160000003
3036,346.8436020000005,346.8436020000005
3037,406.8119580000001,406.8119580000001
3038,351.54377999999997,351.54377999999997
3039,268.05492000000027,268.05492000000027
3040,377.12073000000044,377.12073000000044
3041,457.3784040000008,457.3784040000008
3042,630.6398700000001,630.6398700000001
3043,1663.499459999997,1663.499459999997
3044,2554.323785999995,2554.323785999995
3045,4285.718639999993,4285.718639999993
3046,6106.436784000008,6106.436784000008
3047,5092.315241999998,5092.315241999998
3048,2545.822397999994,2545.822397999994
3049,49.34357399999999,49.34357399999999
3050,168.40109999999996,168.40109999999996
3051,237.48517799999985,237.48517799999985
3052,417.1013700000006,417.1013700000006
3053,351.5415960000004,351.5415960000004
3054,411.5102040000005,411.5102040000005
3055,367.11889200000047,367.11889200000047
3056,303.9141000000002,303.9141000000002
3057,420.9202200000004,420.9202200000004
3058,425.3314380000008,425.3314380000008
3059,457.6692960000002,457.6692960000002
3060,394.7610660000006,394.7610660000006
3061,442.08922800000045,442.08922800000045
3062,395.93299200000007,395.93299200000007
3063,418.5645240000002,418.5645240000002
3064,383.58209400000055,383.58209400000055
3065,496.7651639999999,496.7651639999999
3066,638.6656919999998,638.6656919999998
3067,1421.471393999996,1421.471393999996
3068,3252.145637999994,3252.145637999994
3069,4820.072333999993,4820.072333999993
3070,5522.657909999999,5522.657909999999
3071,4786.948949999991,4786.948949999991
3072,1881.5561519999958,1881.5561519999958
3073,117.24782999999992,117.24782999999992
3074,313.02952799999986,313.02952799999986
3075,361.24107600000036,361.24107600000036
3076,421.5046920000006,421.5046920000006
3077,439.73214599999994,439.73214599999994
3078,414.4497420000007,414.4497420000007
3079,371.82444600000065,371.82444600000065
3080,366.24084000000056,366.24084000000056
3081,370.35713400000037,370.35713400000037
3082,378.8841840000006,378.8841840000006
3083,435.0318840000005,435.0318840000005
3084,451.49349000000046,451.49349000000046
3085,525.281274,525.281274
3086,532.9262820000002,532.9262820000002
3087,513.2292480000002,513.2292480000002
3088,397.1101680000003,397.1101680000003
3089,464.43310200000076,464.43310200000076
3090,509.8060380000007,509.8060380000007
3091,1124.823587999998,1124.823587999998
3092,2914.5620699999945,2914.5620699999945
3093,5283.707855999995,5283.707855999995
3094,5527.695095999998,5527.695095999998
3095,4740.379307999992,4740.379307999992
3096,2027.137349999997,2027.137349999997
3097,107.84440800000002,107.84440800000002
3098,397.40580600000055,397.40580600000055
3099,443.5540620000001,443.5540620000001
3100,433.55272800000046,433.55272800000046
3101,268.63876200000044,268.63876200000044
3102,465.8980200000001,465.8980200000001
3103,501.46933200000007,501.46933200000007
3104,506.76738000000114,506.76738000000114
3105,380.06203200000084,380.06203200000084
3106,357.7207200000003,357.7207200000003
3107,344.1975600000007,344.1975600000007
3108,229.25368200000028,229.25368200000028
3109,237.48328800000036,237.48328800000036
3110,288.6320640000002,288.6320640000002
3111,411.2210340000007,411.2210340000007
3112,523.5189960000007,523.5189960000007
3113,651.9841440000012,651.9841440000012
3114,731.8124519999993,731.8124519999993
3115,1901.3538599999986,1901.3538599999986
3116,3064.2301199999943,3064.2301199999943
3117,4427.384471999995,4427.384471999995
3118,5168.479889999994,5168.479889999994
3119,4814.2955279999915,4814.2955279999915
3120,2581.0255799999927,2581.0255799999927
3121,141.94504800000004,141.94504800000004
3122,392.69991600000054,392.69991600000054
3123,483.8361780000007,483.8361780000007
3124,427.9795380000005,427.9795380000005
3125,482.6578260000004,482.6578260000004
3126,528.8121720000003,528.8121720000003
3127,447.3810180000008,447.3810180000008
3128,369.17735400000055,369.17735400000055
3129,344.7808140000002,344.7808140000002
3130,355.3619580000003,355.3619580000003
3131,351.24495000000036,351.24495000000036
3132,274.8172560000003,274.8172560000003
3133,363.0092760000003,363.0092760000003
3134,445.0299000000011,445.0299000000011
3135,417.6899580000007,417.6899580000007
3136,390.05673000000115,390.05673000000115
3137,466.78203600000035,466.78203600000035
3138,625.7705160000007,625.7705160000007
3139,1558.884557999998,1558.884557999998
3140,2416.060793999995,2416.060793999995
3141,4443.755777999995,4443.755777999995
3142,5934.955866000007,5934.955866000007
3143,5154.783437999994,5154.783437999994
3144,2587.2020159999956,2587.2020159999956
3145,151.0563180000001,151.0563180000001
3146,390.63733800000034,390.63733800000034
3147,376.8186240000005,376.8186240000005
3148,378.29043000000075,378.29043000000075
3149,448.26133800000093,448.26133800000093
3150,362.7148140000003,362.7148140000003
3151,330.9650820000002,330.9650820000002
3152,338.8978320000006,338.8978320000006
3153,373.00225200000034,373.00225200000034
3154,456.78481800000014,456.78481800000014
3155,394.75321200000053,394.75321200000053
3156,455.6113800000006,455.6113800000006
3157,392.11170600000014,392.11170600000014
3158,434.43964200000045,434.43964200000045
3159,409.1580780000001,409.1580780000001
3160,487.3539300000006,487.3539300000006
3161,501.4720620000008,501.4720620000008
3162,611.0783700000001,611.0783700000001
3163,1272.330905999996,1272.330905999996
3164,2203.3703579999956,2203.3703579999956
3165,4452.586781999994,4452.586781999994
3166,5722.183235999999,5722.183235999999
3167,4816.803305999999,4816.803305999999
3168,2540.9501879999957,2540.9501879999957
3169,157.5282240000003,157.5282240000003
3170,279.52394400000026,279.52394400000026
3171,481.1857680000004,481.1857680000004
3172,537.9194520000005,537.9194520000005
3173,482.0656260000002,482.0656260000002
3174,329.4928140000006,329.4928140000006
3175,196.91506800000002,196.91506800000002
3176,222.78421200000003,222.78421200000003
3177,347.1322680000005,347.1322680000005
3178,489.12124800000095,489.12124800000095
3179,569.0760180000011,569.0760180000011
3180,480.88656000000003,480.88656000000003
3181,451.49601000000047,451.49601000000047
3182,470.8933740000008,470.8933740000008
3183,375.9416640000003,375.9416640000003
3184,282.1645260000005,282.1645260000005
3185,341.5452180000006,341.5452180000006
3186,598.7280600000003,598.7280600000003
3187,1338.693467999997,1338.693467999997
3188,2514.203411999995,2514.203411999995
3189,4682.782145999991,4682.782145999991
3190,5410.804517999997,5410.804517999997
3191,4667.658239999994,4667.658239999994
3192,2236.605293999996,2236.605293999996
3193,99.02432399999998,99.02432399999998
3194,287.16525600000034,287.16525600000034
3195,449.4361620000004,449.4361620000004
3196,452.3752380000002,452.3752380000002
3197,514.9953480000001,514.9953480000001
3198,436.507722,436.507722
3199,478.25001000000077,478.25001000000077
3200,423.5692020000006,423.5692020000006
3201,480.3059100000004,480.3059100000004
3202,426.80442000000016,426.80442000000016
3203,398.2920060000004,398.2920060000004
3204,492.0667080000006,492.0667080000006
3205,443.557422000001,443.557422000001
3206,396.2284200000005,396.2284200000005
3207,444.43618800000064,444.43618800000064
3208,411.51175800000055,411.51175800000055
3209,442.9696740000008,442.9696740000008
3210,497.2635780000006,497.2635780000006
3211,1320.6380039999976,1320.6380039999976
3212,2509.7661119999957,2509.7661119999957
3213,4673.454323999993,4673.454323999993
3214,5428.279962,5428.279962
3215,4750.188071999995,4750.188071999995
3216,2616.6782879999923,2616.6782879999923
3217,149.88455999999985,149.88455999999985
3218,340.9617540000004,340.9617540000004
3219,509.7015420000001,509.7015420000001
3220,549.3867960000011,549.3867960000011
3221,410.63080800000046,410.63080800000046
3222,545.5647540000006,545.5647540000006
3223,596.136744,596.136744
3224,373.3009140000002,373.3009140000002
3225,386.8234440000001,386.8234440000001
3226,468.83957400000077,468.83957400000077
3227,417.68840400000033,417.68840400000033
3228,452.3802360000008,452.3802360000008
3229,349.7846940000008,349.7846940000008
3230,282.757104,282.757104
3231,309.802248,309.802248
3232,517.3513800000001,517.3513800000001
3233,562.9183140000005,562.9183140000005
3234,824.0547839999988,824.0547839999988
3235,1676.9224919999956,1676.9224919999956
3236,3221.5034879999953,3221.5034879999953
3237,4347.214745999996,4347.214745999996
3238,5227.228061999995,5227.228061999995
3239,4449.399905999994,4449.399905999994
3240,2200.2121679999955,2200.2121679999955
3241,79.0334579999999,79.0334579999999
3242,311.56175400000035,311.56175400000035
3243,455.60902800000065,455.60902800000065
3244,573.7908540000002,573.7908540000002
3245,468.8418420000008,468.8418420000008
3246,409.16639400000037,409.16639400000037
3247,336.26073600000024,336.26073600000024
3248,368.8923420000007,368.8923420000007
3249,448.5592020000004,448.5592020000004
3250,560.2676940000002,560.2676940000002
3251,563.4977880000012,563.4977880000012
3252,447.3778680000007,447.3778680000007
3253,390.9339420000008,390.9339420000008
3254,391.52341200000063,391.52341200000063
3255,462.95554200000055,462.95554200000055
3256,459.7228860000003,459.7228860000003
3257,516.1658460000011,516.1658460000011
3258,519.7615920000007,519.7615920000007
3259,747.4314539999995,747.4314539999995
3260,2472.0992939999956,2472.0992939999956
3261,4699.208387999995,4699.208387999995
3262,6296.6538600000085,6296.6538600000085
3263,4945.952213999995,4945.952213999995
3264,2333.2534679999953,2333.2534679999953
3265,162.52319999999997,162.52319999999997
3266,361.24729200000024,361.24729200000024
3267,373.58937000000026,373.58937000000026
3268,250.41391200000024,250.41391200000024
3269,377.11585800000074,377.11585800000074
3270,471.47856000000064,471.47856000000064
3271,554.3830320000001,554.3830320000001
3272,405.93084000000084,405.93084000000084
3273,365.95045200000044,365.95045200000044
3274,508.2375900000004,508.2375900000004
3275,571.7315520000005,571.7315520000005
3276,597.0097140000008,597.0097140000008
3277,515.286954000001,515.286954000001
3278,306.8604420000001,306.8604420000001
3279,299.22194400000035,299.22194400000035
3280,355.3728780000001,355.3728780000001
3281,428.27790600000026,428.27790600000026
3282,562.7787060000006,562.7787060000006
3283,1627.3630379999968,1627.3630379999968
3284,2833.9981319999943,2833.9981319999943
3285,4797.732701999997,4797.732701999997
3286,5710.766460000001,5710.766460000001
3287,4477.707485999993,4477.707485999993
3288,1996.856021999995,1996.856021999995
3289,200.44815000000008,200.44815000000008
3290,404.7564780000008,404.7564780000008
3291,454.4342040000002,454.4342040000002
3292,505.8767280000001,505.8767280000001
3293,416.5116480000008,416.5116480000008
3294,344.7819480000007,344.7819480000007
3295,310.38995400000084,310.38995400000084
3296,306.2744160000008,306.2744160000008
3297,399.16716000000105,399.16716000000105
3298,499.7011740000006,499.7011740000006
3299,454.4333640000005,454.4333640000005
3300,388.8801420000003,388.8801420000003
3301,387.41047800000007,387.41047800000007
3302,392.4064200000004,392.4064200000004
3303,352.1343000000007,352.1343000000007
3304,437.9691120000001,437.9691120000001
3305,525.8666280000009,525.8666280000009
3306,469.36726200000106,469.36726200000106
3307,1474.526045999996,1474.526045999996
3308,2614.607729999995,2614.607729999995
3309,4971.432899999994,4971.432899999994
3310,5542.811693999999,5542.811693999999
3311,4313.659601999994,4313.659601999994
3312,2218.8921299999956,2218.8921299999956
3313,93.14806199999988,93.14806199999988
3314,265.1207160000007,265.1207160000007
3315,400.63695000000064,400.63695000000064
3316,467.95702800000066,467.95702800000066
3317,516.4624500000006,516.4624500000006
3318,476.77560000000085,476.77560000000085
3319,433.2677160000009,433.2677160000009
3320,355.0736279999999,355.0736279999999
3321,309.2122739999999,309.2122739999999
3322,413.8642200000002,413.8642200000002
3323,508.81593000000044,508.81593000000044
3324,474.42015599999985,474.42015599999985
3325,433.2658260000004,433.2658260000004
3326,310.09498800000034,310.09498800000034
3327,306.86103000000026,306.86103000000026
3328,445.9074480000008,445.9074480000008
3329,471.485700000001,471.485700000001
3330,486.8341800000006,486.8341800000006
3331,1421.287391999998,1421.287391999998
3332,2617.619801999996,2617.619801999996
3333,4878.573461999998,4878.573461999998
3334,5415.516119999994,5415.516119999994
3335,5049.610985999996,5049.610985999996
3336,2458.4179619999954,2458.4179619999954
3337,122.83727399999988,122.83727399999988
3338,286.8700800000002,286.8700800000002
3339,370.0615800000004,370.0615800000004
3340,336.5488140000003,336.5488140000003
3341,318.02958600000034,318.02958600000034
3342,313.9163580000004,313.9163580000004
3343,222.48891000000003,222.48891000000003
3344,337.43661000000003,337.43661000000003
3345,447.67686600000053,447.67686600000053
3346,529.3998360000005,529.3998360000005
3347,562.3287180000005,562.3287180000005
3348,487.95394200000084,487.95394200000084
3349,389.4699480000006,389.4699480000006
3350,556.1480820000012,556.1480820000012
3351,534.9826020000004,534.9826020000004
3352,512.0522820000004,512.0522820000004
3353,506.4645180000004,506.4645180000004
3354,491.7120600000002,491.7120600000002
3355,1345.8650519999987,1345.8650519999987
3356,2896.388837999995,2896.388837999995
3357,5072.023109999996,5072.023109999996
3358,5481.120498000001,5481.120498000001
3359,4660.489805999996,4660.489805999996
3360,2172.6639479999935,2172.6639479999935
3361,126.36409799999991,126.36409799999991
3362,355.9538640000004,355.9538640000004
3363,388.58454600000033,388.58454600000033
3364,467.37184200000036,467.37184200000036
3365,422.0991180000007,422.0991180000007
3366,467.0737260000008,467.0737260000008
3367,469.4249280000007,469.4249280000007
3368,380.94222600000023,380.94222600000023
3369,308.91352800000067,308.91352800000067
3370,405.6335220000009,405.6335220000009
3371,345.9585780000003,345.9585780000003
3372,477.95218799999986,477.95218799999986
3373,499.99765199999985,499.99765199999985
3374,433.2685140000008,433.2685140000008
3375,430.9176900000007,430.9176900000007
3376,459.4318680000004,459.4318680000004
3377,349.485192,349.485192
3378,332.69674200000037,332.69674200000037
3379,672.6565860000004,672.6565860000004
3380,2443.396703999995,2443.396703999995
3381,4984.910153999997,4984.910153999997
3382,6101.0620860000045,6101.0620860000045
3383,4933.464521999994,4933.464521999994
3384,2570.549813999995,2570.549813999995
3385,115.19159399999971,115.19159399999971
3386,330.08417400000064,330.08417400000064
3387,473.2461720000003,473.2461720000003
3388,429.44328000000047,429.44328000000047
3389,407.098692000001,407.098692000001
3390,356.53581600000035,356.53581600000035
3391,333.3158220000004,333.3158220000004
3392,425.9158260000009,425.9158260000009
3393,343.31362800000085,343.31362800000085
3394,311.5673820000005,311.5673820000005
3395,354.7813920000003,354.7813920000003
3396,434.4445980000005,434.4445980000005
3397,382.7043780000009,382.7043780000009
3398,399.75583200000034,399.75583200000034
3399,433.2694380000006,433.2694380000006
3400,368.5940580000004,368.5940580000004
3401,385.9377480000005,385.9377480000005
3402,501.7880280000002,501.7880280000002
3403,1151.0194919999983,1151.0194919999983
3404,2919.336545999994,2919.336545999994
3405,4410.073163999994,4410.073163999994
3406,5998.960422000005,5998.960422000005
3407,4892.943257999995,4892.943257999995
3408,2566.8832559999933,2566.8832559999933
3409,118.13365200000014,118.13365200000014
3410,265.4106420000009,265.4106420000009
3411,183.09971400000026,183.09971400000026
3412,247.77085200000025,247.77085200000025
3413,309.50682000000006,309.50682000000006
3414,363.8916120000001,363.8916120000001
3415,534.098586000001,534.098586000001
3416,597.5954880000004,597.5954880000004
3417,449.4363720000006,449.4363720000006
3418,484.1245920000009,484.1245920000009
3419,553.2138780000006,553.2138780000006
3420,485.30403600000034,485.30403600000034
3421,454.72429799999975,454.72429799999975
3422,424.74259800000056,424.74259800000056
3423,468.83928000000094,468.83928000000094
3424,486.1840200000006,486.1840200000006
3425,517.9377420000005,517.9377420000005
3426,761.4222840000003,761.4222840000003
3427,1868.2093919999957,1868.2093919999957
3428,2359.0899359999935,2359.0899359999935
3429,4301.354777999993,4301.354777999993
3430,5034.172457999996,5034.172457999996
3431,4903.747883999998,4903.747883999998
3432,3179.677745999994,3179.677745999994
3433,91.0898519999999,91.0898519999999
3434,256.29895200000044,256.29895200000044
3435,453.2562720000005,453.2562720000005
3436,355.365108,355.365108
3437,295.0981320000004,295.0981320000004
3438,338.0182680000002,338.0182680000002
3439,368.2990920000004,368.2990920000004
3440,415.33560600000084,415.33560600000084
3441,393.5837220000006,393.5837220000006
3442,539.096922000001,539.096922000001
3443,456.1948440000005,456.1948440000005
3444,458.8397520000003,458.8397520000003
3445,537.9210480000012,537.9210480000012
3446,453.8421300000007,453.8421300000007
3447,507.34979400000066,507.34979400000066
3448,527.6360460000004,527.6360460000004
3449,429.4508400000005,429.4508400000005
3450,569.9961120000004,569.9961120000004
3451,965.2206479999983,965.2206479999983
3452,2729.9621159999924,2729.9621159999924
3453,5015.757935999996,5015.757935999996
3454,5334.504251999992,5334.504251999992
3455,4847.591867999996,4847.591867999996
3456,2338.714559999996,2338.714559999996
3457,94.32128999999995,94.32128999999995
3458,212.79001800000006,212.79001800000006
3459,319.5001740000002,319.5001740000002
3460,311.5660800000007,311.5660800000007
3461,382.70778000000087,382.70778000000087
3462,477.65277000000026,477.65277000000026
3463,423.5596260000009,423.5596260000009
3464,354.4796640000004,354.4796640000004
3465,412.39308600000027,412.39308600000027
3466,449.14497600000044,449.14497600000044
3467,438.56433600000037,438.56433600000037
3468,397.700982,397.700982
3469,455.90298600000045,455.90298600000045
3470,575.5466640000004,575.5466640000004
3471,540.5647380000011,540.5647380000011
3472,446.7905400000004,446.7905400000004
3473,502.9395420000004,502.9395420000004
3474,565.6296659999996,565.6296659999996
3475,1258.7683079999972,1258.7683079999972
3476,2643.8385119999934,2643.8385119999934
3477,5118.315131999997,5118.315131999997
3478,5187.716687999995,5187.716687999995
3479,4607.060849999998,4607.060849999998
3480,2420.6771399999952,2420.6771399999952
3481,185.74592400000003,185.74592400000003
3482,399.7589400000002,399.7589400000002
3483,447.67409400000076,447.67409400000076
3484,400.6366980000006,400.6366980000006
3485,435.91115400000007,435.91115400000007
3486,365.9472600000006,365.9472600000006
3487,396.2301000000006,396.2301000000006
3488,513.8137199999996,513.8137199999996
3489,460.31319600000063,460.31319600000063
3490,492.6487439999999,492.6487439999999
3491,436.20872400000076,436.20872400000076
3492,515.2860720000006,515.2860720000006
3493,449.1382560000011,449.1382560000011
3494,528.802092000001,528.802092000001
3495,511.7547960000002,511.7547960000002
3496,431.5033800000005,431.5033800000005
3497,467.6623980000008,467.6623980000008
3498,393.02747400000067,393.02747400000067
3499,1342.4449919999981,1342.4449919999981
3500,2240.399615999996,2240.399615999996
3501,4020.6624779999943,4020.6624779999943
3502,5369.777741999999,5369.777741999999
3503,5410.677089999999,5410.677089999999
3504,2644.2360839999938,2644.2360839999938
3505,124.59955200000003,124.59955200000003
3506,304.2105780000004,304.2105780000004
3507,384.4619940000004,384.4619940000004
3508,336.54818400000033,336.54818400000033
3509,393.58221000000003,393.58221000000003
3510,319.2100800000001,319.2100800000001
3511,242.77583399999997,242.77583399999997
3512,431.804898000001,431.804898000001
3513,405.93176400000067,405.93176400000067
3514,410.3373540000007,410.3373540000007
3515,405.9281100000004,405.9281100000004
3516,475.6024140000008,475.6024140000008
3517,450.91019400000107,450.91019400000107
3518,408.5745720000004,408.5745720000004
3519,602.0023380000003,602.0023380000003
3520,495.8787120000011,495.8787120000011
3521,528.8122560000002,528.8122560000002
3522,725.0092919999995,725.0092919999995
3523,1538.4084659999971,1538.4084659999971
3524,2200.7166719999955,2200.7166719999955
3525,4902.3173639999995,4902.3173639999995
3526,5855.331342000004,5855.331342000004
3527,4591.234283999994,4591.234283999994
3528,2641.631327999995,2641.631327999995
3529,60.22203600000007,60.22203600000007
3530,227.19694200000004,227.19694200000004
3531,301.86109800000025,301.86109800000025
3532,299.21136000000035,299.21136000000035
3533,335.6625720000004,335.6625720000004
3534,359.1838740000004,359.1838740000004
3535,311.27006400000033,311.27006400000033
3536,420.91816200000005,420.91816200000005
3537,425.3260620000002,425.3260620000002
3538,447.9599880000008,447.9599880000008
3539,498.81640200000106,498.81640200000106
3540,503.81818200000123,503.81818200000123
3541,472.65922200000097,472.65922200000097
3542,390.93927600000046,390.93927600000046
3543,402.99268800000044,402.99268800000044
3544,384.17450400000047,384.17450400000047
3545,561.7389960000015,561.7389960000015
3546,564.2911680000003,564.2911680000003
3547,1511.6965499999967,1511.6965499999967
3548,3074.742089999995,3074.742089999995
3549,4717.979069999994,4717.979069999994
3550,6025.971462000006,6025.971462000006
3551,4469.175395999992,4469.175395999992
3552,1972.1843399999955,1972.1843399999955
3553,118.71837599999996,118.71837599999996
3554,255.99852599999986,255.99852599999986
3555,343.3098060000005,343.3098060000005
3556,463.25340600000055,463.25340600000055
3557,421.5112020000005,421.5112020000005
3558,410.6366040000007,410.6366040000007
3559,359.77775400000047,359.77775400000047
3560,354.77773800000057,354.77773800000057
3561,421.509942,421.509942
3562,297.45319799999993,297.45319799999993
3563,412.9825560000001,412.9825560000001
3564,427.68171600000056,427.68171600000056
3565,450.6149340000008,450.6149340000008
3566,418.86658800000055,418.86658800000055
3567,328.0296600000002,328.0296600000002
3568,295.6930200000002,295.6930200000002
3569,444.1464300000002,444.1464300000002
3570,538.6238340000006,538.6238340000006
3571,1649.085479999996,1649.085479999996
3572,3307.555565999995,3307.555565999995
3573,4932.323549999995,4932.323549999995
3574,5528.599272000003,5528.599272000003
3575,4344.977195999995,4344.977195999995
3576,2193.851771999997,2193.851771999997
3577,80.50488599999991,80.50488599999991
3578,168.98922599999983,168.98922599999983
3579,319.2060900000002,319.2060900000002
3580,385.35294000000044,385.35294000000044
3581,543.8068860000002,543.8068860000002
3582,377.7089400000002,377.7089400000002
3583,350.0730660000004,350.0730660000004
3584,330.95932800000037,330.95932800000037
3585,258.64687800000024,258.64687800000024
3586,455.60961600000013,455.60961600000013
3587,461.4890700000004,461.4890700000004
3588,470.8972380000004,470.8972380000004
3589,530.8667700000005,530.8667700000005
3590,508.52214000000026,508.52214000000026
3591,412.68775800000014,412.68775800000014
3592,571.728150000001,571.728150000001
3593,465.6047340000004,465.6047340000004
3594,626.2747680000003,626.2747680000003
3595,1314.3785759999973,1314.3785759999973
3596,3222.0865319999934,3222.0865319999934
3597,4388.031983999997,4388.031983999997
3598,5198.591873999994,5198.591873999994
3599,5210.341163999998,5210.341163999998
3600,2381.5731239999946,2381.5731239999946
3601,134.59311600000007,134.59311600000007
3602,269.5234500000005,269.5234500000005
3603,384.46980600000046,384.46980600000046
3604,412.68998400000083,412.68998400000083
3605,374.7638580000006,374.7638580000006
3606,434.7359100000005,434.7359100000005
3607,425.03307000000035,425.03307000000035
3608,466.184292,466.184292
3609,403.57144800000054,403.57144800000054
3610,393.2830020000004,393.2830020000004
3611,409.16043000000053,409.16043000000053
3612,555.2692320000009,555.2692320000009
3613,626.7054779999997,626.7054779999997
3614,440.9133540000008,440.9133540000008
3615,396.23056200000076,396.23056200000076
3616,273.9367680000001,273.9367680000001
3617,306.86229000000054,306.86229000000054
3618,346.37017800000046,346.37017800000046
3619,1065.1093319999984,1065.1093319999984
3620,2604.5196239999964,2604.5196239999964
3621,5733.677208000001,5733.677208000001
3622,5453.605205999996,5453.605205999996
3623,4370.6007239999935,4370.6007239999935
3624,2272.488959999995,2272.488959999995
3625,104.90529000000002,104.90529000000002
3626,383.29909800000064,383.29909800000064
3627,395.3496120000003,395.3496120000003
3628,387.41110800000087,387.41110800000087
3629,459.4259460000009,459.4259460000009
3630,592.0100340000013,592.0100340000013
3631,532.928256,532.928256
3632,455.3174640000004,455.3174640000004
3633,331.55278800000036,331.55278800000036
3634,425.33101800000077,425.33101800000077
3635,535.5703500000001,535.5703500000001
3636,619.3568220000003,619.3568220000003
3637,490.0050960000001,490.0050960000001
3638,481.1887500000008,481.1887500000008
3639,415.33346400000056,415.33346400000056
3640,416.80560600000075,416.80560600000075
3641,439.1489760000006,439.1489760000006
3642,500.91648600000065,500.91648600000065
3643,1367.6266379999963,1367.6266379999963
3644,2050.501571999997,2050.501571999997
3645,3304.4380319999914,3304.4380319999914
3646,4011.5940479999927,4011.5940479999927
3647,3078.8692199999928,3078.8692199999928
3648,1693.414925999996,1693.414925999996
3649,69.62793599999999,69.62793599999999
3650,311.2734660000003,311.2734660000003
3651,438.56135400000016,438.56135400000016
3652,503.8216260000003,503.8216260000003
3653,483.5362980000002,483.5362980000002
3654,445.3190700000006,445.3190700000006
3655,435.91224600000055,435.91224600000055
3656,375.35492400000055,375.35492400000055
3657,402.6928920000006,402.6928920000006
3658,390.04774200000054,390.04774200000054
3659,419.44749000000036,419.44749000000036
3660,410.6316060000005,410.6316060000005
3661,526.7515260000009,526.7515260000009
3662,384.17803200000105,384.17803200000105
3663,393.2914860000005,393.2914860000005
3664,422.6872440000004,422.6872440000004
3665,456.20400000000063,456.20400000000063
3666,681.6735240000005,681.6735240000005
3667,1437.5573099999956,1437.5573099999956
3668,2702.960609999996,2702.960609999996
3669,3987.499991999996,3987.499991999996
3670,3456.6136079999933,3456.6136079999933
3671,2586.305021999993,2586.305021999993
3672,1910.1571019999947,1910.1571019999947
3673,218.3785379999999,218.3785379999999
3674,355.66062000000034,355.66062000000034
3675,426.2094060000011,426.2094060000011
3676,477.3602400000006,477.3602400000006
3677,482.06923800000084,482.06923800000084
3678,497.6491800000002,497.6491800000002
3679,439.73811000000075,439.73811000000075
3680,428.56846200000047,428.56846200000047
3681,360.07209000000074,360.07209000000074
3682,380.3607360000007,380.3607360000007
3683,434.4490920000009,434.4490920000009
3684,426.79896000000105,426.79896000000105
3685,332.7288720000006,332.7288720000006
3686,414.7470600000004,414.7470600000004
3687,497.9425500000005,497.9425500000005
3688,465.6065400000005,465.6065400000005
3689,385.355124,385.355124
3690,450.5912460000005,450.5912460000005
3691,1268.840579999997,1268.840579999997
3692,2154.5308259999956,2154.5308259999956
3693,2720.685365999995,2720.685365999995
3694,4268.982941999995,4268.982941999995
3695,3666.753299999994,3666.753299999994
3696,2067.696371999993,2067.696371999993
3697,189.86276400000006,189.86276400000006
3698,378.2976120000008,378.2976120000008
3699,513.2290380000006,513.2290380000006
3700,555.2649480000013,555.2649480000013
3701,338.60555400000015,338.60555400000015
3702,416.50795200000016,416.50795200000016
3703,410.0418000000007,410.0418000000007
3704,486.1807860000004,486.1807860000004
3705,463.2510540000012,463.2510540000012
3706,443.5572120000006,443.5572120000006
3707,435.32315400000067,435.32315400000067
3708,452.6715060000007,452.6715060000007
3709,506.47317000000055,506.47317000000055
3710,465.3153120000004,465.3153120000004
3711,529.4012639999999,529.4012639999999
3712,365.95146000000017,365.95146000000017
3713,375.6491760000004,375.6491760000004
3714,427.31887800000067,427.31887800000067
3715,1033.5646859999977,1033.5646859999977
3716,2188.634909999995,2188.634909999995
3717,3108.7318499999947,3108.7318499999947
3718,3911.6223299999942,3911.6223299999942
3719,3360.245573999994,3360.245573999994
3720,1930.2270119999966,1930.2270119999966
3721,76.97764199999982,76.97764199999982
3722,219.5526900000002,219.5526900000002
3723,400.3451760000007,400.3451760000007
3724,437.6707440000011,437.6707440000011
3725,407.3900460000011,407.3900460000011
3726,406.21677600000044,406.21677600000044
3727,474.4273380000006,474.4273380000006
3728,461.49024600000075,461.49024600000075
3729,364.47789000000097,364.47789000000097
3730,442.3784400000003,442.3784400000003
3731,423.56710200000066,423.56710200000066
3732,548.7956040000004,548.7956040000004
3733,604.0604640000009,604.0604640000009
3734,419.1573540000004,419.1573540000004
3735,342.7242420000004,342.7242420000004
3736,400.34009400000036,400.34009400000036
3737,310.6772340000006,310.6772340000006
3738,546.8909460000001,546.8909460000001
3739,1138.8772499999973,1138.8772499999973
3740,1732.9922399999948,1732.9922399999948
3741,3619.4720099999936,3619.4720099999936
3742,4441.9929959999945,4441.9929959999945
3743,3151.8085619999943,3151.8085619999943
3744,1918.9191419999947,1918.9191419999947
3745,114.30934200000007,114.30934200000007
3746,330.37523400000043,330.37523400000043
3747,335.0819220000003,335.0819220000003
3748,345.9554280000005,345.9554280000005
3749,405.3352800000004,405.3352800000004
3750,470.59992000000074,470.59992000000074
3751,365.94142200000056,365.94142200000056
3752,346.54368000000017,346.54368000000017
3753,408.8645400000004,408.8645400000004
3754,450.3143820000002,450.3143820000002
3755,427.3886400000003,427.3886400000003
3756,444.73581600000085,444.73581600000085
3757,384.1734960000005,384.1734960000005
3758,423.27142200000077,423.27142200000077
3759,432.6824040000009,432.6824040000009
3760,414.7518060000008,414.7518060000008
3761,376.8267720000002,376.8267720000002
3762,446.7668520000004,446.7668520000004
3763,1208.845469999999,1208.845469999999
3764,2020.1718599999958,2020.1718599999958
3765,3309.0599219999935,3309.0599219999935
3766,3805.157705999991,3805.157705999991
3767,3428.764583999991,3428.764583999991
3768,2607.5639099999944,2607.5639099999944
3769,136.0661820000002,136.0661820000002
3770,360.9557700000006,360.9557700000006
3771,542.3378099999999,542.3378099999999
3772,535.8660720000004,535.8660720000004
3773,336.55440000000016,336.55440000000016
3774,343.9013340000004,343.9013340000004
3775,278.0543220000003,278.0543220000003
3776,353.89695600000056,353.89695600000056
3777,460.60404600000123,460.60404600000123
3778,494.11794600000104,494.11794600000104
3779,445.3219680000006,445.3219680000006
3780,438.5635380000005,438.5635380000005
3781,406.5194280000004,406.5194280000004
3782,584.662890000001,584.662890000001
3783,651.689934000001,651.689934000001
3784,543.8024340000006,543.8024340000006
3785,489.1239780000006,489.1239780000006
3786,465.54660600000034,465.54660600000034
3787,1026.3277919999973,1026.3277919999973
3788,1695.6481499999952,1695.6481499999952
3789,3824.162957999994,3824.162957999994
3790,4518.002243999994,4518.002243999994
3791,3203.510477999996,3203.510477999996
3792,1774.503737999996,1774.503737999996
3793,72.565668,72.565668
3794,310.9746780000005,310.9746780000005
3795,553.7978880000009,553.7978880000009
3796,535.2805500000004,535.2805500000004
3797,463.55030400000095,463.55030400000095
3798,415.9215900000008,415.9215900000008
3799,413.2767240000005,413.2767240000005
3800,476.18739000000045,476.18739000000045
3801,488.82443400000096,488.82443400000096
3802,470.3091540000009,470.3091540000009
3803,467.66861400000045,467.66861400000045
3804,360.95379600000047,360.95379600000047
3805,312.1503000000006,312.1503000000006
3806,300.39189600000014,300.39189600000014
3807,327.72642000000064,327.72642000000064
3808,355.0648080000002,355.0648080000002
3809,322.7357700000005,322.7357700000005
3810,604.7326320000001,604.7326320000001
3811,1220.1622859999973,1220.1622859999973
3812,2051.2208219999934,2051.2208219999934
3813,3397.176215999995,3397.176215999995
3814,3955.7245559999933,3955.7245559999933
3815,3524.4178619999934,3524.4178619999934
3816,2209.7662439999967,2209.7662439999967
3817,253.35970800000035,253.35970800000035
3818,594.3725340000001,594.3725340000001
3819,633.1739820000006,633.1739820000006
3820,491.1831540000005,491.1831540000005
3821,507.05789400000026,507.05789400000026
3822,369.77400600000004,369.77400600000004
3823,435.330882000001,435.330882000001
3824,404.46369600000054,404.46369600000054
3825,350.07764400000025,350.07764400000025
3826,320.97076200000026,320.97076200000026
3827,340.95877200000047,340.95877200000047
3828,517.3479780000006,517.3479780000006
3829,370.3592340000007,370.3592340000007
3830,278.34244200000023,278.34244200000023
3831,388.8713220000006,388.8713220000006
3832,282.74937600000044,282.74937600000044
3833,348.89143800000045,348.89143800000045
3834,474.02607000000023,474.02607000000023
3835,1201.0475819999988,1201.0475819999988
3836,1713.7431359999944,1713.7431359999944
3837,3075.320807999992,3075.320807999992
3838,4145.771153999994,4145.771153999994
3839,3637.2440159999924,3637.2440159999924
3840,2465.1485879999937,2465.1485879999937
3841,117.8398199999999,117.8398199999999
3842,313.9139220000006,313.9139220000006
3843,366.5352600000002,366.5352600000002
3844,373.0022100000005,373.0022100000005
3845,420.9184980000005,420.9184980000005
3846,399.46296600000005,399.46296600000005
3847,318.03357600000027,318.03357600000027
3848,484.4192640000006,484.4192640000006
3849,467.3671379999997,467.3671379999997
3850,458.5508760000007,458.5508760000007
3851,386.23254600000047,386.23254600000047
3852,438.85254000000043,438.85254000000043
3853,499.7057520000007,499.7057520000007
3854,438.55765800000063,438.55765800000063
3855,560.5606020000013,560.5606020000013
3856,553.7990220000006,553.7990220000006
3857,523.5240360000007,523.5240360000007
3858,552.7749780000005,552.7749780000005
3859,1099.7947799999981,1099.7947799999981
3860,1744.4597099999962,1744.4597099999962
3861,3371.635343999994,3371.635343999994
3862,3596.4261059999935,3596.4261059999935
3863,3477.932597999994,3477.932597999994
3864,2244.8957159999936,2244.8957159999936
3865,136.36123199999997,136.36123199999997
3866,259.2370200000004,259.2370200000004
3867,307.7418960000005,307.7418960000005
3868,330.08354400000013,330.08354400000013
3869,336.257082,336.257082
3870,405.93113400000067,405.93113400000067
3871,391.2291180000005,391.2291180000005
3872,335.37260400000014,335.37260400000014
3873,395.0506980000005,395.0506980000005
3874,558.4965960000009,558.4965960000009
3875,484.4131320000004,484.4131320000004
3876,393.8686920000003,393.8686920000003
3877,408.57243000000085,408.57243000000085
3878,356.5416120000003,356.5416120000003
3879,409.1624460000008,409.1624460000008
3880,437.09173200000106,437.09173200000106
3881,443.2672860000008,443.2672860000008
3882,635.7123780000001,635.7123780000001
3883,1131.5213279999978,1131.5213279999978
3884,1957.9149239999952,1957.9149239999952
3885,3016.3536479999916,3016.3536479999916
3886,3804.948209999994,3804.948209999994
3887,3648.200303999997,3648.200303999997
3888,2476.769399999995,2476.769399999995
3889,161.93612400000004,161.93612400000004
3890,177.21975599999985,177.21975599999985
3891,276.8709300000003,276.8709300000003
3892,395.63563200000056,395.63563200000056
3893,424.44981600000136,424.44981600000136
3894,465.3106920000005,465.3106920000005
3895,581.1389219999999,581.1389219999999
3896,591.134418,591.134418
3897,583.7818560000009,583.7818560000009
3898,517.0507859999999,517.0507859999999
3899,396.81373200000036,396.81373200000036
3900,262.7637180000001,262.7637180000001
3901,243.94931400000007,243.94931400000007
3902,317.44150200000024,317.44150200000024
3903,355.94781600000044,355.94781600000044
3904,351.24406800000037,351.24406800000037
3905,420.9200100000003,420.9200100000003
3906,520.7249040000006,520.7249040000006
3907,992.3053559999986,992.3053559999986
3908,2163.310211999998,2163.310211999998
3909,3275.0357639999957,3275.0357639999957
3910,4025.734103999994,4025.734103999994
3911,3677.2973999999954,3677.2973999999954
3912,2274.626255999996,2274.626255999996
3913,176.04623400000003,176.04623400000003
3914,397.6942620000004,397.6942620000004
3915,456.4866179999999,456.4866179999999
3916,436.2015000000001,436.2015000000001
3917,384.46594200000055,384.46594200000055
3918,324.7962480000003,324.7962480000003
3919,352.4268720000002,352.4268720000002
3920,525.8689800000009,525.8689800000009
3921,512.9359200000005,512.9359200000005
3922,447.9687660000004,447.9687660000004
3923,434.7365400000005,434.7365400000005
3924,339.19695600000034,339.19695600000034
3925,388.2930660000005,388.2930660000005
3926,427.0966140000004,427.0966140000004
3927,470.9032860000004,470.9032860000004
3928,357.4274760000003,357.4274760000003
3929,420.04263000000066,420.04263000000066
3930,495.02392800000115,495.02392800000115
3931,938.1268259999993,938.1268259999993
3932,2240.1999899999964,2240.1999899999964
3933,3377.426471999995,3377.426471999995
3934,4074.833573999995,4074.833573999995
3935,3627.906449999993,3627.906449999993
3936,1962.6303059999948,1962.6303059999948
3937,95.20337400000004,95.20337400000004
3938,288.3392400000002,288.3392400000002
3939,346.2547200000003,346.2547200000003
3940,340.3771140000007,340.3771140000007
3941,428.56779000000097,428.56779000000097
3942,543.8065080000001,543.8065080000001
3943,559.968696,559.968696
3944,439.4401620000003,439.4401620000003
3945,300.6840900000004,300.6840900000004
3946,364.4762940000005,364.4762940000005
3947,384.1735800000007,384.1735800000007
3948,378.00084000000015,378.00084000000015
3949,338.9010660000005,338.9010660000005
3950,472.0660980000011,472.0660980000011
3951,416.2140780000008,416.2140780000008
3952,445.31961599999994,445.31961599999994
3953,577.9008480000007,577.9008480000007
3954,567.9709980000011,567.9709980000011
3955,672.6100080000004,672.6100080000004
3956,1694.266097999995,1694.266097999995
3957,3203.639039999994,3203.639039999994
3958,4521.262787999995,4521.262787999995
3959,3786.730331999996,3786.730331999996
3960,2175.2115839999956,2175.2115839999956
3961,137.83177799999993,137.83177799999993
3962,321.56413800000036,321.56413800000036
3963,344.19562800000034,344.19562800000034
3964,353.0117640000004,353.0117640000004
3965,529.9872480000008,529.9872480000008
3966,560.2681140000003,560.2681140000003
3967,473.8426140000002,473.8426140000002
3968,320.9734920000004,320.9734920000004
3969,321.2643840000008,321.2643840000008
3970,368.5947720000003,368.5947720000003
3971,477.9483660000005,477.9483660000005
3972,426.50525400000083,426.50525400000083
3973,520.5759720000005,520.5759720000005
3974,490.8850380000003,490.8850380000003
3975,367.71302400000036,367.71302400000036
3976,396.52124400000054,396.52124400000054
3977,514.4041560000004,514.4041560000004
3978,557.3901060000005,557.3901060000005
3979,1347.2810819999977,1347.2810819999977
3980,2017.6480799999956,2017.6480799999956
3981,3239.590031999995,3239.590031999995
3982,3999.5723039999957,3999.5723039999957
3983,2885.4561119999935,2885.4561119999935
3984,2097.900797999997,2097.900797999997
3985,185.45074800000006,185.45074800000006
3986,443.5587660000004,443.5587660000004
3987,490.302414,490.302414
3988,363.5988300000005,363.5988300000005
3989,283.34401200000053,283.34401200000053
3990,450.6128340000001,450.6128340000001
3991,473.24676000000045,473.24676000000045
3992,483.24024000000003,483.24024000000003
3993,340.95742800000056,340.95742800000056
3994,282.7512240000006,282.7512240000006
3995,266.8792140000005,266.8792140000005
3996,401.2281420000006,401.2281420000006
3997,512.6404920000006,512.6404920000006
3998,424.4480940000007,424.4480940000007
3999,478.24513800000034,478.24513800000034
4000,495.88371000000126,495.88371000000126
4001,450.60955800000033,450.60955800000033
4002,527.5882920000006,527.5882920000006
4003,1139.6165759999983,1139.6165759999983
4004,2226.450197999995,2226.450197999995
4005,3240.297689999993,3240.297689999993
4006,3991.0320239999933,3991.0320239999933
4007,3245.0901839999924,3245.0901839999924
4008,1922.290019999996,1922.290019999996
4009,142.53317400000003,142.53317400000003
4010,363.59744400000056,363.59744400000056
4011,475.0076100000007,475.0076100000007
4012,306.8563680000005,306.8563680000005
4013,277.46098800000055,277.46098800000055
4014,382.40895000000063,382.40895000000063
4015,431.4972060000005,431.4972060000005
4016,434.4350219999998,434.4350219999998
4017,367.1179680000005,367.1179680000005
4018,370.3567560000006,370.3567560000006
4019,405.0453120000003,405.0453120000003
4020,337.43421600000056,337.43421600000056
4021,356.5466100000008,356.5466100000008
4022,321.26476200000036,321.26476200000036
4023,355.0720740000006,355.0720740000006
4024,480.0111540000004,480.0111540000004
4025,432.6800100000006,432.6800100000006
4026,492.33332400000086,492.33332400000086
4027,1146.0296819999985,1146.0296819999985
4028,2060.657465999996,2060.657465999996
4029,3252.880931999996,3252.880931999996
4030,3627.4597379999923,3627.4597379999923
4031,3381.7309259999934,3381.7309259999934
4032,2406.4315799999954,2406.4315799999954
4033,135.1857359999999,135.1857359999999
4034,284.22639000000004,284.22639000000004
4035,380.35830000000044,380.35830000000044
4036,370.9472760000002,370.9472760000002
4037,491.76540000000074,491.76540000000074
4038,502.0576260000009,502.0576260000009
4039,501.1829760000007,501.1829760000007
4040,430.9192020000012,430.9192020000012
4041,281.28424800000045,281.28424800000045
4042,316.85602200000034,316.85602200000034
4043,372.12403200000034,372.12403200000034
4044,366.2459220000002,366.2459220000002
4045,371.2403520000005,371.2403520000005
4046,289.2206940000001,289.2206940000001
4047,406.8100680000001,406.8100680000001
4048,540.2755680000004,540.2755680000004
4049,580.5521820000013,580.5521820000013
4050,758.7267239999993,758.7267239999993
4051,1006.8761219999983,1006.8761219999983
4052,2005.0051979999962,2005.0051979999962
4053,3642.2185379999933,3642.2185379999933
4054,4276.364777999992,4276.364777999992
4055,3273.009935999993,3273.009935999993
4056,1741.3047539999955,1741.3047539999955
4057,121.07335800000021,121.07335800000021
4058,310.0951140000003,310.0951140000003
4059,401.51475000000056,401.51475000000056
4060,327.43502400000017,327.43502400000017
4061,323.90904000000046,323.90904000000046
4062,390.05358000000086,390.05358000000086
4063,468.5419200000007,468.5419200000007
4064,500.28917400000125,500.28917400000125
4065,531.1571160000007,531.1571160000007
4066,382.11633600000056,382.11633600000056
4067,364.1840580000006,364.1840580000006
4068,345.6653760000002,345.6653760000002
4069,366.23907600000007,366.23907600000007
4070,363.88493400000044,363.88493400000044
4071,441.78758400000066,441.78758400000066
4072,562.3190160000008,562.3190160000008
4073,494.12290200000064,494.12290200000064
4074,494.17981200000077,494.17981200000077
4075,977.0520899999987,977.0520899999987
4076,1915.7985419999943,1915.7985419999943
4077,3518.5904459999924,3518.5904459999924
4078,4176.273359999992,4176.273359999992
4079,3364.5507419999917,3364.5507419999917
4080,2209.9139579999955,2209.9139579999955
4081,67.27602000000005,67.27602000000005
4082,191.91988200000006,191.91988200000006
4083,346.5492660000002,346.5492660000002
4084,356.54371200000026,356.54371200000026
4085,295.39549200000044,295.39549200000044
4086,310.38772800000015,310.38772800000015
4087,353.89645200000024,353.89645200000024
4088,407.1049500000004,407.1049500000004
4089,463.83846600000044,463.83846600000044
4090,400.6354380000006,400.6354380000006
4091,369.1817640000005,369.1817640000005
4092,406.5171600000007,406.5171600000007
4093,372.70829400000036,372.70829400000036
4094,295.09922400000033,295.09922400000033
4095,479.4176100000007,479.4176100000007
4096,604.649052000001,604.649052000001
4097,521.1622080000012,521.1622080000012
4098,531.5993340000006,531.5993340000006
4099,1075.414703999998,1075.414703999998
4100,1872.1620959999955,1872.1620959999955
4101,3283.463735999995,3283.463735999995
4102,3594.862235999994,3594.862235999994
4103,3659.816327999996,3659.816327999996
4104,2100.0254099999956,2100.0254099999956
4105,154.87924199999992,154.87924199999992
4106,339.78965999999986,339.78965999999986
4107,334.7952300000005,334.7952300000005
4108,386.52684000000056,386.52684000000056
4109,220.4328419999999,220.4328419999999
4110,327.7358280000003,327.7358280000003
4111,266.2944059999999,266.2944059999999
4112,334.78825800000044,334.78825800000044
4113,382.7051760000004,382.7051760000004
4114,363.88501800000057,363.88501800000057
4115,334.19551200000035,334.19551200000035
4116,454.42954200000116,454.42954200000116
4117,474.4195680000007,474.4195680000007
4118,473.83618800000045,473.83618800000045
4119,517.6429440000009,517.6429440000009
4120,409.16383200000075,409.16383200000075
4121,344.4860580000006,344.4860580000006
4122,521.3172720000003,521.3172720000003
4123,1159.5846779999986,1159.5846779999986
4124,2432.426345999995,2432.426345999995
4125,3089.145569999993,3089.145569999993
4126,4108.796957999994,4108.796957999994
4127,3484.3761959999933,3484.3761959999933
4128,1911.619457999997,1911.619457999997
4129,180.750612,180.750612
4130,303.04150800000036,303.04150800000036
4131,365.6599800000006,365.6599800000006
4132,265.70749800000067,265.70749800000067
4133,295.6914660000004,295.6914660000004
4134,342.7283160000005,342.7283160000005
4135,344.78253600000005,344.78253600000005
4136,365.6477580000006,365.6477580000006
4137,522.9222600000005,522.9222600000005
4138,563.1997560000009,563.1997560000009
4139,642.8673720000008,642.8673720000008
4140,480.5978940000008,480.5978940000008
4141,453.55228800000054,453.55228800000054
4142,306.26950200000056,306.26950200000056
4143,328.0259220000004,328.0259220000004
4144,358.8946200000005,358.8946200000005
4145,365.9481840000004,365.9481840000004
4146,392.21187600000013,392.21187600000013
4147,913.1354399999974,913.1354399999974
4148,2235.066497999996,2235.066497999996
4149,3854.3033339999924,3854.3033339999924
4150,3961.0556579999916,3961.0556579999916
4151,3103.3119179999944,3103.3119179999944
4152,2018.477075999994,2018.477075999994
4153,148.1195520000001,148.1195520000001
4154,353.0162160000002,353.0162160000002
4155,338.3192400000001,338.3192400000001
4156,329.7941220000004,329.7941220000004
4157,427.3933860000005,427.3933860000005
4158,389.4687300000007,389.4687300000007
4159,419.153238,419.153238
4160,380.93370000000056,380.93370000000056
4161,354.1847400000005,354.1847400000005
4162,417.6822720000002,417.6822720000002
4163,371.2354800000006,371.2354800000006
4164,368.8848240000004,368.8848240000004
4165,361.2400680000004,361.2400680000004
4166,340.6643520000006,340.6643520000006
4167,352.1282940000005,352.1282940000005
4168,467.65748400000035,467.65748400000035
4169,489.1212060000006,489.1212060000006
4170,472.04908800000055,472.04908800000055
4171,1079.7898019999975,1079.7898019999975
4172,2038.6424099999979,2038.6424099999979
4173,3564.988181999995,3564.988181999995
4174,4317.960401999995,4317.960401999995
4175,3140.977895999992,3140.977895999992
4176,2037.624665999994,2037.624665999994
4177,124.30307399999991,124.30307399999991
4178,271.8747780000001,271.8747780000001
4179,332.7245040000004,332.7245040000004
4180,321.5548140000003,321.5548140000003
4181,512.0486699999999,512.0486699999999
4182,356.53984800000063,356.53984800000063
4183,370.6515960000004,370.6515960000004
4184,387.1181160000002,387.1181160000002
4185,387.11799000000076,387.11799000000076
4186,379.1800320000001,379.1800320000001
4187,479.42785800000024,479.42785800000024
4188,452.66953200000034,452.66953200000034
4189,560.2592100000006,560.2592100000006
4190,576.7219920000007,576.7219920000007
4191,405.6342360000006,405.6342360000006
4192,452.6689440000002,452.6689440000002
4193,412.3990920000004,412.3990920000004
4194,653.4498600000005,653.4498600000005
4195,1116.129587999998,1116.129587999998
4196,1981.9084739999967,1981.9084739999967
4197,3588.098429999992,3588.098429999992
4198,3528.2986619999933,3528.2986619999933
4199,3461.257547999995,3461.257547999995
4200,1933.9692539999949,1933.9692539999949
4201,65.51353199999994,65.51353199999994
4202,238.3673880000001,238.3673880000001
4203,293.92721400000045,293.92721400000045
4204,389.16796800000066,389.16796800000066
4205,431.7976740000004,431.7976740000004
4206,410.3404200000003,410.3404200000003
4207,523.5225240000009,523.5225240000009
4208,458.25969000000117,458.25969000000117
4209,479.7192540000004,479.7192540000004
4210,482.9515740000008,482.9515740000008
4211,487.0700940000002,487.0700940000002
4212,490.0091280000006,490.0091280000006
4213,554.9738460000007,554.9738460000007
4214,496.76428200000043,496.76428200000043
4215,483.5351640000004,483.5351640000004
4216,463.5511440000006,463.5511440000006
4217,486.77680800000076,486.77680800000076
4218,586.0360380000004,586.0360380000004
4219,1040.6612999999977,1040.6612999999977
4220,2052.129029999996,2052.129029999996
4221,3627.2789699999935,3627.2789699999935
4222,4051.180013999996,4051.180013999996
4223,3098.6538239999945,3098.6538239999945
4224,1965.0449699999972,1965.0449699999972
4225,114.01744199999996,114.01744199999996
4226,290.69409600000023,290.69409600000023
4227,419.1592440000006,419.1592440000006
4228,361.83331800000053,361.83331800000053
4229,411.2151540000003,411.2151540000003
4230,393.57507000000015,393.57507000000015
4231,445.3202880000005,445.3202880000005
4232,449.13951600000064,449.13951600000064
4233,424.44570000000067,424.44570000000067
4234,357.1274280000004,357.1274280000004
4235,369.47526000000056,369.47526000000056
4236,400.3422360000003,400.3422360000003
4237,458.8448340000004,458.8448340000004
4238,544.3908540000001,544.3908540000001
4239,406.81174800000065,406.81174800000065
4240,353.3052600000002,353.3052600000002
4241,381.52808400000043,381.52808400000043
4242,533.7090780000003,533.7090780000003
4243,1143.9806699999979,1143.9806699999979
4244,2075.2887119999946,2075.2887119999946
4245,3405.734513999992,3405.734513999992
4246,3757.1961419999925,3757.1961419999925
4247,3201.752441999994,3201.752441999994
4248,2374.5529079999947,2374.5529079999947
4249,172.22587200000012,172.22587200000012
4250,318.9199860000002,318.9199860000002
4251,474.42397800000043,474.42397800000043
4252,414.74748000000017,414.74748000000017
4253,415.3369920000008,415.3369920000008
4254,344.19634200000047,344.19634200000047
4255,244.24604400000018,244.24604400000018
4256,388.5845040000008,388.5845040000008
4257,488.5377000000003,488.5377000000003
4258,482.9543880000006,482.9543880000006
4259,433.5634380000004,433.5634380000004
4260,484.4176680000002,484.4176680000002
4261,542.912034000001,542.912034000001
4262,464.7145860000002,464.7145860000002
4263,420.03360000000055,420.03360000000055
4264,341.5471920000005,341.5471920000005
4265,408.2784720000006,408.2784720000006
4266,523.8885960000007,523.8885960000007
4267,1366.794995999997,1366.794995999997
4268,2327.5786379999945,2327.5786379999945
4269,3411.571253999996,3411.571253999996
4270,3689.314859999994,3689.314859999994
4271,3102.3453299999933,3102.3453299999933
4272,1969.9419179999952,1969.9419179999952
4273,138.71020799999997,138.71020799999997
4274,230.1351780000004,230.1351780000004
4275,447.9664980000004,447.9664980000004
4276,559.9714260000012,559.9714260000012
4277,476.19343800000104,476.19343800000104
4278,581.1396360000003,581.1396360000003
4279,526.1642400000002,526.1642400000002
4280,481.4799360000006,481.4799360000006
4281,378.00218400000034,378.00218400000034
4282,407.69215200000025,407.69215200000025
4283,452.66907000000015,452.66907000000015
4284,353.3110980000003,353.3110980000003
4285,428.56921800000026,428.56921800000026
4286,458.8472280000004,458.8472280000004
4287,340.07719200000037,340.07719200000037
4288,326.5562580000006,326.5562580000006
4289,265.41190200000017,265.41190200000017
4290,511.4892300000001,511.4892300000001
4291,1048.2449039999972,1048.2449039999972
4292,1698.4712639999966,1698.4712639999966
4293,3609.329639999993,3609.329639999993
4294,4334.033717999992,4334.033717999992
4295,3249.865205999995,3249.865205999995
4296,1825.9426499999952,1825.9426499999952
4297,169.87450199999998,169.87450199999998
4298,258.355188,258.355188
4299,407.10465600000055,407.10465600000055
4300,342.72642600000074,342.72642600000074
4301,440.62074000000075,440.62074000000075
4302,426.5068500000002,426.5068500000002
4303,304.8045420000004,304.8045420000004
4304,441.20538,441.20538
4305,536.4483180000009,536.4483180000009
4306,426.8010180000007,426.8010180000007
4307,367.1243520000006,367.1243520000006
4308,331.5543000000006,331.5543000000006
4309,325.3814760000007,325.3814760000007
4310,412.9857900000005,412.9857900000005
4311,356.8358640000004,356.8358640000004
4312,265.7024160000001,265.7024160000001
4313,365.9482680000004,365.9482680000004
4314,563.2734660000003,563.2734660000003
4315,1080.967901999998,1080.967901999998
4316,2209.4145779999963,2209.4145779999963
4317,3491.062091999995,3491.062091999995
4318,4025.2549679999947,4025.2549679999947
4319,3691.649723999993,3691.649723999993
4320,2082.838883999996,2082.838883999996
4321,169.28839199999993,169.28839199999993
4322,238.07733600000017,238.07733600000017
4323,406.5197220000005,406.5197220000005
4324,584.0805180000004,584.0805180000004
4325,682.2626160000004,682.2626160000004
4326,614.9448060000001,614.9448060000001
4327,380.94378000000034,380.94378000000034
4328,334.7896440000002,334.7896440000002
4329,338.3140740000003,338.3140740000003
4330,385.34735400000056,385.34735400000056
4331,435.32580000000064,435.32580000000064
4332,478.25085000000064,478.25085000000064
4333,385.6475280000004,385.6475280000004
4334,307.4478120000003,307.4478120000003
4335,316.2654600000003,316.2654600000003
4336,333.9069720000003,333.9069720000003
4337,409.1583300000006,409.1583300000006
4338,653.8488180000008,653.8488180000008
4339,1330.9060379999962,1330.9060379999962
4340,2002.8216599999962,2002.8216599999962
4341,3056.707373999996,3056.707373999996
4342,3844.7958359999943,3844.7958359999943
4343,3075.802841999994,3075.802841999994
4344,2381.0747099999944,2381.0747099999944
4345,103.13948399999991,103.13948399999991
4346,274.5238440000004,274.5238440000004
4347,367.42141800000053,367.42141800000053
4348,389.4704100000005,389.4704100000005
4349,382.70710800000046,382.70710800000046
4350,487.9460040000011,487.9460040000011
4351,350.659890000001,350.659890000001
4352,429.73770000000013,429.73770000000013
4353,454.4344560000004,454.4344560000004
4354,454.43592600000034,454.43592600000034
4355,517.6395420000003,517.6395420000003
4356,562.6140660000008,562.6140660000008
4357,542.0366279999997,542.0366279999997
4358,434.4452700000006,434.4452700000006
4359,451.49210400000015,451.49210400000015
4360,428.55964200000074,428.55964200000074
4361,432.96909600000043,432.96909600000043
4362,554.6669100000006,554.6669100000006
4363,1379.1783179999982,1379.1783179999982
4364,2505.688331999996,2505.688331999996
4365,3819.725195999993,3819.725195999993
4366,5010.391469999997,5010.391469999997
4367,3823.3681499999943,3823.3681499999943
4368,2654.050223999994,2654.050223999994
4369,187.80077400000022,187.80077400000022
4370,483.8324820000001,483.8324820000001
4371,364.4789400000007,364.4789400000007
4372,481.1823659999999,481.1823659999999
4373,328.3162260000001,328.3162260000001
4374,311.26632600000016,311.26632600000016
4375,315.97225800000035,315.97225800000035
4376,223.66671600000035,223.66671600000035
4377,276.28465200000034,276.28465200000034
4378,303.3350880000001,303.3350880000001
4379,304.8039120000004,304.8039120000004
4380,346.8362520000001,346.8362520000001
4381,392.4031860000005,392.4031860000005
4382,463.84052400000024,463.84052400000024
4383,447.0829020000005,447.0829020000005
4384,474.7131060000003,474.7131060000003
4385,498.52849200000037,498.52849200000037
4386,544.7081220000008,544.7081220000008
4387,980.2919699999981,980.2919699999981
4388,2046.6671819999954,2046.6671819999954
4389,3659.9554739999944,3659.9554739999944
4390,5432.234471999996,5432.234471999996
4391,5064.381797999996,5064.381797999996
4392,2516.7572639999953,2516.7572639999953
4393,185.15746200000007,185.15746200000007
4394,439.14817800000026,439.14817800000026
4395,464.7211380000002,464.7211380000002
4396,483.8266440000005,483.8266440000005
4397,461.484324,461.484324
4398,468.8316360000003,468.8316360000003
4399,453.54842399999995,453.54842399999995
4400,494.11874400000056,494.11874400000056
4401,398.87223600000095,398.87223600000095
4402,243.36530400000024,243.36530400000024
4403,236.30863199999988,236.30863199999988
4404,345.6693660000007,345.6693660000007
4405,427.09900800000094,427.09900800000094
4406,343.6043940000005,343.6043940000005
4407,198.67721999999995,198.67721999999995
4408,375.6512760000006,375.6512760000006
4409,352.7205780000004,352.7205780000004
4410,527.6675460000005,527.6675460000005
4411,1011.7425779999988,1011.7425779999988
4412,1917.240149999996,1917.240149999996
4413,4043.3557919999935,4043.3557919999935
4414,5158.773437999996,5158.773437999996
4415,4533.017831999995,4533.017831999995
4416,2684.416685999996,2684.416685999996
4417,108.13702199999994,108.13702199999994
4418,331.55245200000013,331.55245200000013
4419,473.2457940000007,473.2457940000007
4420,475.30345800000094,475.30345800000094
4421,484.41888600000004,484.41888600000004
4422,600.2434200000005,600.2434200000005
4423,482.6533740000003,482.6533740000003
4424,376.5333180000002,376.5333180000002
4425,381.2364780000003,381.2364780000003
4426,419.16222600000054,419.16222600000054
4427,381.5324940000007,381.5324940000007
4428,306.86380200000025,306.86380200000025
4429,308.91638400000033,308.91638400000033
4430,333.02362800000043,333.02362800000043
4431,362.1294180000005,362.1294180000005
4432,487.6584720000006,487.6584720000006
4433,521.1653580000005,521.1653580000005
4434,512.4059220000007,512.4059220000007
4435,937.5793559999993,937.5793559999993
4436,1841.9703119999942,1841.9703119999942
4437,3479.373239999996,3479.373239999996
4438,5637.723587999997,5637.723587999997
4439,5148.847073999999,5148.847073999999
4440,2337.1253219999953,2337.1253219999953
4441,118.13247599999984,118.13247599999984
4442,286.87285200000065,286.87285200000065
4443,432.09616800000094,432.09616800000094
4444,487.6581360000002,487.6581360000002
4445,318.6208620000003,318.6208620000003
4446,376.826184000001,376.826184000001
4447,398.2830180000006,398.2830180000006
4448,385.34886600000084,385.34886600000084
4449,358.00850400000036,358.00850400000036
4450,340.3672859999999,340.3672859999999
4451,357.41454000000033,357.41454000000033
4452,311.85172200000017,311.85172200000017
4453,426.796650000001,426.796650000001
4454,543.7988640000005,543.7988640000005
4455,584.367714000001,584.367714000001
4456,625.5323760000001,625.5323760000001
4457,498.53214600000007,498.53214600000007
4458,617.8654020000009,617.8654020000009
4459,1080.7616399999984,1080.7616399999984
4460,2018.0845439999937,2018.0845439999937
4461,3553.9237859999907,3553.9237859999907
4462,5641.121850000006,5641.121850000006
4463,4483.2006239999955,4483.2006239999955
4464,2474.1318839999954,2474.1318839999954
4465,171.92998200000034,171.92998200000034
4466,399.75629400000054,399.75629400000054
4467,404.4598740000005,404.4598740000005
4468,541.4565660000001,541.4565660000001
4469,423.28175400000003,423.28175400000003
4470,424.7523000000005,424.7523000000005
4471,333.0281640000001,333.0281640000001
4472,369.47349600000035,369.47349600000035
4473,412.6869180000008,412.6869180000008
4474,424.45044600000085,424.45044600000085
4475,502.3514580000006,502.3514580000006
4476,488.2392060000003,488.2392060000003
4477,423.2704140000005,423.2704140000005
4478,502.93483800000087,502.93483800000087
4479,557.0261760000006,557.0261760000006
4480,536.4497040000003,536.4497040000003
4481,457.37651400000084,457.37651400000084
4482,557.7714660000009,557.7714660000009
4483,811.7553359999995,811.7553359999995
4484,1926.8248019999958,1926.8248019999958
4485,3752.547623999995,3752.547623999995
4486,5129.760341999997,5129.760341999997
4487,4611.468875999996,4611.468875999996
4488,2720.597669999995,2720.597669999995
4489,78.7416839999999,78.7416839999999
4490,270.4063740000003,270.4063740000003
4491,306.5630400000005,306.5630400000005
4492,457.0765920000005,457.0765920000005
4493,484.419852000001,484.419852000001
4494,565.555074000001,565.555074000001
4495,572.6101500000008,572.6101500000008
4496,430.9186140000008,430.9186140000008
4497,547.0409280000005,547.0409280000005
4498,495.00284400000027,495.00284400000027
4499,462.07753200000025,462.07753200000025
4500,438.26567400000073,438.26567400000073
4501,384.4730400000003,384.4730400000003
4502,349.19182200000046,349.19182200000046
4503,414.16078200000055,414.16078200000055
4504,518.818398,518.818398
4505,617.3003340000013,617.3003340000013
4506,562.5514860000006,562.5514860000006
4507,963.8388899999984,963.8388899999984
4508,1746.1425239999946,1746.1425239999946
4509,3860.7755759999923,3860.7755759999923
4510,5300.733815999995,5300.733815999995
4511,4441.456109999994,4441.456109999994
4512,2565.348743999994,2565.348743999994
4513,12.892194000000007,12.892194000000007
4514,178.39470599999987,178.39470599999987
4515,307.445166,307.445166
4516,435.3279840000005,435.3279840000005
4517,421.5112440000006,421.5112440000006
4518,451.4918940000005,451.4918940000005
4519,425.9174220000005,425.9174220000005
4520,393.29207400000064,393.29207400000064
4521,402.4027980000003,402.4027980000003
4522,398.8695480000006,398.8695480000006
4523,418.2654840000001,418.2654840000001
4524,540.852060000001,540.852060000001
4525,517.634922,517.634922
4526,464.4238200000003,464.4238200000003
4527,375.6458160000005,375.6458160000005
4528,358.30221000000057,358.30221000000057
4529,415.9223460000005,415.9223460000005
4530,473.81686800000034,473.81686800000034
4531,1240.808477999997,1240.808477999997
4532,1809.453365999997,1809.453365999997
4533,3876.902567999995,3876.902567999995
4534,5063.222429999994,5063.222429999994
4535,4555.610219999994,4555.610219999994
4536,1969.299695999995,1969.299695999995
4537,146.9445179999999,146.9445179999999
4538,216.02309400000036,216.02309400000036
4539,301.5698280000001,301.5698280000001
4540,321.55985400000037,321.55985400000037
4541,466.19861400000076,466.19861400000076
4542,494.70897000000065,494.70897000000065
4543,558.7912260000007,558.7912260000007
4544,496.4672580000014,496.4672580000014
4545,380.6438580000003,380.6438580000003
4546,462.0763560000002,462.0763560000002
4547,539.3915940000006,539.3915940000006
4548,480.01522800000095,480.01522800000095
4549,406.81473000000034,406.81473000000034
4550,400.34274000000033,400.34274000000033
4551,474.7185660000007,474.7185660000007
4552,449.4372960000004,449.4372960000004
4553,378.5878740000006,378.5878740000006
4554,486.5789040000008,486.5789040000008
4555,1046.9198459999989,1046.9198459999989
4556,2158.4874779999946,2158.4874779999946
4557,3892.2558359999957,3892.2558359999957
4558,4907.991899999992,4907.991899999992
4559,4608.273893999994,4608.273893999994
4560,2501.008817999996,2501.008817999996
4561,105.785694,105.785694
4562,296.57262600000024,296.57262600000024
4563,367.71550200000075,367.71550200000075
4564,371.8290660000003,371.8290660000003
4565,402.11131800000015,402.11131800000015
4566,575.2585020000009,575.2585020000009
4567,502.6445760000007,502.6445760000007
4568,426.2099100000006,426.2099100000006
4569,330.96399000000036,330.96399000000036
4570,413.2784040000006,413.2784040000006
4571,487.95159000000064,487.95159000000064
4572,428.5692180000008,428.5692180000008
4573,371.8317120000004,371.8317120000004
4574,326.2608300000004,326.2608300000004
4575,306.85599000000025,306.85599000000025
4576,255.7056180000002,255.7056180000002
4577,338.3162580000004,338.3162580000004
4578,468.43801200000024,468.43801200000024
4579,1325.1881579999979,1325.1881579999979
4580,2108.972921999995,2108.972921999995
4581,3463.1733779999945,3463.1733779999945
4582,5048.102261999994,5048.102261999994
4583,4630.953389999999,4630.953389999999
4584,2486.0447639999957,2486.0447639999957
4585,88.44263399999991,88.44263399999991
4586,344.4924420000005,344.4924420000005
4587,420.0390600000006,420.0390600000006
4588,436.7967660000005,436.7967660000005
4589,534.1029120000003,534.1029120000003
4590,452.6721780000006,452.6721780000006
4591,320.6750820000004,320.6750820000004
4592,307.44369600000033,307.44369600000033
4593,296.8659540000003,296.8659540000003
4594,466.78207800000047,466.78207800000047
4595,412.39493400000066,412.39493400000066
4596,659.9202960000007,659.9202960000007
4597,553.4992260000013,553.4992260000013
4598,467.65870200000046,467.65870200000046
4599,390.0525300000003,390.0525300000003
4600,353.6049300000003,353.6049300000003
4601,328.90838400000024,328.90838400000024
4602,356.97727800000047,356.97727800000047
4603,1140.9924959999978,1140.9924959999978
4604,1919.160935999995,1919.160935999995
4605,3653.103887999995,3653.103887999995
4606,5241.543173999998,5241.543173999998
4607,4791.980969999995,4791.980969999995
4608,2414.873579999994,2414.873579999994
4609,197.79984000000007,197.79984000000007
4610,299.21854200000035,299.21854200000035
4611,273.6405840000004,273.6405840000004
4612,356.538042,356.538042
4613,407.6898419999999,407.6898419999999
4614,430.03090200000037,430.03090200000037
4615,460.3144140000003,460.3144140000003
4616,573.7930380000003,573.7930380000003
4617,311.5657440000008,311.5657440000008
4618,309.8025840000004,309.8025840000004
4619,450.6172440000003,450.6172440000003
4620,450.6128340000009,450.6128340000009
4621,334.193832000001,334.193832000001
4622,403.27870800000017,403.27870800000017
4623,510.57921600000026,510.57921600000026
4624,475.30417200000005,475.30417200000005
4625,376.23579000000035,376.23579000000035
4626,532.4904900000002,532.4904900000002
4627,1154.6765999999977,1154.6765999999977
4628,1738.6997039999962,1738.6997039999962
4629,3633.454817999993,3633.454817999993
4630,5336.301137999996,5336.301137999996
4631,4910.790989999997,4910.790989999997
4632,2657.361503999997,2657.361503999997
4633,133.71199799999988,133.71199799999988
4634,304.5073920000006,304.5073920000006
4635,443.5608660000003,443.5608660000003
4636,549.6822240000001,549.6822240000001
4637,386.2330920000005,386.2330920000005
4638,377.41922400000044,377.41922400000044
4639,314.80087800000064,314.80087800000064
4640,299.80805400000077,299.80805400000077
4641,307.7458440000003,307.7458440000003
4642,324.209088,324.209088
4643,438.2653380000001,438.2653380000001
4644,469.4261040000005,469.4261040000005
4645,493.5337680000004,493.5337680000004
4646,547.0371060000003,547.0371060000003
4647,483.5398680000003,483.5398680000003
4648,635.8151100000005,635.8151100000005
4649,504.40622400000024,504.40622400000024
4650,425.5506360000002,425.5506360000002
4651,870.2300039999989,870.2300039999989
4652,1887.9217139999955,1887.9217139999955
4653,3816.2415059999926,3816.2415059999926
4654,5517.683975999998,5517.683975999998
4655,5226.324305999999,5226.324305999999
4656,2299.363457999995,2299.363457999995
4657,129.302418,129.302418
4658,335.0799480000004,335.0799480000004
4659,320.08867800000036,320.08867800000036
4660,475.602876000001,475.602876000001
4661,650.8092780000007,650.8092780000007
4662,433.26649800000024,433.26649800000024
4663,403.2856380000007,403.2856380000007
4664,495.0015420000004,495.0015420000004
4665,526.7493000000007,526.7493000000007
4666,317.1451500000005,317.1451500000005
4667,451.19810400000057,451.19810400000057
4668,501.4676520000002,501.4676520000002
4669,465.01148400000056,465.01148400000056
4670,443.8441560000007,443.8441560000007
4671,382.11402600000054,382.11402600000054
4672,347.1339480000004,347.1339480000004
4673,416.5191660000007,416.5191660000007
4674,494.06830200000053,494.06830200000053
4675,742.4778479999997,742.4778479999997
4676,2199.5280719999946,2199.5280719999946
4677,3976.244789999993,3976.244789999993
4678,5221.141841999997,5221.141841999997
4679,4600.007915999993,4600.007915999993
4680,2263.7954219999965,2263.7954219999965
4681,112.54567800000002,112.54567800000002
4682,256.882752,256.882752
4683,471.48288600000046,471.48288600000046
4684,484.12064400000037,484.12064400000037
4685,438.5566500000004,438.5566500000004
4686,495.29411400000015,495.29411400000015
4687,528.5177940000004,528.5177940000004
4688,547.0382820000007,547.0382820000007
4689,523.5176520000006,523.5176520000006
4690,344.78077200000035,344.78077200000035
4691,383.00224200000036,383.00224200000036
4692,486.47835600000036,486.47835600000036
4693,364.7751660000005,364.7751660000005
4694,280.6966260000005,280.6966260000005
4695,252.7672560000001,252.7672560000001
4696,410.9224140000005,410.9224140000005
4697,285.1080540000001,285.1080540000001
4698,449.5995420000003,449.5995420000003
4699,1192.9179779999974,1192.9179779999974
4700,2293.1367479999967,2293.1367479999967
4701,3412.2519479999937,3412.2519479999937
4702,5068.925777999992,5068.925777999992
4703,4276.184303999997,4276.184303999997
4704,2180.1741359999955,2180.1741359999955
4705,203.0901180000002,203.0901180000002
4706,350.66005800000033,350.66005800000033
4707,432.6801780000007,432.6801780000007
4708,489.4202460000004,489.4202460000004
4709,508.23297000000025,508.23297000000025
4710,591.4315680000001,591.4315680000001
4711,462.66767400000066,462.66767400000066
4712,360.36289800000026,360.36289800000026
4713,400.9276740000002,400.9276740000002
4714,381.8185980000003,381.8185980000003
4715,469.42232400000023,469.42232400000023
4716,419.45240400000057,419.45240400000057
4717,289.5182640000005,289.5182640000005
4718,232.77811200000042,232.77811200000042
4719,338.31567000000024,338.31567000000024
4720,470.3103300000002,470.3103300000002
4721,423.56827800000053,423.56827800000053
4722,491.9575920000006,491.9575920000006
4723,725.5771319999999,725.5771319999999
4724,2021.8747919999944,2021.8747919999944
4725,3684.255329999994,3684.255329999994
4726,5470.017671999996,5470.017671999996
4727,4564.174859999995,4564.174859999995
4728,2449.5074939999945,2449.5074939999945
4729,145.7648640000001,145.7648640000001
4730,311.56410600000027,311.56410600000027
4731,373.5926460000003,373.5926460000003
4732,332.1411660000002,332.1411660000002
4733,329.49567000000025,329.49567000000025
4734,474.1296840000002,474.1296840000002
4735,491.18319600000035,491.18319600000035
4736,370.3628460000007,370.3628460000007
4737,372.7112760000003,372.7112760000003
4738,371.24043600000016,371.24043600000016
4739,329.2034340000004,329.2034340000004
4740,356.83552800000024,356.83552800000024
4741,327.14211600000027,327.14211600000027
4742,396.2227920000006,396.2227920000006
4743,342.7190760000004,342.7190760000004
4744,358.5938160000004,358.5938160000004
4745,432.08873400000044,432.08873400000044
4746,556.7116380000003,556.7116380000003
4747,1393.848833999997,1393.848833999997
4748,2117.651591999996,2117.651591999996
4749,3568.021295999993,3568.021295999993
4750,5416.924296000002,5416.924296000002
4751,4730.4784379999965,4730.4784379999965
4752,2080.208969999996,2080.208969999996
4753,86.67976800000014,86.67976800000014
4754,272.17579200000034,272.17579200000034
4755,437.3881680000004,437.3881680000004
4756,383.882058000001,383.882058000001
4757,422.39072400000055,422.39072400000055
4758,597.8933100000007,597.8933100000007
4759,628.7633520000005,628.7633520000005
4760,577.0207379999999,577.0207379999999
4761,496.1754420000004,496.1754420000004
4762,509.1148860000003,509.1148860000003
4763,498.53021400000074,498.53021400000074
4764,360.0683520000006,360.0683520000006
4765,304.50852600000036,304.50852600000036
4766,275.70060000000075,275.70060000000075
4767,314.79974400000043,314.79974400000043
4768,398.87454600000075,398.87454600000075
4769,436.5049500000005,436.5049500000005
4770,709.6271700000002,709.6271700000002
4771,1312.2057899999986,1312.2057899999986
4772,1880.6870879999965,1880.6870879999965
4773,3070.546247999994,3070.546247999994
4774,5277.592571999996,5277.592571999996
4775,5150.9973059999975,5150.9973059999975
4776,2544.0389099999948,2544.0389099999948
4777,215.73451200000002,215.73451200000002
4778,305.3930460000006,305.3930460000006
4779,382.7059740000005,382.7059740000005
4780,403.5772019999999,403.5772019999999
4781,352.72423200000014,352.72423200000014
4782,318.32879400000047,318.32879400000047
4783,453.5534640000004,453.5534640000004
4784,441.49862400000035,441.49862400000035
4785,353.6001840000007,353.6001840000007
4786,339.1940580000006,339.1940580000006
4787,490.8812160000009,490.8812160000009
4788,492.64698000000044,492.64698000000044
4789,422.6844300000006,422.6844300000006
4790,505.58432400000055,505.58432400000055
4791,497.9445660000008,497.9445660000008
4792,451.49685000000085,451.49685000000085
4793,404.45592600000043,404.45592600000043
4794,336.5590200000001,336.5590200000001
4795,913.9331459999987,913.9331459999987
4796,1822.8463679999966,1822.8463679999966
4797,3589.9492859999923,3589.9492859999923
4798,5888.633772000004,5888.633772000004
4799,5181.2858579999975,5181.2858579999975
4800,2692.533395999994,2692.533395999994
4801,220.43229600000018,220.43229600000018
4802,404.7522360000006,404.7522360000006
4803,448.55517000000043,448.55517000000043
4804,345.95605800000027,345.95605800000027
4805,286.5777600000002,286.5777600000002
4806,318.3266099999999,318.3266099999999
4807,334.201392,334.201392
4808,463.2546660000001,463.2546660000001
4809,437.96587800000015,437.96587800000015
4810,387.9994020000006,387.9994020000006
4811,374.47565400000053,374.47565400000053
4812,350.95540200000033,350.95540200000033
4813,537.3310320000003,537.3310320000003
4814,430.6254960000007,430.6254960000007
4815,412.10353800000024,412.10353800000024
4816,404.7546720000004,404.7546720000004
4817,369.18550200000044,369.18550200000044
4818,460.1719500000006,460.1719500000006
4819,1307.6054879999972,1307.6054879999972
4820,1962.1638119999955,1962.1638119999955
4821,3882.290705999995,3882.290705999995
4822,5615.629739999998,5615.629739999998
4823,4323.618179999992,4323.618179999992
4824,2483.631611999996,2483.631611999996
4825,72.85987800000002,72.85987800000002
4826,343.0169400000002,343.0169400000002
4827,432.3882360000004,432.3882360000004
4828,397.7008140000007,397.7008140000007
4829,396.22686600000037,396.22686600000037
4830,442.08519600000045,442.08519600000045
4831,514.4076840000005,514.4076840000005
4832,399.1722420000009,399.1722420000009
4833,324.79393800000065,324.79393800000065
4834,393.2856060000006,393.2856060000006
4835,485.29727400000013,485.29727400000013
4836,455.60739000000063,455.60739000000063
4837,378.00054600000055,378.00054600000055
4838,324.2015280000003,324.2015280000003
4839,392.40385800000035,392.40385800000035
4840,527.0453160000009,527.0453160000009
4841,480.59697000000097,480.59697000000097
4842,538.8056520000001,538.8056520000001
4843,1230.5907599999975,1230.5907599999975
4844,2656.5461579999965,2656.5461579999965
4845,3917.1122339999934,3917.1122339999934
4846,4765.110965999993,4765.110965999993
4847,4334.193443999991,4334.193443999991
4848,2320.0038119999936,2320.0038119999936
4849,44.93517000000001,44.93517000000001
4850,235.71966600000016,235.71966600000016
4851,325.37534400000027,325.37534400000027
4852,329.7836220000001,329.7836220000001
4853,408.5741940000003,408.5741940000003
4854,565.8549120000013,565.8549120000013
4855,562.0337940000007,562.0337940000007
4856,526.4617680000002,526.4617680000002
4857,452.9655480000001,452.9655480000001
4858,351.2490660000005,351.2490660000005
4859,437.96949000000035,437.96949000000035
4860,363.5984099999999,363.5984099999999
4861,304.5110880000004,304.5110880000004
4862,245.42128800000003,245.42128800000003
4863,410.928084000001,410.928084000001
4864,681.38448,681.38448
4865,770.1646680000003,770.1646680000003
4866,510.8162640000006,510.8162640000006
4867,1184.8896359999974,1184.8896359999974
4868,2188.2126839999955,2188.2126839999955
4869,4082.045435999992,4082.045435999992
4870,4638.749135999993,4638.749135999993
4871,4928.19868799999,4928.19868799999
4872,2386.7842319999954,2386.7842319999954
4873,228.95548200000025,228.95548200000025
4874,368.58826200000044,368.58826200000044
4875,278.6413980000002,278.6413980000002
4876,259.5318180000006,259.5318180000006
4877,353.0157540000003,353.0157540000003
4878,380.35691400000013,380.35691400000013
4879,383.58726000000013,383.58726000000013
4880,402.40254600000077,402.40254600000077
4881,557.3259300000012,557.3259300000012
4882,387.6993540000007,387.6993540000007
4883,396.22632000000056,396.22632000000056
4884,390.35010000000096,390.35010000000096
4885,425.6213220000005,425.6213220000005
4886,452.96013000000045,452.96013000000045
4887,469.1304660000002,469.1304660000002
4888,442.08301200000056,442.08301200000056
4889,430.3237680000005,430.3237680000005
4890,423.5017080000009,423.5017080000009
4891,751.0338779999995,751.0338779999995
4892,2140.5880859999947,2140.5880859999947
4893,3567.4372439999925,3567.4372439999925
4894,4875.279821999995,4875.279821999995
4895,4581.27230399999,4581.27230399999
4896,2956.829735999994,2956.829735999994
4897,61.691112000000025,61.691112000000025
4898,181.03869,181.03869
4899,310.3885260000005,310.3885260000005
4900,499.9989120000006,499.9989120000006
4901,568.7835300000012,568.7835300000012
4902,571.4288580000011,571.4288580000011
4903,441.7930860000011,441.7930860000011
4904,313.6200060000009,313.6200060000009
4905,370.9472340000004,370.9472340000004
4906,395.05582200000043,395.05582200000043
4907,310.9771140000001,310.9771140000001
4908,341.25180600000044,341.25180600000044
4909,334.4886300000007,334.4886300000007
4910,378.29387400000064,378.29387400000064
4911,522.6338880000005,522.6338880000005
4912,560.8527120000008,560.8527120000008
4913,443.8536480000005,443.8536480000005
4914,476.0429100000001,476.0429100000001
4915,1024.9359959999977,1024.9359959999977
4916,2085.2752619999956,2085.2752619999956
4917,3751.895699999995,3751.895699999995
4918,5451.085457999997,5451.085457999997
4919,4672.917773999995,4672.917773999995
4920,2180.937611999995,2180.937611999995
4921,188.6867640000001,188.6867640000001
4922,388.8790080000008,388.8790080000008
4923,441.50177400000035,441.50177400000035
4924,411.22296600000055,411.22296600000055
4925,435.0298260000007,435.0298260000007
4926,427.9728600000002,427.9728600000002
4927,371.5305300000008,371.5305300000008
4928,395.0444820000002,395.0444820000002
4929,389.751264,389.751264
4930,337.4259420000004,337.4259420000004
4931,332.4318480000005,332.4318480000005
4932,363.30256200000065,363.30256200000065
4933,401.5152540000005,401.5152540000005
4934,541.4483760000008,541.4483760000008
4935,578.4935100000001,578.4935100000001
4936,423.2726400000009,423.2726400000009
4937,427.0982520000009,427.0982520000009
4938,509.00535000000076,509.00535000000076
4939,749.1303539999994,749.1303539999994
4940,1954.609859999996,1954.609859999996
4941,3777.424517999994,3777.424517999994
4942,5164.448939999998,5164.448939999998
4943,4235.466017999994,4235.466017999994
4944,2553.211583999995,2553.211583999995
4945,132.53755199999995,132.53755199999995
4946,366.2430240000004,366.2430240000004
4947,420.04267200000106,420.04267200000106
4948,547.3307280000012,547.3307280000012
4949,454.14373200000085,454.14373200000085
4950,318.32455200000084,318.32455200000084
4951,301.86017400000065,301.86017400000065
4952,406.51367400000004,406.51367400000004
4953,407.68980000000056,407.68980000000056
4954,386.23250400000086,386.23250400000086
4955,302.4506520000005,302.4506520000005
4956,415.9231860000004,415.9231860000004
4957,479.12776800000006,479.12776800000006
4958,433.8537420000007,433.8537420000007
4959,475.0109699999998,475.0109699999998
4960,424.74461400000075,424.74461400000075
4961,409.7484300000009,409.7484300000009
4962,367.26874800000036,367.26874800000036
4963,1077.4090739999979,1077.4090739999979
4964,2210.9674019999957,2210.9674019999957
4965,3432.680369999995,3432.680369999995
4966,5518.7352359999995,5518.7352359999995
4967,4497.6815519999955,4497.6815519999955
4968,2150.0061659999965,2150.0061659999965
4969,167.81179800000004,167.81179800000004
4970,375.9399420000006,375.9399420000006
4971,323.0241420000004,323.0241420000004
4972,382.1155800000003,382.1155800000003
4973,353.01609000000025,353.01609000000025
4974,282.46448999999996,282.46448999999996
4975,305.3968679999999,305.3968679999999
4976,335.37924000000027,335.37924000000027
4977,435.0347820000003,435.0347820000003
4978,491.7663660000002,491.7663660000002
4979,552.3223440000014,552.3223440000014
4980,459.72276000000085,459.72276000000085
4981,251.88815400000001,251.88815400000001
4982,455.0222040000006,455.0222040000006
4983,535.568502,535.568502
4984,460.89947400000005,460.89947400000005
4985,491.18164200000024,491.18164200000024
4986,473.60224800000077,473.60224800000077
4987,1006.5739739999981,1006.5739739999981
4988,2031.475697999996,2031.475697999996
4989,3683.8515419999953,3683.8515419999953
4990,4952.305595999995,4952.305595999995
4991,4576.913627999993,4576.913627999993
4992,2893.285247999993,2893.285247999993
4993,180.16072200000005,180.16072200000005
4994,407.10730200000035,407.10730200000035
4995,390.9371340000004,390.9371340000004
4996,354.7806780000004,354.7806780000004
4997,394.1687820000004,394.1687820000004
4998,445.9069860000006,445.9069860000006
4999,406.81267200000076,406.81267200000076
5000,310.9735020000004,310.9735020000004
5001,318.3207720000001,318.3207720000001
5002,379.46832000000035,379.46832000000035
5003,368.5954020000006,368.5954020000006
5004,475.89444000000054,475.89444000000054
5005,503.8165019999999,503.8165019999999
5006,430.3285980000006,430.3285980000006
5007,400.3454700000008,400.3454700000008
5008,338.02053600000073,338.02053600000073
5009,374.7653700000008,374.7653700000008
5010,527.3666580000003,527.3666580000003
5011,1120.4519759999985,1120.4519759999985
5012,2485.688519999996,2485.688519999996
5013,3535.7319059999936,3535.7319059999936
5014,5084.727227999997,5084.727227999997
5015,4056.5712599999924,4056.5712599999924
5016,2280.079577999996,2280.079577999996
5017,104.9052899999999,104.9052899999999
5018,295.98067800000024,295.98067800000024
5019,446.7880620000007,446.7880620000007
5020,467.0743560000003,467.0743560000003
5021,466.18924800000013,466.18924800000013
5022,497.6442239999999,497.6442239999999
5023,546.7407959999999,546.7407959999999
5024,498.82744800000074,498.82744800000074
5025,472.0800420000003,472.0800420000003
5026,331.56177600000046,331.56177600000046
5027,318.3304320000005,318.3304320000005
5028,420.03910200000047,420.03910200000047
5029,507.34908000000024,507.34908000000024
5030,528.5161140000001,528.5161140000001
5031,454.4341620000006,454.4341620000006
5032,461.1944820000007,461.1944820000007
5033,379.18045200000097,379.18045200000097
5034,429.5454660000008,429.5454660000008
5035,798.2666579999994,798.2666579999994
5036,1424.0358299999957,1424.0358299999957
5037,3709.058723999995,3709.058723999995
5038,6091.989414000006,6091.989414000006
5039,4969.851431999999,4969.851431999999
5040,2431.421747999995,2431.421747999995
5041,115.78135799999997,115.78135799999997
5042,248.06838000000027,248.06838000000027
5043,371.2422000000004,371.2422000000004
5044,483.5380620000007,483.5380620000007
5045,437.96831400000053,437.96831400000053
5046,382.41352800000027,382.41352800000027
5047,355.0758960000004,355.0758960000004
5048,330.6767100000001,330.6767100000001
5049,285.6986580000002,285.6986580000002
5050,373.88723400000026,373.88723400000026
5051,478.24530600000037,478.24530600000037
5052,592.6047960000004,592.6047960000004
5053,525.8699040000009,525.8699040000009
5054,581.4304439999999,581.4304439999999
5055,491.4725760000003,491.4725760000003
5056,457.0757520000006,457.0757520000006
5057,406.51510200000087,406.51510200000087
5058,653.2252019999999,653.2252019999999
5059,1175.639891999997,1175.639891999997
5060,1934.2068059999956,1934.2068059999956
5061,3741.316025999993,3741.316025999993
5062,5605.60833,5605.60833
5063,4332.223895999993,4332.223895999993
5064,2576.258453999994,2576.258453999994
5065,141.94689600000004,141.94689600000004
5066,335.08746600000006,335.08746600000006
5067,380.3584260000002,380.3584260000002
5068,334.49194800000055,334.49194800000055
5069,346.5406560000004,346.5406560000004
5070,343.01639400000005,343.01639400000005
5071,289.81054200000017,289.81054200000017
5072,425.91641400000026,425.91641400000026
5073,418.5648600000008,418.5648600000008
5074,478.8245700000005,478.8245700000005
5075,261.58687800000007,261.58687800000007
5076,293.63380200000023,293.63380200000023
5077,380.9424780000005,380.9424780000005
5078,464.7271440000007,464.7271440000007
5079,555.8573159999997,555.8573159999997
5080,467.07540600000067,467.07540600000067
5081,418.8615480000003,418.8615480000003
5082,428.37278400000076,428.37278400000076
5083,1037.7951359999965,1037.7951359999965
5084,2126.047055999995,2126.047055999995
5085,3876.1227959999933,3876.1227959999933
5086,5326.764407999997,5326.764407999997
5087,4270.3933859999925,4270.3933859999925
5088,2476.9526459999934,2476.9526459999934
5089,116.36746799999995,116.36746799999995
5090,267.17296200000055,267.17296200000055
5091,435.32878200000056,435.32878200000056
5092,353.60442600000033,353.60442600000033
5093,295.6924740000002,295.6924740000002
5094,395.9354280000006,395.9354280000006
5095,365.9516700000006,365.9516700000006
5096,421.21791600000086,421.21791600000086
5097,430.0351020000002,430.0351020000002
5098,463.2511380000001,463.2511380000001
5099,366.2402520000004,366.2402520000004
5100,403.27681800000045,403.27681800000045
5101,527.6310480000003,527.6310480000003
5102,402.99079799999987,402.99079799999987
5103,367.4174700000004,367.4174700000004
5104,414.1636380000005,414.1636380000005
5105,483.54406800000004,483.54406800000004
5106,663.3650100000003,663.3650100000003
5107,1465.8371279999974,1465.8371279999974
5108,2814.432263999995,2814.432263999995
5109,4761.940805999992,4761.940805999992
5110,5229.911021999996,5229.911021999996
5111,4802.049671999996,4802.049671999996
5112,2380.8741179999956,2380.8741179999956
5113,125.18835000000026,125.18835000000026
5114,238.95194400000062,238.95194400000062
5115,354.483360000001,354.483360000001
5116,431.802252000001,431.802252000001
5117,336.8477700000005,336.8477700000005
5118,413.86644600000034,413.86644600000034
5119,433.2691440000008,433.2691440000008
5120,448.2587340000003,448.2587340000003
5121,405.33847200000054,405.33847200000054
5122,377.7144420000004,377.7144420000004
5123,500.5938420000005,500.5938420000005
5124,508.52319000000034,508.52319000000034
5125,355.06812600000046,355.06812600000046
5126,377.41212600000057,377.41212600000057
5127,432.9756060000006,432.9756060000006
5128,484.12984200000056,484.12984200000056
5129,476.7832020000009,476.7832020000009
5130,841.2274919999994,841.2274919999994
5131,1624.1680979999965,1624.1680979999965
5132,2421.5773679999957,2421.5773679999957
5133,4943.252159999997,4943.252159999997
5134,5248.778933999996,5248.778933999996
5135,4822.256165999998,4822.256165999998
5136,2142.663515999996,2142.663515999996
5137,59.33755800000005,59.33755800000005
5138,143.11634400000005,143.11634400000005
5139,313.9137120000002,313.9137120000002
5140,432.68131200000096,432.68131200000096
5141,502.6481460000003,502.6481460000003
5142,466.1878620000001,466.1878620000001
5143,407.3933640000004,407.3933640000004
5144,297.15806400000037,297.15806400000037
5145,321.8515860000004,321.8515860000004
5146,406.2203880000006,406.2203880000006
5147,499.7023500000009,499.7023500000009
5148,520.5770220000007,520.5770220000007
5149,441.4948020000008,441.4948020000008
5150,378.8774220000004,378.8774220000004
5151,360.6528660000003,360.6528660000003
5152,398.2868820000005,398.2868820000005
5153,451.20755400000064,451.20755400000064
5154,721.2391620000001,721.2391620000001
5155,1664.8904579999955,1664.8904579999955
5156,2715.0268319999977,2715.0268319999977
5157,4451.669081999995,4451.669081999995
5158,5577.127835999999,5577.127835999999
5159,4797.191405999997,4797.191405999997
5160,2266.4717879999957,2266.4717879999957
5161,105.49085399999993,105.49085399999993
5162,348.89391600000033,348.89391600000033
5163,440.32245600000067,440.32245600000067
5164,529.1009220000002,529.1009220000002
5165,427.39141200000034,427.39141200000034
5166,389.4681000000007,389.4681000000007
5167,407.69471400000083,407.69471400000083
5168,435.3268920000001,435.3268920000001
5169,438.2668500000003,438.2668500000003
5170,369.47614200000055,369.47614200000055
5171,315.68103000000076,315.68103000000076
5172,424.4467500000005,424.4467500000005
5173,420.3302460000001,420.3302460000001
5174,380.3541840000002,380.3541840000002
5175,354.1900740000003,354.1900740000003
5176,394.76094000000035,394.76094000000035
5177,558.2110800000007,558.2110800000007
5178,865.0855919999992,865.0855919999992
5179,1498.011605999997,1498.011605999997
5180,3444.7716659999965,3444.7716659999965
5181,5516.754558000003,5516.754558000003
5182,5063.395973999998,5063.395973999998
5183,3856.568561999995,3856.568561999995
5184,1806.8536079999951,1806.8536079999951
5185,140.77009800000005,140.77009800000005
5186,324.79574400000024,324.79574400000024
5187,439.73832000000044,439.73832000000044
5188,588.190932000001,588.190932000001
5189,471.77852400000046,471.77852400000046
5190,392.6950860000007,392.6950860000007
5191,307.1529300000004,307.1529300000004
5192,374.1829560000003,374.1829560000003
5193,373.0027560000004,373.0027560000004
5194,317.1435120000005,317.1435120000005
5195,377.1138420000005,377.1138420000005
5196,395.63605200000046,395.63605200000046
5197,487.3535100000003,487.3535100000003
5198,451.7883300000004,451.7883300000004
5199,470.8969860000002,470.8969860000002
5200,340.3699319999999,340.3699319999999
5201,284.22563400000024,284.22563400000024
5202,390.80416200000036,390.80416200000036
5203,1355.9557619999964,1355.9557619999964
5204,2984.8212239999934,2984.8212239999934
5205,4061.9063099999917,4061.9063099999917
5206,5760.146322000003,5760.146322000003
5207,4525.9631339999905,4525.9631339999905
5208,2600.509799999994,2600.509799999994
5209,76.68385200000006,76.68385200000006
5210,191.62130399999975,191.62130399999975
5211,387.70397400000064,387.70397400000064
5212,513.8172480000006,513.8172480000006
5213,514.9930800000004,514.9930800000004
5214,417.9831180000011,417.9831180000011
5215,447.9669600000006,447.9669600000006
5216,400.6346400000008,400.6346400000008
5217,330.3741420000005,330.3741420000005
5218,387.69561600000037,387.69561600000037
5219,330.37355400000035,330.37355400000035
5220,299.21388000000036,299.21388000000036
5221,400.6331700000006,400.6331700000006
5222,437.9697840000002,437.9697840000002
5223,521.1625440000009,521.1625440000009
5224,556.7339400000003,556.7339400000003
5225,505.0006500000007,505.0006500000007
5226,574.8690360000005,574.8690360000005
5227,1445.7537779999975,1445.7537779999975
5228,2532.589961999993,2532.589961999993
5229,4852.631783999994,4852.631783999994
5230,5819.209158000004,5819.209158000004
5231,4379.004293999996,4379.004293999996
5232,2294.691461999997,2294.691461999997
5233,92.55594599999995,92.55594599999995
5234,270.11128200000036,270.11128200000036
5235,218.37622800000008,218.37622800000008
5236,290.69397000000026,290.69397000000026
5237,304.21582800000056,304.21582800000056
5238,371.53069800000037,371.53069800000037
5239,421.8039420000001,421.8039420000001
5240,510.5830379999998,510.5830379999998
5241,483.5380200000001,483.5380200000001
5242,383.58873,383.58873
5243,458.25788400000005,458.25788400000005
5244,465.3070800000001,465.3070800000001
5245,375.9405300000003,375.9405300000003
5246,440.323506,440.323506
5247,396.2303100000005,396.2303100000005
5248,453.84943800000065,453.84943800000065
5249,483.8375220000003,483.8375220000003
5250,566.9343960000007,566.9343960000007
5251,1234.7388479999963,1234.7388479999963
5252,2800.985711999993,2800.985711999993
5253,4599.8299199999965,4599.8299199999965
5254,6014.414028000005,6014.414028000005
5255,4653.875939999995,4653.875939999995
5256,2479.250801999996,2479.250801999996
5257,185.45373000000004,185.45373000000004
5258,309.21454200000045,309.21454200000045
5259,338.0206620000007,338.0206620000007
5260,453.5534640000004,453.5534640000004
5261,492.36087600000104,492.36087600000104
5262,407.6958900000002,407.6958900000002
5263,368.30056200000035,368.30056200000035
5264,288.0502380000005,288.0502380000005
5265,272.1741540000001,272.1741540000001
5266,282.1664580000004,282.1664580000004
5267,363.5956380000002,363.5956380000002
5268,555.8559720000009,555.8559720000009
5269,734.8810979999997,734.8810979999997
5270,621.9914820000006,621.9914820000006
5271,464.126166,464.126166
5272,370.6441200000005,370.6441200000005
5273,345.6647880000003,345.6647880000003
5274,579.4894139999998,579.4894139999998
5275,1053.2209379999981,1053.2209379999981
5276,3239.427575999994,3239.427575999994
5277,4581.987857999995,4581.987857999995
5278,5776.201116000003,5776.201116000003
5279,4607.104235999993,4607.104235999993
5280,2033.3054699999975,2033.3054699999975
5281,74.03600399999993,74.03600399999993
5282,239.24758200000025,239.24758200000025
5283,235.71849000000057,235.71849000000057
5284,309.7956540000004,309.7956540000004
5285,482.9424180000006,482.9424180000006
5286,551.7343860000011,551.7343860000011
5287,470.8921140000005,470.8921140000005
5288,324.7907460000006,324.7907460000006
5289,311.26855200000034,311.26855200000034
5290,417.09767400000027,417.09767400000027
5291,430.6204140000006,430.6204140000006
5292,369.1771860000007,369.1771860000007
5293,426.2087340000003,426.2087340000003
5294,384.75935400000037,384.75935400000037
5295,382.4105880000009,382.4105880000009
5296,403.86801000000065,403.86801000000065
5297,371.8322580000007,371.8322580000007
5298,571.8137460000004,571.8137460000004
5299,1299.4775219999967,1299.4775219999967
5300,3266.5427759999943,3266.5427759999943
5301,5332.159559999997,5332.159559999997
5302,5635.874075999998,5635.874075999998
5303,4145.408357999993,4145.408357999993
5304,1581.102557999997,1581.102557999997
5305,189.86276400000014,189.86276400000014
5306,489.7116840000004,489.7116840000004
5307,421.5094380000005,421.5094380000005
5308,382.7038740000006,382.7038740000006
5309,383.29355400000037,383.29355400000037
5310,380.94134400000075,380.94134400000075
5311,362.4231240000007,362.4231240000007
5312,308.3338860000006,308.3338860000006
5313,339.20061000000084,339.20061000000084
5314,470.30768400000045,470.30768400000045
5315,446.48965200000066,446.48965200000066
5316,498.2313840000008,498.2313840000008
5317,563.4949740000009,563.4949740000009
5318,575.2607700000002,575.2607700000002
5319,477.95147400000064,477.95147400000064
5320,292.15989600000034,292.15989600000034
5321,326.8529040000007,326.8529040000007
5322,518.9784600000004,518.9784600000004
5323,1386.1960559999968,1386.1960559999968
5324,3068.861879999994,3068.861879999994
5325,4876.606517999998,4876.606517999998
5326,4918.836089999997,4918.836089999997
5327,4742.737271999995,4742.737271999995
5328,2271.071585999996,2271.071585999996
5329,189.57237600000016,189.57237600000016
5330,403.58400600000067,403.58400600000067
5331,457.3778580000005,457.3778580000005
5332,400.05583800000056,400.05583800000056
5333,330.0832920000004,330.0832920000004
5334,341.54626800000017,341.54626800000017
5335,386.8218060000003,386.8218060000003
5336,324.7963320000002,324.7963320000002
5337,231.6039180000001,231.6039180000001
5338,210.43936200000033,210.43936200000033
5339,280.99138200000084,280.99138200000084
5340,340.0784520000006,340.0784520000006
5341,358.00753800000047,358.00753800000047
5342,392.99433600000043,392.99433600000043
5343,372.71211600000066,372.71211600000066
5344,513.5254320000001,513.5254320000001
5345,679.6289639999997,679.6289639999997
5346,921.7728239999996,921.7728239999996
5347,1922.2104719999968,1922.2104719999968
5348,3718.483061999996,3718.483061999996
5349,4746.9873359999965,4746.9873359999965
5350,5710.345410000002,5710.345410000002
5351,4203.445259999991,4203.445259999991
5352,2031.0072299999947,2031.0072299999947
5353,151.93961999999996,151.93961999999996
5354,348.0178380000004,348.0178380000004
5355,407.39622000000037,407.39622000000037
5356,348.60588000000035,348.60588000000035
5357,340.0844160000004,340.0844160000004
5358,337.4361060000001,337.4361060000001
5359,367.12330200000054,367.12330200000054
5360,292.454946,292.454946
5361,270.11199600000026,270.11199600000026
5362,465.3070380000008,465.3070380000008
5363,495.5886600000008,495.5886600000008
5364,470.6052540000003,470.6052540000003
5365,505.5847860000009,505.5847860000009
5366,466.48438200000027,466.48438200000027
5367,500.5866600000003,500.5866600000003
5368,476.78215200000056,476.78215200000056
5369,519.1100040000001,519.1100040000001
5370,514.6436400000003,514.6436400000003
5371,1424.7145499999972,1424.7145499999972
5372,3075.5446679999945,3075.5446679999945
5373,4419.027857999994,4419.027857999994
5374,5307.862559999999,5307.862559999999
5375,4661.954177999993,4661.954177999993
5376,2636.156837999994,2636.156837999994
5377,70.21543199999999,70.21543199999999
5378,297.1597440000004,297.1597440000004
5379,364.77239400000025,364.77239400000025
5380,379.7650500000006,379.7650500000006
5381,410.6318580000007,410.6318580000007
5382,363.5991660000004,363.5991660000004
5383,412.6923780000006,412.6923780000006
5384,460.90086000000036,460.90086000000036
5385,414.45159000000064,414.45159000000064
5386,454.72539000000046,454.72539000000046
5387,398.87311800000015,398.87311800000015
5388,317.7368040000004,317.7368040000004
5389,350.36778000000044,350.36778000000044
5390,439.14465000000024,439.14465000000024
5391,492.9407280000005,492.9407280000005
5392,449.72919600000057,449.72919600000057
5393,586.434492,586.434492
5394,725.2785539999999,725.2785539999999
5395,1802.5988819999948,1802.5988819999948
5396,3289.5783899999947,3289.5783899999947
5397,4215.881627999992,4215.881627999992
5398,4920.677327999992,4920.677327999992
5399,5045.5466459999925,5045.5466459999925
5400,2121.7323119999946,2121.7323119999946
5401,151.9392420000001,151.9392420000001
5402,371.2408140000004,371.2408140000004
5403,335.0826360000005,335.0826360000005
5404,303.0389040000002,303.0389040000002
5405,252.18438000000006,252.18438000000006
5406,369.1850400000005,369.1850400000005
5407,417.69105000000087,417.69105000000087
5408,407.9835060000006,407.9835060000006
5409,432.67329000000024,432.67329000000024
5410,502.3417140000005,502.3417140000005
5411,487.06463400000035,487.06463400000035
5412,564.6757200000001,564.6757200000001
5413,404.16520200000036,404.16520200000036
5414,393.8766300000007,393.8766300000007
5415,358.59944400000035,358.59944400000035
5416,474.1372860000008,474.1372860000008
5417,527.6398680000005,527.6398680000005
5418,845.2200539999992,845.2200539999992
5419,1936.5882059999979,1936.5882059999979
5420,3008.885375999994,3008.885375999994
5421,4492.6067339999945,4492.6067339999945
5422,5428.789001999997,5428.789001999997
5423,4084.6829939999952,4084.6829939999952
5424,1983.0570479999965,1983.0570479999965
5425,83.14970999999989,83.14970999999989
5426,253.05873600000015,253.05873600000015
5427,340.9545300000006,340.9545300000006
5428,343.3085880000003,343.3085880000003
5429,290.3948040000004,290.3948040000004
5430,370.35755400000045,370.35755400000045
5431,447.37866600000035,447.37866600000035
5432,377.4119160000007,377.4119160000007
5433,376.5306300000003,376.5306300000003
5434,378.5889660000003,378.5889660000003
5435,523.2192420000003,523.2192420000003
5436,448.55042400000025,448.55042400000025
5437,343.31039400000043,343.31039400000043
5438,360.0729720000005,360.0729720000005
5439,368.594982,368.594982
5440,470.0192700000007,470.0192700000007
5441,673.156764,673.156764
5442,652.572816,652.572816
5443,1736.587019999997,1736.587019999997
5444,2559.9202439999935,2559.9202439999935
5445,5009.067923999995,5009.067923999995
5446,5203.469123999996,5203.469123999996
5447,4959.681467999996,4959.681467999996
5448,2289.616139999996,2289.616139999996
5449,91.37998799999993,91.37998799999993
5450,432.0908760000002,432.0908760000002
5451,556.1501820000007,556.1501820000007
5452,420.33709200000044,420.33709200000044
5453,299.80314000000027,299.80314000000027
5454,393.58305000000024,393.58305000000024
5455,478.5418680000003,478.5418680000003
5456,535.2783660000005,535.2783660000005
5457,405.343008000001,405.343008000001
5458,466.7815320000008,466.7815320000008
5459,450.01618200000075,450.01618200000075
5460,456.77717400000046,456.77717400000046
5461,340.07643600000034,340.07643600000034
5462,344.4870660000006,344.4870660000006
5463,343.8997800000006,343.8997800000006
5464,393.29043600000045,393.29043600000045
5465,496.76915400000036,496.76915400000036
5466,667.7783699999999,667.7783699999999
5467,1694.014769999996,1694.014769999996
5468,2732.963519999994,2732.963519999994
5469,4428.650225999994,4428.650225999994
5470,5256.680393999992,5256.680393999992
5471,4838.685179999996,4838.685179999996
5472,2247.615803999995,2247.615803999995
5473,116.36885399999996,116.36885399999996
5474,350.36282400000033,350.36282400000033
5475,425.03466600000047,425.03466600000047
5476,457.07902800000085,457.07902800000085
5477,457.0767600000001,457.0767600000001
5478,441.495432,441.495432
5479,366.23924400000044,366.23924400000044
5480,339.1893540000005,339.1893540000005
5481,393.8710020000003,393.8710020000003
5482,311.2662840000003,311.2662840000003
5483,333.02274600000067,333.02274600000067
5484,450.0244980000002,450.0244980000002
5485,477.95025600000025,477.95025600000025
5486,449.1380040000006,449.1380040000006
5487,501.173442,501.173442
5488,451.4942040000009,451.4942040000009
5489,275.11318800000055,275.11318800000055
5490,394.44942600000024,394.44942600000024
5491,1098.309491999999,1098.309491999999
5492,2914.365341999994,2914.365341999994
5493,4323.9900059999945,4323.9900059999945
5494,5401.658388,5401.658388
5495,4789.588481999992,4789.588481999992
5496,2743.7615099999975,2743.7615099999975
5497,59.045448000000015,59.045448000000015
5498,228.66757200000038,228.66757200000038
5499,377.7092340000003,377.7092340000003
5500,379.4739060000007,379.4739060000007
5501,382.7026140000006,382.7026140000006
5502,414.4508340000004,414.4508340000004
5503,443.26350600000063,443.26350600000063
5504,410.6340840000002,410.6340840000002
5505,511.75639200000063,511.75639200000063
5506,495.2908380000007,495.2908380000007
5507,502.93462800000015,502.93462800000015
5508,498.53076000000056,498.53076000000056
5509,378.59064600000016,378.59064600000016
5510,333.9065520000005,333.9065520000005
5511,398.8704720000007,398.8704720000007
5512,360.6545880000003,360.6545880000003
5513,277.75620600000036,277.75620600000036
5514,605.194296,605.194296
5515,1526.3988599999966,1526.3988599999966
5516,2912.433383999994,2912.433383999994
5517,5386.056060000002,5386.056060000002
5518,5927.735940000003,5927.735940000003
5519,4269.800807999997,4269.800807999997
5520,1689.481709999995,1689.481709999995
5521,106.08065999999988,106.08065999999988
5522,249.82566000000045,249.82566000000045
5523,474.13014600000014,474.13014600000014
5524,514.4049120000004,514.4049120000004
5525,507.3492900000001,507.3492900000001
5526,445.3262940000004,445.3262940000004
5527,440.9124720000006,440.9124720000006
5528,389.7571020000004,389.7571020000004
5529,331.5533340000004,331.5533340000004
5530,342.13565400000033,342.13565400000033
5531,352.71524400000055,352.71524400000055
5532,411.50944800000025,411.50944800000025
5533,510.8798940000003,510.8798940000003
5534,452.0845980000007,452.0845980000007
5535,400.9338060000006,400.9338060000006
5536,493.5354060000005,493.5354060000005
5537,475.8985140000006,475.8985140000006
5538,615.1882380000003,615.1882380000003
5539,1193.033309999998,1193.033309999998
5540,2769.4666019999945,2769.4666019999945
5541,4508.575973999992,4508.575973999992
5542,4842.359423999995,4842.359423999995
5543,4943.689631999995,4943.689631999995
5544,2648.2565339999924,2648.2565339999924
5545,146.64795600000008,146.64795600000008
5546,269.23440600000026,269.23440600000026
5547,380.3559480000008,380.3559480000008
5548,345.66617400000086,345.66617400000086
5549,501.1791540000006,501.1791540000006
5550,534.4022880000006,534.4022880000006
5551,612.8929800000002,612.8929800000002
5552,568.4963340000006,568.4963340000006
5553,468.2454420000004,468.2454420000004
5554,325.0826040000002,325.0826040000002
5555,309.7971660000002,309.7971660000002
5556,360.06852000000043,360.06852000000043
5557,424.15447200000057,424.15447200000057
5558,579.3735360000012,579.3735360000012
5559,583.7817300000013,583.7817300000013
5560,592.8969899999998,592.8969899999998
5561,516.472152,516.472152
5562,469.2942240000006,469.2942240000006
5563,1302.2276399999987,1302.2276399999987
5564,2493.5253839999955,2493.5253839999955
5565,4816.850639999996,4816.850639999996
5566,5567.381651999996,5567.381651999996
5567,4613.0765099999935,4613.0765099999935
5568,2457.544151999994,2457.544151999994
5569,185.4543600000004,185.4543600000004
5570,392.40860400000105,392.40860400000105
5571,517.3475580000003,517.3475580000003
5572,497.06168400000024,497.06168400000024
5573,444.7327080000006,444.7327080000006
5574,480.0102720000004,480.0102720000004
5575,472.0701300000001,472.0701300000001
5576,397.3999680000005,397.3999680000005
5577,389.75391000000025,389.75391000000025
5578,356.8313700000005,356.8313700000005
5579,360.94879800000024,360.94879800000024
5580,375.0657540000001,375.0657540000001
5581,429.1561680000006,429.1561680000006
5582,442.0885140000005,442.0885140000005
5583,436.7978580000002,436.7978580000002
5584,328.6183740000006,328.6183740000006
5585,380.9439480000004,380.9439480000004
5586,697.805346,697.805346
5587,1974.240953999997,1974.240953999997
5588,3199.712039999997,3199.712039999997
5589,4443.2716859999955,4443.2716859999955
5590,4659.448415999993,4659.448415999993
5591,4446.575111999994,4446.575111999994
5592,2010.9568079999967,2010.9568079999967
5593,103.72828199999988,103.72828199999988
5594,227.19198600000018,227.19198600000018
5595,312.1468560000005,312.1468560000005
5596,474.1239300000011,474.1239300000011
5597,544.9735200000013,544.9735200000013
5598,513.5197200000003,513.5197200000003
5599,367.4145300000003,367.4145300000003
5600,424.7400360000007,424.7400360000007
5601,362.1234960000007,362.1234960000007
5602,306.85636800000026,306.85636800000026
5603,353.6005620000004,353.6005620000004
5604,440.9083560000004,440.9083560000004
5605,532.9228800000004,532.9228800000004
5606,470.015658000001,470.015658000001
5607,454.43722800000114,454.43722800000114
5608,278.05276800000075,278.05276800000075
5609,288.3438180000005,288.3438180000005
5610,551.7766800000005,551.7766800000005
5611,1437.1628039999985,1437.1628039999985
5612,2344.8747419999963,2344.8747419999963
5613,3854.2262219999952,3854.2262219999952
5614,5573.974979999999,5573.974979999999
5615,5362.4543699999995,5362.4543699999995
5616,2490.7138619999955,2490.7138619999955
5617,132.83256000000014,132.83256000000014
5618,262.4754720000004,262.4754720000004
5619,390.6446880000002,390.6446880000002
5620,281.28655800000024,281.28655800000024
5621,461.78248200000036,461.78248200000036
5622,399.75398400000023,399.75398400000023
5623,391.22865600000034,391.22865600000034
5624,351.2473020000005,351.2473020000005
5625,329.7897120000004,329.7897120000004
5626,300.39273600000035,300.39273600000035
5627,390.6416220000003,390.6416220000003
5628,435.3228600000006,435.3228600000006
5629,474.127038000001,474.127038000001
5630,451.78908600000096,451.78908600000096
5631,470.3082300000005,470.3082300000005
5632,617.5848420000008,617.5848420000008
5633,613.7628000000004,613.7628000000004
5634,688.0243020000001,688.0243020000001
5635,1663.7029079999968,1663.7029079999968
5636,2418.1068239999945,2418.1068239999945
5637,4478.874455999991,4478.874455999991
5638,4776.875711999993,4776.875711999993
5639,4839.559997999996,4839.559997999996
5640,2618.6839139999965,2618.6839139999965
5641,136.06500600000007,136.06500600000007
5642,309.5098440000003,309.5098440000003
5643,339.20002200000016,339.20002200000016
5644,383.00156999999996,383.00156999999996
5645,390.34980600000034,390.34980600000034
5646,501.7589220000012,501.7589220000012
5647,481.18064400000105,481.18064400000105
5648,367.70848800000056,367.70848800000056
5649,441.20319600000045,441.20319600000045
5650,429.4487820000004,429.4487820000004
5651,286.87071000000014,286.87071000000014
5652,275.1123900000002,275.1123900000002
5653,312.74283600000024,312.74283600000024
5654,405.92899200000045,405.92899200000045
5655,447.66989399999994,447.66989399999994
5656,457.0774740000002,457.0774740000002
5657,560.2641240000006,560.2641240000006
5658,681.8388779999999,681.8388779999999
5659,1715.6417879999951,1715.6417879999951
5660,2697.9417779999935,2697.9417779999935
5661,4498.118015999993,4498.118015999993
5662,5221.433783999994,5221.433783999994
5663,4758.386177999996,4758.386177999996
5664,2234.584715999995,2234.584715999995
5665,81.38608800000004,81.38608800000004
5666,347.43067800000057,347.43067800000057
5667,420.0403200000006,420.0403200000006
5668,411.2214120000008,411.2214120000008
5669,435.9146820000008,435.9146820000008
5670,329.79454200000026,329.79454200000026
5671,212.20659600000005,212.20659600000005
5672,260.71126200000003,260.71126200000003
5673,368.890830000001,368.890830000001
5674,479.12902800000063,479.12902800000063
5675,544.0922760000009,544.0922760000009
5676,580.5421860000005,580.5421860000005
5677,630.2234400000007,630.2234400000007
5678,650.8028940000004,650.8028940000004
5679,532.0423080000003,532.0423080000003
5680,353.3122320000001,353.3122320000001
5681,274.2334560000003,274.2334560000003
5682,426.995478000001,426.995478000001
5683,1137.1667159999977,1137.1667159999977
5684,2478.1484699999955,2478.1484699999955
5685,4362.417107999995,4362.417107999995
5686,5923.701083999999,5923.701083999999
5687,4829.478401999996,4829.478401999996
5688,2491.130753999996,2491.130753999996
5689,133.716786,133.716786
5690,273.94218600000005,273.94218600000005
5691,293.3395080000001,293.3395080000001
5692,271.8738960000001,271.8738960000001
5693,280.4013660000004,280.4013660000004
5694,399.1629180000007,399.1629180000007
5695,497.6433420000008,497.6433420000008
5696,479.42176800000044,479.42176800000044
5697,512.3481300000003,512.3481300000003
5698,357.12940200000037,357.12940200000037
5699,412.68847200000033,412.68847200000033
5700,412.69271400000076,412.69271400000076
5701,538.2162240000006,538.2162240000006
5702,404.45626200000083,404.45626200000083
5703,389.7590760000005,389.7590760000005
5704,495.59437200000013,495.59437200000013
5705,659.3411159999995,659.3411159999995
5706,882.3423419999984,882.3423419999984
5707,1667.0813879999955,1667.0813879999955
5708,2787.2688899999944,2787.2688899999944
5709,4587.035921999995,4587.035921999995
5710,5116.062965999993,5116.062965999993
5711,4446.5106839999935,4446.5106839999935
5712,1866.0494159999955,1866.0494159999955
5713,94.90949999999994,94.90949999999994
5714,155.76010799999992,155.76010799999992
5715,305.9816340000002,305.9816340000002
5716,417.9827400000006,417.9827400000006
5717,412.3931700000007,412.3931700000007
5718,352.42666200000076,352.42666200000076
5719,436.2084300000004,436.2084300000004
5720,339.78613200000035,339.78613200000035
5721,343.9006200000005,343.9006200000005
5722,584.9561760000006,584.9561760000006
5723,524.3994420000004,524.3994420000004
5724,463.2481560000002,463.2481560000002
5725,417.3843240000002,417.3843240000002
5726,440.3180880000005,440.3180880000005
5727,312.73720800000035,312.73720800000035
5728,405.0512340000003,405.0512340000003
5729,611.1275940000007,611.1275940000007
5730,783.0560639999994,783.0560639999994
5731,1460.724593999997,1460.724593999997
5732,2742.244511999996,2742.244511999996
5733,4648.0887179999945,4648.0887179999945
5734,5539.7919779999975,5539.7919779999975
5735,4419.840767999996,4419.840767999996
5736,2166.322409999997,2166.322409999997
5737,129.30325800000014,129.30325800000014
5738,355.66234200000054,355.66234200000054
5739,452.0890920000002,452.0890920000002
5740,402.4043520000006,402.4043520000006
5741,500.5911540000009,500.5911540000009
5742,421.21837800000026,421.21837800000026
5743,455.61129600000044,455.61129600000044
5744,590.834538000001,590.834538000001
5745,435.325170000001,435.325170000001
5746,453.5504399999999,453.5504399999999
5747,478.53607200000033,478.53607200000033
5748,533.2158300000002,533.2158300000002
5749,385.34806800000047,385.34806800000047
5750,472.07223000000005,472.07223000000005
5751,468.84062400000033,468.84062400000033
5752,501.76618800000034,501.76618800000034
5753,401.8163100000006,401.8163100000006
5754,452.1953520000005,452.1953520000005
5755,1278.135347999997,1278.135347999997
5756,2807.0043119999946,2807.0043119999946
5757,4685.811563999994,4685.811563999994
5758,5921.556228000008,5921.556228000008
5759,4452.5863619999955,4452.5863619999955
5760,1712.713673999996,1712.713673999996
5761,101.96516399999992,101.96516399999992
5762,333.02425800000043,333.02425800000043
5763,571.4344860000014,571.4344860000014
5764,617.5903020000001,617.5903020000001
5765,437.9758320000002,437.9758320000002
5766,402.110982000001,402.110982000001
5767,511.46692800000056,511.46692800000056
5768,527.6342400000003,527.6342400000003
5769,435.62026200000014,435.62026200000014
5770,406.2199680000005,406.2199680000005
5771,425.0380260000007,425.0380260000007
5772,466.4861040000007,466.4861040000007
5773,385.638204,385.638204
5774,290.3957700000003,290.3957700000003
5775,294.51336600000013,294.51336600000013
5776,360.3631920000006,360.3631920000006
5777,373.3007040000003,373.3007040000003
5778,420.90921600000036,420.90921600000036
5779,1546.7477759999986,1546.7477759999986
5780,3074.475095999995,3074.475095999995
5781,4264.801589999995,4264.801589999995
5782,5564.527626000002,5564.527626000002
5783,4664.967971999999,4664.967971999999
5784,2298.9549659999957,2298.9549659999957
5785,163.69516800000014,163.69516800000014
5786,437.38262400000065,437.38262400000065
5787,564.6741240000005,564.6741240000005
5788,482.0718420000003,482.0718420000003
5789,453.5556060000004,453.5556060000004
5790,532.3379880000003,532.3379880000003
5791,494.70443400000016,494.70443400000016
5792,467.07271800000035,467.07271800000035
5793,421.21611000000047,421.21611000000047
5794,413.2767660000006,413.2767660000006
5795,273.933576,273.933576
5796,289.51868400000035,289.51868400000035
5797,252.47716200000002,252.47716200000002
5798,303.03831600000024,303.03831600000024
5799,378.88300800000053,378.88300800000053
5800,319.50294600000046,319.50294600000046
5801,524.6989860000004,524.6989860000004
5802,894.0005339999992,894.0005339999992
5803,1177.1111939999973,1177.1111939999973
5804,2674.464617999994,2674.464617999994
5805,4621.595873999993,4621.595873999993
5806,5895.860166000002,5895.860166000002
5807,4942.375703999997,4942.375703999997
5808,2218.507073999996,2218.507073999996
5809,85.50435599999996,85.50435599999996
5810,266.2976820000004,266.2976820000004
5811,317.15590200000037,317.15590200000037
5812,205.15042800000023,205.15042800000023
5813,342.7279380000002,342.7279380000002
5814,494.4176580000005,494.4176580000005
5815,492.9474060000003,492.9474060000003
5816,500.88469200000037,500.88469200000037
5817,358.6012920000005,358.6012920000005
5818,318.03303000000017,318.03303000000017
5819,351.5480220000002,351.5480220000002
5820,448.85122800000005,448.85122800000005
5821,529.3973160000007,529.3973160000007
5822,557.3258460000005,557.3258460000005
5823,475.8900720000003,475.8900720000003
5824,454.7287080000007,454.7287080000007
5825,574.0894740000002,574.0894740000002
5826,653.4035760000004,653.4035760000004
5827,1629.6620759999978,1629.6620759999978
5828,2728.2089939999955,2728.2089939999955
5829,4722.714989999995,4722.714989999995
5830,5757.078390000001,5757.078390000001
5831,4704.907829999998,4704.907829999998
5832,2162.864297999998,2162.864297999998
5833,88.14771,88.14771
5834,166.63445400000018,166.63445400000018
5835,359.48610600000063,359.48610600000063
5836,390.943224000001,390.943224000001
5837,608.1859560000012,608.1859560000012
5838,502.05619800000073,502.05619800000073
5839,508.22503200000074,508.22503200000074
5840,470.0116680000003,470.0116680000003
5841,343.01631000000043,343.01631000000043
5842,380.3497320000004,380.3497320000004
5843,548.8000140000004,548.8000140000004
5844,684.320406000001,684.320406000001
5845,513.5263140000008,513.5263140000008
5846,456.7909080000006,456.7909080000006
5847,475.6062360000007,475.6062360000007
5848,385.35630000000083,385.35630000000083
5849,368.00832600000075,368.00832600000075
5850,597.8813400000003,597.8813400000003
5851,1156.6977659999982,1156.6977659999982
5852,1650.5339339999955,1650.5339339999955
5853,3728.0945939999956,3728.0945939999956
5854,5516.392769999998,5516.392769999998
5855,4575.140555999991,4575.140555999991
5856,3001.700561999993,3001.700561999993
5857,86.08987799999989,86.08987799999989
5858,223.66764000000012,223.66764000000012
5859,312.7396440000004,312.7396440000004
5860,304.50600600000007,304.50600600000007
5861,377.41401600000034,377.41401600000034
5862,446.7926400000006,446.7926400000006
5863,477.364734,477.364734
5864,594.3682920000011,594.3682920000011
5865,573.7898880000002,573.7898880000002
5866,408.2808240000005,408.2808240000005
5867,304.80395400000026,304.80395400000026
5868,445.31877600000075,445.31877600000075
5869,475.01269200000047,475.01269200000047
5870,612.5930160000008,612.5930160000008
5871,455.90328000000045,455.90328000000045
5872,280.40170200000034,280.40170200000034
5873,385.3446660000005,385.3446660000005
5874,441.56044800000046,441.56044800000046
5875,1080.979451999997,1080.979451999997
5876,2568.1815179999976,2568.1815179999976
5877,4579.039835999997,4579.039835999997
5878,5434.955820000003,5434.955820000003
5879,4595.008403999994,4595.008403999994
5880,1981.029497999995,1981.029497999995
5881,130.18656000000013,130.18656000000013
5882,209.2608840000002,209.2608840000002
5883,320.3824260000004,320.3824260000004
5884,516.75645,516.75645
5885,463.5477000000005,463.5477000000005
5886,436.5020520000005,436.5020520000005
5887,402.1058580000008,402.1058580000008
5888,401.5170180000005,401.5170180000005
5889,295.0970400000005,295.0970400000005
5890,316.5577800000001,316.5577800000001
5891,352.12900800000017,352.12900800000017
5892,394.1678580000006,394.1678580000006
5893,555.8563500000008,555.8563500000008
5894,519.3989640000008,519.3989640000008
5895,390.34359000000046,390.34359000000046
5896,370.35402600000043,370.35402600000043
5897,338.31571200000013,338.31571200000013
5898,297.632412,297.632412
5899,898.8272579999987,898.8272579999987
5900,2124.6337559999965,2124.6337559999965
5901,4972.863797999995,4972.863797999995
5902,5804.916138,5804.916138
5903,4731.707525999996,4731.707525999996
5904,2303.528807999995,2303.528807999995
5905,153.9965280000001,153.9965280000001
5906,211.6153619999999,211.6153619999999
5907,325.96704,325.96704
5908,417.98143799999997,417.98143799999997
5909,414.7486980000006,414.7486980000006
5910,425.91939600000046,425.91939600000046
5911,348.3157020000004,348.3157020000004
5912,397.69724400000064,397.69724400000064
5913,380.05518600000073,380.05518600000073
5914,300.6835860000007,300.6835860000007
5915,304.7985780000001,304.7985780000001
5916,370.6476060000004,370.6476060000004
5917,368.8866720000008,368.8866720000008
5918,479.7178680000002,479.7178680000002
5919,557.9101500000011,557.9101500000011
5920,452.96218800000105,452.96218800000105
5921,516.4628280000003,516.4628280000003
5922,514.0129680000005,514.0129680000005
5923,1115.6885039999972,1115.6885039999972
5924,2013.046097999995,2013.046097999995
5925,4713.600779999998,4713.600779999998
5926,5377.793735999997,5377.793735999997
5927,4560.526529999992,4560.526529999992
5928,2221.2497999999946,2221.2497999999946
5929,163.10968800000003,163.10968800000003
5930,333.90365400000024,333.90365400000024
5931,415.62927000000025,415.62927000000025
5932,491.4710220000004,491.4710220000004
5933,529.9771680000006,529.9771680000006
5934,480.88349400000095,480.88349400000095
5935,524.9850900000006,524.9850900000006
5936,468.83310600000044,468.83310600000044
5937,465.3067020000006,465.3067020000006
5938,467.66185200000047,467.66185200000047
5939,441.79350600000066,441.79350600000066
5940,427.9789080000005,427.9789080000005
5941,429.44907600000073,429.44907600000073
5942,292.7542380000001,292.7542380000001
5943,220.43532000000025,220.43532000000025
5944,137.53626599999984,137.53626599999984
5945,226.31620200000023,226.31620200000023
5946,344.7664080000003,344.7664080000003
5947,1058.0824379999979,1058.0824379999979
5948,2326.628303999996,2326.628303999996
5949,4007.707661999997,4007.707661999997
5950,5800.974144000002,5800.974144000002
5951,4999.325142,4999.325142
5952,2376.8162039999966,2376.8162039999966
5953,126.9513839999999,126.9513839999999
5954,276.8737020000001,276.8737020000001
5955,369.1797900000001,369.1797900000001
5956,373.5916380000005,373.5916380000005
5957,397.10811000000064,397.10811000000064
5958,418.86642000000046,418.86642000000046
5959,320.38326600000033,320.38326600000033
5960,378.58816800000073,378.58816800000073
5961,413.5745460000006,413.5745460000006
5962,345.9590820000005,345.9590820000005
5963,451.48731600000093,451.48731600000093
5964,475.591410000001,475.591410000001
5965,397.3954740000006,397.3954740000006
5966,390.92818800000043,390.92818800000043
5967,492.937452000001,492.937452000001
5968,369.4706400000004,369.4706400000004
5969,354.1833959999998,354.1833959999998
5970,299.36550000000017,299.36550000000017
5971,971.7907499999982,971.7907499999982
5972,1698.0487859999953,1698.0487859999953
5973,4615.279367999993,4615.279367999993
5974,5843.51901,5843.51901
5975,4475.354309999992,4475.354309999992
5976,2924.6291339999957,2924.6291339999957
5977,211.32333600000015,211.32333600000015
5978,396.5222100000002,396.5222100000002
5979,543.2161560000001,543.2161560000001
5980,564.9729540000009,564.9729540000009
5981,399.7565880000009,399.7565880000009
5982,421.8021780000003,421.8021780000003
5983,451.4927340000002,451.4927340000002
5984,398.57832000000076,398.57832000000076
5985,466.4875320000005,466.4875320000005
5986,384.1777380000002,384.1777380000002
5987,330.9684000000003,330.9684000000003
5988,379.4715960000001,379.4715960000001
5989,380.35305000000074,380.35305000000074
5990,383.87857200000064,383.87857200000064
5991,403.8674640000006,403.8674640000006
5992,331.2634080000004,331.2634080000004
5993,468.2551440000004,468.2551440000004
5994,616.8152760000006,616.8152760000006
5995,1103.518961999998,1103.518961999998
5996,1936.8930419999963,1936.8930419999963
5997,4246.199999999995,4246.199999999995
5998,5760.196007999998,5760.196007999998
5999,4360.187999999992,4360.187999999992
6000,2706.969047999996,2706.969047999996
6001,166.9325700000001,166.9325700000001
6002,291.27932400000014,291.27932400000014
6003,305.97348600000055,305.97348600000055
6004,393.8698680000006,393.8698680000006
6005,336.5486880000006,336.5486880000006
6006,348.8967300000004,348.8967300000004
6007,472.65943200000055,472.65943200000055
6008,576.1377300000001,576.1377300000001
6009,543.8001660000008,543.8001660000008
6010,385.641312,385.641312
6011,208.08555600000008,208.08555600000008
6012,139.00349400000005,139.00349400000005
6013,265.7046840000001,265.7046840000001
6014,352.71658800000023,352.71658800000023
6015,514.988838000001,514.988838000001
6016,499.7002920000001,499.7002920000001
6017,498.82085400000017,498.82085400000017
6018,482.0925480000009,482.0925480000009
6019,1011.3851999999989,1011.3851999999989
6020,2293.0080599999956,2293.0080599999956
6021,4816.543451999998,4816.543451999998
6022,5867.411592000004,5867.411592000004
6023,4668.085001999997,4668.085001999997
6024,2224.1207099999942,2224.1207099999942
6025,150.17734199999995,150.17734199999995
6026,285.9858960000001,285.9858960000001
6027,301.85975400000035,301.85975400000035
6028,360.36046200000044,360.36046200000044
6029,387.9955380000007,387.9955380000007
6030,343.31535000000025,343.31535000000025
6031,389.1768300000003,389.1768300000003
6032,398.87320200000056,398.87320200000056
6033,407.68744800000013,407.68744800000013
6034,422.6808600000005,422.6808600000005
6035,409.7506560000004,409.7506560000004
6036,473.5423140000003,473.5423140000003
6037,537.3332160000011,537.3332160000011
6038,470.8951380000005,470.8951380000005
6039,567.0238560000004,567.0238560000004
6040,493.5321300000007,493.5321300000007
6041,604.3642500000004,604.3642500000004
6042,508.96587000000096,508.96587000000096
6043,1121.9614559999975,1121.9614559999975
6044,1769.1155159999958,1769.1155159999958
6045,4029.775553999994,4029.775553999994
6046,5478.5563139999995,5478.5563139999995
6047,4856.452019999995,4856.452019999995
6048,2605.4303099999934,2605.4303099999934
6049,188.98462800000001,188.98462800000001
6050,360.0759120000003,360.0759120000003
6051,380.94344400000045,380.94344400000045
6052,469.4300940000007,469.4300940000007
6053,391.8196800000005,391.8196800000005
6054,425.0382780000004,425.0382780000004
6055,440.61700200000035,440.61700200000035
6056,447.9693540000006,447.9693540000006
6057,459.7257000000009,459.7257000000009
6058,397.10932800000086,397.10932800000086
6059,380.64222000000046,380.64222000000046
6060,383.2869180000004,383.2869180000004
6061,375.35509200000064,375.35509200000064
6062,413.5672380000002,413.5672380000002
6063,366.2381520000005,366.2381520000005
6064,376.52752200000043,376.52752200000043
6065,387.10694400000034,387.10694400000034
6066,588.3807720000004,588.3807720000004
6067,982.9309139999986,982.9309139999986
6068,1867.8788099999963,1867.8788099999963
6069,3813.0154859999966,3813.0154859999966
6070,5772.340182000002,5772.340182000002
6071,5030.744837999999,5030.744837999999
6072,2543.0953799999966,2543.0953799999966
6073,167.813688,167.813688
6074,458.5512120000006,458.5512120000006
6075,413.2807560000005,413.2807560000005
6076,392.40616800000066,392.40616800000066
6077,362.1263520000004,362.1263520000004
6078,351.84021600000017,351.84021600000017
6079,332.1437700000004,332.1437700000004
6080,411.21834600000017,411.21834600000017
6081,497.0605080000009,497.0605080000009
6082,504.4085760000004,504.4085760000004
6083,482.0673480000001,482.0673480000001
6084,428.56031400000006,428.56031400000006
6085,433.559322,433.559322
6086,515.5818780000004,515.5818780000004
6087,520.5826920000006,520.5826920000006
6088,511.75958400000025,511.75958400000025
6089,383.88088200000067,383.88088200000067
6090,457.0096860000008,457.0096860000008
6091,1063.3218959999979,1063.3218959999979
6092,2004.5518499999946,2004.5518499999946
6093,4203.192671999995,4203.192671999995
6094,5666.713290000003,5666.713290000003
6095,4301.107733999994,4301.107733999994
6096,2639.280293999995,2639.280293999995
6097,96.08289599999993,96.08289599999993
6098,319.7930820000001,319.7930820000001
6099,351.5425200000007,351.5425200000007
6100,274.8176340000006,274.8176340000006
6101,276.29078400000003,276.29078400000003
6102,323.61877800000053,323.61877800000053
6103,328.90523400000103,328.90523400000103
6104,430.3216680000006,430.3216680000006
6105,498.52597200000037,498.52597200000037
6106,437.97062400000056,437.97062400000056
6107,441.796698,441.796698
6108,523.2196620000003,523.2196620000003
6109,474.41381400000046,474.41381400000046
6110,461.18881200000044,461.18881200000044
6111,358.8899580000002,358.8899580000002
6112,325.3807200000004,325.3807200000004
6113,312.1511400000003,312.1511400000003
6114,447.7052160000003,447.7052160000003
6115,1296.5588999999975,1296.5588999999975
6116,1711.772579999996,1711.772579999996
6117,4345.141247999995,4345.141247999995
6118,5783.670396000005,5783.670396000005
6119,4977.519455999999,4977.519455999999
6120,2373.150317999995,2373.150317999995
6121,179.86659600000016,179.86659600000016
6122,325.08760200000035,325.08760200000035
6123,345.95286600000065,345.95286600000065
6124,328.0222260000005,328.0222260000005
6125,370.06678800000077,370.06678800000077
6126,437.97369000000043,437.97369000000043
6127,555.2670060000003,555.2670060000003
6128,479.7158940000008,479.7158940000008
6129,401.5232760000004,401.5232760000004
6130,401.2236480000004,401.2236480000004
6131,370.65218400000003,370.65218400000003
6132,337.43165400000055,337.43165400000055
6133,306.8584679999999,306.8584679999999
6134,324.7921320000003,324.7921320000003
6135,420.9205980000007,420.9205980000007
6136,436.21015200000056,436.21015200000056
6137,438.56131200000004,438.56131200000004
6138,539.4551400000005,539.4551400000005
6139,1259.8448519999986,1259.8448519999986
6140,2360.1672779999963,2360.1672779999963
6141,4423.9812959999945,4423.9812959999945
6142,5806.068365999997,5806.068365999997
6143,4292.639903999994,4292.639903999994
6144,2060.764229999995,2060.764229999995
6145,111.07853399999982,111.07853399999982
6146,214.85133600000003,214.85133600000003
6147,528.8126760000006,528.8126760000006
6148,453.84990000000107,453.84990000000107
6149,400.63821000000036,400.63821000000036
6150,405.9317220000003,405.9317220000003
6151,591.7196040000003,591.7196040000003
6152,728.123508,728.123508
6153,545.5665180000008,545.5665180000008
6154,491.76611400000144,491.76611400000144
6155,533.5114680000003,533.5114680000003
6156,475.6015320000003,475.6015320000003
6157,519.9942300000004,519.9942300000004
6158,353.31093000000055,353.31093000000055
6159,349.77931800000033,349.77931800000033
6160,273.64041600000036,273.64041600000036
6161,320.9696700000006,320.9696700000006
6162,327.7086540000006,327.7086540000006
6163,803.9755499999983,803.9755499999983
6164,2472.2278139999958,2472.2278139999958
6165,4523.5590959999945,4523.5590959999945
6166,5759.657358000003,5759.657358000003
6167,4485.471773999996,4485.471773999996
6168,2290.8012959999955,2290.8012959999955
6169,94.61650799999997,94.61650799999997
6170,182.8042859999999,182.8042859999999
6171,236.3053980000001,236.3053980000001
6172,382.1165880000004,382.1165880000004
6173,353.3042940000003,353.3042940000003
6174,521.7485700000007,521.7485700000007
6175,610.8245220000009,610.8245220000009
6176,553.7959980000002,553.7959980000002
6177,397.40341200000057,397.40341200000057
6178,379.1770500000001,379.1770500000001
6179,480.3041459999999,480.3041459999999
6180,542.0356620000008,542.0356620000008
6181,499.41175200000134,499.41175200000134
6182,467.66189400000036,467.66189400000036
6183,533.5143660000006,533.5143660000006
6184,411.806682000001,411.806682000001
6185,333.6091500000007,333.6091500000007
6186,433.5133740000006,433.5133740000006
6187,1340.712785999997,1340.712785999997
6188,2196.764009999995,2196.764009999995
6189,4087.861385999993,4087.861385999993
6190,5852.600082000003,5852.600082000003
6191,4454.519285999997,4454.519285999997
6192,1757.9945039999961,1757.9945039999961
6193,123.1328279999998,123.1328279999998
6194,289.5194400000003,289.5194400000003
6195,359.19093000000044,359.19093000000044
6196,403.87237800000037,403.87237800000037
6197,336.55083000000036,336.55083000000036
6198,328.61169600000056,328.61169600000056
6199,366.83140200000037,366.83140200000037
6200,304.21801200000016,304.21801200000016
6201,332.14003200000025,332.14003200000025
6202,416.5075320000001,416.5075320000001
6203,518.5137720000007,518.5137720000007
6204,514.9921140000007,514.9921140000007
6205,567.6168960000003,567.6168960000003
6206,524.6944500000006,524.6944500000006
6207,462.66250800000097,462.66250800000097
6208,436.49877600000025,436.49877600000025
6209,419.74409400000064,419.74409400000064
6210,657.3126419999996,657.3126419999996
6211,1364.4747899999975,1364.4747899999975
6212,2299.1498459999953,2299.1498459999953
6213,4261.569437999994,4261.569437999994
6214,5252.140277999994,5252.140277999994
6215,4724.316743999996,4724.316743999996
6216,2223.474119999996,2223.474119999996
6217,123.4249379999999,123.4249379999999
6218,220.13938800000003,220.13938800000003
6219,343.90003200000035,343.90003200000035
6220,360.6522360000003,360.6522360000003
6221,496.47150000000096,496.47150000000096
6222,577.6100400000007,577.6100400000007
6223,416.80695000000117,416.80695000000117
6224,385.9382520000012,385.9382520000012
6225,355.36771200000067,355.36771200000067
6226,383.29897200000056,383.29897200000056
6227,408.8722260000004,408.8722260000004
6228,473.83950600000026,473.83950600000026
6229,482.07037200000036,482.07037200000036
6230,441.79149000000046,441.79149000000046
6231,352.4202780000006,352.4202780000006
6232,460.01495400000084,460.01495400000084
6233,514.9888800000003,514.9888800000003
6234,540.1247460000004,540.1247460000004
6235,1130.3678819999973,1130.3678819999973
6236,2505.8968619999964,2505.8968619999964
6237,3788.955449999995,3788.955449999995
6238,5539.205784,5539.205784
6239,4903.132919999994,4903.132919999994
6240,2793.7236179999945,2793.7236179999945
6241,143.70766200000006,143.70766200000006
6242,345.3740640000002,345.3740640000002
6243,325.6773660000005,325.6773660000005
6244,259.5342120000001,259.5342120000001
6245,205.441656,205.441656
6246,338.31420000000037,338.31420000000037
6247,418.8646140000006,418.8646140000006
6248,476.48189400000035,476.48189400000035
6249,447.08672400000086,447.08672400000086
6250,324.50082000000083,324.50082000000083
6251,240.4263120000006,240.4263120000006
6252,426.5081940000007,426.5081940000007
6253,507.6418620000009,507.6418620000009
6254,592.3064280000007,592.3064280000007
6255,602.8954679999999,602.8954679999999
6256,820.4371139999992,820.4371139999992
6257,659.9281920000011,659.9281920000011
6258,585.3666840000005,585.3666840000005
6259,1183.7559719999974,1183.7559719999974
6260,1962.8621459999952,1962.8621459999952
6261,4750.1855099999975,4750.1855099999975
6262,5312.621369999994,5312.621369999994
6263,4695.259631999996,4695.259631999996
6264,2922.429005999995,2922.429005999995
6265,107.25775199999997,107.25775199999997
6266,209.55530399999998,209.55530399999998
6267,300.9799380000004,300.9799380000004
6268,284.2263900000005,284.2263900000005
6269,368.8893180000005,368.8893180000005
6270,399.1687980000006,399.1687980000006
6271,519.694560000001,519.694560000001
6272,360.35748000000046,360.35748000000046
6273,400.04580000000044,400.04580000000044
6274,465.60767400000077,465.60767400000077
6275,423.86437800000004,423.86437800000004
6276,323.32435800000036,323.32435800000036
6277,341.5475280000004,341.5475280000004
6278,452.0781720000003,452.0781720000003
6279,495.8801820000013,495.8801820000013
6280,610.2424860000011,610.2424860000011
6281,673.1515140000006,673.1515140000006
6282,563.3385239999999,563.3385239999999
6283,1318.6188119999981,1318.6188119999981
6284,2032.687691999996,2032.687691999996
6285,3650.488085999994,3650.488085999994
6286,5214.127631999996,5214.127631999996
6287,5013.222815999997,5013.222815999997
6288,2616.1725659999934,2616.1725659999934
6289,106.37083800000006,106.37083800000006
6290,251.8836600000002,251.8836600000002
6291,287.1581580000005,287.1581580000005
6292,369.17664000000013,369.17664000000013
6293,434.1471960000002,434.1471960000002
6294,445.02746400000046,445.02746400000046
6295,447.0806760000006,447.0806760000006
6296,426.79757400000034,426.79757400000034
6297,302.4500220000008,302.4500220000008
6298,311.5604940000006,311.5604940000006
6299,366.8242620000007,366.8242620000007
6300,512.0469480000004,512.0469480000004
6301,391.8128340000007,391.8128340000007
6302,340.66544400000026,340.66544400000026
6303,440.61813600000033,440.61813600000033
6304,378.88237800000053,378.88237800000053
6305,437.08770000000027,437.08770000000027
6306,553.4033820000001,553.4033820000001
6307,950.4404279999977,950.4404279999977
6308,1870.7771459999967,1870.7771459999967
6309,4054.008377999994,4054.008377999994
6310,5550.795851999998,5550.795851999998
6311,4839.322067999992,4839.322067999992
6312,2556.742019999996,2556.742019999996
6313,54.340607999999996,54.340607999999996
6314,196.032186,196.032186
6315,517.3463820000012,517.3463820000012
6316,566.1469380000009,566.1469380000009
6317,408.57591600000075,408.57591600000075
6318,373.88097600000054,373.88097600000054
6319,355.06674000000027,355.06674000000027
6320,377.41254600000013,377.41254600000013
6321,292.74726600000025,292.74726600000025
6322,337.4303520000004,337.4303520000004
6323,452.37259199999994,452.37259199999994
6324,358.00590000000045,358.00590000000045
6325,336.54343800000044,336.54343800000044
6326,542.0317140000013,542.0317140000013
6327,430.9125660000002,430.9125660000002
6328,376.2334800000002,376.2334800000002
6329,502.644996,502.644996
6330,555.6322380000004,555.6322380000004
6331,963.8115899999981,963.8115899999981
6332,1983.3611699999951,1983.3611699999951
6333,4700.455619999996,4700.455619999996
6334,5262.0535379999965,5262.0535379999965
6335,4469.136419999993,4469.136419999993
6336,2171.3691299999955,2171.3691299999955
6337,85.5006179999999,85.5006179999999
6338,280.69473600000026,280.69473600000026
6339,407.1034800000002,407.1034800000002
6340,466.1916420000002,466.1916420000002
6341,410.9275800000005,410.9275800000005
6342,310.09545000000077,310.09545000000077
6343,457.66942200000045,457.66942200000045
6344,471.48380999999995,471.48380999999995
6345,430.91668200000066,430.91668200000066
6346,443.8527660000005,443.8527660000005
6347,475.3070700000001,475.3070700000001
6348,462.08026200000046,462.08026200000046
6349,534.6932640000003,534.6932640000003
6350,606.4204440000011,606.4204440000011
6351,552.3285180000001,552.3285180000001
6352,536.1564600000003,536.1564600000003
6353,449.14161600000125,449.14161600000125
6354,407.7076500000005,407.7076500000005
6355,1047.9256619999983,1047.9256619999983
6356,2081.9252579999934,2081.9252579999934
6357,4160.182445999995,4160.182445999995
6358,5431.227815999999,5431.227815999999
6359,4565.609453999994,4565.609453999994
6360,2549.347709999996,2549.347709999996
6361,201.91819200000018,201.91819200000018
6362,285.6934500000003,285.6934500000003
6363,434.4422460000006,434.4422460000006
6364,484.7120460000005,484.7120460000005
6365,614.3540340000008,614.3540340000008
6366,524.6962980000004,524.6962980000004
6367,507.3469800000001,507.3469800000001
6368,410.3354640000002,410.3354640000002
6369,446.78810400000054,446.78810400000054
6370,386.52763800000014,386.52763800000014
6371,323.61503999999985,323.61503999999985
6372,461.19637199999994,461.19637199999994
6373,409.16064000000017,409.16064000000017
6374,380.6432700000003,380.6432700000003
6375,389.4612960000002,389.4612960000002
6376,372.1184460000005,372.1184460000005
6377,398.28037200000034,398.28037200000034
6378,417.2849520000006,417.2849520000006
6379,877.3966319999989,877.3966319999989
6380,1554.1131899999966,1554.1131899999966
6381,4330.201637999991,4330.201637999991
6382,5625.473909999998,5625.473909999998
6383,4744.229405999996,4744.229405999996
6384,2239.9362299999957,2239.9362299999957
6385,71.39038199999999,71.39038199999999
6386,263.6453400000003,263.6453400000003
6387,349.77784800000046,349.77784800000046
6388,548.5034520000005,548.5034520000005
6389,589.6570260000004,589.6570260000004
6390,394.755732000001,394.755732000001
6391,290.1009300000008,290.1009300000008
6392,439.437264,439.437264
6393,485.88645000000014,485.88645000000014
6394,457.9587600000003,457.9587600000003
6395,507.64287000000013,507.64287000000013
6396,447.6743880000003,447.6743880000003
6397,422.68863000000044,422.68863000000044
6398,356.5420320000007,356.5420320000007
6399,407.40000000000015,407.40000000000015
6400,363.6010980000005,363.6010980000005
6401,325.08390600000024,325.08390600000024
6402,461.25857400000035,461.25857400000035
6403,1078.1246279999984,1078.1246279999984
6404,2343.9562019999944,2343.9562019999944
6405,4496.011505999993,4496.011505999993
6406,5465.332403999997,5465.332403999997
6407,4271.884049999994,4271.884049999994
6408,2565.612629999995,2565.612629999995
6409,160.46667,160.46667
6410,369.7720740000005,369.7720740000005
6411,261.5903220000002,261.5903220000002
6412,304.5086520000006,304.5086520000006
6413,419.44925400000056,419.44925400000056
6414,415.9178100000007,415.9178100000007
6415,347.71606800000063,347.71606800000063
6416,491.46732600000087,491.46732600000087
6417,565.8425640000007,565.8425640000007
6418,462.36624000000035,462.36624000000035
6419,457.66219800000016,457.66219800000016
6420,520.2768480000011,520.2768480000011
6421,517.6333260000006,517.6333260000006
6422,472.3635420000005,472.3635420000005
6423,309.80082000000067,309.80082000000067
6424,192.800286,192.800286
6425,265.1182800000001,265.1182800000001
6426,661.8777060000004,661.8777060000004
6427,1127.2925999999964,1127.2925999999964
6428,1971.717467999995,1971.717467999995
6429,4718.648465999995,4718.648465999995
6430,5727.700902000001,5727.700902000001
6431,3696.4352039999935,3696.4352039999935
6432,2471.400539999994,2471.400539999994
6433,126.95146800000015,126.95146800000015
6434,376.8255120000007,376.8255120000007
6435,444.14693400000044,444.14693400000044
6436,419.45349600000054,419.45349600000054
6437,574.9655520000009,574.9655520000009
6438,573.2008380000008,573.2008380000008
6439,592.015116000001,592.015116000001
6440,552.036072000001,552.036072000001
6441,385.9389240000006,385.9389240000006
6442,306.86317200000025,306.86317200000025
6443,303.33584400000035,303.33584400000035
6444,372.1232760000004,372.1232760000004
6445,418.86205200000023,418.86205200000023
6446,522.9270060000001,522.9270060000001
6447,392.69685000000095,392.69685000000095
6448,388.87648800000056,388.87648800000056
6449,297.7443840000004,297.7443840000004
6450,454.2958140000006,454.2958140000006
6451,1343.7477899999963,1343.7477899999963
6452,2671.5165539999934,2671.5165539999934
6453,4416.460397999995,4416.460397999995
6454,4692.885959999994,4692.885959999994
6455,4433.226839999992,4433.226839999992
6456,2201.511647999996,2201.511647999996
6457,116.07846599999995,116.07846599999995
6458,320.38717200000036,320.38717200000036
6459,411.51306000000045,411.51306000000045
6460,518.5198620000002,518.5198620000002
6461,495.2963820000007,495.2963820000007
6462,477.36423000000053,477.36423000000053
6463,403.8706560000009,403.8706560000009
6464,430.9161360000003,430.9161360000003
6465,382.9985040000002,382.9985040000002
6466,452.6705400000001,452.6705400000001
6467,394.17273000000074,394.17273000000074
6468,389.76365400000054,389.76365400000054
6469,336.84407400000066,336.84407400000066
6470,425.9116680000008,425.9116680000008
6471,552.908790000001,552.908790000001
6472,529.1013000000007,529.1013000000007
6473,414.16099200000076,414.16099200000076
6474,463.2752040000003,463.2752040000003
6475,948.9626579999974,948.9626579999974
6476,1671.191003999998,1671.191003999998
6477,4618.465319999997,4618.465319999997
6478,5639.6615939999965,5639.6615939999965
6479,4411.595663999995,4411.595663999995
6480,2183.2368599999963,2183.2368599999963
6481,233.07803400000023,233.07803400000023
6482,320.0931720000005,320.0931720000005
6483,400.05592200000075,400.05592200000075
6484,334.19971200000043,334.19971200000043
6485,386.23313400000035,386.23313400000035
6486,420.9210180000008,420.9210180000008
6487,422.97578400000043,422.97578400000043
6488,461.7852960000007,461.7852960000007
6489,349.1952660000008,349.1952660000008
6490,332.73206400000043,332.73206400000043
6491,352.4251500000005,352.4251500000005
6492,494.1189540000005,494.1189540000005
6493,504.99208200000066,504.99208200000066
6494,384.7575480000004,384.7575480000004
6495,458.5429800000008,458.5429800000008
6496,629.3389199999998,629.3389199999998
6497,662.8548780000006,662.8548780000006
6498,507.1651200000005,507.1651200000005
6499,1228.8239039999978,1228.8239039999978
6500,2362.8882899999953,2362.8882899999953
6501,4231.998161999995,4231.998161999995
6502,5560.324475999998,5560.324475999998
6503,3665.742065999992,3665.742065999992
6504,2181.9131879999954,2181.9131879999954
6505,111.95792999999996,111.95792999999996
6506,231.60198600000004,231.60198600000004
6507,255.4135500000004,255.4135500000004
6508,384.4674540000005,384.4674540000005
6509,515.5814580000003,515.5814580000003
6510,527.9203020000007,527.9203020000007
6511,419.73716400000006,419.73716400000006
6512,489.1167119999999,489.1167119999999
6513,529.688880000001,529.688880000001
6514,427.9772280000004,427.9772280000004
6515,362.7162420000003,362.7162420000003
6516,374.4775020000007,374.4775020000007
6517,387.70481400000085,387.70481400000085
6518,423.86597400000045,423.86597400000045
6519,444.4379100000003,444.4379100000003
6520,328.3166460000002,328.3166460000002
6521,399.4574220000005,399.4574220000005
6522,402.2019540000008,402.2019540000008
6523,929.688941999999,929.688941999999
6524,1736.2146479999963,1736.2146479999963
6525,4197.649469999996,4197.649469999996
6526,6185.354616000008,6185.354616000008
6527,4993.152485999995,4993.152485999995
6528,2302.3470539999953,2302.3470539999953
6529,134.88803999999993,134.88803999999993
6530,271.5832560000007,271.5832560000007
6531,419.156850000001,419.156850000001
6532,431.79448200000104,431.79448200000104
6533,436.499532000001,436.499532000001
6534,427.3885140000003,427.3885140000003
6535,514.9953900000005,514.9953900000005
6536,561.1498200000008,561.1498200000008
6537,446.4983880000008,446.4983880000008
6538,363.0092340000007,363.0092340000007
6539,425.6293860000005,425.6293860000005
6540,408.28460400000046,408.28460400000046
6541,494.41904400000016,494.41904400000016
6542,452.6728500000007,452.6728500000007
6543,502.9387440000006,502.9387440000006
6544,470.0126760000004,470.0126760000004
6545,325.0877280000003,325.0877280000003
6546,381.7512300000004,381.7512300000004
6547,624.2722499999999,624.2722499999999
6548,2027.4123659999946,2027.4123659999946
6549,4454.766959999996,4454.766959999996
6550,5332.692203999998,5332.692203999998
6551,5114.155199999998,5114.155199999998
6552,2915.7467639999936,2915.7467639999936
6553,161.0545019999997,161.0545019999997
6554,325.97229000000016,325.97229000000016
6555,448.85097600000034,448.85097600000034
6556,475.59615600000046,475.59615600000046
6557,340.3706040000005,340.3706040000005
6558,277.16736600000047,277.16736600000047
6559,381.52732800000064,381.52732800000064
6560,462.9604979999999,462.9604979999999
6561,488.5410180000007,488.5410180000007
6562,424.1601000000008,424.1601000000008
6563,412.39548000000025,412.39548000000025
6564,509.40090599999985,509.40090599999985
6565,342.4273440000001,342.4273440000001
6566,284.5162740000002,284.5162740000002
6567,442.67739600000067,442.67739600000067
6568,324.2102220000003,324.2102220000003
6569,424.1651400000005,424.1651400000005
6570,534.3124079999999,534.3124079999999
6571,1716.1379759999977,1716.1379759999977
6572,2538.6179699999966,2538.6179699999966
6573,4817.298023999998,4817.298023999998
6574,5723.778395999999,5723.778395999999
6575,4666.607525999994,4666.607525999994
6576,2197.7602919999954,2197.7602919999954
6577,163.110444,163.110444
6578,254.82613800000019,254.82613800000019
6579,296.2767780000005,296.2767780000005
6580,471.77995200000083,471.77995200000083
6581,401.22734399999996,401.22734399999996
6582,422.39068200000054,422.39068200000054
6583,477.6573899999999,477.6573899999999
6584,507.3492060000005,507.3492060000005
6585,463.84388400000046,463.84388400000046
6586,444.1507140000012,444.1507140000012
6587,326.5618860000005,326.5618860000005
6588,409.16437800000057,409.16437800000057
6589,382.4088660000003,382.4088660000003
6590,470.01397799999995,470.01397799999995
6591,591.7240980000003,591.7240980000003
6592,642.0043560000001,642.0043560000001
6593,740.7839879999988,740.7839879999988
6594,1046.805101999999,1046.805101999999
6595,1616.0576879999958,1616.0576879999958
6596,2775.2317739999953,2775.2317739999953
6597,4788.460907999998,4788.460907999998
6598,5247.530861999993,5247.530861999993
6599,4730.786843999993,4730.786843999993
6600,1749.3060479999967,1749.3060479999967
6601,178.69105799999997,178.69105799999997
6602,360.36457800000085,360.36457800000085
6603,435.3245400000002,435.3245400000002
6604,437.97327000000115,437.97327000000115
6605,433.5644040000008,433.5644040000008
6606,428.275386000001,428.275386000001
6607,524.9904660000008,524.9904660000008
6608,517.9353480000008,517.9353480000008
6609,541.1607600000002,541.1607600000002
6610,413.5747560000006,413.5747560000006
6611,391.52303400000045,391.52303400000045
6612,398.5755900000006,398.5755900000006
6613,406.5122460000004,406.5122460000004
6614,424.1491380000002,424.1491380000002
6615,396.5221680000001,396.5221680000001
6616,566.4508080000003,566.4508080000003
6617,790.465703999999,790.465703999999
6618,797.0337479999997,797.0337479999997
6619,1446.7208699999967,1446.7208699999967
6620,2559.116195999995,2559.116195999995
6621,4634.618687999995,4634.618687999995
6622,5177.601702,5177.601702
6623,4483.622891999994,4483.622891999994
6624,1794.1953539999959,1794.1953539999959
6625,168.9890580000001,168.9890580000001
6626,460.608498,460.608498
6627,430.91655600000087,430.91655600000087
6628,410.63353800000056,410.63353800000056
6629,390.3504360000003,390.3504360000003
6630,313.3261320000006,313.3261320000006
6631,343.30888200000015,343.30888200000015
6632,409.7490600000004,409.7490600000004
6633,378.8820000000003,378.8820000000003
6634,387.40623600000043,387.40623600000043
6635,510.580728000001,510.580728000001
6636,577.9081560000004,577.9081560000004
6637,429.74635200000034,429.74635200000034
6638,343.90297200000015,343.90297200000015
6639,385.3558800000005,385.3558800000005
6640,506.77263000000096,506.77263000000096
6641,587.030178000001,587.030178000001
6642,731.8146359999997,731.8146359999997
6643,1593.072263999998,1593.072263999998
6644,2379.574217999996,2379.574217999996
6645,4471.860791999994,4471.860791999994
6646,5841.465000000001,5841.465000000001
6647,4413.282005999994,4413.282005999994
6648,2510.170193999994,2510.170193999994
6649,57.57519599999995,57.57519599999995
6650,260.11977600000046,260.11977600000046
6651,420.9190020000005,420.9190020000005
6652,361.83021000000036,361.83021000000036
6653,429.74068200000056,429.74068200000056
6654,421.2150600000009,421.2150600000009
6655,473.2507080000005,473.2507080000005
6656,538.8057780000008,538.8057780000008
6657,502.0585080000006,502.0585080000006
6658,427.68663000000055,427.68663000000055
6659,371.83259400000037,371.83259400000037
6660,374.18148600000063,374.18148600000063
6661,315.68056800000033,315.68056800000033
6662,371.2428720000002,371.2428720000002
6663,311.8654140000006,311.8654140000006
6664,525.2969820000006,525.2969820000006
6665,745.1934839999994,745.1934839999994
6666,972.4254959999992,972.4254959999992
6667,1950.4491299999968,1950.4491299999968
6668,3408.6013499999967,3408.6013499999967
6669,4619.833511999996,4619.833511999996
6670,5317.493075999997,5317.493075999997
6671,4412.342381999996,4412.342381999996
6672,2072.1569819999945,2072.1569819999945
6673,108.72540000000005,108.72540000000005
6674,367.41852000000046,367.41852000000046
6675,371.24022600000103,371.24022600000103
6676,359.18635200000034,359.18635200000034
6677,414.45188400000046,414.45188400000046
6678,468.25430400000073,468.25430400000073
6679,425.041092000001,425.041092000001
6680,406.5206460000006,406.5206460000006
6681,417.69105000000036,417.69105000000036
6682,481.47796199999993,481.47796199999993
6683,546.4424280000007,546.4424280000007
6684,500.882004000001,500.882004000001
6685,463.8429180000008,463.8429180000008
6686,408.5771340000007,408.5771340000007
6687,524.7019260000003,524.7019260000003
6688,656.9941980000002,656.9941980000002
6689,627.3075060000004,627.3075060000004
6690,734.3007000000001,734.3007000000001
6691,1715.6588819999974,1715.6588819999974
6692,2821.0472219999942,2821.0472219999942
6693,4309.085633999993,4309.085633999993
6694,5321.524277999997,5321.524277999997
6695,4486.572677999994,4486.572677999994
6696,1985.2511279999942,1985.2511279999942
6697,169.87156199999993,169.87156199999993
6698,295.3964160000005,295.3964160000005
6699,379.4707140000006,379.4707140000006
6700,369.4737060000005,369.4737060000005
6701,387.6923400000006,387.6923400000006
6702,402.6879360000005,402.6879360000005
6703,525.8708280000005,525.8708280000005
6704,360.36684600000063,360.36684600000063
6705,398.8775700000005,398.8775700000005
6706,421.5087240000006,421.5087240000006
6707,467.07045000000005,467.07045000000005
6708,414.74231399999996,414.74231399999996
6709,453.25644000000057,453.25644000000057
6710,437.68158000000057,437.68158000000057
6711,438.8593440000012,438.8593440000012
6712,432.98614799999996,432.98614799999996
6713,457.97690400000033,457.97690400000033
6714,687.0016440000002,687.0016440000002
6715,1483.499807999997,1483.499807999997
6716,2964.6524879999924,2964.6524879999924
6717,4583.869583999993,4583.869583999993
6718,4970.870897999993,4970.870897999993
6719,4355.78576999999,4355.78576999999
6720,2662.1903699999953,2662.1903699999953
6721,148.71032399999996,148.71032399999996
6722,412.3994700000002,412.3994700000002
6723,582.0132360000009,582.0132360000009
6724,423.2691540000005,423.2691540000005
6725,393.87507600000066,393.87507600000066
6726,494.1208020000002,494.1208020000002
6727,460.8998520000003,460.8998520000003
6728,455.60545800000034,455.60545800000034
6729,451.1929800000004,451.1929800000004
6730,454.43155800000045,454.43155800000045
6731,533.8073160000013,533.8073160000013
6732,557.0315520000006,557.0315520000006
6733,502.9413480000005,502.9413480000005
6734,373.8921060000002,373.8921060000002
6735,407.699586,407.699586
6736,397.99947600000047,397.99947600000047
6737,409.75964400000095,409.75964400000095
6738,523.8939300000001,523.8939300000001
6739,1589.8564919999958,1589.8564919999958
6740,2526.889259999994,2526.889259999994
6741,4247.762777999995,4247.762777999995
6742,5329.127033999995,5329.127033999995
6743,5086.055981999997,5086.055981999997
6744,1858.8778739999962,1858.8778739999962
6745,138.414822,138.414822
6746,316.56202200000024,316.56202200000024
6747,474.71529000000044,474.71529000000044
6748,464.13452400000085,464.13452400000085
6749,420.6317220000005,420.6317220000005
6750,390.9409560000005,390.9409560000005
6751,228.36911999999987,228.36911999999987
6752,332.435418,332.435418
6753,445.61365800000056,445.61365800000056
6754,427.09291800000085,427.09291800000085
6755,447.96473400000093,447.96473400000093
6756,318.6193920000006,318.6193920000006
6757,363.3060060000003,363.3060060000003
6758,455.024052000001,455.024052000001
6759,592.3139460000003,592.3139460000003
6760,642.8843399999997,642.8843399999997
6761,552.3414540000006,552.3414540000006
6762,702.4921680000001,702.4921680000001
6763,1454.2152239999982,1454.2152239999982
6764,2895.032279999994,2895.032279999994
6765,4588.7466659999955,4588.7466659999955
6766,5292.294293999997,5292.294293999997
6767,4707.245507999994,4707.245507999994
6768,2413.4146259999943,2413.4146259999943
6769,193.6812780000002,193.6812780000002
6770,329.495544,329.495544
6771,368.8886880000003,368.8886880000003
6772,429.7423620000007,429.7423620000007
6773,436.79571600000065,436.79571600000065
6774,368.00429400000047,368.00429400000047
6775,362.70788400000055,362.70788400000055
6776,454.1400780000006,454.1400780000006
6777,561.7378200000004,561.7378200000004
6778,435.3293280000007,435.3293280000007
6779,330.96697200000045,330.96697200000045
6780,339.1952340000004,339.1952340000004
6781,455.90328,455.90328
6782,493.8309180000005,493.8309180000005
6783,481.1916480000001,481.1916480000001
6784,519.1190760000009,519.1190760000009
6785,589.3821360000007,589.3821360000007
6786,626.6935080000001,626.6935080000001
6787,1332.4338719999964,1332.4338719999964
6788,2834.1279119999963,2834.1279119999963
6789,4742.168717999994,4742.168717999994
6790,5367.255515999997,5367.255515999997
6791,4649.654351999994,4649.654351999994
6792,2100.4281899999946,2100.4281899999946
6793,105.48976199999994,105.48976199999994
6794,304.5060480000004,304.5060480000004
6795,379.4687400000004,379.4687400000004
6796,399.16611000000097,399.16611000000097
6797,415.92280800000094,415.92280800000094
6798,417.98093400000073,417.98093400000073
6799,555.2666280000005,555.2666280000005
6800,509.9966760000004,509.9966760000004
6801,562.6212900000006,562.6212900000006
6802,422.9829240000006,422.9829240000006
6803,398.2857480000005,398.2857480000005
6804,413.8675800000006,413.8675800000006
6805,548.8036260000001,548.8036260000001
6806,488.83245600000043,488.83245600000043
6807,467.3763360000007,467.3763360000007
6808,534.9987720000007,534.9987720000007
6809,451.2150300000001,451.2150300000001
6810,611.4425520000002,611.4425520000002
6811,1176.1601459999986,1176.1601459999986
6812,2872.630445999996,2872.630445999996
6813,4130.952797999992,4130.952797999992
6814,5593.304135999997,5593.304135999997
6815,5173.381584,5173.381584
6816,2352.9384059999957,2352.9384059999957
6817,156.64563599999997,156.64563599999997
6818,319.2107520000004,319.2107520000004
6819,368.00542800000073,368.00542800000073
6820,395.04943800000046,395.04943800000046
6821,351.2513340000005,351.2513340000005
6822,459.4326660000008,459.4326660000008
6823,407.3989920000011,407.3989920000011
6824,290.98402200000055,290.98402200000055
6825,299.8019220000001,299.8019220000001
6826,372.12046200000003,372.12046200000003
6827,366.5352600000005,366.5352600000005
6828,349.7794020000005,349.7794020000005
6829,534.1004340000011,534.1004340000011
6830,436.50188400000064,436.50188400000064
6831,547.6283399999999,547.6283399999999
6832,651.1131479999999,651.1131479999999
6833,785.1688739999997,785.1688739999997
6834,868.3904039999978,868.3904039999978
6835,1329.568295999998,1329.568295999998
6836,2716.3287479999967,2716.3287479999967
6837,4466.240141999996,4466.240141999996
6838,5797.082046000004,5797.082046000004
6839,4693.504535999992,4693.504535999992
6840,1917.3315839999948,1917.3315839999948
6841,96.08772599999992,96.08772599999992
6842,238.0768740000001,238.0768740000001
6843,467.95875000000035,467.95875000000035
6844,374.18068800000026,374.18068800000026
6845,406.5187140000005,406.5187140000005
6846,502.9378620000003,502.9378620000003
6847,454.72652400000095,454.72652400000095
6848,492.3577260000005,492.3577260000005
6849,423.86290800000086,423.86290800000086
6850,355.9551240000002,355.9551240000002
6851,230.4300180000001,230.4300180000001
6852,412.3995540000008,412.3995540000008
6853,517.0575060000004,517.0575060000004
6854,494.1286980000011,494.1286980000011
6855,407.1122580000007,407.1122580000007
6856,523.2370920000001,523.2370920000001
6857,611.7239940000005,611.7239940000005
6858,771.9253919999998,771.9253919999998
6859,1615.6791419999963,1615.6791419999963
6860,3031.2701159999933,3031.2701159999933
6861,4824.142889999993,4824.142889999993
6862,5392.032029999998,5392.032029999998
6863,4769.001551999994,4769.001551999994
6864,2244.2657579999964,2244.2657579999964
6865,166.04821800000022,166.04821800000022
6866,357.1309980000005,357.1309980000005
6867,387.4088820000004,387.4088820000004
6868,360.06251400000025,360.06251400000025
6869,373.29360600000047,373.29360600000047
6870,359.7740160000003,359.7740160000003
6871,291.27961800000077,291.27961800000077
6872,237.18970800000028,237.18970800000028
6873,201.61768200000006,201.61768200000006
6874,221.01924599999998,221.01924599999998
6875,455.90118000000064,455.90118000000064
6876,336.54852000000045,336.54852000000045
6877,364.7711760000008,364.7711760000008
6878,390.9382680000009,390.9382680000009
6879,566.4434580000004,566.4434580000004
6880,669.0471479999998,669.0471479999998
6881,671.6924759999994,671.6924759999994
6882,771.3705719999997,771.3705719999997
6883,1867.1025659999966,1867.1025659999966
6884,3093.5806859999943,3093.5806859999943
6885,4356.775667999994,4356.775667999994
6886,5218.461569999994,5218.461569999994
6887,4735.280675999994,4735.280675999994
6888,1972.685903999995,1972.685903999995
6889,151.940334,151.940334
6890,359.7764520000004,359.7764520000004
6891,416.51219400000014,416.51219400000014
6892,438.5601360000002,438.5601360000002
6893,270.998154,270.998154
6894,370.06830000000025,370.06830000000025
6895,417.6871440000006,417.6871440000006
6896,520.5841200000002,520.5841200000002
6897,479.429706000001,479.429706000001
6898,344.2002480000002,344.2002480000002
6899,208.38115200000016,208.38115200000016
6900,372.70888200000053,372.70888200000053
6901,590.5499460000005,590.5499460000005
6902,656.6923440000007,656.6923440000007
6903,711.3713880000008,711.3713880000008
6904,664.049232,664.049232
6905,650.2363979999998,650.2363979999998
6906,707.373198,707.373198
6907,1575.944789999996,1575.944789999996
6908,2708.642285999995,2708.642285999995
6909,4806.465341999996,4806.465341999996
6910,5364.946314,5364.946314
6911,4457.340971999993,4457.340971999993
6912,2058.7940939999967,2058.7940939999967
6913,104.60839199999994,104.60839199999994
6914,267.4635600000004,267.4635600000004
6915,412.9810440000006,412.9810440000006
6916,444.43841400000025,444.43841400000025
6917,337.4358540000003,337.4358540000003
6918,365.9465460000002,365.9465460000002
6919,377.41031999999996,377.41031999999996
6920,455.89710600000075,455.89710600000075
6921,419.4511440000003,419.4511440000003
6922,347.13344400000034,347.13344400000034
6923,359.4799320000006,359.4799320000006
6924,494.11975200000035,494.11975200000035
6925,421.2123300000005,421.2123300000005
6926,427.09212000000076,427.09212000000076
6927,468.2534640000006,468.2534640000006
6928,444.7454340000004,444.7454340000004
6929,448.86319800000086,448.86319800000086
6930,581.2624020000002,581.2624020000002
6931,1423.7734559999983,1423.7734559999983
6932,2888.350331999996,2888.350331999996
6933,4775.723819999995,4775.723819999995
6934,5221.186865999995,5221.186865999995
6935,4487.037617999991,4487.037617999991
6936,2476.412693999996,2476.412693999996
6937,213.96992400000053,213.96992400000053
6938,355.3674600000006,355.3674600000006
6939,411.507684,411.507684
6940,433.5582300000003,433.5582300000003
6941,345.3733080000003,345.3733080000003
6942,328.6176600000004,328.6176600000004
6943,289.5170880000002,289.5170880000002
6944,283.9286520000005,283.9286520000005
6945,395.3445300000005,395.3445300000005
6946,407.69349600000044,407.69349600000044
6947,536.1659100000003,536.1659100000003
6948,621.4177619999998,621.4177619999998
6949,565.5593580000011,565.5593580000011
6950,523.8174900000007,523.8174900000007
6951,505.00732800000094,505.00732800000094
6952,599.3793120000004,599.3793120000004
6953,558.2229240000012,558.2229240000012
6954,644.5010880000002,644.5010880000002
6955,1494.2098499999959,1494.2098499999959
6956,3372.7725779999955,3372.7725779999955
6957,4848.394823999995,4848.394823999995
6958,5382.344015999997,5382.344015999997
6959,4424.777153999995,4424.777153999995
6960,1965.1183439999957,1965.1183439999957
6961,101.9657099999998,101.9657099999998
6962,266.29029000000025,266.29029000000025
6963,343.6006980000004,343.6006980000004
6964,453.24984600000073,453.24984600000073
6965,521.4526800000006,521.4526800000006
6966,446.4960360000003,446.4960360000003
6967,346.2515700000001,346.2515700000001
6968,278.9268720000001,278.9268720000001
6969,434.733936,434.733936
6970,429.1510440000001,429.1510440000001
6971,324.2081220000006,324.2081220000006
6972,376.2404100000005,376.2404100000005
6973,395.6419740000009,395.6419740000009
6974,338.31747600000034,338.31747600000034
6975,517.0569600000005,517.0569600000005
6976,679.9267020000002,679.9267020000002
6977,780.7631579999995,780.7631579999995
6978,867.7352459999987,867.7352459999987
6979,1603.5395879999955,1603.5395879999955
6980,2700.922013999995,2700.922013999995
6981,4976.736029999997,4976.736029999997
6982,5693.42571,5693.42571
6983,4059.018431999992,4059.018431999992
6984,1953.0285599999959,1953.0285599999959
6985,58.45610400000003,58.45610400000003
6986,246.00861599999993,246.00861599999993
6987,362.1283680000002,362.1283680000002
6988,433.8573960000007,433.8573960000007
6989,514.6978200000013,514.6978200000013
6990,456.4909860000006,456.4909860000006
6991,416.50841400000087,416.50841400000087
6992,405.9233640000002,405.9233640000002
6993,340.9583100000004,340.9583100000004
6994,438.8525820000005,438.8525820000005
6995,523.5176099999999,523.5176099999999
6996,551.7390900000012,551.7390900000012
6997,496.47381000000087,496.47381000000087
6998,471.7817160000006,471.7817160000006
6999,571.7427660000005,571.7427660000005
7000,753.7179719999999,753.7179719999999
7001,627.0136740000007,627.0136740000007
7002,698.9374980000005,698.9374980000005
7003,1855.4643239999948,1855.4643239999948
7004,2842.928969999993,2842.928969999993
7005,4174.224389999992,4174.224389999992
7006,5273.899889999993,5273.899889999993
7007,4792.152329999993,4792.152329999993
7008,2092.0684259999966,2092.0684259999966
7009,147.53029200000003,147.53029200000003
7010,381.5283360000005,381.5283360000005
7011,377.1203520000005,377.1203520000005
7012,455.31679200000036,455.31679200000036
7013,419.4515220000006,419.4515220000006
7014,392.99194199999994,392.99194199999994
7015,336.5499480000003,336.5499480000003
7016,416.21987400000006,416.21987400000006
7017,502.3496100000004,502.3496100000004
7018,379.1741940000008,379.1741940000008
7019,427.97538000000026,427.97538000000026
7020,506.1714000000008,506.1714000000008
7021,397.40576400000054,397.40576400000054
7022,399.1746780000005,399.1746780000005
7023,494.1300840000011,494.1300840000011
7024,502.9539480000007,502.9539480000007
7025,655.8216839999998,655.8216839999998
7026,662.6605440000004,662.6605440000004
7027,1330.7964179999976,1330.7964179999976
7028,2628.715277999994,2628.715277999994
7029,4982.520899999994,4982.520899999994
7030,5369.387603999999,5369.387603999999
7031,4235.734103999994,4235.734103999994
7032,2353.127657999994,2353.127657999994
7033,151.94058599999994,151.94058599999994
7034,273.05590199999983,273.05590199999983
7035,335.6678640000004,335.6678640000004
7036,419.15365800000086,419.15365800000086
7037,516.4665240000004,516.4665240000004
7038,398.5828560000005,398.5828560000005
7039,404.45832000000064,404.45832000000064
7040,407.6928240000003,407.6928240000003
7041,572.6094780000012,572.6094780000012
7042,609.0634620000005,609.0634620000005
7043,542.9164440000012,542.9164440000012
7044,556.4365380000007,556.4365380000007
7045,334.48934400000036,334.48934400000036
7046,270.4081800000002,270.4081800000002
7047,342.43738200000024,342.43738200000024
7048,620.8378679999998,620.8378679999998
7049,551.7553020000012,551.7553020000012
7050,493.9041660000009,493.9041660000009
7051,1100.4360779999984,1100.4360779999984
7052,2524.093235999995,2524.093235999995
7053,3994.7896379999943,3994.7896379999943
7054,5973.677220000001,5973.677220000001
7055,5416.330710000001,5416.330710000001
7056,1805.9915159999966,1805.9915159999966
7057,204.56352000000004,204.56352000000004
7058,302.45384400000034,302.45384400000034
7059,366.2443260000005,366.2443260000005
7060,424.44675000000024,424.44675000000024
7061,448.5565980000008,448.5565980000008
7062,460.61064000000056,460.61064000000056
7063,454.43529600000085,454.43529600000085
7064,503.5300620000003,503.5300620000003
7065,400.9317480000005,400.9317480000005
7066,543.8069280000005,543.8069280000005
7067,423.8595900000007,423.8595900000007
7068,397.99599000000063,397.99599000000063
7069,409.46060400000056,409.46060400000056
7070,533.8106340000006,533.8106340000006
7071,513.2332380000012,513.2332380000012
7072,541.4619420000008,541.4619420000008
7073,574.0953960000014,574.0953960000014
7074,602.7565320000003,602.7565320000003
7075,1679.329763999996,1679.329763999996
7076,2453.311601999996,2453.311601999996
7077,4279.254419999994,4279.254419999994
7078,5404.261085999998,5404.261085999998
7079,4566.912671999997,4566.912671999997
7080,2467.1096939999957,2467.1096939999957
7081,167.22556200000014,167.22556200000014
7082,304.21272000000016,304.21272000000016
7083,315.3815280000005,315.3815280000005
7084,404.74715400000076,404.74715400000076
7085,486.1785180000007,486.1785180000007
7086,418.8615900000003,418.8615900000003
7087,506.1706440000009,506.1706440000009
7088,412.6893540000003,412.6893540000003
7089,457.9593900000001,457.9593900000001
7090,415.3363200000002,415.3363200000002
7091,340.6690560000004,340.6690560000004
7092,450.6151860000005,450.6151860000005
7093,424.7467560000008,424.7467560000008
7094,449.1462360000007,449.1462360000007
7095,433.8595800000003,433.8595800000003
7096,418.5790560000002,418.5790560000002
7097,373.8968520000009,373.8968520000009
7098,790.6654979999995,790.6654979999995
7099,1809.2734799999962,1809.2734799999962
7100,3400.9344179999953,3400.9344179999953
7101,4491.614063999991,4491.614063999991
7102,5004.555779999997,5004.555779999997
7103,4730.236265999996,4730.236265999996
7104,2070.343799999997,2070.343799999997
7105,109.31403000000005,109.31403000000005
7106,342.1394760000004,342.1394760000004
7107,389.1732600000004,389.1732600000004
7108,325.0838220000001,325.0838220000001
7109,329.4951660000005,329.4951660000005
7110,353.6027880000004,353.6027880000004
7111,273.3516240000001,273.3516240000001
7112,300.39298800000034,300.39298800000034
7113,437.9703300000005,437.9703300000005
7114,317.43898200000024,317.43898200000024
7115,291.27693000000016,291.27693000000016
7116,343.60603200000077,343.60603200000077
7117,508.81803000000065,508.81803000000065
7118,587.3140560000002,587.3140560000002
7119,635.5300140000007,635.5300140000007
7120,836.3208420000004,836.3208420000004
7121,786.3467219999994,786.3467219999994
7122,798.3710279999997,798.3710279999997
7123,1581.7419239999958,1581.7419239999958
7124,3270.8395439999927,3270.8395439999927
7125,4194.173381999994,4194.173381999994
7126,5228.457821999998,5228.457821999998
7127,4196.722613999994,4196.722613999994
7128,1909.9955699999955,1909.9955699999955
7129,109.02065999999996,109.02065999999996
7130,259.8232560000001,259.8232560000001
7131,339.19964400000043,339.19964400000043
7132,470.0212440000011,470.0212440000011
7133,458.5537320000006,458.5537320000006
7134,382.1159160000005,382.1159160000005
7135,476.7786240000006,476.7786240000006
7136,384.17799000000065,384.17799000000065
7137,355.65990600000043,355.65990600000043
7138,374.4752340000004,374.4752340000004
7139,466.19332200000053,466.19332200000053
7140,587.894454000001,587.894454000001
7141,593.7727320000013,593.7727320000013
7142,474.1286760000005,474.1286760000005
7143,537.3423300000006,537.3423300000006
7144,550.869942000001,550.869942000001
7145,552.0453960000009,552.0453960000009
7146,676.2991199999998,676.2991199999998
7147,1199.1695519999973,1199.1695519999973
7148,2426.626943999995,2426.626943999995
7149,4101.431627999994,4101.431627999994
7150,5655.533730000001,5655.533730000001
7151,5363.419235999999,5363.419235999999
7152,2426.325551999996,2426.325551999996
7153,104.02194600000004,104.02194600000004
7154,290.6911560000002,290.6911560000002
7155,318.3270300000008,318.3270300000008
7156,443.56187400000056,443.56187400000056
7157,461.49364800000046,461.49364800000046
7158,475.60123800000076,475.60123800000076
7159,497.6413680000007,497.6413680000007
7160,463.54404600000026,463.54404600000026
7161,483.24162600000074,483.24162600000074
7162,426.79686000000015,426.79686000000015
7163,388.8768240000005,388.8768240000005
7164,375.06541800000065,375.06541800000065
7165,431.2141260000006,431.2141260000006
7166,501.76585200000017,501.76585200000017
7167,470.6089080000003,470.6089080000003
7168,619.0736580000003,619.0736580000003
7169,631.1296740000007,631.1296740000007
7170,785.5306199999998,785.5306199999998
7171,1230.6751799999959,1230.6751799999959
7172,3258.929183999996,3258.929183999996
7173,4542.462203999991,4542.462203999991
7174,5192.452271999997,5192.452271999997
7175,4233.892655999992,4233.892655999992
7176,2293.9632659999943,2293.9632659999943
7177,59.634497999999994,59.634497999999994
7178,136.9459560000001,136.9459560000001
7179,310.97556000000026,310.97556000000026
7180,361.82953800000047,361.82953800000047
7181,329.49092400000063,329.49092400000063
7182,347.71879800000056,347.71879800000056
7183,251.3006580000004,251.3006580000004
7184,375.35673000000094,375.35673000000094
7185,469.4266500000011,469.4266500000011
7186,530.5680240000008,530.5680240000008
7187,512.0460240000014,512.0460240000014
7188,511.46058600000003,511.46058600000003
7189,478.2469440000002,478.2469440000002
7190,582.3115620000005,582.3115620000005
7191,581.1431220000005,581.1431220000005
7192,605.8431120000007,605.8431120000007
7193,683.1609959999996,683.1609959999996
7194,582.9840660000004,582.9840660000004
7195,1216.9868339999969,1216.9868339999969
7196,2528.8930379999942,2528.8930379999942
7197,4906.428617999996,4906.428617999996
7198,5986.244796000006,5986.244796000006
7199,4908.128147999995,4908.128147999995
7200,1965.6498539999952,1965.6498539999952
7201,126.95075399999996,126.95075399999996
7202,262.7646840000007,262.7646840000007
7203,336.5491920000006,336.5491920000006
7204,351.8350080000006,351.8350080000006
7205,380.0547240000003,380.0547240000003
7206,336.54684000000043,336.54684000000043
7207,381.52695000000045,381.52695000000045
7208,503.2321560000002,503.2321560000002
7209,424.4469600000002,424.4469600000002
7210,298.92046800000014,298.92046800000014
7211,352.1296380000007,352.1296380000007
7212,336.25464600000043,336.25464600000043
7213,427.38444000000055,427.38444000000055
7214,456.78196199999996,456.78196199999996
7215,469.13785800000056,469.13785800000056
7216,634.361826,634.361826
7217,539.1151500000007,539.1151500000007
7218,563.4943440000006,563.4943440000006
7219,1396.9979519999981,1396.9979519999981
7220,2648.1168839999937,2648.1168839999937
7221,4958.376149999995,4958.376149999995
7222,5113.248503999996,5113.248503999996
7223,5065.512773999996,5065.512773999996
7224,2272.7770799999967,2272.7770799999967
7225,106.37550000000003,106.37550000000003
7226,373.5951660000005,373.5951660000005
7227,498.82471800000036,498.82471800000036
7228,482.6536680000012,482.6536680000012
7229,452.6704140000006,452.6704140000006
7230,319.2069720000009,319.2069720000009
7231,300.68547600000016,300.68547600000016
7232,397.6974540000005,397.6974540000005
7233,446.7891960000005,446.7891960000005
7234,454.13348400000075,454.13348400000075
7235,397.1053380000009,397.1053380000009
7236,435.6184560000006,435.6184560000006
7237,492.0630120000005,492.0630120000005
7238,491.1844560000011,491.1844560000011
7239,410.9319480000002,410.9319480000002
7240,547.0471020000002,547.0471020000002
7241,509.71414200000055,509.71414200000055
7242,578.0221020000002,578.0221020000002
7243,2020.080467999996,2020.080467999996
7244,3153.7609739999925,3153.7609739999925
7245,3932.778233999994,3932.778233999994
7246,4687.841423999994,4687.841423999994
7247,4500.165557999994,4500.165557999994
7248,2548.552943999994,2548.552943999994
7249,146.06117400000008,146.06117400000008
7250,300.09764400000034,300.09764400000034
7251,364.1803620000003,364.1803620000003
7252,457.36971000000034,457.36971000000034
7253,441.2015160000008,441.2015160000008
7254,457.37063400000045,457.37063400000045
7255,478.5355680000008,478.5355680000008
7256,509.6978040000004,509.6978040000004
7257,499.11531600000063,499.11531600000063
7258,451.197684,451.197684
7259,484.12484400000017,484.12484400000017
7260,466.4894220000005,466.4894220000005
7261,417.39696600000065,417.39696600000065
7262,464.43289200000055,464.43289200000055
7263,500.8907820000004,500.8907820000004
7264,695.5073999999997,695.5073999999997
7265,485.905266,485.905266
7266,369.5070960000005,369.5070960000005
7267,1321.8618839999986,1321.8618839999986
7268,2787.015545999995,2787.015545999995
7269,4178.260295999995,4178.260295999995
7270,5717.620985999998,5717.620985999998
7271,4433.525165999991,4433.525165999991
7272,2054.858273999996,2054.858273999996
7273,133.12710600000008,133.12710600000008
7274,386.82155400000033,386.82155400000033
7275,550.2675360000009,550.2675360000009
7276,473.2444080000002,473.2444080000002
7277,469.12635000000097,469.12635000000097
7278,415.9116780000011,415.9116780000011
7279,423.5615580000006,423.5615580000006
7280,324.5017020000003,324.5017020000003
7281,410.92989000000057,410.92989000000057
7282,450.31652400000013,450.31652400000013
7283,504.7039620000008,504.7039620000008
7284,558.7945440000001,558.7945440000001
7285,430.6200780000002,430.6200780000002
7286,493.53334800000005,493.53334800000005
7287,423.8645880000007,423.8645880000007
7288,298.6349940000005,298.6349940000005
7289,403.2938700000003,403.2938700000003
7290,708.5584799999999,708.5584799999999
7291,1103.7537839999984,1103.7537839999984
7292,2620.558835999995,2620.558835999995
7293,4623.065411999994,4623.065411999994
7294,5402.549711999996,5402.549711999996
7295,4986.148271999993,4986.148271999993
7296,2099.1707519999945,2099.1707519999945
7297,122.249652,122.249652
7298,364.77550200000064,364.77550200000064
7299,420.33394200000015,420.33394200000015
7300,578.783016000001,578.783016000001
7301,485.88699600000047,485.88699600000047
7302,460.3120620000003,460.3120620000003
7303,387.113076,387.113076
7304,361.83386400000086,361.83386400000086
7305,423.86282400000096,423.86282400000096
7306,458.8495380000008,458.8495380000008
7307,457.0822620000005,457.0822620000005
7308,579.079368000001,579.079368000001
7309,499.12128000000075,499.12128000000075
7310,542.3384819999999,542.3384819999999
7311,654.3450059999996,654.3450059999996
7312,516.1726920000001,516.1726920000001
7313,474.1340940000005,474.1340940000005
7314,405.94999200000063,405.94999200000063
7315,890.7646859999995,890.7646859999995
7316,2044.1678459999948,2044.1678459999948
7317,4344.362651999994,4344.362651999994
7318,5174.901815999996,5174.901815999996
7319,3905.5316579999953,3905.5316579999953
7320,2174.322947999997,2174.322947999997
7321,220.43674800000008,220.43674800000008
7322,327.7356180000006,327.7356180000006
7323,445.91202600000037,445.91202600000037
7324,505.29549000000065,505.29549000000065
7325,514.7065559999999,514.7065559999999
7326,480.6019260000005,480.6019260000005
7327,440.62082400000065,440.62082400000065
7328,394.4637480000004,394.4637480000004
7329,417.3886919999999,417.3886919999999
7330,374.4728400000005,374.4728400000005
7331,498.8271120000006,498.8271120000006
7332,382.9998060000008,382.9998060000008
7333,365.0628240000005,365.0628240000005
7334,427.3855320000004,427.3855320000004
7335,508.5228120000006,508.5228120000006
7336,565.2616199999998,565.2616199999998
7337,435.622446000001,435.622446000001
7338,480.2001120000005,480.2001120000005
7339,1003.2032639999976,1003.2032639999976
7340,2243.3082419999946,2243.3082419999946
7341,4429.773725999993,4429.773725999993
7342,5444.120891999997,5444.120891999997
7343,3595.214573999995,3595.214573999995
7344,1868.6590019999953,1868.6590019999953
7345,44.051742000000026,44.051742000000026
7346,184.5683700000003,184.5683700000003
7347,374.18358600000096,374.18358600000096
7348,454.1383560000012,454.1383560000012
7349,463.8356520000004,463.8356520000004
7350,492.05717400000094,492.05717400000094
7351,566.431866000001,566.431866000001
7352,397.69325400000065,397.69325400000065
7353,287.4592140000003,287.4592140000003
7354,291.87156600000054,291.87156600000054
7355,386.8257960000005,386.8257960000005
7356,441.50416800000113,441.50416800000113
7357,436.798908000001,436.798908000001
7358,381.8236800000004,381.8236800000004
7359,455.0190540000003,455.0190540000003
7360,519.6955680000004,519.6955680000004
7361,549.6784440000008,549.6784440000008
7362,651.5491499999998,651.5491499999998
7363,1210.5546599999982,1210.5546599999982
7364,2391.1279559999953,2391.1279559999953
7365,4276.777049999992,4276.777049999992
7366,5200.402745999994,5200.402745999994
7367,4208.8052159999925,4208.8052159999925
7368,1907.073377999997,1907.073377999997
7369,153.99623399999996,153.99623399999996
7370,362.7162420000003,362.7162420000003
7371,389.17447800000036,389.17447800000036
7372,439.4425560000006,439.4425560000006
7373,538.2172320000003,538.2172320000003
7374,506.7602820000003,506.7602820000003
7375,467.0706600000005,467.0706600000005
7376,429.444666000001,429.444666000001
7377,303.0417180000005,303.0417180000005
7378,347.43139200000024,347.43139200000024
7379,396.5220000000003,396.5220000000003
7380,432.3844560000009,432.3844560000009
7381,489.1230120000004,489.1230120000004
7382,557.9139300000008,557.9139300000008
7383,510.28555200000034,510.28555200000034
7384,380.0577900000007,380.0577900000007
7385,349.4837220000001,349.4837220000001
7386,258.6581760000004,258.6581760000004
7387,823.8414239999997,823.8414239999997
7388,1860.7375919999977,1860.7375919999977
7389,5264.380338000001,5264.380338000001
7390,5656.595826000003,5656.595826000003
7391,3649.091543999995,3649.091543999995
7392,1537.9818299999974,1537.9818299999974
7393,168.6967800000002,168.6967800000002
7394,393.87894000000034,393.87894000000034
7395,390.93478200000027,390.93478200000027
7396,460.89745800000054,460.89745800000054
7397,511.4636519999998,511.4636519999998
7398,447.375726,447.375726
7399,309.2095440000003,309.2095440000003
7400,352.7163360000005,352.7163360000005
7401,369.18054600000033,369.18054600000033
7402,282.16398000000044,282.16398000000044
7403,200.14587600000033,200.14587600000033
7404,312.44320800000077,312.44320800000077
7405,362.7181740000004,362.7181740000004
7406,327.14602200000024,327.14602200000024
7407,464.13481800000045,464.13481800000045
7408,510.29092800000046,510.29092800000046
7409,436.2108240000007,436.2108240000007
7410,495.61041600000055,495.61041600000055
7411,1011.3293399999978,1011.3293399999978
7412,1969.9730399999964,1969.9730399999964
7413,4192.517405999994,4192.517405999994
7414,5839.206408000002,5839.206408000002
7415,4333.7618099999945,4333.7618099999945
7416,1802.425673999996,1802.425673999996
7417,168.69762,168.69762
7418,338.31730800000054,338.31730800000054
7419,376.8243360000006,376.8243360000006
7420,329.49054600000005,329.49054600000005
7421,285.68899800000025,285.68899800000025
7422,392.40364800000043,392.40364800000043
7423,476.77362600000066,476.77362600000066
7424,463.2535320000008,463.2535320000008
7425,456.7847340000004,456.7847340000004
7426,559.6728900000006,559.6728900000006
7427,407.98497600000076,407.98497600000076
7428,384.46816800000045,384.46816800000045
7429,458.25582600000075,458.25582600000075
7430,356.83510800000016,356.83510800000016
7431,303.92107200000027,303.92107200000027
7432,412.10232000000036,412.10232000000036
7433,494.12252400000057,494.12252400000057
7434,699.6363779999996,699.6363779999996
7435,887.536439999998,887.536439999998
7436,2093.058911999994,2093.058911999994
7437,4602.862319999993,4602.862319999993
7438,5730.51003,5730.51003
7439,3932.0407979999927,3932.0407979999927
7440,1702.4205659999966,1702.4205659999966
7441,142.23762000000002,142.23762000000002
7442,382.99661400000065,382.99661400000065
7443,524.3991480000013,524.3991480000013
7444,602.3063760000001,602.3063760000001
7445,662.8647060000002,662.8647060000002
7446,507.3517260000005,507.3517260000005
7447,436.5004560000003,436.5004560000003
7448,444.7303980000003,444.7303980000003
7449,406.8112860000005,406.8112860000005
7450,415.92079200000063,415.92079200000063
7451,387.7026300000003,387.7026300000003
7452,368.88973800000036,368.88973800000036
7453,363.30726600000054,363.30726600000054
7454,334.7905260000007,334.7905260000007
7455,310.68101400000035,310.68101400000035
7456,247.77123000000006,247.77123000000006
7457,386.82436800000096,386.82436800000096
7458,519.1376820000006,519.1376820000006
7459,1182.4812299999974,1182.4812299999974
7460,2529.5823839999966,2529.5823839999966
7461,4815.416843999995,4815.416843999995
7462,5370.531683999995,5370.531683999995
7463,3561.1667279999947,3561.1667279999947
7464,1643.4899879999962,1643.4899879999962
7465,122.24889599999985,122.24889599999985
7466,184.86337800000004,184.86337800000004
7467,256.5888780000004,256.5888780000004
7468,298.03817400000037,298.03817400000037
7469,415.33069200000034,415.33069200000034
7470,475.886838000001,475.886838000001
7471,511.1661660000006,511.1661660000006
7472,523.2224340000005,523.2224340000005
7473,438.8529600000008,438.8529600000008
7474,395.34923400000037,395.34923400000037
7475,510.291306,510.291306
7476,425.91914400000064,425.91914400000064
7477,323.32074600000044,323.32074600000044
7478,338.0180580000002,338.0180580000002
7479,420.0319200000004,420.0319200000004
7480,377.9937000000005,377.9937000000005
7481,452.3729700000007,452.3729700000007
7482,427.23790200000076,427.23790200000076
7483,916.2824159999972,916.2824159999972
7484,1987.7035919999944,1987.7035919999944
7485,4556.401499999992,4556.401499999992
7486,5518.031231999999,5518.031231999999
7487,4210.155431999995,4210.155431999995
7488,1755.6821519999976,1755.6821519999976
7489,214.26203399999997,214.26203399999997
7490,338.0207040000003,338.0207040000003
7491,350.0731080000005,350.0731080000005
7492,400.05487200000044,400.05487200000044
7493,380.6431020000003,380.6431020000003
7494,441.7867860000006,441.7867860000006
7495,368.5964940000005,368.5964940000005
7496,400.0493280000004,400.0493280000004
7497,452.6686920000005,452.6686920000005
7498,552.6178560000005,552.6178560000005
7499,577.3134780000009,577.3134780000009
7500,474.42826200000064,474.42826200000064
7501,418.5715380000009,418.5715380000009
7502,366.8285460000004,366.8285460000004
7503,357.4239060000004,357.4239060000004
7504,454.7312280000005,454.7312280000005
7505,442.9710600000003,442.9710600000003
7506,407.0415720000002,407.0415720000002
7507,945.9756179999988,945.9756179999988
7508,2535.852311999995,2535.852311999995
7509,4704.1592639999935,4704.1592639999935
7510,5429.121095999999,5429.121095999999
7511,3487.135763999994,3487.135763999994
7512,1656.6332999999975,1656.6332999999975
7513,163.40490600000012,163.40490600000012
7514,312.14975400000026,312.14975400000026
7515,239.53545000000003,239.53545000000003
7516,172.513152,172.513152
7517,347.72022600000037,347.72022600000037
7518,432.0902040000006,432.0902040000006
7519,452.96798400000074,452.96798400000074
7520,460.61446200000063,460.61446200000063
7521,364.7789880000001,364.7789880000001
7522,401.8162680000008,401.8162680000008
7523,445.31940600000024,445.31940600000024
7524,553.2102240000006,553.2102240000006
7525,569.3791740000003,569.3791740000003
7526,432.09276600000095,432.09276600000095
7527,559.3863660000001,559.3863660000001
7528,515.2892640000006,515.2892640000006
7529,409.4576220000009,409.4576220000009
7530,363.8294940000004,363.8294940000004
7531,1067.0313779999979,1067.0313779999979
7532,2611.770587999995,2611.770587999995
7533,4419.519299999995,4419.519299999995
7534,5494.971341999999,5494.971341999999
7535,3867.698225999994,3867.698225999994
7536,2050.812455999995,2050.812455999995
7537,134.30054400000017,134.30054400000017
7538,309.51022200000057,309.51022200000057
7539,324.20530800000046,324.20530800000046
7540,468.2511119999999,468.2511119999999
7541,401.5148760000008,401.5148760000008
7542,450.01542600000073,450.01542600000073
7543,439.4369280000002,439.4369280000002
7544,480.59848200000044,480.59848200000044
7545,347.7273240000001,347.7273240000001
7546,404.461722000001,404.461722000001
7547,389.1732180000006,389.1732180000006
7548,432.97858800000074,432.97858800000074
7549,378.00306600000056,378.00306600000056
7550,488.53622999999993,488.53622999999993
7551,440.03114400000044,440.03114400000044
7552,479.1251640000002,479.1251640000002
7553,346.5446880000004,346.5446880000004
7554,523.1585520000004,523.1585520000004
7555,977.1093359999987,977.1093359999987
7556,2024.973719999995,2024.973719999995
7557,4416.625835999995,4416.625835999995
7558,5973.727956000006,5973.727956000006
7559,4442.713127999995,4442.713127999995
7560,1880.856473999995,1880.856473999995
7561,87.26423999999999,87.26423999999999
7562,225.42874200000017,225.42874200000017
7563,342.72243600000036,342.72243600000036
7564,404.4575220000006,404.4575220000006
7565,399.1652700000003,399.1652700000003
7566,566.1467700000011,566.1467700000011
7567,501.17764200000033,501.17764200000033
7568,430.0341780000006,430.0341780000006
7569,268.9387260000003,268.9387260000003
7570,240.71720400000007,240.71720400000007
7571,257.17700400000035,257.17700400000035
7572,363.29882400000054,363.29882400000054
7573,437.67334800000003,437.67334800000003
7574,623.7546000000003,623.7546000000003
7575,620.2349160000006,620.2349160000006
7576,439.1496480000004,439.1496480000004
7577,447.08827800000097,447.08827800000097
7578,576.3305100000005,576.3305100000005
7579,1361.0718659999966,1361.0718659999966
7580,2490.831461999994,2490.831461999994
7581,4484.923379999995,4484.923379999995
7582,5433.450749999997,5433.450749999997
7583,3473.832557999994,3473.832557999994
7584,1519.3512599999947,1519.3512599999947
7585,146.94384599999995,146.94384599999995
7586,421.80453000000045,421.80453000000045
7587,507.638880000001,507.638880000001
7588,585.2427000000004,585.2427000000004
7589,511.74946200000096,511.74946200000096
7590,470.8927440000005,470.8927440000005
7591,428.5651860000007,428.5651860000007
7592,382.11742800000053,382.11742800000053
7593,483.83084400000007,483.83084400000007
7594,418.8647820000007,418.8647820000007
7595,511.1744400000005,511.1744400000005
7596,402.4048140000005,402.4048140000005
7597,386.52877200000046,386.52877200000046
7598,400.05243600000057,400.05243600000057
7599,298.33692000000036,298.33692000000036
7600,365.65204200000034,365.65204200000034
7601,278.92851000000036,278.92851000000036
7602,325.2665640000004,325.2665640000004
7603,570.6125460000007,570.6125460000007
7604,1980.1571159999946,1980.1571159999946
7605,4646.403845999995,4646.403845999995
7606,5229.292361999996,5229.292361999996
7607,4002.0945299999926,4002.0945299999926
7608,1800.9984719999964,1800.9984719999964
7609,178.98644400000012,178.98644400000012
7610,328.3226940000004,328.3226940000004
7611,445.615254,445.615254
7612,502.05750000000035,502.05750000000035
7613,574.6703340000007,574.6703340000007
7614,622.8831000000009,622.8831000000009
7615,553.503762,553.503762
7616,485.59723800000035,485.59723800000035
7617,482.36445600000036,482.36445600000036
7618,434.73901800000067,434.73901800000067
7619,505.5820560000012,505.5820560000012
7620,384.1711860000002,384.1711860000002
7621,319.50130800000017,319.50130800000017
7622,248.65146600000014,248.65146600000014
7623,284.81283600000006,284.81283600000006
7624,401.2265880000002,401.2265880000002
7625,532.0444920000006,532.0444920000006
7626,697.9136640000005,697.9136640000005
7627,999.5850899999984,999.5850899999984
7628,2272.275473999995,2272.275473999995
7629,4690.476797999996,4690.476797999996
7630,5175.039407999999,5175.039407999999
7631,3730.576919999993,3730.576919999993
7632,1854.7584719999968,1854.7584719999968
7633,140.1823079999999,140.1823079999999
7634,276.5831880000002,276.5831880000002
7635,386.23456200000044,386.23456200000044
7636,605.5349580000005,605.5349580000005
7637,524.6964240000003,524.6964240000003
7638,374.4726300000005,374.4726300000005
7639,540.5675520000004,540.5675520000004
7640,479.42185200000085,479.42185200000085
7641,484.1229960000005,484.1229960000005
7642,325.08680400000026,325.08680400000026
7643,299.80347600000044,299.80347600000044
7644,311.55994800000076,311.55994800000076
7645,382.11348000000066,382.11348000000066
7646,302.4519120000005,302.4519120000005
7647,363.89480400000053,363.89480400000053
7648,378.0049560000006,378.0049560000006
7649,390.05425200000093,390.05425200000093
7650,377.2212360000009,377.2212360000009
7651,931.9803779999992,931.9803779999992
7652,2231.9502239999956,2231.9502239999956
7653,4657.066805999997,4657.066805999997
7654,5868.314634000002,5868.314634000002
7655,4103.764979999994,4103.764979999994
7656,1725.4211939999964,1725.4211939999964
7657,77.56475999999996,77.56475999999996
7658,267.17783400000025,267.17783400000025
7659,417.98215200000016,417.98215200000016
7660,476.7745920000006,476.7745920000006
7661,465.30980999999997,465.30980999999997
7662,461.19213000000025,461.19213000000025
7663,406.22324400000053,406.22324400000053
7664,476.1863400000002,476.1863400000002
7665,385.6440000000004,385.6440000000004
7666,325.96519200000057,325.96519200000057
7667,396.5253180000008,396.5253180000008
7668,391.8226200000006,391.8226200000006
7669,441.79203600000073,441.79203600000073
7670,630.8142540000008,630.8142540000008
7671,467.9500980000004,467.9500980000004
7672,494.1160139999999,494.1160139999999
7673,426.21461400000067,426.21461400000067
7674,356.5614780000005,356.5614780000005
7675,768.4440539999986,768.4440539999986
7676,1939.1606219999953,1939.1606219999953
7677,4349.765153999996,4349.765153999996
7678,5817.060564000003,5817.060564000003
7679,4490.957981999996,4490.957981999996
7680,1720.771079999996,1720.771079999996
7681,175.7535359999999,175.7535359999999
7682,390.937806000001,390.937806000001
7683,346.5451500000003,346.5451500000003
7684,205.44085800000013,205.44085800000013
7685,281.28227400000026,281.28227400000026
7686,402.10657200000026,402.10657200000026
7687,361.24783800000057,361.24783800000057
7688,502.94281800000016,502.94281800000016
7689,509.1135420000009,509.1135420000009
7690,569.3772840000008,569.3772840000008
7691,430.9160100000003,430.9160100000003
7692,315.3870720000003,315.3870720000003
7693,419.74665600000066,419.74665600000066
7694,420.6241200000004,420.6241200000004
7695,309.2116020000006,309.2116020000006
7696,329.78778000000005,329.78778000000005
7697,415.9212540000003,415.9212540000003
7698,589.7615639999998,589.7615639999998
7699,1131.730193999998,1131.730193999998
7700,2160.7697159999957,2160.7697159999957
7701,4393.944743999991,4393.944743999991
7702,5145.927737999996,5145.927737999996
7703,4007.713877999995,4007.713877999995
7704,1821.8329499999961,1821.8329499999961
7705,101.08135799999995,101.08135799999995
7706,325.08533400000056,325.08533400000056
7707,315.0904680000005,315.0904680000005
7708,361.53633600000023,361.53633600000023
7709,344.48576400000053,344.48576400000053
7710,322.4397960000005,322.4397960000005
7711,309.20853600000027,309.20853600000027
7712,392.9917740000009,392.9917740000009
7713,422.97750600000086,422.97750600000086
7714,500.2932900000007,500.2932900000007
7715,638.7563280000004,638.7563280000004
7716,577.6163400000004,577.6163400000004
7717,444.1472700000006,444.1472700000006
7718,390.34737000000075,390.34737000000075
7719,445.31801999999976,445.31801999999976
7720,513.52077,513.52077
7721,540.8602920000005,540.8602920000005
7722,516.8189460000007,516.8189460000007
7723,981.9892739999995,981.9892739999995
7724,2044.3335359999962,2044.3335359999962
7725,4238.723957999993,4238.723957999993
7726,5569.151825999997,5569.151825999997
7727,3988.8221519999943,3988.8221519999943
7728,2029.1663699999965,2029.1663699999965
7729,109.3134839999999,109.3134839999999
7730,237.18811200000027,237.18811200000027
7731,289.21783800000065,289.21783800000065
7732,332.1403260000006,332.1403260000006
7733,356.25227400000045,356.25227400000045
7734,415.9248240000009,415.9248240000009
7735,479.1228540000006,479.1228540000006
7736,506.17194600000045,506.17194600000045
7737,372.4177800000004,372.4177800000004
7738,398.87315999999976,398.87315999999976
7739,392.4046980000005,392.4046980000005
7740,323.91240000000033,323.91240000000033
7741,452.08485000000024,452.08485000000024
7742,523.5223560000001,523.5223560000001
7743,452.0832540000008,452.0832540000008
7744,337.1372340000004,337.1372340000004
7745,421.80478200000096,421.80478200000096
7746,493.9344480000007,493.9344480000007
7747,974.3357399999983,974.3357399999983
7748,1879.6803059999963,1879.6803059999963
7749,4428.920873999997,4428.920873999997
7750,6066.200700000006,6066.200700000006
7751,4434.901547999996,4434.901547999996
7752,1964.8444199999963,1964.8444199999963
7753,186.9252840000002,186.9252840000002
7754,335.6770619999999,335.6770619999999
7755,401.52445200000074,401.52445200000074
7756,449.14518600000054,449.14518600000054
7757,519.9917520000007,519.9917520000007
7758,418.5720420000006,418.5720420000006
7759,393.29052000000036,393.29052000000036
7760,286.8718440000007,286.8718440000007
7761,313.3306260000005,313.3306260000005
7762,336.84344400000066,336.84344400000066
7763,435.6190440000003,435.6190440000003
7764,350.07856800000064,350.07856800000064
7765,298.3354080000006,298.3354080000006
7766,345.07410000000056,345.07410000000056
7767,386.5259160000008,386.5259160000008
7768,472.36879200000044,472.36879200000044
7769,490.60036200000144,490.60036200000144
7770,543.3268260000007,543.3268260000007
7771,1078.701791999998,1078.701791999998
7772,2483.672309999995,2483.672309999995
7773,4142.492255999994,4142.492255999994
7774,5850.694794000002,5850.694794000002
7775,4423.047215999995,4423.047215999995
7776,1737.4633079999974,1737.4633079999974
7777,174.87183000000005,174.87183000000005
7778,227.4896400000001,227.4896400000001
7779,270.7026000000003,270.7026000000003
7780,266.2921380000002,266.2921380000002
7781,474.4222140000004,474.4222140000004
7782,558.7890840000013,558.7890840000013
7783,557.0269320000007,557.0269320000007
7784,479.1252060000002,479.1252060000002
7785,352.71793200000013,352.71793200000013
7786,311.56557600000014,311.56557600000014
7787,398.8753020000002,398.8753020000002
7788,408.57465600000074,408.57465600000074
7789,454.1379780000007,454.1379780000007
7790,423.8582460000003,423.8582460000003
7791,428.2657680000002,428.2657680000002
7792,326.5545780000005,326.5545780000005
7793,298.62768600000027,298.62768600000027
7794,422.96184000000056,422.96184000000056
7795,1112.3827679999981,1112.3827679999981
7796,2078.5083059999956,2078.5083059999956
7797,4114.5296219999955,4114.5296219999955
7798,5961.372900000001,5961.372900000001
7799,4456.049849999998,4456.049849999998
7800,1781.6836379999963,1781.6836379999963
7801,151.35531599999996,151.35531599999996
7802,363.89123400000045,363.89123400000045
7803,449.72936400000015,449.72936400000015
7804,508.52772600000037,508.52772600000037
7805,654.3383700000006,654.3383700000006
7806,624.3497400000005,624.3497400000005
7807,495.29768400000023,495.29768400000023
7808,285.4041120000005,285.4041120000005
7809,311.56624800000026,311.56624800000026
7810,334.1998800000005,334.1998800000005
7811,396.81612600000034,396.81612600000034
7812,407.09974200000005,407.09974200000005
7813,325.9618320000004,325.9618320000004
7814,285.3973920000002,285.3973920000002
7815,329.78656199999995,329.78656199999995
7816,401.80681800000076,401.80681800000076
7817,376.5268080000005,376.5268080000005
7818,432.66245400000054,432.66245400000054
7819,1015.356635999998,1015.356635999998
7820,1934.9437799999967,1934.9437799999967
7821,4816.115723999999,4816.115723999999
7822,5296.777919999992,5296.777919999992
7823,3951.384905999994,3951.384905999994
7824,2016.695519999996,2016.695519999996
7825,95.78994599999994,95.78994599999994
7826,239.24724600000013,239.24724600000013
7827,383.2960740000004,383.2960740000004
7828,433.5600360000004,433.5600360000004
7829,406.21723800000035,406.21723800000035
7830,290.09967000000034,290.09967000000034
7831,311.8591980000005,311.8591980000005
7832,332.4343680000003,332.4343680000003
7833,420.62370000000055,420.62370000000055
7834,242.48032200000006,242.48032200000006
7835,343.31295600000027,343.31295600000027
7836,409.7498160000004,409.7498160000004
7837,595.8333360000008,595.8333360000008
7838,552.0303180000008,552.0303180000008
7839,423.5623980000003,423.5623980000003
7840,339.78147000000035,339.78147000000035
7841,323.32011600000044,323.32011600000044
7842,542.2660320000009,542.2660320000009
7843,1018.7378879999984,1018.7378879999984
7844,2539.3718279999944,2539.3718279999944
7845,4027.3776899999953,4027.3776899999953
7846,5378.723489999999,5378.723489999999
7847,4601.659397999993,4601.659397999993
7848,1729.1408399999975,1729.1408399999975
7849,83.4448020000001,83.4448020000001
7850,324.2029560000003,324.2029560000003
7851,487.06345800000025,487.06345800000025
7852,515.8728120000004,515.8728120000004
7853,407.10591600000083,407.10591600000083
7854,256.8862800000003,256.8862800000003
7855,323.90946000000054,323.90946000000054
7856,400.6393440000004,400.6393440000004
7857,331.8469140000004,331.8469140000004
7858,449.72873400000043,449.72873400000043
7859,442.38222000000076,442.38222000000076
7860,358.3020000000004,358.3020000000004
7861,299.5069980000002,299.5069980000002
7862,447.9665820000006,447.9665820000006
7863,388.8761520000007,388.8761520000007
7864,342.1354440000002,342.1354440000002
7865,262.4708940000003,262.4708940000003
7866,464.62193400000064,464.62193400000064
7867,1162.4414339999987,1162.4414339999987
7868,2409.333695999996,2409.333695999996
7869,4568.111015999996,4568.111015999996
7870,5986.485960000006,5986.485960000006
7871,3419.771837999996,3419.771837999996
7872,1545.4592579999978,1545.4592579999978
7873,139.591746,139.591746
7874,248.06770800000038,248.06770800000038
7875,524.6927280000008,524.6927280000008
7876,514.6973160000003,514.6973160000003
7877,487.0639620000005,487.0639620000005
7878,427.6807080000006,427.6807080000006
7879,420.6270180000004,420.6270180000004
7880,455.3150280000004,455.3150280000004
7881,406.22370600000045,406.22370600000045
7882,414.1609500000009,414.1609500000009
7883,349.78162800000064,349.78162800000064
7884,482.6556840000002,482.6556840000002
7885,455.9011800000001,455.9011800000001
7886,404.4589080000008,404.4589080000008
7887,395.05124400000057,395.05124400000057
7888,321.55821600000036,321.55821600000036
7889,359.77435200000025,359.77435200000025
7890,439.6666680000005,439.6666680000005
7891,1054.1706419999985,1054.1706419999985
7892,2295.2396879999947,2295.2396879999947
7893,4388.778407999994,4388.778407999994
7894,5739.668129999997,5739.668129999997
7895,3823.297883999995,3823.297883999995
7896,1912.5885659999963,1912.5885659999963
7897,87.85278600000004,87.85278600000004
7898,258.9462120000002,258.9462120000002
7899,356.54434200000077,356.54434200000077
7900,390.3467820000006,390.3467820000006
7901,384.76023600000065,384.76023600000065
7902,402.6941520000008,402.6941520000008
7903,430.3289760000011,430.3289760000011
7904,444.4398000000005,444.4398000000005
7905,437.3834640000006,437.3834640000006
7906,422.0975220000003,422.0975220000003
7907,397.6904400000001,397.6904400000001
7908,475.30144199999967,475.30144199999967
7909,507.051216,507.051216
7910,452.0770800000001,452.0770800000001
7911,391.8125400000006,391.8125400000006
7912,404.4581520000006,404.4581520000006
7913,462.6641460000004,462.6641460000004
7914,485.6676720000004,485.6676720000004
7915,971.7989399999974,971.7989399999974
7916,2859.4382459999956,2859.4382459999956
7917,4364.357339999994,4364.357339999994
7918,5316.356597999993,5316.356597999993
7919,3919.016681999995,3919.016681999995
7920,1626.4828439999958,1626.4828439999958
7921,140.47290600000014,140.47290600000014
7922,424.1511120000007,424.1511120000007
7923,510.28572000000094,510.28572000000094
7924,415.6316220000007,415.6316220000007
7925,395.34520200000037,395.34520200000037
7926,385.64610000000033,385.64610000000033
7927,386.8181100000003,386.8181100000003
7928,459.43039800000076,459.43039800000076
7929,388.5845460000006,388.5845460000006
7930,357.42445200000054,357.42445200000054
7931,303.6274500000004,303.6274500000004
7932,447.0826920000001,447.0826920000001
7933,397.69506000000075,397.69506000000075
7934,364.4739420000006,364.4739420000006
7935,388.28790000000106,388.28790000000106
7936,332.43583800000073,332.43583800000073
7937,376.5346620000008,376.5346620000008
7938,510.31667400000083,510.31667400000083
7939,1072.8643379999987,1072.8643379999987
7940,2613.5834759999975,2613.5834759999975
7941,4170.429269999995,4170.429269999995
7942,5387.961473999995,5387.961473999995
7943,4174.459001999992,4174.459001999992
7944,1709.735075999996,1709.735075999996
7945,88.1478359999999,88.1478359999999
7946,250.12596000000016,250.12596000000016
7947,357.7168140000008,357.7168140000008
7948,355.0701000000004,355.0701000000004
7949,435.3249180000004,435.3249180000004
7950,532.0427700000009,532.0427700000009
7951,584.9520600000009,584.9520600000009
7952,495.8772000000001,495.8772000000001
7953,455.0189280000008,455.0189280000008
7954,444.72577800000096,444.72577800000096
7955,423.26411400000023,423.26411400000023
7956,393.57901800000076,393.57901800000076
7957,388.29361200000056,388.29361200000056
7958,493.24518600000056,493.24518600000056
7959,390.93646200000035,390.93646200000035
7960,497.3534160000006,497.3534160000006
7961,427.09695000000033,427.09695000000033
7962,549.6272040000001,549.6272040000001
7963,1007.0976719999968,1007.0976719999968
7964,2006.4518459999942,2006.4518459999942
7965,4252.255643999994,4252.255643999994
7966,5498.545709999999,5498.545709999999
7967,3943.135769999993,3943.135769999993
7968,2121.9780959999944,2121.9780959999944
7969,135.77260199999998,135.77260199999998
7970,199.56509999999977,199.56509999999977
7971,248.65713600000015,248.65713600000015
7972,384.17778000000055,384.17778000000055
7973,417.98475600000063,417.98475600000063
7974,538.2147120000003,538.2147120000003
7975,417.0974220000008,417.0974220000008
7976,515.872182,515.872182
7977,618.4681020000005,618.4681020000005
7978,571.1427540000012,571.1427540000012
7979,476.19398400000085,476.19398400000085
7980,379.76967000000025,379.76967000000025
7981,363.8895540000003,363.8895540000003
7982,488.8243080000007,488.8243080000007
7983,552.9119820000009,552.9119820000009
7984,486.7731120000002,486.7731120000002
7985,274.8180540000007,274.8180540000007
7986,370.5938880000001,370.5938880000001
7987,1042.0118099999981,1042.0118099999981
7988,2108.751371999996,2108.751371999996
7989,4363.4555579999915,4363.4555579999915
7990,5622.527946,5622.527946
7991,3657.9958379999925,3657.9958379999925
7992,2118.4211159999954,2118.4211159999954
7993,110.19770999999999,110.19770999999999
7994,313.91497200000015,313.91497200000015
7995,370.6523940000004,370.6523940000004
7996,485.59606200000053,485.59606200000053
7997,527.3371320000003,527.3371320000003
7998,467.37272400000114,467.37272400000114
7999,426.21356400000064,426.21356400000064
8000,476.77522200000055,476.77522200000055
8001,555.8496720000011,555.8496720000011
8002,553.7903700000014,553.7903700000014
8003,479.1186540000002,479.1186540000002
8004,398.2808760000009,398.2808760000009
8005,336.8412180000005,336.8412180000005
8006,236.5995240000003,236.5995240000003
8007,297.4499220000004,297.4499220000004
8008,313.9148460000004,313.9148460000004
8009,393.5769180000006,393.5769180000006
8010,497.5949580000001,497.5949580000001
8011,1112.8973099999967,1112.8973099999967
8012,2009.3007479999947,2009.3007479999947
8013,3834.5674499999946,3834.5674499999946
8014,5903.506182000002,5903.506182000002
8015,3965.547263999993,3965.547263999993
8016,1732.3222559999967,1732.3222559999967
8017,62.865684,62.865684
8018,219.84349799999995,219.84349799999995
8019,231.30399600000032,231.30399600000032
8020,327.72889800000024,327.72889800000024
8021,359.18744400000077,359.18744400000077
8022,367.71327600000086,367.71327600000086
8023,534.1022400000006,534.1022400000006
8024,432.6827400000008,432.6827400000008
8025,376.239654000001,376.239654000001
8026,392.7015540000005,392.7015540000005
8027,462.95907000000034,462.95907000000034
8028,446.7952860000011,446.7952860000011
8029,478.25244600000053,478.25244600000053
8030,617.296134000001,617.296134000001
8031,445.0269180000004,445.0269180000004
8032,508.5212580000005,508.5212580000005
8033,468.5368800000007,468.5368800000007
8034,576.8674800000003,576.8674800000003
8035,1044.127475999999,1044.127475999999
8036,1946.339345999995,1946.339345999995
8037,3251.855249999993,3251.855249999993
8038,4510.452407999994,4510.452407999994
8039,4615.367945999996,4615.367945999996
8040,2729.4301859999955,2729.4301859999955
8041,159.58378799999994,159.58378799999994
8042,446.20556400000027,446.20556400000027
8043,538.2155520000002,538.2155520000002
8044,507.93401400000005,507.93401400000005
8045,468.83743200000055,468.83743200000055
8046,362.1273180000001,362.1273180000001
8047,297.453114,297.453114
8048,306.85913999999997,306.85913999999997
8049,447.38118600000035,447.38118600000035
8050,405.0454800000004,405.0454800000004
8051,524.9890800000005,524.9890800000005
8052,472.6642620000007,472.6642620000007
8053,466.78623600000094,466.78623600000094
8054,281.8762380000005,281.8762380000005
8055,345.66751800000026,345.66751800000026
8056,419.45261400000055,419.45261400000055
8057,363.0053700000005,363.0053700000005
8058,310.95472800000016,310.95472800000016
8059,891.253481999999,891.253481999999
8060,1974.6018179999955,1974.6018179999955
8061,3529.829897999995,3529.829897999995
8062,4119.312287999994,4119.312287999994
8063,5200.83396,5200.83396
8064,2342.795825999997,2342.795825999997
8065,103.13935799999997,103.13935799999997
8066,298.3343160000002,298.3343160000002
8067,470.01288600000026,470.01288600000026
8068,480.59785200000096,480.59785200000096
8069,612.8884440000013,612.8884440000013
8070,433.5629760000005,433.5629760000005
8071,312.7403160000003,312.7403160000003
8072,396.81700800000084,396.81700800000084
8073,395.6429400000006,395.6429400000006
8074,320.67898800000034,320.67898800000034
8075,503.52989400000047,503.52989400000047
8076,550.2676200000013,550.2676200000013
8077,566.1400920000011,566.1400920000011
8078,380.93693400000075,380.93693400000075
8079,375.6451020000006,375.6451020000006
8080,386.52129600000035,386.52129600000035
8081,404.1570540000004,404.1570540000004
8082,373.0216560000001,373.0216560000001
8083,1034.1012359999972,1034.1012359999972
8084,1548.2802719999959,1548.2802719999959
8085,3459.3639779999967,3459.3639779999967
8086,4351.646879999995,4351.646879999995
8087,4334.199197999993,4334.199197999993
8088,2738.093651999995,2738.093651999995
8089,123.13337400000003,123.13337400000003
8090,297.16142400000024,297.16142400000024
8091,380.6479320000003,380.6479320000003
8092,446.2022880000005,446.2022880000005
8093,521.7508380000004,521.7508380000004
8094,380.3517060000006,380.3517060000006
8095,320.08746000000093,320.08746000000093
8096,395.3455380000005,395.3455380000005
8097,362.12849400000044,362.12849400000044
8098,360.65715000000057,360.65715000000057
8099,333.90243600000036,333.90243600000036
8100,463.8404820000001,463.8404820000001
8101,496.76650800000033,496.76650800000033
8102,435.9102720000006,435.9102720000006
8103,432.3868920000008,432.3868920000008
8104,377.1208560000007,377.1208560000007
8105,470.89845600000064,470.89845600000064
8106,607.2436019999999,607.2436019999999
8107,1141.7479499999972,1141.7479499999972
8108,2067.2903579999966,2067.2903579999966
8109,2961.6748979999934,2961.6748979999934
8110,4359.9996719999945,4359.9996719999945
8111,4761.870623999993,4761.870623999993
8112,2666.794073999993,2666.794073999993
8113,149.29479600000005,149.29479600000005
8114,264.23481000000015,264.23481000000015
8115,352.7158740000001,352.7158740000001
8116,455.90269200000057,455.90269200000057
8117,455.90416200000055,455.90416200000055
8118,306.2719800000005,306.2719800000005
8119,400.6395960000003,400.6395960000003
8120,455.6118840000006,455.6118840000006
8121,531.749694000001,531.749694000001
8122,486.7704240000008,486.7704240000008
8123,404.16184200000043,404.16184200000043
8124,334.4921160000003,334.4921160000003
8125,406.8132600000004,406.8132600000004
8126,377.71045200000077,377.71045200000077
8127,408.2788500000003,408.2788500000003
8128,637.8745380000006,637.8745380000006
8129,552.0374160000006,552.0374160000006
8130,477.01907400000044,477.01907400000044
8131,1128.5616719999964,1128.5616719999964
8132,1910.4870959999944,1910.4870959999944
8133,3002.426069999993,3002.426069999993
8134,4212.680345999995,4212.680345999995
8135,4824.867179999994,4824.867179999994
8136,2443.196825999995,2443.196825999995
8137,149.29324199999994,149.29324199999994
8138,224.54703600000016,224.54703600000016
8139,231.01490999999993,231.01490999999993
8140,360.0696540000001,360.0696540000001
8141,412.1011860000004,412.1011860000004
8142,431.21185800000035,431.21185800000035
8143,412.69074000000035,412.69074000000035
8144,484.12476000000026,484.12476000000026
8145,409.1603460000006,409.1603460000006
8146,399.1652280000005,399.1652280000005
8147,459.1363560000004,459.1363560000004
8148,445.02746400000046,445.02746400000046
8149,454.43340600000033,454.43340600000033
8150,362.41825200000005,362.41825200000005
8151,333.6081000000006,333.6081000000006
8152,394.1631960000003,394.1631960000003
8153,498.81426000000084,498.81426000000084
8154,458.6476860000007,458.6476860000007
8155,989.5381019999982,989.5381019999982
8156,2157.497705999996,2157.497705999996
8157,3106.521893999994,3106.521893999994
8158,4168.577069999992,4168.577069999992
8159,4600.6643339999955,4600.6643339999955
8160,2368.3253159999954,2368.3253159999954
8161,85.50271800000007,85.50271800000007
8162,341.5510980000005,341.5510980000005
8163,452.66793600000017,452.66793600000017
8164,471.18750000000034,471.18750000000034
8165,551.1458400000008,551.1458400000008
8166,615.5256240000008,615.5256240000008
8167,571.724454000001,571.724454000001
8168,397.9846500000009,397.9846500000009
8169,302.44935000000015,302.44935000000015
8170,360.6571500000003,360.6571500000003
8171,318.32753400000024,318.32753400000024
8172,366.83199000000053,366.83199000000053
8173,374.1784200000005,374.1784200000005
8174,341.8428720000004,341.8428720000004
8175,364.76920200000046,364.76920200000046
8176,442.96652400000085,442.96652400000085
8177,469.4242140000003,469.4242140000003
8178,414.4329420000006,414.4329420000006
8179,1124.8337099999983,1124.8337099999983
8180,1956.6776879999945,1956.6776879999945
8181,3429.5981999999935,3429.5981999999935
8182,3701.687261999993,3701.687261999993
8183,4266.748163999994,4266.748163999994
8184,2801.038883999996,2801.038883999996
8185,201.32599200000004,201.32599200000004
8186,341.2564260000001,341.2564260000001
8187,310.6800900000003,310.6800900000003
8188,387.11307600000026,387.11307600000026
8189,306.56539200000043,306.56539200000043
8190,339.4962480000002,339.4962480000002
8191,372.7147200000001,372.7147200000001
8192,425.0407980000004,425.0407980000004
8193,484.13114400000063,484.13114400000063
8194,439.15363800000057,439.15363800000057
8195,390.93633600000084,390.93633600000084
8196,344.7797220000005,344.7797220000005
8197,358.0097220000005,358.0097220000005
8198,475.00769400000087,475.00769400000087
8199,597.8920500000005,597.8920500000005
8200,501.4756740000004,501.4756740000004
8201,565.2639720000002,565.2639720000002
8202,519.7965780000004,519.7965780000004
8203,760.6892999999997,760.6892999999997
8204,2332.3197659999973,2332.3197659999973
8205,4008.4930199999944,4008.4930199999944
8206,4132.1665979999925,4132.1665979999925
8207,4537.8427499999925,4537.8427499999925
8208,2315.7468179999955,2315.7468179999955
8209,235.13385000000008,235.13385000000008
8210,473.547690000001,473.547690000001
8211,593.78697,593.78697
8212,547.3356840000002,547.3356840000002
8213,449.7301620000005,449.7301620000005
8214,427.97613600000074,427.97613600000074
8215,503.5298100000001,503.5298100000001
8216,447.37820400000066,447.37820400000066
8217,360.0700320000007,360.0700320000007
8218,500.5872900000008,500.5872900000008
8219,462.07984200000055,462.07984200000055
8220,571.1428380000007,571.1428380000007
8221,406.2231180000008,406.2231180000008
8222,377.7050760000008,377.7050760000008
8223,397.98998400000016,397.98998400000016
8224,387.41060400000055,387.41060400000055
8225,282.1694820000001,282.1694820000001
8226,326.1545280000002,326.1545280000002
8227,852.8371319999984,852.8371319999984
8228,2096.6463419999964,2096.6463419999964
8229,3626.945195999996,3626.945195999996
8230,4258.086419999994,4258.086419999994
8231,4834.407017999994,4834.407017999994
8232,2575.190183999993,2575.190183999993
8233,94.61486999999997,94.61486999999997
8234,268.0587840000004,268.0587840000004
8235,303.9245160000003,303.9245160000003
8236,290.69107200000025,290.69107200000025
8237,452.3724240000006,452.3724240000006
8238,651.3909779999999,651.3909779999999
8239,543.5083079999999,543.5083079999999
8240,485.00474400000047,485.00474400000047
8241,437.9707500000008,437.9707500000008
8242,359.7728820000006,359.7728820000006
8243,403.2824880000007,403.2824880000007
8244,388.29352800000066,388.29352800000066
8245,380.06052000000085,380.06052000000085
8246,365.06395800000047,365.06395800000047
8247,405.63524400000085,405.63524400000085
8248,343.60447800000037,343.60447800000037
8249,354.4818480000005,354.4818480000005
8250,494.3521380000007,494.3521380000007
8251,1012.3419179999975,1012.3419179999975
8252,2566.6239899999964,2566.6239899999964
8253,3849.2736239999945,3849.2736239999945
8254,3989.760053999993,3989.760053999993
8255,4309.418735999992,4309.418735999992
8256,2473.0429919999956,2473.0429919999956
8257,211.03072200000014,211.03072200000014
8258,515.8795740000002,515.8795740000002
8259,491.18273400000044,491.18273400000044
8260,504.4079880000005,504.4079880000005
8261,593.1839760000006,593.1839760000006
8262,435.61526400000025,435.61526400000025
8263,350.95200000000034,350.95200000000034
8264,157.22645399999985,157.22645399999985
8265,400.3435380000002,400.3435380000002
8266,521.7567180000007,521.7567180000007
8267,430.32876600000037,430.32876600000037
8268,286.57511400000016,286.57511400000016
8269,371.5319160000007,371.5319160000007
8270,307.7479860000006,307.7479860000006
8271,388.29583800000074,388.29583800000074
8272,463.55072400000074,463.55072400000074
8273,513.5237100000007,513.5237100000007
8274,661.216458,661.216458
8275,1280.5637879999965,1280.5637879999965
8276,2243.709383999995,2243.709383999995
8277,3973.6855199999964,3973.6855199999964
8278,4027.0072919999934,4027.0072919999934
8279,4157.253449999992,4157.253449999992
8280,1904.0290919999975,1904.0290919999975
8281,139.00500600000007,139.00500600000007
8282,261.5865420000002,261.5865420000002
8283,323.6109660000005,323.6109660000005
8284,358.00237200000043,358.00237200000043
8285,435.90565200000043,435.90565200000043
8286,410.0433540000006,410.0433540000006
8287,366.83291400000036,366.83291400000036
8288,331.5537960000006,331.5537960000006
8289,310.974552,310.974552
8290,340.3682520000004,340.3682520000004
8291,484.7080560000016,484.7080560000016
8292,503.52111600000086,503.52111600000086
8293,353.3070240000008,353.3070240000008
8294,275.4050880000002,275.4050880000002
8295,322.7329980000003,322.7329980000003
8296,321.55846800000086,321.55846800000086
8297,278.04919800000044,278.04919800000044
8298,608.1207300000004,608.1207300000004
8299,1145.2609559999976,1145.2609559999976
8300,2105.076791999997,2105.076791999997
8301,2996.357363999995,2996.357363999995
8302,4557.106469999994,4557.106469999994
8303,5001.6015419999985,5001.6015419999985
8304,2721.084323999993,2721.084323999993
8305,134.88879600000007,134.88879600000007
8306,265.70657400000033,265.70657400000033
8307,412.1034120000005,412.1034120000005
8308,462.07438200000075,462.07438200000075
8309,503.2295520000011,503.2295520000011
8310,475.89112200000045,475.89112200000045
8311,509.3992260000005,509.3992260000005
8312,388.5820260000006,388.5820260000006
8313,343.6012020000006,343.6012020000006
8314,351.8342100000005,351.8342100000005
8315,318.61401600000045,318.61401600000045
8316,428.8526340000008,428.8526340000008
8317,273.34423200000015,273.34423200000015
8318,330.6728880000002,330.6728880000002
8319,438.5603880000005,438.5603880000005
8320,438.56068200000084,438.56068200000084
8321,362.4187140000005,362.4187140000005
8322,365.84667000000024,365.84667000000024
8323,1137.7290539999988,1137.7290539999988
8324,2293.889513999995,2293.889513999995
8325,3271.0239659999966,3271.0239659999966
8326,4252.993121999992,4252.993121999992
8327,4350.9969719999945,4350.9969719999945
8328,2554.3851059999965,2554.3851059999965
8329,170.75532600000008,170.75532600000008
8330,312.15458400000057,312.15458400000057
8331,268.05336600000015,268.05336600000015
8332,343.01803200000035,343.01803200000035
8333,313.3294500000004,313.3294500000004
8334,527.3414160000011,527.3414160000011
8335,494.1239100000006,494.1239100000006
8336,455.31817800000084,455.31817800000084
8337,379.77055200000075,379.77055200000075
8338,279.22994400000044,279.22994400000044
8339,421.5099840000008,421.5099840000008
8340,500.88007200000044,500.88007200000044
8341,467.66357400000044,467.66357400000044
8342,446.2044720000008,446.2044720000008
8343,400.64106600000054,400.64106600000054
8344,509.99785200000076,509.99785200000076
8345,532.9252320000003,532.9252320000003
8346,580.8759180000005,580.8759180000005
8347,1143.0214739999972,1143.0214739999972
8348,2082.807341999995,2082.807341999995
8349,3738.613031999995,3738.613031999995
8350,4399.740071999998,4399.740071999998
8351,4403.354633999995,4403.354633999995
8352,1950.0838559999972,1950.0838559999972
8353,125.77760999999991,125.77760999999991
8354,354.7820640000004,354.7820640000004
8355,490.88814599999995,490.88814599999995
8356,370.0640580000001,370.0640580000001
8357,371.5342260000006,371.5342260000006
8358,338.90144400000025,338.90144400000025
8359,437.085306,437.085306
8360,411.80983200000026,411.80983200000026
8361,447.377616000001,447.377616000001
8362,543.507132000001,543.507132000001
8363,417.69079800000054,417.69079800000054
8364,340.0809720000004,340.0809720000004
8365,360.9522840000002,360.9522840000002
8366,418.57216800000054,418.57216800000054
8367,453.26143800000074,453.26143800000074
8368,493.53360000000055,493.53360000000055
8369,295.9826100000003,295.9826100000003
8370,340.1010480000007,340.1010480000007
8371,1010.7423059999984,1010.7423059999984
8372,2101.020347999995,2101.020347999995
8373,3954.2300279999954,3954.2300279999954
8374,4398.345335999994,4398.345335999994
8375,4080.726509999991,4080.726509999991
8376,2797.6362119999976,2797.6362119999976
8377,84.6191639999999,84.6191639999999
8378,259.5300120000005,259.5300120000005
8379,412.101900000001,412.101900000001
8380,409.4545980000004,409.4545980000004
8381,409.7453220000005,409.7453220000005
8382,445.6118100000007,445.6118100000007
8383,453.5507760000004,453.5507760000004
8384,394.4638320000006,394.4638320000006
8385,474.42616200000055,474.42616200000055
8386,364.1855280000004,364.1855280000004
8387,409.4528760000005,409.4528760000005
8388,420.33133800000076,420.33133800000076
8389,375.0623100000003,375.0623100000003
8390,402.98785800000036,402.98785800000036
8391,425.92027800000045,425.92027800000045
8392,473.84068200000087,473.84068200000087
8393,452.3829240000009,452.3829240000009
8394,479.86331400000023,479.86331400000023
8395,1042.4183279999977,1042.4183279999977
8396,2114.6647199999957,2114.6647199999957
8397,3048.197333999993,3048.197333999993
8398,4601.256113999994,4601.256113999994
8399,4699.879127999992,4699.879127999992
8400,2756.1046799999967,2756.1046799999967
8401,83.4445079999999,83.4445079999999
8402,236.89638000000008,236.89638000000008
8403,357.7166040000002,357.7166040000002
8404,525.577500000001,525.577500000001
8405,592.8977460000009,592.8977460000009
8406,527.6350800000005,527.6350800000005
8407,477.94756800000016,477.94756800000016
8408,451.4899200000004,451.4899200000004
8409,326.5549560000003,326.5549560000003
8410,256.29471000000024,256.29471000000024
8411,315.6763260000004,315.6763260000004
8412,355.3672080000004,355.3672080000004
8413,430.03023000000036,430.03023000000036
8414,439.7295840000004,439.7295840000004
8415,455.31423,455.31423
8416,506.46930600000013,506.46930600000013
8417,389.17435200000085,389.17435200000085
8418,421.7820600000007,421.7820600000007
8419,1004.0782919999986,1004.0782919999986
8420,1736.2253999999966,1736.2253999999966
8421,3321.768197999994,3321.768197999994
8422,4463.239367999994,4463.239367999994
8423,4465.347137999997,4465.347137999997
8424,2457.2674559999955,2457.2674559999955
8425,132.53847600000003,132.53847600000003
8426,311.27342400000055,311.27342400000055
8427,360.6576540000003,360.6576540000003
8428,558.2057460000008,558.2057460000008
8429,366.24453599999987,366.24453599999987
8430,364.18809000000044,364.18809000000044
8431,365.94688200000036,365.94688200000036
8432,340.66183200000035,340.66183200000035
8433,522.9251580000009,522.9251580000009
8434,560.5552260000011,560.5552260000011
8435,465.8975580000002,465.8975580000002
8436,370.35730200000046,370.35730200000046
8437,430.9113480000004,430.9113480000004
8438,358.891470000001,358.891470000001
8439,304.5037800000002,304.5037800000002
8440,341.2505040000004,341.2505040000004
8441,390.6406140000008,390.6406140000008
8442,553.5211920000004,553.5211920000004
8443,1131.6618179999978,1131.6618179999978
8444,2133.8292359999955,2133.8292359999955
8445,3296.491547999993,3296.491547999993
8446,4092.4295579999916,4092.4295579999916
8447,4293.575999999993,4293.575999999993
8448,2594.0795159999943,2594.0795159999943
8449,134.00604000000018,134.00604000000018
8450,350.6642580000007,350.6642580000007
8451,302.4494760000004,302.4494760000004
8452,375.6481680000006,375.6481680000006
8453,437.0864820000006,437.0864820000006
8454,369.4711020000006,369.4711020000006
8455,309.79809000000023,309.79809000000023
8456,290.6896860000005,290.6896860000005
8457,319.4966880000003,319.4966880000003
8458,380.05791600000043,380.05791600000043
8459,405.9266400000005,405.9266400000005
8460,434.43859200000054,434.43859200000054
8461,435.0300780000004,435.0300780000004
8462,505.5823919999999,505.5823919999999
8463,480.3043560000006,480.3043560000006
8464,533.8106760000006,533.8106760000006
8465,345.37746600000025,345.37746600000025
8466,399.3992940000001,399.3992940000001
8467,1264.6404959999977,1264.6404959999977
8468,2303.3374559999943,2303.3374559999943
8469,3675.284759999994,3675.284759999994
8470,4142.797847999993,4142.797847999993
8471,4707.807887999994,4707.807887999994
8472,2105.0793119999958,2105.0793119999958
8473,205.14815999999985,205.14815999999985
8474,377.1190080000003,377.1190080000003
8475,317.14599000000015,317.14599000000015
8476,225.1349940000001,225.1349940000001
8477,430.9170600000007,430.9170600000007
8478,468.25119600000005,468.25119600000005
8479,435.9128340000007,435.9128340000007
8480,436.7966820000003,436.7966820000003
8481,416.2151700000003,416.2151700000003
8482,406.8056580000006,406.8056580000006
8483,353.8898580000007,353.8898580000007
8484,401.5152540000005,401.5152540000005
8485,463.84233000000006,463.84233000000006
8486,431.7996900000007,431.7996900000007
8487,419.4525300000006,419.4525300000006
8488,341.5460160000004,341.5460160000004
8489,323.31948600000067,323.31948600000067
8490,439.0048320000008,439.0048320000008
8491,1162.0022819999974,1162.0022819999974
8492,2115.1197899999947,2115.1197899999947
8493,3078.1447199999952,3078.1447199999952
8494,4644.054071999994,4644.054071999994
8495,4600.542953999997,4600.542953999997
8496,2501.9684759999964,2501.9684759999964
8497,180.45518400000023,180.45518400000023
8498,312.443964,312.443964
8499,355.36141200000066,355.36141200000066
8500,514.9866960000003,514.9866960000003
8501,367.12158000000056,367.12158000000056
8502,404.7497580000002,404.7497580000002
8503,531.7436880000008,531.7436880000008
8504,403.86603600000046,403.86603600000046
8505,429.1481880000005,429.1481880000005
8506,382.40580000000045,382.40580000000045
8507,506.4671220000001,506.4671220000001
8508,369.76632000000035,369.76632000000035
8509,420.91585200000026,420.91585200000026
8510,532.3353840000005,532.3353840000005
8511,435.32584200000076,435.32584200000076
8512,419.1611340000007,419.1611340000007
8513,348.8995020000004,348.8995020000004
8514,529.0557720000004,529.0557720000004
8515,1293.160175999997,1293.160175999997
8516,2039.4186119999963,2039.4186119999963
8517,3150.139733999995,3150.139733999995
8518,3889.9787219999953,3889.9787219999953
8519,4426.425779999996,4426.425779999996
8520,2695.217363999995,2695.217363999995
8521,149.880318,149.880318
8522,242.7725160000003,242.7725160000003
8523,256.29832200000016,256.29832200000016
8524,458.5486080000004,458.5486080000004
8525,461.1974640000008,461.1974640000008
8526,511.17473400000006,511.17473400000006
8527,611.420166,611.420166
8528,586.7267700000012,586.7267700000012
8529,512.6430120000003,512.6430120000003
8530,298.63230600000014,298.63230600000014
8531,265.7043900000002,265.7043900000002
8532,338.90257800000074,338.90257800000074
8533,399.7528080000008,399.7528080000008
8534,517.9324080000007,517.9324080000007
8535,500.2971540000006,500.2971540000006
8536,444.7329600000007,444.7329600000007
8537,473.83480199999997,473.83480199999997
8538,536.7379500000002,536.7379500000002
8539,1184.2638779999977,1184.2638779999977
8540,1963.5272159999943,1963.5272159999943
8541,3037.1523419999944,3037.1523419999944
8542,4241.45173199999,4241.45173199999
8543,4794.956333999992,4794.956333999992
8544,2489.235419999995,2489.235419999995
8545,115.48597199999995,115.48597199999995
8546,302.4488460000002,302.4488460000002
8547,305.68133400000033,305.68133400000033
8548,467.95047600000066,467.95047600000066
8549,488.82241799999997,488.82241799999997
8550,400.63367400000055,400.63367400000055
8551,371.53431000000074,371.53431000000074
8552,433.26696000000044,433.26696000000044
8553,449.4351960000005,449.4351960000005
8554,396.81251400000065,396.81251400000065
8555,374.1785040000007,374.1785040000007
8556,425.32526400000006,425.32526400000006
8557,398.28243000000066,398.28243000000066
8558,497.35299600000053,497.35299600000053
8559,471.1886340000006,471.1886340000006
8560,390.34678200000036,390.34678200000036
8561,312.74149200000033,312.74149200000033
8562,506.84167800000046,506.84167800000046
8563,1179.4797419999989,1179.4797419999989
8564,2120.801549999996,2120.801549999996
8565,3579.5992259999944,3579.5992259999944
8566,3809.368205999995,3809.368205999995
8567,4808.118671999992,4808.118671999992
8568,2761.551743999996,2761.551743999996
8569,212.49778200000014,212.49778200000014
8570,315.6838440000006,315.6838440000006
8571,325.96964400000047,325.96964400000047
8572,310.0901160000004,310.0901160000004
8573,380.34750600000075,380.34750600000075
8574,402.1064040000007,402.1064040000007
8575,488.83249800000027,488.83249800000027
8576,460.3126920000001,460.3126920000001
8577,598.4820660000007,598.4820660000007
8578,511.169652,511.169652
8579,446.49229800000063,446.49229800000063
8580,333.31452000000036,333.31452000000036
8581,308.91890400000057,308.91890400000057
8582,361.5423420000004,361.5423420000004
8583,491.4748020000009,491.4748020000009
8584,501.4692060000011,501.4692060000011
8585,514.9964820000007,514.9964820000007
8586,417.42926400000044,417.42926400000044
8587,1175.6449739999969,1175.6449739999969
8588,2023.325387999998,2023.325387999998
8589,3648.4052219999953,3648.4052219999953
8590,4673.873021999993,4673.873021999993
8591,4341.669779999992,4341.669779999992
8592,2112.7643459999967,2112.7643459999967
8593,193.9791840000002,193.9791840000002
8594,405.9295800000006,405.9295800000006
8595,404.7517320000003,404.7517320000003
8596,452.08287600000057,452.08287600000057
8597,340.3689660000008,340.3689660000008
8598,374.4669180000004,374.4669180000004
8599,403.2814800000007,403.2814800000007
8600,455.02031400000055,455.02031400000055
8601,453.2545500000001,453.2545500000001
8602,455.31721200000067,455.31721200000067
8603,460.89876000000044,460.89876000000044
8604,525.8691900000002,525.8691900000002
8605,431.2095480000005,431.2095480000005
8606,413.86203600000033,413.86203600000033
8607,371.82755400000013,371.82755400000013
8608,297.4526100000002,297.4526100000002
8609,203.97354599999994,203.97354599999994
8610,445.38702600000073,445.38702600000073
8611,930.042707999999,930.042707999999
8612,2023.265285999996,2023.265285999996
8613,3582.8892539999924,3582.8892539999924
8614,4919.872187999991,4919.872187999991
8615,5004.920591999998,5004.920591999998
8616,2415.185723999995,2415.185723999995
8617,116.36788799999992,116.36788799999992
8618,261.88482600000026,261.88482600000026
8619,387.11437800000033,387.11437800000033
8620,359.1897120000005,359.1897120000005
8621,247.77034800000033,247.77034800000033
8622,328.6074540000007,328.6074540000007
8623,432.6719040000008,432.6719040000008
8624,500.2890060000007,500.2890060000007
8625,559.9650840000008,559.9650840000008
8626,507.93225000000035,507.93225000000035
8627,433.85281800000035,433.85281800000035
8628,543.5012940000008,543.5012940000008
8629,371.24022600000023,371.24022600000023
8630,233.9586900000002,233.9586900000002
8631,253.65706800000032,253.65706800000032
8632,282.46302000000026,282.46302000000026
8633,304.21343400000006,304.21343400000006
8634,451.8579240000005,451.8579240000005
8635,1293.4463639999988,1293.4463639999988
8636,1938.6031979999962,1938.6031979999962
8637,3398.8888499999957,3398.8888499999957
8638,4784.3671679999925,4784.3671679999925
8639,4515.284381999995,4515.284381999995
8640,2552.792507999995,2552.792507999995
8641,66.39410399999996,66.39410399999996
8642,328.322484,328.322484
8643,451.7900940000007,451.7900940000007
8644,373.59151200000025,373.59151200000025
8645,484.41955799999994,484.41955799999994
8646,442.08830400000085,442.08830400000085
8647,430.9112640000004,430.9112640000004
8648,473.8355580000004,473.8355580000004
8649,400.9304880000007,400.9304880000007
8650,417.3930600000006,417.3930600000006
8651,377.7062520000007,377.7062520000007
8652,417.97908600000034,417.97908600000034
8653,426.79686000000066,426.79686000000066
8654,424.4478420000007,424.4478420000007
8655,513.8117880000013,513.8117880000013
8656,477.0666179999997,477.0666179999997
8657,317.14569600000056,317.14569600000056
8658,374.0338140000003,374.0338140000003
8659,989.3917739999995,989.3917739999995
8660,1915.7709899999963,1915.7709899999963
8661,3565.3699619999925,3565.3699619999925
8662,4356.566423999995,4356.566423999995
8663,4651.488869999994,4651.488869999994
8664,2131.8336479999934,2131.8336479999934
8665,100.78912199999999,100.78912199999999
8666,293.92561800000004,293.92561800000004
8667,348.3081000000002,348.3081000000002
8668,375.35261400000053,375.35261400000053
8669,379.17402600000094,379.17402600000094
8670,487.6486860000004,487.6486860000004
8671,532.040796000001,532.040796000001
8672,617.587404000001,617.587404000001
8673,541.451106000001,541.451106000001
8674,500.29585200000025,500.29585200000025
8675,529.3956360000006,529.3956360000006
8676,485.88594600000044,485.88594600000044
8677,511.4630639999999,511.4630639999999
8678,410.0418420000006,410.0418420000006
8679,356.5435020000001,356.5435020000001
8680,378.88443600000033,378.88443600000033
8681,361.8358800000004,361.8358800000004
8682,409.93675800000034,409.93675800000034
8683,1108.1522339999985,1108.1522339999985
8684,2382.677471999994,2382.677471999994
8685,3585.578933999994,3585.578933999994
8686,4417.597253999991,4417.597253999991
8687,4315.881695999993,4315.881695999993
8688,1993.2779999999966,1993.2779999999966
8689,82.56309599999985,82.56309599999985
8690,210.73273200000025,210.73273200000025
8691,325.08705600000053,325.08705600000053
8692,398.87601600000045,398.87601600000045
8693,432.68307600000065,432.68307600000065
8694,380.0670300000003,380.0670300000003
8695,422.39110200000033,422.39110200000033
8696,378.29454600000065,378.29454600000065
8697,503.23476000000016,503.23476000000016
8698,463.2554220000006,463.2554220000006
8699,379.7676540000008,379.7676540000008
8700,394.165548,394.165548
8701,402.6905400000004,402.6905400000004
8702,438.5552220000005,438.5552220000005
8703,431.7964140000007,431.7964140000007
8704,443.2627500000006,443.2627500000006
8705,475.0070220000005,475.0070220000005
8706,506.1433440000007,506.1433440000007
8707,1010.6503679999995,1010.6503679999995
8708,1750.6522319999956,1750.6522319999956
8709,3014.2944299999945,3014.2944299999945
8710,4426.751867999993,4426.751867999993
8711,4948.628495999994,4948.628495999994
8712,2697.442229999997,2697.442229999997
8713,142.82755199999994,142.82755199999994
8714,358.3090980000008,358.3090980000008
8715,434.15244600000085,434.15244600000085
8716,496.1786760000008,496.1786760000008
8717,409.1615220000004,409.1615220000004
8718,330.0834180000004,330.0834180000004
8719,335.9587560000006,335.9587560000006
8720,408.5692380000002,408.5692380000002
8721,475.30299600000023,475.30299600000023
8722,390.34363200000035,390.34363200000035
8723,446.19981000000064,446.19981000000064
8724,412.9816320000008,412.9816320000008
8725,466.77842400000014,466.77842400000014
8726,493.8235260000001,493.8235260000001
8727,531.4518719999998,531.4518719999998
8728,496.4672580000001,496.4672580000001
8729,413.8659840000007,413.8659840000007
8730,478.14908400000024,478.14908400000024
8731,1064.9778299999978,1064.9778299999978
8732,1856.7617039999946,1856.7617039999946
8733,3020.311643999993,3020.311643999993
8734,4141.200461999993,4141.200461999993
8735,4527.655649999995,4527.655649999995
8736,2614.879721999994,2614.879721999994
8737,173.9865960000001,173.9865960000001
8738,455.61436200000054,455.61436200000054
8739,533.5162140000001,533.5162140000001
8740,525.8763720000005,525.8763720000005
8741,436.2116220000002,436.2116220000002
8742,547.3276200000005,547.3276200000005
8743,502.6434840000002,502.6434840000002
8744,431.20912800000065,431.20912800000065
8745,376.53256200000044,376.53256200000044
8746,350.3670240000002,350.3670240000002
8747,409.453758,409.453758
8748,570.5510160000009,570.5510160000009
8749,468.840582000001,468.840582000001
8750,371.5356540000005,371.5356540000005
8751,247.77291000000045,247.77291000000045
8752,343.3149300000007,343.3149300000007
8753,329.2059120000003,329.2059120000003
8754,473.9009520000002,473.9009520000002
8755,1135.9944539999972,1135.9944539999972
8756,2087.571359999995,2087.571359999995
8757,3184.350623999993,3184.350623999993
8758,4751.110811999994,4751.110811999994
8759,4509.801617999993,4509.801617999993
8760,2415.7688519999947,2415.7688519999947
